[TEST DEBUG] Env_t: 200 | Actions: [2, 2, 2, 2, 2, 2, 2, 2, 2, 2, 2, 2, 2, 2, 2, 2, 2, 2, 2, 2]
[TEST DEBUG] Env_t: 200 | Actions: [2, 2, 2, 2, 2, 2, 2, 2, 2, 2, 2, 2, 2, 2, 2, 2, 2, 2, 2, 2]
[TEST DEBUG] Env_t: 200 | Actions: [2, 2, 2, 2, 2, 2, 2, 2, 2, 2, 2, 2, 2, 2, 2, 2, 2, 2, 2, 2]
[TEST DEBUG] Env_t: 200 | Actions: [2, 2, 2, 2, 2, 2, 2, 2, 2, 2, 2, 2, 2, 2, 2, 2, 2, 2, 2, 2]
[TEST DEBUG] Env_t: 200 | Actions: [2, 2, 2, 2, 2, 2, 2, 2, 2, 2, 2, 2, 2, 2, 2, 2, 2, 2, 2, 2]
[TEST DEBUG] Env_t: 200 | Actions: [2, 2, 2, 2, 2, 2, 2, 2, 2, 2, 2, 2, 2, 2, 2, 2, 2, 2, 2, 2]
[TEST DEBUG] Env_t: 200 | Actions: [2, 2, 2, 2, 2, 2, 2, 2, 2, 2, 2, 2, 2, 2, 2, 2, 2, 2, 2, 2]
[TEST DEBUG] Env_t: 200 | Actions: [2, 2, 2, 2, 2, 2, 2, 2, 2, 2, 2, 2, 2, 2, 2, 2, 2, 2, 2, 2]
[TEST DEBUG] Env_t: 200 | Actions: [2, 2, 2, 2, 2, 2, 2, 2, 2, 2, 2, 2, 2, 2, 2, 2, 2, 2, 2, 2]
[TEST DEBUG] Env_t: 200 | Actions: [2, 2, 2, 2, 2, 2, 2, 2, 2, 2, 2, 2, 2, 2, 2, 2, 2, 2, 2, 2]
[TEST DEBUG] Env_t: 200 | Actions: [2, 2, 2, 2, 2, 2, 2, 2, 2, 2, 2, 2, 2, 2, 2, 2, 2, 2, 2, 2]
[TEST DEBUG] Env_t: 200 | Actions: [2, 2, 2, 2, 2, 2, 2, 2, 2, 2, 2, 2, 2, 2, 2, 2, 2, 2, 2, 2]
[TEST DEBUG] Env_t: 200 | Actions: [2, 2, 2, 2, 2, 2, 2, 2, 2, 2, 2, 2, 2, 2, 2, 2, 2, 2, 2, 2]
[TEST DEBUG] Env_t: 200 | Actions: [2, 2, 2, 2, 2, 2, 2, 2, 2, 2, 2, 2, 2, 2, 2, 2, 2, 2, 2, 2]
[TEST DEBUG] Env_t: 200 | Actions: [2, 2, 2, 2, 2, 2, 2, 2, 2, 2, 2, 2, 2, 2, 2, 2, 2, 2, 2, 2]
[TEST DEBUG] Env_t: 200 | Actions: [2, 2, 2, 2, 2, 2, 2, 2, 2, 2, 2, 2, 2, 2, 2, 2, 2, 2, 2, 2]
[TEST DEBUG] Env_t: 200 | Actions: [2, 2, 2, 2, 2, 2, 2, 2, 2, 2, 2, 2, 2, 2, 2, 2, 2, 2, 2, 2]
[TEST DEBUG] Env_t: 200 | Actions: [2, 2, 2, 2, 2, 2, 2, 2, 2, 2, 2, 2, 2, 2, 2, 2, 2, 2, 2, 2]
[TEST DEBUG] Env_t: 200 | Actions: [2, 2, 2, 2, 2, 2, 2, 2, 2, 2, 2, 2, 2, 2, 2, 2, 2, 2, 2, 2]
[TEST DEBUG] Env_t: 200 | Actions: [2, 2, 2, 2, 2, 2, 2, 2, 2, 2, 2, 2, 2, 2, 2, 2, 2, 2, 2, 2]
[TEST DEBUG] Env_t: 200 | Actions: [2, 2, 2, 2, 2, 2, 2, 2, 2, 2, 2, 2, 2, 2, 2, 2, 2, 2, 2, 2]
[TEST DEBUG] Env_t: 200 | Actions: [2, 2, 2, 2, 2, 2, 2, 2, 2, 2, 2, 2, 2, 2, 2, 2, 2, 2, 2, 2]
[TEST DEBUG] Env_t: 200 | Actions: [2, 2, 2, 2, 2, 2, 2, 2, 2, 2, 2, 2, 2, 2, 2, 2, 2, 2, 2, 2]
[TEST DEBUG] Env_t: 200 | Actions: [2, 2, 2, 2, 2, 2, 2, 2, 2, 2, 2, 2, 2, 2, 2, 2, 2, 2, 2, 2]
[TEST DEBUG] Env_t: 200 | Actions: [2, 2, 2, 2, 2, 2, 2, 2, 2, 2, 2, 2, 2, 2, 2, 2, 2, 2, 2, 2]
[TEST DEBUG] Env_t: 200 | Actions: [2, 2, 2, 2, 2, 2, 2, 2, 2, 2, 2, 2, 2, 2, 2, 2, 2, 2, 2, 2]
[TEST DEBUG] Env_t: 200 | Actions: [2, 2, 2, 2, 2, 2, 2, 2, 2, 2, 2, 2, 2, 2, 2, 2, 2, 2, 2, 2]
[TEST DEBUG] Env_t: 200 | Actions: [2, 2, 2, 2, 2, 2, 2, 2, 2, 2, 2, 2, 2, 2, 2, 2, 2, 2, 2, 2]
[TEST DEBUG] Env_t: 200 | Actions: [2, 2, 2, 2, 2, 2, 2, 2, 2, 2, 2, 2, 2, 2, 2, 2, 2, 2, 2, 2]
[TEST DEBUG] Env_t: 200 | Actions: [2, 2, 2, 2, 2, 2, 2, 2, 2, 2, 2, 2, 2, 2, 2, 2, 2, 2, 2, 2]
[TEST DEBUG] Env_t: 200 | Actions: [2, 2, 2, 2, 2, 2, 2, 2, 2, 2, 2, 2, 2, 2, 2, 2, 2, 2, 2, 2]
[TEST DEBUG] Env_t: 200 | Actions: [2, 2, 2, 2, 2, 2, 2, 2, 2, 2, 2, 2, 2, 2, 2, 2, 2, 2, 2, 2]
[TEST DEBUG] Env_t: 200 | Actions: [2, 2, 2, 2, 2, 2, 2, 2, 2, 2, 2, 2, 2, 2, 2, 2, 2, 2, 2, 2]
[TEST DEBUG] Env_t: 200 | Actions: [2, 2, 2, 2, 2, 2, 2, 2, 2, 2, 2, 2, 2, 2, 2, 2, 2, 2, 2, 2]
[TEST DEBUG] Env_t: 200 | Actions: [2, 2, 2, 2, 2, 2, 2, 2, 2, 2, 2, 2, 2, 2, 2, 2, 2, 2, 2, 2]
[TEST DEBUG] Env_t: 200 | Actions: [2, 2, 2, 2, 2, 2, 2, 2, 2, 2, 2, 2, 2, 2, 2, 2, 2, 2, 2, 2]
[TEST DEBUG] Env_t: 200 | Actions: [2, 2, 2, 2, 2, 2, 2, 2, 2, 2, 2, 2, 2, 2, 2, 2, 2, 2, 2, 2]
[TEST DEBUG] Env_t: 200 | Actions: [2, 2, 2, 2, 2, 2, 2, 2, 2, 2, 2, 2, 2, 2, 2, 2, 2, 2, 2, 2]
[TEST DEBUG] Env_t: 200 | Actions: [2, 2, 2, 2, 2, 2, 2, 2, 2, 2, 2, 2, 2, 2, 2, 2, 2, 2, 2, 2]
[TEST DEBUG] Env_t: 200 | Actions: [2, 2, 2, 2, 2, 2, 2, 2, 2, 2, 2, 2, 2, 2, 2, 2, 2, 2, 2, 2]
[TEST DEBUG] Env_t: 200 | Actions: [2, 2, 2, 2, 2, 2, 2, 2, 2, 2, 2, 2, 2, 2, 2, 2, 2, 2, 2, 2]
[TEST DEBUG] Env_t: 200 | Actions: [2, 2, 2, 2, 2, 2, 2, 2, 2, 2, 2, 2, 2, 2, 2, 2, 2, 2, 2, 2]
[TEST DEBUG] Env_t: 200 | Actions: [2, 2, 2, 2, 2, 2, 2, 2, 2, 2, 2, 2, 2, 2, 2, 2, 2, 2, 2, 2]
[TEST DEBUG] Env_t: 200 | Actions: [2, 2, 2, 2, 2, 2, 2, 2, 2, 2, 2, 2, 2, 2, 2, 2, 2, 2, 2, 2]
[TEST DEBUG] Env_t: 200 | Actions: [2, 2, 2, 2, 2, 2, 2, 2, 2, 2, 2, 2, 2, 2, 2, 2, 2, 2, 2, 2]
[TEST DEBUG] Env_t: 200 | Actions: [2, 2, 2, 2, 2, 2, 2, 2, 2, 2, 2, 2, 2, 2, 2, 2, 2, 2, 2, 2]
[TEST DEBUG] Env_t: 200 | Actions: [2, 2, 2, 2, 2, 2, 2, 2, 2, 2, 2, 2, 2, 2, 2, 2, 2, 2, 2, 2]
[TEST DEBUG] Env_t: 200 | Actions: [2, 2, 2, 2, 2, 2, 2, 2, 2, 2, 2, 2, 2, 2, 2, 2, 2, 2, 2, 2]
[TEST DEBUG] Env_t: 200 | Actions: [2, 2, 2, 2, 2, 2, 2, 2, 2, 2, 2, 2, 2, 2, 2, 2, 2, 2, 2, 2]
[TEST DEBUG] Env_t: 200 | Actions: [2, 2, 2, 2, 2, 2, 2, 2, 2, 2, 2, 2, 2, 2, 2, 2, 2, 2, 2, 2]
[TEST DEBUG] Env_t: 50200 | Actions: [12, 5, 5, 5, 11, 11, 2, 2, 11, 11, 12, 5, 2, 11, 12, 2, 2, 4, 4, 4]
[TEST DEBUG] Env_t: 50200 | Actions: [12, 5, 5, 5, 11, 11, 2, 2, 11, 11, 12, 5, 2, 11, 12, 2, 2, 4, 4, 4]
[TEST DEBUG] Env_t: 50200 | Actions: [12, 5, 5, 5, 11, 11, 2, 2, 11, 11, 12, 5, 2, 11, 12, 2, 2, 4, 4, 4]
[TEST DEBUG] Env_t: 50200 | Actions: [12, 5, 5, 5, 11, 11, 2, 2, 11, 11, 12, 5, 2, 11, 12, 2, 2, 4, 4, 4]
[TEST DEBUG] Env_t: 50200 | Actions: [12, 5, 5, 5, 11, 11, 2, 2, 11, 11, 12, 5, 2, 11, 12, 2, 2, 4, 4, 4]
[TEST DEBUG] Env_t: 50200 | Actions: [12, 5, 5, 5, 11, 11, 2, 2, 11, 11, 12, 5, 2, 11, 12, 2, 2, 4, 4, 4]
[TEST DEBUG] Env_t: 50200 | Actions: [12, 5, 5, 5, 11, 11, 2, 2, 11, 11, 12, 5, 2, 11, 12, 2, 2, 4, 4, 4]
[TEST DEBUG] Env_t: 50200 | Actions: [12, 5, 5, 5, 11, 11, 2, 2, 11, 11, 12, 5, 2, 11, 12, 2, 2, 4, 4, 4]
[TEST DEBUG] Env_t: 50200 | Actions: [12, 5, 5, 5, 11, 11, 2, 2, 11, 11, 12, 5, 2, 11, 12, 2, 2, 4, 4, 4]
[TEST DEBUG] Env_t: 50200 | Actions: [12, 5, 5, 5, 11, 11, 2, 2, 11, 11, 12, 5, 2, 11, 12, 2, 2, 4, 4, 4]
[TEST DEBUG] Env_t: 50200 | Actions: [12, 5, 5, 5, 11, 11, 2, 2, 11, 11, 12, 5, 2, 11, 12, 2, 2, 4, 4, 4]
[TEST DEBUG] Env_t: 50200 | Actions: [12, 5, 5, 5, 11, 11, 2, 2, 11, 11, 12, 5, 2, 11, 12, 2, 2, 4, 4, 4]
[TEST DEBUG] Env_t: 50200 | Actions: [12, 5, 5, 5, 11, 11, 2, 2, 11, 11, 12, 5, 2, 11, 12, 2, 2, 4, 4, 4]
[TEST DEBUG] Env_t: 50200 | Actions: [12, 5, 5, 5, 11, 11, 2, 2, 11, 11, 12, 5, 2, 11, 12, 2, 2, 4, 4, 4]
[TEST DEBUG] Env_t: 50200 | Actions: [12, 5, 5, 5, 11, 11, 2, 2, 11, 11, 12, 5, 2, 11, 12, 2, 2, 4, 4, 4]
[TEST DEBUG] Env_t: 50200 | Actions: [12, 5, 5, 5, 11, 11, 2, 2, 11, 11, 12, 5, 2, 11, 12, 2, 2, 4, 4, 4]
[TEST DEBUG] Env_t: 50200 | Actions: [12, 5, 5, 5, 11, 11, 2, 2, 11, 11, 12, 5, 2, 11, 12, 2, 2, 4, 4, 4]
[TEST DEBUG] Env_t: 50200 | Actions: [12, 5, 5, 5, 11, 11, 2, 2, 11, 11, 12, 5, 2, 11, 12, 2, 2, 4, 4, 4]
[TEST DEBUG] Env_t: 50200 | Actions: [12, 5, 5, 5, 11, 11, 2, 2, 11, 11, 12, 5, 2, 11, 12, 2, 2, 4, 4, 4]
[TEST DEBUG] Env_t: 50200 | Actions: [12, 5, 5, 5, 11, 11, 2, 2, 11, 11, 12, 5, 2, 11, 12, 2, 2, 4, 4, 4]
[TEST DEBUG] Env_t: 50200 | Actions: [12, 5, 5, 5, 11, 11, 2, 2, 11, 11, 12, 5, 2, 11, 12, 2, 2, 4, 4, 4]
[TEST DEBUG] Env_t: 50200 | Actions: [12, 5, 5, 5, 11, 11, 2, 2, 11, 11, 12, 5, 2, 11, 12, 2, 2, 4, 4, 4]
[TEST DEBUG] Env_t: 50200 | Actions: [12, 5, 5, 5, 11, 11, 2, 2, 11, 11, 12, 5, 2, 11, 12, 2, 2, 4, 4, 4]
[TEST DEBUG] Env_t: 50200 | Actions: [12, 5, 5, 5, 11, 11, 2, 2, 11, 11, 12, 5, 2, 11, 12, 2, 2, 4, 4, 4]
[TEST DEBUG] Env_t: 50200 | Actions: [12, 5, 5, 5, 11, 11, 2, 2, 11, 11, 12, 5, 2, 11, 12, 2, 2, 4, 4, 4]
[TEST DEBUG] Env_t: 50200 | Actions: [12, 5, 5, 5, 11, 11, 2, 2, 11, 11, 12, 5, 2, 11, 12, 2, 2, 4, 4, 4]
[TEST DEBUG] Env_t: 50200 | Actions: [12, 5, 5, 5, 11, 11, 2, 2, 11, 11, 12, 5, 2, 11, 12, 2, 2, 4, 4, 4]
[TEST DEBUG] Env_t: 50200 | Actions: [12, 5, 5, 5, 11, 11, 2, 2, 11, 11, 12, 5, 2, 11, 12, 2, 2, 4, 4, 4]
[TEST DEBUG] Env_t: 50200 | Actions: [12, 5, 5, 5, 11, 11, 2, 2, 11, 11, 12, 5, 2, 11, 12, 2, 2, 4, 4, 4]
[TEST DEBUG] Env_t: 50200 | Actions: [12, 5, 5, 5, 11, 11, 2, 2, 11, 11, 12, 5, 2, 11, 12, 2, 2, 4, 4, 4]
[TEST DEBUG] Env_t: 50200 | Actions: [12, 5, 5, 5, 11, 11, 2, 2, 11, 11, 12, 5, 2, 11, 12, 2, 2, 4, 4, 4]
[TEST DEBUG] Env_t: 50200 | Actions: [12, 5, 5, 5, 11, 11, 2, 2, 11, 11, 12, 5, 2, 11, 12, 2, 2, 4, 4, 4]
[TEST DEBUG] Env_t: 50200 | Actions: [12, 5, 5, 5, 11, 11, 2, 2, 11, 11, 12, 5, 2, 11, 12, 2, 2, 4, 4, 4]
[TEST DEBUG] Env_t: 50200 | Actions: [12, 5, 5, 5, 11, 11, 2, 2, 11, 11, 12, 5, 2, 11, 12, 2, 2, 4, 4, 4]
[TEST DEBUG] Env_t: 50200 | Actions: [12, 5, 5, 5, 11, 11, 2, 2, 11, 11, 12, 5, 2, 11, 12, 2, 2, 4, 4, 4]
[TEST DEBUG] Env_t: 50200 | Actions: [12, 5, 5, 5, 11, 11, 2, 2, 11, 11, 12, 5, 2, 11, 12, 2, 2, 4, 4, 4]
[TEST DEBUG] Env_t: 50200 | Actions: [12, 5, 5, 5, 11, 11, 2, 2, 11, 11, 12, 5, 2, 11, 12, 2, 2, 4, 4, 4]
[TEST DEBUG] Env_t: 50200 | Actions: [12, 5, 5, 5, 11, 11, 2, 2, 11, 11, 12, 5, 2, 11, 12, 2, 2, 4, 4, 4]
[TEST DEBUG] Env_t: 50200 | Actions: [12, 5, 5, 5, 11, 11, 2, 2, 11, 11, 12, 5, 2, 11, 12, 2, 2, 4, 4, 4]
[TEST DEBUG] Env_t: 50200 | Actions: [12, 5, 5, 5, 11, 11, 2, 2, 11, 11, 12, 5, 2, 11, 12, 2, 2, 4, 4, 4]
[TEST DEBUG] Env_t: 50200 | Actions: [12, 5, 5, 5, 11, 11, 2, 2, 11, 11, 12, 5, 2, 11, 12, 2, 2, 4, 4, 4]
[TEST DEBUG] Env_t: 50200 | Actions: [12, 5, 5, 5, 11, 11, 2, 2, 11, 11, 12, 5, 2, 11, 12, 2, 2, 4, 4, 4]
[TEST DEBUG] Env_t: 50200 | Actions: [12, 5, 5, 5, 11, 11, 2, 2, 11, 11, 12, 5, 2, 11, 12, 2, 2, 4, 4, 4]
[TEST DEBUG] Env_t: 50200 | Actions: [12, 5, 5, 5, 11, 11, 2, 2, 11, 11, 12, 5, 2, 11, 12, 2, 2, 4, 4, 4]
[TEST DEBUG] Env_t: 50200 | Actions: [12, 5, 5, 5, 11, 11, 2, 2, 11, 11, 12, 5, 2, 11, 12, 2, 2, 4, 4, 4]
[TEST DEBUG] Env_t: 50200 | Actions: [12, 5, 5, 5, 11, 11, 2, 2, 11, 11, 12, 5, 2, 11, 12, 2, 2, 4, 4, 4]
[TEST DEBUG] Env_t: 50200 | Actions: [12, 5, 5, 5, 11, 11, 2, 2, 11, 11, 12, 5, 2, 11, 12, 2, 2, 4, 4, 4]
[TEST DEBUG] Env_t: 50200 | Actions: [12, 5, 5, 5, 11, 11, 2, 2, 11, 11, 12, 5, 2, 11, 12, 2, 2, 4, 4, 4]
[TEST DEBUG] Env_t: 50200 | Actions: [12, 5, 5, 5, 11, 11, 2, 2, 11, 11, 12, 5, 2, 11, 12, 2, 2, 4, 4, 4]
[TEST DEBUG] Env_t: 50200 | Actions: [12, 5, 5, 5, 11, 11, 2, 2, 11, 11, 12, 5, 2, 11, 12, 2, 2, 4, 4, 4]
[TEST DEBUG] Env_t: 100200 | Actions: [2, 2, 2, 2, 4, 4, 4, 4, 4, 4, 4, 4, 4, 4, 4, 2, 2, 2, 7, 2]
[TEST DEBUG] Env_t: 100200 | Actions: [2, 2, 2, 2, 4, 4, 4, 4, 4, 4, 4, 4, 4, 4, 4, 2, 2, 2, 7, 2]
[TEST DEBUG] Env_t: 100200 | Actions: [2, 2, 2, 2, 4, 4, 4, 4, 4, 4, 4, 4, 4, 4, 4, 2, 2, 2, 7, 2]
[TEST DEBUG] Env_t: 100200 | Actions: [2, 2, 2, 2, 4, 4, 4, 4, 4, 4, 4, 4, 4, 4, 4, 2, 2, 2, 7, 2]
[TEST DEBUG] Env_t: 100200 | Actions: [2, 2, 2, 2, 4, 4, 4, 4, 4, 4, 4, 4, 4, 4, 4, 2, 2, 2, 7, 2]
[TEST DEBUG] Env_t: 100200 | Actions: [2, 2, 2, 2, 4, 4, 4, 4, 4, 4, 4, 4, 4, 4, 4, 2, 2, 2, 7, 2]
[TEST DEBUG] Env_t: 100200 | Actions: [2, 2, 2, 2, 4, 4, 4, 4, 4, 4, 4, 4, 4, 4, 4, 2, 2, 2, 7, 2]
[TEST DEBUG] Env_t: 100200 | Actions: [2, 2, 2, 2, 4, 4, 4, 4, 4, 4, 4, 4, 4, 4, 4, 2, 2, 2, 7, 2]
[TEST DEBUG] Env_t: 100200 | Actions: [2, 2, 2, 2, 4, 4, 4, 4, 4, 4, 4, 4, 4, 4, 4, 2, 2, 2, 7, 2]
[TEST DEBUG] Env_t: 100200 | Actions: [2, 2, 2, 2, 4, 4, 4, 4, 4, 4, 4, 4, 4, 4, 4, 2, 2, 2, 7, 2]
[TEST DEBUG] Env_t: 100200 | Actions: [2, 2, 2, 2, 4, 4, 4, 4, 4, 4, 4, 4, 4, 4, 4, 2, 2, 2, 7, 2]
[TEST DEBUG] Env_t: 100200 | Actions: [2, 2, 2, 2, 4, 4, 4, 4, 4, 4, 4, 4, 4, 4, 4, 2, 2, 2, 7, 2]
[TEST DEBUG] Env_t: 100200 | Actions: [2, 2, 2, 2, 4, 4, 4, 4, 4, 4, 4, 4, 4, 4, 4, 2, 2, 2, 7, 2]
[TEST DEBUG] Env_t: 100200 | Actions: [2, 2, 2, 2, 4, 4, 4, 4, 4, 4, 4, 4, 4, 4, 4, 2, 2, 2, 7, 2]
[TEST DEBUG] Env_t: 100200 | Actions: [2, 2, 2, 2, 4, 4, 4, 4, 4, 4, 4, 4, 4, 4, 4, 2, 2, 2, 7, 2]
[TEST DEBUG] Env_t: 100200 | Actions: [2, 2, 2, 2, 4, 4, 4, 4, 4, 4, 4, 4, 4, 4, 4, 2, 2, 2, 7, 2]
[TEST DEBUG] Env_t: 100200 | Actions: [2, 2, 2, 2, 4, 4, 4, 4, 4, 4, 4, 4, 4, 4, 4, 2, 2, 2, 7, 2]
[TEST DEBUG] Env_t: 100200 | Actions: [2, 2, 2, 2, 4, 4, 4, 4, 4, 4, 4, 4, 4, 4, 4, 2, 2, 2, 7, 2]
[TEST DEBUG] Env_t: 100200 | Actions: [2, 2, 2, 2, 4, 4, 4, 4, 4, 4, 4, 4, 4, 4, 4, 2, 2, 2, 7, 2]
[TEST DEBUG] Env_t: 100200 | Actions: [2, 2, 2, 2, 4, 4, 4, 4, 4, 4, 4, 4, 4, 4, 4, 2, 2, 2, 7, 2]
[TEST DEBUG] Env_t: 100200 | Actions: [2, 2, 2, 2, 4, 4, 4, 4, 4, 4, 4, 4, 4, 4, 4, 2, 2, 2, 7, 2]
[TEST DEBUG] Env_t: 100200 | Actions: [2, 2, 2, 2, 4, 4, 4, 4, 4, 4, 4, 4, 4, 4, 4, 2, 2, 2, 7, 2]
[TEST DEBUG] Env_t: 100200 | Actions: [2, 2, 2, 2, 4, 4, 4, 4, 4, 4, 4, 4, 4, 4, 4, 2, 2, 2, 7, 2]
[TEST DEBUG] Env_t: 100200 | Actions: [2, 2, 2, 2, 4, 4, 4, 4, 4, 4, 4, 4, 4, 4, 4, 2, 2, 2, 7, 2]
[TEST DEBUG] Env_t: 100200 | Actions: [2, 2, 2, 2, 4, 4, 4, 4, 4, 4, 4, 4, 4, 4, 4, 2, 2, 2, 7, 2]
[TEST DEBUG] Env_t: 100200 | Actions: [2, 2, 2, 2, 4, 4, 4, 4, 4, 4, 4, 4, 4, 4, 4, 2, 2, 2, 7, 2]
[TEST DEBUG] Env_t: 100200 | Actions: [2, 2, 2, 2, 4, 4, 4, 4, 4, 4, 4, 4, 4, 4, 4, 2, 2, 2, 7, 2]
[TEST DEBUG] Env_t: 100200 | Actions: [2, 2, 2, 2, 4, 4, 4, 4, 4, 4, 4, 4, 4, 4, 4, 2, 2, 2, 7, 2]
[TEST DEBUG] Env_t: 100200 | Actions: [2, 2, 2, 2, 4, 4, 4, 4, 4, 4, 4, 4, 4, 4, 4, 2, 2, 2, 7, 2]
[TEST DEBUG] Env_t: 100200 | Actions: [2, 2, 2, 2, 4, 4, 4, 4, 4, 4, 4, 4, 4, 4, 4, 2, 2, 2, 7, 2]
[TEST DEBUG] Env_t: 100200 | Actions: [2, 2, 2, 2, 4, 4, 4, 4, 4, 4, 4, 4, 4, 4, 4, 2, 2, 2, 7, 2]
[TEST DEBUG] Env_t: 100200 | Actions: [2, 2, 2, 2, 4, 4, 4, 4, 4, 4, 4, 4, 4, 4, 4, 2, 2, 2, 7, 2]
[TEST DEBUG] Env_t: 100200 | Actions: [2, 2, 2, 2, 4, 4, 4, 4, 4, 4, 4, 4, 4, 4, 4, 2, 2, 2, 7, 2]
[TEST DEBUG] Env_t: 100200 | Actions: [2, 2, 2, 2, 4, 4, 4, 4, 4, 4, 4, 4, 4, 4, 4, 2, 2, 2, 7, 2]
[TEST DEBUG] Env_t: 100200 | Actions: [2, 2, 2, 2, 4, 4, 4, 4, 4, 4, 4, 4, 4, 4, 4, 2, 2, 2, 7, 2]
[TEST DEBUG] Env_t: 100200 | Actions: [2, 2, 2, 2, 4, 4, 4, 4, 4, 4, 4, 4, 4, 4, 4, 2, 2, 2, 7, 2]
[TEST DEBUG] Env_t: 100200 | Actions: [2, 2, 2, 2, 4, 4, 4, 4, 4, 4, 4, 4, 4, 4, 4, 2, 2, 2, 7, 2]
[TEST DEBUG] Env_t: 100200 | Actions: [2, 2, 2, 2, 4, 4, 4, 4, 4, 4, 4, 4, 4, 4, 4, 2, 2, 2, 7, 2]
[TEST DEBUG] Env_t: 100200 | Actions: [2, 2, 2, 2, 4, 4, 4, 4, 4, 4, 4, 4, 4, 4, 4, 2, 2, 2, 7, 2]
[TEST DEBUG] Env_t: 100200 | Actions: [2, 2, 2, 2, 4, 4, 4, 4, 4, 4, 4, 4, 4, 4, 4, 2, 2, 2, 7, 2]
[TEST DEBUG] Env_t: 100200 | Actions: [2, 2, 2, 2, 4, 4, 4, 4, 4, 4, 4, 4, 4, 4, 4, 2, 2, 2, 7, 2]
[TEST DEBUG] Env_t: 100200 | Actions: [2, 2, 2, 2, 4, 4, 4, 4, 4, 4, 4, 4, 4, 4, 4, 2, 2, 2, 7, 2]
[TEST DEBUG] Env_t: 100200 | Actions: [2, 2, 2, 2, 4, 4, 4, 4, 4, 4, 4, 4, 4, 4, 4, 2, 2, 2, 7, 2]
[TEST DEBUG] Env_t: 100200 | Actions: [2, 2, 2, 2, 4, 4, 4, 4, 4, 4, 4, 4, 4, 4, 4, 2, 2, 2, 7, 2]
[TEST DEBUG] Env_t: 100200 | Actions: [2, 2, 2, 2, 4, 4, 4, 4, 4, 4, 4, 4, 4, 4, 4, 2, 2, 2, 7, 2]
[TEST DEBUG] Env_t: 100200 | Actions: [2, 2, 2, 2, 4, 4, 4, 4, 4, 4, 4, 4, 4, 4, 4, 2, 2, 2, 7, 2]
[TEST DEBUG] Env_t: 100200 | Actions: [2, 2, 2, 2, 4, 4, 4, 4, 4, 4, 4, 4, 4, 4, 4, 2, 2, 2, 7, 2]
[TEST DEBUG] Env_t: 100200 | Actions: [2, 2, 2, 2, 4, 4, 4, 4, 4, 4, 4, 4, 4, 4, 4, 2, 2, 2, 7, 2]
[TEST DEBUG] Env_t: 100200 | Actions: [2, 2, 2, 2, 4, 4, 4, 4, 4, 4, 4, 4, 4, 4, 4, 2, 2, 2, 7, 2]
[TEST DEBUG] Env_t: 100200 | Actions: [2, 2, 2, 2, 4, 4, 4, 4, 4, 4, 4, 4, 4, 4, 4, 2, 2, 2, 7, 2]
[TEST DEBUG] Env_t: 150200 | Actions: [4, 4, 18, 4, 4, 4, 18, 18, 18, 4, 4, 4, 18, 4, 4, 12, 8, 8, 8, 8]
[TEST DEBUG] Env_t: 150200 | Actions: [4, 4, 18, 4, 4, 4, 18, 18, 18, 4, 4, 4, 18, 4, 4, 12, 8, 8, 8, 8]
[TEST DEBUG] Env_t: 150200 | Actions: [4, 4, 18, 4, 4, 4, 18, 18, 18, 4, 4, 4, 18, 4, 4, 12, 8, 8, 8, 8]
[TEST DEBUG] Env_t: 150200 | Actions: [4, 4, 18, 4, 4, 4, 18, 18, 18, 4, 4, 4, 18, 4, 4, 12, 8, 8, 8, 8]
[TEST DEBUG] Env_t: 150200 | Actions: [4, 4, 18, 4, 4, 4, 18, 18, 18, 4, 4, 4, 18, 4, 4, 12, 8, 8, 8, 8]
[TEST DEBUG] Env_t: 150200 | Actions: [4, 4, 18, 4, 4, 4, 18, 18, 18, 4, 4, 4, 18, 4, 4, 12, 8, 8, 8, 8]
[TEST DEBUG] Env_t: 150200 | Actions: [4, 4, 18, 4, 4, 4, 18, 18, 18, 4, 4, 4, 18, 4, 4, 12, 8, 8, 8, 8]
[TEST DEBUG] Env_t: 150200 | Actions: [4, 4, 18, 4, 4, 4, 18, 18, 18, 4, 4, 4, 18, 4, 4, 12, 8, 8, 8, 8]
[TEST DEBUG] Env_t: 150200 | Actions: [4, 4, 18, 4, 4, 4, 18, 18, 18, 4, 4, 4, 18, 4, 4, 12, 8, 8, 8, 8]
[TEST DEBUG] Env_t: 150200 | Actions: [4, 4, 18, 4, 4, 4, 18, 18, 18, 4, 4, 4, 18, 4, 4, 12, 8, 8, 8, 8]
[TEST DEBUG] Env_t: 150200 | Actions: [4, 4, 18, 4, 4, 4, 18, 18, 18, 4, 4, 4, 18, 4, 4, 12, 8, 8, 8, 8]
[TEST DEBUG] Env_t: 150200 | Actions: [4, 4, 18, 4, 4, 4, 18, 18, 18, 4, 4, 4, 18, 4, 4, 12, 8, 8, 8, 8]
[TEST DEBUG] Env_t: 150200 | Actions: [4, 4, 18, 4, 4, 4, 18, 18, 18, 4, 4, 4, 18, 4, 4, 12, 8, 8, 8, 8]
[TEST DEBUG] Env_t: 150200 | Actions: [4, 4, 18, 4, 4, 4, 18, 18, 18, 4, 4, 4, 18, 4, 4, 12, 8, 8, 8, 8]
[TEST DEBUG] Env_t: 150200 | Actions: [4, 4, 18, 4, 4, 4, 18, 18, 18, 4, 4, 4, 18, 4, 4, 12, 8, 8, 8, 8]
[TEST DEBUG] Env_t: 150200 | Actions: [4, 4, 18, 4, 4, 4, 18, 18, 18, 4, 4, 4, 18, 4, 4, 12, 8, 8, 8, 8]
[TEST DEBUG] Env_t: 150200 | Actions: [4, 4, 18, 4, 4, 4, 18, 18, 18, 4, 4, 4, 18, 4, 4, 12, 8, 8, 8, 8]
[TEST DEBUG] Env_t: 150200 | Actions: [4, 4, 18, 4, 4, 4, 18, 18, 18, 4, 4, 4, 18, 4, 4, 12, 8, 8, 8, 8]
[TEST DEBUG] Env_t: 150200 | Actions: [4, 4, 18, 4, 4, 4, 18, 18, 18, 4, 4, 4, 18, 4, 4, 12, 8, 8, 8, 8]
[TEST DEBUG] Env_t: 150200 | Actions: [4, 4, 18, 4, 4, 4, 18, 18, 18, 4, 4, 4, 18, 4, 4, 12, 8, 8, 8, 8]
[TEST DEBUG] Env_t: 150200 | Actions: [4, 4, 18, 4, 4, 4, 18, 18, 18, 4, 4, 4, 18, 4, 4, 12, 8, 8, 8, 8]
[TEST DEBUG] Env_t: 150200 | Actions: [4, 4, 18, 4, 4, 4, 18, 18, 18, 4, 4, 4, 18, 4, 4, 12, 8, 8, 8, 8]
[TEST DEBUG] Env_t: 150200 | Actions: [4, 4, 18, 4, 4, 4, 18, 18, 18, 4, 4, 4, 18, 4, 4, 12, 8, 8, 8, 8]
[TEST DEBUG] Env_t: 150200 | Actions: [4, 4, 18, 4, 4, 4, 18, 18, 18, 4, 4, 4, 18, 4, 4, 12, 8, 8, 8, 8]
[TEST DEBUG] Env_t: 150200 | Actions: [4, 4, 18, 4, 4, 4, 18, 18, 18, 4, 4, 4, 18, 4, 4, 12, 8, 8, 8, 8]
[TEST DEBUG] Env_t: 150200 | Actions: [4, 4, 18, 4, 4, 4, 18, 18, 18, 4, 4, 4, 18, 4, 4, 12, 8, 8, 8, 8]
[TEST DEBUG] Env_t: 150200 | Actions: [4, 4, 18, 4, 4, 4, 18, 18, 18, 4, 4, 4, 18, 4, 4, 12, 8, 8, 8, 8]
[TEST DEBUG] Env_t: 150200 | Actions: [4, 4, 18, 4, 4, 4, 18, 18, 18, 4, 4, 4, 18, 4, 4, 12, 8, 8, 8, 8]
[TEST DEBUG] Env_t: 150200 | Actions: [4, 4, 18, 4, 4, 4, 18, 18, 18, 4, 4, 4, 18, 4, 4, 12, 8, 8, 8, 8]
[TEST DEBUG] Env_t: 150200 | Actions: [4, 4, 18, 4, 4, 4, 18, 18, 18, 4, 4, 4, 18, 4, 4, 12, 8, 8, 8, 8]
[TEST DEBUG] Env_t: 150200 | Actions: [4, 4, 18, 4, 4, 4, 18, 18, 18, 4, 4, 4, 18, 4, 4, 12, 8, 8, 8, 8]
[TEST DEBUG] Env_t: 150200 | Actions: [4, 4, 18, 4, 4, 4, 18, 18, 18, 4, 4, 4, 18, 4, 4, 12, 8, 8, 8, 8]
[TEST DEBUG] Env_t: 150200 | Actions: [4, 4, 18, 4, 4, 4, 18, 18, 18, 4, 4, 4, 18, 4, 4, 12, 8, 8, 8, 8]
[TEST DEBUG] Env_t: 150200 | Actions: [4, 4, 18, 4, 4, 4, 18, 18, 18, 4, 4, 4, 18, 4, 4, 12, 8, 8, 8, 8]
[TEST DEBUG] Env_t: 150200 | Actions: [4, 4, 18, 4, 4, 4, 18, 18, 18, 4, 4, 4, 18, 4, 4, 12, 8, 8, 8, 8]
[TEST DEBUG] Env_t: 150200 | Actions: [4, 4, 18, 4, 4, 4, 18, 18, 18, 4, 4, 4, 18, 4, 4, 12, 8, 8, 8, 8]
[TEST DEBUG] Env_t: 150200 | Actions: [4, 4, 18, 4, 4, 4, 18, 18, 18, 4, 4, 4, 18, 4, 4, 12, 8, 8, 8, 8]
[TEST DEBUG] Env_t: 150200 | Actions: [4, 4, 18, 4, 4, 4, 18, 18, 18, 4, 4, 4, 18, 4, 4, 12, 8, 8, 8, 8]
[TEST DEBUG] Env_t: 150200 | Actions: [4, 4, 18, 4, 4, 4, 18, 18, 18, 4, 4, 4, 18, 4, 4, 12, 8, 8, 8, 8]
[TEST DEBUG] Env_t: 150200 | Actions: [4, 4, 18, 4, 4, 4, 18, 18, 18, 4, 4, 4, 18, 4, 4, 12, 8, 8, 8, 8]
[TEST DEBUG] Env_t: 150200 | Actions: [4, 4, 18, 4, 4, 4, 18, 18, 18, 4, 4, 4, 18, 4, 4, 12, 8, 8, 8, 8]
[TEST DEBUG] Env_t: 150200 | Actions: [4, 4, 18, 4, 4, 4, 18, 18, 18, 4, 4, 4, 18, 4, 4, 12, 8, 8, 8, 8]
[TEST DEBUG] Env_t: 150200 | Actions: [4, 4, 18, 4, 4, 4, 18, 18, 18, 4, 4, 4, 18, 4, 4, 12, 8, 8, 8, 8]
[TEST DEBUG] Env_t: 150200 | Actions: [4, 4, 18, 4, 4, 4, 18, 18, 18, 4, 4, 4, 18, 4, 4, 12, 8, 8, 8, 8]
[TEST DEBUG] Env_t: 150200 | Actions: [4, 4, 18, 4, 4, 4, 18, 18, 18, 4, 4, 4, 18, 4, 4, 12, 8, 8, 8, 8]
[TEST DEBUG] Env_t: 150200 | Actions: [4, 4, 18, 4, 4, 4, 18, 18, 18, 4, 4, 4, 18, 4, 4, 12, 8, 8, 8, 8]
[TEST DEBUG] Env_t: 150200 | Actions: [4, 4, 18, 4, 4, 4, 18, 18, 18, 4, 4, 4, 18, 4, 4, 12, 8, 8, 8, 8]
[TEST DEBUG] Env_t: 150200 | Actions: [4, 4, 18, 4, 4, 4, 18, 18, 18, 4, 4, 4, 18, 4, 4, 12, 8, 8, 8, 8]
[TEST DEBUG] Env_t: 150200 | Actions: [4, 4, 18, 4, 4, 4, 18, 18, 18, 4, 4, 4, 18, 4, 4, 12, 8, 8, 8, 8]
[TEST DEBUG] Env_t: 150200 | Actions: [4, 4, 18, 4, 4, 4, 18, 18, 18, 4, 4, 4, 18, 4, 4, 12, 8, 8, 8, 8]
[TEST DEBUG] Env_t: 200200 | Actions: [8, 8, 8, 8, 2, 8, 8, 8, 8, 8, 8, 8, 8, 8, 8, 8, 8, 8, 8, 8]
[TEST DEBUG] Env_t: 200200 | Actions: [8, 8, 8, 8, 2, 8, 8, 8, 8, 8, 8, 8, 8, 8, 8, 8, 8, 8, 8, 8]
[TEST DEBUG] Env_t: 200200 | Actions: [8, 8, 8, 8, 2, 8, 8, 8, 8, 8, 8, 8, 8, 8, 8, 8, 8, 8, 8, 8]
[TEST DEBUG] Env_t: 200200 | Actions: [8, 8, 8, 8, 2, 8, 8, 8, 8, 8, 8, 8, 8, 8, 8, 8, 8, 8, 8, 8]
[TEST DEBUG] Env_t: 200200 | Actions: [8, 8, 8, 8, 2, 8, 8, 8, 8, 8, 8, 8, 8, 8, 8, 8, 8, 8, 8, 8]
[TEST DEBUG] Env_t: 200200 | Actions: [8, 8, 8, 8, 2, 8, 8, 8, 8, 8, 8, 8, 8, 8, 8, 8, 8, 8, 8, 8]
[TEST DEBUG] Env_t: 200200 | Actions: [8, 8, 8, 8, 2, 8, 8, 8, 8, 8, 8, 8, 8, 8, 8, 8, 8, 8, 8, 8]
[TEST DEBUG] Env_t: 200200 | Actions: [8, 8, 8, 8, 2, 8, 8, 8, 8, 8, 8, 8, 8, 8, 8, 8, 8, 8, 8, 8]
[TEST DEBUG] Env_t: 200200 | Actions: [8, 8, 8, 8, 2, 8, 8, 8, 8, 8, 8, 8, 8, 8, 8, 8, 8, 8, 8, 8]
[TEST DEBUG] Env_t: 200200 | Actions: [8, 8, 8, 8, 2, 8, 8, 8, 8, 8, 8, 8, 8, 8, 8, 8, 8, 8, 8, 8]
[TEST DEBUG] Env_t: 200200 | Actions: [8, 8, 8, 8, 2, 8, 8, 8, 8, 8, 8, 8, 8, 8, 8, 8, 8, 8, 8, 8]
[TEST DEBUG] Env_t: 200200 | Actions: [8, 8, 8, 8, 2, 8, 8, 8, 8, 8, 8, 8, 8, 8, 8, 8, 8, 8, 8, 8]
[TEST DEBUG] Env_t: 200200 | Actions: [8, 8, 8, 8, 2, 8, 8, 8, 8, 8, 8, 8, 8, 8, 8, 8, 8, 8, 8, 8]
[TEST DEBUG] Env_t: 200200 | Actions: [8, 8, 8, 8, 2, 8, 8, 8, 8, 8, 8, 8, 8, 8, 8, 8, 8, 8, 8, 8]
[TEST DEBUG] Env_t: 200200 | Actions: [8, 8, 8, 8, 2, 8, 8, 8, 8, 8, 8, 8, 8, 8, 8, 8, 8, 8, 8, 8]
[TEST DEBUG] Env_t: 200200 | Actions: [8, 8, 8, 8, 2, 8, 8, 8, 8, 8, 8, 8, 8, 8, 8, 8, 8, 8, 8, 8]
[TEST DEBUG] Env_t: 200200 | Actions: [8, 8, 8, 8, 2, 8, 8, 8, 8, 8, 8, 8, 8, 8, 8, 8, 8, 8, 8, 8]
[TEST DEBUG] Env_t: 200200 | Actions: [8, 8, 8, 8, 2, 8, 8, 8, 8, 8, 8, 8, 8, 8, 8, 8, 8, 8, 8, 8]
[TEST DEBUG] Env_t: 200200 | Actions: [8, 8, 8, 8, 2, 8, 8, 8, 8, 8, 8, 8, 8, 8, 8, 8, 8, 8, 8, 8]
[TEST DEBUG] Env_t: 200200 | Actions: [8, 8, 8, 8, 2, 8, 8, 8, 8, 8, 8, 8, 8, 8, 8, 8, 8, 8, 8, 8]
[TEST DEBUG] Env_t: 200200 | Actions: [8, 8, 8, 8, 2, 8, 8, 8, 8, 8, 8, 8, 8, 8, 8, 8, 8, 8, 8, 8]
[TEST DEBUG] Env_t: 200200 | Actions: [8, 8, 8, 8, 2, 8, 8, 8, 8, 8, 8, 8, 8, 8, 8, 8, 8, 8, 8, 8]
[TEST DEBUG] Env_t: 200200 | Actions: [8, 8, 8, 8, 2, 8, 8, 8, 8, 8, 8, 8, 8, 8, 8, 8, 8, 8, 8, 8]
[TEST DEBUG] Env_t: 200200 | Actions: [8, 8, 8, 8, 2, 8, 8, 8, 8, 8, 8, 8, 8, 8, 8, 8, 8, 8, 8, 8]
[TEST DEBUG] Env_t: 200200 | Actions: [8, 8, 8, 8, 2, 8, 8, 8, 8, 8, 8, 8, 8, 8, 8, 8, 8, 8, 8, 8]
[TEST DEBUG] Env_t: 200200 | Actions: [8, 8, 8, 8, 2, 8, 8, 8, 8, 8, 8, 8, 8, 8, 8, 8, 8, 8, 8, 8]
[TEST DEBUG] Env_t: 200200 | Actions: [8, 8, 8, 8, 2, 8, 8, 8, 8, 8, 8, 8, 8, 8, 8, 8, 8, 8, 8, 8]
[TEST DEBUG] Env_t: 200200 | Actions: [8, 8, 8, 8, 2, 8, 8, 8, 8, 8, 8, 8, 8, 8, 8, 8, 8, 8, 8, 8]
[TEST DEBUG] Env_t: 200200 | Actions: [8, 8, 8, 8, 2, 8, 8, 8, 8, 8, 8, 8, 8, 8, 8, 8, 8, 8, 8, 8]
[TEST DEBUG] Env_t: 200200 | Actions: [8, 8, 8, 8, 2, 8, 8, 8, 8, 8, 8, 8, 8, 8, 8, 8, 8, 8, 8, 8]
[TEST DEBUG] Env_t: 200200 | Actions: [8, 8, 8, 8, 2, 8, 8, 8, 8, 8, 8, 8, 8, 8, 8, 8, 8, 8, 8, 8]
[TEST DEBUG] Env_t: 200200 | Actions: [8, 8, 8, 8, 2, 8, 8, 8, 8, 8, 8, 8, 8, 8, 8, 8, 8, 8, 8, 8]
[TEST DEBUG] Env_t: 200200 | Actions: [8, 8, 8, 8, 2, 8, 8, 8, 8, 8, 8, 8, 8, 8, 8, 8, 8, 8, 8, 8]
[TEST DEBUG] Env_t: 200200 | Actions: [8, 8, 8, 8, 2, 8, 8, 8, 8, 8, 8, 8, 8, 8, 8, 8, 8, 8, 8, 8]
[TEST DEBUG] Env_t: 200200 | Actions: [8, 8, 8, 8, 2, 8, 8, 8, 8, 8, 8, 8, 8, 8, 8, 8, 8, 8, 8, 8]
[TEST DEBUG] Env_t: 200200 | Actions: [8, 8, 8, 8, 2, 8, 8, 8, 8, 8, 8, 8, 8, 8, 8, 8, 8, 8, 8, 8]
[TEST DEBUG] Env_t: 200200 | Actions: [8, 8, 8, 8, 2, 8, 8, 8, 8, 8, 8, 8, 8, 8, 8, 8, 8, 8, 8, 8]
[TEST DEBUG] Env_t: 200200 | Actions: [8, 8, 8, 8, 2, 8, 8, 8, 8, 8, 8, 8, 8, 8, 8, 8, 8, 8, 8, 8]
[TEST DEBUG] Env_t: 200200 | Actions: [8, 8, 8, 8, 2, 8, 8, 8, 8, 8, 8, 8, 8, 8, 8, 8, 8, 8, 8, 8]
[TEST DEBUG] Env_t: 200200 | Actions: [8, 8, 8, 8, 2, 8, 8, 8, 8, 8, 8, 8, 8, 8, 8, 8, 8, 8, 8, 8]
[TEST DEBUG] Env_t: 200200 | Actions: [8, 8, 8, 8, 2, 8, 8, 8, 8, 8, 8, 8, 8, 8, 8, 8, 8, 8, 8, 8]
[TEST DEBUG] Env_t: 200200 | Actions: [8, 8, 8, 8, 2, 8, 8, 8, 8, 8, 8, 8, 8, 8, 8, 8, 8, 8, 8, 8]
[TEST DEBUG] Env_t: 200200 | Actions: [8, 8, 8, 8, 2, 8, 8, 8, 8, 8, 8, 8, 8, 8, 8, 8, 8, 8, 8, 8]
[TEST DEBUG] Env_t: 200200 | Actions: [8, 8, 8, 8, 2, 8, 8, 8, 8, 8, 8, 8, 8, 8, 8, 8, 8, 8, 8, 8]
[TEST DEBUG] Env_t: 200200 | Actions: [8, 8, 8, 8, 2, 8, 8, 8, 8, 8, 8, 8, 8, 8, 8, 8, 8, 8, 8, 8]
[TEST DEBUG] Env_t: 200200 | Actions: [8, 8, 8, 8, 2, 8, 8, 8, 8, 8, 8, 8, 8, 8, 8, 8, 8, 8, 8, 8]
[TEST DEBUG] Env_t: 200200 | Actions: [8, 8, 8, 8, 2, 8, 8, 8, 8, 8, 8, 8, 8, 8, 8, 8, 8, 8, 8, 8]
[TEST DEBUG] Env_t: 200200 | Actions: [8, 8, 8, 8, 2, 8, 8, 8, 8, 8, 8, 8, 8, 8, 8, 8, 8, 8, 8, 8]
[TEST DEBUG] Env_t: 200200 | Actions: [8, 8, 8, 8, 2, 8, 8, 8, 8, 8, 8, 8, 8, 8, 8, 8, 8, 8, 8, 8]
[TEST DEBUG] Env_t: 200200 | Actions: [8, 8, 8, 8, 2, 8, 8, 8, 8, 8, 8, 8, 8, 8, 8, 8, 8, 8, 8, 8]
[TEST DEBUG] Env_t: 250200 | Actions: [8, 8, 8, 8, 8, 8, 8, 15, 8, 8, 8, 8, 8, 8, 8, 8, 8, 8, 8, 8]
[TEST DEBUG] Env_t: 250200 | Actions: [8, 8, 8, 8, 8, 8, 8, 15, 8, 8, 8, 8, 8, 8, 8, 8, 8, 8, 8, 8]
[TEST DEBUG] Env_t: 250200 | Actions: [8, 8, 8, 8, 8, 8, 8, 15, 8, 8, 8, 8, 8, 8, 8, 8, 8, 8, 8, 8]
[TEST DEBUG] Env_t: 250200 | Actions: [8, 8, 8, 8, 8, 8, 8, 15, 8, 8, 8, 8, 8, 8, 8, 8, 8, 8, 8, 8]
[TEST DEBUG] Env_t: 250200 | Actions: [8, 8, 8, 8, 8, 8, 8, 15, 8, 8, 8, 8, 8, 8, 8, 8, 8, 8, 8, 8]
[TEST DEBUG] Env_t: 250200 | Actions: [8, 8, 8, 8, 8, 8, 8, 15, 8, 8, 8, 8, 8, 8, 8, 8, 8, 8, 8, 8]
[TEST DEBUG] Env_t: 250200 | Actions: [8, 8, 8, 8, 8, 8, 8, 15, 8, 8, 8, 8, 8, 8, 8, 8, 8, 8, 8, 8]
[TEST DEBUG] Env_t: 250200 | Actions: [8, 8, 8, 8, 8, 8, 8, 15, 8, 8, 8, 8, 8, 8, 8, 8, 8, 8, 8, 8]
[TEST DEBUG] Env_t: 250200 | Actions: [8, 8, 8, 8, 8, 8, 8, 15, 8, 8, 8, 8, 8, 8, 8, 8, 8, 8, 8, 8]
[TEST DEBUG] Env_t: 250200 | Actions: [8, 8, 8, 8, 8, 8, 8, 15, 8, 8, 8, 8, 8, 8, 8, 8, 8, 8, 8, 8]
[TEST DEBUG] Env_t: 250200 | Actions: [8, 8, 8, 8, 8, 8, 8, 15, 8, 8, 8, 8, 8, 8, 8, 8, 8, 8, 8, 8]
[TEST DEBUG] Env_t: 250200 | Actions: [8, 8, 8, 8, 8, 8, 8, 15, 8, 8, 8, 8, 8, 8, 8, 8, 8, 8, 8, 8]
[TEST DEBUG] Env_t: 250200 | Actions: [8, 8, 8, 8, 8, 8, 8, 15, 8, 8, 8, 8, 8, 8, 8, 8, 8, 8, 8, 8]
[TEST DEBUG] Env_t: 250200 | Actions: [8, 8, 8, 8, 8, 8, 8, 15, 8, 8, 8, 8, 8, 8, 8, 8, 8, 8, 8, 8]
[TEST DEBUG] Env_t: 250200 | Actions: [8, 8, 8, 8, 8, 8, 8, 15, 8, 8, 8, 8, 8, 8, 8, 8, 8, 8, 8, 8]
[TEST DEBUG] Env_t: 250200 | Actions: [8, 8, 8, 8, 8, 8, 8, 15, 8, 8, 8, 8, 8, 8, 8, 8, 8, 8, 8, 8]
[TEST DEBUG] Env_t: 250200 | Actions: [8, 8, 8, 8, 8, 8, 8, 15, 8, 8, 8, 8, 8, 8, 8, 8, 8, 8, 8, 8]
[TEST DEBUG] Env_t: 250200 | Actions: [8, 8, 8, 8, 8, 8, 8, 15, 8, 8, 8, 8, 8, 8, 8, 8, 8, 8, 8, 8]
[TEST DEBUG] Env_t: 250200 | Actions: [8, 8, 8, 8, 8, 8, 8, 15, 8, 8, 8, 8, 8, 8, 8, 8, 8, 8, 8, 8]
[TEST DEBUG] Env_t: 250200 | Actions: [8, 8, 8, 8, 8, 8, 8, 15, 8, 8, 8, 8, 8, 8, 8, 8, 8, 8, 8, 8]
[TEST DEBUG] Env_t: 250200 | Actions: [8, 8, 8, 8, 8, 8, 8, 15, 8, 8, 8, 8, 8, 8, 8, 8, 8, 8, 8, 8]
[TEST DEBUG] Env_t: 250200 | Actions: [8, 8, 8, 8, 8, 8, 8, 15, 8, 8, 8, 8, 8, 8, 8, 8, 8, 8, 8, 8]
[TEST DEBUG] Env_t: 250200 | Actions: [8, 8, 8, 8, 8, 8, 8, 15, 8, 8, 8, 8, 8, 8, 8, 8, 8, 8, 8, 8]
[TEST DEBUG] Env_t: 250200 | Actions: [8, 8, 8, 8, 8, 8, 8, 15, 8, 8, 8, 8, 8, 8, 8, 8, 8, 8, 8, 8]
[TEST DEBUG] Env_t: 250200 | Actions: [8, 8, 8, 8, 8, 8, 8, 15, 8, 8, 8, 8, 8, 8, 8, 8, 8, 8, 8, 8]
[TEST DEBUG] Env_t: 250200 | Actions: [8, 8, 8, 8, 8, 8, 8, 15, 8, 8, 8, 8, 8, 8, 8, 8, 8, 8, 8, 8]
[TEST DEBUG] Env_t: 250200 | Actions: [8, 8, 8, 8, 8, 8, 8, 15, 8, 8, 8, 8, 8, 8, 8, 8, 8, 8, 8, 8]
[TEST DEBUG] Env_t: 250200 | Actions: [8, 8, 8, 8, 8, 8, 8, 15, 8, 8, 8, 8, 8, 8, 8, 8, 8, 8, 8, 8]
[TEST DEBUG] Env_t: 250200 | Actions: [8, 8, 8, 8, 8, 8, 8, 15, 8, 8, 8, 8, 8, 8, 8, 8, 8, 8, 8, 8]
[TEST DEBUG] Env_t: 250200 | Actions: [8, 8, 8, 8, 8, 8, 8, 15, 8, 8, 8, 8, 8, 8, 8, 8, 8, 8, 8, 8]
[TEST DEBUG] Env_t: 250200 | Actions: [8, 8, 8, 8, 8, 8, 8, 15, 8, 8, 8, 8, 8, 8, 8, 8, 8, 8, 8, 8]
[TEST DEBUG] Env_t: 250200 | Actions: [8, 8, 8, 8, 8, 8, 8, 15, 8, 8, 8, 8, 8, 8, 8, 8, 8, 8, 8, 8]
[TEST DEBUG] Env_t: 250200 | Actions: [8, 8, 8, 8, 8, 8, 8, 15, 8, 8, 8, 8, 8, 8, 8, 8, 8, 8, 8, 8]
[TEST DEBUG] Env_t: 250200 | Actions: [8, 8, 8, 8, 8, 8, 8, 15, 8, 8, 8, 8, 8, 8, 8, 8, 8, 8, 8, 8]
[TEST DEBUG] Env_t: 250200 | Actions: [8, 8, 8, 8, 8, 8, 8, 15, 8, 8, 8, 8, 8, 8, 8, 8, 8, 8, 8, 8]
[TEST DEBUG] Env_t: 250200 | Actions: [8, 8, 8, 8, 8, 8, 8, 15, 8, 8, 8, 8, 8, 8, 8, 8, 8, 8, 8, 8]
[TEST DEBUG] Env_t: 250200 | Actions: [8, 8, 8, 8, 8, 8, 8, 15, 8, 8, 8, 8, 8, 8, 8, 8, 8, 8, 8, 8]
[TEST DEBUG] Env_t: 250200 | Actions: [8, 8, 8, 8, 8, 8, 8, 15, 8, 8, 8, 8, 8, 8, 8, 8, 8, 8, 8, 8]
[TEST DEBUG] Env_t: 250200 | Actions: [8, 8, 8, 8, 8, 8, 8, 15, 8, 8, 8, 8, 8, 8, 8, 8, 8, 8, 8, 8]
[TEST DEBUG] Env_t: 250200 | Actions: [8, 8, 8, 8, 8, 8, 8, 15, 8, 8, 8, 8, 8, 8, 8, 8, 8, 8, 8, 8]
[TEST DEBUG] Env_t: 250200 | Actions: [8, 8, 8, 8, 8, 8, 8, 15, 8, 8, 8, 8, 8, 8, 8, 8, 8, 8, 8, 8]
[TEST DEBUG] Env_t: 250200 | Actions: [8, 8, 8, 8, 8, 8, 8, 15, 8, 8, 8, 8, 8, 8, 8, 8, 8, 8, 8, 8]
[TEST DEBUG] Env_t: 250200 | Actions: [8, 8, 8, 8, 8, 8, 8, 15, 8, 8, 8, 8, 8, 8, 8, 8, 8, 8, 8, 8]
[TEST DEBUG] Env_t: 250200 | Actions: [8, 8, 8, 8, 8, 8, 8, 15, 8, 8, 8, 8, 8, 8, 8, 8, 8, 8, 8, 8]
[TEST DEBUG] Env_t: 250200 | Actions: [8, 8, 8, 8, 8, 8, 8, 15, 8, 8, 8, 8, 8, 8, 8, 8, 8, 8, 8, 8]
[TEST DEBUG] Env_t: 250200 | Actions: [8, 8, 8, 8, 8, 8, 8, 15, 8, 8, 8, 8, 8, 8, 8, 8, 8, 8, 8, 8]
[TEST DEBUG] Env_t: 250200 | Actions: [8, 8, 8, 8, 8, 8, 8, 15, 8, 8, 8, 8, 8, 8, 8, 8, 8, 8, 8, 8]
[TEST DEBUG] Env_t: 250200 | Actions: [8, 8, 8, 8, 8, 8, 8, 15, 8, 8, 8, 8, 8, 8, 8, 8, 8, 8, 8, 8]
[TEST DEBUG] Env_t: 250200 | Actions: [8, 8, 8, 8, 8, 8, 8, 15, 8, 8, 8, 8, 8, 8, 8, 8, 8, 8, 8, 8]
[TEST DEBUG] Env_t: 250200 | Actions: [8, 8, 8, 8, 8, 8, 8, 15, 8, 8, 8, 8, 8, 8, 8, 8, 8, 8, 8, 8]
[TEST DEBUG] Env_t: 300200 | Actions: [4, 4, 4, 4, 4, 4, 15, 15, 15, 4, 4, 15, 15, 15, 4, 12, 15, 15, 15, 15]
[TEST DEBUG] Env_t: 300200 | Actions: [4, 4, 4, 4, 4, 4, 15, 15, 15, 4, 4, 15, 15, 15, 4, 12, 15, 15, 15, 15]
[TEST DEBUG] Env_t: 300200 | Actions: [4, 4, 4, 4, 4, 4, 15, 15, 15, 4, 4, 15, 15, 15, 4, 12, 15, 15, 15, 15]
[TEST DEBUG] Env_t: 300200 | Actions: [4, 4, 4, 4, 4, 4, 15, 15, 15, 4, 4, 15, 15, 15, 4, 12, 15, 15, 15, 15]
[TEST DEBUG] Env_t: 300200 | Actions: [4, 4, 4, 4, 4, 4, 15, 15, 15, 4, 4, 15, 15, 15, 4, 12, 15, 15, 15, 15]
[TEST DEBUG] Env_t: 300200 | Actions: [4, 4, 4, 4, 4, 4, 15, 15, 15, 4, 4, 15, 15, 15, 4, 12, 15, 15, 15, 15]
[TEST DEBUG] Env_t: 300200 | Actions: [4, 4, 4, 4, 4, 4, 15, 15, 15, 4, 4, 15, 15, 15, 4, 12, 15, 15, 15, 15]
[TEST DEBUG] Env_t: 300200 | Actions: [4, 4, 4, 4, 4, 4, 15, 15, 15, 4, 4, 15, 15, 15, 4, 12, 15, 15, 15, 15]
[TEST DEBUG] Env_t: 300200 | Actions: [4, 4, 4, 4, 4, 4, 15, 15, 15, 4, 4, 15, 15, 15, 4, 12, 15, 15, 15, 15]
[TEST DEBUG] Env_t: 300200 | Actions: [4, 4, 4, 4, 4, 4, 15, 15, 15, 4, 4, 15, 15, 15, 4, 12, 15, 15, 15, 15]
[TEST DEBUG] Env_t: 300200 | Actions: [4, 4, 4, 4, 4, 4, 15, 15, 15, 4, 4, 15, 15, 15, 4, 12, 15, 15, 15, 15]
[TEST DEBUG] Env_t: 300200 | Actions: [4, 4, 4, 4, 4, 4, 15, 15, 15, 4, 4, 15, 15, 15, 4, 12, 15, 15, 15, 15]
[TEST DEBUG] Env_t: 300200 | Actions: [4, 4, 4, 4, 4, 4, 15, 15, 15, 4, 4, 15, 15, 15, 4, 12, 15, 15, 15, 15]
[TEST DEBUG] Env_t: 300200 | Actions: [4, 4, 4, 4, 4, 4, 15, 15, 15, 4, 4, 15, 15, 15, 4, 12, 15, 15, 15, 15]
[TEST DEBUG] Env_t: 300200 | Actions: [4, 4, 4, 4, 4, 4, 15, 15, 15, 4, 4, 15, 15, 15, 4, 12, 15, 15, 15, 15]
[TEST DEBUG] Env_t: 300200 | Actions: [4, 4, 4, 4, 4, 4, 15, 15, 15, 4, 4, 15, 15, 15, 4, 12, 15, 15, 15, 15]
[TEST DEBUG] Env_t: 300200 | Actions: [4, 4, 4, 4, 4, 4, 15, 15, 15, 4, 4, 15, 15, 15, 4, 12, 15, 15, 15, 15]
[TEST DEBUG] Env_t: 300200 | Actions: [4, 4, 4, 4, 4, 4, 15, 15, 15, 4, 4, 15, 15, 15, 4, 12, 15, 15, 15, 15]
[TEST DEBUG] Env_t: 300200 | Actions: [4, 4, 4, 4, 4, 4, 15, 15, 15, 4, 4, 15, 15, 15, 4, 12, 15, 15, 15, 15]
[TEST DEBUG] Env_t: 300200 | Actions: [4, 4, 4, 4, 4, 4, 15, 15, 15, 4, 4, 15, 15, 15, 4, 12, 15, 15, 15, 15]
[TEST DEBUG] Env_t: 300200 | Actions: [4, 4, 4, 4, 4, 4, 15, 15, 15, 4, 4, 15, 15, 15, 4, 12, 15, 15, 15, 15]
[TEST DEBUG] Env_t: 300200 | Actions: [4, 4, 4, 4, 4, 4, 15, 15, 15, 4, 4, 15, 15, 15, 4, 12, 15, 15, 15, 15]
[TEST DEBUG] Env_t: 300200 | Actions: [4, 4, 4, 4, 4, 4, 15, 15, 15, 4, 4, 15, 15, 15, 4, 12, 15, 15, 15, 15]
[TEST DEBUG] Env_t: 300200 | Actions: [4, 4, 4, 4, 4, 4, 15, 15, 15, 4, 4, 15, 15, 15, 4, 12, 15, 15, 15, 15]
[TEST DEBUG] Env_t: 300200 | Actions: [4, 4, 4, 4, 4, 4, 15, 15, 15, 4, 4, 15, 15, 15, 4, 12, 15, 15, 15, 15]
[TEST DEBUG] Env_t: 300200 | Actions: [4, 4, 4, 4, 4, 4, 15, 15, 15, 4, 4, 15, 15, 15, 4, 12, 15, 15, 15, 15]
[TEST DEBUG] Env_t: 300200 | Actions: [4, 4, 4, 4, 4, 4, 15, 15, 15, 4, 4, 15, 15, 15, 4, 12, 15, 15, 15, 15]
[TEST DEBUG] Env_t: 300200 | Actions: [4, 4, 4, 4, 4, 4, 15, 15, 15, 4, 4, 15, 15, 15, 4, 12, 15, 15, 15, 15]
[TEST DEBUG] Env_t: 300200 | Actions: [4, 4, 4, 4, 4, 4, 15, 15, 15, 4, 4, 15, 15, 15, 4, 12, 15, 15, 15, 15]
[TEST DEBUG] Env_t: 300200 | Actions: [4, 4, 4, 4, 4, 4, 15, 15, 15, 4, 4, 15, 15, 15, 4, 12, 15, 15, 15, 15]
[TEST DEBUG] Env_t: 300200 | Actions: [4, 4, 4, 4, 4, 4, 15, 15, 15, 4, 4, 15, 15, 15, 4, 12, 15, 15, 15, 15]
[TEST DEBUG] Env_t: 300200 | Actions: [4, 4, 4, 4, 4, 4, 15, 15, 15, 4, 4, 15, 15, 15, 4, 12, 15, 15, 15, 15]
[TEST DEBUG] Env_t: 300200 | Actions: [4, 4, 4, 4, 4, 4, 15, 15, 15, 4, 4, 15, 15, 15, 4, 12, 15, 15, 15, 15]
[TEST DEBUG] Env_t: 300200 | Actions: [4, 4, 4, 4, 4, 4, 15, 15, 15, 4, 4, 15, 15, 15, 4, 12, 15, 15, 15, 15]
[TEST DEBUG] Env_t: 300200 | Actions: [4, 4, 4, 4, 4, 4, 15, 15, 15, 4, 4, 15, 15, 15, 4, 12, 15, 15, 15, 15]
[TEST DEBUG] Env_t: 300200 | Actions: [4, 4, 4, 4, 4, 4, 15, 15, 15, 4, 4, 15, 15, 15, 4, 12, 15, 15, 15, 15]
[TEST DEBUG] Env_t: 300200 | Actions: [4, 4, 4, 4, 4, 4, 15, 15, 15, 4, 4, 15, 15, 15, 4, 12, 15, 15, 15, 15]
[TEST DEBUG] Env_t: 300200 | Actions: [4, 4, 4, 4, 4, 4, 15, 15, 15, 4, 4, 15, 15, 15, 4, 12, 15, 15, 15, 15]
[TEST DEBUG] Env_t: 300200 | Actions: [4, 4, 4, 4, 4, 4, 15, 15, 15, 4, 4, 15, 15, 15, 4, 12, 15, 15, 15, 15]
[TEST DEBUG] Env_t: 300200 | Actions: [4, 4, 4, 4, 4, 4, 15, 15, 15, 4, 4, 15, 15, 15, 4, 12, 15, 15, 15, 15]
[TEST DEBUG] Env_t: 300200 | Actions: [4, 4, 4, 4, 4, 4, 15, 15, 15, 4, 4, 15, 15, 15, 4, 12, 15, 15, 15, 15]
[TEST DEBUG] Env_t: 300200 | Actions: [4, 4, 4, 4, 4, 4, 15, 15, 15, 4, 4, 15, 15, 15, 4, 12, 15, 15, 15, 15]
[TEST DEBUG] Env_t: 300200 | Actions: [4, 4, 4, 4, 4, 4, 15, 15, 15, 4, 4, 15, 15, 15, 4, 12, 15, 15, 15, 15]
[TEST DEBUG] Env_t: 300200 | Actions: [4, 4, 4, 4, 4, 4, 15, 15, 15, 4, 4, 15, 15, 15, 4, 12, 15, 15, 15, 15]
[TEST DEBUG] Env_t: 300200 | Actions: [4, 4, 4, 4, 4, 4, 15, 15, 15, 4, 4, 15, 15, 15, 4, 12, 15, 15, 15, 15]
[TEST DEBUG] Env_t: 300200 | Actions: [4, 4, 4, 4, 4, 4, 15, 15, 15, 4, 4, 15, 15, 15, 4, 12, 15, 15, 15, 15]
[TEST DEBUG] Env_t: 300200 | Actions: [4, 4, 4, 4, 4, 4, 15, 15, 15, 4, 4, 15, 15, 15, 4, 12, 15, 15, 15, 15]
[TEST DEBUG] Env_t: 300200 | Actions: [4, 4, 4, 4, 4, 4, 15, 15, 15, 4, 4, 15, 15, 15, 4, 12, 15, 15, 15, 15]
[TEST DEBUG] Env_t: 300200 | Actions: [4, 4, 4, 4, 4, 4, 15, 15, 15, 4, 4, 15, 15, 15, 4, 12, 15, 15, 15, 15]
[TEST DEBUG] Env_t: 300200 | Actions: [4, 4, 4, 4, 4, 4, 15, 15, 15, 4, 4, 15, 15, 15, 4, 12, 15, 15, 15, 15]
[TEST DEBUG] Env_t: 350200 | Actions: [4, 4, 4, 4, 4, 4, 0, 0, 0, 4, 4, 0, 0, 0, 4, 8, 8, 8, 15, 8]
[TEST DEBUG] Env_t: 350200 | Actions: [4, 4, 4, 4, 4, 4, 0, 0, 0, 4, 4, 0, 0, 0, 4, 8, 8, 8, 15, 8]
[TEST DEBUG] Env_t: 350200 | Actions: [4, 4, 4, 4, 4, 4, 0, 0, 0, 4, 4, 0, 0, 0, 4, 8, 8, 8, 15, 8]
[TEST DEBUG] Env_t: 350200 | Actions: [4, 4, 4, 4, 4, 4, 0, 0, 0, 4, 4, 0, 0, 0, 4, 8, 8, 8, 15, 8]
[TEST DEBUG] Env_t: 350200 | Actions: [4, 4, 4, 4, 4, 4, 0, 0, 0, 4, 4, 0, 0, 0, 4, 8, 8, 8, 15, 8]
[TEST DEBUG] Env_t: 350200 | Actions: [4, 4, 4, 4, 4, 4, 0, 0, 0, 4, 4, 0, 0, 0, 4, 8, 8, 8, 15, 8]
[TEST DEBUG] Env_t: 350200 | Actions: [4, 4, 4, 4, 4, 4, 0, 0, 0, 4, 4, 0, 0, 0, 4, 8, 8, 8, 15, 8]
[TEST DEBUG] Env_t: 350200 | Actions: [4, 4, 4, 4, 4, 4, 0, 0, 0, 4, 4, 0, 0, 0, 4, 8, 8, 8, 15, 8]
[TEST DEBUG] Env_t: 350200 | Actions: [4, 4, 4, 4, 4, 4, 0, 0, 0, 4, 4, 0, 0, 0, 4, 8, 8, 8, 15, 8]
[TEST DEBUG] Env_t: 350200 | Actions: [4, 4, 4, 4, 4, 4, 0, 0, 0, 4, 4, 0, 0, 0, 4, 8, 8, 8, 15, 8]
[TEST DEBUG] Env_t: 350200 | Actions: [4, 4, 4, 4, 4, 4, 0, 0, 0, 4, 4, 0, 0, 0, 4, 8, 8, 8, 15, 8]
[TEST DEBUG] Env_t: 350200 | Actions: [4, 4, 4, 4, 4, 4, 0, 0, 0, 4, 4, 0, 0, 0, 4, 8, 8, 8, 15, 8]
[TEST DEBUG] Env_t: 350200 | Actions: [4, 4, 4, 4, 4, 4, 0, 0, 0, 4, 4, 0, 0, 0, 4, 8, 8, 8, 15, 8]
[TEST DEBUG] Env_t: 350200 | Actions: [4, 4, 4, 4, 4, 4, 0, 0, 0, 4, 4, 0, 0, 0, 4, 8, 8, 8, 15, 8]
[TEST DEBUG] Env_t: 350200 | Actions: [4, 4, 4, 4, 4, 4, 0, 0, 0, 4, 4, 0, 0, 0, 4, 8, 8, 8, 15, 8]
[TEST DEBUG] Env_t: 350200 | Actions: [4, 4, 4, 4, 4, 4, 0, 0, 0, 4, 4, 0, 0, 0, 4, 8, 8, 8, 15, 8]
[TEST DEBUG] Env_t: 350200 | Actions: [4, 4, 4, 4, 4, 4, 0, 0, 0, 4, 4, 0, 0, 0, 4, 8, 8, 8, 15, 8]
[TEST DEBUG] Env_t: 350200 | Actions: [4, 4, 4, 4, 4, 4, 0, 0, 0, 4, 4, 0, 0, 0, 4, 8, 8, 8, 15, 8]
[TEST DEBUG] Env_t: 350200 | Actions: [4, 4, 4, 4, 4, 4, 0, 0, 0, 4, 4, 0, 0, 0, 4, 8, 8, 8, 15, 8]
[TEST DEBUG] Env_t: 350200 | Actions: [4, 4, 4, 4, 4, 4, 0, 0, 0, 4, 4, 0, 0, 0, 4, 8, 8, 8, 15, 8]
[TEST DEBUG] Env_t: 350200 | Actions: [4, 4, 4, 4, 4, 4, 0, 0, 0, 4, 4, 0, 0, 0, 4, 8, 8, 8, 15, 8]
[TEST DEBUG] Env_t: 350200 | Actions: [4, 4, 4, 4, 4, 4, 0, 0, 0, 4, 4, 0, 0, 0, 4, 8, 8, 8, 15, 8]
[TEST DEBUG] Env_t: 350200 | Actions: [4, 4, 4, 4, 4, 4, 0, 0, 0, 4, 4, 0, 0, 0, 4, 8, 8, 8, 15, 8]
[TEST DEBUG] Env_t: 350200 | Actions: [4, 4, 4, 4, 4, 4, 0, 0, 0, 4, 4, 0, 0, 0, 4, 8, 8, 8, 15, 8]
[TEST DEBUG] Env_t: 350200 | Actions: [4, 4, 4, 4, 4, 4, 0, 0, 0, 4, 4, 0, 0, 0, 4, 8, 8, 8, 15, 8]
[TEST DEBUG] Env_t: 350200 | Actions: [4, 4, 4, 4, 4, 4, 0, 0, 0, 4, 4, 0, 0, 0, 4, 8, 8, 8, 15, 8]
[TEST DEBUG] Env_t: 350200 | Actions: [4, 4, 4, 4, 4, 4, 0, 0, 0, 4, 4, 0, 0, 0, 4, 8, 8, 8, 15, 8]
[TEST DEBUG] Env_t: 350200 | Actions: [4, 4, 4, 4, 4, 4, 0, 0, 0, 4, 4, 0, 0, 0, 4, 8, 8, 8, 15, 8]
[TEST DEBUG] Env_t: 350200 | Actions: [4, 4, 4, 4, 4, 4, 0, 0, 0, 4, 4, 0, 0, 0, 4, 8, 8, 8, 15, 8]
[TEST DEBUG] Env_t: 350200 | Actions: [4, 4, 4, 4, 4, 4, 0, 0, 0, 4, 4, 0, 0, 0, 4, 8, 8, 8, 15, 8]
[TEST DEBUG] Env_t: 350200 | Actions: [4, 4, 4, 4, 4, 4, 0, 0, 0, 4, 4, 0, 0, 0, 4, 8, 8, 8, 15, 8]
[TEST DEBUG] Env_t: 350200 | Actions: [4, 4, 4, 4, 4, 4, 0, 0, 0, 4, 4, 0, 0, 0, 4, 8, 8, 8, 15, 8]
[TEST DEBUG] Env_t: 350200 | Actions: [4, 4, 4, 4, 4, 4, 0, 0, 0, 4, 4, 0, 0, 0, 4, 8, 8, 8, 15, 8]
[TEST DEBUG] Env_t: 350200 | Actions: [4, 4, 4, 4, 4, 4, 0, 0, 0, 4, 4, 0, 0, 0, 4, 8, 8, 8, 15, 8]
[TEST DEBUG] Env_t: 350200 | Actions: [4, 4, 4, 4, 4, 4, 0, 0, 0, 4, 4, 0, 0, 0, 4, 8, 8, 8, 15, 8]
[TEST DEBUG] Env_t: 350200 | Actions: [4, 4, 4, 4, 4, 4, 0, 0, 0, 4, 4, 0, 0, 0, 4, 8, 8, 8, 15, 8]
[TEST DEBUG] Env_t: 350200 | Actions: [4, 4, 4, 4, 4, 4, 0, 0, 0, 4, 4, 0, 0, 0, 4, 8, 8, 8, 15, 8]
[TEST DEBUG] Env_t: 350200 | Actions: [4, 4, 4, 4, 4, 4, 0, 0, 0, 4, 4, 0, 0, 0, 4, 8, 8, 8, 15, 8]
[TEST DEBUG] Env_t: 350200 | Actions: [4, 4, 4, 4, 4, 4, 0, 0, 0, 4, 4, 0, 0, 0, 4, 8, 8, 8, 15, 8]
[TEST DEBUG] Env_t: 350200 | Actions: [4, 4, 4, 4, 4, 4, 0, 0, 0, 4, 4, 0, 0, 0, 4, 8, 8, 8, 15, 8]
[TEST DEBUG] Env_t: 350200 | Actions: [4, 4, 4, 4, 4, 4, 0, 0, 0, 4, 4, 0, 0, 0, 4, 8, 8, 8, 15, 8]
[TEST DEBUG] Env_t: 350200 | Actions: [4, 4, 4, 4, 4, 4, 0, 0, 0, 4, 4, 0, 0, 0, 4, 8, 8, 8, 15, 8]
[TEST DEBUG] Env_t: 350200 | Actions: [4, 4, 4, 4, 4, 4, 0, 0, 0, 4, 4, 0, 0, 0, 4, 8, 8, 8, 15, 8]
[TEST DEBUG] Env_t: 350200 | Actions: [4, 4, 4, 4, 4, 4, 0, 0, 0, 4, 4, 0, 0, 0, 4, 8, 8, 8, 15, 8]
[TEST DEBUG] Env_t: 350200 | Actions: [4, 4, 4, 4, 4, 4, 0, 0, 0, 4, 4, 0, 0, 0, 4, 8, 8, 8, 15, 8]
[TEST DEBUG] Env_t: 350200 | Actions: [4, 4, 4, 4, 4, 4, 0, 0, 0, 4, 4, 0, 0, 0, 4, 8, 8, 8, 15, 8]
[TEST DEBUG] Env_t: 350200 | Actions: [4, 4, 4, 4, 4, 4, 0, 0, 0, 4, 4, 0, 0, 0, 4, 8, 8, 8, 15, 8]
[TEST DEBUG] Env_t: 350200 | Actions: [4, 4, 4, 4, 4, 4, 0, 0, 0, 4, 4, 0, 0, 0, 4, 8, 8, 8, 15, 8]
[TEST DEBUG] Env_t: 350200 | Actions: [4, 4, 4, 4, 4, 4, 0, 0, 0, 4, 4, 0, 0, 0, 4, 8, 8, 8, 15, 8]
[TEST DEBUG] Env_t: 350200 | Actions: [4, 4, 4, 4, 4, 4, 0, 0, 0, 4, 4, 0, 0, 0, 4, 8, 8, 8, 15, 8]
[TEST DEBUG] Env_t: 400365 | Actions: [4, 4, 4, 4, 4, 4, 8, 4, 0, 0, 4, 0, 0, 0, 4, 8, 8, 8, 8, 8]
[TEST DEBUG] Env_t: 400365 | Actions: [4, 4, 4, 4, 4, 4, 8, 4, 0, 0, 4, 0, 0, 0, 4, 8, 8, 8, 8, 8]
[TEST DEBUG] Env_t: 400365 | Actions: [4, 4, 4, 4, 4, 4, 8, 4, 0, 0, 4, 0, 0, 0, 4, 8, 8, 8, 8, 8]
[TEST DEBUG] Env_t: 400365 | Actions: [4, 4, 4, 4, 4, 4, 8, 4, 0, 0, 4, 0, 0, 0, 4, 8, 8, 8, 8, 8]
[TEST DEBUG] Env_t: 400365 | Actions: [4, 4, 4, 4, 4, 4, 8, 4, 0, 0, 4, 0, 0, 0, 4, 8, 8, 8, 8, 8]
[TEST DEBUG] Env_t: 400365 | Actions: [4, 4, 4, 4, 4, 4, 8, 4, 0, 0, 4, 0, 0, 0, 4, 8, 8, 8, 8, 8]
[TEST DEBUG] Env_t: 400365 | Actions: [4, 4, 4, 4, 4, 4, 8, 4, 0, 0, 4, 0, 0, 0, 4, 8, 8, 8, 8, 8]
[TEST DEBUG] Env_t: 400365 | Actions: [4, 4, 4, 4, 4, 4, 8, 4, 0, 0, 4, 0, 0, 0, 4, 8, 8, 8, 8, 8]
[TEST DEBUG] Env_t: 400365 | Actions: [4, 4, 4, 4, 4, 4, 8, 4, 0, 0, 4, 0, 0, 0, 4, 8, 8, 8, 8, 8]
[TEST DEBUG] Env_t: 400365 | Actions: [4, 4, 4, 4, 4, 4, 8, 4, 0, 0, 4, 0, 0, 0, 4, 8, 8, 8, 8, 8]
[TEST DEBUG] Env_t: 400365 | Actions: [4, 4, 4, 4, 4, 4, 8, 4, 0, 0, 4, 0, 0, 0, 4, 8, 8, 8, 8, 8]
[TEST DEBUG] Env_t: 400365 | Actions: [4, 4, 4, 4, 4, 4, 8, 4, 0, 0, 4, 0, 0, 0, 4, 8, 8, 8, 8, 8]
[TEST DEBUG] Env_t: 400365 | Actions: [4, 4, 4, 4, 4, 4, 8, 4, 0, 0, 4, 0, 0, 0, 4, 8, 8, 8, 8, 8]
[TEST DEBUG] Env_t: 400365 | Actions: [4, 4, 4, 4, 4, 4, 8, 4, 0, 0, 4, 0, 0, 0, 4, 8, 8, 8, 8, 8]
[TEST DEBUG] Env_t: 400365 | Actions: [4, 4, 4, 4, 4, 4, 8, 4, 0, 0, 4, 0, 0, 0, 4, 8, 8, 8, 8, 8]
[TEST DEBUG] Env_t: 400365 | Actions: [4, 4, 4, 4, 4, 4, 8, 4, 0, 0, 4, 0, 0, 0, 4, 8, 8, 8, 8, 8]
[TEST DEBUG] Env_t: 400365 | Actions: [4, 4, 4, 4, 4, 4, 8, 4, 0, 0, 4, 0, 0, 0, 4, 8, 8, 8, 8, 8]
[TEST DEBUG] Env_t: 400365 | Actions: [4, 4, 4, 4, 4, 4, 8, 4, 0, 0, 4, 0, 0, 0, 4, 8, 8, 8, 8, 8]
[TEST DEBUG] Env_t: 400365 | Actions: [4, 4, 4, 4, 4, 4, 8, 4, 0, 0, 4, 0, 0, 0, 4, 8, 8, 8, 8, 8]
[TEST DEBUG] Env_t: 400365 | Actions: [4, 4, 4, 4, 4, 4, 8, 4, 0, 0, 4, 0, 0, 0, 4, 8, 8, 8, 8, 8]
[TEST DEBUG] Env_t: 400365 | Actions: [4, 4, 4, 4, 4, 4, 8, 4, 0, 0, 4, 0, 0, 0, 4, 8, 8, 8, 8, 8]
[TEST DEBUG] Env_t: 400365 | Actions: [4, 4, 4, 4, 4, 4, 8, 4, 0, 0, 4, 0, 0, 0, 4, 8, 8, 8, 8, 8]
[TEST DEBUG] Env_t: 400365 | Actions: [4, 4, 4, 4, 4, 4, 8, 4, 0, 0, 4, 0, 0, 0, 4, 8, 8, 8, 8, 8]
[TEST DEBUG] Env_t: 400365 | Actions: [4, 4, 4, 4, 4, 4, 8, 4, 0, 0, 4, 0, 0, 0, 4, 8, 8, 8, 8, 8]
[TEST DEBUG] Env_t: 400365 | Actions: [4, 4, 4, 4, 4, 4, 8, 4, 0, 0, 4, 0, 0, 0, 4, 8, 8, 8, 8, 8]
[TEST DEBUG] Env_t: 400365 | Actions: [4, 4, 4, 4, 4, 4, 8, 4, 0, 0, 4, 0, 0, 0, 4, 8, 8, 8, 8, 8]
[TEST DEBUG] Env_t: 400365 | Actions: [4, 4, 4, 4, 4, 4, 8, 4, 0, 0, 4, 0, 0, 0, 4, 8, 8, 8, 8, 8]
[TEST DEBUG] Env_t: 400365 | Actions: [4, 4, 4, 4, 4, 4, 8, 4, 0, 0, 4, 0, 0, 0, 4, 8, 8, 8, 8, 8]
[TEST DEBUG] Env_t: 400365 | Actions: [4, 4, 4, 4, 4, 4, 8, 4, 0, 0, 4, 0, 0, 0, 4, 8, 8, 8, 8, 8]
[TEST DEBUG] Env_t: 400365 | Actions: [4, 4, 4, 4, 4, 4, 8, 4, 0, 0, 4, 0, 0, 0, 4, 8, 8, 8, 8, 8]
[TEST DEBUG] Env_t: 400365 | Actions: [4, 4, 4, 4, 4, 4, 8, 4, 0, 0, 4, 0, 0, 0, 4, 8, 8, 8, 8, 8]
[TEST DEBUG] Env_t: 400365 | Actions: [4, 4, 4, 4, 4, 4, 8, 4, 0, 0, 4, 0, 0, 0, 4, 8, 8, 8, 8, 8]
[TEST DEBUG] Env_t: 400365 | Actions: [4, 4, 4, 4, 4, 4, 8, 4, 0, 0, 4, 0, 0, 0, 4, 8, 8, 8, 8, 8]
[TEST DEBUG] Env_t: 400365 | Actions: [4, 4, 4, 4, 4, 4, 8, 4, 0, 0, 4, 0, 0, 0, 4, 8, 8, 8, 8, 8]
[TEST DEBUG] Env_t: 400365 | Actions: [4, 4, 4, 4, 4, 4, 8, 4, 0, 0, 4, 0, 0, 0, 4, 8, 8, 8, 8, 8]
[TEST DEBUG] Env_t: 400365 | Actions: [4, 4, 4, 4, 4, 4, 8, 4, 0, 0, 4, 0, 0, 0, 4, 8, 8, 8, 8, 8]
[TEST DEBUG] Env_t: 400365 | Actions: [4, 4, 4, 4, 4, 4, 8, 4, 0, 0, 4, 0, 0, 0, 4, 8, 8, 8, 8, 8]
[TEST DEBUG] Env_t: 400365 | Actions: [4, 4, 4, 4, 4, 4, 8, 4, 0, 0, 4, 0, 0, 0, 4, 8, 8, 8, 8, 8]
[TEST DEBUG] Env_t: 400365 | Actions: [4, 4, 4, 4, 4, 4, 8, 4, 0, 0, 4, 0, 0, 0, 4, 8, 8, 8, 8, 8]
[TEST DEBUG] Env_t: 400365 | Actions: [4, 4, 4, 4, 4, 4, 8, 4, 0, 0, 4, 0, 0, 0, 4, 8, 8, 8, 8, 8]
[TEST DEBUG] Env_t: 400365 | Actions: [4, 4, 4, 4, 4, 4, 8, 4, 0, 0, 4, 0, 0, 0, 4, 8, 8, 8, 8, 8]
[TEST DEBUG] Env_t: 400365 | Actions: [4, 4, 4, 4, 4, 4, 8, 4, 0, 0, 4, 0, 0, 0, 4, 8, 8, 8, 8, 8]
[TEST DEBUG] Env_t: 400365 | Actions: [4, 4, 4, 4, 4, 4, 8, 4, 0, 0, 4, 0, 0, 0, 4, 8, 8, 8, 8, 8]
[TEST DEBUG] Env_t: 400365 | Actions: [4, 4, 4, 4, 4, 4, 8, 4, 0, 0, 4, 0, 0, 0, 4, 8, 8, 8, 8, 8]
[TEST DEBUG] Env_t: 400365 | Actions: [4, 4, 4, 4, 4, 4, 8, 4, 0, 0, 4, 0, 0, 0, 4, 8, 8, 8, 8, 8]
[TEST DEBUG] Env_t: 400365 | Actions: [4, 4, 4, 4, 4, 4, 8, 4, 0, 0, 4, 0, 0, 0, 4, 8, 8, 8, 8, 8]
[TEST DEBUG] Env_t: 400365 | Actions: [4, 4, 4, 4, 4, 4, 8, 4, 0, 0, 4, 0, 0, 0, 4, 8, 8, 8, 8, 8]
[TEST DEBUG] Env_t: 400365 | Actions: [4, 4, 4, 4, 4, 4, 8, 4, 0, 0, 4, 0, 0, 0, 4, 8, 8, 8, 8, 8]
[TEST DEBUG] Env_t: 400365 | Actions: [4, 4, 4, 4, 4, 4, 8, 4, 0, 0, 4, 0, 0, 0, 4, 8, 8, 8, 8, 8]
[TEST DEBUG] Env_t: 400365 | Actions: [4, 4, 4, 4, 4, 4, 8, 4, 0, 0, 4, 0, 0, 0, 4, 8, 8, 8, 8, 8]
[TEST DEBUG] Env_t: 450365 | Actions: [8, 8, 8, 8, 8, 8, 8, 8, 8, 8, 8, 8, 8, 8, 8, 8, 8, 8, 8, 8]
[TEST DEBUG] Env_t: 450365 | Actions: [8, 8, 8, 8, 8, 8, 8, 8, 8, 8, 8, 8, 8, 8, 8, 8, 8, 8, 8, 8]
[TEST DEBUG] Env_t: 450365 | Actions: [8, 8, 8, 8, 8, 8, 8, 8, 8, 8, 8, 8, 8, 8, 8, 8, 8, 8, 8, 8]
[TEST DEBUG] Env_t: 450365 | Actions: [8, 8, 8, 8, 8, 8, 8, 8, 8, 8, 8, 8, 8, 8, 8, 8, 8, 8, 8, 8]
[TEST DEBUG] Env_t: 450365 | Actions: [8, 8, 8, 8, 8, 8, 8, 8, 8, 8, 8, 8, 8, 8, 8, 8, 8, 8, 8, 8]
[TEST DEBUG] Env_t: 450365 | Actions: [8, 8, 8, 8, 8, 8, 8, 8, 8, 8, 8, 8, 8, 8, 8, 8, 8, 8, 8, 8]
[TEST DEBUG] Env_t: 450365 | Actions: [8, 8, 8, 8, 8, 8, 8, 8, 8, 8, 8, 8, 8, 8, 8, 8, 8, 8, 8, 8]
[TEST DEBUG] Env_t: 450365 | Actions: [8, 8, 8, 8, 8, 8, 8, 8, 8, 8, 8, 8, 8, 8, 8, 8, 8, 8, 8, 8]
[TEST DEBUG] Env_t: 450365 | Actions: [8, 8, 8, 8, 8, 8, 8, 8, 8, 8, 8, 8, 8, 8, 8, 8, 8, 8, 8, 8]
[TEST DEBUG] Env_t: 450365 | Actions: [8, 8, 8, 8, 8, 8, 8, 8, 8, 8, 8, 8, 8, 8, 8, 8, 8, 8, 8, 8]
[TEST DEBUG] Env_t: 450365 | Actions: [8, 8, 8, 8, 8, 8, 8, 8, 8, 8, 8, 8, 8, 8, 8, 8, 8, 8, 8, 8]
[TEST DEBUG] Env_t: 450365 | Actions: [8, 8, 8, 8, 8, 8, 8, 8, 8, 8, 8, 8, 8, 8, 8, 8, 8, 8, 8, 8]
[TEST DEBUG] Env_t: 450365 | Actions: [8, 8, 8, 8, 8, 8, 8, 8, 8, 8, 8, 8, 8, 8, 8, 8, 8, 8, 8, 8]
[TEST DEBUG] Env_t: 450365 | Actions: [8, 8, 8, 8, 8, 8, 8, 8, 8, 8, 8, 8, 8, 8, 8, 8, 8, 8, 8, 8]
[TEST DEBUG] Env_t: 450365 | Actions: [8, 8, 8, 8, 8, 8, 8, 8, 8, 8, 8, 8, 8, 8, 8, 8, 8, 8, 8, 8]
[TEST DEBUG] Env_t: 450365 | Actions: [8, 8, 8, 8, 8, 8, 8, 8, 8, 8, 8, 8, 8, 8, 8, 8, 8, 8, 8, 8]
[TEST DEBUG] Env_t: 450365 | Actions: [8, 8, 8, 8, 8, 8, 8, 8, 8, 8, 8, 8, 8, 8, 8, 8, 8, 8, 8, 8]
[TEST DEBUG] Env_t: 450365 | Actions: [8, 8, 8, 8, 8, 8, 8, 8, 8, 8, 8, 8, 8, 8, 8, 8, 8, 8, 8, 8]
[TEST DEBUG] Env_t: 450365 | Actions: [8, 8, 8, 8, 8, 8, 8, 8, 8, 8, 8, 8, 8, 8, 8, 8, 8, 8, 8, 8]
[TEST DEBUG] Env_t: 450365 | Actions: [8, 8, 8, 8, 8, 8, 8, 8, 8, 8, 8, 8, 8, 8, 8, 8, 8, 8, 8, 8]
[TEST DEBUG] Env_t: 450365 | Actions: [8, 8, 8, 8, 8, 8, 8, 8, 8, 8, 8, 8, 8, 8, 8, 8, 8, 8, 8, 8]
[TEST DEBUG] Env_t: 450365 | Actions: [8, 8, 8, 8, 8, 8, 8, 8, 8, 8, 8, 8, 8, 8, 8, 8, 8, 8, 8, 8]
[TEST DEBUG] Env_t: 450365 | Actions: [8, 8, 8, 8, 8, 8, 8, 8, 8, 8, 8, 8, 8, 8, 8, 8, 8, 8, 8, 8]
[TEST DEBUG] Env_t: 450365 | Actions: [8, 8, 8, 8, 8, 8, 8, 8, 8, 8, 8, 8, 8, 8, 8, 8, 8, 8, 8, 8]
[TEST DEBUG] Env_t: 450365 | Actions: [8, 8, 8, 8, 8, 8, 8, 8, 8, 8, 8, 8, 8, 8, 8, 8, 8, 8, 8, 8]
[TEST DEBUG] Env_t: 450365 | Actions: [8, 8, 8, 8, 8, 8, 8, 8, 8, 8, 8, 8, 8, 8, 8, 8, 8, 8, 8, 8]
[TEST DEBUG] Env_t: 450365 | Actions: [8, 8, 8, 8, 8, 8, 8, 8, 8, 8, 8, 8, 8, 8, 8, 8, 8, 8, 8, 8]
[TEST DEBUG] Env_t: 450365 | Actions: [8, 8, 8, 8, 8, 8, 8, 8, 8, 8, 8, 8, 8, 8, 8, 8, 8, 8, 8, 8]
[TEST DEBUG] Env_t: 450365 | Actions: [8, 8, 8, 8, 8, 8, 8, 8, 8, 8, 8, 8, 8, 8, 8, 8, 8, 8, 8, 8]
[TEST DEBUG] Env_t: 450365 | Actions: [8, 8, 8, 8, 8, 8, 8, 8, 8, 8, 8, 8, 8, 8, 8, 8, 8, 8, 8, 8]
[TEST DEBUG] Env_t: 450365 | Actions: [8, 8, 8, 8, 8, 8, 8, 8, 8, 8, 8, 8, 8, 8, 8, 8, 8, 8, 8, 8]
[TEST DEBUG] Env_t: 450365 | Actions: [8, 8, 8, 8, 8, 8, 8, 8, 8, 8, 8, 8, 8, 8, 8, 8, 8, 8, 8, 8]
[TEST DEBUG] Env_t: 450365 | Actions: [8, 8, 8, 8, 8, 8, 8, 8, 8, 8, 8, 8, 8, 8, 8, 8, 8, 8, 8, 8]
[TEST DEBUG] Env_t: 450365 | Actions: [8, 8, 8, 8, 8, 8, 8, 8, 8, 8, 8, 8, 8, 8, 8, 8, 8, 8, 8, 8]
[TEST DEBUG] Env_t: 450365 | Actions: [8, 8, 8, 8, 8, 8, 8, 8, 8, 8, 8, 8, 8, 8, 8, 8, 8, 8, 8, 8]
[TEST DEBUG] Env_t: 450365 | Actions: [8, 8, 8, 8, 8, 8, 8, 8, 8, 8, 8, 8, 8, 8, 8, 8, 8, 8, 8, 8]
[TEST DEBUG] Env_t: 450365 | Actions: [8, 8, 8, 8, 8, 8, 8, 8, 8, 8, 8, 8, 8, 8, 8, 8, 8, 8, 8, 8]
[TEST DEBUG] Env_t: 450365 | Actions: [8, 8, 8, 8, 8, 8, 8, 8, 8, 8, 8, 8, 8, 8, 8, 8, 8, 8, 8, 8]
[TEST DEBUG] Env_t: 450365 | Actions: [8, 8, 8, 8, 8, 8, 8, 8, 8, 8, 8, 8, 8, 8, 8, 8, 8, 8, 8, 8]
[TEST DEBUG] Env_t: 450365 | Actions: [8, 8, 8, 8, 8, 8, 8, 8, 8, 8, 8, 8, 8, 8, 8, 8, 8, 8, 8, 8]
[TEST DEBUG] Env_t: 450365 | Actions: [8, 8, 8, 8, 8, 8, 8, 8, 8, 8, 8, 8, 8, 8, 8, 8, 8, 8, 8, 8]
[TEST DEBUG] Env_t: 450365 | Actions: [8, 8, 8, 8, 8, 8, 8, 8, 8, 8, 8, 8, 8, 8, 8, 8, 8, 8, 8, 8]
[TEST DEBUG] Env_t: 450365 | Actions: [8, 8, 8, 8, 8, 8, 8, 8, 8, 8, 8, 8, 8, 8, 8, 8, 8, 8, 8, 8]
[TEST DEBUG] Env_t: 450365 | Actions: [8, 8, 8, 8, 8, 8, 8, 8, 8, 8, 8, 8, 8, 8, 8, 8, 8, 8, 8, 8]
[TEST DEBUG] Env_t: 450365 | Actions: [8, 8, 8, 8, 8, 8, 8, 8, 8, 8, 8, 8, 8, 8, 8, 8, 8, 8, 8, 8]
[TEST DEBUG] Env_t: 450365 | Actions: [8, 8, 8, 8, 8, 8, 8, 8, 8, 8, 8, 8, 8, 8, 8, 8, 8, 8, 8, 8]
[TEST DEBUG] Env_t: 450365 | Actions: [8, 8, 8, 8, 8, 8, 8, 8, 8, 8, 8, 8, 8, 8, 8, 8, 8, 8, 8, 8]
[TEST DEBUG] Env_t: 450365 | Actions: [8, 8, 8, 8, 8, 8, 8, 8, 8, 8, 8, 8, 8, 8, 8, 8, 8, 8, 8, 8]
[TEST DEBUG] Env_t: 450365 | Actions: [8, 8, 8, 8, 8, 8, 8, 8, 8, 8, 8, 8, 8, 8, 8, 8, 8, 8, 8, 8]
[TEST DEBUG] Env_t: 450365 | Actions: [8, 8, 8, 8, 8, 8, 8, 8, 8, 8, 8, 8, 8, 8, 8, 8, 8, 8, 8, 8]
[TEST DEBUG] Env_t: 500479 | Actions: [8, 8, 8, 8, 8, 8, 8, 8, 8, 8, 8, 8, 8, 8, 8, 8, 8, 8, 8, 8]
[TEST DEBUG] Env_t: 500479 | Actions: [8, 8, 8, 8, 8, 8, 8, 8, 8, 8, 8, 8, 8, 8, 8, 8, 8, 8, 8, 8]
[TEST DEBUG] Env_t: 500479 | Actions: [8, 8, 8, 8, 8, 8, 8, 8, 8, 8, 8, 8, 8, 8, 8, 8, 8, 8, 8, 8]
[TEST DEBUG] Env_t: 500479 | Actions: [8, 8, 8, 8, 8, 8, 8, 8, 8, 8, 8, 8, 8, 8, 8, 8, 8, 8, 8, 8]
[TEST DEBUG] Env_t: 500479 | Actions: [8, 8, 8, 8, 8, 8, 8, 8, 8, 8, 8, 8, 8, 8, 8, 8, 8, 8, 8, 8]
[TEST DEBUG] Env_t: 500479 | Actions: [8, 8, 8, 8, 8, 8, 8, 8, 8, 8, 8, 8, 8, 8, 8, 8, 8, 8, 8, 8]
[TEST DEBUG] Env_t: 500479 | Actions: [8, 8, 8, 8, 8, 8, 8, 8, 8, 8, 8, 8, 8, 8, 8, 8, 8, 8, 8, 8]
[TEST DEBUG] Env_t: 500479 | Actions: [8, 8, 8, 8, 8, 8, 8, 8, 8, 8, 8, 8, 8, 8, 8, 8, 8, 8, 8, 8]
[TEST DEBUG] Env_t: 500479 | Actions: [8, 8, 8, 8, 8, 8, 8, 8, 8, 8, 8, 8, 8, 8, 8, 8, 8, 8, 8, 8]
[TEST DEBUG] Env_t: 500479 | Actions: [8, 8, 8, 8, 8, 8, 8, 8, 8, 8, 8, 8, 8, 8, 8, 8, 8, 8, 8, 8]
[TEST DEBUG] Env_t: 500479 | Actions: [8, 8, 8, 8, 8, 8, 8, 8, 8, 8, 8, 8, 8, 8, 8, 8, 8, 8, 8, 8]
[TEST DEBUG] Env_t: 500479 | Actions: [8, 8, 8, 8, 8, 8, 8, 8, 8, 8, 8, 8, 8, 8, 8, 8, 8, 8, 8, 8]
[TEST DEBUG] Env_t: 500479 | Actions: [8, 8, 8, 8, 8, 8, 8, 8, 8, 8, 8, 8, 8, 8, 8, 8, 8, 8, 8, 8]
[TEST DEBUG] Env_t: 500479 | Actions: [8, 8, 8, 8, 8, 8, 8, 8, 8, 8, 8, 8, 8, 8, 8, 8, 8, 8, 8, 8]
[TEST DEBUG] Env_t: 500479 | Actions: [8, 8, 8, 8, 8, 8, 8, 8, 8, 8, 8, 8, 8, 8, 8, 8, 8, 8, 8, 8]
[TEST DEBUG] Env_t: 500479 | Actions: [8, 8, 8, 8, 8, 8, 8, 8, 8, 8, 8, 8, 8, 8, 8, 8, 8, 8, 8, 8]
[TEST DEBUG] Env_t: 500479 | Actions: [8, 8, 8, 8, 8, 8, 8, 8, 8, 8, 8, 8, 8, 8, 8, 8, 8, 8, 8, 8]
[TEST DEBUG] Env_t: 500479 | Actions: [8, 8, 8, 8, 8, 8, 8, 8, 8, 8, 8, 8, 8, 8, 8, 8, 8, 8, 8, 8]
[TEST DEBUG] Env_t: 500479 | Actions: [8, 8, 8, 8, 8, 8, 8, 8, 8, 8, 8, 8, 8, 8, 8, 8, 8, 8, 8, 8]
[TEST DEBUG] Env_t: 500479 | Actions: [8, 8, 8, 8, 8, 8, 8, 8, 8, 8, 8, 8, 8, 8, 8, 8, 8, 8, 8, 8]
[TEST DEBUG] Env_t: 500479 | Actions: [8, 8, 8, 8, 8, 8, 8, 8, 8, 8, 8, 8, 8, 8, 8, 8, 8, 8, 8, 8]
[TEST DEBUG] Env_t: 500479 | Actions: [8, 8, 8, 8, 8, 8, 8, 8, 8, 8, 8, 8, 8, 8, 8, 8, 8, 8, 8, 8]
[TEST DEBUG] Env_t: 500479 | Actions: [8, 8, 8, 8, 8, 8, 8, 8, 8, 8, 8, 8, 8, 8, 8, 8, 8, 8, 8, 8]
[TEST DEBUG] Env_t: 500479 | Actions: [8, 8, 8, 8, 8, 8, 8, 8, 8, 8, 8, 8, 8, 8, 8, 8, 8, 8, 8, 8]
[TEST DEBUG] Env_t: 500479 | Actions: [8, 8, 8, 8, 8, 8, 8, 8, 8, 8, 8, 8, 8, 8, 8, 8, 8, 8, 8, 8]
[TEST DEBUG] Env_t: 500479 | Actions: [8, 8, 8, 8, 8, 8, 8, 8, 8, 8, 8, 8, 8, 8, 8, 8, 8, 8, 8, 8]
[TEST DEBUG] Env_t: 500479 | Actions: [8, 8, 8, 8, 8, 8, 8, 8, 8, 8, 8, 8, 8, 8, 8, 8, 8, 8, 8, 8]
[TEST DEBUG] Env_t: 500479 | Actions: [8, 8, 8, 8, 8, 8, 8, 8, 8, 8, 8, 8, 8, 8, 8, 8, 8, 8, 8, 8]
[TEST DEBUG] Env_t: 500479 | Actions: [8, 8, 8, 8, 8, 8, 8, 8, 8, 8, 8, 8, 8, 8, 8, 8, 8, 8, 8, 8]
[TEST DEBUG] Env_t: 500479 | Actions: [8, 8, 8, 8, 8, 8, 8, 8, 8, 8, 8, 8, 8, 8, 8, 8, 8, 8, 8, 8]
[TEST DEBUG] Env_t: 500479 | Actions: [8, 8, 8, 8, 8, 8, 8, 8, 8, 8, 8, 8, 8, 8, 8, 8, 8, 8, 8, 8]
[TEST DEBUG] Env_t: 500479 | Actions: [8, 8, 8, 8, 8, 8, 8, 8, 8, 8, 8, 8, 8, 8, 8, 8, 8, 8, 8, 8]
[TEST DEBUG] Env_t: 500479 | Actions: [8, 8, 8, 8, 8, 8, 8, 8, 8, 8, 8, 8, 8, 8, 8, 8, 8, 8, 8, 8]
[TEST DEBUG] Env_t: 500479 | Actions: [8, 8, 8, 8, 8, 8, 8, 8, 8, 8, 8, 8, 8, 8, 8, 8, 8, 8, 8, 8]
[TEST DEBUG] Env_t: 500479 | Actions: [8, 8, 8, 8, 8, 8, 8, 8, 8, 8, 8, 8, 8, 8, 8, 8, 8, 8, 8, 8]
[TEST DEBUG] Env_t: 500479 | Actions: [8, 8, 8, 8, 8, 8, 8, 8, 8, 8, 8, 8, 8, 8, 8, 8, 8, 8, 8, 8]
[TEST DEBUG] Env_t: 500479 | Actions: [8, 8, 8, 8, 8, 8, 8, 8, 8, 8, 8, 8, 8, 8, 8, 8, 8, 8, 8, 8]
[TEST DEBUG] Env_t: 500479 | Actions: [8, 8, 8, 8, 8, 8, 8, 8, 8, 8, 8, 8, 8, 8, 8, 8, 8, 8, 8, 8]
[TEST DEBUG] Env_t: 500479 | Actions: [8, 8, 8, 8, 8, 8, 8, 8, 8, 8, 8, 8, 8, 8, 8, 8, 8, 8, 8, 8]
[TEST DEBUG] Env_t: 500479 | Actions: [8, 8, 8, 8, 8, 8, 8, 8, 8, 8, 8, 8, 8, 8, 8, 8, 8, 8, 8, 8]
[TEST DEBUG] Env_t: 500479 | Actions: [8, 8, 8, 8, 8, 8, 8, 8, 8, 8, 8, 8, 8, 8, 8, 8, 8, 8, 8, 8]
[TEST DEBUG] Env_t: 500479 | Actions: [8, 8, 8, 8, 8, 8, 8, 8, 8, 8, 8, 8, 8, 8, 8, 8, 8, 8, 8, 8]
[TEST DEBUG] Env_t: 500479 | Actions: [8, 8, 8, 8, 8, 8, 8, 8, 8, 8, 8, 8, 8, 8, 8, 8, 8, 8, 8, 8]
[TEST DEBUG] Env_t: 500479 | Actions: [8, 8, 8, 8, 8, 8, 8, 8, 8, 8, 8, 8, 8, 8, 8, 8, 8, 8, 8, 8]
[TEST DEBUG] Env_t: 500479 | Actions: [8, 8, 8, 8, 8, 8, 8, 8, 8, 8, 8, 8, 8, 8, 8, 8, 8, 8, 8, 8]
[TEST DEBUG] Env_t: 500479 | Actions: [8, 8, 8, 8, 8, 8, 8, 8, 8, 8, 8, 8, 8, 8, 8, 8, 8, 8, 8, 8]
[TEST DEBUG] Env_t: 500479 | Actions: [8, 8, 8, 8, 8, 8, 8, 8, 8, 8, 8, 8, 8, 8, 8, 8, 8, 8, 8, 8]
[TEST DEBUG] Env_t: 500479 | Actions: [8, 8, 8, 8, 8, 8, 8, 8, 8, 8, 8, 8, 8, 8, 8, 8, 8, 8, 8, 8]
[TEST DEBUG] Env_t: 500479 | Actions: [8, 8, 8, 8, 8, 8, 8, 8, 8, 8, 8, 8, 8, 8, 8, 8, 8, 8, 8, 8]
[TEST DEBUG] Env_t: 500479 | Actions: [8, 8, 8, 8, 8, 8, 8, 8, 8, 8, 8, 8, 8, 8, 8, 8, 8, 8, 8, 8]
[TEST DEBUG] Env_t: 550618 | Actions: [8, 8, 8, 8, 8, 8, 8, 8, 8, 8, 8, 8, 8, 8, 8, 8, 8, 8, 8, 8]
[TEST DEBUG] Env_t: 550618 | Actions: [8, 8, 8, 8, 8, 8, 8, 8, 8, 8, 8, 8, 8, 8, 8, 8, 8, 8, 8, 8]
[TEST DEBUG] Env_t: 550618 | Actions: [8, 8, 8, 8, 8, 8, 8, 8, 8, 8, 8, 8, 8, 8, 8, 8, 8, 8, 8, 8]
[TEST DEBUG] Env_t: 550618 | Actions: [8, 8, 8, 8, 8, 8, 8, 8, 8, 8, 8, 8, 8, 8, 8, 8, 8, 8, 8, 8]
[TEST DEBUG] Env_t: 550618 | Actions: [8, 8, 8, 8, 8, 8, 8, 8, 8, 8, 8, 8, 8, 8, 8, 8, 8, 8, 8, 8]
[TEST DEBUG] Env_t: 550618 | Actions: [8, 8, 8, 8, 8, 8, 8, 8, 8, 8, 8, 8, 8, 8, 8, 8, 8, 8, 8, 8]
[TEST DEBUG] Env_t: 550618 | Actions: [8, 8, 8, 8, 8, 8, 8, 8, 8, 8, 8, 8, 8, 8, 8, 8, 8, 8, 8, 8]
[TEST DEBUG] Env_t: 550618 | Actions: [8, 8, 8, 8, 8, 8, 8, 8, 8, 8, 8, 8, 8, 8, 8, 8, 8, 8, 8, 8]
[TEST DEBUG] Env_t: 550618 | Actions: [8, 8, 8, 8, 8, 8, 8, 8, 8, 8, 8, 8, 8, 8, 8, 8, 8, 8, 8, 8]
[TEST DEBUG] Env_t: 550618 | Actions: [8, 8, 8, 8, 8, 8, 8, 8, 8, 8, 8, 8, 8, 8, 8, 8, 8, 8, 8, 8]
[TEST DEBUG] Env_t: 550618 | Actions: [8, 8, 8, 8, 8, 8, 8, 8, 8, 8, 8, 8, 8, 8, 8, 8, 8, 8, 8, 8]
[TEST DEBUG] Env_t: 550618 | Actions: [8, 8, 8, 8, 8, 8, 8, 8, 8, 8, 8, 8, 8, 8, 8, 8, 8, 8, 8, 8]
[TEST DEBUG] Env_t: 550618 | Actions: [8, 8, 8, 8, 8, 8, 8, 8, 8, 8, 8, 8, 8, 8, 8, 8, 8, 8, 8, 8]
[TEST DEBUG] Env_t: 550618 | Actions: [8, 8, 8, 8, 8, 8, 8, 8, 8, 8, 8, 8, 8, 8, 8, 8, 8, 8, 8, 8]
[TEST DEBUG] Env_t: 550618 | Actions: [8, 8, 8, 8, 8, 8, 8, 8, 8, 8, 8, 8, 8, 8, 8, 8, 8, 8, 8, 8]
[TEST DEBUG] Env_t: 550618 | Actions: [8, 8, 8, 8, 8, 8, 8, 8, 8, 8, 8, 8, 8, 8, 8, 8, 8, 8, 8, 8]
[TEST DEBUG] Env_t: 550618 | Actions: [8, 8, 8, 8, 8, 8, 8, 8, 8, 8, 8, 8, 8, 8, 8, 8, 8, 8, 8, 8]
[TEST DEBUG] Env_t: 550618 | Actions: [8, 8, 8, 8, 8, 8, 8, 8, 8, 8, 8, 8, 8, 8, 8, 8, 8, 8, 8, 8]
[TEST DEBUG] Env_t: 550618 | Actions: [8, 8, 8, 8, 8, 8, 8, 8, 8, 8, 8, 8, 8, 8, 8, 8, 8, 8, 8, 8]
[TEST DEBUG] Env_t: 550618 | Actions: [8, 8, 8, 8, 8, 8, 8, 8, 8, 8, 8, 8, 8, 8, 8, 8, 8, 8, 8, 8]
[TEST DEBUG] Env_t: 550618 | Actions: [8, 8, 8, 8, 8, 8, 8, 8, 8, 8, 8, 8, 8, 8, 8, 8, 8, 8, 8, 8]
[TEST DEBUG] Env_t: 550618 | Actions: [8, 8, 8, 8, 8, 8, 8, 8, 8, 8, 8, 8, 8, 8, 8, 8, 8, 8, 8, 8]
[TEST DEBUG] Env_t: 550618 | Actions: [8, 8, 8, 8, 8, 8, 8, 8, 8, 8, 8, 8, 8, 8, 8, 8, 8, 8, 8, 8]
[TEST DEBUG] Env_t: 550618 | Actions: [8, 8, 8, 8, 8, 8, 8, 8, 8, 8, 8, 8, 8, 8, 8, 8, 8, 8, 8, 8]
[TEST DEBUG] Env_t: 550618 | Actions: [8, 8, 8, 8, 8, 8, 8, 8, 8, 8, 8, 8, 8, 8, 8, 8, 8, 8, 8, 8]
[TEST DEBUG] Env_t: 550618 | Actions: [8, 8, 8, 8, 8, 8, 8, 8, 8, 8, 8, 8, 8, 8, 8, 8, 8, 8, 8, 8]
[TEST DEBUG] Env_t: 550618 | Actions: [8, 8, 8, 8, 8, 8, 8, 8, 8, 8, 8, 8, 8, 8, 8, 8, 8, 8, 8, 8]
[TEST DEBUG] Env_t: 550618 | Actions: [8, 8, 8, 8, 8, 8, 8, 8, 8, 8, 8, 8, 8, 8, 8, 8, 8, 8, 8, 8]
[TEST DEBUG] Env_t: 550618 | Actions: [8, 8, 8, 8, 8, 8, 8, 8, 8, 8, 8, 8, 8, 8, 8, 8, 8, 8, 8, 8]
[TEST DEBUG] Env_t: 550618 | Actions: [8, 8, 8, 8, 8, 8, 8, 8, 8, 8, 8, 8, 8, 8, 8, 8, 8, 8, 8, 8]
[TEST DEBUG] Env_t: 550618 | Actions: [8, 8, 8, 8, 8, 8, 8, 8, 8, 8, 8, 8, 8, 8, 8, 8, 8, 8, 8, 8]
[TEST DEBUG] Env_t: 550618 | Actions: [8, 8, 8, 8, 8, 8, 8, 8, 8, 8, 8, 8, 8, 8, 8, 8, 8, 8, 8, 8]
[TEST DEBUG] Env_t: 550618 | Actions: [8, 8, 8, 8, 8, 8, 8, 8, 8, 8, 8, 8, 8, 8, 8, 8, 8, 8, 8, 8]
[TEST DEBUG] Env_t: 550618 | Actions: [8, 8, 8, 8, 8, 8, 8, 8, 8, 8, 8, 8, 8, 8, 8, 8, 8, 8, 8, 8]
[TEST DEBUG] Env_t: 550618 | Actions: [8, 8, 8, 8, 8, 8, 8, 8, 8, 8, 8, 8, 8, 8, 8, 8, 8, 8, 8, 8]
[TEST DEBUG] Env_t: 550618 | Actions: [8, 8, 8, 8, 8, 8, 8, 8, 8, 8, 8, 8, 8, 8, 8, 8, 8, 8, 8, 8]
[TEST DEBUG] Env_t: 550618 | Actions: [8, 8, 8, 8, 8, 8, 8, 8, 8, 8, 8, 8, 8, 8, 8, 8, 8, 8, 8, 8]
[TEST DEBUG] Env_t: 550618 | Actions: [8, 8, 8, 8, 8, 8, 8, 8, 8, 8, 8, 8, 8, 8, 8, 8, 8, 8, 8, 8]
[TEST DEBUG] Env_t: 550618 | Actions: [8, 8, 8, 8, 8, 8, 8, 8, 8, 8, 8, 8, 8, 8, 8, 8, 8, 8, 8, 8]
[TEST DEBUG] Env_t: 550618 | Actions: [8, 8, 8, 8, 8, 8, 8, 8, 8, 8, 8, 8, 8, 8, 8, 8, 8, 8, 8, 8]
[TEST DEBUG] Env_t: 550618 | Actions: [8, 8, 8, 8, 8, 8, 8, 8, 8, 8, 8, 8, 8, 8, 8, 8, 8, 8, 8, 8]
[TEST DEBUG] Env_t: 550618 | Actions: [8, 8, 8, 8, 8, 8, 8, 8, 8, 8, 8, 8, 8, 8, 8, 8, 8, 8, 8, 8]
[TEST DEBUG] Env_t: 550618 | Actions: [8, 8, 8, 8, 8, 8, 8, 8, 8, 8, 8, 8, 8, 8, 8, 8, 8, 8, 8, 8]
[TEST DEBUG] Env_t: 550618 | Actions: [8, 8, 8, 8, 8, 8, 8, 8, 8, 8, 8, 8, 8, 8, 8, 8, 8, 8, 8, 8]
[TEST DEBUG] Env_t: 550618 | Actions: [8, 8, 8, 8, 8, 8, 8, 8, 8, 8, 8, 8, 8, 8, 8, 8, 8, 8, 8, 8]
[TEST DEBUG] Env_t: 550618 | Actions: [8, 8, 8, 8, 8, 8, 8, 8, 8, 8, 8, 8, 8, 8, 8, 8, 8, 8, 8, 8]
[TEST DEBUG] Env_t: 550618 | Actions: [8, 8, 8, 8, 8, 8, 8, 8, 8, 8, 8, 8, 8, 8, 8, 8, 8, 8, 8, 8]
[TEST DEBUG] Env_t: 550618 | Actions: [8, 8, 8, 8, 8, 8, 8, 8, 8, 8, 8, 8, 8, 8, 8, 8, 8, 8, 8, 8]
[TEST DEBUG] Env_t: 550618 | Actions: [8, 8, 8, 8, 8, 8, 8, 8, 8, 8, 8, 8, 8, 8, 8, 8, 8, 8, 8, 8]
[TEST DEBUG] Env_t: 550618 | Actions: [8, 8, 8, 8, 8, 8, 8, 8, 8, 8, 8, 8, 8, 8, 8, 8, 8, 8, 8, 8]
[TEST DEBUG] Env_t: 600769 | Actions: [8, 8, 8, 8, 8, 8, 8, 8, 8, 8, 8, 8, 8, 8, 8, 8, 8, 8, 8, 8]
[TEST DEBUG] Env_t: 600769 | Actions: [8, 8, 8, 8, 8, 8, 8, 8, 8, 8, 8, 8, 8, 8, 8, 8, 8, 8, 8, 8]
[TEST DEBUG] Env_t: 600769 | Actions: [8, 8, 8, 8, 8, 8, 8, 8, 8, 8, 8, 8, 8, 8, 8, 8, 8, 8, 8, 8]
[TEST DEBUG] Env_t: 600769 | Actions: [8, 8, 8, 8, 8, 8, 8, 8, 8, 8, 8, 8, 8, 8, 8, 8, 8, 8, 8, 8]
[TEST DEBUG] Env_t: 600769 | Actions: [8, 8, 8, 8, 8, 8, 8, 8, 8, 8, 8, 8, 8, 8, 8, 8, 8, 8, 8, 8]
[TEST DEBUG] Env_t: 600769 | Actions: [8, 8, 8, 8, 8, 8, 8, 8, 8, 8, 8, 8, 8, 8, 8, 8, 8, 8, 8, 8]
[TEST DEBUG] Env_t: 600769 | Actions: [8, 8, 8, 8, 8, 8, 8, 8, 8, 8, 8, 8, 8, 8, 8, 8, 8, 8, 8, 8]
[TEST DEBUG] Env_t: 600769 | Actions: [8, 8, 8, 8, 8, 8, 8, 8, 8, 8, 8, 8, 8, 8, 8, 8, 8, 8, 8, 8]
[TEST DEBUG] Env_t: 600769 | Actions: [8, 8, 8, 8, 8, 8, 8, 8, 8, 8, 8, 8, 8, 8, 8, 8, 8, 8, 8, 8]
[TEST DEBUG] Env_t: 600769 | Actions: [8, 8, 8, 8, 8, 8, 8, 8, 8, 8, 8, 8, 8, 8, 8, 8, 8, 8, 8, 8]
[TEST DEBUG] Env_t: 600769 | Actions: [8, 8, 8, 8, 8, 8, 8, 8, 8, 8, 8, 8, 8, 8, 8, 8, 8, 8, 8, 8]
[TEST DEBUG] Env_t: 600769 | Actions: [8, 8, 8, 8, 8, 8, 8, 8, 8, 8, 8, 8, 8, 8, 8, 8, 8, 8, 8, 8]
[TEST DEBUG] Env_t: 600769 | Actions: [8, 8, 8, 8, 8, 8, 8, 8, 8, 8, 8, 8, 8, 8, 8, 8, 8, 8, 8, 8]
[TEST DEBUG] Env_t: 600769 | Actions: [8, 8, 8, 8, 8, 8, 8, 8, 8, 8, 8, 8, 8, 8, 8, 8, 8, 8, 8, 8]
[TEST DEBUG] Env_t: 600769 | Actions: [8, 8, 8, 8, 8, 8, 8, 8, 8, 8, 8, 8, 8, 8, 8, 8, 8, 8, 8, 8]
[TEST DEBUG] Env_t: 600769 | Actions: [8, 8, 8, 8, 8, 8, 8, 8, 8, 8, 8, 8, 8, 8, 8, 8, 8, 8, 8, 8]
[TEST DEBUG] Env_t: 600769 | Actions: [8, 8, 8, 8, 8, 8, 8, 8, 8, 8, 8, 8, 8, 8, 8, 8, 8, 8, 8, 8]
[TEST DEBUG] Env_t: 600769 | Actions: [8, 8, 8, 8, 8, 8, 8, 8, 8, 8, 8, 8, 8, 8, 8, 8, 8, 8, 8, 8]
[TEST DEBUG] Env_t: 600769 | Actions: [8, 8, 8, 8, 8, 8, 8, 8, 8, 8, 8, 8, 8, 8, 8, 8, 8, 8, 8, 8]
[TEST DEBUG] Env_t: 600769 | Actions: [8, 8, 8, 8, 8, 8, 8, 8, 8, 8, 8, 8, 8, 8, 8, 8, 8, 8, 8, 8]
[TEST DEBUG] Env_t: 600769 | Actions: [8, 8, 8, 8, 8, 8, 8, 8, 8, 8, 8, 8, 8, 8, 8, 8, 8, 8, 8, 8]
[TEST DEBUG] Env_t: 600769 | Actions: [8, 8, 8, 8, 8, 8, 8, 8, 8, 8, 8, 8, 8, 8, 8, 8, 8, 8, 8, 8]
[TEST DEBUG] Env_t: 600769 | Actions: [8, 8, 8, 8, 8, 8, 8, 8, 8, 8, 8, 8, 8, 8, 8, 8, 8, 8, 8, 8]
[TEST DEBUG] Env_t: 600769 | Actions: [8, 8, 8, 8, 8, 8, 8, 8, 8, 8, 8, 8, 8, 8, 8, 8, 8, 8, 8, 8]
[TEST DEBUG] Env_t: 600769 | Actions: [8, 8, 8, 8, 8, 8, 8, 8, 8, 8, 8, 8, 8, 8, 8, 8, 8, 8, 8, 8]
[TEST DEBUG] Env_t: 600769 | Actions: [8, 8, 8, 8, 8, 8, 8, 8, 8, 8, 8, 8, 8, 8, 8, 8, 8, 8, 8, 8]
[TEST DEBUG] Env_t: 600769 | Actions: [8, 8, 8, 8, 8, 8, 8, 8, 8, 8, 8, 8, 8, 8, 8, 8, 8, 8, 8, 8]
[TEST DEBUG] Env_t: 600769 | Actions: [8, 8, 8, 8, 8, 8, 8, 8, 8, 8, 8, 8, 8, 8, 8, 8, 8, 8, 8, 8]
[TEST DEBUG] Env_t: 600769 | Actions: [8, 8, 8, 8, 8, 8, 8, 8, 8, 8, 8, 8, 8, 8, 8, 8, 8, 8, 8, 8]
[TEST DEBUG] Env_t: 600769 | Actions: [8, 8, 8, 8, 8, 8, 8, 8, 8, 8, 8, 8, 8, 8, 8, 8, 8, 8, 8, 8]
[TEST DEBUG] Env_t: 600769 | Actions: [8, 8, 8, 8, 8, 8, 8, 8, 8, 8, 8, 8, 8, 8, 8, 8, 8, 8, 8, 8]
[TEST DEBUG] Env_t: 600769 | Actions: [8, 8, 8, 8, 8, 8, 8, 8, 8, 8, 8, 8, 8, 8, 8, 8, 8, 8, 8, 8]
[TEST DEBUG] Env_t: 600769 | Actions: [8, 8, 8, 8, 8, 8, 8, 8, 8, 8, 8, 8, 8, 8, 8, 8, 8, 8, 8, 8]
[TEST DEBUG] Env_t: 600769 | Actions: [8, 8, 8, 8, 8, 8, 8, 8, 8, 8, 8, 8, 8, 8, 8, 8, 8, 8, 8, 8]
[TEST DEBUG] Env_t: 600769 | Actions: [8, 8, 8, 8, 8, 8, 8, 8, 8, 8, 8, 8, 8, 8, 8, 8, 8, 8, 8, 8]
[TEST DEBUG] Env_t: 600769 | Actions: [8, 8, 8, 8, 8, 8, 8, 8, 8, 8, 8, 8, 8, 8, 8, 8, 8, 8, 8, 8]
[TEST DEBUG] Env_t: 600769 | Actions: [8, 8, 8, 8, 8, 8, 8, 8, 8, 8, 8, 8, 8, 8, 8, 8, 8, 8, 8, 8]
[TEST DEBUG] Env_t: 600769 | Actions: [8, 8, 8, 8, 8, 8, 8, 8, 8, 8, 8, 8, 8, 8, 8, 8, 8, 8, 8, 8]
[TEST DEBUG] Env_t: 600769 | Actions: [8, 8, 8, 8, 8, 8, 8, 8, 8, 8, 8, 8, 8, 8, 8, 8, 8, 8, 8, 8]
[TEST DEBUG] Env_t: 600769 | Actions: [8, 8, 8, 8, 8, 8, 8, 8, 8, 8, 8, 8, 8, 8, 8, 8, 8, 8, 8, 8]
[TEST DEBUG] Env_t: 600769 | Actions: [8, 8, 8, 8, 8, 8, 8, 8, 8, 8, 8, 8, 8, 8, 8, 8, 8, 8, 8, 8]
[TEST DEBUG] Env_t: 600769 | Actions: [8, 8, 8, 8, 8, 8, 8, 8, 8, 8, 8, 8, 8, 8, 8, 8, 8, 8, 8, 8]
[TEST DEBUG] Env_t: 600769 | Actions: [8, 8, 8, 8, 8, 8, 8, 8, 8, 8, 8, 8, 8, 8, 8, 8, 8, 8, 8, 8]
[TEST DEBUG] Env_t: 600769 | Actions: [8, 8, 8, 8, 8, 8, 8, 8, 8, 8, 8, 8, 8, 8, 8, 8, 8, 8, 8, 8]
[TEST DEBUG] Env_t: 600769 | Actions: [8, 8, 8, 8, 8, 8, 8, 8, 8, 8, 8, 8, 8, 8, 8, 8, 8, 8, 8, 8]
[TEST DEBUG] Env_t: 600769 | Actions: [8, 8, 8, 8, 8, 8, 8, 8, 8, 8, 8, 8, 8, 8, 8, 8, 8, 8, 8, 8]
[TEST DEBUG] Env_t: 600769 | Actions: [8, 8, 8, 8, 8, 8, 8, 8, 8, 8, 8, 8, 8, 8, 8, 8, 8, 8, 8, 8]
[TEST DEBUG] Env_t: 600769 | Actions: [8, 8, 8, 8, 8, 8, 8, 8, 8, 8, 8, 8, 8, 8, 8, 8, 8, 8, 8, 8]
[TEST DEBUG] Env_t: 600769 | Actions: [8, 8, 8, 8, 8, 8, 8, 8, 8, 8, 8, 8, 8, 8, 8, 8, 8, 8, 8, 8]
[TEST DEBUG] Env_t: 600769 | Actions: [8, 8, 8, 8, 8, 8, 8, 8, 8, 8, 8, 8, 8, 8, 8, 8, 8, 8, 8, 8]
[TEST DEBUG] Env_t: 650840 | Actions: [8, 8, 8, 8, 8, 8, 8, 8, 8, 8, 8, 8, 8, 8, 8, 8, 8, 8, 8, 8]
[TEST DEBUG] Env_t: 650840 | Actions: [8, 8, 8, 8, 8, 8, 8, 8, 8, 8, 8, 8, 8, 8, 8, 8, 8, 8, 8, 8]
[TEST DEBUG] Env_t: 650840 | Actions: [8, 8, 8, 8, 8, 8, 8, 8, 8, 8, 8, 8, 8, 8, 8, 8, 8, 8, 8, 8]
[TEST DEBUG] Env_t: 650840 | Actions: [8, 8, 8, 8, 8, 8, 8, 8, 8, 8, 8, 8, 8, 8, 8, 8, 8, 8, 8, 8]
[TEST DEBUG] Env_t: 650840 | Actions: [8, 8, 8, 8, 8, 8, 8, 8, 8, 8, 8, 8, 8, 8, 8, 8, 8, 8, 8, 8]
[TEST DEBUG] Env_t: 650840 | Actions: [8, 8, 8, 8, 8, 8, 8, 8, 8, 8, 8, 8, 8, 8, 8, 8, 8, 8, 8, 8]
[TEST DEBUG] Env_t: 650840 | Actions: [8, 8, 8, 8, 8, 8, 8, 8, 8, 8, 8, 8, 8, 8, 8, 8, 8, 8, 8, 8]
[TEST DEBUG] Env_t: 650840 | Actions: [8, 8, 8, 8, 8, 8, 8, 8, 8, 8, 8, 8, 8, 8, 8, 8, 8, 8, 8, 8]
[TEST DEBUG] Env_t: 650840 | Actions: [8, 8, 8, 8, 8, 8, 8, 8, 8, 8, 8, 8, 8, 8, 8, 8, 8, 8, 8, 8]
[TEST DEBUG] Env_t: 650840 | Actions: [8, 8, 8, 8, 8, 8, 8, 8, 8, 8, 8, 8, 8, 8, 8, 8, 8, 8, 8, 8]
[TEST DEBUG] Env_t: 650840 | Actions: [8, 8, 8, 8, 8, 8, 8, 8, 8, 8, 8, 8, 8, 8, 8, 8, 8, 8, 8, 8]
[TEST DEBUG] Env_t: 650840 | Actions: [8, 8, 8, 8, 8, 8, 8, 8, 8, 8, 8, 8, 8, 8, 8, 8, 8, 8, 8, 8]
[TEST DEBUG] Env_t: 650840 | Actions: [8, 8, 8, 8, 8, 8, 8, 8, 8, 8, 8, 8, 8, 8, 8, 8, 8, 8, 8, 8]
[TEST DEBUG] Env_t: 650840 | Actions: [8, 8, 8, 8, 8, 8, 8, 8, 8, 8, 8, 8, 8, 8, 8, 8, 8, 8, 8, 8]
[TEST DEBUG] Env_t: 650840 | Actions: [8, 8, 8, 8, 8, 8, 8, 8, 8, 8, 8, 8, 8, 8, 8, 8, 8, 8, 8, 8]
[TEST DEBUG] Env_t: 650840 | Actions: [8, 8, 8, 8, 8, 8, 8, 8, 8, 8, 8, 8, 8, 8, 8, 8, 8, 8, 8, 8]
[TEST DEBUG] Env_t: 650840 | Actions: [8, 8, 8, 8, 8, 8, 8, 8, 8, 8, 8, 8, 8, 8, 8, 8, 8, 8, 8, 8]
[TEST DEBUG] Env_t: 650840 | Actions: [8, 8, 8, 8, 8, 8, 8, 8, 8, 8, 8, 8, 8, 8, 8, 8, 8, 8, 8, 8]
[TEST DEBUG] Env_t: 650840 | Actions: [8, 8, 8, 8, 8, 8, 8, 8, 8, 8, 8, 8, 8, 8, 8, 8, 8, 8, 8, 8]
[TEST DEBUG] Env_t: 650840 | Actions: [8, 8, 8, 8, 8, 8, 8, 8, 8, 8, 8, 8, 8, 8, 8, 8, 8, 8, 8, 8]
[TEST DEBUG] Env_t: 650840 | Actions: [8, 8, 8, 8, 8, 8, 8, 8, 8, 8, 8, 8, 8, 8, 8, 8, 8, 8, 8, 8]
[TEST DEBUG] Env_t: 650840 | Actions: [8, 8, 8, 8, 8, 8, 8, 8, 8, 8, 8, 8, 8, 8, 8, 8, 8, 8, 8, 8]
[TEST DEBUG] Env_t: 650840 | Actions: [8, 8, 8, 8, 8, 8, 8, 8, 8, 8, 8, 8, 8, 8, 8, 8, 8, 8, 8, 8]
[TEST DEBUG] Env_t: 650840 | Actions: [8, 8, 8, 8, 8, 8, 8, 8, 8, 8, 8, 8, 8, 8, 8, 8, 8, 8, 8, 8]
[TEST DEBUG] Env_t: 650840 | Actions: [8, 8, 8, 8, 8, 8, 8, 8, 8, 8, 8, 8, 8, 8, 8, 8, 8, 8, 8, 8]
[TEST DEBUG] Env_t: 650840 | Actions: [8, 8, 8, 8, 8, 8, 8, 8, 8, 8, 8, 8, 8, 8, 8, 8, 8, 8, 8, 8]
[TEST DEBUG] Env_t: 650840 | Actions: [8, 8, 8, 8, 8, 8, 8, 8, 8, 8, 8, 8, 8, 8, 8, 8, 8, 8, 8, 8]
[TEST DEBUG] Env_t: 650840 | Actions: [8, 8, 8, 8, 8, 8, 8, 8, 8, 8, 8, 8, 8, 8, 8, 8, 8, 8, 8, 8]
[TEST DEBUG] Env_t: 650840 | Actions: [8, 8, 8, 8, 8, 8, 8, 8, 8, 8, 8, 8, 8, 8, 8, 8, 8, 8, 8, 8]
[TEST DEBUG] Env_t: 650840 | Actions: [8, 8, 8, 8, 8, 8, 8, 8, 8, 8, 8, 8, 8, 8, 8, 8, 8, 8, 8, 8]
[TEST DEBUG] Env_t: 650840 | Actions: [8, 8, 8, 8, 8, 8, 8, 8, 8, 8, 8, 8, 8, 8, 8, 8, 8, 8, 8, 8]
[TEST DEBUG] Env_t: 650840 | Actions: [8, 8, 8, 8, 8, 8, 8, 8, 8, 8, 8, 8, 8, 8, 8, 8, 8, 8, 8, 8]
[TEST DEBUG] Env_t: 650840 | Actions: [8, 8, 8, 8, 8, 8, 8, 8, 8, 8, 8, 8, 8, 8, 8, 8, 8, 8, 8, 8]
[TEST DEBUG] Env_t: 650840 | Actions: [8, 8, 8, 8, 8, 8, 8, 8, 8, 8, 8, 8, 8, 8, 8, 8, 8, 8, 8, 8]
[TEST DEBUG] Env_t: 650840 | Actions: [8, 8, 8, 8, 8, 8, 8, 8, 8, 8, 8, 8, 8, 8, 8, 8, 8, 8, 8, 8]
[TEST DEBUG] Env_t: 650840 | Actions: [8, 8, 8, 8, 8, 8, 8, 8, 8, 8, 8, 8, 8, 8, 8, 8, 8, 8, 8, 8]
[TEST DEBUG] Env_t: 650840 | Actions: [8, 8, 8, 8, 8, 8, 8, 8, 8, 8, 8, 8, 8, 8, 8, 8, 8, 8, 8, 8]
[TEST DEBUG] Env_t: 650840 | Actions: [8, 8, 8, 8, 8, 8, 8, 8, 8, 8, 8, 8, 8, 8, 8, 8, 8, 8, 8, 8]
[TEST DEBUG] Env_t: 650840 | Actions: [8, 8, 8, 8, 8, 8, 8, 8, 8, 8, 8, 8, 8, 8, 8, 8, 8, 8, 8, 8]
[TEST DEBUG] Env_t: 650840 | Actions: [8, 8, 8, 8, 8, 8, 8, 8, 8, 8, 8, 8, 8, 8, 8, 8, 8, 8, 8, 8]
[TEST DEBUG] Env_t: 650840 | Actions: [8, 8, 8, 8, 8, 8, 8, 8, 8, 8, 8, 8, 8, 8, 8, 8, 8, 8, 8, 8]
[TEST DEBUG] Env_t: 650840 | Actions: [8, 8, 8, 8, 8, 8, 8, 8, 8, 8, 8, 8, 8, 8, 8, 8, 8, 8, 8, 8]
[TEST DEBUG] Env_t: 650840 | Actions: [8, 8, 8, 8, 8, 8, 8, 8, 8, 8, 8, 8, 8, 8, 8, 8, 8, 8, 8, 8]
[TEST DEBUG] Env_t: 650840 | Actions: [8, 8, 8, 8, 8, 8, 8, 8, 8, 8, 8, 8, 8, 8, 8, 8, 8, 8, 8, 8]
[TEST DEBUG] Env_t: 650840 | Actions: [8, 8, 8, 8, 8, 8, 8, 8, 8, 8, 8, 8, 8, 8, 8, 8, 8, 8, 8, 8]
[TEST DEBUG] Env_t: 650840 | Actions: [8, 8, 8, 8, 8, 8, 8, 8, 8, 8, 8, 8, 8, 8, 8, 8, 8, 8, 8, 8]
[TEST DEBUG] Env_t: 650840 | Actions: [8, 8, 8, 8, 8, 8, 8, 8, 8, 8, 8, 8, 8, 8, 8, 8, 8, 8, 8, 8]
[TEST DEBUG] Env_t: 650840 | Actions: [8, 8, 8, 8, 8, 8, 8, 8, 8, 8, 8, 8, 8, 8, 8, 8, 8, 8, 8, 8]
[TEST DEBUG] Env_t: 650840 | Actions: [8, 8, 8, 8, 8, 8, 8, 8, 8, 8, 8, 8, 8, 8, 8, 8, 8, 8, 8, 8]
[TEST DEBUG] Env_t: 650840 | Actions: [8, 8, 8, 8, 8, 8, 8, 8, 8, 8, 8, 8, 8, 8, 8, 8, 8, 8, 8, 8]
[TEST DEBUG] Env_t: 700963 | Actions: [8, 8, 8, 8, 8, 8, 8, 8, 8, 8, 8, 8, 8, 8, 8, 8, 8, 8, 8, 8]
[TEST DEBUG] Env_t: 700963 | Actions: [8, 8, 8, 8, 8, 8, 8, 8, 8, 8, 8, 8, 8, 8, 8, 8, 8, 8, 8, 8]
[TEST DEBUG] Env_t: 700963 | Actions: [8, 8, 8, 8, 8, 8, 8, 8, 8, 8, 8, 8, 8, 8, 8, 8, 8, 8, 8, 8]
[TEST DEBUG] Env_t: 700963 | Actions: [8, 8, 8, 8, 8, 8, 8, 8, 8, 8, 8, 8, 8, 8, 8, 8, 8, 8, 8, 8]
[TEST DEBUG] Env_t: 700963 | Actions: [8, 8, 8, 8, 8, 8, 8, 8, 8, 8, 8, 8, 8, 8, 8, 8, 8, 8, 8, 8]
[TEST DEBUG] Env_t: 700963 | Actions: [8, 8, 8, 8, 8, 8, 8, 8, 8, 8, 8, 8, 8, 8, 8, 8, 8, 8, 8, 8]
[TEST DEBUG] Env_t: 700963 | Actions: [8, 8, 8, 8, 8, 8, 8, 8, 8, 8, 8, 8, 8, 8, 8, 8, 8, 8, 8, 8]
[TEST DEBUG] Env_t: 700963 | Actions: [8, 8, 8, 8, 8, 8, 8, 8, 8, 8, 8, 8, 8, 8, 8, 8, 8, 8, 8, 8]
[TEST DEBUG] Env_t: 700963 | Actions: [8, 8, 8, 8, 8, 8, 8, 8, 8, 8, 8, 8, 8, 8, 8, 8, 8, 8, 8, 8]
[TEST DEBUG] Env_t: 700963 | Actions: [8, 8, 8, 8, 8, 8, 8, 8, 8, 8, 8, 8, 8, 8, 8, 8, 8, 8, 8, 8]
[TEST DEBUG] Env_t: 700963 | Actions: [8, 8, 8, 8, 8, 8, 8, 8, 8, 8, 8, 8, 8, 8, 8, 8, 8, 8, 8, 8]
[TEST DEBUG] Env_t: 700963 | Actions: [8, 8, 8, 8, 8, 8, 8, 8, 8, 8, 8, 8, 8, 8, 8, 8, 8, 8, 8, 8]
[TEST DEBUG] Env_t: 700963 | Actions: [8, 8, 8, 8, 8, 8, 8, 8, 8, 8, 8, 8, 8, 8, 8, 8, 8, 8, 8, 8]
[TEST DEBUG] Env_t: 700963 | Actions: [8, 8, 8, 8, 8, 8, 8, 8, 8, 8, 8, 8, 8, 8, 8, 8, 8, 8, 8, 8]
[TEST DEBUG] Env_t: 700963 | Actions: [8, 8, 8, 8, 8, 8, 8, 8, 8, 8, 8, 8, 8, 8, 8, 8, 8, 8, 8, 8]
[TEST DEBUG] Env_t: 700963 | Actions: [8, 8, 8, 8, 8, 8, 8, 8, 8, 8, 8, 8, 8, 8, 8, 8, 8, 8, 8, 8]
[TEST DEBUG] Env_t: 700963 | Actions: [8, 8, 8, 8, 8, 8, 8, 8, 8, 8, 8, 8, 8, 8, 8, 8, 8, 8, 8, 8]
[TEST DEBUG] Env_t: 700963 | Actions: [8, 8, 8, 8, 8, 8, 8, 8, 8, 8, 8, 8, 8, 8, 8, 8, 8, 8, 8, 8]
[TEST DEBUG] Env_t: 700963 | Actions: [8, 8, 8, 8, 8, 8, 8, 8, 8, 8, 8, 8, 8, 8, 8, 8, 8, 8, 8, 8]
[TEST DEBUG] Env_t: 700963 | Actions: [8, 8, 8, 8, 8, 8, 8, 8, 8, 8, 8, 8, 8, 8, 8, 8, 8, 8, 8, 8]
[TEST DEBUG] Env_t: 700963 | Actions: [8, 8, 8, 8, 8, 8, 8, 8, 8, 8, 8, 8, 8, 8, 8, 8, 8, 8, 8, 8]
[TEST DEBUG] Env_t: 700963 | Actions: [8, 8, 8, 8, 8, 8, 8, 8, 8, 8, 8, 8, 8, 8, 8, 8, 8, 8, 8, 8]
[TEST DEBUG] Env_t: 700963 | Actions: [8, 8, 8, 8, 8, 8, 8, 8, 8, 8, 8, 8, 8, 8, 8, 8, 8, 8, 8, 8]
[TEST DEBUG] Env_t: 700963 | Actions: [8, 8, 8, 8, 8, 8, 8, 8, 8, 8, 8, 8, 8, 8, 8, 8, 8, 8, 8, 8]
[TEST DEBUG] Env_t: 700963 | Actions: [8, 8, 8, 8, 8, 8, 8, 8, 8, 8, 8, 8, 8, 8, 8, 8, 8, 8, 8, 8]
[TEST DEBUG] Env_t: 700963 | Actions: [8, 8, 8, 8, 8, 8, 8, 8, 8, 8, 8, 8, 8, 8, 8, 8, 8, 8, 8, 8]
[TEST DEBUG] Env_t: 700963 | Actions: [8, 8, 8, 8, 8, 8, 8, 8, 8, 8, 8, 8, 8, 8, 8, 8, 8, 8, 8, 8]
[TEST DEBUG] Env_t: 700963 | Actions: [8, 8, 8, 8, 8, 8, 8, 8, 8, 8, 8, 8, 8, 8, 8, 8, 8, 8, 8, 8]
[TEST DEBUG] Env_t: 700963 | Actions: [8, 8, 8, 8, 8, 8, 8, 8, 8, 8, 8, 8, 8, 8, 8, 8, 8, 8, 8, 8]
[TEST DEBUG] Env_t: 700963 | Actions: [8, 8, 8, 8, 8, 8, 8, 8, 8, 8, 8, 8, 8, 8, 8, 8, 8, 8, 8, 8]
[TEST DEBUG] Env_t: 700963 | Actions: [8, 8, 8, 8, 8, 8, 8, 8, 8, 8, 8, 8, 8, 8, 8, 8, 8, 8, 8, 8]
[TEST DEBUG] Env_t: 700963 | Actions: [8, 8, 8, 8, 8, 8, 8, 8, 8, 8, 8, 8, 8, 8, 8, 8, 8, 8, 8, 8]
[TEST DEBUG] Env_t: 700963 | Actions: [8, 8, 8, 8, 8, 8, 8, 8, 8, 8, 8, 8, 8, 8, 8, 8, 8, 8, 8, 8]
[TEST DEBUG] Env_t: 700963 | Actions: [8, 8, 8, 8, 8, 8, 8, 8, 8, 8, 8, 8, 8, 8, 8, 8, 8, 8, 8, 8]
[TEST DEBUG] Env_t: 700963 | Actions: [8, 8, 8, 8, 8, 8, 8, 8, 8, 8, 8, 8, 8, 8, 8, 8, 8, 8, 8, 8]
[TEST DEBUG] Env_t: 700963 | Actions: [8, 8, 8, 8, 8, 8, 8, 8, 8, 8, 8, 8, 8, 8, 8, 8, 8, 8, 8, 8]
[TEST DEBUG] Env_t: 700963 | Actions: [8, 8, 8, 8, 8, 8, 8, 8, 8, 8, 8, 8, 8, 8, 8, 8, 8, 8, 8, 8]
[TEST DEBUG] Env_t: 700963 | Actions: [8, 8, 8, 8, 8, 8, 8, 8, 8, 8, 8, 8, 8, 8, 8, 8, 8, 8, 8, 8]
[TEST DEBUG] Env_t: 700963 | Actions: [8, 8, 8, 8, 8, 8, 8, 8, 8, 8, 8, 8, 8, 8, 8, 8, 8, 8, 8, 8]
[TEST DEBUG] Env_t: 700963 | Actions: [8, 8, 8, 8, 8, 8, 8, 8, 8, 8, 8, 8, 8, 8, 8, 8, 8, 8, 8, 8]
[TEST DEBUG] Env_t: 700963 | Actions: [8, 8, 8, 8, 8, 8, 8, 8, 8, 8, 8, 8, 8, 8, 8, 8, 8, 8, 8, 8]
[TEST DEBUG] Env_t: 700963 | Actions: [8, 8, 8, 8, 8, 8, 8, 8, 8, 8, 8, 8, 8, 8, 8, 8, 8, 8, 8, 8]
[TEST DEBUG] Env_t: 700963 | Actions: [8, 8, 8, 8, 8, 8, 8, 8, 8, 8, 8, 8, 8, 8, 8, 8, 8, 8, 8, 8]
[TEST DEBUG] Env_t: 700963 | Actions: [8, 8, 8, 8, 8, 8, 8, 8, 8, 8, 8, 8, 8, 8, 8, 8, 8, 8, 8, 8]
[TEST DEBUG] Env_t: 700963 | Actions: [8, 8, 8, 8, 8, 8, 8, 8, 8, 8, 8, 8, 8, 8, 8, 8, 8, 8, 8, 8]
[TEST DEBUG] Env_t: 700963 | Actions: [8, 8, 8, 8, 8, 8, 8, 8, 8, 8, 8, 8, 8, 8, 8, 8, 8, 8, 8, 8]
[TEST DEBUG] Env_t: 700963 | Actions: [8, 8, 8, 8, 8, 8, 8, 8, 8, 8, 8, 8, 8, 8, 8, 8, 8, 8, 8, 8]
[TEST DEBUG] Env_t: 700963 | Actions: [8, 8, 8, 8, 8, 8, 8, 8, 8, 8, 8, 8, 8, 8, 8, 8, 8, 8, 8, 8]
[TEST DEBUG] Env_t: 700963 | Actions: [8, 8, 8, 8, 8, 8, 8, 8, 8, 8, 8, 8, 8, 8, 8, 8, 8, 8, 8, 8]
[TEST DEBUG] Env_t: 700963 | Actions: [8, 8, 8, 8, 8, 8, 8, 8, 8, 8, 8, 8, 8, 8, 8, 8, 8, 8, 8, 8]
[TEST DEBUG] Env_t: 751110 | Actions: [8, 8, 8, 8, 8, 8, 8, 8, 8, 8, 8, 8, 8, 8, 8, 8, 8, 8, 8, 8]
[TEST DEBUG] Env_t: 751110 | Actions: [8, 8, 8, 8, 8, 8, 8, 8, 8, 8, 8, 8, 8, 8, 8, 8, 8, 8, 8, 8]
[TEST DEBUG] Env_t: 751110 | Actions: [8, 8, 8, 8, 8, 8, 8, 8, 8, 8, 8, 8, 8, 8, 8, 8, 8, 8, 8, 8]
[TEST DEBUG] Env_t: 751110 | Actions: [8, 8, 8, 8, 8, 8, 8, 8, 8, 8, 8, 8, 8, 8, 8, 8, 8, 8, 8, 8]
[TEST DEBUG] Env_t: 751110 | Actions: [8, 8, 8, 8, 8, 8, 8, 8, 8, 8, 8, 8, 8, 8, 8, 8, 8, 8, 8, 8]
[TEST DEBUG] Env_t: 751110 | Actions: [8, 8, 8, 8, 8, 8, 8, 8, 8, 8, 8, 8, 8, 8, 8, 8, 8, 8, 8, 8]
[TEST DEBUG] Env_t: 751110 | Actions: [8, 8, 8, 8, 8, 8, 8, 8, 8, 8, 8, 8, 8, 8, 8, 8, 8, 8, 8, 8]
[TEST DEBUG] Env_t: 751110 | Actions: [8, 8, 8, 8, 8, 8, 8, 8, 8, 8, 8, 8, 8, 8, 8, 8, 8, 8, 8, 8]
[TEST DEBUG] Env_t: 751110 | Actions: [8, 8, 8, 8, 8, 8, 8, 8, 8, 8, 8, 8, 8, 8, 8, 8, 8, 8, 8, 8]
[TEST DEBUG] Env_t: 751110 | Actions: [8, 8, 8, 8, 8, 8, 8, 8, 8, 8, 8, 8, 8, 8, 8, 8, 8, 8, 8, 8]
[TEST DEBUG] Env_t: 751110 | Actions: [8, 8, 8, 8, 8, 8, 8, 8, 8, 8, 8, 8, 8, 8, 8, 8, 8, 8, 8, 8]
[TEST DEBUG] Env_t: 751110 | Actions: [8, 8, 8, 8, 8, 8, 8, 8, 8, 8, 8, 8, 8, 8, 8, 8, 8, 8, 8, 8]
[TEST DEBUG] Env_t: 751110 | Actions: [8, 8, 8, 8, 8, 8, 8, 8, 8, 8, 8, 8, 8, 8, 8, 8, 8, 8, 8, 8]
[TEST DEBUG] Env_t: 751110 | Actions: [8, 8, 8, 8, 8, 8, 8, 8, 8, 8, 8, 8, 8, 8, 8, 8, 8, 8, 8, 8]
[TEST DEBUG] Env_t: 751110 | Actions: [8, 8, 8, 8, 8, 8, 8, 8, 8, 8, 8, 8, 8, 8, 8, 8, 8, 8, 8, 8]
[TEST DEBUG] Env_t: 751110 | Actions: [8, 8, 8, 8, 8, 8, 8, 8, 8, 8, 8, 8, 8, 8, 8, 8, 8, 8, 8, 8]
[TEST DEBUG] Env_t: 751110 | Actions: [8, 8, 8, 8, 8, 8, 8, 8, 8, 8, 8, 8, 8, 8, 8, 8, 8, 8, 8, 8]
[TEST DEBUG] Env_t: 751110 | Actions: [8, 8, 8, 8, 8, 8, 8, 8, 8, 8, 8, 8, 8, 8, 8, 8, 8, 8, 8, 8]
[TEST DEBUG] Env_t: 751110 | Actions: [8, 8, 8, 8, 8, 8, 8, 8, 8, 8, 8, 8, 8, 8, 8, 8, 8, 8, 8, 8]
[TEST DEBUG] Env_t: 751110 | Actions: [8, 8, 8, 8, 8, 8, 8, 8, 8, 8, 8, 8, 8, 8, 8, 8, 8, 8, 8, 8]
[TEST DEBUG] Env_t: 751110 | Actions: [8, 8, 8, 8, 8, 8, 8, 8, 8, 8, 8, 8, 8, 8, 8, 8, 8, 8, 8, 8]
[TEST DEBUG] Env_t: 751110 | Actions: [8, 8, 8, 8, 8, 8, 8, 8, 8, 8, 8, 8, 8, 8, 8, 8, 8, 8, 8, 8]
[TEST DEBUG] Env_t: 751110 | Actions: [8, 8, 8, 8, 8, 8, 8, 8, 8, 8, 8, 8, 8, 8, 8, 8, 8, 8, 8, 8]
[TEST DEBUG] Env_t: 751110 | Actions: [8, 8, 8, 8, 8, 8, 8, 8, 8, 8, 8, 8, 8, 8, 8, 8, 8, 8, 8, 8]
[TEST DEBUG] Env_t: 751110 | Actions: [8, 8, 8, 8, 8, 8, 8, 8, 8, 8, 8, 8, 8, 8, 8, 8, 8, 8, 8, 8]
[TEST DEBUG] Env_t: 751110 | Actions: [8, 8, 8, 8, 8, 8, 8, 8, 8, 8, 8, 8, 8, 8, 8, 8, 8, 8, 8, 8]
[TEST DEBUG] Env_t: 751110 | Actions: [8, 8, 8, 8, 8, 8, 8, 8, 8, 8, 8, 8, 8, 8, 8, 8, 8, 8, 8, 8]
[TEST DEBUG] Env_t: 751110 | Actions: [8, 8, 8, 8, 8, 8, 8, 8, 8, 8, 8, 8, 8, 8, 8, 8, 8, 8, 8, 8]
[TEST DEBUG] Env_t: 751110 | Actions: [8, 8, 8, 8, 8, 8, 8, 8, 8, 8, 8, 8, 8, 8, 8, 8, 8, 8, 8, 8]
[TEST DEBUG] Env_t: 751110 | Actions: [8, 8, 8, 8, 8, 8, 8, 8, 8, 8, 8, 8, 8, 8, 8, 8, 8, 8, 8, 8]
[TEST DEBUG] Env_t: 751110 | Actions: [8, 8, 8, 8, 8, 8, 8, 8, 8, 8, 8, 8, 8, 8, 8, 8, 8, 8, 8, 8]
[TEST DEBUG] Env_t: 751110 | Actions: [8, 8, 8, 8, 8, 8, 8, 8, 8, 8, 8, 8, 8, 8, 8, 8, 8, 8, 8, 8]
[TEST DEBUG] Env_t: 751110 | Actions: [8, 8, 8, 8, 8, 8, 8, 8, 8, 8, 8, 8, 8, 8, 8, 8, 8, 8, 8, 8]
[TEST DEBUG] Env_t: 751110 | Actions: [8, 8, 8, 8, 8, 8, 8, 8, 8, 8, 8, 8, 8, 8, 8, 8, 8, 8, 8, 8]
[TEST DEBUG] Env_t: 751110 | Actions: [8, 8, 8, 8, 8, 8, 8, 8, 8, 8, 8, 8, 8, 8, 8, 8, 8, 8, 8, 8]
[TEST DEBUG] Env_t: 751110 | Actions: [8, 8, 8, 8, 8, 8, 8, 8, 8, 8, 8, 8, 8, 8, 8, 8, 8, 8, 8, 8]
[TEST DEBUG] Env_t: 751110 | Actions: [8, 8, 8, 8, 8, 8, 8, 8, 8, 8, 8, 8, 8, 8, 8, 8, 8, 8, 8, 8]
[TEST DEBUG] Env_t: 751110 | Actions: [8, 8, 8, 8, 8, 8, 8, 8, 8, 8, 8, 8, 8, 8, 8, 8, 8, 8, 8, 8]
[TEST DEBUG] Env_t: 751110 | Actions: [8, 8, 8, 8, 8, 8, 8, 8, 8, 8, 8, 8, 8, 8, 8, 8, 8, 8, 8, 8]
[TEST DEBUG] Env_t: 751110 | Actions: [8, 8, 8, 8, 8, 8, 8, 8, 8, 8, 8, 8, 8, 8, 8, 8, 8, 8, 8, 8]
[TEST DEBUG] Env_t: 751110 | Actions: [8, 8, 8, 8, 8, 8, 8, 8, 8, 8, 8, 8, 8, 8, 8, 8, 8, 8, 8, 8]
[TEST DEBUG] Env_t: 751110 | Actions: [8, 8, 8, 8, 8, 8, 8, 8, 8, 8, 8, 8, 8, 8, 8, 8, 8, 8, 8, 8]
[TEST DEBUG] Env_t: 751110 | Actions: [8, 8, 8, 8, 8, 8, 8, 8, 8, 8, 8, 8, 8, 8, 8, 8, 8, 8, 8, 8]
[TEST DEBUG] Env_t: 751110 | Actions: [8, 8, 8, 8, 8, 8, 8, 8, 8, 8, 8, 8, 8, 8, 8, 8, 8, 8, 8, 8]
[TEST DEBUG] Env_t: 751110 | Actions: [8, 8, 8, 8, 8, 8, 8, 8, 8, 8, 8, 8, 8, 8, 8, 8, 8, 8, 8, 8]
[TEST DEBUG] Env_t: 751110 | Actions: [8, 8, 8, 8, 8, 8, 8, 8, 8, 8, 8, 8, 8, 8, 8, 8, 8, 8, 8, 8]
[TEST DEBUG] Env_t: 751110 | Actions: [8, 8, 8, 8, 8, 8, 8, 8, 8, 8, 8, 8, 8, 8, 8, 8, 8, 8, 8, 8]
[TEST DEBUG] Env_t: 751110 | Actions: [8, 8, 8, 8, 8, 8, 8, 8, 8, 8, 8, 8, 8, 8, 8, 8, 8, 8, 8, 8]
[TEST DEBUG] Env_t: 751110 | Actions: [8, 8, 8, 8, 8, 8, 8, 8, 8, 8, 8, 8, 8, 8, 8, 8, 8, 8, 8, 8]
[TEST DEBUG] Env_t: 751110 | Actions: [8, 8, 8, 8, 8, 8, 8, 8, 8, 8, 8, 8, 8, 8, 8, 8, 8, 8, 8, 8]
[TEST DEBUG] Env_t: 801183 | Actions: [8, 8, 8, 8, 8, 8, 8, 8, 8, 8, 8, 8, 8, 8, 8, 8, 8, 8, 8, 8]
[TEST DEBUG] Env_t: 801183 | Actions: [8, 8, 8, 8, 8, 8, 8, 8, 8, 8, 8, 8, 8, 8, 8, 8, 8, 8, 8, 8]
[TEST DEBUG] Env_t: 801183 | Actions: [8, 8, 8, 8, 8, 8, 8, 8, 8, 8, 8, 8, 8, 8, 8, 8, 8, 8, 8, 8]
[TEST DEBUG] Env_t: 801183 | Actions: [8, 8, 8, 8, 8, 8, 8, 8, 8, 8, 8, 8, 8, 8, 8, 8, 8, 8, 8, 8]
[TEST DEBUG] Env_t: 801183 | Actions: [8, 8, 8, 8, 8, 8, 8, 8, 8, 8, 8, 8, 8, 8, 8, 8, 8, 8, 8, 8]
[TEST DEBUG] Env_t: 801183 | Actions: [8, 8, 8, 8, 8, 8, 8, 8, 8, 8, 8, 8, 8, 8, 8, 8, 8, 8, 8, 8]
[TEST DEBUG] Env_t: 801183 | Actions: [8, 8, 8, 8, 8, 8, 8, 8, 8, 8, 8, 8, 8, 8, 8, 8, 8, 8, 8, 8]
[TEST DEBUG] Env_t: 801183 | Actions: [8, 8, 8, 8, 8, 8, 8, 8, 8, 8, 8, 8, 8, 8, 8, 8, 8, 8, 8, 8]
[TEST DEBUG] Env_t: 801183 | Actions: [8, 8, 8, 8, 8, 8, 8, 8, 8, 8, 8, 8, 8, 8, 8, 8, 8, 8, 8, 8]
[TEST DEBUG] Env_t: 801183 | Actions: [8, 8, 8, 8, 8, 8, 8, 8, 8, 8, 8, 8, 8, 8, 8, 8, 8, 8, 8, 8]
[TEST DEBUG] Env_t: 801183 | Actions: [8, 8, 8, 8, 8, 8, 8, 8, 8, 8, 8, 8, 8, 8, 8, 8, 8, 8, 8, 8]
[TEST DEBUG] Env_t: 801183 | Actions: [8, 8, 8, 8, 8, 8, 8, 8, 8, 8, 8, 8, 8, 8, 8, 8, 8, 8, 8, 8]
[TEST DEBUG] Env_t: 801183 | Actions: [8, 8, 8, 8, 8, 8, 8, 8, 8, 8, 8, 8, 8, 8, 8, 8, 8, 8, 8, 8]
[TEST DEBUG] Env_t: 801183 | Actions: [8, 8, 8, 8, 8, 8, 8, 8, 8, 8, 8, 8, 8, 8, 8, 8, 8, 8, 8, 8]
[TEST DEBUG] Env_t: 801183 | Actions: [8, 8, 8, 8, 8, 8, 8, 8, 8, 8, 8, 8, 8, 8, 8, 8, 8, 8, 8, 8]
[TEST DEBUG] Env_t: 801183 | Actions: [8, 8, 8, 8, 8, 8, 8, 8, 8, 8, 8, 8, 8, 8, 8, 8, 8, 8, 8, 8]
[TEST DEBUG] Env_t: 801183 | Actions: [8, 8, 8, 8, 8, 8, 8, 8, 8, 8, 8, 8, 8, 8, 8, 8, 8, 8, 8, 8]
[TEST DEBUG] Env_t: 801183 | Actions: [8, 8, 8, 8, 8, 8, 8, 8, 8, 8, 8, 8, 8, 8, 8, 8, 8, 8, 8, 8]
[TEST DEBUG] Env_t: 801183 | Actions: [8, 8, 8, 8, 8, 8, 8, 8, 8, 8, 8, 8, 8, 8, 8, 8, 8, 8, 8, 8]
[TEST DEBUG] Env_t: 801183 | Actions: [8, 8, 8, 8, 8, 8, 8, 8, 8, 8, 8, 8, 8, 8, 8, 8, 8, 8, 8, 8]
[TEST DEBUG] Env_t: 801183 | Actions: [8, 8, 8, 8, 8, 8, 8, 8, 8, 8, 8, 8, 8, 8, 8, 8, 8, 8, 8, 8]
[TEST DEBUG] Env_t: 801183 | Actions: [8, 8, 8, 8, 8, 8, 8, 8, 8, 8, 8, 8, 8, 8, 8, 8, 8, 8, 8, 8]
[TEST DEBUG] Env_t: 801183 | Actions: [8, 8, 8, 8, 8, 8, 8, 8, 8, 8, 8, 8, 8, 8, 8, 8, 8, 8, 8, 8]
[TEST DEBUG] Env_t: 801183 | Actions: [8, 8, 8, 8, 8, 8, 8, 8, 8, 8, 8, 8, 8, 8, 8, 8, 8, 8, 8, 8]
[TEST DEBUG] Env_t: 801183 | Actions: [8, 8, 8, 8, 8, 8, 8, 8, 8, 8, 8, 8, 8, 8, 8, 8, 8, 8, 8, 8]
[TEST DEBUG] Env_t: 801183 | Actions: [8, 8, 8, 8, 8, 8, 8, 8, 8, 8, 8, 8, 8, 8, 8, 8, 8, 8, 8, 8]
[TEST DEBUG] Env_t: 801183 | Actions: [8, 8, 8, 8, 8, 8, 8, 8, 8, 8, 8, 8, 8, 8, 8, 8, 8, 8, 8, 8]
[TEST DEBUG] Env_t: 801183 | Actions: [8, 8, 8, 8, 8, 8, 8, 8, 8, 8, 8, 8, 8, 8, 8, 8, 8, 8, 8, 8]
[TEST DEBUG] Env_t: 801183 | Actions: [8, 8, 8, 8, 8, 8, 8, 8, 8, 8, 8, 8, 8, 8, 8, 8, 8, 8, 8, 8]
[TEST DEBUG] Env_t: 801183 | Actions: [8, 8, 8, 8, 8, 8, 8, 8, 8, 8, 8, 8, 8, 8, 8, 8, 8, 8, 8, 8]
[TEST DEBUG] Env_t: 801183 | Actions: [8, 8, 8, 8, 8, 8, 8, 8, 8, 8, 8, 8, 8, 8, 8, 8, 8, 8, 8, 8]
[TEST DEBUG] Env_t: 801183 | Actions: [8, 8, 8, 8, 8, 8, 8, 8, 8, 8, 8, 8, 8, 8, 8, 8, 8, 8, 8, 8]
[TEST DEBUG] Env_t: 801183 | Actions: [8, 8, 8, 8, 8, 8, 8, 8, 8, 8, 8, 8, 8, 8, 8, 8, 8, 8, 8, 8]
[TEST DEBUG] Env_t: 801183 | Actions: [8, 8, 8, 8, 8, 8, 8, 8, 8, 8, 8, 8, 8, 8, 8, 8, 8, 8, 8, 8]
[TEST DEBUG] Env_t: 801183 | Actions: [8, 8, 8, 8, 8, 8, 8, 8, 8, 8, 8, 8, 8, 8, 8, 8, 8, 8, 8, 8]
[TEST DEBUG] Env_t: 801183 | Actions: [8, 8, 8, 8, 8, 8, 8, 8, 8, 8, 8, 8, 8, 8, 8, 8, 8, 8, 8, 8]
[TEST DEBUG] Env_t: 801183 | Actions: [8, 8, 8, 8, 8, 8, 8, 8, 8, 8, 8, 8, 8, 8, 8, 8, 8, 8, 8, 8]
[TEST DEBUG] Env_t: 801183 | Actions: [8, 8, 8, 8, 8, 8, 8, 8, 8, 8, 8, 8, 8, 8, 8, 8, 8, 8, 8, 8]
[TEST DEBUG] Env_t: 801183 | Actions: [8, 8, 8, 8, 8, 8, 8, 8, 8, 8, 8, 8, 8, 8, 8, 8, 8, 8, 8, 8]
[TEST DEBUG] Env_t: 801183 | Actions: [8, 8, 8, 8, 8, 8, 8, 8, 8, 8, 8, 8, 8, 8, 8, 8, 8, 8, 8, 8]
[TEST DEBUG] Env_t: 801183 | Actions: [8, 8, 8, 8, 8, 8, 8, 8, 8, 8, 8, 8, 8, 8, 8, 8, 8, 8, 8, 8]
[TEST DEBUG] Env_t: 801183 | Actions: [8, 8, 8, 8, 8, 8, 8, 8, 8, 8, 8, 8, 8, 8, 8, 8, 8, 8, 8, 8]
[TEST DEBUG] Env_t: 801183 | Actions: [8, 8, 8, 8, 8, 8, 8, 8, 8, 8, 8, 8, 8, 8, 8, 8, 8, 8, 8, 8]
[TEST DEBUG] Env_t: 801183 | Actions: [8, 8, 8, 8, 8, 8, 8, 8, 8, 8, 8, 8, 8, 8, 8, 8, 8, 8, 8, 8]
[TEST DEBUG] Env_t: 801183 | Actions: [8, 8, 8, 8, 8, 8, 8, 8, 8, 8, 8, 8, 8, 8, 8, 8, 8, 8, 8, 8]
[TEST DEBUG] Env_t: 801183 | Actions: [8, 8, 8, 8, 8, 8, 8, 8, 8, 8, 8, 8, 8, 8, 8, 8, 8, 8, 8, 8]
[TEST DEBUG] Env_t: 801183 | Actions: [8, 8, 8, 8, 8, 8, 8, 8, 8, 8, 8, 8, 8, 8, 8, 8, 8, 8, 8, 8]
[TEST DEBUG] Env_t: 801183 | Actions: [8, 8, 8, 8, 8, 8, 8, 8, 8, 8, 8, 8, 8, 8, 8, 8, 8, 8, 8, 8]
[TEST DEBUG] Env_t: 801183 | Actions: [8, 8, 8, 8, 8, 8, 8, 8, 8, 8, 8, 8, 8, 8, 8, 8, 8, 8, 8, 8]
[TEST DEBUG] Env_t: 801183 | Actions: [8, 8, 8, 8, 8, 8, 8, 8, 8, 8, 8, 8, 8, 8, 8, 8, 8, 8, 8, 8]
[TEST DEBUG] Env_t: 851224 | Actions: [8, 8, 8, 8, 8, 8, 8, 8, 8, 8, 8, 8, 8, 8, 8, 8, 8, 8, 8, 8]
[TEST DEBUG] Env_t: 851224 | Actions: [8, 8, 8, 8, 8, 8, 8, 8, 8, 8, 8, 8, 8, 8, 8, 8, 8, 8, 8, 8]
[TEST DEBUG] Env_t: 851224 | Actions: [8, 8, 8, 8, 8, 8, 8, 8, 8, 8, 8, 8, 8, 8, 8, 8, 8, 8, 8, 8]
[TEST DEBUG] Env_t: 851224 | Actions: [8, 8, 8, 8, 8, 8, 8, 8, 8, 8, 8, 8, 8, 8, 8, 8, 8, 8, 8, 8]
[TEST DEBUG] Env_t: 851224 | Actions: [8, 8, 8, 8, 8, 8, 8, 8, 8, 8, 8, 8, 8, 8, 8, 8, 8, 8, 8, 8]
[TEST DEBUG] Env_t: 851224 | Actions: [8, 8, 8, 8, 8, 8, 8, 8, 8, 8, 8, 8, 8, 8, 8, 8, 8, 8, 8, 8]
[TEST DEBUG] Env_t: 851224 | Actions: [8, 8, 8, 8, 8, 8, 8, 8, 8, 8, 8, 8, 8, 8, 8, 8, 8, 8, 8, 8]
[TEST DEBUG] Env_t: 851224 | Actions: [8, 8, 8, 8, 8, 8, 8, 8, 8, 8, 8, 8, 8, 8, 8, 8, 8, 8, 8, 8]
[TEST DEBUG] Env_t: 851224 | Actions: [8, 8, 8, 8, 8, 8, 8, 8, 8, 8, 8, 8, 8, 8, 8, 8, 8, 8, 8, 8]
[TEST DEBUG] Env_t: 851224 | Actions: [8, 8, 8, 8, 8, 8, 8, 8, 8, 8, 8, 8, 8, 8, 8, 8, 8, 8, 8, 8]
[TEST DEBUG] Env_t: 851224 | Actions: [8, 8, 8, 8, 8, 8, 8, 8, 8, 8, 8, 8, 8, 8, 8, 8, 8, 8, 8, 8]
[TEST DEBUG] Env_t: 851224 | Actions: [8, 8, 8, 8, 8, 8, 8, 8, 8, 8, 8, 8, 8, 8, 8, 8, 8, 8, 8, 8]
[TEST DEBUG] Env_t: 851224 | Actions: [8, 8, 8, 8, 8, 8, 8, 8, 8, 8, 8, 8, 8, 8, 8, 8, 8, 8, 8, 8]
[TEST DEBUG] Env_t: 851224 | Actions: [8, 8, 8, 8, 8, 8, 8, 8, 8, 8, 8, 8, 8, 8, 8, 8, 8, 8, 8, 8]
[TEST DEBUG] Env_t: 851224 | Actions: [8, 8, 8, 8, 8, 8, 8, 8, 8, 8, 8, 8, 8, 8, 8, 8, 8, 8, 8, 8]
[TEST DEBUG] Env_t: 851224 | Actions: [8, 8, 8, 8, 8, 8, 8, 8, 8, 8, 8, 8, 8, 8, 8, 8, 8, 8, 8, 8]
[TEST DEBUG] Env_t: 851224 | Actions: [8, 8, 8, 8, 8, 8, 8, 8, 8, 8, 8, 8, 8, 8, 8, 8, 8, 8, 8, 8]
[TEST DEBUG] Env_t: 851224 | Actions: [8, 8, 8, 8, 8, 8, 8, 8, 8, 8, 8, 8, 8, 8, 8, 8, 8, 8, 8, 8]
[TEST DEBUG] Env_t: 851224 | Actions: [8, 8, 8, 8, 8, 8, 8, 8, 8, 8, 8, 8, 8, 8, 8, 8, 8, 8, 8, 8]
[TEST DEBUG] Env_t: 851224 | Actions: [8, 8, 8, 8, 8, 8, 8, 8, 8, 8, 8, 8, 8, 8, 8, 8, 8, 8, 8, 8]
[TEST DEBUG] Env_t: 851224 | Actions: [8, 8, 8, 8, 8, 8, 8, 8, 8, 8, 8, 8, 8, 8, 8, 8, 8, 8, 8, 8]
[TEST DEBUG] Env_t: 851224 | Actions: [8, 8, 8, 8, 8, 8, 8, 8, 8, 8, 8, 8, 8, 8, 8, 8, 8, 8, 8, 8]
[TEST DEBUG] Env_t: 851224 | Actions: [8, 8, 8, 8, 8, 8, 8, 8, 8, 8, 8, 8, 8, 8, 8, 8, 8, 8, 8, 8]
[TEST DEBUG] Env_t: 851224 | Actions: [8, 8, 8, 8, 8, 8, 8, 8, 8, 8, 8, 8, 8, 8, 8, 8, 8, 8, 8, 8]
[TEST DEBUG] Env_t: 851224 | Actions: [8, 8, 8, 8, 8, 8, 8, 8, 8, 8, 8, 8, 8, 8, 8, 8, 8, 8, 8, 8]
[TEST DEBUG] Env_t: 851224 | Actions: [8, 8, 8, 8, 8, 8, 8, 8, 8, 8, 8, 8, 8, 8, 8, 8, 8, 8, 8, 8]
[TEST DEBUG] Env_t: 851224 | Actions: [8, 8, 8, 8, 8, 8, 8, 8, 8, 8, 8, 8, 8, 8, 8, 8, 8, 8, 8, 8]
[TEST DEBUG] Env_t: 851224 | Actions: [8, 8, 8, 8, 8, 8, 8, 8, 8, 8, 8, 8, 8, 8, 8, 8, 8, 8, 8, 8]
[TEST DEBUG] Env_t: 851224 | Actions: [8, 8, 8, 8, 8, 8, 8, 8, 8, 8, 8, 8, 8, 8, 8, 8, 8, 8, 8, 8]
[TEST DEBUG] Env_t: 851224 | Actions: [8, 8, 8, 8, 8, 8, 8, 8, 8, 8, 8, 8, 8, 8, 8, 8, 8, 8, 8, 8]
[TEST DEBUG] Env_t: 851224 | Actions: [8, 8, 8, 8, 8, 8, 8, 8, 8, 8, 8, 8, 8, 8, 8, 8, 8, 8, 8, 8]
[TEST DEBUG] Env_t: 851224 | Actions: [8, 8, 8, 8, 8, 8, 8, 8, 8, 8, 8, 8, 8, 8, 8, 8, 8, 8, 8, 8]
[TEST DEBUG] Env_t: 851224 | Actions: [8, 8, 8, 8, 8, 8, 8, 8, 8, 8, 8, 8, 8, 8, 8, 8, 8, 8, 8, 8]
[TEST DEBUG] Env_t: 851224 | Actions: [8, 8, 8, 8, 8, 8, 8, 8, 8, 8, 8, 8, 8, 8, 8, 8, 8, 8, 8, 8]
[TEST DEBUG] Env_t: 851224 | Actions: [8, 8, 8, 8, 8, 8, 8, 8, 8, 8, 8, 8, 8, 8, 8, 8, 8, 8, 8, 8]
[TEST DEBUG] Env_t: 851224 | Actions: [8, 8, 8, 8, 8, 8, 8, 8, 8, 8, 8, 8, 8, 8, 8, 8, 8, 8, 8, 8]
[TEST DEBUG] Env_t: 851224 | Actions: [8, 8, 8, 8, 8, 8, 8, 8, 8, 8, 8, 8, 8, 8, 8, 8, 8, 8, 8, 8]
[TEST DEBUG] Env_t: 851224 | Actions: [8, 8, 8, 8, 8, 8, 8, 8, 8, 8, 8, 8, 8, 8, 8, 8, 8, 8, 8, 8]
[TEST DEBUG] Env_t: 851224 | Actions: [8, 8, 8, 8, 8, 8, 8, 8, 8, 8, 8, 8, 8, 8, 8, 8, 8, 8, 8, 8]
[TEST DEBUG] Env_t: 851224 | Actions: [8, 8, 8, 8, 8, 8, 8, 8, 8, 8, 8, 8, 8, 8, 8, 8, 8, 8, 8, 8]
[TEST DEBUG] Env_t: 851224 | Actions: [8, 8, 8, 8, 8, 8, 8, 8, 8, 8, 8, 8, 8, 8, 8, 8, 8, 8, 8, 8]
[TEST DEBUG] Env_t: 851224 | Actions: [8, 8, 8, 8, 8, 8, 8, 8, 8, 8, 8, 8, 8, 8, 8, 8, 8, 8, 8, 8]
[TEST DEBUG] Env_t: 851224 | Actions: [8, 8, 8, 8, 8, 8, 8, 8, 8, 8, 8, 8, 8, 8, 8, 8, 8, 8, 8, 8]
[TEST DEBUG] Env_t: 851224 | Actions: [8, 8, 8, 8, 8, 8, 8, 8, 8, 8, 8, 8, 8, 8, 8, 8, 8, 8, 8, 8]
[TEST DEBUG] Env_t: 851224 | Actions: [8, 8, 8, 8, 8, 8, 8, 8, 8, 8, 8, 8, 8, 8, 8, 8, 8, 8, 8, 8]
[TEST DEBUG] Env_t: 851224 | Actions: [8, 8, 8, 8, 8, 8, 8, 8, 8, 8, 8, 8, 8, 8, 8, 8, 8, 8, 8, 8]
[TEST DEBUG] Env_t: 851224 | Actions: [8, 8, 8, 8, 8, 8, 8, 8, 8, 8, 8, 8, 8, 8, 8, 8, 8, 8, 8, 8]
[TEST DEBUG] Env_t: 851224 | Actions: [8, 8, 8, 8, 8, 8, 8, 8, 8, 8, 8, 8, 8, 8, 8, 8, 8, 8, 8, 8]
[TEST DEBUG] Env_t: 851224 | Actions: [8, 8, 8, 8, 8, 8, 8, 8, 8, 8, 8, 8, 8, 8, 8, 8, 8, 8, 8, 8]
[TEST DEBUG] Env_t: 851224 | Actions: [8, 8, 8, 8, 8, 8, 8, 8, 8, 8, 8, 8, 8, 8, 8, 8, 8, 8, 8, 8]
[TEST DEBUG] Env_t: 901348 | Actions: [8, 8, 8, 8, 8, 8, 8, 8, 8, 8, 8, 8, 8, 8, 8, 8, 8, 8, 8, 8]
[TEST DEBUG] Env_t: 901348 | Actions: [8, 8, 8, 8, 8, 8, 8, 8, 8, 8, 8, 8, 8, 8, 8, 8, 8, 8, 8, 8]
[TEST DEBUG] Env_t: 901348 | Actions: [8, 8, 8, 8, 8, 8, 8, 8, 8, 8, 8, 8, 8, 8, 8, 8, 8, 8, 8, 8]
[TEST DEBUG] Env_t: 901348 | Actions: [8, 8, 8, 8, 8, 8, 8, 8, 8, 8, 8, 8, 8, 8, 8, 8, 8, 8, 8, 8]
[TEST DEBUG] Env_t: 901348 | Actions: [8, 8, 8, 8, 8, 8, 8, 8, 8, 8, 8, 8, 8, 8, 8, 8, 8, 8, 8, 8]
[TEST DEBUG] Env_t: 901348 | Actions: [8, 8, 8, 8, 8, 8, 8, 8, 8, 8, 8, 8, 8, 8, 8, 8, 8, 8, 8, 8]
[TEST DEBUG] Env_t: 901348 | Actions: [8, 8, 8, 8, 8, 8, 8, 8, 8, 8, 8, 8, 8, 8, 8, 8, 8, 8, 8, 8]
[TEST DEBUG] Env_t: 901348 | Actions: [8, 8, 8, 8, 8, 8, 8, 8, 8, 8, 8, 8, 8, 8, 8, 8, 8, 8, 8, 8]
[TEST DEBUG] Env_t: 901348 | Actions: [8, 8, 8, 8, 8, 8, 8, 8, 8, 8, 8, 8, 8, 8, 8, 8, 8, 8, 8, 8]
[TEST DEBUG] Env_t: 901348 | Actions: [8, 8, 8, 8, 8, 8, 8, 8, 8, 8, 8, 8, 8, 8, 8, 8, 8, 8, 8, 8]
[TEST DEBUG] Env_t: 901348 | Actions: [8, 8, 8, 8, 8, 8, 8, 8, 8, 8, 8, 8, 8, 8, 8, 8, 8, 8, 8, 8]
[TEST DEBUG] Env_t: 901348 | Actions: [8, 8, 8, 8, 8, 8, 8, 8, 8, 8, 8, 8, 8, 8, 8, 8, 8, 8, 8, 8]
[TEST DEBUG] Env_t: 901348 | Actions: [8, 8, 8, 8, 8, 8, 8, 8, 8, 8, 8, 8, 8, 8, 8, 8, 8, 8, 8, 8]
[TEST DEBUG] Env_t: 901348 | Actions: [8, 8, 8, 8, 8, 8, 8, 8, 8, 8, 8, 8, 8, 8, 8, 8, 8, 8, 8, 8]
[TEST DEBUG] Env_t: 901348 | Actions: [8, 8, 8, 8, 8, 8, 8, 8, 8, 8, 8, 8, 8, 8, 8, 8, 8, 8, 8, 8]
[TEST DEBUG] Env_t: 901348 | Actions: [8, 8, 8, 8, 8, 8, 8, 8, 8, 8, 8, 8, 8, 8, 8, 8, 8, 8, 8, 8]
[TEST DEBUG] Env_t: 901348 | Actions: [8, 8, 8, 8, 8, 8, 8, 8, 8, 8, 8, 8, 8, 8, 8, 8, 8, 8, 8, 8]
[TEST DEBUG] Env_t: 901348 | Actions: [8, 8, 8, 8, 8, 8, 8, 8, 8, 8, 8, 8, 8, 8, 8, 8, 8, 8, 8, 8]
[TEST DEBUG] Env_t: 901348 | Actions: [8, 8, 8, 8, 8, 8, 8, 8, 8, 8, 8, 8, 8, 8, 8, 8, 8, 8, 8, 8]
[TEST DEBUG] Env_t: 901348 | Actions: [8, 8, 8, 8, 8, 8, 8, 8, 8, 8, 8, 8, 8, 8, 8, 8, 8, 8, 8, 8]
[TEST DEBUG] Env_t: 901348 | Actions: [8, 8, 8, 8, 8, 8, 8, 8, 8, 8, 8, 8, 8, 8, 8, 8, 8, 8, 8, 8]
[TEST DEBUG] Env_t: 901348 | Actions: [8, 8, 8, 8, 8, 8, 8, 8, 8, 8, 8, 8, 8, 8, 8, 8, 8, 8, 8, 8]
[TEST DEBUG] Env_t: 901348 | Actions: [8, 8, 8, 8, 8, 8, 8, 8, 8, 8, 8, 8, 8, 8, 8, 8, 8, 8, 8, 8]
[TEST DEBUG] Env_t: 901348 | Actions: [8, 8, 8, 8, 8, 8, 8, 8, 8, 8, 8, 8, 8, 8, 8, 8, 8, 8, 8, 8]
[TEST DEBUG] Env_t: 901348 | Actions: [8, 8, 8, 8, 8, 8, 8, 8, 8, 8, 8, 8, 8, 8, 8, 8, 8, 8, 8, 8]
[TEST DEBUG] Env_t: 901348 | Actions: [8, 8, 8, 8, 8, 8, 8, 8, 8, 8, 8, 8, 8, 8, 8, 8, 8, 8, 8, 8]
[TEST DEBUG] Env_t: 901348 | Actions: [8, 8, 8, 8, 8, 8, 8, 8, 8, 8, 8, 8, 8, 8, 8, 8, 8, 8, 8, 8]
[TEST DEBUG] Env_t: 901348 | Actions: [8, 8, 8, 8, 8, 8, 8, 8, 8, 8, 8, 8, 8, 8, 8, 8, 8, 8, 8, 8]
[TEST DEBUG] Env_t: 901348 | Actions: [8, 8, 8, 8, 8, 8, 8, 8, 8, 8, 8, 8, 8, 8, 8, 8, 8, 8, 8, 8]
[TEST DEBUG] Env_t: 901348 | Actions: [8, 8, 8, 8, 8, 8, 8, 8, 8, 8, 8, 8, 8, 8, 8, 8, 8, 8, 8, 8]
[TEST DEBUG] Env_t: 901348 | Actions: [8, 8, 8, 8, 8, 8, 8, 8, 8, 8, 8, 8, 8, 8, 8, 8, 8, 8, 8, 8]
[TEST DEBUG] Env_t: 901348 | Actions: [8, 8, 8, 8, 8, 8, 8, 8, 8, 8, 8, 8, 8, 8, 8, 8, 8, 8, 8, 8]
[TEST DEBUG] Env_t: 901348 | Actions: [8, 8, 8, 8, 8, 8, 8, 8, 8, 8, 8, 8, 8, 8, 8, 8, 8, 8, 8, 8]
[TEST DEBUG] Env_t: 901348 | Actions: [8, 8, 8, 8, 8, 8, 8, 8, 8, 8, 8, 8, 8, 8, 8, 8, 8, 8, 8, 8]
[TEST DEBUG] Env_t: 901348 | Actions: [8, 8, 8, 8, 8, 8, 8, 8, 8, 8, 8, 8, 8, 8, 8, 8, 8, 8, 8, 8]
[TEST DEBUG] Env_t: 901348 | Actions: [8, 8, 8, 8, 8, 8, 8, 8, 8, 8, 8, 8, 8, 8, 8, 8, 8, 8, 8, 8]
[TEST DEBUG] Env_t: 901348 | Actions: [8, 8, 8, 8, 8, 8, 8, 8, 8, 8, 8, 8, 8, 8, 8, 8, 8, 8, 8, 8]
[TEST DEBUG] Env_t: 901348 | Actions: [8, 8, 8, 8, 8, 8, 8, 8, 8, 8, 8, 8, 8, 8, 8, 8, 8, 8, 8, 8]
[TEST DEBUG] Env_t: 901348 | Actions: [8, 8, 8, 8, 8, 8, 8, 8, 8, 8, 8, 8, 8, 8, 8, 8, 8, 8, 8, 8]
[TEST DEBUG] Env_t: 901348 | Actions: [8, 8, 8, 8, 8, 8, 8, 8, 8, 8, 8, 8, 8, 8, 8, 8, 8, 8, 8, 8]
[TEST DEBUG] Env_t: 901348 | Actions: [8, 8, 8, 8, 8, 8, 8, 8, 8, 8, 8, 8, 8, 8, 8, 8, 8, 8, 8, 8]
[TEST DEBUG] Env_t: 901348 | Actions: [8, 8, 8, 8, 8, 8, 8, 8, 8, 8, 8, 8, 8, 8, 8, 8, 8, 8, 8, 8]
[TEST DEBUG] Env_t: 901348 | Actions: [8, 8, 8, 8, 8, 8, 8, 8, 8, 8, 8, 8, 8, 8, 8, 8, 8, 8, 8, 8]
[TEST DEBUG] Env_t: 901348 | Actions: [8, 8, 8, 8, 8, 8, 8, 8, 8, 8, 8, 8, 8, 8, 8, 8, 8, 8, 8, 8]
[TEST DEBUG] Env_t: 901348 | Actions: [8, 8, 8, 8, 8, 8, 8, 8, 8, 8, 8, 8, 8, 8, 8, 8, 8, 8, 8, 8]
[TEST DEBUG] Env_t: 901348 | Actions: [8, 8, 8, 8, 8, 8, 8, 8, 8, 8, 8, 8, 8, 8, 8, 8, 8, 8, 8, 8]
[TEST DEBUG] Env_t: 901348 | Actions: [8, 8, 8, 8, 8, 8, 8, 8, 8, 8, 8, 8, 8, 8, 8, 8, 8, 8, 8, 8]
[TEST DEBUG] Env_t: 901348 | Actions: [8, 8, 8, 8, 8, 8, 8, 8, 8, 8, 8, 8, 8, 8, 8, 8, 8, 8, 8, 8]
[TEST DEBUG] Env_t: 901348 | Actions: [8, 8, 8, 8, 8, 8, 8, 8, 8, 8, 8, 8, 8, 8, 8, 8, 8, 8, 8, 8]
[TEST DEBUG] Env_t: 901348 | Actions: [8, 8, 8, 8, 8, 8, 8, 8, 8, 8, 8, 8, 8, 8, 8, 8, 8, 8, 8, 8]
[TEST DEBUG] Env_t: 951477 | Actions: [8, 8, 8, 8, 8, 8, 8, 8, 8, 8, 8, 8, 8, 8, 8, 8, 8, 8, 8, 8]
[TEST DEBUG] Env_t: 951477 | Actions: [8, 8, 8, 8, 8, 8, 8, 8, 8, 8, 8, 8, 8, 8, 8, 8, 8, 8, 8, 8]
[TEST DEBUG] Env_t: 951477 | Actions: [8, 8, 8, 8, 8, 8, 8, 8, 8, 8, 8, 8, 8, 8, 8, 8, 8, 8, 8, 8]
[TEST DEBUG] Env_t: 951477 | Actions: [8, 8, 8, 8, 8, 8, 8, 8, 8, 8, 8, 8, 8, 8, 8, 8, 8, 8, 8, 8]
[TEST DEBUG] Env_t: 951477 | Actions: [8, 8, 8, 8, 8, 8, 8, 8, 8, 8, 8, 8, 8, 8, 8, 8, 8, 8, 8, 8]
[TEST DEBUG] Env_t: 951477 | Actions: [8, 8, 8, 8, 8, 8, 8, 8, 8, 8, 8, 8, 8, 8, 8, 8, 8, 8, 8, 8]
[TEST DEBUG] Env_t: 951477 | Actions: [8, 8, 8, 8, 8, 8, 8, 8, 8, 8, 8, 8, 8, 8, 8, 8, 8, 8, 8, 8]
[TEST DEBUG] Env_t: 951477 | Actions: [8, 8, 8, 8, 8, 8, 8, 8, 8, 8, 8, 8, 8, 8, 8, 8, 8, 8, 8, 8]
[TEST DEBUG] Env_t: 951477 | Actions: [8, 8, 8, 8, 8, 8, 8, 8, 8, 8, 8, 8, 8, 8, 8, 8, 8, 8, 8, 8]
[TEST DEBUG] Env_t: 951477 | Actions: [8, 8, 8, 8, 8, 8, 8, 8, 8, 8, 8, 8, 8, 8, 8, 8, 8, 8, 8, 8]
[TEST DEBUG] Env_t: 951477 | Actions: [8, 8, 8, 8, 8, 8, 8, 8, 8, 8, 8, 8, 8, 8, 8, 8, 8, 8, 8, 8]
[TEST DEBUG] Env_t: 951477 | Actions: [8, 8, 8, 8, 8, 8, 8, 8, 8, 8, 8, 8, 8, 8, 8, 8, 8, 8, 8, 8]
[TEST DEBUG] Env_t: 951477 | Actions: [8, 8, 8, 8, 8, 8, 8, 8, 8, 8, 8, 8, 8, 8, 8, 8, 8, 8, 8, 8]
[TEST DEBUG] Env_t: 951477 | Actions: [8, 8, 8, 8, 8, 8, 8, 8, 8, 8, 8, 8, 8, 8, 8, 8, 8, 8, 8, 8]
[TEST DEBUG] Env_t: 951477 | Actions: [8, 8, 8, 8, 8, 8, 8, 8, 8, 8, 8, 8, 8, 8, 8, 8, 8, 8, 8, 8]
[TEST DEBUG] Env_t: 951477 | Actions: [8, 8, 8, 8, 8, 8, 8, 8, 8, 8, 8, 8, 8, 8, 8, 8, 8, 8, 8, 8]
[TEST DEBUG] Env_t: 951477 | Actions: [8, 8, 8, 8, 8, 8, 8, 8, 8, 8, 8, 8, 8, 8, 8, 8, 8, 8, 8, 8]
[TEST DEBUG] Env_t: 951477 | Actions: [8, 8, 8, 8, 8, 8, 8, 8, 8, 8, 8, 8, 8, 8, 8, 8, 8, 8, 8, 8]
[TEST DEBUG] Env_t: 951477 | Actions: [8, 8, 8, 8, 8, 8, 8, 8, 8, 8, 8, 8, 8, 8, 8, 8, 8, 8, 8, 8]
[TEST DEBUG] Env_t: 951477 | Actions: [8, 8, 8, 8, 8, 8, 8, 8, 8, 8, 8, 8, 8, 8, 8, 8, 8, 8, 8, 8]
[TEST DEBUG] Env_t: 951477 | Actions: [8, 8, 8, 8, 8, 8, 8, 8, 8, 8, 8, 8, 8, 8, 8, 8, 8, 8, 8, 8]
[TEST DEBUG] Env_t: 951477 | Actions: [8, 8, 8, 8, 8, 8, 8, 8, 8, 8, 8, 8, 8, 8, 8, 8, 8, 8, 8, 8]
[TEST DEBUG] Env_t: 951477 | Actions: [8, 8, 8, 8, 8, 8, 8, 8, 8, 8, 8, 8, 8, 8, 8, 8, 8, 8, 8, 8]
[TEST DEBUG] Env_t: 951477 | Actions: [8, 8, 8, 8, 8, 8, 8, 8, 8, 8, 8, 8, 8, 8, 8, 8, 8, 8, 8, 8]
[TEST DEBUG] Env_t: 951477 | Actions: [8, 8, 8, 8, 8, 8, 8, 8, 8, 8, 8, 8, 8, 8, 8, 8, 8, 8, 8, 8]
[TEST DEBUG] Env_t: 951477 | Actions: [8, 8, 8, 8, 8, 8, 8, 8, 8, 8, 8, 8, 8, 8, 8, 8, 8, 8, 8, 8]
[TEST DEBUG] Env_t: 951477 | Actions: [8, 8, 8, 8, 8, 8, 8, 8, 8, 8, 8, 8, 8, 8, 8, 8, 8, 8, 8, 8]
[TEST DEBUG] Env_t: 951477 | Actions: [8, 8, 8, 8, 8, 8, 8, 8, 8, 8, 8, 8, 8, 8, 8, 8, 8, 8, 8, 8]
[TEST DEBUG] Env_t: 951477 | Actions: [8, 8, 8, 8, 8, 8, 8, 8, 8, 8, 8, 8, 8, 8, 8, 8, 8, 8, 8, 8]
[TEST DEBUG] Env_t: 951477 | Actions: [8, 8, 8, 8, 8, 8, 8, 8, 8, 8, 8, 8, 8, 8, 8, 8, 8, 8, 8, 8]
[TEST DEBUG] Env_t: 951477 | Actions: [8, 8, 8, 8, 8, 8, 8, 8, 8, 8, 8, 8, 8, 8, 8, 8, 8, 8, 8, 8]
[TEST DEBUG] Env_t: 951477 | Actions: [8, 8, 8, 8, 8, 8, 8, 8, 8, 8, 8, 8, 8, 8, 8, 8, 8, 8, 8, 8]
[TEST DEBUG] Env_t: 951477 | Actions: [8, 8, 8, 8, 8, 8, 8, 8, 8, 8, 8, 8, 8, 8, 8, 8, 8, 8, 8, 8]
[TEST DEBUG] Env_t: 951477 | Actions: [8, 8, 8, 8, 8, 8, 8, 8, 8, 8, 8, 8, 8, 8, 8, 8, 8, 8, 8, 8]
[TEST DEBUG] Env_t: 951477 | Actions: [8, 8, 8, 8, 8, 8, 8, 8, 8, 8, 8, 8, 8, 8, 8, 8, 8, 8, 8, 8]
[TEST DEBUG] Env_t: 951477 | Actions: [8, 8, 8, 8, 8, 8, 8, 8, 8, 8, 8, 8, 8, 8, 8, 8, 8, 8, 8, 8]
[TEST DEBUG] Env_t: 951477 | Actions: [8, 8, 8, 8, 8, 8, 8, 8, 8, 8, 8, 8, 8, 8, 8, 8, 8, 8, 8, 8]
[TEST DEBUG] Env_t: 951477 | Actions: [8, 8, 8, 8, 8, 8, 8, 8, 8, 8, 8, 8, 8, 8, 8, 8, 8, 8, 8, 8]
[TEST DEBUG] Env_t: 951477 | Actions: [8, 8, 8, 8, 8, 8, 8, 8, 8, 8, 8, 8, 8, 8, 8, 8, 8, 8, 8, 8]
[TEST DEBUG] Env_t: 951477 | Actions: [8, 8, 8, 8, 8, 8, 8, 8, 8, 8, 8, 8, 8, 8, 8, 8, 8, 8, 8, 8]
[TEST DEBUG] Env_t: 951477 | Actions: [8, 8, 8, 8, 8, 8, 8, 8, 8, 8, 8, 8, 8, 8, 8, 8, 8, 8, 8, 8]
[TEST DEBUG] Env_t: 951477 | Actions: [8, 8, 8, 8, 8, 8, 8, 8, 8, 8, 8, 8, 8, 8, 8, 8, 8, 8, 8, 8]
[TEST DEBUG] Env_t: 951477 | Actions: [8, 8, 8, 8, 8, 8, 8, 8, 8, 8, 8, 8, 8, 8, 8, 8, 8, 8, 8, 8]
[TEST DEBUG] Env_t: 951477 | Actions: [8, 8, 8, 8, 8, 8, 8, 8, 8, 8, 8, 8, 8, 8, 8, 8, 8, 8, 8, 8]
[TEST DEBUG] Env_t: 951477 | Actions: [8, 8, 8, 8, 8, 8, 8, 8, 8, 8, 8, 8, 8, 8, 8, 8, 8, 8, 8, 8]
[TEST DEBUG] Env_t: 951477 | Actions: [8, 8, 8, 8, 8, 8, 8, 8, 8, 8, 8, 8, 8, 8, 8, 8, 8, 8, 8, 8]
[TEST DEBUG] Env_t: 951477 | Actions: [8, 8, 8, 8, 8, 8, 8, 8, 8, 8, 8, 8, 8, 8, 8, 8, 8, 8, 8, 8]
[TEST DEBUG] Env_t: 951477 | Actions: [8, 8, 8, 8, 8, 8, 8, 8, 8, 8, 8, 8, 8, 8, 8, 8, 8, 8, 8, 8]
[TEST DEBUG] Env_t: 951477 | Actions: [8, 8, 8, 8, 8, 8, 8, 8, 8, 8, 8, 8, 8, 8, 8, 8, 8, 8, 8, 8]
[TEST DEBUG] Env_t: 951477 | Actions: [8, 8, 8, 8, 8, 8, 8, 8, 8, 8, 8, 8, 8, 8, 8, 8, 8, 8, 8, 8]
[TEST DEBUG] Env_t: 1001632 | Actions: [8, 8, 8, 8, 8, 8, 8, 8, 8, 8, 8, 8, 8, 8, 8, 8, 8, 8, 8, 8]
[TEST DEBUG] Env_t: 1001632 | Actions: [8, 8, 8, 8, 8, 8, 8, 8, 8, 8, 8, 8, 8, 8, 8, 8, 8, 8, 8, 8]
[TEST DEBUG] Env_t: 1001632 | Actions: [8, 8, 8, 8, 8, 8, 8, 8, 8, 8, 8, 8, 8, 8, 8, 8, 8, 8, 8, 8]
[TEST DEBUG] Env_t: 1001632 | Actions: [8, 8, 8, 8, 8, 8, 8, 8, 8, 8, 8, 8, 8, 8, 8, 8, 8, 8, 8, 8]
[TEST DEBUG] Env_t: 1001632 | Actions: [8, 8, 8, 8, 8, 8, 8, 8, 8, 8, 8, 8, 8, 8, 8, 8, 8, 8, 8, 8]
[TEST DEBUG] Env_t: 1001632 | Actions: [8, 8, 8, 8, 8, 8, 8, 8, 8, 8, 8, 8, 8, 8, 8, 8, 8, 8, 8, 8]
[TEST DEBUG] Env_t: 1001632 | Actions: [8, 8, 8, 8, 8, 8, 8, 8, 8, 8, 8, 8, 8, 8, 8, 8, 8, 8, 8, 8]
[TEST DEBUG] Env_t: 1001632 | Actions: [8, 8, 8, 8, 8, 8, 8, 8, 8, 8, 8, 8, 8, 8, 8, 8, 8, 8, 8, 8]
[TEST DEBUG] Env_t: 1001632 | Actions: [8, 8, 8, 8, 8, 8, 8, 8, 8, 8, 8, 8, 8, 8, 8, 8, 8, 8, 8, 8]
[TEST DEBUG] Env_t: 1001632 | Actions: [8, 8, 8, 8, 8, 8, 8, 8, 8, 8, 8, 8, 8, 8, 8, 8, 8, 8, 8, 8]
[TEST DEBUG] Env_t: 1001632 | Actions: [8, 8, 8, 8, 8, 8, 8, 8, 8, 8, 8, 8, 8, 8, 8, 8, 8, 8, 8, 8]
[TEST DEBUG] Env_t: 1001632 | Actions: [8, 8, 8, 8, 8, 8, 8, 8, 8, 8, 8, 8, 8, 8, 8, 8, 8, 8, 8, 8]
[TEST DEBUG] Env_t: 1001632 | Actions: [8, 8, 8, 8, 8, 8, 8, 8, 8, 8, 8, 8, 8, 8, 8, 8, 8, 8, 8, 8]
[TEST DEBUG] Env_t: 1001632 | Actions: [8, 8, 8, 8, 8, 8, 8, 8, 8, 8, 8, 8, 8, 8, 8, 8, 8, 8, 8, 8]
[TEST DEBUG] Env_t: 1001632 | Actions: [8, 8, 8, 8, 8, 8, 8, 8, 8, 8, 8, 8, 8, 8, 8, 8, 8, 8, 8, 8]
[TEST DEBUG] Env_t: 1001632 | Actions: [8, 8, 8, 8, 8, 8, 8, 8, 8, 8, 8, 8, 8, 8, 8, 8, 8, 8, 8, 8]
[TEST DEBUG] Env_t: 1001632 | Actions: [8, 8, 8, 8, 8, 8, 8, 8, 8, 8, 8, 8, 8, 8, 8, 8, 8, 8, 8, 8]
[TEST DEBUG] Env_t: 1001632 | Actions: [8, 8, 8, 8, 8, 8, 8, 8, 8, 8, 8, 8, 8, 8, 8, 8, 8, 8, 8, 8]
[TEST DEBUG] Env_t: 1001632 | Actions: [8, 8, 8, 8, 8, 8, 8, 8, 8, 8, 8, 8, 8, 8, 8, 8, 8, 8, 8, 8]
[TEST DEBUG] Env_t: 1001632 | Actions: [8, 8, 8, 8, 8, 8, 8, 8, 8, 8, 8, 8, 8, 8, 8, 8, 8, 8, 8, 8]
[TEST DEBUG] Env_t: 1001632 | Actions: [8, 8, 8, 8, 8, 8, 8, 8, 8, 8, 8, 8, 8, 8, 8, 8, 8, 8, 8, 8]
[TEST DEBUG] Env_t: 1001632 | Actions: [8, 8, 8, 8, 8, 8, 8, 8, 8, 8, 8, 8, 8, 8, 8, 8, 8, 8, 8, 8]
[TEST DEBUG] Env_t: 1001632 | Actions: [8, 8, 8, 8, 8, 8, 8, 8, 8, 8, 8, 8, 8, 8, 8, 8, 8, 8, 8, 8]
[TEST DEBUG] Env_t: 1001632 | Actions: [8, 8, 8, 8, 8, 8, 8, 8, 8, 8, 8, 8, 8, 8, 8, 8, 8, 8, 8, 8]
[TEST DEBUG] Env_t: 1001632 | Actions: [8, 8, 8, 8, 8, 8, 8, 8, 8, 8, 8, 8, 8, 8, 8, 8, 8, 8, 8, 8]
[TEST DEBUG] Env_t: 1001632 | Actions: [8, 8, 8, 8, 8, 8, 8, 8, 8, 8, 8, 8, 8, 8, 8, 8, 8, 8, 8, 8]
[TEST DEBUG] Env_t: 1001632 | Actions: [8, 8, 8, 8, 8, 8, 8, 8, 8, 8, 8, 8, 8, 8, 8, 8, 8, 8, 8, 8]
[TEST DEBUG] Env_t: 1001632 | Actions: [8, 8, 8, 8, 8, 8, 8, 8, 8, 8, 8, 8, 8, 8, 8, 8, 8, 8, 8, 8]
[TEST DEBUG] Env_t: 1001632 | Actions: [8, 8, 8, 8, 8, 8, 8, 8, 8, 8, 8, 8, 8, 8, 8, 8, 8, 8, 8, 8]
[TEST DEBUG] Env_t: 1001632 | Actions: [8, 8, 8, 8, 8, 8, 8, 8, 8, 8, 8, 8, 8, 8, 8, 8, 8, 8, 8, 8]
[TEST DEBUG] Env_t: 1001632 | Actions: [8, 8, 8, 8, 8, 8, 8, 8, 8, 8, 8, 8, 8, 8, 8, 8, 8, 8, 8, 8]
[TEST DEBUG] Env_t: 1001632 | Actions: [8, 8, 8, 8, 8, 8, 8, 8, 8, 8, 8, 8, 8, 8, 8, 8, 8, 8, 8, 8]
[TEST DEBUG] Env_t: 1001632 | Actions: [8, 8, 8, 8, 8, 8, 8, 8, 8, 8, 8, 8, 8, 8, 8, 8, 8, 8, 8, 8]
[TEST DEBUG] Env_t: 1001632 | Actions: [8, 8, 8, 8, 8, 8, 8, 8, 8, 8, 8, 8, 8, 8, 8, 8, 8, 8, 8, 8]
[TEST DEBUG] Env_t: 1001632 | Actions: [8, 8, 8, 8, 8, 8, 8, 8, 8, 8, 8, 8, 8, 8, 8, 8, 8, 8, 8, 8]
[TEST DEBUG] Env_t: 1001632 | Actions: [8, 8, 8, 8, 8, 8, 8, 8, 8, 8, 8, 8, 8, 8, 8, 8, 8, 8, 8, 8]
[TEST DEBUG] Env_t: 1001632 | Actions: [8, 8, 8, 8, 8, 8, 8, 8, 8, 8, 8, 8, 8, 8, 8, 8, 8, 8, 8, 8]
[TEST DEBUG] Env_t: 1001632 | Actions: [8, 8, 8, 8, 8, 8, 8, 8, 8, 8, 8, 8, 8, 8, 8, 8, 8, 8, 8, 8]
[TEST DEBUG] Env_t: 1001632 | Actions: [8, 8, 8, 8, 8, 8, 8, 8, 8, 8, 8, 8, 8, 8, 8, 8, 8, 8, 8, 8]
[TEST DEBUG] Env_t: 1001632 | Actions: [8, 8, 8, 8, 8, 8, 8, 8, 8, 8, 8, 8, 8, 8, 8, 8, 8, 8, 8, 8]
[TEST DEBUG] Env_t: 1001632 | Actions: [8, 8, 8, 8, 8, 8, 8, 8, 8, 8, 8, 8, 8, 8, 8, 8, 8, 8, 8, 8]
[TEST DEBUG] Env_t: 1001632 | Actions: [8, 8, 8, 8, 8, 8, 8, 8, 8, 8, 8, 8, 8, 8, 8, 8, 8, 8, 8, 8]
[TEST DEBUG] Env_t: 1001632 | Actions: [8, 8, 8, 8, 8, 8, 8, 8, 8, 8, 8, 8, 8, 8, 8, 8, 8, 8, 8, 8]
[TEST DEBUG] Env_t: 1001632 | Actions: [8, 8, 8, 8, 8, 8, 8, 8, 8, 8, 8, 8, 8, 8, 8, 8, 8, 8, 8, 8]
[TEST DEBUG] Env_t: 1001632 | Actions: [8, 8, 8, 8, 8, 8, 8, 8, 8, 8, 8, 8, 8, 8, 8, 8, 8, 8, 8, 8]
[TEST DEBUG] Env_t: 1001632 | Actions: [8, 8, 8, 8, 8, 8, 8, 8, 8, 8, 8, 8, 8, 8, 8, 8, 8, 8, 8, 8]
[TEST DEBUG] Env_t: 1001632 | Actions: [8, 8, 8, 8, 8, 8, 8, 8, 8, 8, 8, 8, 8, 8, 8, 8, 8, 8, 8, 8]
[TEST DEBUG] Env_t: 1001632 | Actions: [8, 8, 8, 8, 8, 8, 8, 8, 8, 8, 8, 8, 8, 8, 8, 8, 8, 8, 8, 8]
[TEST DEBUG] Env_t: 1001632 | Actions: [8, 8, 8, 8, 8, 8, 8, 8, 8, 8, 8, 8, 8, 8, 8, 8, 8, 8, 8, 8]
[TEST DEBUG] Env_t: 1001632 | Actions: [8, 8, 8, 8, 8, 8, 8, 8, 8, 8, 8, 8, 8, 8, 8, 8, 8, 8, 8, 8]
