Gym has been unmaintained since 2022 and does not support NumPy 2.0 amongst other critical functionality.
Please upgrade to Gymnasium, the maintained drop-in replacement of Gym, or contact the authors of your software and request that they upgrade.
Users of this version of Gym should be able to simply replace 'import gym' with 'import gymnasium as gym' in the vast majority of cases.
See the migration guide at https://gymnasium.farama.org/introduction/migration_guide/ for additional information.
src/main.py:81: DeprecationWarning: Using or importing the ABCs from 'collections' instead of from 'collections.abc' is deprecated since Python 3.3, and in 3.10 it will stop working
  if isinstance(v, collections.Mapping):
wandb: [wandb.login()] Loaded credentials for https://api.wandb.ai from /home/pparsons/.netrc.
wandb: Currently logged in as: peterparsons02 (peterparsons02-eth-z-rich) to https://api.wandb.ai. Use `wandb login --relogin` to force relogin
wandb: setting up run ents6j3u
wandb: Tracking run with wandb version 0.24.1
wandb: Run data is saved locally in /usr/itetnas04/data-scratch-01/pparsons/data/MyExpoComm/wandb/run-20260426_073353-ents6j3u
wandb: Run `wandb offline` to turn off syncing.
wandb: Syncing run my_run-advP_Big_IQL_RNN_5M_44-20260426_073353
wandb: ⭐️ View project at https://wandb.ai/peterparsons02-eth-z-rich/my_experiment
wandb: 🚀 View run at https://wandb.ai/peterparsons02-eth-z-rich/my_experiment/runs/ents6j3u
2026-04-26 07:33:55,057 - my_experiment - advP_Big_IQL_RNN_5M_44 - my_run - INFO - Current directory: /usr/itetnas04/data-scratch-01/pparsons/data/MyExpoComm.
2026-04-26 07:33:55,057 - my_experiment - advP_Big_IQL_RNN_5M_44 - my_run - INFO - Experiment Parameters:
2026-04-26 07:33:55,058 - my_experiment - advP_Big_IQL_RNN_5M_44 - my_run - INFO - 

{   'action_selector': 'epsilon_greedy',
    'add_value_last_step': True,
    'agent': 'rnn',
    'agent_output_type': 'q',
    'batch_size': 32,
    'batch_size_run': 1,
    'buffer_cpu_only': True,
    'buffer_size': 2000,
    'checkpoint_path': '',
    'double_q': True,
    'env': 'MAgent_AdvPursuit',
    'env_args': {   'global_reward': False,
                    'map_name': 'adversarial_pursuit_view8',
                    'map_size': 70,
                    'max_cycles': 200,
                    'minimap_mode': True,
                    'pretrained_ckpt': 'prey_params.pt',
                    'seed': 44},
    'epsilon_anneal_time': 1000000,
    'epsilon_finish': 0.05,
    'epsilon_start': 1.0,
    'evaluate': False,
    'evaluation_epsilon': 0.0,
    'exp_name': 'my_experiment',
    'gamma': 0.99,
    'global_reward': True,
    'grad_norm_clip': 10,
    'hidden_dim': 64,
    'hypergroup': None,
    'label': 'default_label',
    'learner': 'q_learner',
    'learner_log_interval': 10000,
    'load_step': 0,
    'local_results_path': 'results',
    'log_interval': 50000,
    'lr': 0.0005,
    'mac': 'basic_mac',
    'mixer': None,
    'name': 'advP_Big_IQL_RNN_5M_44',
    'obs_agent_id': True,
    'obs_individual_obs': False,
    'obs_last_action': True,
    'optim_alpha': 0.99,
    'optim_eps': 1e-05,
    'render': False,
    'repeat_id': 1,
    'run_name': 'my_run',
    'runner': 'episode',
    'runner_log_interval': 10000,
    'save_model': True,
    'save_model_interval': 500000,
    'save_replay': False,
    'seed': 44,
    'standardise_returns': False,
    'standardise_rewards': True,
    't_max': 5050000,
    'target_update_interval_or_tau': 200,
    'test_greedy': True,
    'test_interval': 50000,
    'test_nepisode': 16,
    'use_cuda': True,
    'use_rnn': True,
    'use_tensorboard': True,
    'work_dir': 'work_dirs/my_experiment/advP_Big_IQL_RNN_5M_44/my_run/20260426_073353'}

/usr/itetnas04/data-scratch-01/pparsons/data/conda_envs/ExpoComm/lib/python3.8/site-packages/pettingzoo/utils/conversions.py:41: UserWarning: The `from_parallel` function is deprecated. Use the `parallel_to_aec` function instead.
  warnings.warn("The `from_parallel` function is deprecated. Use the `parallel_to_aec` function instead.")
/usr/itetnas04/data-scratch-01/pparsons/data/conda_envs/ExpoComm/lib/python3.8/site-packages/pettingzoo/utils/wrappers/base.py:44: UserWarning: The `observation_spaces` dictionary is deprecated. Use the `observation_space` function instead.
  warnings.warn("The `observation_spaces` dictionary is deprecated. Use the `observation_space` function instead.")
/usr/itetnas04/data-scratch-01/pparsons/data/conda_envs/ExpoComm/lib/python3.8/site-packages/pettingzoo/utils/conversions.py:36: UserWarning: The `to_parallel` function is deprecated. Use the `aec_to_parallel` function instead.
  warnings.warn("The `to_parallel` function is deprecated. Use the `aec_to_parallel` function instead.")
/usr/itetnas04/data-scratch-01/pparsons/data/conda_envs/ExpoComm/lib/python3.8/site-packages/pettingzoo/utils/conversions.py:80: UserWarning: The `action_spaces` dictionary is deprecated. Use the `action_space` function instead.
  warnings.warn("The `action_spaces` dictionary is deprecated. Use the `action_space` function instead.")
/usr/itetnas04/data-scratch-01/pparsons/data/conda_envs/ExpoComm/lib/python3.8/site-packages/pettingzoo/utils/wrappers/base.py:52: UserWarning: The `action_spaces` dictionary is deprecated. Use the `action_space` function instead.
  warnings.warn("The `action_spaces` dictionary is deprecated. Use the `action_space` function instead.")
/usr/itetnas04/data-scratch-01/pparsons/data/conda_envs/ExpoComm/lib/python3.8/site-packages/pettingzoo/utils/conversions.py:72: UserWarning: The `observation_spaces` dictionary is deprecated. Use the `observation_space` function instead.
  warnings.warn("The `observation_spaces` dictionary is deprecated. Use the `observation_space` function instead.")
2026-04-26 07:33:58,193 - my_experiment - advP_Big_IQL_RNN_5M_44 - my_run - INFO - Beginning training for 5050000 timesteps
/usr/itetnas04/data-scratch-01/pparsons/data/MyExpoComm/src/envs/adv_pursuit_wrappers.py:240: UserWarning: To copy construct from a tensor, it is recommended to use sourceTensor.clone().detach() or sourceTensor.clone().detach().requires_grad_(True), rather than torch.tensor(sourceTensor).
  actions = th.tensor(actions, dtype=th.long)
2026-04-26 07:34:03,333 - my_experiment - advP_Big_IQL_RNN_5M_44 - my_run - INFO - t_env: 200 / 5050000
2026-04-26 07:34:03,333 - my_experiment - advP_Big_IQL_RNN_5M_44 - my_run - INFO - Estimated time left: 8 minutes, 37 seconds. Time passed: 5 seconds
2026-04-26 07:35:13,798 - my_experiment - advP_Big_IQL_RNN_5M_44 - my_run - INFO - Saving models to work_dirs/my_experiment/advP_Big_IQL_RNN_5M_44/my_run/20260426_073353/models/200
2026-04-26 07:54:42,399 - my_experiment - advP_Big_IQL_RNN_5M_44 - my_run - INFO - Recent Stats | t_env:      50000 | Episode:      250
ep_length_mean:          200.0000	episode_length_mean:     199.0000	epsilon:                   0.9620	grad_norm:                 0.8805
loss:                      0.8842	q_taken_mean:              0.0008	return_mean:             -21.1924	return_std:                0.5886
target_mean:               0.0045	td_error_abs:              0.4696	test_ep_length_mean:     200.0000	test_episode_length_mean:199.0000
test_return_mean:        -33.0582	test_return_std:           4.5732	
2026-04-26 07:54:47,129 - my_experiment - advP_Big_IQL_RNN_5M_44 - my_run - INFO - t_env: 50200 / 5050000
2026-04-26 07:54:47,130 - my_experiment - advP_Big_IQL_RNN_5M_44 - my_run - INFO - Estimated time left: 1 days, 10 hours, 32 minutes, 54 seconds. Time passed: 20 minutes, 48 seconds
2026-04-26 08:15:39,134 - my_experiment - advP_Big_IQL_RNN_5M_44 - my_run - INFO - Recent Stats | t_env:     100000 | Episode:      500
ep_length_mean:          200.0000	episode_length_mean:     199.0000	epsilon:                   0.9145	grad_norm:                 2.1580
loss:                      1.1614	q_taken_mean:              0.0196	return_mean:             -18.0956	return_std:                0.9561
target_mean:               0.0243	td_error_abs:              0.5317	test_ep_length_mean:     200.0000	test_episode_length_mean:199.0000
test_return_mean:         20.5386	test_return_std:           5.9298	
2026-04-26 08:15:43,907 - my_experiment - advP_Big_IQL_RNN_5M_44 - my_run - INFO - t_env: 100200 / 5050000
2026-04-26 08:15:43,907 - my_experiment - advP_Big_IQL_RNN_5M_44 - my_run - INFO - Estimated time left: 1 days, 10 hours, 33 minutes, 35 seconds. Time passed: 41 minutes, 45 seconds
2026-04-26 08:36:37,033 - my_experiment - advP_Big_IQL_RNN_5M_44 - my_run - INFO - Recent Stats | t_env:     150000 | Episode:      750
ep_length_mean:          200.0000	episode_length_mean:     199.0000	epsilon:                   0.8670	grad_norm:                 3.6574
loss:                      1.8632	q_taken_mean:              0.0464	return_mean:             -13.3334	return_std:                1.2759
target_mean:               0.0517	td_error_abs:              0.7286	test_ep_length_mean:     200.0000	test_episode_length_mean:199.0000
test_return_mean:         52.1123	test_return_std:           6.4193	
2026-04-26 08:36:41,770 - my_experiment - advP_Big_IQL_RNN_5M_44 - my_run - INFO - t_env: 150200 / 5050000
2026-04-26 08:36:41,771 - my_experiment - advP_Big_IQL_RNN_5M_44 - my_run - INFO - Estimated time left: 1 days, 10 hours, 14 minutes, 25 seconds. Time passed: 1 hours, 2 minutes, 43 seconds
2026-04-26 08:57:32,863 - my_experiment - advP_Big_IQL_RNN_5M_44 - my_run - INFO - Recent Stats | t_env:     200000 | Episode:     1000
ep_length_mean:          200.0000	episode_length_mean:     199.0000	epsilon:                   0.8195	grad_norm:                 5.9305
loss:                      3.1317	q_taken_mean:              0.0824	return_mean:              -7.2713	return_std:                1.6598
target_mean:               0.0894	td_error_abs:              1.0125	test_ep_length_mean:     200.0000	test_episode_length_mean:199.0000
test_return_mean:         69.3828	test_return_std:           6.4700	
2026-04-26 08:57:37,621 - my_experiment - advP_Big_IQL_RNN_5M_44 - my_run - INFO - t_env: 200200 / 5050000
2026-04-26 08:57:37,622 - my_experiment - advP_Big_IQL_RNN_5M_44 - my_run - INFO - Estimated time left: 1 days, 9 hours, 50 minutes, 12 seconds. Time passed: 1 hours, 23 minutes, 39 seconds
2026-04-26 09:18:29,647 - my_experiment - advP_Big_IQL_RNN_5M_44 - my_run - INFO - Recent Stats | t_env:     250000 | Episode:     1250
ep_length_mean:          200.0000	episode_length_mean:     199.0000	epsilon:                   0.7720	grad_norm:                19.4132
loss:                      6.0781	q_taken_mean:              0.1308	return_mean:              -1.8852	return_std:                2.0867
target_mean:               0.1470	td_error_abs:              1.5419	test_ep_length_mean:     200.0000	test_episode_length_mean:199.0000
test_return_mean:         80.1320	test_return_std:           7.0125	
2026-04-26 09:18:34,406 - my_experiment - advP_Big_IQL_RNN_5M_44 - my_run - INFO - t_env: 250200 / 5050000
2026-04-26 09:18:34,407 - my_experiment - advP_Big_IQL_RNN_5M_44 - my_run - INFO - Estimated time left: 1 days, 9 hours, 30 minutes, 46 seconds. Time passed: 1 hours, 44 minutes, 36 seconds
2026-04-26 09:39:24,887 - my_experiment - advP_Big_IQL_RNN_5M_44 - my_run - INFO - Recent Stats | t_env:     300000 | Episode:     1500
ep_length_mean:          200.0000	episode_length_mean:     199.0000	epsilon:                   0.7245	grad_norm:                13.2369
loss:                      5.3698	q_taken_mean:              0.1953	return_mean:               5.4309	return_std:                2.1156
target_mean:               0.2044	td_error_abs:              1.3741	test_ep_length_mean:     200.0000	test_episode_length_mean:199.0000
test_return_mean:        110.7139	test_return_std:           7.5991	
2026-04-26 09:39:29,655 - my_experiment - advP_Big_IQL_RNN_5M_44 - my_run - INFO - t_env: 300200 / 5050000
2026-04-26 09:39:29,656 - my_experiment - advP_Big_IQL_RNN_5M_44 - my_run - INFO - Estimated time left: 1 days, 9 hours, 7 minutes, 23 seconds. Time passed: 2 hours, 5 minutes, 31 seconds
2026-04-26 10:00:22,530 - my_experiment - advP_Big_IQL_RNN_5M_44 - my_run - INFO - Recent Stats | t_env:     350000 | Episode:     1750
ep_length_mean:          200.0000	episode_length_mean:     199.0000	epsilon:                   0.6770	grad_norm:                15.3085
loss:                      6.4614	q_taken_mean:              0.2544	return_mean:              13.5554	return_std:                2.7565
target_mean:               0.2634	td_error_abs:              1.4599	test_ep_length_mean:     200.0000	test_episode_length_mean:199.0000
test_return_mean:        120.8356	test_return_std:           7.5623	
2026-04-26 10:00:27,274 - my_experiment - advP_Big_IQL_RNN_5M_44 - my_run - INFO - t_env: 350200 / 5050000
2026-04-26 10:00:27,274 - my_experiment - advP_Big_IQL_RNN_5M_44 - my_run - INFO - Estimated time left: 1 days, 8 hours, 50 minutes, 11 seconds. Time passed: 2 hours, 26 minutes, 29 seconds
2026-04-26 10:21:16,566 - my_experiment - advP_Big_IQL_RNN_5M_44 - my_run - INFO - Recent Stats | t_env:     400000 | Episode:     2000
ep_length_mean:          200.0000	episode_length_mean:     199.0000	epsilon:                   0.6295	grad_norm:                16.4416
loss:                      7.5583	q_taken_mean:              0.3146	return_mean:              20.8502	return_std:                2.7788
target_mean:               0.3230	td_error_abs:              1.5186	test_ep_length_mean:     200.0000	test_episode_length_mean:199.0000
test_return_mean:        123.2600	test_return_std:           7.7805	
2026-04-26 10:21:21,250 - my_experiment - advP_Big_IQL_RNN_5M_44 - my_run - INFO - t_env: 400200 / 5050000
2026-04-26 10:21:21,250 - my_experiment - advP_Big_IQL_RNN_5M_44 - my_run - INFO - Estimated time left: 1 days, 8 hours, 23 minutes, 34 seconds. Time passed: 2 hours, 47 minutes, 23 seconds
2026-04-26 10:41:56,891 - my_experiment - advP_Big_IQL_RNN_5M_44 - my_run - INFO - Recent Stats | t_env:     450000 | Episode:     2250
ep_length_mean:          200.0000	episode_length_mean:     199.0000	epsilon:                   0.5820	grad_norm:                33.9476
loss:                     10.7709	q_taken_mean:              0.3779	return_mean:              29.1045	return_std:                3.2864
target_mean:               0.3942	td_error_abs:              1.9294	test_ep_length_mean:     200.0000	test_episode_length_mean:199.0000
test_return_mean:        124.7339	test_return_std:           8.2014	
2026-04-26 10:42:01,594 - my_experiment - advP_Big_IQL_RNN_5M_44 - my_run - INFO - t_env: 450200 / 5050000
2026-04-26 10:42:01,595 - my_experiment - advP_Big_IQL_RNN_5M_44 - my_run - INFO - Estimated time left: 1 days, 7 hours, 41 minutes, 46 seconds. Time passed: 3 hours, 8 minutes, 3 seconds
2026-04-26 11:02:41,895 - my_experiment - advP_Big_IQL_RNN_5M_44 - my_run - INFO - Recent Stats | t_env:     500000 | Episode:     2500
ep_length_mean:          200.0000	episode_length_mean:     199.0000	epsilon:                   0.5345	grad_norm:                17.7146
loss:                     10.5921	q_taken_mean:              0.4501	return_mean:              37.4545	return_std:                3.5321
target_mean:               0.4581	td_error_abs:              1.6542	test_ep_length_mean:     200.0000	test_episode_length_mean:199.0000
test_return_mean:        125.2750	test_return_std:           7.8596	
2026-04-26 11:02:46,577 - my_experiment - advP_Big_IQL_RNN_5M_44 - my_run - INFO - t_env: 500200 / 5050000
2026-04-26 11:02:46,578 - my_experiment - advP_Big_IQL_RNN_5M_44 - my_run - INFO - Estimated time left: 1 days, 7 hours, 28 minutes, 8 seconds. Time passed: 3 hours, 28 minutes, 48 seconds
2026-04-26 11:03:57,040 - my_experiment - advP_Big_IQL_RNN_5M_44 - my_run - INFO - Saving models to work_dirs/my_experiment/advP_Big_IQL_RNN_5M_44/my_run/20260426_073353/models/500200
2026-04-26 11:23:24,359 - my_experiment - advP_Big_IQL_RNN_5M_44 - my_run - INFO - Recent Stats | t_env:     550000 | Episode:     2750
ep_length_mean:          200.0000	episode_length_mean:     199.0000	epsilon:                   0.4870	grad_norm:                16.0199
loss:                     12.1630	q_taken_mean:              0.5311	return_mean:              46.1642	return_std:                3.8560
target_mean:               0.5387	td_error_abs:              1.6328	test_ep_length_mean:     200.0000	test_episode_length_mean:199.0000
test_return_mean:        127.7593	test_return_std:           7.9204	
2026-04-26 11:23:29,105 - my_experiment - advP_Big_IQL_RNN_5M_44 - my_run - INFO - t_env: 550200 / 5050000
2026-04-26 11:23:29,105 - my_experiment - advP_Big_IQL_RNN_5M_44 - my_run - INFO - Estimated time left: 1 days, 7 hours, 3 minutes, 42 seconds. Time passed: 3 hours, 49 minutes, 30 seconds
2026-04-26 11:44:15,015 - my_experiment - advP_Big_IQL_RNN_5M_44 - my_run - INFO - Recent Stats | t_env:     600000 | Episode:     3000
ep_length_mean:          200.0000	episode_length_mean:     199.0000	epsilon:                   0.4395	grad_norm:                15.1564
loss:                     13.3843	q_taken_mean:              0.5917	return_mean:              54.7699	return_std:                3.8019
target_mean:               0.5987	td_error_abs:              1.6046	test_ep_length_mean:     200.0000	test_episode_length_mean:199.0000
test_return_mean:        129.5642	test_return_std:           7.5989	
2026-04-26 11:44:19,732 - my_experiment - advP_Big_IQL_RNN_5M_44 - my_run - INFO - t_env: 600200 / 5050000
2026-04-26 11:44:19,732 - my_experiment - advP_Big_IQL_RNN_5M_44 - my_run - INFO - Estimated time left: 1 days, 6 hours, 55 minutes, 0 seconds. Time passed: 4 hours, 10 minutes, 21 seconds
2026-04-26 12:04:58,239 - my_experiment - advP_Big_IQL_RNN_5M_44 - my_run - INFO - Recent Stats | t_env:     650000 | Episode:     3250
ep_length_mean:          200.0000	episode_length_mean:     199.0000	epsilon:                   0.3920	grad_norm:                24.9588
loss:                     15.6744	q_taken_mean:              0.6503	return_mean:              64.2155	return_std:                3.4508
target_mean:               0.6623	td_error_abs:              1.8420	test_ep_length_mean:     200.0000	test_episode_length_mean:199.0000
test_return_mean:        131.0464	test_return_std:           7.3619	
2026-04-26 12:05:02,957 - my_experiment - advP_Big_IQL_RNN_5M_44 - my_run - INFO - t_env: 650200 / 5050000
2026-04-26 12:05:02,957 - my_experiment - advP_Big_IQL_RNN_5M_44 - my_run - INFO - Estimated time left: 1 days, 6 hours, 23 minutes, 18 seconds. Time passed: 4 hours, 31 minutes, 4 seconds
2026-04-26 12:25:40,750 - my_experiment - advP_Big_IQL_RNN_5M_44 - my_run - INFO - Recent Stats | t_env:     700000 | Episode:     3500
ep_length_mean:          200.0000	episode_length_mean:     199.0000	epsilon:                   0.3445	grad_norm:                14.4826
loss:                     16.1668	q_taken_mean:              0.7049	return_mean:              72.9658	return_std:                3.6742
target_mean:               0.7105	td_error_abs:              1.5991	test_ep_length_mean:     200.0000	test_episode_length_mean:199.0000
test_return_mean:        132.4924	test_return_std:           6.9843	
2026-04-26 12:25:45,454 - my_experiment - advP_Big_IQL_RNN_5M_44 - my_run - INFO - t_env: 700200 / 5050000
2026-04-26 12:25:45,455 - my_experiment - advP_Big_IQL_RNN_5M_44 - my_run - INFO - Estimated time left: 1 days, 6 hours, 1 minutes, 32 seconds. Time passed: 4 hours, 51 minutes, 47 seconds
2026-04-26 12:46:22,763 - my_experiment - advP_Big_IQL_RNN_5M_44 - my_run - INFO - Recent Stats | t_env:     750000 | Episode:     3750
ep_length_mean:          200.0000	episode_length_mean:     199.0000	epsilon:                   0.2970	grad_norm:                11.5966
loss:                     17.2717	q_taken_mean:              0.7589	return_mean:              82.1392	return_std:                3.6088
target_mean:               0.7640	td_error_abs:              1.5547	test_ep_length_mean:     200.0000	test_episode_length_mean:199.0000
test_return_mean:        135.1268	test_return_std:           6.4356	
2026-04-26 12:46:27,474 - my_experiment - advP_Big_IQL_RNN_5M_44 - my_run - INFO - t_env: 750200 / 5050000
2026-04-26 12:46:27,474 - my_experiment - advP_Big_IQL_RNN_5M_44 - my_run - INFO - Estimated time left: 1 days, 5 hours, 40 minutes, 8 seconds. Time passed: 5 hours, 12 minutes, 29 seconds
2026-04-26 13:07:04,854 - my_experiment - advP_Big_IQL_RNN_5M_44 - my_run - INFO - Recent Stats | t_env:     800000 | Episode:     4000
ep_length_mean:          200.0000	episode_length_mean:     199.0000	epsilon:                   0.2495	grad_norm:                14.1909
loss:                     18.2649	q_taken_mean:              0.7962	return_mean:              91.1488	return_std:                3.5066
target_mean:               0.8009	td_error_abs:              1.5459	test_ep_length_mean:     200.0000	test_episode_length_mean:199.0000
test_return_mean:        136.3286	test_return_std:           6.4504	
2026-04-26 13:07:09,568 - my_experiment - advP_Big_IQL_RNN_5M_44 - my_run - INFO - t_env: 800200 / 5050000
2026-04-26 13:07:09,568 - my_experiment - advP_Big_IQL_RNN_5M_44 - my_run - INFO - Estimated time left: 1 days, 5 hours, 19 minutes, 32 seconds. Time passed: 5 hours, 33 minutes, 11 seconds
2026-04-26 13:27:47,325 - my_experiment - advP_Big_IQL_RNN_5M_44 - my_run - INFO - Recent Stats | t_env:     850000 | Episode:     4250
ep_length_mean:          200.0000	episode_length_mean:     199.0000	epsilon:                   0.2020	grad_norm:                19.8511
loss:                     19.7357	q_taken_mean:              0.8388	return_mean:             100.4285	return_std:                3.2047
target_mean:               0.8468	td_error_abs:              1.6729	test_ep_length_mean:     200.0000	test_episode_length_mean:199.0000
test_return_mean:        138.3318	test_return_std:           6.5573	
2026-04-26 13:27:52,021 - my_experiment - advP_Big_IQL_RNN_5M_44 - my_run - INFO - t_env: 850200 / 5050000
2026-04-26 13:27:52,021 - my_experiment - advP_Big_IQL_RNN_5M_44 - my_run - INFO - Estimated time left: 1 days, 4 hours, 59 minutes, 21 seconds. Time passed: 5 hours, 53 minutes, 53 seconds
2026-04-26 13:48:28,768 - my_experiment - advP_Big_IQL_RNN_5M_44 - my_run - INFO - Recent Stats | t_env:     900000 | Episode:     4500
ep_length_mean:          200.0000	episode_length_mean:     199.0000	epsilon:                   0.1545	grad_norm:                11.9814
loss:                     20.0352	q_taken_mean:              0.8739	return_mean:             109.8362	return_std:                3.4374
target_mean:               0.8775	td_error_abs:              1.4777	test_ep_length_mean:     200.0000	test_episode_length_mean:199.0000
test_return_mean:        140.2384	test_return_std:           6.0392	
2026-04-26 13:48:33,463 - my_experiment - advP_Big_IQL_RNN_5M_44 - my_run - INFO - t_env: 900200 / 5050000
2026-04-26 13:48:33,463 - my_experiment - advP_Big_IQL_RNN_5M_44 - my_run - INFO - Estimated time left: 1 days, 4 hours, 37 minutes, 14 seconds. Time passed: 6 hours, 14 minutes, 35 seconds
2026-04-26 14:09:09,966 - my_experiment - advP_Big_IQL_RNN_5M_44 - my_run - INFO - Recent Stats | t_env:     950000 | Episode:     4750
ep_length_mean:          200.0000	episode_length_mean:     199.0000	epsilon:                   0.1070	grad_norm:                11.0369
loss:                     20.6609	q_taken_mean:              0.9133	return_mean:             119.4543	return_std:                3.3953
target_mean:               0.9166	td_error_abs:              1.4164	test_ep_length_mean:     200.0000	test_episode_length_mean:199.0000
test_return_mean:        141.9088	test_return_std:           5.8118	
2026-04-26 14:09:14,669 - my_experiment - advP_Big_IQL_RNN_5M_44 - my_run - INFO - t_env: 950200 / 5050000
2026-04-26 14:09:14,670 - my_experiment - advP_Big_IQL_RNN_5M_44 - my_run - INFO - Estimated time left: 1 days, 4 hours, 16 minutes, 13 seconds. Time passed: 6 hours, 35 minutes, 16 seconds
2026-04-26 14:29:50,763 - my_experiment - advP_Big_IQL_RNN_5M_44 - my_run - INFO - Recent Stats | t_env:    1000000 | Episode:     5000
ep_length_mean:          200.0000	episode_length_mean:     199.0000	epsilon:                   0.0595	grad_norm:                 8.7788
loss:                     21.1507	q_taken_mean:              0.9427	return_mean:             129.7066	return_std:                3.4760
target_mean:               0.9456	td_error_abs:              1.3654	test_ep_length_mean:     200.0000	test_episode_length_mean:199.0000
test_return_mean:        142.7688	test_return_std:           5.7589	
2026-04-26 14:29:55,466 - my_experiment - advP_Big_IQL_RNN_5M_44 - my_run - INFO - t_env: 1000200 / 5050000
2026-04-26 14:29:55,467 - my_experiment - advP_Big_IQL_RNN_5M_44 - my_run - INFO - Estimated time left: 1 days, 3 hours, 54 minutes, 59 seconds. Time passed: 6 hours, 55 minutes, 57 seconds
2026-04-26 14:31:05,881 - my_experiment - advP_Big_IQL_RNN_5M_44 - my_run - INFO - Saving models to work_dirs/my_experiment/advP_Big_IQL_RNN_5M_44/my_run/20260426_073353/models/1000200
2026-04-26 14:50:31,369 - my_experiment - advP_Big_IQL_RNN_5M_44 - my_run - INFO - Recent Stats | t_env:    1050000 | Episode:     5250
ep_length_mean:          200.0000	episode_length_mean:     199.0000	epsilon:                   0.0500	grad_norm:                11.5246
loss:                     21.5786	q_taken_mean:              0.9687	return_mean:             137.4115	return_std:                3.2920
target_mean:               0.9732	td_error_abs:              1.3857	test_ep_length_mean:     200.0000	test_episode_length_mean:199.0000
test_return_mean:        144.6357	test_return_std:           5.1091	
2026-04-26 14:50:36,074 - my_experiment - advP_Big_IQL_RNN_5M_44 - my_run - INFO - t_env: 1050200 / 5050000
2026-04-26 14:50:36,075 - my_experiment - advP_Big_IQL_RNN_5M_44 - my_run - INFO - Estimated time left: 1 days, 3 hours, 34 minutes, 3 seconds. Time passed: 7 hours, 16 minutes, 37 seconds
2026-04-26 15:11:09,511 - my_experiment - advP_Big_IQL_RNN_5M_44 - my_run - INFO - Recent Stats | t_env:    1100000 | Episode:     5500
ep_length_mean:          200.0000	episode_length_mean:     199.0000	epsilon:                   0.0500	grad_norm:                 6.5509
loss:                     21.6004	q_taken_mean:              0.9909	return_mean:             138.3547	return_std:                3.1667
target_mean:               0.9930	td_error_abs:              1.2261	test_ep_length_mean:     200.0000	test_episode_length_mean:199.0000
test_return_mean:        145.2776	test_return_std:           4.7852	
2026-04-26 15:11:14,218 - my_experiment - advP_Big_IQL_RNN_5M_44 - my_run - INFO - t_env: 1100200 / 5050000
2026-04-26 15:11:14,219 - my_experiment - advP_Big_IQL_RNN_5M_44 - my_run - INFO - Estimated time left: 1 days, 3 hours, 10 minutes, 8 seconds. Time passed: 7 hours, 37 minutes, 16 seconds
2026-04-26 15:31:49,301 - my_experiment - advP_Big_IQL_RNN_5M_44 - my_run - INFO - Recent Stats | t_env:    1150000 | Episode:     5750
ep_length_mean:          200.0000	episode_length_mean:     199.0000	epsilon:                   0.0500	grad_norm:                 5.6527
loss:                     21.7933	q_taken_mean:              1.0113	return_mean:             138.8853	return_std:                3.0258
target_mean:               1.0130	td_error_abs:              1.1560	test_ep_length_mean:     200.0000	test_episode_length_mean:199.0000
test_return_mean:        146.4223	test_return_std:           4.6461	
2026-04-26 15:31:54,035 - my_experiment - advP_Big_IQL_RNN_5M_44 - my_run - INFO - t_env: 1150200 / 5050000
2026-04-26 15:31:54,035 - my_experiment - advP_Big_IQL_RNN_5M_44 - my_run - INFO - Estimated time left: 1 days, 2 hours, 51 minutes, 40 seconds. Time passed: 7 hours, 57 minutes, 55 seconds
2026-04-26 15:52:29,728 - my_experiment - advP_Big_IQL_RNN_5M_44 - my_run - INFO - Recent Stats | t_env:    1200000 | Episode:     6000
ep_length_mean:          200.0000	episode_length_mean:     199.0000	epsilon:                   0.0500	grad_norm:                 4.7327
loss:                     21.9440	q_taken_mean:              1.0242	return_mean:             139.2813	return_std:                2.8534
target_mean:               1.0259	td_error_abs:              1.1175	test_ep_length_mean:     200.0000	test_episode_length_mean:199.0000
test_return_mean:        147.6953	test_return_std:           4.2579	
2026-04-26 15:52:34,446 - my_experiment - advP_Big_IQL_RNN_5M_44 - my_run - INFO - t_env: 1200200 / 5050000
2026-04-26 15:52:34,447 - my_experiment - advP_Big_IQL_RNN_5M_44 - my_run - INFO - Estimated time left: 1 days, 2 hours, 31 minutes, 46 seconds. Time passed: 8 hours, 18 minutes, 36 seconds
2026-04-26 16:13:16,078 - my_experiment - advP_Big_IQL_RNN_5M_44 - my_run - INFO - Recent Stats | t_env:    1250000 | Episode:     6250
ep_length_mean:          200.0000	episode_length_mean:     199.0000	epsilon:                   0.0500	grad_norm:                 6.1918
loss:                     22.1153	q_taken_mean:              1.0381	return_mean:             139.7659	return_std:                2.7778
target_mean:               1.0407	td_error_abs:              1.1261	test_ep_length_mean:     200.0000	test_episode_length_mean:199.0000
test_return_mean:        149.0849	test_return_std:           4.0080	
2026-04-26 16:13:21,006 - my_experiment - advP_Big_IQL_RNN_5M_44 - my_run - INFO - t_env: 1250200 / 5050000
2026-04-26 16:13:21,007 - my_experiment - advP_Big_IQL_RNN_5M_44 - my_run - INFO - Estimated time left: 1 days, 2 hours, 18 minutes, 53 seconds. Time passed: 8 hours, 39 minutes, 22 seconds
2026-04-26 16:33:58,370 - my_experiment - advP_Big_IQL_RNN_5M_44 - my_run - INFO - Recent Stats | t_env:    1300000 | Episode:     6500
ep_length_mean:          200.0000	episode_length_mean:     199.0000	epsilon:                   0.0500	grad_norm:                 3.3741
loss:                     22.2002	q_taken_mean:              1.0527	return_mean:             140.2140	return_std:                2.5516
target_mean:               1.0540	td_error_abs:              1.0191	test_ep_length_mean:     200.0000	test_episode_length_mean:199.0000
test_return_mean:        149.8341	test_return_std:           3.8847	
2026-04-26 16:34:03,060 - my_experiment - advP_Big_IQL_RNN_5M_44 - my_run - INFO - t_env: 1300200 / 5050000
2026-04-26 16:34:03,060 - my_experiment - advP_Big_IQL_RNN_5M_44 - my_run - INFO - Estimated time left: 1 days, 1 hours, 52 minutes, 29 seconds. Time passed: 9 hours, 4 seconds
2026-04-26 16:54:39,214 - my_experiment - advP_Big_IQL_RNN_5M_44 - my_run - INFO - Recent Stats | t_env:    1350000 | Episode:     6750
ep_length_mean:          200.0000	episode_length_mean:     199.0000	epsilon:                   0.0500	grad_norm:                 2.9304
loss:                     22.3438	q_taken_mean:              1.0631	return_mean:             140.5531	return_std:                2.4680
target_mean:               1.0637	td_error_abs:              0.9641	test_ep_length_mean:     200.0000	test_episode_length_mean:199.0000
test_return_mean:        150.6441	test_return_std:           3.7080	
2026-04-26 16:54:43,921 - my_experiment - advP_Big_IQL_RNN_5M_44 - my_run - INFO - t_env: 1350200 / 5050000
2026-04-26 16:54:43,922 - my_experiment - advP_Big_IQL_RNN_5M_44 - my_run - INFO - Estimated time left: 1 days, 1 hours, 30 minutes, 18 seconds. Time passed: 9 hours, 20 minutes, 45 seconds
2026-04-26 17:15:20,850 - my_experiment - advP_Big_IQL_RNN_5M_44 - my_run - INFO - Recent Stats | t_env:    1400000 | Episode:     7000
ep_length_mean:          200.0000	episode_length_mean:     199.0000	epsilon:                   0.0500	grad_norm:                 2.5418
loss:                     22.4183	q_taken_mean:              1.0700	return_mean:             140.7131	return_std:                2.4240
target_mean:               1.0707	td_error_abs:              0.9427	test_ep_length_mean:     200.0000	test_episode_length_mean:199.0000
test_return_mean:        150.9236	test_return_std:           3.5988	
2026-04-26 17:15:25,522 - my_experiment - advP_Big_IQL_RNN_5M_44 - my_run - INFO - t_env: 1400200 / 5050000
2026-04-26 17:15:25,523 - my_experiment - advP_Big_IQL_RNN_5M_44 - my_run - INFO - Estimated time left: 1 days, 1 hours, 10 minutes, 31 seconds. Time passed: 9 hours, 41 minutes, 27 seconds
2026-04-26 17:36:03,215 - my_experiment - advP_Big_IQL_RNN_5M_44 - my_run - INFO - Recent Stats | t_env:    1450000 | Episode:     7250
ep_length_mean:          200.0000	episode_length_mean:     199.0000	epsilon:                   0.0500	grad_norm:                 3.2483
loss:                     22.5986	q_taken_mean:              1.0745	return_mean:             141.0033	return_std:                2.4829
target_mean:               1.0756	td_error_abs:              0.9711	test_ep_length_mean:     200.0000	test_episode_length_mean:199.0000
test_return_mean:        150.9048	test_return_std:           3.6370	
2026-04-26 17:36:07,940 - my_experiment - advP_Big_IQL_RNN_5M_44 - my_run - INFO - t_env: 1450200 / 5050000
2026-04-26 17:36:07,941 - my_experiment - advP_Big_IQL_RNN_5M_44 - my_run - INFO - Estimated time left: 1 days, 50 minutes, 49 seconds. Time passed: 10 hours, 2 minutes, 9 seconds
2026-04-26 17:56:45,985 - my_experiment - advP_Big_IQL_RNN_5M_44 - my_run - INFO - Recent Stats | t_env:    1500000 | Episode:     7500
ep_length_mean:          200.0000	episode_length_mean:     199.0000	epsilon:                   0.0500	grad_norm:                 3.7341
loss:                     22.6416	q_taken_mean:              1.0782	return_mean:             141.4047	return_std:                2.3127
target_mean:               1.0787	td_error_abs:              0.9274	test_ep_length_mean:     200.0000	test_episode_length_mean:199.0000
test_return_mean:        151.2507	test_return_std:           3.4948	
2026-04-26 17:56:50,734 - my_experiment - advP_Big_IQL_RNN_5M_44 - my_run - INFO - t_env: 1500200 / 5050000
2026-04-26 17:56:50,735 - my_experiment - advP_Big_IQL_RNN_5M_44 - my_run - INFO - Estimated time left: 1 days, 30 minutes, 33 seconds. Time passed: 10 hours, 22 minutes, 52 seconds
2026-04-26 17:58:01,695 - my_experiment - advP_Big_IQL_RNN_5M_44 - my_run - INFO - Saving models to work_dirs/my_experiment/advP_Big_IQL_RNN_5M_44/my_run/20260426_073353/models/1500200
2026-04-26 18:17:29,113 - my_experiment - advP_Big_IQL_RNN_5M_44 - my_run - INFO - Recent Stats | t_env:    1550000 | Episode:     7750
ep_length_mean:          200.0000	episode_length_mean:     199.0000	epsilon:                   0.0500	grad_norm:                 1.5437
loss:                     22.6780	q_taken_mean:              1.0837	return_mean:             141.3410	return_std:                2.4433
target_mean:               1.0840	td_error_abs:              0.9060	test_ep_length_mean:     200.0000	test_episode_length_mean:199.0000
test_return_mean:        151.5852	test_return_std:           3.1514	
2026-04-26 18:17:33,814 - my_experiment - advP_Big_IQL_RNN_5M_44 - my_run - INFO - t_env: 1550200 / 5050000
2026-04-26 18:17:33,815 - my_experiment - advP_Big_IQL_RNN_5M_44 - my_run - INFO - Estimated time left: 1 days, 10 minutes, 10 seconds. Time passed: 10 hours, 43 minutes, 35 seconds
2026-04-26 18:38:11,028 - my_experiment - advP_Big_IQL_RNN_5M_44 - my_run - INFO - Recent Stats | t_env:    1600000 | Episode:     8000
ep_length_mean:          200.0000	episode_length_mean:     199.0000	epsilon:                   0.0500	grad_norm:                 2.0805
loss:                     22.6825	q_taken_mean:              1.0852	return_mean:             141.7298	return_std:                2.1653
target_mean:               1.0856	td_error_abs:              0.9086	test_ep_length_mean:     200.0000	test_episode_length_mean:199.0000
test_return_mean:        151.8427	test_return_std:           3.0635	
2026-04-26 18:38:15,750 - my_experiment - advP_Big_IQL_RNN_5M_44 - my_run - INFO - t_env: 1600200 / 5050000
2026-04-26 18:38:15,751 - my_experiment - advP_Big_IQL_RNN_5M_44 - my_run - INFO - Estimated time left: 23 hours, 48 minutes, 8 seconds. Time passed: 11 hours, 4 minutes, 17 seconds
2026-04-26 18:58:49,243 - my_experiment - advP_Big_IQL_RNN_5M_44 - my_run - INFO - Recent Stats | t_env:    1650000 | Episode:     8250
ep_length_mean:          200.0000	episode_length_mean:     199.0000	epsilon:                   0.0500	grad_norm:                 1.5747
loss:                     22.7041	q_taken_mean:              1.0877	return_mean:             141.8403	return_std:                2.1850
target_mean:               1.0880	td_error_abs:              0.8948	test_ep_length_mean:     200.0000	test_episode_length_mean:199.0000
test_return_mean:        152.1595	test_return_std:           2.7720	
2026-04-26 18:58:53,932 - my_experiment - advP_Big_IQL_RNN_5M_44 - my_run - INFO - t_env: 1650200 / 5050000
2026-04-26 18:58:53,933 - my_experiment - advP_Big_IQL_RNN_5M_44 - my_run - INFO - Estimated time left: 23 hours, 23 minutes, 11 seconds. Time passed: 11 hours, 24 minutes, 55 seconds
2026-04-26 19:19:23,684 - my_experiment - advP_Big_IQL_RNN_5M_44 - my_run - INFO - Recent Stats | t_env:    1700000 | Episode:     8500
ep_length_mean:          200.0000	episode_length_mean:     199.0000	epsilon:                   0.0500	grad_norm:                 1.2317
loss:                     22.6459	q_taken_mean:              1.0870	return_mean:             142.1537	return_std:                1.9576
target_mean:               1.0872	td_error_abs:              0.8885	test_ep_length_mean:     200.0000	test_episode_length_mean:199.0000
test_return_mean:        152.7515	test_return_std:           2.3691	
2026-04-26 19:19:28,391 - my_experiment - advP_Big_IQL_RNN_5M_44 - my_run - INFO - t_env: 1700200 / 5050000
2026-04-26 19:19:28,392 - my_experiment - advP_Big_IQL_RNN_5M_44 - my_run - INFO - Estimated time left: 22 hours, 58 minutes, 23 seconds. Time passed: 11 hours, 45 minutes, 30 seconds
2026-04-26 19:40:00,389 - my_experiment - advP_Big_IQL_RNN_5M_44 - my_run - INFO - Recent Stats | t_env:    1750000 | Episode:     8750
ep_length_mean:          200.0000	episode_length_mean:     199.0000	epsilon:                   0.0500	grad_norm:                 1.8825
loss:                     22.5121	q_taken_mean:              1.0876	return_mean:             141.9400	return_std:                2.2051
target_mean:               1.0874	td_error_abs:              0.8612	test_ep_length_mean:     200.0000	test_episode_length_mean:199.0000
test_return_mean:        153.1307	test_return_std:           2.2758	
2026-04-26 19:40:05,072 - my_experiment - advP_Big_IQL_RNN_5M_44 - my_run - INFO - t_env: 1750200 / 5050000
2026-04-26 19:40:05,073 - my_experiment - advP_Big_IQL_RNN_5M_44 - my_run - INFO - Estimated time left: 22 hours, 40 minutes, 15 seconds. Time passed: 12 hours, 6 minutes, 6 seconds
2026-04-26 20:00:42,896 - my_experiment - advP_Big_IQL_RNN_5M_44 - my_run - INFO - Recent Stats | t_env:    1800000 | Episode:     9000
ep_length_mean:          200.0000	episode_length_mean:     199.0000	epsilon:                   0.0500	grad_norm:                 1.6796
loss:                     22.4787	q_taken_mean:              1.0882	return_mean:             142.1344	return_std:                1.9902
target_mean:               1.0881	td_error_abs:              0.8621	test_ep_length_mean:     200.0000	test_episode_length_mean:199.0000
test_return_mean:        153.0432	test_return_std:           2.5295	
2026-04-26 20:00:47,604 - my_experiment - advP_Big_IQL_RNN_5M_44 - my_run - INFO - t_env: 1800200 / 5050000
2026-04-26 20:00:47,605 - my_experiment - advP_Big_IQL_RNN_5M_44 - my_run - INFO - Estimated time left: 22 hours, 25 minutes, 59 seconds. Time passed: 12 hours, 26 minutes, 49 seconds
2026-04-26 20:21:24,459 - my_experiment - advP_Big_IQL_RNN_5M_44 - my_run - INFO - Recent Stats | t_env:    1850000 | Episode:     9250
ep_length_mean:          200.0000	episode_length_mean:     199.0000	epsilon:                   0.0500	grad_norm:                 2.5112
loss:                     22.3268	q_taken_mean:              1.0876	return_mean:             141.8005	return_std:                2.2809
target_mean:               1.0871	td_error_abs:              0.8424	test_ep_length_mean:     200.0000	test_episode_length_mean:199.0000
test_return_mean:        153.3371	test_return_std:           2.3239	
2026-04-26 20:21:29,172 - my_experiment - advP_Big_IQL_RNN_5M_44 - my_run - INFO - t_env: 1850200 / 5050000
2026-04-26 20:21:29,173 - my_experiment - advP_Big_IQL_RNN_5M_44 - my_run - INFO - Estimated time left: 22 hours, 4 minutes, 15 seconds. Time passed: 12 hours, 47 minutes, 30 seconds
2026-04-26 20:42:08,736 - my_experiment - advP_Big_IQL_RNN_5M_44 - my_run - INFO - Recent Stats | t_env:    1900000 | Episode:     9500
ep_length_mean:          200.0000	episode_length_mean:     199.0000	epsilon:                   0.0500	grad_norm:                 3.4897
loss:                     22.1109	q_taken_mean:              1.0867	return_mean:             141.8136	return_std:                2.0733
target_mean:               1.0864	td_error_abs:              0.8573	test_ep_length_mean:     200.0000	test_episode_length_mean:199.0000
test_return_mean:        153.3570	test_return_std:           2.2918	
2026-04-26 20:42:13,491 - my_experiment - advP_Big_IQL_RNN_5M_44 - my_run - INFO - t_env: 1900200 / 5050000
2026-04-26 20:42:13,492 - my_experiment - advP_Big_IQL_RNN_5M_44 - my_run - INFO - Estimated time left: 21 hours, 46 minutes, 27 seconds. Time passed: 13 hours, 8 minutes, 15 seconds
2026-04-26 21:02:59,069 - my_experiment - advP_Big_IQL_RNN_5M_44 - my_run - INFO - Recent Stats | t_env:    1950000 | Episode:     9750
ep_length_mean:          200.0000	episode_length_mean:     199.0000	epsilon:                   0.0500	grad_norm:                 6.5958
loss:                     21.7450	q_taken_mean:              1.0845	return_mean:             140.9772	return_std:                2.3007
target_mean:               1.0838	td_error_abs:              0.8471	test_ep_length_mean:     200.0000	test_episode_length_mean:199.0000
test_return_mean:        153.1850	test_return_std:           2.2222	
2026-04-26 21:03:03,841 - my_experiment - advP_Big_IQL_RNN_5M_44 - my_run - INFO - t_env: 1950200 / 5050000
2026-04-26 21:03:03,842 - my_experiment - advP_Big_IQL_RNN_5M_44 - my_run - INFO - Estimated time left: 21 hours, 31 minutes, 56 seconds. Time passed: 13 hours, 29 minutes, 5 seconds
2026-04-26 21:23:46,301 - my_experiment - advP_Big_IQL_RNN_5M_44 - my_run - INFO - Recent Stats | t_env:    2000000 | Episode:    10000
ep_length_mean:          200.0000	episode_length_mean:     199.0000	epsilon:                   0.0500	grad_norm:                15.3883
loss:                     21.4055	q_taken_mean:              1.0824	return_mean:             141.3478	return_std:                1.8348
target_mean:               1.0821	td_error_abs:              0.8703	test_ep_length_mean:     200.0000	test_episode_length_mean:199.0000
test_return_mean:        153.0152	test_return_std:           2.2784	
2026-04-26 21:23:50,973 - my_experiment - advP_Big_IQL_RNN_5M_44 - my_run - INFO - t_env: 2000200 / 5050000
2026-04-26 21:23:50,974 - my_experiment - advP_Big_IQL_RNN_5M_44 - my_run - INFO - Estimated time left: 21 hours, 7 minutes, 50 seconds. Time passed: 13 hours, 49 minutes, 52 seconds
2026-04-26 21:25:01,489 - my_experiment - advP_Big_IQL_RNN_5M_44 - my_run - INFO - Saving models to work_dirs/my_experiment/advP_Big_IQL_RNN_5M_44/my_run/20260426_073353/models/2000200
2026-04-26 21:44:25,753 - my_experiment - advP_Big_IQL_RNN_5M_44 - my_run - INFO - Recent Stats | t_env:    2050000 | Episode:    10250
ep_length_mean:          200.0000	episode_length_mean:     199.0000	epsilon:                   0.0500	grad_norm:                27.9352
loss:                     20.5916	q_taken_mean:              1.0789	return_mean:             140.4005	return_std:                2.1242
target_mean:               1.0779	td_error_abs:              0.8170	test_ep_length_mean:     200.0000	test_episode_length_mean:199.0000
test_return_mean:        153.1533	test_return_std:           1.9293	
2026-04-26 21:44:30,462 - my_experiment - advP_Big_IQL_RNN_5M_44 - my_run - INFO - t_env: 2050200 / 5050000
2026-04-26 21:44:30,463 - my_experiment - advP_Big_IQL_RNN_5M_44 - my_run - INFO - Estimated time left: 20 hours, 39 minutes, 24 seconds. Time passed: 14 hours, 10 minutes, 32 seconds
2026-04-26 22:05:05,114 - my_experiment - advP_Big_IQL_RNN_5M_44 - my_run - INFO - Recent Stats | t_env:    2100000 | Episode:    10500
ep_length_mean:          200.0000	episode_length_mean:     199.0000	epsilon:                   0.0500	grad_norm:                89.2965
loss:                     19.9299	q_taken_mean:              1.0737	return_mean:             139.2404	return_std:                2.4400
target_mean:               1.0739	td_error_abs:              0.9161	test_ep_length_mean:     200.0000	test_episode_length_mean:199.0000
test_return_mean:        152.4684	test_return_std:           1.8241	
2026-04-26 22:05:09,802 - my_experiment - advP_Big_IQL_RNN_5M_44 - my_run - INFO - t_env: 2100200 / 5050000
2026-04-26 22:05:09,803 - my_experiment - advP_Big_IQL_RNN_5M_44 - my_run - INFO - Estimated time left: 20 hours, 18 minutes, 36 seconds. Time passed: 14 hours, 31 minutes, 11 seconds
2026-04-26 22:25:44,075 - my_experiment - advP_Big_IQL_RNN_5M_44 - my_run - INFO - Recent Stats | t_env:    2150000 | Episode:    10750
ep_length_mean:          200.0000	episode_length_mean:     199.0000	epsilon:                   0.0500	grad_norm:                82.1206
loss:                     19.2526	q_taken_mean:              1.0705	return_mean:             138.5906	return_std:                2.2544
target_mean:               1.0716	td_error_abs:              0.9152	test_ep_length_mean:     200.0000	test_episode_length_mean:199.0000
test_return_mean:        151.5721	test_return_std:           1.8528	
2026-04-26 22:25:48,755 - my_experiment - advP_Big_IQL_RNN_5M_44 - my_run - INFO - t_env: 2150200 / 5050000
2026-04-26 22:25:48,756 - my_experiment - advP_Big_IQL_RNN_5M_44 - my_run - INFO - Estimated time left: 19 hours, 57 minutes, 34 seconds. Time passed: 14 hours, 51 minutes, 50 seconds
2026-04-26 22:46:22,279 - my_experiment - advP_Big_IQL_RNN_5M_44 - my_run - INFO - Recent Stats | t_env:    2200000 | Episode:    11000
ep_length_mean:          200.0000	episode_length_mean:     199.0000	epsilon:                   0.0500	grad_norm:               209.2030
loss:                     18.6570	q_taken_mean:              1.0707	return_mean:             138.2603	return_std:                2.4772
target_mean:               1.0692	td_error_abs:              0.8785	test_ep_length_mean:     200.0000	test_episode_length_mean:199.0000
test_return_mean:        151.1651	test_return_std:           2.1903	
2026-04-26 22:46:26,984 - my_experiment - advP_Big_IQL_RNN_5M_44 - my_run - INFO - t_env: 2200200 / 5050000
2026-04-26 22:46:26,984 - my_experiment - advP_Big_IQL_RNN_5M_44 - my_run - INFO - Estimated time left: 19 hours, 36 minutes, 14 seconds. Time passed: 15 hours, 12 minutes, 28 seconds
2026-04-26 23:07:01,869 - my_experiment - advP_Big_IQL_RNN_5M_44 - my_run - INFO - Recent Stats | t_env:    2250000 | Episode:    11250
ep_length_mean:          200.0000	episode_length_mean:     199.0000	epsilon:                   0.0500	grad_norm:               117.2023
loss:                     17.3134	q_taken_mean:              1.0587	return_mean:             136.5295	return_std:                2.7609
target_mean:               1.0579	td_error_abs:              0.8155	test_ep_length_mean:     200.0000	test_episode_length_mean:199.0000
test_return_mean:        150.8206	test_return_std:           2.0722	
2026-04-26 23:07:06,578 - my_experiment - advP_Big_IQL_RNN_5M_44 - my_run - INFO - t_env: 2250200 / 5050000
2026-04-26 23:07:06,578 - my_experiment - advP_Big_IQL_RNN_5M_44 - my_run - INFO - Estimated time left: 19 hours, 16 minutes, 52 seconds. Time passed: 15 hours, 33 minutes, 8 seconds
2026-04-26 23:27:40,790 - my_experiment - advP_Big_IQL_RNN_5M_44 - my_run - INFO - Recent Stats | t_env:    2300000 | Episode:    11500
ep_length_mean:          200.0000	episode_length_mean:     199.0000	epsilon:                   0.0500	grad_norm:               122.8816
loss:                     16.7326	q_taken_mean:              1.0591	return_mean:             137.8652	return_std:                2.5356
target_mean:               1.0582	td_error_abs:              0.8259	test_ep_length_mean:     200.0000	test_episode_length_mean:199.0000
test_return_mean:        149.9414	test_return_std:           2.3025	
2026-04-26 23:27:45,473 - my_experiment - advP_Big_IQL_RNN_5M_44 - my_run - INFO - t_env: 2300200 / 5050000
2026-04-26 23:27:45,473 - my_experiment - advP_Big_IQL_RNN_5M_44 - my_run - INFO - Estimated time left: 18 hours, 55 minutes, 34 seconds. Time passed: 15 hours, 53 minutes, 47 seconds
2026-04-26 23:48:19,882 - my_experiment - advP_Big_IQL_RNN_5M_44 - my_run - INFO - Recent Stats | t_env:    2350000 | Episode:    11750
ep_length_mean:          200.0000	episode_length_mean:     199.0000	epsilon:                   0.0500	grad_norm:               238.5185
loss:                     16.2597	q_taken_mean:              1.0609	return_mean:             137.7686	return_std:                2.7249
target_mean:               1.0583	td_error_abs:              0.8003	test_ep_length_mean:     200.0000	test_episode_length_mean:199.0000
test_return_mean:        149.8353	test_return_std:           2.5629	
2026-04-26 23:48:24,560 - my_experiment - advP_Big_IQL_RNN_5M_44 - my_run - INFO - t_env: 2350200 / 5050000
2026-04-26 23:48:24,561 - my_experiment - advP_Big_IQL_RNN_5M_44 - my_run - INFO - Estimated time left: 18 hours, 35 minutes, 5 seconds. Time passed: 16 hours, 14 minutes, 26 seconds
2026-04-27 00:08:59,084 - my_experiment - advP_Big_IQL_RNN_5M_44 - my_run - INFO - Recent Stats | t_env:    2400000 | Episode:    12000
ep_length_mean:          200.0000	episode_length_mean:     199.0000	epsilon:                   0.0500	grad_norm:               395.0977
loss:                     15.8812	q_taken_mean:              1.0583	return_mean:             137.6518	return_std:                2.7138
target_mean:               1.0590	td_error_abs:              0.8957	test_ep_length_mean:     200.0000	test_episode_length_mean:199.0000
test_return_mean:        150.0462	test_return_std:           2.7691	
2026-04-27 00:09:03,775 - my_experiment - advP_Big_IQL_RNN_5M_44 - my_run - INFO - t_env: 2400200 / 5050000
2026-04-27 00:09:03,776 - my_experiment - advP_Big_IQL_RNN_5M_44 - my_run - INFO - Estimated time left: 18 hours, 14 minutes, 33 seconds. Time passed: 16 hours, 35 minutes, 5 seconds
2026-04-27 00:29:37,826 - my_experiment - advP_Big_IQL_RNN_5M_44 - my_run - INFO - Recent Stats | t_env:    2450000 | Episode:    12250
ep_length_mean:          200.0000	episode_length_mean:     199.0000	epsilon:                   0.0500	grad_norm:               385.9705
loss:                     14.8722	q_taken_mean:              1.0552	return_mean:             137.8414	return_std:                2.5119
target_mean:               1.0538	td_error_abs:              0.8000	test_ep_length_mean:     200.0000	test_episode_length_mean:199.0000
test_return_mean:        150.3408	test_return_std:           2.4998	
2026-04-27 00:29:42,515 - my_experiment - advP_Big_IQL_RNN_5M_44 - my_run - INFO - t_env: 2450200 / 5050000
2026-04-27 00:29:42,515 - my_experiment - advP_Big_IQL_RNN_5M_44 - my_run - INFO - Estimated time left: 17 hours, 53 minutes, 29 seconds. Time passed: 16 hours, 55 minutes, 44 seconds
2026-04-27 00:50:16,630 - my_experiment - advP_Big_IQL_RNN_5M_44 - my_run - INFO - Recent Stats | t_env:    2500000 | Episode:    12500
ep_length_mean:          200.0000	episode_length_mean:     199.0000	epsilon:                   0.0500	grad_norm:               706.9522
loss:                     15.0102	q_taken_mean:              1.0452	return_mean:             137.4647	return_std:                2.9296
target_mean:               1.0410	td_error_abs:              0.9936	test_ep_length_mean:     200.0000	test_episode_length_mean:199.0000
test_return_mean:        149.9891	test_return_std:           2.5733	
2026-04-27 00:50:21,324 - my_experiment - advP_Big_IQL_RNN_5M_44 - my_run - INFO - t_env: 2500200 / 5050000
2026-04-27 00:50:21,325 - my_experiment - advP_Big_IQL_RNN_5M_44 - my_run - INFO - Estimated time left: 17 hours, 32 minutes, 54 seconds. Time passed: 17 hours, 16 minutes, 23 seconds
2026-04-27 00:51:31,695 - my_experiment - advP_Big_IQL_RNN_5M_44 - my_run - INFO - Saving models to work_dirs/my_experiment/advP_Big_IQL_RNN_5M_44/my_run/20260426_073353/models/2500200
2026-04-27 01:10:56,181 - my_experiment - advP_Big_IQL_RNN_5M_44 - my_run - INFO - Recent Stats | t_env:    2550000 | Episode:    12750
ep_length_mean:          200.0000	episode_length_mean:     199.0000	epsilon:                   0.0500	grad_norm:               448.1700
loss:                     12.7194	q_taken_mean:              1.0395	return_mean:             138.2029	return_std:                2.4925
target_mean:               1.0392	td_error_abs:              0.8195	test_ep_length_mean:     200.0000	test_episode_length_mean:199.0000
test_return_mean:        150.2918	test_return_std:           2.5795	
2026-04-27 01:11:00,865 - my_experiment - advP_Big_IQL_RNN_5M_44 - my_run - INFO - t_env: 2550200 / 5050000
2026-04-27 01:11:00,866 - my_experiment - advP_Big_IQL_RNN_5M_44 - my_run - INFO - Estimated time left: 17 hours, 12 minutes, 52 seconds. Time passed: 17 hours, 37 minutes, 2 seconds
2026-04-27 01:31:35,762 - my_experiment - advP_Big_IQL_RNN_5M_44 - my_run - INFO - Recent Stats | t_env:    2600000 | Episode:    13000
ep_length_mean:          200.0000	episode_length_mean:     199.0000	epsilon:                   0.0500	grad_norm:               595.9172
loss:                     12.2339	q_taken_mean:              1.0387	return_mean:             138.5708	return_std:                2.6401
target_mean:               1.0398	td_error_abs:              0.8627	test_ep_length_mean:     200.0000	test_episode_length_mean:199.0000
test_return_mean:        150.6841	test_return_std:           2.5226	
2026-04-27 01:31:40,464 - my_experiment - advP_Big_IQL_RNN_5M_44 - my_run - INFO - t_env: 2600200 / 5050000
2026-04-27 01:31:40,465 - my_experiment - advP_Big_IQL_RNN_5M_44 - my_run - INFO - Estimated time left: 16 hours, 52 minutes, 15 seconds. Time passed: 17 hours, 57 minutes, 42 seconds
2026-04-27 01:52:14,321 - my_experiment - advP_Big_IQL_RNN_5M_44 - my_run - INFO - Recent Stats | t_env:    2650000 | Episode:    13250
ep_length_mean:          200.0000	episode_length_mean:     199.0000	epsilon:                   0.0500	grad_norm:               557.4253
loss:                     11.6775	q_taken_mean:              1.0382	return_mean:             138.5832	return_std:                2.5600
target_mean:               1.0373	td_error_abs:              0.7687	test_ep_length_mean:     200.0000	test_episode_length_mean:199.0000
test_return_mean:        150.8513	test_return_std:           2.3771	
2026-04-27 01:52:19,023 - my_experiment - advP_Big_IQL_RNN_5M_44 - my_run - INFO - t_env: 2650200 / 5050000
2026-04-27 01:52:19,023 - my_experiment - advP_Big_IQL_RNN_5M_44 - my_run - INFO - Estimated time left: 16 hours, 30 minutes, 45 seconds. Time passed: 18 hours, 18 minutes, 20 seconds
2026-04-27 02:12:53,023 - my_experiment - advP_Big_IQL_RNN_5M_44 - my_run - INFO - Recent Stats | t_env:    2700000 | Episode:    13500
ep_length_mean:          200.0000	episode_length_mean:     199.0000	epsilon:                   0.0500	grad_norm:               715.9266
loss:                     11.2571	q_taken_mean:              1.0324	return_mean:             138.0288	return_std:                2.5311
target_mean:               1.0329	td_error_abs:              0.8296	test_ep_length_mean:     200.0000	test_episode_length_mean:199.0000
test_return_mean:        150.8231	test_return_std:           2.4769	
2026-04-27 02:12:57,777 - my_experiment - advP_Big_IQL_RNN_5M_44 - my_run - INFO - t_env: 2700200 / 5050000
2026-04-27 02:12:57,778 - my_experiment - advP_Big_IQL_RNN_5M_44 - my_run - INFO - Estimated time left: 16 hours, 10 minutes, 16 seconds. Time passed: 18 hours, 38 minutes, 59 seconds
2026-04-27 02:33:31,929 - my_experiment - advP_Big_IQL_RNN_5M_44 - my_run - INFO - Recent Stats | t_env:    2750000 | Episode:    13750
ep_length_mean:          200.0000	episode_length_mean:     199.0000	epsilon:                   0.0500	grad_norm:               792.4317
loss:                     10.9094	q_taken_mean:              1.0345	return_mean:             137.7806	return_std:                2.5947
target_mean:               1.0342	td_error_abs:              0.8090	test_ep_length_mean:     200.0000	test_episode_length_mean:199.0000
test_return_mean:        151.0122	test_return_std:           2.5808	
2026-04-27 02:33:36,620 - my_experiment - advP_Big_IQL_RNN_5M_44 - my_run - INFO - t_env: 2750200 / 5050000
2026-04-27 02:33:36,621 - my_experiment - advP_Big_IQL_RNN_5M_44 - my_run - INFO - Estimated time left: 15 hours, 49 minutes, 41 seconds. Time passed: 18 hours, 59 minutes, 38 seconds
2026-04-27 02:54:10,533 - my_experiment - advP_Big_IQL_RNN_5M_44 - my_run - INFO - Recent Stats | t_env:    2800000 | Episode:    14000
ep_length_mean:          200.0000	episode_length_mean:     199.0000	epsilon:                   0.0500	grad_norm:               910.6681
loss:                     10.5032	q_taken_mean:              1.0285	return_mean:             138.5665	return_std:                2.4485
target_mean:               1.0296	td_error_abs:              0.8471	test_ep_length_mean:     200.0000	test_episode_length_mean:199.0000
test_return_mean:        151.1367	test_return_std:           2.3732	
2026-04-27 02:54:15,246 - my_experiment - advP_Big_IQL_RNN_5M_44 - my_run - INFO - t_env: 2800200 / 5050000
2026-04-27 02:54:15,246 - my_experiment - advP_Big_IQL_RNN_5M_44 - my_run - INFO - Estimated time left: 15 hours, 28 minutes, 53 seconds. Time passed: 19 hours, 20 minutes, 17 seconds
2026-04-27 03:14:49,490 - my_experiment - advP_Big_IQL_RNN_5M_44 - my_run - INFO - Recent Stats | t_env:    2850000 | Episode:    14250
ep_length_mean:          200.0000	episode_length_mean:     199.0000	epsilon:                   0.0500	grad_norm:               914.1059
loss:                     10.1387	q_taken_mean:              1.0315	return_mean:             139.0942	return_std:                2.2356
target_mean:               1.0308	td_error_abs:              0.7774	test_ep_length_mean:     200.0000	test_episode_length_mean:199.0000
test_return_mean:        150.9275	test_return_std:           2.2971	
2026-04-27 03:14:54,178 - my_experiment - advP_Big_IQL_RNN_5M_44 - my_run - INFO - t_env: 2850200 / 5050000
2026-04-27 03:14:54,178 - my_experiment - advP_Big_IQL_RNN_5M_44 - my_run - INFO - Estimated time left: 15 hours, 8 minutes, 28 seconds. Time passed: 19 hours, 40 minutes, 55 seconds
2026-04-27 03:35:28,674 - my_experiment - advP_Big_IQL_RNN_5M_44 - my_run - INFO - Recent Stats | t_env:    2900000 | Episode:    14500
ep_length_mean:          200.0000	episode_length_mean:     199.0000	epsilon:                   0.0500	grad_norm:               1047.9044
loss:                      9.9264	q_taken_mean:              1.0292	return_mean:             138.6694	return_std:                2.4545
target_mean:               1.0304	td_error_abs:              0.8351	test_ep_length_mean:     200.0000	test_episode_length_mean:199.0000
test_return_mean:        151.0496	test_return_std:           2.4219	
2026-04-27 03:35:33,356 - my_experiment - advP_Big_IQL_RNN_5M_44 - my_run - INFO - t_env: 2900200 / 5050000
2026-04-27 03:35:33,356 - my_experiment - advP_Big_IQL_RNN_5M_44 - my_run - INFO - Estimated time left: 14 hours, 47 minutes, 59 seconds. Time passed: 20 hours, 1 minutes, 35 seconds
2026-04-27 03:56:07,409 - my_experiment - advP_Big_IQL_RNN_5M_44 - my_run - INFO - Recent Stats | t_env:    2950000 | Episode:    14750
ep_length_mean:          200.0000	episode_length_mean:     199.0000	epsilon:                   0.0500	grad_norm:               1172.4125
loss:                      9.6875	q_taken_mean:              1.0311	return_mean:             138.3476	return_std:                2.4768
target_mean:               1.0302	td_error_abs:              0.7961	test_ep_length_mean:     200.0000	test_episode_length_mean:199.0000
test_return_mean:        150.7252	test_return_std:           2.5118	
2026-04-27 03:56:12,076 - my_experiment - advP_Big_IQL_RNN_5M_44 - my_run - INFO - t_env: 2950200 / 5050000
2026-04-27 03:56:12,076 - my_experiment - advP_Big_IQL_RNN_5M_44 - my_run - INFO - Estimated time left: 14 hours, 27 minutes, 1 seconds. Time passed: 20 hours, 22 minutes, 13 seconds
2026-04-27 04:16:45,466 - my_experiment - advP_Big_IQL_RNN_5M_44 - my_run - INFO - Recent Stats | t_env:    3000000 | Episode:    15000
ep_length_mean:          200.0000	episode_length_mean:     199.0000	epsilon:                   0.0500	grad_norm:               1173.8558
loss:                      9.2954	q_taken_mean:              1.0293	return_mean:             137.8010	return_std:                2.3349
target_mean:               1.0303	td_error_abs:              0.8183	test_ep_length_mean:     200.0000	test_episode_length_mean:199.0000
test_return_mean:        150.7208	test_return_std:           2.3433	
2026-04-27 04:16:50,163 - my_experiment - advP_Big_IQL_RNN_5M_44 - my_run - INFO - t_env: 3000200 / 5050000
2026-04-27 04:16:50,164 - my_experiment - advP_Big_IQL_RNN_5M_44 - my_run - INFO - Estimated time left: 14 hours, 5 minutes, 56 seconds. Time passed: 20 hours, 42 minutes, 51 seconds
2026-04-27 04:18:00,584 - my_experiment - advP_Big_IQL_RNN_5M_44 - my_run - INFO - Saving models to work_dirs/my_experiment/advP_Big_IQL_RNN_5M_44/my_run/20260426_073353/models/3000200
2026-04-27 04:37:24,172 - my_experiment - advP_Big_IQL_RNN_5M_44 - my_run - INFO - Recent Stats | t_env:    3050000 | Episode:    15250
ep_length_mean:          200.0000	episode_length_mean:     199.0000	epsilon:                   0.0500	grad_norm:               1218.7424
loss:                      9.2242	q_taken_mean:              1.0296	return_mean:             138.1463	return_std:                2.5499
target_mean:               1.0287	td_error_abs:              0.7730	test_ep_length_mean:     200.0000	test_episode_length_mean:199.0000
test_return_mean:        150.4870	test_return_std:           2.5542	
2026-04-27 04:37:28,890 - my_experiment - advP_Big_IQL_RNN_5M_44 - my_run - INFO - t_env: 3050200 / 5050000
2026-04-27 04:37:28,890 - my_experiment - advP_Big_IQL_RNN_5M_44 - my_run - INFO - Estimated time left: 13 hours, 45 minutes, 44 seconds. Time passed: 21 hours, 3 minutes, 30 seconds
2026-04-27 04:58:02,988 - my_experiment - advP_Big_IQL_RNN_5M_44 - my_run - INFO - Recent Stats | t_env:    3100000 | Episode:    15500
ep_length_mean:          200.0000	episode_length_mean:     199.0000	epsilon:                   0.0500	grad_norm:               1331.6099
loss:                      8.9427	q_taken_mean:              1.0268	return_mean:             138.7368	return_std:                2.5363
target_mean:               1.0279	td_error_abs:              0.8238	test_ep_length_mean:     200.0000	test_episode_length_mean:199.0000
test_return_mean:        150.5605	test_return_std:           2.4838	
2026-04-27 04:58:07,688 - my_experiment - advP_Big_IQL_RNN_5M_44 - my_run - INFO - t_env: 3100200 / 5050000
2026-04-27 04:58:07,689 - my_experiment - advP_Big_IQL_RNN_5M_44 - my_run - INFO - Estimated time left: 13 hours, 25 minutes, 8 seconds. Time passed: 21 hours, 24 minutes, 9 seconds
2026-04-27 05:18:41,663 - my_experiment - advP_Big_IQL_RNN_5M_44 - my_run - INFO - Recent Stats | t_env:    3150000 | Episode:    15750
ep_length_mean:          200.0000	episode_length_mean:     199.0000	epsilon:                   0.0500	grad_norm:               1471.1522
loss:                      8.9672	q_taken_mean:              1.0292	return_mean:             138.5074	return_std:                2.4469
target_mean:               1.0280	td_error_abs:              0.8028	test_ep_length_mean:     200.0000	test_episode_length_mean:199.0000
test_return_mean:        150.5480	test_return_std:           2.5010	
2026-04-27 05:18:46,364 - my_experiment - advP_Big_IQL_RNN_5M_44 - my_run - INFO - t_env: 3150200 / 5050000
2026-04-27 05:18:46,364 - my_experiment - advP_Big_IQL_RNN_5M_44 - my_run - INFO - Estimated time left: 13 hours, 4 minutes, 24 seconds. Time passed: 21 hours, 44 minutes, 48 seconds
2026-04-27 05:39:20,906 - my_experiment - advP_Big_IQL_RNN_5M_44 - my_run - INFO - Recent Stats | t_env:    3200000 | Episode:    16000
ep_length_mean:          200.0000	episode_length_mean:     199.0000	epsilon:                   0.0500	grad_norm:               1507.0192
loss:                      8.7113	q_taken_mean:              1.0246	return_mean:             138.4292	return_std:                2.7908
target_mean:               1.0257	td_error_abs:              0.8388	test_ep_length_mean:     200.0000	test_episode_length_mean:199.0000
test_return_mean:        150.7026	test_return_std:           2.3435	
2026-04-27 05:39:25,609 - my_experiment - advP_Big_IQL_RNN_5M_44 - my_run - INFO - t_env: 3200200 / 5050000
2026-04-27 05:39:25,610 - my_experiment - advP_Big_IQL_RNN_5M_44 - my_run - INFO - Estimated time left: 12 hours, 44 minutes, 7 seconds. Time passed: 22 hours, 5 minutes, 27 seconds
2026-04-27 05:59:59,897 - my_experiment - advP_Big_IQL_RNN_5M_44 - my_run - INFO - Recent Stats | t_env:    3250000 | Episode:    16250
ep_length_mean:          200.0000	episode_length_mean:     199.0000	epsilon:                   0.0500	grad_norm:               1421.4357
loss:                      8.4794	q_taken_mean:              1.0283	return_mean:             138.0644	return_std:                2.7047
target_mean:               1.0272	td_error_abs:              0.7607	test_ep_length_mean:     200.0000	test_episode_length_mean:199.0000
test_return_mean:        150.9965	test_return_std:           2.3197	
2026-04-27 06:00:04,600 - my_experiment - advP_Big_IQL_RNN_5M_44 - my_run - INFO - t_env: 3250200 / 5050000
2026-04-27 06:00:04,601 - my_experiment - advP_Big_IQL_RNN_5M_44 - my_run - INFO - Estimated time left: 12 hours, 23 minutes, 18 seconds. Time passed: 22 hours, 26 minutes, 6 seconds
2026-04-27 06:20:36,723 - my_experiment - advP_Big_IQL_RNN_5M_44 - my_run - INFO - Recent Stats | t_env:    3300000 | Episode:    16500
ep_length_mean:          200.0000	episode_length_mean:     199.0000	epsilon:                   0.0500	grad_norm:               1656.2774
loss:                      8.6483	q_taken_mean:              1.0256	return_mean:             137.7991	return_std:                2.8924
target_mean:               1.0268	td_error_abs:              0.8466	test_ep_length_mean:     200.0000	test_episode_length_mean:199.0000
test_return_mean:        151.2054	test_return_std:           2.2877	
2026-04-27 06:20:41,384 - my_experiment - advP_Big_IQL_RNN_5M_44 - my_run - INFO - t_env: 3300200 / 5050000
2026-04-27 06:20:41,385 - my_experiment - advP_Big_IQL_RNN_5M_44 - my_run - INFO - Estimated time left: 12 hours, 1 minutes, 22 seconds. Time passed: 22 hours, 46 minutes, 43 seconds
2026-04-27 06:41:10,572 - my_experiment - advP_Big_IQL_RNN_5M_44 - my_run - INFO - Recent Stats | t_env:    3350000 | Episode:    16750
ep_length_mean:          200.0000	episode_length_mean:     199.0000	epsilon:                   0.0500	grad_norm:               1567.6492
loss:                      8.4544	q_taken_mean:              1.0287	return_mean:             138.9461	return_std:                2.3331
target_mean:               1.0278	td_error_abs:              0.7805	test_ep_length_mean:     200.0000	test_episode_length_mean:199.0000
test_return_mean:        150.8485	test_return_std:           2.6282	
2026-04-27 06:41:15,243 - my_experiment - advP_Big_IQL_RNN_5M_44 - my_run - INFO - t_env: 3350200 / 5050000
2026-04-27 06:41:15,244 - my_experiment - advP_Big_IQL_RNN_5M_44 - my_run - INFO - Estimated time left: 11 hours, 39 minutes, 6 seconds. Time passed: 23 hours, 7 minutes, 17 seconds
2026-04-27 07:01:44,383 - my_experiment - advP_Big_IQL_RNN_5M_44 - my_run - INFO - Recent Stats | t_env:    3400000 | Episode:    17000
ep_length_mean:          200.0000	episode_length_mean:     199.0000	epsilon:                   0.0500	grad_norm:               1698.3797
loss:                      8.5246	q_taken_mean:              1.0262	return_mean:             139.1645	return_std:                2.5718
target_mean:               1.0274	td_error_abs:              0.8377	test_ep_length_mean:     200.0000	test_episode_length_mean:199.0000
test_return_mean:        151.0498	test_return_std:           2.3086	
2026-04-27 07:01:49,067 - my_experiment - advP_Big_IQL_RNN_5M_44 - my_run - INFO - t_env: 3400200 / 5050000
2026-04-27 07:01:49,068 - my_experiment - advP_Big_IQL_RNN_5M_44 - my_run - INFO - Estimated time left: 11 hours, 18 minutes, 31 seconds. Time passed: 23 hours, 27 minutes, 50 seconds
2026-04-27 07:22:17,352 - my_experiment - advP_Big_IQL_RNN_5M_44 - my_run - INFO - Recent Stats | t_env:    3450000 | Episode:    17250
ep_length_mean:          200.0000	episode_length_mean:     199.0000	epsilon:                   0.0500	grad_norm:               1655.3029
loss:                      8.3263	q_taken_mean:              1.0291	return_mean:             138.6153	return_std:                2.2081
target_mean:               1.0277	td_error_abs:              0.7829	test_ep_length_mean:     200.0000	test_episode_length_mean:199.0000
test_return_mean:        150.8875	test_return_std:           2.3051	
2026-04-27 07:22:22,000 - my_experiment - advP_Big_IQL_RNN_5M_44 - my_run - INFO - t_env: 3450200 / 5050000
2026-04-27 07:22:22,000 - my_experiment - advP_Big_IQL_RNN_5M_44 - my_run - INFO - Estimated time left: 10 hours, 57 minutes, 28 seconds. Time passed: 23 hours, 48 minutes, 23 seconds
2026-04-27 07:42:50,823 - my_experiment - advP_Big_IQL_RNN_5M_44 - my_run - INFO - Recent Stats | t_env:    3500000 | Episode:    17500
ep_length_mean:          200.0000	episode_length_mean:     199.0000	epsilon:                   0.0500	grad_norm:               1869.8503
loss:                      8.2732	q_taken_mean:              1.0223	return_mean:             138.0765	return_std:                2.6289
target_mean:               1.0238	td_error_abs:              0.8452	test_ep_length_mean:     200.0000	test_episode_length_mean:199.0000
test_return_mean:        150.8048	test_return_std:           2.3853	
2026-04-27 07:42:55,504 - my_experiment - advP_Big_IQL_RNN_5M_44 - my_run - INFO - t_env: 3500200 / 5050000
2026-04-27 07:42:55,504 - my_experiment - advP_Big_IQL_RNN_5M_44 - my_run - INFO - Estimated time left: 10 hours, 37 minutes, 13 seconds. Time passed: 1 days, 8 minutes, 57 seconds
2026-04-27 07:44:05,834 - my_experiment - advP_Big_IQL_RNN_5M_44 - my_run - INFO - Saving models to work_dirs/my_experiment/advP_Big_IQL_RNN_5M_44/my_run/20260426_073353/models/3500200
2026-04-27 08:03:24,113 - my_experiment - advP_Big_IQL_RNN_5M_44 - my_run - INFO - Recent Stats | t_env:    3550000 | Episode:    17750
ep_length_mean:          200.0000	episode_length_mean:     199.0000	epsilon:                   0.0500	grad_norm:               1673.2521
loss:                      8.1089	q_taken_mean:              1.0254	return_mean:             138.1868	return_std:                2.6723
target_mean:               1.0242	td_error_abs:              0.7797	test_ep_length_mean:     200.0000	test_episode_length_mean:199.0000
test_return_mean:        150.6336	test_return_std:           2.2874	
2026-04-27 08:03:28,803 - my_experiment - advP_Big_IQL_RNN_5M_44 - my_run - INFO - t_env: 3550200 / 5050000
2026-04-27 08:03:28,803 - my_experiment - advP_Big_IQL_RNN_5M_44 - my_run - INFO - Estimated time left: 10 hours, 16 minutes, 34 seconds. Time passed: 1 days, 29 minutes, 30 seconds
2026-04-27 08:23:57,203 - my_experiment - advP_Big_IQL_RNN_5M_44 - my_run - INFO - Recent Stats | t_env:    3600000 | Episode:    18000
ep_length_mean:          200.0000	episode_length_mean:     199.0000	epsilon:                   0.0500	grad_norm:               1804.8391
loss:                      8.1044	q_taken_mean:              1.0246	return_mean:             139.2492	return_std:                2.6854
target_mean:               1.0255	td_error_abs:              0.8233	test_ep_length_mean:     200.0000	test_episode_length_mean:199.0000
test_return_mean:        151.2064	test_return_std:           1.9032	
2026-04-27 08:24:01,886 - my_experiment - advP_Big_IQL_RNN_5M_44 - my_run - INFO - t_env: 3600200 / 5050000
2026-04-27 08:24:01,887 - my_experiment - advP_Big_IQL_RNN_5M_44 - my_run - INFO - Estimated time left: 9 hours, 55 minutes, 54 seconds. Time passed: 1 days, 50 minutes, 3 seconds
2026-04-27 08:44:31,046 - my_experiment - advP_Big_IQL_RNN_5M_44 - my_run - INFO - Recent Stats | t_env:    3650000 | Episode:    18250
ep_length_mean:          200.0000	episode_length_mean:     199.0000	epsilon:                   0.0500	grad_norm:               1930.6467
loss:                      8.0954	q_taken_mean:              1.0251	return_mean:             139.4516	return_std:                2.5340
target_mean:               1.0243	td_error_abs:              0.8008	test_ep_length_mean:     200.0000	test_episode_length_mean:199.0000
test_return_mean:        151.0776	test_return_std:           2.0734	
2026-04-27 08:44:35,729 - my_experiment - advP_Big_IQL_RNN_5M_44 - my_run - INFO - t_env: 3650200 / 5050000
2026-04-27 08:44:35,729 - my_experiment - advP_Big_IQL_RNN_5M_44 - my_run - INFO - Estimated time left: 9 hours, 35 minutes, 42 seconds. Time passed: 1 days, 1 hours, 10 minutes, 37 seconds
2026-04-27 09:05:05,028 - my_experiment - advP_Big_IQL_RNN_5M_44 - my_run - INFO - Recent Stats | t_env:    3700000 | Episode:    18500
ep_length_mean:          200.0000	episode_length_mean:     199.0000	epsilon:                   0.0500	grad_norm:               1943.8135
loss:                      8.1033	q_taken_mean:              1.0225	return_mean:             139.4696	return_std:                2.3270
target_mean:               1.0239	td_error_abs:              0.8398	test_ep_length_mean:     200.0000	test_episode_length_mean:199.0000
test_return_mean:        151.4049	test_return_std:           2.1555	
2026-04-27 09:05:09,698 - my_experiment - advP_Big_IQL_RNN_5M_44 - my_run - INFO - t_env: 3700200 / 5050000
2026-04-27 09:05:09,699 - my_experiment - advP_Big_IQL_RNN_5M_44 - my_run - INFO - Estimated time left: 9 hours, 15 minutes, 12 seconds. Time passed: 1 days, 1 hours, 31 minutes, 11 seconds
2026-04-27 09:25:38,993 - my_experiment - advP_Big_IQL_RNN_5M_44 - my_run - INFO - Recent Stats | t_env:    3750000 | Episode:    18750
ep_length_mean:          200.0000	episode_length_mean:     199.0000	epsilon:                   0.0500	grad_norm:               1944.4687
loss:                      7.8976	q_taken_mean:              1.0219	return_mean:             139.6119	return_std:                2.4327
target_mean:               1.0211	td_error_abs:              0.7951	test_ep_length_mean:     200.0000	test_episode_length_mean:199.0000
test_return_mean:        151.4467	test_return_std:           2.2689	
2026-04-27 09:25:43,675 - my_experiment - advP_Big_IQL_RNN_5M_44 - my_run - INFO - t_env: 3750200 / 5050000
2026-04-27 09:25:43,676 - my_experiment - advP_Big_IQL_RNN_5M_44 - my_run - INFO - Estimated time left: 8 hours, 54 minutes, 38 seconds. Time passed: 1 days, 1 hours, 51 minutes, 45 seconds
2026-04-27 09:46:12,978 - my_experiment - advP_Big_IQL_RNN_5M_44 - my_run - INFO - Recent Stats | t_env:    3800000 | Episode:    19000
ep_length_mean:          200.0000	episode_length_mean:     199.0000	epsilon:                   0.0500	grad_norm:               1983.6763
loss:                      7.7286	q_taken_mean:              1.0183	return_mean:             139.1976	return_std:                2.4585
target_mean:               1.0194	td_error_abs:              0.8330	test_ep_length_mean:     200.0000	test_episode_length_mean:199.0000
test_return_mean:        151.8965	test_return_std:           2.2508	
2026-04-27 09:46:17,640 - my_experiment - advP_Big_IQL_RNN_5M_44 - my_run - INFO - t_env: 3800200 / 5050000
2026-04-27 09:46:17,641 - my_experiment - advP_Big_IQL_RNN_5M_44 - my_run - INFO - Estimated time left: 8 hours, 34 minutes, 4 seconds. Time passed: 1 days, 2 hours, 12 minutes, 19 seconds
2026-04-27 10:06:46,567 - my_experiment - advP_Big_IQL_RNN_5M_44 - my_run - INFO - Recent Stats | t_env:    3850000 | Episode:    19250
ep_length_mean:          200.0000	episode_length_mean:     199.0000	epsilon:                   0.0500	grad_norm:               1941.5539
loss:                      7.6095	q_taken_mean:              1.0198	return_mean:             139.3482	return_std:                2.2836
target_mean:               1.0192	td_error_abs:              0.7910	test_ep_length_mean:     200.0000	test_episode_length_mean:199.0000
test_return_mean:        151.5134	test_return_std:           2.5831	
2026-04-27 10:06:51,232 - my_experiment - advP_Big_IQL_RNN_5M_44 - my_run - INFO - t_env: 3850200 / 5050000
2026-04-27 10:06:51,233 - my_experiment - advP_Big_IQL_RNN_5M_44 - my_run - INFO - Estimated time left: 8 hours, 13 minutes, 21 seconds. Time passed: 1 days, 2 hours, 32 minutes, 53 seconds
2026-04-27 10:27:19,084 - my_experiment - advP_Big_IQL_RNN_5M_44 - my_run - INFO - Recent Stats | t_env:    3900000 | Episode:    19500
ep_length_mean:          200.0000	episode_length_mean:     199.0000	epsilon:                   0.0500	grad_norm:               2038.5067
loss:                      7.6212	q_taken_mean:              1.0176	return_mean:             139.9072	return_std:                2.6105
target_mean:               1.0188	td_error_abs:              0.8374	test_ep_length_mean:     200.0000	test_episode_length_mean:199.0000
test_return_mean:        151.5827	test_return_std:           2.5022	
2026-04-27 10:27:23,734 - my_experiment - advP_Big_IQL_RNN_5M_44 - my_run - INFO - t_env: 3900200 / 5050000
2026-04-27 10:27:23,734 - my_experiment - advP_Big_IQL_RNN_5M_44 - my_run - INFO - Estimated time left: 7 hours, 52 minutes, 22 seconds. Time passed: 1 days, 2 hours, 53 minutes, 25 seconds
2026-04-27 10:47:51,347 - my_experiment - advP_Big_IQL_RNN_5M_44 - my_run - INFO - Recent Stats | t_env:    3950000 | Episode:    19750
ep_length_mean:          200.0000	episode_length_mean:     199.0000	epsilon:                   0.0500	grad_norm:               2111.1923
loss:                      7.4779	q_taken_mean:              1.0164	return_mean:             139.8789	return_std:                2.4997
target_mean:               1.0158	td_error_abs:              0.8026	test_ep_length_mean:     200.0000	test_episode_length_mean:199.0000
test_return_mean:        151.2902	test_return_std:           2.8982	
2026-04-27 10:47:56,011 - my_experiment - advP_Big_IQL_RNN_5M_44 - my_run - INFO - t_env: 3950200 / 5050000
2026-04-27 10:47:56,011 - my_experiment - advP_Big_IQL_RNN_5M_44 - my_run - INFO - Estimated time left: 7 hours, 31 minutes, 45 seconds. Time passed: 1 days, 3 hours, 13 minutes, 57 seconds
2026-04-27 11:08:24,221 - my_experiment - advP_Big_IQL_RNN_5M_44 - my_run - INFO - Recent Stats | t_env:    4000000 | Episode:    20000
ep_length_mean:          200.0000	episode_length_mean:     199.0000	epsilon:                   0.0500	grad_norm:               2201.3015
loss:                      7.3756	q_taken_mean:              1.0135	return_mean:             140.0190	return_std:                2.3572
target_mean:               1.0153	td_error_abs:              0.8461	test_ep_length_mean:     200.0000	test_episode_length_mean:199.0000
test_return_mean:        151.5023	test_return_std:           2.6898	
2026-04-27 11:08:28,936 - my_experiment - advP_Big_IQL_RNN_5M_44 - my_run - INFO - t_env: 4000200 / 5050000
2026-04-27 11:08:28,936 - my_experiment - advP_Big_IQL_RNN_5M_44 - my_run - INFO - Estimated time left: 7 hours, 11 minutes, 26 seconds. Time passed: 1 days, 3 hours, 34 minutes, 30 seconds
2026-04-27 11:09:39,086 - my_experiment - advP_Big_IQL_RNN_5M_44 - my_run - INFO - Saving models to work_dirs/my_experiment/advP_Big_IQL_RNN_5M_44/my_run/20260426_073353/models/4000200
2026-04-27 11:28:55,959 - my_experiment - advP_Big_IQL_RNN_5M_44 - my_run - INFO - Recent Stats | t_env:    4050000 | Episode:    20250
ep_length_mean:          200.0000	episode_length_mean:     199.0000	epsilon:                   0.0500	grad_norm:               2026.3053
loss:                      7.2073	q_taken_mean:              1.0169	return_mean:             139.5860	return_std:                2.3840
target_mean:               1.0157	td_error_abs:              0.7774	test_ep_length_mean:     200.0000	test_episode_length_mean:199.0000
test_return_mean:        151.5600	test_return_std:           2.4738	
2026-04-27 11:29:00,624 - my_experiment - advP_Big_IQL_RNN_5M_44 - my_run - INFO - t_env: 4050200 / 5050000
2026-04-27 11:29:00,624 - my_experiment - advP_Big_IQL_RNN_5M_44 - my_run - INFO - Estimated time left: 6 hours, 50 minutes, 28 seconds. Time passed: 1 days, 3 hours, 55 minutes, 2 seconds
2026-04-27 11:49:28,205 - my_experiment - advP_Big_IQL_RNN_5M_44 - my_run - INFO - Recent Stats | t_env:    4100000 | Episode:    20500
ep_length_mean:          200.0000	episode_length_mean:     199.0000	epsilon:                   0.0500	grad_norm:               2112.6364
loss:                      7.2089	q_taken_mean:              1.0134	return_mean:             139.0570	return_std:                2.4125
target_mean:               1.0146	td_error_abs:              0.8239	test_ep_length_mean:     200.0000	test_episode_length_mean:199.0000
test_return_mean:        151.9668	test_return_std:           2.1977	
2026-04-27 11:49:32,888 - my_experiment - advP_Big_IQL_RNN_5M_44 - my_run - INFO - t_env: 4100200 / 5050000
2026-04-27 11:49:32,888 - my_experiment - advP_Big_IQL_RNN_5M_44 - my_run - INFO - Estimated time left: 6 hours, 30 minutes, 8 seconds. Time passed: 1 days, 4 hours, 15 minutes, 34 seconds
2026-04-27 12:10:00,438 - my_experiment - advP_Big_IQL_RNN_5M_44 - my_run - INFO - Recent Stats | t_env:    4150000 | Episode:    20750
ep_length_mean:          200.0000	episode_length_mean:     199.0000	epsilon:                   0.0500	grad_norm:               2078.7336
loss:                      7.2198	q_taken_mean:              1.0134	return_mean:             140.1298	return_std:                2.1936
target_mean:               1.0124	td_error_abs:              0.7859	test_ep_length_mean:     200.0000	test_episode_length_mean:199.0000
test_return_mean:        151.9508	test_return_std:           2.3614	
2026-04-27 12:10:05,164 - my_experiment - advP_Big_IQL_RNN_5M_44 - my_run - INFO - t_env: 4150200 / 5050000
2026-04-27 12:10:05,164 - my_experiment - advP_Big_IQL_RNN_5M_44 - my_run - INFO - Estimated time left: 6 hours, 9 minutes, 36 seconds. Time passed: 1 days, 4 hours, 36 minutes, 6 seconds
2026-04-27 12:30:33,627 - my_experiment - advP_Big_IQL_RNN_5M_44 - my_run - INFO - Recent Stats | t_env:    4200000 | Episode:    21000
ep_length_mean:          200.0000	episode_length_mean:     199.0000	epsilon:                   0.0500	grad_norm:               2078.7771
loss:                      7.0354	q_taken_mean:              1.0093	return_mean:             139.8714	return_std:                2.6525
target_mean:               1.0104	td_error_abs:              0.8199	test_ep_length_mean:     200.0000	test_episode_length_mean:199.0000
test_return_mean:        152.2173	test_return_std:           1.9902	
2026-04-27 12:30:38,276 - my_experiment - advP_Big_IQL_RNN_5M_44 - my_run - INFO - t_env: 4200200 / 5050000
2026-04-27 12:30:38,277 - my_experiment - advP_Big_IQL_RNN_5M_44 - my_run - INFO - Estimated time left: 5 hours, 49 minutes, 17 seconds. Time passed: 1 days, 4 hours, 56 minutes, 40 seconds
2026-04-27 12:51:05,983 - my_experiment - advP_Big_IQL_RNN_5M_44 - my_run - INFO - Recent Stats | t_env:    4250000 | Episode:    21250
ep_length_mean:          200.0000	episode_length_mean:     199.0000	epsilon:                   0.0500	grad_norm:               1998.7274
loss:                      6.9783	q_taken_mean:              1.0069	return_mean:             140.1305	return_std:                2.6699
target_mean:               1.0056	td_error_abs:              0.7868	test_ep_length_mean:     200.0000	test_episode_length_mean:199.0000
test_return_mean:        152.2677	test_return_std:           1.9759	
2026-04-27 12:51:10,640 - my_experiment - advP_Big_IQL_RNN_5M_44 - my_run - INFO - t_env: 4250200 / 5050000
2026-04-27 12:51:10,641 - my_experiment - advP_Big_IQL_RNN_5M_44 - my_run - INFO - Estimated time left: 5 hours, 28 minutes, 32 seconds. Time passed: 1 days, 5 hours, 17 minutes, 12 seconds
2026-04-27 13:11:39,068 - my_experiment - advP_Big_IQL_RNN_5M_44 - my_run - INFO - Recent Stats | t_env:    4300000 | Episode:    21500
ep_length_mean:          200.0000	episode_length_mean:     199.0000	epsilon:                   0.0500	grad_norm:               2203.8637
loss:                      7.2591	q_taken_mean:              1.0073	return_mean:             140.3547	return_std:                2.6742
target_mean:               1.0086	td_error_abs:              0.8391	test_ep_length_mean:     200.0000	test_episode_length_mean:199.0000
test_return_mean:        152.2657	test_return_std:           2.3135	
2026-04-27 13:11:43,740 - my_experiment - advP_Big_IQL_RNN_5M_44 - my_run - INFO - t_env: 4300200 / 5050000
2026-04-27 13:11:43,740 - my_experiment - advP_Big_IQL_RNN_5M_44 - my_run - INFO - Estimated time left: 5 hours, 8 minutes, 11 seconds. Time passed: 1 days, 5 hours, 37 minutes, 45 seconds
2026-04-27 13:32:11,275 - my_experiment - advP_Big_IQL_RNN_5M_44 - my_run - INFO - Recent Stats | t_env:    4350000 | Episode:    21750
ep_length_mean:          200.0000	episode_length_mean:     199.0000	epsilon:                   0.0500	grad_norm:               2140.3564
loss:                      7.1862	q_taken_mean:              1.0099	return_mean:             140.1949	return_std:                2.3679
target_mean:               1.0091	td_error_abs:              0.7977	test_ep_length_mean:     200.0000	test_episode_length_mean:199.0000
test_return_mean:        152.3231	test_return_std:           2.3695	
2026-04-27 13:32:15,951 - my_experiment - advP_Big_IQL_RNN_5M_44 - my_run - INFO - t_env: 4350200 / 5050000
2026-04-27 13:32:15,951 - my_experiment - advP_Big_IQL_RNN_5M_44 - my_run - INFO - Estimated time left: 4 hours, 47 minutes, 26 seconds. Time passed: 1 days, 5 hours, 58 minutes, 17 seconds
2026-04-27 13:52:44,578 - my_experiment - advP_Big_IQL_RNN_5M_44 - my_run - INFO - Recent Stats | t_env:    4400000 | Episode:    22000
ep_length_mean:          200.0000	episode_length_mean:     199.0000	epsilon:                   0.0500	grad_norm:               2255.5683
loss:                      7.0163	q_taken_mean:              1.0039	return_mean:             140.0630	return_std:                2.5833
target_mean:               1.0055	td_error_abs:              0.8448	test_ep_length_mean:     200.0000	test_episode_length_mean:199.0000
test_return_mean:        152.3218	test_return_std:           2.4713	
2026-04-27 13:52:49,257 - my_experiment - advP_Big_IQL_RNN_5M_44 - my_run - INFO - t_env: 4400200 / 5050000
2026-04-27 13:52:49,258 - my_experiment - advP_Big_IQL_RNN_5M_44 - my_run - INFO - Estimated time left: 4 hours, 27 minutes, 8 seconds. Time passed: 1 days, 6 hours, 18 minutes, 51 seconds
2026-04-27 14:13:18,068 - my_experiment - advP_Big_IQL_RNN_5M_44 - my_run - INFO - Recent Stats | t_env:    4450000 | Episode:    22250
ep_length_mean:          200.0000	episode_length_mean:     199.0000	epsilon:                   0.0500	grad_norm:               2161.5604
loss:                      6.9522	q_taken_mean:              1.0058	return_mean:             140.2358	return_std:                2.4560
target_mean:               1.0051	td_error_abs:              0.7909	test_ep_length_mean:     200.0000	test_episode_length_mean:199.0000
test_return_mean:        152.3663	test_return_std:           2.6825	
2026-04-27 14:13:22,890 - my_experiment - advP_Big_IQL_RNN_5M_44 - my_run - INFO - t_env: 4450200 / 5050000
2026-04-27 14:13:22,891 - my_experiment - advP_Big_IQL_RNN_5M_44 - my_run - INFO - Estimated time left: 4 hours, 6 minutes, 38 seconds. Time passed: 1 days, 6 hours, 39 minutes, 24 seconds
2026-04-27 14:33:50,658 - my_experiment - advP_Big_IQL_RNN_5M_44 - my_run - INFO - Recent Stats | t_env:    4500000 | Episode:    22500
ep_length_mean:          200.0000	episode_length_mean:     199.0000	epsilon:                   0.0500	grad_norm:               2243.7730
loss:                      6.8941	q_taken_mean:              1.0029	return_mean:             140.6096	return_std:                2.5603
target_mean:               1.0043	td_error_abs:              0.8368	test_ep_length_mean:     200.0000	test_episode_length_mean:199.0000
test_return_mean:        152.1774	test_return_std:           2.8753	
2026-04-27 14:33:55,331 - my_experiment - advP_Big_IQL_RNN_5M_44 - my_run - INFO - t_env: 4500200 / 5050000
2026-04-27 14:33:55,332 - my_experiment - advP_Big_IQL_RNN_5M_44 - my_run - INFO - Estimated time left: 3 hours, 45 minutes, 51 seconds. Time passed: 1 days, 6 hours, 59 minutes, 57 seconds
2026-04-27 14:35:05,474 - my_experiment - advP_Big_IQL_RNN_5M_44 - my_run - INFO - Saving models to work_dirs/my_experiment/advP_Big_IQL_RNN_5M_44/my_run/20260426_073353/models/4500200
2026-04-27 14:54:22,506 - my_experiment - advP_Big_IQL_RNN_5M_44 - my_run - INFO - Recent Stats | t_env:    4550000 | Episode:    22750
ep_length_mean:          200.0000	episode_length_mean:     199.0000	epsilon:                   0.0500	grad_norm:               2202.5352
loss:                      6.8898	q_taken_mean:              1.0047	return_mean:             140.8620	return_std:                2.2967
target_mean:               1.0037	td_error_abs:              0.7885	test_ep_length_mean:     200.0000	test_episode_length_mean:199.0000
test_return_mean:        152.1109	test_return_std:           2.8608	
2026-04-27 14:54:27,197 - my_experiment - advP_Big_IQL_RNN_5M_44 - my_run - INFO - t_env: 4550200 / 5050000
2026-04-27 14:54:27,198 - my_experiment - advP_Big_IQL_RNN_5M_44 - my_run - INFO - Estimated time left: 3 hours, 25 minutes, 13 seconds. Time passed: 1 days, 7 hours, 20 minutes, 29 seconds
2026-04-27 15:14:56,218 - my_experiment - advP_Big_IQL_RNN_5M_44 - my_run - INFO - Recent Stats | t_env:    4600000 | Episode:    23000
ep_length_mean:          200.0000	episode_length_mean:     199.0000	epsilon:                   0.0500	grad_norm:               2141.0563
loss:                      6.6592	q_taken_mean:              0.9996	return_mean:             140.3453	return_std:                2.6147
target_mean:               1.0010	td_error_abs:              0.8139	test_ep_length_mean:     200.0000	test_episode_length_mean:199.0000
test_return_mean:        151.8693	test_return_std:           2.9739	
2026-04-27 15:15:00,901 - my_experiment - advP_Big_IQL_RNN_5M_44 - my_run - INFO - t_env: 4600200 / 5050000
2026-04-27 15:15:00,902 - my_experiment - advP_Big_IQL_RNN_5M_44 - my_run - INFO - Estimated time left: 3 hours, 4 minutes, 58 seconds. Time passed: 1 days, 7 hours, 41 minutes, 2 seconds
2026-04-27 15:35:27,946 - my_experiment - advP_Big_IQL_RNN_5M_44 - my_run - INFO - Recent Stats | t_env:    4650000 | Episode:    23250
ep_length_mean:          200.0000	episode_length_mean:     199.0000	epsilon:                   0.0500	grad_norm:               2111.6604
loss:                      6.8253	q_taken_mean:              1.0037	return_mean:             140.1746	return_std:                2.6248
target_mean:               1.0024	td_error_abs:              0.7792	test_ep_length_mean:     200.0000	test_episode_length_mean:199.0000
test_return_mean:        151.8977	test_return_std:           2.8744	
2026-04-27 15:35:32,610 - my_experiment - advP_Big_IQL_RNN_5M_44 - my_run - INFO - t_env: 4650200 / 5050000
2026-04-27 15:35:32,611 - my_experiment - advP_Big_IQL_RNN_5M_44 - my_run - INFO - Estimated time left: 2 hours, 44 minutes, 8 seconds. Time passed: 1 days, 8 hours, 1 minutes, 34 seconds
2026-04-27 15:55:59,296 - my_experiment - advP_Big_IQL_RNN_5M_44 - my_run - INFO - Recent Stats | t_env:    4700000 | Episode:    23500
ep_length_mean:          200.0000	episode_length_mean:     199.0000	epsilon:                   0.0500	grad_norm:               2238.7521
loss:                      6.9676	q_taken_mean:              1.0003	return_mean:             140.3825	return_std:                2.3712
target_mean:               1.0016	td_error_abs:              0.8363	test_ep_length_mean:     200.0000	test_episode_length_mean:199.0000
test_return_mean:        152.1916	test_return_std:           2.5628	
2026-04-27 15:56:03,968 - my_experiment - advP_Big_IQL_RNN_5M_44 - my_run - INFO - t_env: 4700200 / 5050000
2026-04-27 15:56:03,969 - my_experiment - advP_Big_IQL_RNN_5M_44 - my_run - INFO - Estimated time left: 2 hours, 23 minutes, 34 seconds. Time passed: 1 days, 8 hours, 22 minutes, 5 seconds
2026-04-27 16:16:31,351 - my_experiment - advP_Big_IQL_RNN_5M_44 - my_run - INFO - Recent Stats | t_env:    4750000 | Episode:    23750
ep_length_mean:          200.0000	episode_length_mean:     199.0000	epsilon:                   0.0500	grad_norm:               2052.3699
loss:                      7.0553	q_taken_mean:              1.0017	return_mean:             141.0385	return_std:                2.0587
target_mean:               1.0006	td_error_abs:              0.7880	test_ep_length_mean:     200.0000	test_episode_length_mean:199.0000
test_return_mean:        152.2269	test_return_std:           2.5339	
2026-04-27 16:16:36,026 - my_experiment - advP_Big_IQL_RNN_5M_44 - my_run - INFO - t_env: 4750200 / 5050000
2026-04-27 16:16:36,026 - my_experiment - advP_Big_IQL_RNN_5M_44 - my_run - INFO - Estimated time left: 2 hours, 3 minutes, 7 seconds. Time passed: 1 days, 8 hours, 42 minutes, 37 seconds
2026-04-27 16:37:03,438 - my_experiment - advP_Big_IQL_RNN_5M_44 - my_run - INFO - Recent Stats | t_env:    4800000 | Episode:    24000
ep_length_mean:          200.0000	episode_length_mean:     199.0000	epsilon:                   0.0500	grad_norm:               2144.9279
loss:                      7.0298	q_taken_mean:              1.0002	return_mean:             140.6644	return_std:                2.6480
target_mean:               1.0013	td_error_abs:              0.8224	test_ep_length_mean:     200.0000	test_episode_length_mean:199.0000
test_return_mean:        152.1621	test_return_std:           2.3495	
2026-04-27 16:37:08,106 - my_experiment - advP_Big_IQL_RNN_5M_44 - my_run - INFO - t_env: 4800200 / 5050000
2026-04-27 16:37:08,107 - my_experiment - advP_Big_IQL_RNN_5M_44 - my_run - INFO - Estimated time left: 1 hours, 42 minutes, 35 seconds. Time passed: 1 days, 9 hours, 3 minutes, 9 seconds
2026-04-27 16:57:34,615 - my_experiment - advP_Big_IQL_RNN_5M_44 - my_run - INFO - Recent Stats | t_env:    4850000 | Episode:    24250
ep_length_mean:          200.0000	episode_length_mean:     199.0000	epsilon:                   0.0500	grad_norm:               2134.3259
loss:                      6.9551	q_taken_mean:              0.9993	return_mean:             140.6517	return_std:                2.3720
target_mean:               0.9981	td_error_abs:              0.7917	test_ep_length_mean:     200.0000	test_episode_length_mean:199.0000
test_return_mean:        152.4276	test_return_std:           2.3639	
2026-04-27 16:57:39,271 - my_experiment - advP_Big_IQL_RNN_5M_44 - my_run - INFO - t_env: 4850200 / 5050000
2026-04-27 16:57:39,271 - my_experiment - advP_Big_IQL_RNN_5M_44 - my_run - INFO - Estimated time left: 1 hours, 21 minutes, 59 seconds. Time passed: 1 days, 9 hours, 23 minutes, 41 seconds
2026-04-27 17:18:05,411 - my_experiment - advP_Big_IQL_RNN_5M_44 - my_run - INFO - Recent Stats | t_env:    4900000 | Episode:    24500
ep_length_mean:          200.0000	episode_length_mean:     199.0000	epsilon:                   0.0500	grad_norm:               2095.5250
loss:                      6.8269	q_taken_mean:              0.9971	return_mean:             140.9416	return_std:                2.1204
target_mean:               0.9982	td_error_abs:              0.8101	test_ep_length_mean:     200.0000	test_episode_length_mean:199.0000
test_return_mean:        152.5895	test_return_std:           2.3434	
2026-04-27 17:18:10,068 - my_experiment - advP_Big_IQL_RNN_5M_44 - my_run - INFO - t_env: 4900200 / 5050000
2026-04-27 17:18:10,069 - my_experiment - advP_Big_IQL_RNN_5M_44 - my_run - INFO - Estimated time left: 1 hours, 1 minutes, 27 seconds. Time passed: 1 days, 9 hours, 44 minutes, 11 seconds
2026-04-27 17:38:37,033 - my_experiment - advP_Big_IQL_RNN_5M_44 - my_run - INFO - Recent Stats | t_env:    4950000 | Episode:    24750
ep_length_mean:          200.0000	episode_length_mean:     199.0000	epsilon:                   0.0500	grad_norm:               2134.6717
loss:                      6.8690	q_taken_mean:              0.9979	return_mean:             140.7356	return_std:                2.2898
target_mean:               0.9972	td_error_abs:              0.7765	test_ep_length_mean:     200.0000	test_episode_length_mean:199.0000
test_return_mean:        152.4358	test_return_std:           2.5595	
2026-04-27 17:38:41,718 - my_experiment - advP_Big_IQL_RNN_5M_44 - my_run - INFO - t_env: 4950200 / 5050000
2026-04-27 17:38:41,719 - my_experiment - advP_Big_IQL_RNN_5M_44 - my_run - INFO - Estimated time left: 40 minutes, 58 seconds. Time passed: 1 days, 10 hours, 4 minutes, 43 seconds
2026-04-27 17:59:07,882 - my_experiment - advP_Big_IQL_RNN_5M_44 - my_run - INFO - Recent Stats | t_env:    5000000 | Episode:    25000
ep_length_mean:          200.0000	episode_length_mean:     199.0000	epsilon:                   0.0500	grad_norm:               2296.3041
loss:                      6.9428	q_taken_mean:              0.9917	return_mean:             140.6846	return_std:                2.2110
target_mean:               0.9932	td_error_abs:              0.8403	test_ep_length_mean:     200.0000	test_episode_length_mean:199.0000
test_return_mean:        152.5737	test_return_std:           2.4326	
2026-04-27 17:59:12,557 - my_experiment - advP_Big_IQL_RNN_5M_44 - my_run - INFO - t_env: 5000200 / 5050000
2026-04-27 17:59:12,557 - my_experiment - advP_Big_IQL_RNN_5M_44 - my_run - INFO - Estimated time left: 20 minutes, 25 seconds. Time passed: 1 days, 10 hours, 25 minutes, 14 seconds
2026-04-27 18:00:22,699 - my_experiment - advP_Big_IQL_RNN_5M_44 - my_run - INFO - Saving models to work_dirs/my_experiment/advP_Big_IQL_RNN_5M_44/my_run/20260426_073353/models/5000200
2026-04-27 18:19:38,941 - my_experiment - advP_Big_IQL_RNN_5M_44 - my_run - INFO - Recent Stats | t_env:    5050000 | Episode:    25250
ep_length_mean:          200.0000	episode_length_mean:     199.0000	epsilon:                   0.0500	grad_norm:               2077.8336
loss:                      6.7664	q_taken_mean:              0.9934	return_mean:             140.8581	return_std:                2.4576
target_mean:               0.9919	td_error_abs:              0.7769	test_ep_length_mean:     200.0000	test_episode_length_mean:199.0000
test_return_mean:        152.6397	test_return_std:           2.4186	
2026-04-27 18:19:43,618 - my_experiment - advP_Big_IQL_RNN_5M_44 - my_run - INFO - t_env: 5050200 / 5050000
2026-04-27 18:19:43,619 - my_experiment - advP_Big_IQL_RNN_5M_44 - my_run - INFO - Estimated time left: -. Time passed: 1 days, 10 hours, 45 minutes, 45 seconds
2026-04-27 18:20:53,741 - my_experiment - advP_Big_IQL_RNN_5M_44 - my_run - INFO - Finished Training
