Gym has been unmaintained since 2022 and does not support NumPy 2.0 amongst other critical functionality.
Please upgrade to Gymnasium, the maintained drop-in replacement of Gym, or contact the authors of your software and request that they upgrade.
Users of this version of Gym should be able to simply replace 'import gym' with 'import gymnasium as gym' in the vast majority of cases.
See the migration guide at https://gymnasium.farama.org/introduction/migration_guide/ for additional information.
src/main.py:81: DeprecationWarning: Using or importing the ABCs from 'collections' instead of from 'collections.abc' is deprecated since Python 3.3, and in 3.10 it will stop working
  if isinstance(v, collections.Mapping):
wandb: [wandb.login()] Loaded credentials for https://api.wandb.ai from /home/pparsons/.netrc.
wandb: Currently logged in as: peterparsons02 (peterparsons02-eth-z-rich) to https://api.wandb.ai. Use `wandb login --relogin` to force relogin
wandb: setting up run 05p6ai0n
wandb: Tracking run with wandb version 0.24.1
wandb: Run data is saved locally in /usr/itetnas04/data-scratch-01/pparsons/data/MyExpoComm/wandb/run-20260731_200102-05p6ai0n
wandb: Run `wandb offline` to turn off syncing.
wandb: Syncing run my_run-advP_EC_op_nomm_44-20260731_200101
wandb: ⭐️ View project at https://wandb.ai/peterparsons02-eth-z-rich/my_experiment
wandb: 🚀 View run at https://wandb.ai/peterparsons02-eth-z-rich/my_experiment/runs/05p6ai0n
2026-07-31 20:01:03,911 - my_experiment - advP_EC_op_nomm_44 - my_run - INFO - Current directory: /usr/itetnas04/data-scratch-01/pparsons/data/MyExpoComm.
2026-07-31 20:01:03,911 - my_experiment - advP_EC_op_nomm_44 - my_run - INFO - Experiment Parameters:
2026-07-31 20:01:03,913 - my_experiment - advP_EC_op_nomm_44 - my_run - INFO - 

{   'action_selector': 'epsilon_greedy',
    'add_value_last_step': True,
    'agent': 'ExpoComm_one_peer_cont',
    'agent_output_type': 'q',
    'aux_coef': 0.1,
    'batch_size': 32,
    'batch_size_run': 1,
    'buffer_cpu_only': True,
    'buffer_size': 2000,
    'checkpoint_path': '',
    'double_q': True,
    'env': 'MAgent_AdvPursuit',
    'env_args': {   'global_reward': True,
                    'map_name': 'adversarial_pursuit_view8',
                    'map_size': 45,
                    'max_cycles': 200,
                    'minimap_mode': False,
                    'pretrained_ckpt': 'prey_params.pt',
                    'seed': 44},
    'epsilon_anneal_time': 1000000,
    'epsilon_finish': 0.05,
    'epsilon_start': 1.0,
    'evaluate': False,
    'evaluation_epsilon': 0.0,
    'exp_name': 'my_experiment',
    'gamma': 0.99,
    'global_reward': True,
    'grad_norm_clip': 10,
    'hidden_dim': 64,
    'hypergroup': None,
    'hypernet_embed': 64,
    'hypernet_layers': 2,
    'label': 'default_label',
    'learner': 'cont_q_learner',
    'learner_log_interval': 10000,
    'load_step': 0,
    'local_results_path': 'results',
    'log_interval': 50000,
    'lr': 0.0005,
    'mac': 'ExpoComm_mac',
    'mixer': 'qmix',
    'mixing_embed_dim': 64,
    'name': 'advP_EC_op_nomm_44',
    'neg_num': 20,
    'obs_agent_id': True,
    'obs_individual_obs': False,
    'obs_last_action': True,
    'one_peer': True,
    'optim_alpha': 0.99,
    'optim_eps': 1e-05,
    'pos_flag': False,
    'render': False,
    'repeat_id': 1,
    'run_name': 'my_run',
    'runner': 'episode',
    'runner_log_interval': 10000,
    'save_model': True,
    'save_model_interval': 200000,
    'save_replay': False,
    'seed': 44,
    'standardise_returns': False,
    'standardise_rewards': True,
    't_max': 5050000,
    'target_update_interval_or_tau': 200,
    'temperature': 0.07,
    'test_greedy': True,
    'test_interval': 50000,
    'test_nepisode': 100,
    'topk_neighbors': 7,
    'use_cuda': True,
    'use_rnn': True,
    'use_tensorboard': True,
    'work_dir': 'work_dirs/my_experiment/advP_EC_op_nomm_44/my_run/20260731_200101'}

/usr/itetnas04/data-scratch-01/pparsons/data/conda_envs/ExpoComm/lib/python3.8/site-packages/pettingzoo/utils/conversions.py:41: UserWarning: The `from_parallel` function is deprecated. Use the `parallel_to_aec` function instead.
  warnings.warn("The `from_parallel` function is deprecated. Use the `parallel_to_aec` function instead.")
/usr/itetnas04/data-scratch-01/pparsons/data/conda_envs/ExpoComm/lib/python3.8/site-packages/pettingzoo/utils/wrappers/base.py:44: UserWarning: The `observation_spaces` dictionary is deprecated. Use the `observation_space` function instead.
  warnings.warn("The `observation_spaces` dictionary is deprecated. Use the `observation_space` function instead.")
/usr/itetnas04/data-scratch-01/pparsons/data/conda_envs/ExpoComm/lib/python3.8/site-packages/pettingzoo/utils/conversions.py:36: UserWarning: The `to_parallel` function is deprecated. Use the `aec_to_parallel` function instead.
  warnings.warn("The `to_parallel` function is deprecated. Use the `aec_to_parallel` function instead.")
/usr/itetnas04/data-scratch-01/pparsons/data/conda_envs/ExpoComm/lib/python3.8/site-packages/pettingzoo/utils/conversions.py:80: UserWarning: The `action_spaces` dictionary is deprecated. Use the `action_space` function instead.
  warnings.warn("The `action_spaces` dictionary is deprecated. Use the `action_space` function instead.")
/usr/itetnas04/data-scratch-01/pparsons/data/conda_envs/ExpoComm/lib/python3.8/site-packages/pettingzoo/utils/wrappers/base.py:52: UserWarning: The `action_spaces` dictionary is deprecated. Use the `action_space` function instead.
  warnings.warn("The `action_spaces` dictionary is deprecated. Use the `action_space` function instead.")
/usr/itetnas04/data-scratch-01/pparsons/data/conda_envs/ExpoComm/lib/python3.8/site-packages/pettingzoo/utils/conversions.py:72: UserWarning: The `observation_spaces` dictionary is deprecated. Use the `observation_space` function instead.
  warnings.warn("The `observation_spaces` dictionary is deprecated. Use the `observation_space` function instead.")
2026-07-31 20:01:07,331 - my_experiment - advP_EC_op_nomm_44 - my_run - INFO - Beginning training for 5050000 timesteps
/usr/itetnas04/data-scratch-01/pparsons/data/MyExpoComm/src/envs/adv_pursuit_wrappers.py:247: UserWarning: To copy construct from a tensor, it is recommended to use sourceTensor.clone().detach() or sourceTensor.clone().detach().requires_grad_(True), rather than torch.tensor(sourceTensor).
  actions = th.tensor(actions, dtype=th.long)
2026-07-31 20:01:09,911 - my_experiment - advP_EC_op_nomm_44 - my_run - INFO - t_env: 200 / 5050000
2026-07-31 20:01:09,911 - my_experiment - advP_EC_op_nomm_44 - my_run - INFO - Estimated time left: 4 minutes, 19 seconds. Time passed: 2 seconds
2026-07-31 20:04:30,522 - my_experiment - advP_EC_op_nomm_44 - my_run - INFO - Saving models to work_dirs/my_experiment/advP_EC_op_nomm_44/my_run/20260731_200101/models/200
2026-07-31 20:15:24,792 - my_experiment - advP_EC_op_nomm_44 - my_run - INFO - Recent Stats | t_env:      50000 | Episode:      250
ep_length_mean:          200.0000	episode_length_mean:     199.0000	epsilon:                   0.9620	grad_norm:               7655.8628
info_nce_loss:             2.5731	loss:                    3438.7190	q_loss:                  3126.1082	q_taken_mean:              0.0694
return_mean:             -21.5954	return_std:                0.8269	target_mean:               0.9435	td_error_abs:             36.9863
test_ep_length_mean:     200.0000	test_episode_length_mean:199.0000	test_return_mean:         -4.6084	test_return_std:          12.2196

2026-07-31 20:15:27,492 - my_experiment - advP_EC_op_nomm_44 - my_run - INFO - t_env: 50200 / 5050000
2026-07-31 20:15:27,493 - my_experiment - advP_EC_op_nomm_44 - my_run - INFO - Estimated time left: 23 hours, 49 minutes, 14 seconds. Time passed: 14 minutes, 20 seconds
2026-07-31 20:29:51,195 - my_experiment - advP_EC_op_nomm_44 - my_run - INFO - Recent Stats | t_env:     100000 | Episode:      500
ep_length_mean:          200.0000	episode_length_mean:     199.0000	epsilon:                   0.9145	grad_norm:               16795.7684
info_nce_loss:             2.6493	loss:                    3140.3948	q_loss:                  2854.9043	q_taken_mean:              5.1582
return_mean:             -20.5669	return_std:                1.0564	target_mean:               6.0630	td_error_abs:             34.2587
test_ep_length_mean:     200.0000	test_episode_length_mean:199.0000	test_return_mean:         -2.3042	test_return_std:           6.1098

2026-07-31 20:29:53,777 - my_experiment - advP_EC_op_nomm_44 - my_run - INFO - t_env: 100200 / 5050000
2026-07-31 20:29:53,778 - my_experiment - advP_EC_op_nomm_44 - my_run - INFO - Estimated time left: 23 hours, 49 minutes, 18 seconds. Time passed: 28 minutes, 46 seconds
2026-07-31 20:43:47,767 - my_experiment - advP_EC_op_nomm_44 - my_run - INFO - Recent Stats | t_env:     150000 | Episode:      750
ep_length_mean:          200.0000	episode_length_mean:     199.0000	epsilon:                   0.8670	grad_norm:               32714.8563
info_nce_loss:             2.2527	loss:                    4204.4154	q_loss:                  3822.1957	q_taken_mean:             10.3732
return_mean:             -18.3930	return_std:                1.4720	target_mean:              11.2930	td_error_abs:             37.8012
test_ep_length_mean:     200.0000	test_episode_length_mean:199.0000	test_return_mean:          4.2377	test_return_std:           7.3669

2026-07-31 20:43:50,337 - my_experiment - advP_EC_op_nomm_44 - my_run - INFO - t_env: 150200 / 5050000
2026-07-31 20:43:50,338 - my_experiment - advP_EC_op_nomm_44 - my_run - INFO - Estimated time left: 22 hours, 46 minutes, 19 seconds. Time passed: 42 minutes, 43 seconds
2026-07-31 20:57:44,156 - my_experiment - advP_EC_op_nomm_44 - my_run - INFO - Recent Stats | t_env:     200000 | Episode:     1000
ep_length_mean:          200.0000	episode_length_mean:     199.0000	epsilon:                   0.8195	grad_norm:               68991.7949
info_nce_loss:             1.9345	loss:                    7009.8725	q_loss:                  6372.6113	q_taken_mean:             16.4632
return_mean:             -13.4808	return_std:                2.2880	target_mean:              17.6528	td_error_abs:             49.1769
test_ep_length_mean:     200.0000	test_episode_length_mean:199.0000	test_return_mean:         19.5785	test_return_std:           9.1172

2026-07-31 20:57:46,751 - my_experiment - advP_EC_op_nomm_44 - my_run - INFO - t_env: 200200 / 5050000
2026-07-31 20:57:46,751 - my_experiment - advP_EC_op_nomm_44 - my_run - INFO - Estimated time left: 22 hours, 32 minutes, 8 seconds. Time passed: 56 minutes, 39 seconds
2026-07-31 21:01:00,078 - my_experiment - advP_EC_op_nomm_44 - my_run - INFO - Saving models to work_dirs/my_experiment/advP_EC_op_nomm_44/my_run/20260731_200101/models/200200
2026-07-31 21:11:40,603 - my_experiment - advP_EC_op_nomm_44 - my_run - INFO - Recent Stats | t_env:     250000 | Episode:     1250
ep_length_mean:          200.0000	episode_length_mean:     199.0000	epsilon:                   0.7720	grad_norm:               278355.5898
info_nce_loss:             1.2876	loss:                    23650.6688	q_loss:                  21500.6084	q_taken_mean:             26.2306
return_mean:              -5.8819	return_std:                3.0680	target_mean:              29.1007	td_error_abs:            102.9693
test_ep_length_mean:     200.0000	test_episode_length_mean:199.0000	test_return_mean:         34.9640	test_return_std:          10.1984

2026-07-31 21:11:43,194 - my_experiment - advP_EC_op_nomm_44 - my_run - INFO - t_env: 250200 / 5050000
2026-07-31 21:11:43,195 - my_experiment - advP_EC_op_nomm_44 - my_run - INFO - Estimated time left: 22 hours, 18 minutes, 15 seconds. Time passed: 1 hours, 10 minutes, 35 seconds
2026-07-31 21:25:37,371 - my_experiment - advP_EC_op_nomm_44 - my_run - INFO - Recent Stats | t_env:     300000 | Episode:     1500
ep_length_mean:          200.0000	episode_length_mean:     199.0000	epsilon:                   0.7245	grad_norm:               312090.5211
info_nce_loss:             1.2241	loss:                    19665.9157	q_loss:                  17878.1052	q_taken_mean:             38.8473
return_mean:              -1.2682	return_std:                3.5003	target_mean:              40.9192	td_error_abs:             83.5474
test_ep_length_mean:     200.0000	test_episode_length_mean:199.0000	test_return_mean:         54.1183	test_return_std:          10.4590

2026-07-31 21:25:39,963 - my_experiment - advP_EC_op_nomm_44 - my_run - INFO - t_env: 300200 / 5050000
2026-07-31 21:25:39,964 - my_experiment - advP_EC_op_nomm_44 - my_run - INFO - Estimated time left: 22 hours, 4 minutes, 49 seconds. Time passed: 1 hours, 24 minutes, 32 seconds
2026-07-31 21:39:34,029 - my_experiment - advP_EC_op_nomm_44 - my_run - INFO - Recent Stats | t_env:     350000 | Episode:     1750
ep_length_mean:          200.0000	episode_length_mean:     199.0000	epsilon:                   0.6770	grad_norm:               424841.8859
info_nce_loss:             0.8649	loss:                    24460.2439	q_loss:                  22236.5852	q_taken_mean:             52.8402
return_mean:               3.8291	return_std:                3.5137	target_mean:              54.2656	td_error_abs:             92.5782
test_ep_length_mean:     200.0000	test_episode_length_mean:199.0000	test_return_mean:         72.2434	test_return_std:          13.0410

2026-07-31 21:39:36,625 - my_experiment - advP_EC_op_nomm_44 - my_run - INFO - t_env: 350200 / 5050000
2026-07-31 21:39:36,627 - my_experiment - advP_EC_op_nomm_44 - my_run - INFO - Estimated time left: 21 hours, 50 minutes, 42 seconds. Time passed: 1 hours, 38 minutes, 29 seconds
2026-07-31 21:53:30,757 - my_experiment - advP_EC_op_nomm_44 - my_run - INFO - Recent Stats | t_env:     400000 | Episode:     2000
ep_length_mean:          200.0000	episode_length_mean:     199.0000	epsilon:                   0.6295	grad_norm:               829340.0437
info_nce_loss:             0.3974	loss:                    25696.7381	q_loss:                  23360.6707	q_taken_mean:             65.6202
return_mean:               7.9898	return_std:                3.9011	target_mean:              67.5190	td_error_abs:             92.2038
test_ep_length_mean:     200.0000	test_episode_length_mean:199.0000	test_return_mean:         86.3725	test_return_std:          14.2383

2026-07-31 21:53:33,333 - my_experiment - advP_EC_op_nomm_44 - my_run - INFO - t_env: 400200 / 5050000
2026-07-31 21:53:33,334 - my_experiment - advP_EC_op_nomm_44 - my_run - INFO - Estimated time left: 21 hours, 36 minutes, 50 seconds. Time passed: 1 hours, 52 minutes, 26 seconds
2026-07-31 21:56:45,780 - my_experiment - advP_EC_op_nomm_44 - my_run - INFO - Saving models to work_dirs/my_experiment/advP_EC_op_nomm_44/my_run/20260731_200101/models/400200
2026-07-31 22:07:26,523 - my_experiment - advP_EC_op_nomm_44 - my_run - INFO - Recent Stats | t_env:     450000 | Episode:     2250
ep_length_mean:          200.0000	episode_length_mean:     199.0000	epsilon:                   0.5820	grad_norm:               1662819.8250
info_nce_loss:             0.2983	loss:                    41138.6533	q_loss:                  37398.7762	q_taken_mean:             79.0689
return_mean:              11.8860	return_std:                4.4991	target_mean:              81.3590	td_error_abs:            133.6322
test_ep_length_mean:     200.0000	test_episode_length_mean:199.0000	test_return_mean:         90.4644	test_return_std:          14.4322

2026-07-31 22:07:29,097 - my_experiment - advP_EC_op_nomm_44 - my_run - INFO - t_env: 450200 / 5050000
2026-07-31 22:07:29,098 - my_experiment - advP_EC_op_nomm_44 - my_run - INFO - Estimated time left: 21 hours, 21 minutes, 26 seconds. Time passed: 2 hours, 6 minutes, 21 seconds
2026-07-31 22:21:23,752 - my_experiment - advP_EC_op_nomm_44 - my_run - INFO - Recent Stats | t_env:     500000 | Episode:     2500
ep_length_mean:          200.0000	episode_length_mean:     199.0000	epsilon:                   0.5345	grad_norm:               2130566.8750
info_nce_loss:             0.7424	loss:                    42307.4844	q_loss:                  38461.3492	q_taken_mean:             92.8812
return_mean:              16.5628	return_std:                5.1569	target_mean:              95.6183	td_error_abs:            129.1564
test_ep_length_mean:     200.0000	test_episode_length_mean:199.0000	test_return_mean:         88.4030	test_return_std:          14.3764

2026-07-31 22:21:26,323 - my_experiment - advP_EC_op_nomm_44 - my_run - INFO - t_env: 500200 / 5050000
2026-07-31 22:21:26,324 - my_experiment - advP_EC_op_nomm_44 - my_run - INFO - Estimated time left: 21 hours, 9 minutes, 44 seconds. Time passed: 2 hours, 20 minutes, 18 seconds
2026-07-31 22:35:13,546 - my_experiment - advP_EC_op_nomm_44 - my_run - INFO - Recent Stats | t_env:     550000 | Episode:     2750
ep_length_mean:          200.0000	episode_length_mean:     199.0000	epsilon:                   0.4870	grad_norm:               1473706.5125
info_nce_loss:             0.4888	loss:                    29561.9668	q_loss:                  26874.5154	q_taken_mean:            112.9869
return_mean:              19.4091	return_std:                5.6434	target_mean:             113.7909	td_error_abs:             94.9110
test_ep_length_mean:     200.0000	test_episode_length_mean:199.0000	test_return_mean:         87.1619	test_return_std:          14.7575

2026-07-31 22:35:16,164 - my_experiment - advP_EC_op_nomm_44 - my_run - INFO - t_env: 550200 / 5050000
2026-07-31 22:35:16,165 - my_experiment - advP_EC_op_nomm_44 - my_run - INFO - Estimated time left: 20 hours, 44 minutes, 42 seconds. Time passed: 2 hours, 34 minutes, 8 seconds
2026-07-31 22:48:57,194 - my_experiment - advP_EC_op_nomm_44 - my_run - INFO - Recent Stats | t_env:     600000 | Episode:     3000
ep_length_mean:          200.0000	episode_length_mean:     199.0000	epsilon:                   0.4395	grad_norm:               2495786.9125
info_nce_loss:             0.2139	loss:                    31276.8438	q_loss:                  28433.4939	q_taken_mean:            122.6469
return_mean:              22.0374	return_std:                6.2329	target_mean:             124.9150	td_error_abs:            114.6599
test_ep_length_mean:     200.0000	test_episode_length_mean:199.0000	test_return_mean:         84.4229	test_return_std:          15.1840

2026-07-31 22:48:59,713 - my_experiment - advP_EC_op_nomm_44 - my_run - INFO - t_env: 600200 / 5050000
2026-07-31 22:48:59,714 - my_experiment - advP_EC_op_nomm_44 - my_run - INFO - Estimated time left: 20 hours, 21 minutes, 32 seconds. Time passed: 2 hours, 47 minutes, 52 seconds
2026-07-31 22:52:09,528 - my_experiment - advP_EC_op_nomm_44 - my_run - INFO - Saving models to work_dirs/my_experiment/advP_EC_op_nomm_44/my_run/20260731_200101/models/600200
2026-07-31 23:02:36,476 - my_experiment - advP_EC_op_nomm_44 - my_run - INFO - Recent Stats | t_env:     650000 | Episode:     3250
ep_length_mean:          200.0000	episode_length_mean:     199.0000	epsilon:                   0.3920	grad_norm:               3274220.4000
info_nce_loss:             0.4569	loss:                    31926.6781	q_loss:                  29024.2523	q_taken_mean:            136.1410
return_mean:              26.8326	return_std:                6.2946	target_mean:             138.5127	td_error_abs:            120.1197
test_ep_length_mean:     200.0000	test_episode_length_mean:199.0000	test_return_mean:         82.3624	test_return_std:          15.1340

2026-07-31 23:02:39,006 - my_experiment - advP_EC_op_nomm_44 - my_run - INFO - t_env: 650200 / 5050000
2026-07-31 23:02:39,007 - my_experiment - advP_EC_op_nomm_44 - my_run - INFO - Estimated time left: 20 hours, 1 minutes, 34 seconds. Time passed: 3 hours, 1 minutes, 31 seconds
2026-07-31 23:16:14,403 - my_experiment - advP_EC_op_nomm_44 - my_run - INFO - Recent Stats | t_env:     700000 | Episode:     3500
ep_length_mean:          200.0000	episode_length_mean:     199.0000	epsilon:                   0.3445	grad_norm:               4959829.6000
info_nce_loss:             0.3332	loss:                    55196.8703	q_loss:                  50178.9727	q_taken_mean:            149.3651
return_mean:              30.2505	return_std:                6.7621	target_mean:             149.1729	td_error_abs:            134.9570
test_ep_length_mean:     200.0000	test_episode_length_mean:199.0000	test_return_mean:         80.3599	test_return_std:          14.9212

2026-07-31 23:16:16,929 - my_experiment - advP_EC_op_nomm_44 - my_run - INFO - t_env: 700200 / 5050000
2026-07-31 23:16:16,930 - my_experiment - advP_EC_op_nomm_44 - my_run - INFO - Estimated time left: 19 hours, 45 minutes, 56 seconds. Time passed: 3 hours, 15 minutes, 9 seconds
2026-07-31 23:29:53,571 - my_experiment - advP_EC_op_nomm_44 - my_run - INFO - Recent Stats | t_env:     750000 | Episode:     3750
ep_length_mean:          200.0000	episode_length_mean:     199.0000	epsilon:                   0.2970	grad_norm:               4411272.1500
info_nce_loss:             0.6414	loss:                    49432.8125	q_loss:                  44938.9195	q_taken_mean:            155.2426
return_mean:              30.3732	return_std:                7.0853	target_mean:             155.4168	td_error_abs:            131.9005
test_ep_length_mean:     200.0000	test_episode_length_mean:199.0000	test_return_mean:         75.3547	test_return_std:          14.5960

2026-07-31 23:29:56,118 - my_experiment - advP_EC_op_nomm_44 - my_run - INFO - t_env: 750200 / 5050000
2026-07-31 23:29:56,118 - my_experiment - advP_EC_op_nomm_44 - my_run - INFO - Estimated time left: 19 hours, 34 minutes, 6 seconds. Time passed: 3 hours, 28 minutes, 48 seconds
2026-07-31 23:43:32,756 - my_experiment - advP_EC_op_nomm_44 - my_run - INFO - Recent Stats | t_env:     800000 | Episode:     4000
ep_length_mean:          200.0000	episode_length_mean:     199.0000	epsilon:                   0.2495	grad_norm:               2936952.1875
info_nce_loss:             0.1600	loss:                    30522.1711	q_loss:                  27747.4285	q_taken_mean:            159.8635
return_mean:              33.8388	return_std:                8.2985	target_mean:             161.7960	td_error_abs:            105.4534
test_ep_length_mean:     200.0000	test_episode_length_mean:199.0000	test_return_mean:         71.7359	test_return_std:          13.7777

2026-07-31 23:43:35,268 - my_experiment - advP_EC_op_nomm_44 - my_run - INFO - t_env: 800200 / 5050000
2026-07-31 23:43:35,269 - my_experiment - advP_EC_op_nomm_44 - my_run - INFO - Estimated time left: 19 hours, 20 minutes, 24 seconds. Time passed: 3 hours, 42 minutes, 27 seconds
2026-07-31 23:46:45,539 - my_experiment - advP_EC_op_nomm_44 - my_run - INFO - Saving models to work_dirs/my_experiment/advP_EC_op_nomm_44/my_run/20260731_200101/models/800200
2026-07-31 23:57:11,955 - my_experiment - advP_EC_op_nomm_44 - my_run - INFO - Recent Stats | t_env:     850000 | Episode:     4250
ep_length_mean:          200.0000	episode_length_mean:     199.0000	epsilon:                   0.2020	grad_norm:               2094813.7000
info_nce_loss:             0.2972	loss:                    13755.1990	q_loss:                  12504.7266	q_taken_mean:            163.1032
return_mean:              40.4685	return_std:                8.9698	target_mean:             164.5120	td_error_abs:             76.4885
test_ep_length_mean:     200.0000	test_episode_length_mean:199.0000	test_return_mean:         69.5616	test_return_std:          13.4523

2026-07-31 23:57:14,468 - my_experiment - advP_EC_op_nomm_44 - my_run - INFO - t_env: 850200 / 5050000
2026-07-31 23:57:14,469 - my_experiment - advP_EC_op_nomm_44 - my_run - INFO - Estimated time left: 19 hours, 6 minutes, 49 seconds. Time passed: 3 hours, 56 minutes, 7 seconds
2026-08-01 00:10:52,186 - my_experiment - advP_EC_op_nomm_44 - my_run - INFO - Recent Stats | t_env:     900000 | Episode:     4500
ep_length_mean:          200.0000	episode_length_mean:     199.0000	epsilon:                   0.1545	grad_norm:               3100329.8250
info_nce_loss:             0.5779	loss:                    21592.7644	q_loss:                  19629.7856	q_taken_mean:            168.0259
return_mean:              47.2097	return_std:               10.0568	target_mean:             169.4077	td_error_abs:             90.7479
test_ep_length_mean:     200.0000	test_episode_length_mean:199.0000	test_return_mean:         67.8800	test_return_std:          13.4456

2026-08-01 00:10:54,705 - my_experiment - advP_EC_op_nomm_44 - my_run - INFO - t_env: 900200 / 5050000
2026-08-01 00:10:54,706 - my_experiment - advP_EC_op_nomm_44 - my_run - INFO - Estimated time left: 18 hours, 54 minutes, 36 seconds. Time passed: 4 hours, 9 minutes, 47 seconds
2026-08-01 00:24:30,792 - my_experiment - advP_EC_op_nomm_44 - my_run - INFO - Recent Stats | t_env:     950000 | Episode:     4750
ep_length_mean:          200.0000	episode_length_mean:     199.0000	epsilon:                   0.1070	grad_norm:               2421282.1000
info_nce_loss:             0.3870	loss:                    9676.4467	q_loss:                  8796.7698	q_taken_mean:            170.5624
return_mean:              49.7012	return_std:                9.7062	target_mean:             171.1839	td_error_abs:             65.0597
test_ep_length_mean:     200.0000	test_episode_length_mean:199.0000	test_return_mean:         65.9394	test_return_std:          13.2181

2026-08-01 00:24:33,290 - my_experiment - advP_EC_op_nomm_44 - my_run - INFO - t_env: 950200 / 5050000
2026-08-01 00:24:33,291 - my_experiment - advP_EC_op_nomm_44 - my_run - INFO - Estimated time left: 18 hours, 38 minutes, 40 seconds. Time passed: 4 hours, 23 minutes, 25 seconds
2026-08-01 00:38:07,346 - my_experiment - advP_EC_op_nomm_44 - my_run - INFO - Recent Stats | t_env:    1000000 | Episode:     5000
ep_length_mean:          200.0000	episode_length_mean:     199.0000	epsilon:                   0.0595	grad_norm:               2934858.6875
info_nce_loss:             0.6166	loss:                    14262.3796	q_loss:                  12965.7996	q_taken_mean:            169.2412
return_mean:              57.5448	return_std:               10.4238	target_mean:             171.3655	td_error_abs:             82.8340
test_ep_length_mean:     200.0000	test_episode_length_mean:199.0000	test_return_mean:         67.7397	test_return_std:          13.3001

2026-08-01 00:38:09,869 - my_experiment - advP_EC_op_nomm_44 - my_run - INFO - t_env: 1000200 / 5050000
2026-08-01 00:38:09,870 - my_experiment - advP_EC_op_nomm_44 - my_run - INFO - Estimated time left: 18 hours, 22 minutes, 19 seconds. Time passed: 4 hours, 37 minutes, 2 seconds
2026-08-01 00:41:19,327 - my_experiment - advP_EC_op_nomm_44 - my_run - INFO - Saving models to work_dirs/my_experiment/advP_EC_op_nomm_44/my_run/20260731_200101/models/1000200
2026-08-01 00:51:43,580 - my_experiment - advP_EC_op_nomm_44 - my_run - INFO - Recent Stats | t_env:    1050000 | Episode:     5250
ep_length_mean:          200.0000	episode_length_mean:     199.0000	epsilon:                   0.0500	grad_norm:               2256686.7000
info_nce_loss:             0.1777	loss:                    9543.1205	q_loss:                  8675.5641	q_taken_mean:            176.0965
return_mean:              59.9603	return_std:               11.4560	target_mean:             177.1741	td_error_abs:             65.1768
test_ep_length_mean:     200.0000	test_episode_length_mean:199.0000	test_return_mean:         67.4743	test_return_std:          13.5251

2026-08-01 00:51:46,100 - my_experiment - advP_EC_op_nomm_44 - my_run - INFO - t_env: 1050200 / 5050000
2026-08-01 00:51:46,101 - my_experiment - advP_EC_op_nomm_44 - my_run - INFO - Estimated time left: 18 hours, 8 minutes, 15 seconds. Time passed: 4 hours, 50 minutes, 38 seconds
2026-08-01 01:05:20,951 - my_experiment - advP_EC_op_nomm_44 - my_run - INFO - Recent Stats | t_env:    1100000 | Episode:     5500
ep_length_mean:          200.0000	episode_length_mean:     199.0000	epsilon:                   0.0500	grad_norm:               2781394.1750
info_nce_loss:             0.3668	loss:                    8481.5713	q_loss:                  7710.5194	q_taken_mean:            180.8257
return_mean:              63.5088	return_std:               10.6657	target_mean:             181.5023	td_error_abs:             58.6135
test_ep_length_mean:     200.0000	test_episode_length_mean:199.0000	test_return_mean:         69.6244	test_return_std:          13.3559

2026-08-01 01:05:23,480 - my_experiment - advP_EC_op_nomm_44 - my_run - INFO - t_env: 1100200 / 5050000
2026-08-01 01:05:23,481 - my_experiment - advP_EC_op_nomm_44 - my_run - INFO - Estimated time left: 17 hours, 56 minutes, 9 seconds. Time passed: 5 hours, 4 minutes, 16 seconds
2026-08-01 01:18:58,808 - my_experiment - advP_EC_op_nomm_44 - my_run - INFO - Recent Stats | t_env:    1150000 | Episode:     5750
ep_length_mean:          200.0000	episode_length_mean:     199.0000	epsilon:                   0.0500	grad_norm:               2840732.4750
info_nce_loss:             0.2950	loss:                    8361.0732	q_loss:                  7600.9757	q_taken_mean:            182.2431
return_mean:              69.9272	return_std:               10.9476	target_mean:             182.2965	td_error_abs:             55.2607
test_ep_length_mean:     200.0000	test_episode_length_mean:199.0000	test_return_mean:         71.1935	test_return_std:          12.9502

2026-08-01 01:19:01,318 - my_experiment - advP_EC_op_nomm_44 - my_run - INFO - t_env: 1150200 / 5050000
2026-08-01 01:19:01,319 - my_experiment - advP_EC_op_nomm_44 - my_run - INFO - Estimated time left: 17 hours, 43 minutes, 8 seconds. Time passed: 5 hours, 17 minutes, 53 seconds
2026-08-01 01:32:42,479 - my_experiment - advP_EC_op_nomm_44 - my_run - INFO - Recent Stats | t_env:    1200000 | Episode:     6000
ep_length_mean:          200.0000	episode_length_mean:     199.0000	epsilon:                   0.0500	grad_norm:               2920514.4250
info_nce_loss:             0.4539	loss:                    8422.5988	q_loss:                  7656.9082	q_taken_mean:            184.7535
return_mean:              73.5113	return_std:               11.5416	target_mean:             185.4663	td_error_abs:             56.6270
test_ep_length_mean:     200.0000	test_episode_length_mean:199.0000	test_return_mean:         74.9635	test_return_std:          12.7751

2026-08-01 01:32:45,070 - my_experiment - advP_EC_op_nomm_44 - my_run - INFO - t_env: 1200200 / 5050000
2026-08-01 01:32:45,071 - my_experiment - advP_EC_op_nomm_44 - my_run - INFO - Estimated time left: 17 hours, 37 minutes, 5 seconds. Time passed: 5 hours, 31 minutes, 37 seconds
2026-08-01 01:36:00,982 - my_experiment - advP_EC_op_nomm_44 - my_run - INFO - Saving models to work_dirs/my_experiment/advP_EC_op_nomm_44/my_run/20260731_200101/models/1200200
2026-08-01 01:46:41,620 - my_experiment - advP_EC_op_nomm_44 - my_run - INFO - Recent Stats | t_env:    1250000 | Episode:     6250
ep_length_mean:          200.0000	episode_length_mean:     199.0000	epsilon:                   0.0500	grad_norm:               2916194.9500
info_nce_loss:             0.6205	loss:                    8429.5252	q_loss:                  7663.2047	q_taken_mean:            191.2022
return_mean:              73.1597	return_std:               11.5037	target_mean:             191.4870	td_error_abs:             54.3376
test_ep_length_mean:     200.0000	test_episode_length_mean:199.0000	test_return_mean:         76.8530	test_return_std:          12.5111

2026-08-01 01:46:44,262 - my_experiment - advP_EC_op_nomm_44 - my_run - INFO - t_env: 1250200 / 5050000
2026-08-01 01:46:44,263 - my_experiment - advP_EC_op_nomm_44 - my_run - INFO - Estimated time left: 17 hours, 42 minutes, 55 seconds. Time passed: 5 hours, 45 minutes, 36 seconds
2026-08-01 02:00:45,179 - my_experiment - advP_EC_op_nomm_44 - my_run - INFO - Recent Stats | t_env:    1300000 | Episode:     6500
ep_length_mean:          200.0000	episode_length_mean:     199.0000	epsilon:                   0.0500	grad_norm:               3187783.2500
info_nce_loss:             0.5661	loss:                    8706.2580	q_loss:                  7914.7799	q_taken_mean:            193.9319
return_mean:              75.2766	return_std:               10.7000	target_mean:             194.6881	td_error_abs:             55.9512
test_ep_length_mean:     200.0000	test_episode_length_mean:199.0000	test_return_mean:         79.8384	test_return_std:          12.7477

2026-08-01 02:00:47,810 - my_experiment - advP_EC_op_nomm_44 - my_run - INFO - t_env: 1300200 / 5050000
2026-08-01 02:00:47,811 - my_experiment - advP_EC_op_nomm_44 - my_run - INFO - Estimated time left: 17 hours, 34 minutes, 22 seconds. Time passed: 5 hours, 59 minutes, 40 seconds
2026-08-01 02:14:48,322 - my_experiment - advP_EC_op_nomm_44 - my_run - INFO - Recent Stats | t_env:    1350000 | Episode:     6750
ep_length_mean:          200.0000	episode_length_mean:     199.0000	epsilon:                   0.0500	grad_norm:               3385097.8500
info_nce_loss:             0.3828	loss:                    9285.4148	q_loss:                  8441.2861	q_taken_mean:            196.7088
return_mean:              80.4874	return_std:               10.8701	target_mean:             196.5170	td_error_abs:             54.7907
test_ep_length_mean:     200.0000	test_episode_length_mean:199.0000	test_return_mean:         82.6968	test_return_std:          12.7038

2026-08-01 02:14:50,926 - my_experiment - advP_EC_op_nomm_44 - my_run - INFO - t_env: 1350200 / 5050000
2026-08-01 02:14:50,926 - my_experiment - advP_EC_op_nomm_44 - my_run - INFO - Estimated time left: 17 hours, 19 minutes, 47 seconds. Time passed: 6 hours, 13 minutes, 43 seconds
2026-08-01 02:28:51,859 - my_experiment - advP_EC_op_nomm_44 - my_run - INFO - Recent Stats | t_env:    1400000 | Episode:     7000
ep_length_mean:          200.0000	episode_length_mean:     199.0000	epsilon:                   0.0500	grad_norm:               3561759.4000
info_nce_loss:             0.3499	loss:                    9843.5154	q_loss:                  8948.6504	q_taken_mean:            198.6009
return_mean:              80.8393	return_std:               12.2863	target_mean:             199.1988	td_error_abs:             56.4872
test_ep_length_mean:     200.0000	test_episode_length_mean:199.0000	test_return_mean:         85.9429	test_return_std:          12.6462

2026-08-01 02:28:54,451 - my_experiment - advP_EC_op_nomm_44 - my_run - INFO - t_env: 1400200 / 5050000
2026-08-01 02:28:54,451 - my_experiment - advP_EC_op_nomm_44 - my_run - INFO - Estimated time left: 17 hours, 6 minutes, 13 seconds. Time passed: 6 hours, 27 minutes, 47 seconds
2026-08-01 02:32:10,539 - my_experiment - advP_EC_op_nomm_44 - my_run - INFO - Saving models to work_dirs/my_experiment/advP_EC_op_nomm_44/my_run/20260731_200101/models/1400200
2026-08-01 02:42:55,323 - my_experiment - advP_EC_op_nomm_44 - my_run - INFO - Recent Stats | t_env:    1450000 | Episode:     7250
ep_length_mean:          200.0000	episode_length_mean:     199.0000	epsilon:                   0.0500	grad_norm:               3709424.4500
info_nce_loss:             0.5394	loss:                    9993.7609	q_loss:                  9085.2371	q_taken_mean:            202.4782
return_mean:              80.9126	return_std:               10.7878	target_mean:             202.5703	td_error_abs:             55.9653
test_ep_length_mean:     200.0000	test_episode_length_mean:199.0000	test_return_mean:         86.8604	test_return_std:          12.8443

2026-08-01 02:42:57,924 - my_experiment - advP_EC_op_nomm_44 - my_run - INFO - t_env: 1450200 / 5050000
2026-08-01 02:42:57,925 - my_experiment - advP_EC_op_nomm_44 - my_run - INFO - Estimated time left: 16 hours, 52 minutes, 6 seconds. Time passed: 6 hours, 41 minutes, 50 seconds
2026-08-01 02:56:58,445 - my_experiment - advP_EC_op_nomm_44 - my_run - INFO - Recent Stats | t_env:    1500000 | Episode:     7500
ep_length_mean:          200.0000	episode_length_mean:     199.0000	epsilon:                   0.0500	grad_norm:               3828025.8500
info_nce_loss:             0.5543	loss:                    9529.9082	q_loss:                  8663.5529	q_taken_mean:            204.5823
return_mean:              81.0684	return_std:               12.4372	target_mean:             205.1250	td_error_abs:             56.6755
test_ep_length_mean:     200.0000	test_episode_length_mean:199.0000	test_return_mean:         90.1746	test_return_std:          12.9436

2026-08-01 02:57:01,040 - my_experiment - advP_EC_op_nomm_44 - my_run - INFO - t_env: 1500200 / 5050000
2026-08-01 02:57:01,041 - my_experiment - advP_EC_op_nomm_44 - my_run - INFO - Estimated time left: 16 hours, 37 minutes, 37 seconds. Time passed: 6 hours, 55 minutes, 53 seconds
2026-08-01 03:11:01,690 - my_experiment - advP_EC_op_nomm_44 - my_run - INFO - Recent Stats | t_env:    1550000 | Episode:     7750
ep_length_mean:          200.0000	episode_length_mean:     199.0000	epsilon:                   0.0500	grad_norm:               4245010.2500
info_nce_loss:             0.2952	loss:                    11160.7033	q_loss:                  10146.0939	q_taken_mean:            204.0072
return_mean:              81.4172	return_std:               12.0607	target_mean:             203.8722	td_error_abs:             59.8777
test_ep_length_mean:     200.0000	test_episode_length_mean:199.0000	test_return_mean:         92.6470	test_return_std:          12.9507

2026-08-01 03:11:04,281 - my_experiment - advP_EC_op_nomm_44 - my_run - INFO - t_env: 1550200 / 5050000
2026-08-01 03:11:04,281 - my_experiment - advP_EC_op_nomm_44 - my_run - INFO - Estimated time left: 16 hours, 23 minutes, 43 seconds. Time passed: 7 hours, 9 minutes, 56 seconds
2026-08-01 03:25:04,562 - my_experiment - advP_EC_op_nomm_44 - my_run - INFO - Recent Stats | t_env:    1600000 | Episode:     8000
ep_length_mean:          200.0000	episode_length_mean:     199.0000	epsilon:                   0.0500	grad_norm:               4108636.9500
info_nce_loss:             0.5255	loss:                    10460.2961	q_loss:                  9509.3600	q_taken_mean:            204.9143
return_mean:              82.7586	return_std:               12.2082	target_mean:             205.3173	td_error_abs:             59.9491
test_ep_length_mean:     200.0000	test_episode_length_mean:199.0000	test_return_mean:         92.9109	test_return_std:          13.2145

2026-08-01 03:25:07,165 - my_experiment - advP_EC_op_nomm_44 - my_run - INFO - t_env: 1600200 / 5050000
2026-08-01 03:25:07,166 - my_experiment - advP_EC_op_nomm_44 - my_run - INFO - Estimated time left: 16 hours, 9 minutes, 15 seconds. Time passed: 7 hours, 23 minutes, 59 seconds
2026-08-01 03:28:22,573 - my_experiment - advP_EC_op_nomm_44 - my_run - INFO - Saving models to work_dirs/my_experiment/advP_EC_op_nomm_44/my_run/20260731_200101/models/1600200
2026-08-01 03:39:08,126 - my_experiment - advP_EC_op_nomm_44 - my_run - INFO - Recent Stats | t_env:    1650000 | Episode:     8250
ep_length_mean:          200.0000	episode_length_mean:     199.0000	epsilon:                   0.0500	grad_norm:               4088651.8000
info_nce_loss:             0.3132	loss:                    9725.8193	q_loss:                  8841.6541	q_taken_mean:            208.9783
return_mean:              84.2444	return_std:               11.3417	target_mean:             209.0343	td_error_abs:             53.8884
test_ep_length_mean:     200.0000	test_episode_length_mean:199.0000	test_return_mean:         94.5553	test_return_std:          12.7627

2026-08-01 03:39:10,714 - my_experiment - advP_EC_op_nomm_44 - my_run - INFO - t_env: 1650200 / 5050000
2026-08-01 03:39:10,715 - my_experiment - advP_EC_op_nomm_44 - my_run - INFO - Estimated time left: 15 hours, 55 minutes, 57 seconds. Time passed: 7 hours, 38 minutes, 3 seconds
2026-08-01 03:53:12,245 - my_experiment - advP_EC_op_nomm_44 - my_run - INFO - Recent Stats | t_env:    1700000 | Episode:     8500
ep_length_mean:          200.0000	episode_length_mean:     199.0000	epsilon:                   0.0500	grad_norm:               4114507.9500
info_nce_loss:             0.6338	loss:                    10059.7945	q_loss:                  9145.2678	q_taken_mean:            208.2225
return_mean:              85.0355	return_std:               10.9453	target_mean:             209.1195	td_error_abs:             60.1323
test_ep_length_mean:     200.0000	test_episode_length_mean:199.0000	test_return_mean:         97.3788	test_return_std:          12.5159

2026-08-01 03:53:14,834 - my_experiment - advP_EC_op_nomm_44 - my_run - INFO - t_env: 1700200 / 5050000
2026-08-01 03:53:14,835 - my_experiment - advP_EC_op_nomm_44 - my_run - INFO - Estimated time left: 15 hours, 42 minutes, 32 seconds. Time passed: 7 hours, 52 minutes, 7 seconds
2026-08-01 04:07:15,917 - my_experiment - advP_EC_op_nomm_44 - my_run - INFO - Recent Stats | t_env:    1750000 | Episode:     8750
ep_length_mean:          200.0000	episode_length_mean:     199.0000	epsilon:                   0.0500	grad_norm:               4259236.4000
info_nce_loss:             0.3081	loss:                    10583.4768	q_loss:                  9621.3424	q_taken_mean:            212.3601
return_mean:              84.9111	return_std:               10.7554	target_mean:             212.0197	td_error_abs:             62.5109
test_ep_length_mean:     200.0000	test_episode_length_mean:199.0000	test_return_mean:         96.9464	test_return_std:          12.7068

2026-08-01 04:07:18,521 - my_experiment - advP_EC_op_nomm_44 - my_run - INFO - t_env: 1750200 / 5050000
2026-08-01 04:07:18,522 - my_experiment - advP_EC_op_nomm_44 - my_run - INFO - Estimated time left: 15 hours, 27 minutes, 59 seconds. Time passed: 8 hours, 6 minutes, 11 seconds
2026-08-01 04:21:20,384 - my_experiment - advP_EC_op_nomm_44 - my_run - INFO - Recent Stats | t_env:    1800000 | Episode:     9000
ep_length_mean:          200.0000	episode_length_mean:     199.0000	epsilon:                   0.0500	grad_norm:               4220944.3500
info_nce_loss:             0.3233	loss:                    11264.1092	q_loss:                  10240.0994	q_taken_mean:            211.9224
return_mean:              83.5000	return_std:               11.3040	target_mean:             212.2499	td_error_abs:             70.4398
test_ep_length_mean:     200.0000	test_episode_length_mean:199.0000	test_return_mean:         99.0719	test_return_std:          12.6704

2026-08-01 04:21:22,991 - my_experiment - advP_EC_op_nomm_44 - my_run - INFO - t_env: 1800200 / 5050000
2026-08-01 04:21:22,992 - my_experiment - advP_EC_op_nomm_44 - my_run - INFO - Estimated time left: 15 hours, 14 minutes, 47 seconds. Time passed: 8 hours, 20 minutes, 15 seconds
2026-08-01 04:24:38,193 - my_experiment - advP_EC_op_nomm_44 - my_run - INFO - Saving models to work_dirs/my_experiment/advP_EC_op_nomm_44/my_run/20260731_200101/models/1800200
2026-08-01 04:35:14,066 - my_experiment - advP_EC_op_nomm_44 - my_run - INFO - Recent Stats | t_env:    1850000 | Episode:     9250
ep_length_mean:          200.0000	episode_length_mean:     199.0000	epsilon:                   0.0500	grad_norm:               3760409.1000
info_nce_loss:             0.6991	loss:                    9480.7514	q_loss:                  8618.8648	q_taken_mean:            215.2594
return_mean:              84.4178	return_std:               12.0783	target_mean:             215.2483	td_error_abs:             59.3790
test_ep_length_mean:     200.0000	test_episode_length_mean:199.0000	test_return_mean:        100.9262	test_return_std:          12.4720

2026-08-01 04:35:16,580 - my_experiment - advP_EC_op_nomm_44 - my_run - INFO - t_env: 1850200 / 5050000
2026-08-01 04:35:16,580 - my_experiment - advP_EC_op_nomm_44 - my_run - INFO - Estimated time left: 14 hours, 49 minutes, 6 seconds. Time passed: 8 hours, 34 minutes, 9 seconds
2026-08-01 04:48:52,303 - my_experiment - advP_EC_op_nomm_44 - my_run - INFO - Recent Stats | t_env:    1900000 | Episode:     9500
ep_length_mean:          200.0000	episode_length_mean:     199.0000	epsilon:                   0.0500	grad_norm:               3955602.2500
info_nce_loss:             0.2625	loss:                    10160.0168	q_loss:                  9236.3787	q_taken_mean:            217.8048
return_mean:              85.3355	return_std:               11.8974	target_mean:             218.0855	td_error_abs:             65.0067
test_ep_length_mean:     200.0000	test_episode_length_mean:199.0000	test_return_mean:        101.5274	test_return_std:          13.0388

2026-08-01 04:48:54,811 - my_experiment - advP_EC_op_nomm_44 - my_run - INFO - t_env: 1900200 / 5050000
2026-08-01 04:48:54,812 - my_experiment - advP_EC_op_nomm_44 - my_run - INFO - Estimated time left: 14 hours, 19 minutes, 5 seconds. Time passed: 8 hours, 47 minutes, 47 seconds
2026-08-01 05:02:29,637 - my_experiment - advP_EC_op_nomm_44 - my_run - INFO - Recent Stats | t_env:    1950000 | Episode:     9750
ep_length_mean:          200.0000	episode_length_mean:     199.0000	epsilon:                   0.0500	grad_norm:               3595747.9500
info_nce_loss:             0.3782	loss:                    9059.0184	q_loss:                  8235.4713	q_taken_mean:            215.8658
return_mean:              87.2130	return_std:               11.6288	target_mean:             215.8326	td_error_abs:             58.5270
test_ep_length_mean:     200.0000	test_episode_length_mean:199.0000	test_return_mean:        101.9277	test_return_std:          13.1403

2026-08-01 05:02:32,148 - my_experiment - advP_EC_op_nomm_44 - my_run - INFO - t_env: 1950200 / 5050000
2026-08-01 05:02:32,149 - my_experiment - advP_EC_op_nomm_44 - my_run - INFO - Estimated time left: 14 hours, 4 minutes, 31 seconds. Time passed: 9 hours, 1 minutes, 24 seconds
2026-08-01 05:16:07,136 - my_experiment - advP_EC_op_nomm_44 - my_run - INFO - Recent Stats | t_env:    2000000 | Episode:    10000
ep_length_mean:          200.0000	episode_length_mean:     199.0000	epsilon:                   0.0500	grad_norm:               4183952.4000
info_nce_loss:             0.4163	loss:                    10280.3064	q_loss:                  9345.7331	q_taken_mean:            217.0743
return_mean:              87.0641	return_std:               11.4967	target_mean:             217.5642	td_error_abs:             62.9231
test_ep_length_mean:     200.0000	test_episode_length_mean:199.0000	test_return_mean:        104.2936	test_return_std:          12.9255

2026-08-01 05:16:09,670 - my_experiment - advP_EC_op_nomm_44 - my_run - INFO - t_env: 2000200 / 5050000
2026-08-01 05:16:09,670 - my_experiment - advP_EC_op_nomm_44 - my_run - INFO - Estimated time left: 13 hours, 51 minutes, 5 seconds. Time passed: 9 hours, 15 minutes, 2 seconds
2026-08-01 05:19:19,085 - my_experiment - advP_EC_op_nomm_44 - my_run - INFO - Saving models to work_dirs/my_experiment/advP_EC_op_nomm_44/my_run/20260731_200101/models/2000200
2026-08-01 05:29:44,700 - my_experiment - advP_EC_op_nomm_44 - my_run - INFO - Recent Stats | t_env:    2050000 | Episode:    10250
ep_length_mean:          200.0000	episode_length_mean:     199.0000	epsilon:                   0.0500	grad_norm:               4637176.4000
info_nce_loss:             0.0925	loss:                    11037.2904	q_loss:                  10033.9004	q_taken_mean:            221.9911
return_mean:              89.0261	return_std:               11.6536	target_mean:             221.8305	td_error_abs:             58.0827
test_ep_length_mean:     200.0000	test_episode_length_mean:199.0000	test_return_mean:        104.1675	test_return_std:          12.6526

2026-08-01 05:29:47,201 - my_experiment - advP_EC_op_nomm_44 - my_run - INFO - t_env: 2050200 / 5050000
2026-08-01 05:29:47,202 - my_experiment - advP_EC_op_nomm_44 - my_run - INFO - Estimated time left: 13 hours, 37 minutes, 28 seconds. Time passed: 9 hours, 28 minutes, 39 seconds
2026-08-01 05:43:23,052 - my_experiment - advP_EC_op_nomm_44 - my_run - INFO - Recent Stats | t_env:    2100000 | Episode:    10500
ep_length_mean:          200.0000	episode_length_mean:     199.0000	epsilon:                   0.0500	grad_norm:               4406379.8500
info_nce_loss:             0.4992	loss:                    10391.5992	q_loss:                  9446.9085	q_taken_mean:            221.7128
return_mean:              89.1465	return_std:               10.6276	target_mean:             222.0241	td_error_abs:             59.8407
test_ep_length_mean:     200.0000	test_episode_length_mean:199.0000	test_return_mean:        104.5325	test_return_std:          12.8101

2026-08-01 05:43:25,566 - my_experiment - advP_EC_op_nomm_44 - my_run - INFO - t_env: 2100200 / 5050000
2026-08-01 05:43:25,567 - my_experiment - advP_EC_op_nomm_44 - my_run - INFO - Estimated time left: 13 hours, 24 minutes, 40 seconds. Time passed: 9 hours, 42 minutes, 18 seconds
2026-08-01 05:57:00,286 - my_experiment - advP_EC_op_nomm_44 - my_run - INFO - Recent Stats | t_env:    2150000 | Episode:    10750
ep_length_mean:          200.0000	episode_length_mean:     199.0000	epsilon:                   0.0500	grad_norm:               6260659.7000
info_nce_loss:             0.1316	loss:                    45026.2457	q_loss:                  40932.9506	q_taken_mean:            222.2080
return_mean:              87.4926	return_std:               11.7947	target_mean:             224.0762	td_error_abs:            123.8607
test_ep_length_mean:     200.0000	test_episode_length_mean:199.0000	test_return_mean:        103.6729	test_return_std:          12.7754

2026-08-01 05:57:02,793 - my_experiment - advP_EC_op_nomm_44 - my_run - INFO - t_env: 2150200 / 5050000
2026-08-01 05:57:02,794 - my_experiment - advP_EC_op_nomm_44 - my_run - INFO - Estimated time left: 13 hours, 9 minutes, 55 seconds. Time passed: 9 hours, 55 minutes, 55 seconds
2026-08-01 06:10:39,135 - my_experiment - advP_EC_op_nomm_44 - my_run - INFO - Recent Stats | t_env:    2200000 | Episode:    11000
ep_length_mean:          200.0000	episode_length_mean:     199.0000	epsilon:                   0.0500	grad_norm:               3842843.3000
info_nce_loss:             0.4752	loss:                    16592.8344	q_loss:                  15084.3947	q_taken_mean:            225.6814
return_mean:              75.9423	return_std:               13.0986	target_mean:             225.4114	td_error_abs:             88.0668
test_ep_length_mean:     200.0000	test_episode_length_mean:199.0000	test_return_mean:        100.7791	test_return_std:          12.6584

2026-08-01 06:10:41,692 - my_experiment - advP_EC_op_nomm_44 - my_run - INFO - t_env: 2200200 / 5050000
2026-08-01 06:10:41,693 - my_experiment - advP_EC_op_nomm_44 - my_run - INFO - Estimated time left: 12 hours, 57 minutes, 53 seconds. Time passed: 10 hours, 9 minutes, 34 seconds
2026-08-01 06:13:51,397 - my_experiment - advP_EC_op_nomm_44 - my_run - INFO - Saving models to work_dirs/my_experiment/advP_EC_op_nomm_44/my_run/20260731_200101/models/2200200
2026-08-01 06:24:17,256 - my_experiment - advP_EC_op_nomm_44 - my_run - INFO - Recent Stats | t_env:    2250000 | Episode:    11250
ep_length_mean:          200.0000	episode_length_mean:     199.0000	epsilon:                   0.0500	grad_norm:               3915592.4500
info_nce_loss:             0.4417	loss:                    11063.0972	q_loss:                  10057.3611	q_taken_mean:            222.7207
return_mean:              88.9558	return_std:               10.7647	target_mean:             222.4782	td_error_abs:             61.5062
test_ep_length_mean:     200.0000	test_episode_length_mean:199.0000	test_return_mean:        100.2324	test_return_std:          12.9019

2026-08-01 06:24:19,764 - my_experiment - advP_EC_op_nomm_44 - my_run - INFO - t_env: 2250200 / 5050000
2026-08-01 06:24:19,765 - my_experiment - advP_EC_op_nomm_44 - my_run - INFO - Estimated time left: 12 hours, 43 minutes, 28 seconds. Time passed: 10 hours, 23 minutes, 12 seconds
2026-08-01 06:37:55,528 - my_experiment - advP_EC_op_nomm_44 - my_run - INFO - Recent Stats | t_env:    2300000 | Episode:    11500
ep_length_mean:          200.0000	episode_length_mean:     199.0000	epsilon:                   0.0500	grad_norm:               3329953.0000
info_nce_loss:             0.4044	loss:                    8971.0794	q_loss:                  8155.5268	q_taken_mean:            222.4779
return_mean:              91.8487	return_std:               10.5318	target_mean:             222.7822	td_error_abs:             59.4734
test_ep_length_mean:     200.0000	test_episode_length_mean:199.0000	test_return_mean:        101.1615	test_return_std:          13.0032

2026-08-01 06:37:58,054 - my_experiment - advP_EC_op_nomm_44 - my_run - INFO - t_env: 2300200 / 5050000
2026-08-01 06:37:58,055 - my_experiment - advP_EC_op_nomm_44 - my_run - INFO - Estimated time left: 12 hours, 30 minutes, 2 seconds. Time passed: 10 hours, 36 minutes, 50 seconds
2026-08-01 06:51:32,823 - my_experiment - advP_EC_op_nomm_44 - my_run - INFO - Recent Stats | t_env:    2350000 | Episode:    11750
ep_length_mean:          200.0000	episode_length_mean:     199.0000	epsilon:                   0.0500	grad_norm:               3393681.1000
info_nce_loss:             0.3833	loss:                    9378.5075	q_loss:                  8525.9160	q_taken_mean:            227.0520
return_mean:              93.9060	return_std:               10.6005	target_mean:             226.7877	td_error_abs:             61.9515
test_ep_length_mean:     200.0000	test_episode_length_mean:199.0000	test_return_mean:        101.8915	test_return_std:          12.7088

2026-08-01 06:51:35,343 - my_experiment - advP_EC_op_nomm_44 - my_run - INFO - t_env: 2350200 / 5050000
2026-08-01 06:51:35,344 - my_experiment - advP_EC_op_nomm_44 - my_run - INFO - Estimated time left: 12 hours, 15 minutes, 30 seconds. Time passed: 10 hours, 50 minutes, 28 seconds
2026-08-01 07:05:11,464 - my_experiment - advP_EC_op_nomm_44 - my_run - INFO - Recent Stats | t_env:    2400000 | Episode:    12000
ep_length_mean:          200.0000	episode_length_mean:     199.0000	epsilon:                   0.0500	grad_norm:               3213801.2000
info_nce_loss:             0.2546	loss:                    9047.2960	q_loss:                  8224.8146	q_taken_mean:            224.1572
return_mean:              93.7094	return_std:               10.4864	target_mean:             225.0725	td_error_abs:             62.1594
test_ep_length_mean:     200.0000	test_episode_length_mean:199.0000	test_return_mean:        103.5956	test_return_std:          12.5102

2026-08-01 07:05:13,968 - my_experiment - advP_EC_op_nomm_44 - my_run - INFO - t_env: 2400200 / 5050000
2026-08-01 07:05:13,969 - my_experiment - advP_EC_op_nomm_44 - my_run - INFO - Estimated time left: 12 hours, 3 minutes, 3 seconds. Time passed: 11 hours, 4 minutes, 6 seconds
2026-08-01 07:08:23,458 - my_experiment - advP_EC_op_nomm_44 - my_run - INFO - Saving models to work_dirs/my_experiment/advP_EC_op_nomm_44/my_run/20260731_200101/models/2400200
2026-08-01 07:18:49,564 - my_experiment - advP_EC_op_nomm_44 - my_run - INFO - Recent Stats | t_env:    2450000 | Episode:    12250
ep_length_mean:          200.0000	episode_length_mean:     199.0000	epsilon:                   0.0500	grad_norm:               3753081.6500
info_nce_loss:             0.4597	loss:                    10330.3537	q_loss:                  9391.2306	q_taken_mean:            229.0019
return_mean:              95.2852	return_std:                9.9614	target_mean:             228.8235	td_error_abs:             63.4794
test_ep_length_mean:     200.0000	test_episode_length_mean:199.0000	test_return_mean:        106.9706	test_return_std:          12.3044

2026-08-01 07:18:52,082 - my_experiment - advP_EC_op_nomm_44 - my_run - INFO - t_env: 2450200 / 5050000
2026-08-01 07:18:52,082 - my_experiment - advP_EC_op_nomm_44 - my_run - INFO - Estimated time left: 11 hours, 48 minutes, 58 seconds. Time passed: 11 hours, 17 minutes, 44 seconds
2026-08-01 07:32:27,722 - my_experiment - advP_EC_op_nomm_44 - my_run - INFO - Recent Stats | t_env:    2500000 | Episode:    12500
ep_length_mean:          200.0000	episode_length_mean:     199.0000	epsilon:                   0.0500	grad_norm:               3088929.5250
info_nce_loss:             0.4644	loss:                    9685.0180	q_loss:                  8804.5616	q_taken_mean:            229.1840
return_mean:              91.8239	return_std:               13.1685	target_mean:             229.4718	td_error_abs:             64.5611
test_ep_length_mean:     200.0000	test_episode_length_mean:199.0000	test_return_mean:        107.9783	test_return_std:          12.2234

2026-08-01 07:32:30,290 - my_experiment - advP_EC_op_nomm_44 - my_run - INFO - t_env: 2500200 / 5050000
2026-08-01 07:32:30,291 - my_experiment - advP_EC_op_nomm_44 - my_run - INFO - Estimated time left: 11 hours, 35 minutes, 25 seconds. Time passed: 11 hours, 31 minutes, 22 seconds
2026-08-01 07:46:05,419 - my_experiment - advP_EC_op_nomm_44 - my_run - INFO - Recent Stats | t_env:    2550000 | Episode:    12750
ep_length_mean:          200.0000	episode_length_mean:     199.0000	epsilon:                   0.0500	grad_norm:               3095349.4500
info_nce_loss:             0.5536	loss:                    10395.2938	q_loss:                  9450.2671	q_taken_mean:            227.9042
return_mean:              87.4797	return_std:               12.3392	target_mean:             227.5747	td_error_abs:             69.4248
test_ep_length_mean:     200.0000	test_episode_length_mean:199.0000	test_return_mean:        108.2680	test_return_std:          12.2332

2026-08-01 07:46:07,957 - my_experiment - advP_EC_op_nomm_44 - my_run - INFO - t_env: 2550200 / 5050000
2026-08-01 07:46:07,958 - my_experiment - advP_EC_op_nomm_44 - my_run - INFO - Estimated time left: 11 hours, 21 minutes, 20 seconds. Time passed: 11 hours, 45 minutes, 0 seconds
2026-08-01 07:59:43,219 - my_experiment - advP_EC_op_nomm_44 - my_run - INFO - Recent Stats | t_env:    2600000 | Episode:    13000
ep_length_mean:          200.0000	episode_length_mean:     199.0000	epsilon:                   0.0500	grad_norm:               6532668.5000
info_nce_loss:             0.3734	loss:                    34805.3428	q_loss:                  31641.2205	q_taken_mean:            225.0293
return_mean:              91.5572	return_std:               11.2012	target_mean:             226.1053	td_error_abs:            105.9948
test_ep_length_mean:     200.0000	test_episode_length_mean:199.0000	test_return_mean:        108.8098	test_return_std:          11.9137

2026-08-01 07:59:45,756 - my_experiment - advP_EC_op_nomm_44 - my_run - INFO - t_env: 2600200 / 5050000
2026-08-01 07:59:45,757 - my_experiment - advP_EC_op_nomm_44 - my_run - INFO - Estimated time left: 11 hours, 7 minutes, 48 seconds. Time passed: 11 hours, 58 minutes, 38 seconds
2026-08-01 08:02:55,744 - my_experiment - advP_EC_op_nomm_44 - my_run - INFO - Saving models to work_dirs/my_experiment/advP_EC_op_nomm_44/my_run/20260731_200101/models/2600200
2026-08-01 08:13:22,255 - my_experiment - advP_EC_op_nomm_44 - my_run - INFO - Recent Stats | t_env:    2650000 | Episode:    13250
ep_length_mean:          200.0000	episode_length_mean:     199.0000	epsilon:                   0.0500	grad_norm:               2659238.4500
info_nce_loss:             0.3504	loss:                    8514.5669	q_loss:                  7740.5155	q_taken_mean:            228.6216
return_mean:              91.9441	return_std:               11.2781	target_mean:             228.5599	td_error_abs:             59.7905
test_ep_length_mean:     200.0000	test_episode_length_mean:199.0000	test_return_mean:        105.7954	test_return_std:          12.1831

2026-08-01 08:13:24,787 - my_experiment - advP_EC_op_nomm_44 - my_run - INFO - t_env: 2650200 / 5050000
2026-08-01 08:13:24,788 - my_experiment - advP_EC_op_nomm_44 - my_run - INFO - Estimated time left: 10 hours, 55 minutes, 10 seconds. Time passed: 12 hours, 12 minutes, 17 seconds
2026-08-01 08:27:01,302 - my_experiment - advP_EC_op_nomm_44 - my_run - INFO - Recent Stats | t_env:    2700000 | Episode:    13500
ep_length_mean:          200.0000	episode_length_mean:     199.0000	epsilon:                   0.0500	grad_norm:               6016448.3500
info_nce_loss:             0.3729	loss:                    37289.3469	q_loss:                  33899.4064	q_taken_mean:            229.9931
return_mean:              91.3273	return_std:               11.2938	target_mean:             231.0170	td_error_abs:            130.2455
test_ep_length_mean:     200.0000	test_episode_length_mean:199.0000	test_return_mean:        106.3571	test_return_std:          12.1585

2026-08-01 08:27:03,817 - my_experiment - advP_EC_op_nomm_44 - my_run - INFO - t_env: 2700200 / 5050000
2026-08-01 08:27:03,818 - my_experiment - advP_EC_op_nomm_44 - my_run - INFO - Estimated time left: 10 hours, 41 minutes, 31 seconds. Time passed: 12 hours, 25 minutes, 56 seconds
2026-08-01 08:40:39,383 - my_experiment - advP_EC_op_nomm_44 - my_run - INFO - Recent Stats | t_env:    2750000 | Episode:    13750
ep_length_mean:          200.0000	episode_length_mean:     199.0000	epsilon:                   0.0500	grad_norm:               5624860.4500
info_nce_loss:             0.3328	loss:                    37032.7885	q_loss:                  33666.1705	q_taken_mean:            235.9456
return_mean:              92.8308	return_std:               10.3479	target_mean:             234.0036	td_error_abs:            115.6230
test_ep_length_mean:     200.0000	test_episode_length_mean:199.0000	test_return_mean:        106.0264	test_return_std:          11.4647

2026-08-01 08:40:41,938 - my_experiment - advP_EC_op_nomm_44 - my_run - INFO - t_env: 2750200 / 5050000
2026-08-01 08:40:41,939 - my_experiment - advP_EC_op_nomm_44 - my_run - INFO - Estimated time left: 10 hours, 27 minutes, 10 seconds. Time passed: 12 hours, 39 minutes, 34 seconds
2026-08-01 08:54:16,460 - my_experiment - advP_EC_op_nomm_44 - my_run - INFO - Recent Stats | t_env:    2800000 | Episode:    14000
ep_length_mean:          200.0000	episode_length_mean:     199.0000	epsilon:                   0.0500	grad_norm:               2100339.2500
info_nce_loss:             0.2263	loss:                    8421.9193	q_loss:                  7656.2902	q_taken_mean:            231.6827
return_mean:              98.9486	return_std:                9.1482	target_mean:             232.3608	td_error_abs:             62.3294
test_ep_length_mean:     200.0000	test_episode_length_mean:199.0000	test_return_mean:        106.1056	test_return_std:          11.4298

2026-08-01 08:54:18,986 - my_experiment - advP_EC_op_nomm_44 - my_run - INFO - t_env: 2800200 / 5050000
2026-08-01 08:54:18,987 - my_experiment - advP_EC_op_nomm_44 - my_run - INFO - Estimated time left: 10 hours, 12 minutes, 43 seconds. Time passed: 12 hours, 53 minutes, 11 seconds
2026-08-01 08:57:28,857 - my_experiment - advP_EC_op_nomm_44 - my_run - INFO - Saving models to work_dirs/my_experiment/advP_EC_op_nomm_44/my_run/20260731_200101/models/2800200
2026-08-01 09:07:55,457 - my_experiment - advP_EC_op_nomm_44 - my_run - INFO - Recent Stats | t_env:    2850000 | Episode:    14250
ep_length_mean:          200.0000	episode_length_mean:     199.0000	epsilon:                   0.0500	grad_norm:               2891386.0500
info_nce_loss:             0.3319	loss:                    18112.6184	q_loss:                  16466.0167	q_taken_mean:            233.2689
return_mean:              99.2242	return_std:               10.4831	target_mean:             232.6806	td_error_abs:             88.6948
test_ep_length_mean:     200.0000	test_episode_length_mean:199.0000	test_return_mean:        107.0078	test_return_std:          11.3996

2026-08-01 09:07:57,990 - my_experiment - advP_EC_op_nomm_44 - my_run - INFO - t_env: 2850200 / 5050000
2026-08-01 09:07:57,991 - my_experiment - advP_EC_op_nomm_44 - my_run - INFO - Estimated time left: 10 hours, 32 seconds. Time passed: 13 hours, 6 minutes, 50 seconds
2026-08-01 09:21:47,150 - my_experiment - advP_EC_op_nomm_44 - my_run - INFO - Recent Stats | t_env:    2900000 | Episode:    14500
ep_length_mean:          200.0000	episode_length_mean:     199.0000	epsilon:                   0.0500	grad_norm:               4153794.1250
info_nce_loss:             0.3589	loss:                    18037.1114	q_loss:                  16397.3740	q_taken_mean:            232.4269
return_mean:              99.4188	return_std:                9.6783	target_mean:             232.2099	td_error_abs:             88.9361
test_ep_length_mean:     200.0000	test_episode_length_mean:199.0000	test_return_mean:        111.9974	test_return_std:          10.8136

2026-08-01 09:21:49,749 - my_experiment - advP_EC_op_nomm_44 - my_run - INFO - t_env: 2900200 / 5050000
2026-08-01 09:21:49,750 - my_experiment - advP_EC_op_nomm_44 - my_run - INFO - Estimated time left: 9 hours, 56 minutes, 2 seconds. Time passed: 13 hours, 20 minutes, 42 seconds
2026-08-01 09:35:50,655 - my_experiment - advP_EC_op_nomm_44 - my_run - INFO - Recent Stats | t_env:    2950000 | Episode:    14750
ep_length_mean:          200.0000	episode_length_mean:     199.0000	epsilon:                   0.0500	grad_norm:               3000090.5750
info_nce_loss:             0.1983	loss:                    16775.2904	q_loss:                  15250.2638	q_taken_mean:            238.4175
return_mean:              97.1967	return_std:                9.5832	target_mean:             239.0925	td_error_abs:             90.8497
test_ep_length_mean:     200.0000	test_episode_length_mean:199.0000	test_return_mean:        113.5978	test_return_std:          10.6049

2026-08-01 09:35:53,254 - my_experiment - advP_EC_op_nomm_44 - my_run - INFO - t_env: 2950200 / 5050000
2026-08-01 09:35:53,255 - my_experiment - advP_EC_op_nomm_44 - my_run - INFO - Estimated time left: 9 hours, 50 minutes, 23 seconds. Time passed: 13 hours, 34 minutes, 45 seconds
2026-08-01 09:49:41,259 - my_experiment - advP_EC_op_nomm_44 - my_run - INFO - Recent Stats | t_env:    3000000 | Episode:    15000
ep_length_mean:          200.0000	episode_length_mean:     199.0000	epsilon:                   0.0500	grad_norm:               3287319.7500
info_nce_loss:             0.3077	loss:                    16091.3031	q_loss:                  14628.4577	q_taken_mean:            241.2715
return_mean:              99.6299	return_std:                9.6273	target_mean:             239.8657	td_error_abs:             81.7605
test_ep_length_mean:     200.0000	test_episode_length_mean:199.0000	test_return_mean:        114.3001	test_return_std:          10.8234

2026-08-01 09:49:43,853 - my_experiment - advP_EC_op_nomm_44 - my_run - INFO - t_env: 3000200 / 5050000
2026-08-01 09:49:43,854 - my_experiment - advP_EC_op_nomm_44 - my_run - INFO - Estimated time left: 9 hours, 27 minutes, 31 seconds. Time passed: 13 hours, 48 minutes, 36 seconds
2026-08-01 09:53:00,058 - my_experiment - advP_EC_op_nomm_44 - my_run - INFO - Saving models to work_dirs/my_experiment/advP_EC_op_nomm_44/my_run/20260731_200101/models/3000200
2026-08-01 10:03:46,177 - my_experiment - advP_EC_op_nomm_44 - my_run - INFO - Recent Stats | t_env:    3050000 | Episode:    15250
ep_length_mean:          200.0000	episode_length_mean:     199.0000	epsilon:                   0.0500	grad_norm:               3102979.3750
info_nce_loss:             0.4690	loss:                    19842.8112	q_loss:                  18038.9193	q_taken_mean:            235.8895
return_mean:              93.0979	return_std:               10.7614	target_mean:             236.9380	td_error_abs:             97.1897
test_ep_length_mean:     200.0000	test_episode_length_mean:199.0000	test_return_mean:        114.3121	test_return_std:          10.4702

2026-08-01 10:03:48,778 - my_experiment - advP_EC_op_nomm_44 - my_run - INFO - t_env: 3050200 / 5050000
2026-08-01 10:03:48,779 - my_experiment - advP_EC_op_nomm_44 - my_run - INFO - Estimated time left: 9 hours, 23 minutes, 13 seconds. Time passed: 14 hours, 2 minutes, 41 seconds
2026-08-01 10:17:49,733 - my_experiment - advP_EC_op_nomm_44 - my_run - INFO - Recent Stats | t_env:    3100000 | Episode:    15500
ep_length_mean:          200.0000	episode_length_mean:     199.0000	epsilon:                   0.0500	grad_norm:               5726261.1000
info_nce_loss:             0.3221	loss:                    28495.6755	q_loss:                  25905.1596	q_taken_mean:            237.0726
return_mean:             100.0775	return_std:                9.5124	target_mean:             235.8250	td_error_abs:            108.0313
test_ep_length_mean:     200.0000	test_episode_length_mean:199.0000	test_return_mean:        113.9809	test_return_std:          10.4893

2026-08-01 10:17:52,327 - my_experiment - advP_EC_op_nomm_44 - my_run - INFO - t_env: 3100200 / 5050000
2026-08-01 10:17:52,327 - my_experiment - advP_EC_op_nomm_44 - my_run - INFO - Estimated time left: 9 hours, 8 minutes, 15 seconds. Time passed: 14 hours, 16 minutes, 44 seconds
2026-08-01 10:32:00,565 - my_experiment - advP_EC_op_nomm_44 - my_run - INFO - Recent Stats | t_env:    3150000 | Episode:    15750
ep_length_mean:          200.0000	episode_length_mean:     199.0000	epsilon:                   0.0500	grad_norm:               2831288.6625
info_nce_loss:             0.5165	loss:                    15715.2592	q_loss:                  14286.5992	q_taken_mean:            234.3537
return_mean:              96.9478	return_std:                9.8679	target_mean:             235.1447	td_error_abs:             90.6660
test_ep_length_mean:     200.0000	test_episode_length_mean:199.0000	test_return_mean:        113.7632	test_return_std:          10.3396

2026-08-01 10:32:03,232 - my_experiment - advP_EC_op_nomm_44 - my_run - INFO - t_env: 3150200 / 5050000
2026-08-01 10:32:03,233 - my_experiment - advP_EC_op_nomm_44 - my_run - INFO - Estimated time left: 8 hours, 58 minutes, 50 seconds. Time passed: 14 hours, 30 minutes, 55 seconds
2026-08-01 10:46:29,176 - my_experiment - advP_EC_op_nomm_44 - my_run - INFO - Recent Stats | t_env:    3200000 | Episode:    16000
ep_length_mean:          200.0000	episode_length_mean:     199.0000	epsilon:                   0.0500	grad_norm:               3490198.0750
info_nce_loss:             0.3988	loss:                    14868.3428	q_loss:                  13516.6755	q_taken_mean:            229.4731
return_mean:              99.5960	return_std:                9.2930	target_mean:             230.8333	td_error_abs:             78.7827
test_ep_length_mean:     200.0000	test_episode_length_mean:199.0000	test_return_mean:        113.9034	test_return_std:          10.3547

2026-08-01 10:46:31,905 - my_experiment - advP_EC_op_nomm_44 - my_run - INFO - t_env: 3200200 / 5050000
2026-08-01 10:46:31,906 - my_experiment - advP_EC_op_nomm_44 - my_run - INFO - Estimated time left: 8 hours, 55 minutes, 37 seconds. Time passed: 14 hours, 45 minutes, 24 seconds
2026-08-01 10:49:53,173 - my_experiment - advP_EC_op_nomm_44 - my_run - INFO - Saving models to work_dirs/my_experiment/advP_EC_op_nomm_44/my_run/20260731_200101/models/3200200
2026-08-01 11:00:59,765 - my_experiment - advP_EC_op_nomm_44 - my_run - INFO - Recent Stats | t_env:    3250000 | Episode:    16250
ep_length_mean:          200.0000	episode_length_mean:     199.0000	epsilon:                   0.0500	grad_norm:               2414411.4250
info_nce_loss:             0.4434	loss:                    7043.1503	q_loss:                  6402.8639	q_taken_mean:            228.5846
return_mean:             103.7594	return_std:                9.2931	target_mean:             228.3307	td_error_abs:             57.4257
test_ep_length_mean:     200.0000	test_episode_length_mean:199.0000	test_return_mean:        115.9871	test_return_std:          10.1384

2026-08-01 11:01:02,486 - my_experiment - advP_EC_op_nomm_44 - my_run - INFO - t_env: 3250200 / 5050000
2026-08-01 11:01:02,487 - my_experiment - advP_EC_op_nomm_44 - my_run - INFO - Estimated time left: 8 hours, 42 minutes, 17 seconds. Time passed: 14 hours, 59 minutes, 55 seconds
2026-08-01 11:15:23,570 - my_experiment - advP_EC_op_nomm_44 - my_run - INFO - Recent Stats | t_env:    3300000 | Episode:    16500
ep_length_mean:          200.0000	episode_length_mean:     199.0000	epsilon:                   0.0500	grad_norm:               1943006.0500
info_nce_loss:             0.2141	loss:                    6487.8878	q_loss:                  5898.0798	q_taken_mean:            228.7436
return_mean:             101.4930	return_std:                9.0712	target_mean:             228.9362	td_error_abs:             55.1061
test_ep_length_mean:     200.0000	test_episode_length_mean:199.0000	test_return_mean:        117.4483	test_return_std:          10.0804

2026-08-01 11:15:26,208 - my_experiment - advP_EC_op_nomm_44 - my_run - INFO - t_env: 3300200 / 5050000
2026-08-01 11:15:26,209 - my_experiment - advP_EC_op_nomm_44 - my_run - INFO - Estimated time left: 8 hours, 23 minutes, 46 seconds. Time passed: 15 hours, 14 minutes, 18 seconds
2026-08-01 11:29:43,216 - my_experiment - advP_EC_op_nomm_44 - my_run - INFO - Recent Stats | t_env:    3350000 | Episode:    16750
ep_length_mean:          200.0000	episode_length_mean:     199.0000	epsilon:                   0.0500	grad_norm:               1819279.3000
info_nce_loss:             0.3524	loss:                    6762.1957	q_loss:                  6147.4508	q_taken_mean:            230.9669
return_mean:             103.1125	return_std:                8.6401	target_mean:             230.4888	td_error_abs:             57.2175
test_ep_length_mean:     200.0000	test_episode_length_mean:199.0000	test_return_mean:        118.9588	test_return_std:          10.2178

2026-08-01 11:29:45,895 - my_experiment - advP_EC_op_nomm_44 - my_run - INFO - t_env: 3350200 / 5050000
2026-08-01 11:29:45,896 - my_experiment - advP_EC_op_nomm_44 - my_run - INFO - Estimated time left: 8 hours, 7 minutes, 5 seconds. Time passed: 15 hours, 28 minutes, 38 seconds
2026-08-01 11:43:38,000 - my_experiment - advP_EC_op_nomm_44 - my_run - INFO - Recent Stats | t_env:    3400000 | Episode:    17000
ep_length_mean:          200.0000	episode_length_mean:     199.0000	epsilon:                   0.0500	grad_norm:               9119222.3750
info_nce_loss:             0.3614	loss:                    41794.9153	q_loss:                  37995.3765	q_taken_mean:            227.4642
return_mean:              92.3692	return_std:               11.1805	target_mean:             228.6965	td_error_abs:            124.8056
test_ep_length_mean:     200.0000	test_episode_length_mean:199.0000	test_return_mean:        116.9804	test_return_std:          10.2882

2026-08-01 11:43:40,587 - my_experiment - advP_EC_op_nomm_44 - my_run - INFO - t_env: 3400200 / 5050000
2026-08-01 11:43:40,588 - my_experiment - advP_EC_op_nomm_44 - my_run - INFO - Estimated time left: 7 hours, 39 minutes, 1 seconds. Time passed: 15 hours, 42 minutes, 33 seconds
2026-08-01 11:46:53,418 - my_experiment - advP_EC_op_nomm_44 - my_run - INFO - Saving models to work_dirs/my_experiment/advP_EC_op_nomm_44/my_run/20260731_200101/models/3400200
2026-08-01 11:57:26,964 - my_experiment - advP_EC_op_nomm_44 - my_run - INFO - Recent Stats | t_env:    3450000 | Episode:    17250
ep_length_mean:          200.0000	episode_length_mean:     199.0000	epsilon:                   0.0500	grad_norm:               3721229.3250
info_nce_loss:             0.2150	loss:                    17556.4750	q_loss:                  15960.4317	q_taken_mean:            231.3344
return_mean:              88.9136	return_std:               11.1348	target_mean:             229.0218	td_error_abs:             89.7718
test_ep_length_mean:     200.0000	test_episode_length_mean:199.0000	test_return_mean:        113.7501	test_return_std:          10.9472

2026-08-01 11:57:29,490 - my_experiment - advP_EC_op_nomm_44 - my_run - INFO - t_env: 3450200 / 5050000
2026-08-01 11:57:29,491 - my_experiment - advP_EC_op_nomm_44 - my_run - INFO - Estimated time left: 7 hours, 22 minutes, 1 seconds. Time passed: 15 hours, 56 minutes, 22 seconds
2026-08-01 12:11:14,501 - my_experiment - advP_EC_op_nomm_44 - my_run - INFO - Recent Stats | t_env:    3500000 | Episode:    17500
ep_length_mean:          200.0000	episode_length_mean:     199.0000	epsilon:                   0.0500	grad_norm:               2842944.0250
info_nce_loss:             0.2588	loss:                    22472.1505	q_loss:                  20429.2275	q_taken_mean:            228.3179
return_mean:              90.1668	return_std:               12.3224	target_mean:             229.2404	td_error_abs:            104.3749
test_ep_length_mean:     200.0000	test_episode_length_mean:199.0000	test_return_mean:        112.6991	test_return_std:          11.2837

2026-08-01 12:11:17,023 - my_experiment - advP_EC_op_nomm_44 - my_run - INFO - t_env: 3500200 / 5050000
2026-08-01 12:11:17,024 - my_experiment - advP_EC_op_nomm_44 - my_run - INFO - Estimated time left: 7 hours, 7 minutes, 30 seconds. Time passed: 16 hours, 10 minutes, 9 seconds
2026-08-01 12:25:03,658 - my_experiment - advP_EC_op_nomm_44 - my_run - INFO - Recent Stats | t_env:    3550000 | Episode:    17750
ep_length_mean:          200.0000	episode_length_mean:     199.0000	epsilon:                   0.0500	grad_norm:               1689376.2500
info_nce_loss:             0.2028	loss:                    9056.9900	q_loss:                  8233.6272	q_taken_mean:            224.7287
return_mean:              97.3980	return_std:                9.0221	target_mean:             223.6090	td_error_abs:             69.7158
test_ep_length_mean:     200.0000	test_episode_length_mean:199.0000	test_return_mean:        113.0669	test_return_std:          11.2903

2026-08-01 12:25:06,301 - my_experiment - advP_EC_op_nomm_44 - my_run - INFO - t_env: 3550200 / 5050000
2026-08-01 12:25:06,303 - my_experiment - advP_EC_op_nomm_44 - my_run - INFO - Estimated time left: 6 hours, 54 minutes, 35 seconds. Time passed: 16 hours, 23 minutes, 58 seconds
2026-08-01 12:38:52,333 - my_experiment - advP_EC_op_nomm_44 - my_run - INFO - Recent Stats | t_env:    3600000 | Episode:    18000
ep_length_mean:          200.0000	episode_length_mean:     199.0000	epsilon:                   0.0500	grad_norm:               1775677.6000
info_nce_loss:             0.2240	loss:                    10590.1143	q_loss:                  9627.3768	q_taken_mean:            223.0215
return_mean:             100.3724	return_std:               10.2086	target_mean:             224.0211	td_error_abs:             74.7418
test_ep_length_mean:     200.0000	test_episode_length_mean:199.0000	test_return_mean:        112.7535	test_return_std:          11.0323

2026-08-01 12:38:54,864 - my_experiment - advP_EC_op_nomm_44 - my_run - INFO - t_env: 3600200 / 5050000
2026-08-01 12:38:54,865 - my_experiment - advP_EC_op_nomm_44 - my_run - INFO - Estimated time left: 6 hours, 40 minutes, 24 seconds. Time passed: 16 hours, 37 minutes, 47 seconds
2026-08-01 12:42:05,562 - my_experiment - advP_EC_op_nomm_44 - my_run - INFO - Saving models to work_dirs/my_experiment/advP_EC_op_nomm_44/my_run/20260731_200101/models/3600200
2026-08-01 12:52:37,764 - my_experiment - advP_EC_op_nomm_44 - my_run - INFO - Recent Stats | t_env:    3650000 | Episode:    18250
ep_length_mean:          200.0000	episode_length_mean:     199.0000	epsilon:                   0.0500	grad_norm:               3064493.7750
info_nce_loss:             0.1952	loss:                    17487.0439	q_loss:                  15897.3124	q_taken_mean:            226.7402
return_mean:              98.8415	return_std:                9.3316	target_mean:             224.0599	td_error_abs:             95.8379
test_ep_length_mean:     200.0000	test_episode_length_mean:199.0000	test_return_mean:        114.5046	test_return_std:          11.0606

2026-08-01 12:52:40,303 - my_experiment - advP_EC_op_nomm_44 - my_run - INFO - t_env: 3650200 / 5050000
2026-08-01 12:52:40,304 - my_experiment - advP_EC_op_nomm_44 - my_run - INFO - Estimated time left: 6 hours, 25 minutes, 8 seconds. Time passed: 16 hours, 51 minutes, 32 seconds
2026-08-01 13:06:26,214 - my_experiment - advP_EC_op_nomm_44 - my_run - INFO - Recent Stats | t_env:    3700000 | Episode:    18500
ep_length_mean:          200.0000	episode_length_mean:     199.0000	epsilon:                   0.0500	grad_norm:               2415896.0250
info_nce_loss:             0.3130	loss:                    12094.9315	q_loss:                  10995.3924	q_taken_mean:            223.4854
return_mean:              96.9989	return_std:                9.7714	target_mean:             221.9962	td_error_abs:             77.4310
test_ep_length_mean:     200.0000	test_episode_length_mean:199.0000	test_return_mean:        115.5680	test_return_std:          10.9537

2026-08-01 13:06:28,767 - my_experiment - advP_EC_op_nomm_44 - my_run - INFO - t_env: 3700200 / 5050000
2026-08-01 13:06:28,768 - my_experiment - advP_EC_op_nomm_44 - my_run - INFO - Estimated time left: 6 hours, 12 minutes, 45 seconds. Time passed: 17 hours, 5 minutes, 21 seconds
2026-08-01 13:20:12,918 - my_experiment - advP_EC_op_nomm_44 - my_run - INFO - Recent Stats | t_env:    3750000 | Episode:    18750
ep_length_mean:          200.0000	episode_length_mean:     199.0000	epsilon:                   0.0500	grad_norm:               4960228.6813
info_nce_loss:             0.2917	loss:                    25937.6794	q_loss:                  23579.7080	q_taken_mean:            220.0757
return_mean:              99.4552	return_std:               10.7614	target_mean:             219.3134	td_error_abs:             93.7478
test_ep_length_mean:     200.0000	test_episode_length_mean:199.0000	test_return_mean:        114.1703	test_return_std:          10.7032

2026-08-01 13:20:15,484 - my_experiment - advP_EC_op_nomm_44 - my_run - INFO - t_env: 3750200 / 5050000
2026-08-01 13:20:15,485 - my_experiment - advP_EC_op_nomm_44 - my_run - INFO - Estimated time left: 5 hours, 58 minutes, 11 seconds. Time passed: 17 hours, 19 minutes, 8 seconds
2026-08-01 13:34:00,809 - my_experiment - advP_EC_op_nomm_44 - my_run - INFO - Recent Stats | t_env:    3800000 | Episode:    19000
ep_length_mean:          200.0000	episode_length_mean:     199.0000	epsilon:                   0.0500	grad_norm:               1698030.0750
info_nce_loss:             0.3729	loss:                    7588.1432	q_loss:                  6898.3118	q_taken_mean:            214.0400
return_mean:              97.5060	return_std:                9.6419	target_mean:             213.1093	td_error_abs:             60.9763
test_ep_length_mean:     200.0000	test_episode_length_mean:199.0000	test_return_mean:        113.4578	test_return_std:          10.5062

2026-08-01 13:34:03,362 - my_experiment - advP_EC_op_nomm_44 - my_run - INFO - t_env: 3800200 / 5050000
2026-08-01 13:34:03,363 - my_experiment - advP_EC_op_nomm_44 - my_run - INFO - Estimated time left: 5 hours, 44 minutes, 53 seconds. Time passed: 17 hours, 32 minutes, 56 seconds
2026-08-01 13:37:14,713 - my_experiment - advP_EC_op_nomm_44 - my_run - INFO - Saving models to work_dirs/my_experiment/advP_EC_op_nomm_44/my_run/20260731_200101/models/3800200
2026-08-01 13:47:50,206 - my_experiment - advP_EC_op_nomm_44 - my_run - INFO - Recent Stats | t_env:    3850000 | Episode:    19250
ep_length_mean:          200.0000	episode_length_mean:     199.0000	epsilon:                   0.0500	grad_norm:               3402467.8500
info_nce_loss:             0.3505	loss:                    16796.1924	q_loss:                  15269.2658	q_taken_mean:            208.2602
return_mean:             103.6318	return_std:                9.1598	target_mean:             209.6892	td_error_abs:             78.5964
test_ep_length_mean:     200.0000	test_episode_length_mean:199.0000	test_return_mean:        113.6263	test_return_std:          10.6021

2026-08-01 13:47:52,769 - my_experiment - advP_EC_op_nomm_44 - my_run - INFO - t_env: 3850200 / 5050000
2026-08-01 13:47:52,770 - my_experiment - advP_EC_op_nomm_44 - my_run - INFO - Estimated time left: 5 hours, 31 minutes, 42 seconds. Time passed: 17 hours, 46 minutes, 45 seconds
2026-08-01 14:01:35,121 - my_experiment - advP_EC_op_nomm_44 - my_run - INFO - Recent Stats | t_env:    3900000 | Episode:    19500
ep_length_mean:          200.0000	episode_length_mean:     199.0000	epsilon:                   0.0500	grad_norm:               1901592.1500
info_nce_loss:             0.3590	loss:                    11602.8452	q_loss:                  10548.0410	q_taken_mean:            207.7099
return_mean:              92.6286	return_std:               13.3450	target_mean:             207.5825	td_error_abs:             77.0415
test_ep_length_mean:     200.0000	test_episode_length_mean:199.0000	test_return_mean:        105.6124	test_return_std:          11.1526

2026-08-01 14:01:37,626 - my_experiment - advP_EC_op_nomm_44 - my_run - INFO - t_env: 3900200 / 5050000
2026-08-01 14:01:37,627 - my_experiment - advP_EC_op_nomm_44 - my_run - INFO - Estimated time left: 5 hours, 16 minutes, 8 seconds. Time passed: 18 hours, 30 seconds
2026-08-01 14:15:21,408 - my_experiment - advP_EC_op_nomm_44 - my_run - INFO - Recent Stats | t_env:    3950000 | Episode:    19750
ep_length_mean:          200.0000	episode_length_mean:     199.0000	epsilon:                   0.0500	grad_norm:               1109249.6562
info_nce_loss:             0.2452	loss:                    5861.6931	q_loss:                  5328.8119	q_taken_mean:            206.1701
return_mean:              99.1708	return_std:               10.8805	target_mean:             205.9105	td_error_abs:             54.5693
test_ep_length_mean:     200.0000	test_episode_length_mean:199.0000	test_return_mean:        107.3336	test_return_std:          10.6930

2026-08-01 14:15:23,951 - my_experiment - advP_EC_op_nomm_44 - my_run - INFO - t_env: 3950200 / 5050000
2026-08-01 14:15:23,952 - my_experiment - advP_EC_op_nomm_44 - my_run - INFO - Estimated time left: 5 hours, 2 minutes, 55 seconds. Time passed: 18 hours, 14 minutes, 16 seconds
2026-08-01 14:29:08,857 - my_experiment - advP_EC_op_nomm_44 - my_run - INFO - Recent Stats | t_env:    4000000 | Episode:    20000
ep_length_mean:          200.0000	episode_length_mean:     199.0000	epsilon:                   0.0500	grad_norm:               1520868.1500
info_nce_loss:             0.2360	loss:                    7838.4308	q_loss:                  7125.8461	q_taken_mean:            204.2089
return_mean:             104.1544	return_std:               11.1042	target_mean:             204.6346	td_error_abs:             57.4679
test_ep_length_mean:     200.0000	test_episode_length_mean:199.0000	test_return_mean:        109.8577	test_return_std:          10.6273

2026-08-01 14:29:11,422 - my_experiment - advP_EC_op_nomm_44 - my_run - INFO - t_env: 4000200 / 5050000
2026-08-01 14:29:11,423 - my_experiment - advP_EC_op_nomm_44 - my_run - INFO - Estimated time left: 4 hours, 49 minutes, 33 seconds. Time passed: 18 hours, 28 minutes, 4 seconds
2026-08-01 14:32:23,089 - my_experiment - advP_EC_op_nomm_44 - my_run - INFO - Saving models to work_dirs/my_experiment/advP_EC_op_nomm_44/my_run/20260731_200101/models/4000200
2026-08-01 14:42:58,853 - my_experiment - advP_EC_op_nomm_44 - my_run - INFO - Recent Stats | t_env:    4050000 | Episode:    20250
ep_length_mean:          200.0000	episode_length_mean:     199.0000	epsilon:                   0.0500	grad_norm:               740138.7188
info_nce_loss:             0.2737	loss:                    4807.8217	q_loss:                  4370.7469	q_taken_mean:            204.8782
return_mean:             108.4561	return_std:                9.3400	target_mean:             204.7636	td_error_abs:             49.3304
test_ep_length_mean:     200.0000	test_episode_length_mean:199.0000	test_return_mean:        111.7236	test_return_std:          10.6993

2026-08-01 14:43:01,465 - my_experiment - advP_EC_op_nomm_44 - my_run - INFO - t_env: 4050200 / 5050000
2026-08-01 14:43:01,466 - my_experiment - advP_EC_op_nomm_44 - my_run - INFO - Estimated time left: 4 hours, 36 minutes, 37 seconds. Time passed: 18 hours, 41 minutes, 54 seconds
2026-08-01 14:56:47,024 - my_experiment - advP_EC_op_nomm_44 - my_run - INFO - Recent Stats | t_env:    4100000 | Episode:    20500
ep_length_mean:          200.0000	episode_length_mean:     199.0000	epsilon:                   0.0500	grad_norm:               995067.4750
info_nce_loss:             0.3948	loss:                    6156.5069	q_loss:                  5596.8244	q_taken_mean:            204.9179
return_mean:             107.0094	return_std:                8.0875	target_mean:             204.7799	td_error_abs:             56.3061
test_ep_length_mean:     200.0000	test_episode_length_mean:199.0000	test_return_mean:        113.1754	test_return_std:          10.6290

2026-08-01 14:56:49,572 - my_experiment - advP_EC_op_nomm_44 - my_run - INFO - t_env: 4100200 / 5050000
2026-08-01 14:56:49,573 - my_experiment - advP_EC_op_nomm_44 - my_run - INFO - Estimated time left: 4 hours, 22 minutes, 10 seconds. Time passed: 18 hours, 55 minutes, 42 seconds
2026-08-01 15:10:33,748 - my_experiment - advP_EC_op_nomm_44 - my_run - INFO - Recent Stats | t_env:    4150000 | Episode:    20750
ep_length_mean:          200.0000	episode_length_mean:     199.0000	epsilon:                   0.0500	grad_norm:               1004014.5500
info_nce_loss:             0.2589	loss:                    6348.3916	q_loss:                  5771.2651	q_taken_mean:            205.6028
return_mean:             105.8958	return_std:                9.4517	target_mean:             205.9163	td_error_abs:             59.0226
test_ep_length_mean:     200.0000	test_episode_length_mean:199.0000	test_return_mean:        123.6117	test_return_std:           9.6793

2026-08-01 15:10:36,277 - my_experiment - advP_EC_op_nomm_44 - my_run - INFO - t_env: 4150200 / 5050000
2026-08-01 15:10:36,278 - my_experiment - advP_EC_op_nomm_44 - my_run - INFO - Estimated time left: 4 hours, 7 minutes, 57 seconds. Time passed: 19 hours, 9 minutes, 28 seconds
2026-08-01 15:24:17,780 - my_experiment - advP_EC_op_nomm_44 - my_run - INFO - Recent Stats | t_env:    4200000 | Episode:    21000
ep_length_mean:          200.0000	episode_length_mean:     199.0000	epsilon:                   0.0500	grad_norm:               960213.4625
info_nce_loss:             0.3370	loss:                    5562.7761	q_loss:                  5057.0691	q_taken_mean:            205.9834
return_mean:             105.7423	return_std:                9.6044	target_mean:             205.7639	td_error_abs:             52.7881
test_ep_length_mean:     200.0000	test_episode_length_mean:199.0000	test_return_mean:        124.7716	test_return_std:           9.5473

2026-08-01 15:24:20,316 - my_experiment - advP_EC_op_nomm_44 - my_run - INFO - t_env: 4200200 / 5050000
2026-08-01 15:24:20,317 - my_experiment - advP_EC_op_nomm_44 - my_run - INFO - Estimated time left: 3 hours, 53 minutes, 25 seconds. Time passed: 19 hours, 23 minutes, 12 seconds
2026-08-01 15:27:32,024 - my_experiment - advP_EC_op_nomm_44 - my_run - INFO - Saving models to work_dirs/my_experiment/advP_EC_op_nomm_44/my_run/20260731_200101/models/4200200
2026-08-01 15:38:05,819 - my_experiment - advP_EC_op_nomm_44 - my_run - INFO - Recent Stats | t_env:    4250000 | Episode:    21250
ep_length_mean:          200.0000	episode_length_mean:     199.0000	epsilon:                   0.0500	grad_norm:               945927.9250
info_nce_loss:             0.4303	loss:                    4811.6348	q_loss:                  4374.2135	q_taken_mean:            206.1120
return_mean:             106.9411	return_std:                8.7709	target_mean:             204.8868	td_error_abs:             48.9500
test_ep_length_mean:     200.0000	test_episode_length_mean:199.0000	test_return_mean:        126.4388	test_return_std:           9.4860

2026-08-01 15:38:08,343 - my_experiment - advP_EC_op_nomm_44 - my_run - INFO - t_env: 4250200 / 5050000
2026-08-01 15:38:08,344 - my_experiment - advP_EC_op_nomm_44 - my_run - INFO - Estimated time left: 3 hours, 40 minutes, 45 seconds. Time passed: 19 hours, 37 minutes, 1 seconds
2026-08-01 15:51:57,349 - my_experiment - advP_EC_op_nomm_44 - my_run - INFO - Recent Stats | t_env:    4300000 | Episode:    21500
ep_length_mean:          200.0000	episode_length_mean:     199.0000	epsilon:                   0.0500	grad_norm:               1147372.2250
info_nce_loss:             0.3814	loss:                    6672.4823	q_loss:                  6065.8929	q_taken_mean:            206.5010
return_mean:             109.1713	return_std:                9.1008	target_mean:             206.7630	td_error_abs:             56.0159
test_ep_length_mean:     200.0000	test_episode_length_mean:199.0000	test_return_mean:        126.7100	test_return_std:           9.2671

2026-08-01 15:51:59,864 - my_experiment - advP_EC_op_nomm_44 - my_run - INFO - t_env: 4300200 / 5050000
2026-08-01 15:51:59,865 - my_experiment - advP_EC_op_nomm_44 - my_run - INFO - Estimated time left: 3 hours, 27 minutes, 49 seconds. Time passed: 19 hours, 50 minutes, 52 seconds
2026-08-01 16:05:43,042 - my_experiment - advP_EC_op_nomm_44 - my_run - INFO - Recent Stats | t_env:    4350000 | Episode:    21750
ep_length_mean:          200.0000	episode_length_mean:     199.0000	epsilon:                   0.0500	grad_norm:               642431.1125
info_nce_loss:             0.2432	loss:                    4457.7506	q_loss:                  4052.5006	q_taken_mean:            205.9354
return_mean:             107.1634	return_std:                9.3179	target_mean:             206.2148	td_error_abs:             46.7012
test_ep_length_mean:     200.0000	test_episode_length_mean:199.0000	test_return_mean:        126.5829	test_return_std:           9.1393

2026-08-01 16:05:45,617 - my_experiment - advP_EC_op_nomm_44 - my_run - INFO - t_env: 4350200 / 5050000
2026-08-01 16:05:45,618 - my_experiment - advP_EC_op_nomm_44 - my_run - INFO - Estimated time left: 3 hours, 12 minutes, 37 seconds. Time passed: 20 hours, 4 minutes, 38 seconds
2026-08-01 16:19:17,038 - my_experiment - advP_EC_op_nomm_44 - my_run - INFO - Recent Stats | t_env:    4400000 | Episode:    22000
ep_length_mean:          200.0000	episode_length_mean:     199.0000	epsilon:                   0.0500	grad_norm:               1018081.4563
info_nce_loss:             0.2783	loss:                    5946.0827	q_loss:                  5405.5297	q_taken_mean:            204.8156
return_mean:             109.3994	return_std:                9.2490	target_mean:             205.5410	td_error_abs:             53.2542
test_ep_length_mean:     200.0000	test_episode_length_mean:199.0000	test_return_mean:        124.6839	test_return_std:           9.3956

2026-08-01 16:19:19,525 - my_experiment - advP_EC_op_nomm_44 - my_run - INFO - t_env: 4400200 / 5050000
2026-08-01 16:19:19,526 - my_experiment - advP_EC_op_nomm_44 - my_run - INFO - Estimated time left: 2 hours, 56 minutes, 17 seconds. Time passed: 20 hours, 18 minutes, 12 seconds
2026-08-01 16:22:23,772 - my_experiment - advP_EC_op_nomm_44 - my_run - INFO - Saving models to work_dirs/my_experiment/advP_EC_op_nomm_44/my_run/20260731_200101/models/4400200
2026-08-01 16:32:34,681 - my_experiment - advP_EC_op_nomm_44 - my_run - INFO - Recent Stats | t_env:    4450000 | Episode:    22250
ep_length_mean:          200.0000	episode_length_mean:     199.0000	epsilon:                   0.0500	grad_norm:               681567.6719
info_nce_loss:             0.4817	loss:                    4850.9060	q_loss:                  4409.9146	q_taken_mean:            202.5336
return_mean:             111.0920	return_std:                8.6169	target_mean:             201.6747	td_error_abs:             48.7527
test_ep_length_mean:     200.0000	test_episode_length_mean:199.0000	test_return_mean:        125.7702	test_return_std:           9.3610

2026-08-01 16:32:37,141 - my_experiment - advP_EC_op_nomm_44 - my_run - INFO - t_env: 4450200 / 5050000
2026-08-01 16:32:37,142 - my_experiment - advP_EC_op_nomm_44 - my_run - INFO - Estimated time left: 2 hours, 39 minutes, 28 seconds. Time passed: 20 hours, 31 minutes, 29 seconds
2026-08-01 16:45:52,124 - my_experiment - advP_EC_op_nomm_44 - my_run - INFO - Recent Stats | t_env:    4500000 | Episode:    22500
ep_length_mean:          200.0000	episode_length_mean:     199.0000	epsilon:                   0.0500	grad_norm:               1211154.8250
info_nce_loss:             0.5741	loss:                    5980.3586	q_loss:                  5436.6897	q_taken_mean:            198.7882
return_mean:             110.8860	return_std:                8.6495	target_mean:             198.3301	td_error_abs:             54.0153
test_ep_length_mean:     200.0000	test_episode_length_mean:199.0000	test_return_mean:        124.5906	test_return_std:           9.4083

2026-08-01 16:45:54,587 - my_experiment - advP_EC_op_nomm_44 - my_run - INFO - t_env: 4500200 / 5050000
2026-08-01 16:45:54,587 - my_experiment - advP_EC_op_nomm_44 - my_run - INFO - Estimated time left: 2 hours, 26 minutes, 8 seconds. Time passed: 20 hours, 44 minutes, 47 seconds
2026-08-01 16:59:09,952 - my_experiment - advP_EC_op_nomm_44 - my_run - INFO - Recent Stats | t_env:    4550000 | Episode:    22750
ep_length_mean:          200.0000	episode_length_mean:     199.0000	epsilon:                   0.0500	grad_norm:               851548.6125
info_nce_loss:             0.2643	loss:                    4872.4448	q_loss:                  4429.4954	q_taken_mean:            195.5533
return_mean:             112.1265	return_std:                7.8943	target_mean:             196.0820	td_error_abs:             49.8801
test_ep_length_mean:     200.0000	test_episode_length_mean:199.0000	test_return_mean:        124.9684	test_return_std:           9.5541

2026-08-01 16:59:12,510 - my_experiment - advP_EC_op_nomm_44 - my_run - INFO - t_env: 4550200 / 5050000
2026-08-01 16:59:12,511 - my_experiment - advP_EC_op_nomm_44 - my_run - INFO - Estimated time left: 2 hours, 12 minutes, 56 seconds. Time passed: 20 hours, 58 minutes, 5 seconds
2026-08-01 17:12:27,596 - my_experiment - advP_EC_op_nomm_44 - my_run - INFO - Recent Stats | t_env:    4600000 | Episode:    23000
ep_length_mean:          200.0000	episode_length_mean:     199.0000	epsilon:                   0.0500	grad_norm:               928122.3750
info_nce_loss:             0.2348	loss:                    4751.6382	q_loss:                  4319.6711	q_taken_mean:            194.4437
return_mean:             114.2431	return_std:                8.3313	target_mean:             194.1121	td_error_abs:             47.4656
test_ep_length_mean:     200.0000	test_episode_length_mean:199.0000	test_return_mean:        125.3526	test_return_std:           9.7335

2026-08-01 17:12:30,064 - my_experiment - advP_EC_op_nomm_44 - my_run - INFO - t_env: 4600200 / 5050000
2026-08-01 17:12:30,065 - my_experiment - advP_EC_op_nomm_44 - my_run - INFO - Estimated time left: 1 hours, 59 minutes, 34 seconds. Time passed: 21 hours, 11 minutes, 22 seconds
2026-08-01 17:15:34,511 - my_experiment - advP_EC_op_nomm_44 - my_run - INFO - Saving models to work_dirs/my_experiment/advP_EC_op_nomm_44/my_run/20260731_200101/models/4600200
2026-08-01 17:26:01,122 - my_experiment - advP_EC_op_nomm_44 - my_run - INFO - Recent Stats | t_env:    4650000 | Episode:    23250
ep_length_mean:          200.0000	episode_length_mean:     199.0000	epsilon:                   0.0500	grad_norm:               858858.2875
info_nce_loss:             0.3800	loss:                    3839.6136	q_loss:                  3490.5579	q_taken_mean:            191.5253
return_mean:             113.9515	return_std:                8.5450	target_mean:             191.0900	td_error_abs:             42.6496
test_ep_length_mean:     200.0000	test_episode_length_mean:199.0000	test_return_mean:        127.6747	test_return_std:           9.5732

2026-08-01 17:26:03,586 - my_experiment - advP_EC_op_nomm_44 - my_run - INFO - t_env: 4650200 / 5050000
2026-08-01 17:26:03,587 - my_experiment - advP_EC_op_nomm_44 - my_run - INFO - Estimated time left: 1 hours, 48 minutes, 24 seconds. Time passed: 21 hours, 24 minutes, 56 seconds
2026-08-01 17:39:19,275 - my_experiment - advP_EC_op_nomm_44 - my_run - INFO - Recent Stats | t_env:    4700000 | Episode:    23500
ep_length_mean:          200.0000	episode_length_mean:     199.0000	epsilon:                   0.0500	grad_norm:               709357.7312
info_nce_loss:             0.4079	loss:                    3263.8891	q_loss:                  2967.1719	q_taken_mean:            188.2912
return_mean:             113.2288	return_std:                7.9588	target_mean:             188.5882	td_error_abs:             39.5147
test_ep_length_mean:     200.0000	test_episode_length_mean:199.0000	test_return_mean:        127.4456	test_return_std:           9.1881

2026-08-01 17:39:21,786 - my_experiment - advP_EC_op_nomm_44 - my_run - INFO - t_env: 4700200 / 5050000
2026-08-01 17:39:21,787 - my_experiment - advP_EC_op_nomm_44 - my_run - INFO - Estimated time left: 1 hours, 33 minutes, 4 seconds. Time passed: 21 hours, 38 minutes, 14 seconds
2026-08-01 17:52:37,942 - my_experiment - advP_EC_op_nomm_44 - my_run - INFO - Recent Stats | t_env:    4750000 | Episode:    23750
ep_length_mean:          200.0000	episode_length_mean:     199.0000	epsilon:                   0.0500	grad_norm:               806127.3500
info_nce_loss:             0.2373	loss:                    3643.5063	q_loss:                  3312.2784	q_taken_mean:            190.1701
return_mean:             114.3046	return_std:                7.8726	target_mean:             189.8456	td_error_abs:             41.9341
test_ep_length_mean:     200.0000	test_episode_length_mean:199.0000	test_return_mean:        128.3201	test_return_std:           9.3334

2026-08-01 17:52:40,492 - my_experiment - advP_EC_op_nomm_44 - my_run - INFO - t_env: 4750200 / 5050000
2026-08-01 17:52:40,493 - my_experiment - advP_EC_op_nomm_44 - my_run - INFO - Estimated time left: 1 hours, 19 minutes, 49 seconds. Time passed: 21 hours, 51 minutes, 33 seconds
2026-08-01 18:05:54,264 - my_experiment - advP_EC_op_nomm_44 - my_run - INFO - Recent Stats | t_env:    4800000 | Episode:    24000
ep_length_mean:          200.0000	episode_length_mean:     199.0000	epsilon:                   0.0500	grad_norm:               623662.9437
info_nce_loss:             0.3744	loss:                    3200.5545	q_loss:                  2909.5951	q_taken_mean:            188.3203
return_mean:             113.6887	return_std:                8.3532	target_mean:             187.8716	td_error_abs:             38.7411
test_ep_length_mean:     200.0000	test_episode_length_mean:199.0000	test_return_mean:        128.9843	test_return_std:           9.4492

2026-08-01 18:05:56,729 - my_experiment - advP_EC_op_nomm_44 - my_run - INFO - t_env: 4800200 / 5050000
2026-08-01 18:05:56,730 - my_experiment - advP_EC_op_nomm_44 - my_run - INFO - Estimated time left: 1 hours, 6 minutes, 17 seconds. Time passed: 22 hours, 4 minutes, 49 seconds
2026-08-01 18:09:01,107 - my_experiment - advP_EC_op_nomm_44 - my_run - INFO - Saving models to work_dirs/my_experiment/advP_EC_op_nomm_44/my_run/20260731_200101/models/4800200
2026-08-01 18:19:11,400 - my_experiment - advP_EC_op_nomm_44 - my_run - INFO - Recent Stats | t_env:    4850000 | Episode:    24250
ep_length_mean:          200.0000	episode_length_mean:     199.0000	epsilon:                   0.0500	grad_norm:               812803.6125
info_nce_loss:             0.1825	loss:                    3570.4328	q_loss:                  3245.8479	q_taken_mean:            187.0637
return_mean:             114.6830	return_std:                8.6348	target_mean:             186.7170	td_error_abs:             40.8210
test_ep_length_mean:     200.0000	test_episode_length_mean:199.0000	test_return_mean:        129.6492	test_return_std:           9.0784

2026-08-01 18:19:13,858 - my_experiment - advP_EC_op_nomm_44 - my_run - INFO - t_env: 4850200 / 5050000
2026-08-01 18:19:13,859 - my_experiment - advP_EC_op_nomm_44 - my_run - INFO - Estimated time left: 53 minutes, 5 seconds. Time passed: 22 hours, 18 minutes, 6 seconds
2026-08-01 18:32:28,745 - my_experiment - advP_EC_op_nomm_44 - my_run - INFO - Recent Stats | t_env:    4900000 | Episode:    24500
ep_length_mean:          200.0000	episode_length_mean:     199.0000	epsilon:                   0.0500	grad_norm:               776946.2875
info_nce_loss:             0.2771	loss:                    3217.1228	q_loss:                  2924.6571	q_taken_mean:            186.5784
return_mean:             116.2503	return_std:                8.0845	target_mean:             186.6250	td_error_abs:             38.7461
test_ep_length_mean:     200.0000	test_episode_length_mean:199.0000	test_return_mean:        130.1135	test_return_std:           9.0887

2026-08-01 18:32:31,206 - my_experiment - advP_EC_op_nomm_44 - my_run - INFO - t_env: 4900200 / 5050000
2026-08-01 18:32:31,207 - my_experiment - advP_EC_op_nomm_44 - my_run - INFO - Estimated time left: 39 minutes, 48 seconds. Time passed: 22 hours, 31 minutes, 23 seconds
2026-08-01 18:45:46,803 - my_experiment - advP_EC_op_nomm_44 - my_run - INFO - Recent Stats | t_env:    4950000 | Episode:    24750
ep_length_mean:          200.0000	episode_length_mean:     199.0000	epsilon:                   0.0500	grad_norm:               783314.5000
info_nce_loss:             0.2711	loss:                    3132.8879	q_loss:                  2848.0799	q_taken_mean:            185.6739
return_mean:             115.7253	return_std:                7.6491	target_mean:             185.3225	td_error_abs:             38.3625
test_ep_length_mean:     200.0000	test_episode_length_mean:199.0000	test_return_mean:        129.8931	test_return_std:           9.4961

2026-08-01 18:45:49,265 - my_experiment - advP_EC_op_nomm_44 - my_run - INFO - t_env: 4950200 / 5050000
2026-08-01 18:45:49,266 - my_experiment - advP_EC_op_nomm_44 - my_run - INFO - Estimated time left: 26 minutes, 32 seconds. Time passed: 22 hours, 44 minutes, 41 seconds
2026-08-01 18:59:04,535 - my_experiment - advP_EC_op_nomm_44 - my_run - INFO - Recent Stats | t_env:    5000000 | Episode:    25000
ep_length_mean:          200.0000	episode_length_mean:     199.0000	epsilon:                   0.0500	grad_norm:               1129331.1250
info_nce_loss:             0.2695	loss:                    4939.4970	q_loss:                  4490.4519	q_taken_mean:            184.0754
return_mean:             114.3992	return_std:                8.1969	target_mean:             183.5692	td_error_abs:             48.5147
test_ep_length_mean:     200.0000	test_episode_length_mean:199.0000	test_return_mean:        130.1309	test_return_std:           9.3393

2026-08-01 18:59:07,049 - my_experiment - advP_EC_op_nomm_44 - my_run - INFO - t_env: 5000200 / 5050000
2026-08-01 18:59:07,049 - my_experiment - advP_EC_op_nomm_44 - my_run - INFO - Estimated time left: 13 minutes, 14 seconds. Time passed: 22 hours, 57 minutes, 59 seconds
2026-08-01 19:02:11,725 - my_experiment - advP_EC_op_nomm_44 - my_run - INFO - Saving models to work_dirs/my_experiment/advP_EC_op_nomm_44/my_run/20260731_200101/models/5000200
2026-08-01 19:12:22,449 - my_experiment - advP_EC_op_nomm_44 - my_run - INFO - Recent Stats | t_env:    5050000 | Episode:    25250
ep_length_mean:          200.0000	episode_length_mean:     199.0000	epsilon:                   0.0500	grad_norm:               1333014.4375
info_nce_loss:             0.4203	loss:                    6360.7547	q_loss:                  5782.5043	q_taken_mean:            181.4463
return_mean:             111.7037	return_std:                8.6559	target_mean:             181.0312	td_error_abs:             54.6331
test_ep_length_mean:     200.0000	test_episode_length_mean:199.0000	test_return_mean:        128.8346	test_return_std:           9.1671

2026-08-01 19:12:24,906 - my_experiment - advP_EC_op_nomm_44 - my_run - INFO - t_env: 5050200 / 5050000
2026-08-01 19:12:24,907 - my_experiment - advP_EC_op_nomm_44 - my_run - INFO - Estimated time left: -. Time passed: 23 hours, 11 minutes, 17 seconds
2026-08-01 19:15:29,431 - my_experiment - advP_EC_op_nomm_44 - my_run - INFO - Finished Training
