Gym has been unmaintained since 2022 and does not support NumPy 2.0 amongst other critical functionality.
Please upgrade to Gymnasium, the maintained drop-in replacement of Gym, or contact the authors of your software and request that they upgrade.
Users of this version of Gym should be able to simply replace 'import gym' with 'import gymnasium as gym' in the vast majority of cases.
See the migration guide at https://gymnasium.farama.org/introduction/migration_guide/ for additional information.
src/main.py:81: DeprecationWarning: Using or importing the ABCs from 'collections' instead of from 'collections.abc' is deprecated since Python 3.3, and in 3.10 it will stop working
  if isinstance(v, collections.Mapping):
wandb: [wandb.login()] Loaded credentials for https://api.wandb.ai from /home/pparsons/.netrc.
wandb: Currently logged in as: peterparsons02 (peterparsons02-eth-z-rich) to https://api.wandb.ai. Use `wandb login --relogin` to force relogin
wandb: setting up run bxn5lsgd
wandb: Tracking run with wandb version 0.24.1
wandb: Run data is saved locally in /usr/itetnas04/data-scratch-01/pparsons/data/MyExpoComm/wandb/run-20260606_205708-bxn5lsgd
wandb: Run `wandb offline` to turn off syncing.
wandb: Syncing run my_run-advP_IQL_RNN_5M_44-20260606_205707
wandb: ⭐️ View project at https://wandb.ai/peterparsons02-eth-z-rich/my_experiment
wandb: 🚀 View run at https://wandb.ai/peterparsons02-eth-z-rich/my_experiment/runs/bxn5lsgd
2026-06-06 20:57:09,566 - my_experiment - advP_IQL_RNN_5M_44 - my_run - INFO - Current directory: /usr/itetnas04/data-scratch-01/pparsons/data/MyExpoComm.
2026-06-06 20:57:09,567 - my_experiment - advP_IQL_RNN_5M_44 - my_run - INFO - Experiment Parameters:
2026-06-06 20:57:09,568 - my_experiment - advP_IQL_RNN_5M_44 - my_run - INFO - 

{   'action_selector': 'epsilon_greedy',
    'add_value_last_step': True,
    'agent': 'rnn',
    'agent_output_type': 'q',
    'batch_size': 32,
    'batch_size_run': 1,
    'buffer_cpu_only': True,
    'buffer_size': 2000,
    'checkpoint_path': '',
    'double_q': True,
    'env': 'MAgent_AdvPursuit',
    'env_args': {   'global_reward': True,
                    'map_name': 'adversarial_pursuit_view8',
                    'map_size': 45,
                    'max_cycles': 200,
                    'minimap_mode': True,
                    'pretrained_ckpt': 'prey_params.pt',
                    'seed': 44},
    'epsilon_anneal_time': 1000000,
    'epsilon_finish': 0.05,
    'epsilon_start': 1.0,
    'evaluate': False,
    'evaluation_epsilon': 0.0,
    'exp_name': 'my_experiment',
    'gamma': 0.99,
    'global_reward': True,
    'grad_norm_clip': 10,
    'hidden_dim': 64,
    'hypergroup': None,
    'label': 'default_label',
    'learner': 'q_learner',
    'learner_log_interval': 10000,
    'load_step': 0,
    'local_results_path': 'results',
    'log_interval': 50000,
    'lr': 0.0005,
    'mac': 'basic_mac',
    'mixer': None,
    'name': 'advP_IQL_RNN_5M_44',
    'obs_agent_id': True,
    'obs_individual_obs': False,
    'obs_last_action': True,
    'optim_alpha': 0.99,
    'optim_eps': 1e-05,
    'render': False,
    'repeat_id': 1,
    'run_name': 'my_run',
    'runner': 'episode',
    'runner_log_interval': 10000,
    'save_model': True,
    'save_model_interval': 200000,
    'save_replay': False,
    'seed': 44,
    'standardise_returns': False,
    'standardise_rewards': True,
    't_max': 5050000,
    'target_update_interval_or_tau': 200,
    'test_greedy': True,
    'test_interval': 50000,
    'test_nepisode': 100,
    'use_cuda': True,
    'use_rnn': True,
    'use_tensorboard': True,
    'work_dir': 'work_dirs/my_experiment/advP_IQL_RNN_5M_44/my_run/20260606_205707'}

/usr/itetnas04/data-scratch-01/pparsons/data/conda_envs/ExpoComm/lib/python3.8/site-packages/pettingzoo/utils/conversions.py:41: UserWarning: The `from_parallel` function is deprecated. Use the `parallel_to_aec` function instead.
  warnings.warn("The `from_parallel` function is deprecated. Use the `parallel_to_aec` function instead.")
/usr/itetnas04/data-scratch-01/pparsons/data/conda_envs/ExpoComm/lib/python3.8/site-packages/pettingzoo/utils/wrappers/base.py:44: UserWarning: The `observation_spaces` dictionary is deprecated. Use the `observation_space` function instead.
  warnings.warn("The `observation_spaces` dictionary is deprecated. Use the `observation_space` function instead.")
/usr/itetnas04/data-scratch-01/pparsons/data/conda_envs/ExpoComm/lib/python3.8/site-packages/pettingzoo/utils/conversions.py:36: UserWarning: The `to_parallel` function is deprecated. Use the `aec_to_parallel` function instead.
  warnings.warn("The `to_parallel` function is deprecated. Use the `aec_to_parallel` function instead.")
/usr/itetnas04/data-scratch-01/pparsons/data/conda_envs/ExpoComm/lib/python3.8/site-packages/pettingzoo/utils/conversions.py:80: UserWarning: The `action_spaces` dictionary is deprecated. Use the `action_space` function instead.
  warnings.warn("The `action_spaces` dictionary is deprecated. Use the `action_space` function instead.")
/usr/itetnas04/data-scratch-01/pparsons/data/conda_envs/ExpoComm/lib/python3.8/site-packages/pettingzoo/utils/wrappers/base.py:52: UserWarning: The `action_spaces` dictionary is deprecated. Use the `action_space` function instead.
  warnings.warn("The `action_spaces` dictionary is deprecated. Use the `action_space` function instead.")
/usr/itetnas04/data-scratch-01/pparsons/data/conda_envs/ExpoComm/lib/python3.8/site-packages/pettingzoo/utils/conversions.py:72: UserWarning: The `observation_spaces` dictionary is deprecated. Use the `observation_space` function instead.
  warnings.warn("The `observation_spaces` dictionary is deprecated. Use the `observation_space` function instead.")
2026-06-06 20:57:12,530 - my_experiment - advP_IQL_RNN_5M_44 - my_run - INFO - Beginning training for 5050000 timesteps
/usr/itetnas04/data-scratch-01/pparsons/data/MyExpoComm/src/envs/adv_pursuit_wrappers.py:240: UserWarning: To copy construct from a tensor, it is recommended to use sourceTensor.clone().detach() or sourceTensor.clone().detach().requires_grad_(True), rather than torch.tensor(sourceTensor).
  actions = th.tensor(actions, dtype=th.long)
2026-06-06 20:57:15,123 - my_experiment - advP_IQL_RNN_5M_44 - my_run - INFO - t_env: 200 / 5050000
2026-06-06 20:57:15,123 - my_experiment - advP_IQL_RNN_5M_44 - my_run - INFO - Estimated time left: 4 minutes, 20 seconds. Time passed: 2 seconds
2026-06-06 21:00:21,672 - my_experiment - advP_IQL_RNN_5M_44 - my_run - INFO - Saving models to work_dirs/my_experiment/advP_IQL_RNN_5M_44/my_run/20260606_205707/models/200
2026-06-06 21:09:03,417 - my_experiment - advP_IQL_RNN_5M_44 - my_run - INFO - Recent Stats | t_env:      50000 | Episode:      250
ep_length_mean:          200.0000	episode_length_mean:     199.0000	epsilon:                   0.9620	grad_norm:                 0.2444
loss:                      1.0198	q_taken_mean:             -0.0012	return_mean:             -21.4006	return_std:                0.9499
target_mean:               0.0027	td_error_abs:              0.7828	test_ep_length_mean:     200.0000	test_episode_length_mean:199.0000
test_return_mean:        -34.4974	test_return_std:           5.7685	
2026-06-06 21:09:05,556 - my_experiment - advP_IQL_RNN_5M_44 - my_run - INFO - t_env: 50200 / 5050000
2026-06-06 21:09:05,557 - my_experiment - advP_IQL_RNN_5M_44 - my_run - INFO - Estimated time left: 19 hours, 44 minutes, 0 seconds. Time passed: 11 minutes, 53 seconds
2026-06-06 21:21:03,507 - my_experiment - advP_IQL_RNN_5M_44 - my_run - INFO - Recent Stats | t_env:     100000 | Episode:      500
ep_length_mean:          200.0000	episode_length_mean:     199.0000	epsilon:                   0.9145	grad_norm:                 0.6392
loss:                      1.1072	q_taken_mean:              0.0145	return_mean:             -18.7214	return_std:                1.4045
target_mean:               0.0181	td_error_abs:              0.8175	test_ep_length_mean:     200.0000	test_episode_length_mean:199.0000
test_return_mean:          1.8003	test_return_std:           9.3219	
2026-06-06 21:21:05,656 - my_experiment - advP_IQL_RNN_5M_44 - my_run - INFO - t_env: 100200 / 5050000
2026-06-06 21:21:05,656 - my_experiment - advP_IQL_RNN_5M_44 - my_run - INFO - Estimated time left: 19 hours, 48 minutes, 6 seconds. Time passed: 23 minutes, 53 seconds
2026-06-06 21:33:04,283 - my_experiment - advP_IQL_RNN_5M_44 - my_run - INFO - Recent Stats | t_env:     150000 | Episode:      750
ep_length_mean:          200.0000	episode_length_mean:     199.0000	epsilon:                   0.8670	grad_norm:                 1.7820
loss:                      1.3927	q_taken_mean:              0.0462	return_mean:             -13.9177	return_std:                1.9724
target_mean:               0.0489	td_error_abs:              0.9148	test_ep_length_mean:     200.0000	test_episode_length_mean:199.0000
test_return_mean:         30.3164	test_return_std:          10.9812	
2026-06-06 21:33:06,433 - my_experiment - advP_IQL_RNN_5M_44 - my_run - INFO - t_env: 150200 / 5050000
2026-06-06 21:33:06,434 - my_experiment - advP_IQL_RNN_5M_44 - my_run - INFO - Estimated time left: 19 hours, 37 minutes, 13 seconds. Time passed: 35 minutes, 53 seconds
2026-06-06 21:45:05,884 - my_experiment - advP_IQL_RNN_5M_44 - my_run - INFO - Recent Stats | t_env:     200000 | Episode:     1000
ep_length_mean:          200.0000	episode_length_mean:     199.0000	epsilon:                   0.8195	grad_norm:                 3.0680
loss:                      1.6797	q_taken_mean:              0.0893	return_mean:              -8.7402	return_std:                2.3679
target_mean:               0.0986	td_error_abs:              0.9898	test_ep_length_mean:     200.0000	test_episode_length_mean:199.0000
test_return_mean:         48.2064	test_return_std:          12.0552	
2026-06-06 21:45:08,036 - my_experiment - advP_IQL_RNN_5M_44 - my_run - INFO - t_env: 200200 / 5050000
2026-06-06 21:45:08,037 - my_experiment - advP_IQL_RNN_5M_44 - my_run - INFO - Estimated time left: 19 hours, 26 minutes, 32 seconds. Time passed: 47 minutes, 55 seconds
2026-06-06 21:48:16,985 - my_experiment - advP_IQL_RNN_5M_44 - my_run - INFO - Saving models to work_dirs/my_experiment/advP_IQL_RNN_5M_44/my_run/20260606_205707/models/200200
2026-06-06 21:57:07,200 - my_experiment - advP_IQL_RNN_5M_44 - my_run - INFO - Recent Stats | t_env:     250000 | Episode:     1250
ep_length_mean:          200.0000	episode_length_mean:     199.0000	epsilon:                   0.7720	grad_norm:                16.7306
loss:                      2.2168	q_taken_mean:              0.1464	return_mean:              -4.3276	return_std:                2.7984
target_mean:               0.1652	td_error_abs:              1.1251	test_ep_length_mean:     200.0000	test_episode_length_mean:199.0000
test_return_mean:         56.9996	test_return_std:          12.7112	
2026-06-06 21:57:09,350 - my_experiment - advP_IQL_RNN_5M_44 - my_run - INFO - t_env: 250200 / 5050000
2026-06-06 21:57:09,351 - my_experiment - advP_IQL_RNN_5M_44 - my_run - INFO - Estimated time left: 19 hours, 14 minutes, 3 seconds. Time passed: 59 minutes, 56 seconds
2026-06-06 22:09:08,138 - my_experiment - advP_IQL_RNN_5M_44 - my_run - INFO - Recent Stats | t_env:     300000 | Episode:     1500
ep_length_mean:          200.0000	episode_length_mean:     199.0000	epsilon:                   0.7245	grad_norm:                18.1654
loss:                      1.8271	q_taken_mean:              0.2219	return_mean:              -0.1348	return_std:                3.0777
target_mean:               0.2331	td_error_abs:              1.0106	test_ep_length_mean:     200.0000	test_episode_length_mean:199.0000
test_return_mean:         76.2972	test_return_std:          15.0561	
2026-06-06 22:09:10,292 - my_experiment - advP_IQL_RNN_5M_44 - my_run - INFO - t_env: 300200 / 5050000
2026-06-06 22:09:10,292 - my_experiment - advP_IQL_RNN_5M_44 - my_run - INFO - Estimated time left: 19 hours, 1 minutes, 26 seconds. Time passed: 1 hours, 11 minutes, 57 seconds
2026-06-06 22:21:09,112 - my_experiment - advP_IQL_RNN_5M_44 - my_run - INFO - Recent Stats | t_env:     350000 | Episode:     1750
ep_length_mean:          200.0000	episode_length_mean:     199.0000	epsilon:                   0.6770	grad_norm:                22.2373
loss:                      1.8331	q_taken_mean:              0.2795	return_mean:               3.6017	return_std:                3.9396
target_mean:               0.2941	td_error_abs:              0.9666	test_ep_length_mean:     200.0000	test_episode_length_mean:199.0000
test_return_mean:         85.4545	test_return_std:          15.7763	
2026-06-06 22:21:11,263 - my_experiment - advP_IQL_RNN_5M_44 - my_run - INFO - t_env: 350200 / 5050000
2026-06-06 22:21:11,264 - my_experiment - advP_IQL_RNN_5M_44 - my_run - INFO - Estimated time left: 18 hours, 49 minutes, 28 seconds. Time passed: 1 hours, 23 minutes, 58 seconds
2026-06-06 22:33:10,389 - my_experiment - advP_IQL_RNN_5M_44 - my_run - INFO - Recent Stats | t_env:     400000 | Episode:     2000
ep_length_mean:          200.0000	episode_length_mean:     199.0000	epsilon:                   0.6295	grad_norm:                33.7308
loss:                      2.0749	q_taken_mean:              0.3506	return_mean:               8.0624	return_std:                4.3696
target_mean:               0.3651	td_error_abs:              1.0014	test_ep_length_mean:     200.0000	test_episode_length_mean:199.0000
test_return_mean:         84.5683	test_return_std:          16.1078	
2026-06-06 22:33:12,523 - my_experiment - advP_IQL_RNN_5M_44 - my_run - INFO - t_env: 400200 / 5050000
2026-06-06 22:33:12,523 - my_experiment - advP_IQL_RNN_5M_44 - my_run - INFO - Estimated time left: 18 hours, 37 minutes, 54 seconds. Time passed: 1 hours, 35 minutes, 59 seconds
2026-06-06 22:36:21,500 - my_experiment - advP_IQL_RNN_5M_44 - my_run - INFO - Saving models to work_dirs/my_experiment/advP_IQL_RNN_5M_44/my_run/20260606_205707/models/400200
2026-06-06 22:45:11,551 - my_experiment - advP_IQL_RNN_5M_44 - my_run - INFO - Recent Stats | t_env:     450000 | Episode:     2250
ep_length_mean:          200.0000	episode_length_mean:     199.0000	epsilon:                   0.5820	grad_norm:                42.3486
loss:                      2.6405	q_taken_mean:              0.4365	return_mean:              12.3251	return_std:                4.6241
target_mean:               0.4550	td_error_abs:              1.1145	test_ep_length_mean:     200.0000	test_episode_length_mean:199.0000
test_return_mean:         80.7399	test_return_std:          16.2147	
2026-06-06 22:45:13,702 - my_experiment - advP_IQL_RNN_5M_44 - my_run - INFO - t_env: 450200 / 5050000
2026-06-06 22:45:13,703 - my_experiment - advP_IQL_RNN_5M_44 - my_run - INFO - Estimated time left: 18 hours, 25 minutes, 45 seconds. Time passed: 1 hours, 48 minutes, 1 seconds
2026-06-06 22:57:12,322 - my_experiment - advP_IQL_RNN_5M_44 - my_run - INFO - Recent Stats | t_env:     500000 | Episode:     2500
ep_length_mean:          200.0000	episode_length_mean:     199.0000	epsilon:                   0.5345	grad_norm:                38.4491
loss:                      2.7088	q_taken_mean:              0.5689	return_mean:              15.9134	return_std:                5.3683
target_mean:               0.5807	td_error_abs:              1.0428	test_ep_length_mean:     200.0000	test_episode_length_mean:199.0000
test_return_mean:         69.5585	test_return_std:          16.0203	
2026-06-06 22:57:14,472 - my_experiment - advP_IQL_RNN_5M_44 - my_run - INFO - t_env: 500200 / 5050000
2026-06-06 22:57:14,472 - my_experiment - advP_IQL_RNN_5M_44 - my_run - INFO - Estimated time left: 18 hours, 13 minutes, 7 seconds. Time passed: 2 hours, 1 seconds
2026-06-06 23:09:13,914 - my_experiment - advP_IQL_RNN_5M_44 - my_run - INFO - Recent Stats | t_env:     550000 | Episode:     2750
ep_length_mean:          200.0000	episode_length_mean:     199.0000	epsilon:                   0.4870	grad_norm:                34.4594
loss:                      3.2633	q_taken_mean:              0.7154	return_mean:              18.1714	return_std:                5.6327
target_mean:               0.7273	td_error_abs:              1.0831	test_ep_length_mean:     200.0000	test_episode_length_mean:199.0000
test_return_mean:         69.2947	test_return_std:          15.2595	
2026-06-06 23:09:16,066 - my_experiment - advP_IQL_RNN_5M_44 - my_run - INFO - t_env: 550200 / 5050000
2026-06-06 23:09:16,066 - my_experiment - advP_IQL_RNN_5M_44 - my_run - INFO - Estimated time left: 18 hours, 2 minutes, 20 seconds. Time passed: 2 hours, 12 minutes, 3 seconds
2026-06-06 23:21:15,233 - my_experiment - advP_IQL_RNN_5M_44 - my_run - INFO - Recent Stats | t_env:     600000 | Episode:     3000
ep_length_mean:          200.0000	episode_length_mean:     199.0000	epsilon:                   0.4395	grad_norm:                48.4325
loss:                      3.6328	q_taken_mean:              0.8091	return_mean:              22.3461	return_std:                6.4800
target_mean:               0.8203	td_error_abs:              1.0729	test_ep_length_mean:     200.0000	test_episode_length_mean:199.0000
test_return_mean:         66.0247	test_return_std:          14.8770	
2026-06-06 23:21:17,379 - my_experiment - advP_IQL_RNN_5M_44 - my_run - INFO - t_env: 600200 / 5050000
2026-06-06 23:21:17,380 - my_experiment - advP_IQL_RNN_5M_44 - my_run - INFO - Estimated time left: 17 hours, 49 minutes, 54 seconds. Time passed: 2 hours, 24 minutes, 4 seconds
2026-06-06 23:24:26,319 - my_experiment - advP_IQL_RNN_5M_44 - my_run - INFO - Saving models to work_dirs/my_experiment/advP_IQL_RNN_5M_44/my_run/20260606_205707/models/600200
2026-06-06 23:33:16,914 - my_experiment - advP_IQL_RNN_5M_44 - my_run - INFO - Recent Stats | t_env:     650000 | Episode:     3250
ep_length_mean:          200.0000	episode_length_mean:     199.0000	epsilon:                   0.3920	grad_norm:                60.8866
loss:                      4.3638	q_taken_mean:              0.9030	return_mean:              26.3203	return_std:                6.5330
target_mean:               0.9234	td_error_abs:              1.1880	test_ep_length_mean:     200.0000	test_episode_length_mean:199.0000
test_return_mean:         64.2277	test_return_std:          14.4123	
2026-06-06 23:33:19,062 - my_experiment - advP_IQL_RNN_5M_44 - my_run - INFO - t_env: 650200 / 5050000
2026-06-06 23:33:19,063 - my_experiment - advP_IQL_RNN_5M_44 - my_run - INFO - Estimated time left: 17 hours, 38 minutes, 25 seconds. Time passed: 2 hours, 36 minutes, 6 seconds
2026-06-06 23:45:16,400 - my_experiment - advP_IQL_RNN_5M_44 - my_run - INFO - Recent Stats | t_env:     700000 | Episode:     3500
ep_length_mean:          200.0000	episode_length_mean:     199.0000	epsilon:                   0.3445	grad_norm:                33.2760
loss:                      4.2939	q_taken_mean:              0.9903	return_mean:              29.1552	return_std:                7.8085
target_mean:               1.0026	td_error_abs:              1.0432	test_ep_length_mean:     200.0000	test_episode_length_mean:199.0000
test_return_mean:         55.1858	test_return_std:          13.8675	
2026-06-06 23:45:18,545 - my_experiment - advP_IQL_RNN_5M_44 - my_run - INFO - t_env: 700200 / 5050000
2026-06-06 23:45:18,546 - my_experiment - advP_IQL_RNN_5M_44 - my_run - INFO - Estimated time left: 17 hours, 23 minutes, 12 seconds. Time passed: 2 hours, 48 minutes, 6 seconds
2026-06-06 23:57:14,959 - my_experiment - advP_IQL_RNN_5M_44 - my_run - INFO - Recent Stats | t_env:     750000 | Episode:     3750
ep_length_mean:          200.0000	episode_length_mean:     199.0000	epsilon:                   0.2970	grad_norm:                87.8684
loss:                      4.8168	q_taken_mean:              1.0614	return_mean:              33.0532	return_std:                7.6925
target_mean:               1.0797	td_error_abs:              1.1132	test_ep_length_mean:     200.0000	test_episode_length_mean:199.0000
test_return_mean:         57.7018	test_return_std:          13.5206	
2026-06-06 23:57:17,102 - my_experiment - advP_IQL_RNN_5M_44 - my_run - INFO - t_env: 750200 / 5050000
2026-06-06 23:57:17,103 - my_experiment - advP_IQL_RNN_5M_44 - my_run - INFO - Estimated time left: 17 hours, 9 minutes, 52 seconds. Time passed: 3 hours, 4 seconds
2026-06-07 00:09:12,933 - my_experiment - advP_IQL_RNN_5M_44 - my_run - INFO - Recent Stats | t_env:     800000 | Episode:     4000
ep_length_mean:          200.0000	episode_length_mean:     199.0000	epsilon:                   0.2495	grad_norm:                76.5820
loss:                      5.0126	q_taken_mean:              1.1323	return_mean:              36.9479	return_std:                8.4670
target_mean:               1.1463	td_error_abs:              1.0621	test_ep_length_mean:     200.0000	test_episode_length_mean:199.0000
test_return_mean:         58.3796	test_return_std:          13.6727	
2026-06-07 00:09:15,082 - my_experiment - advP_IQL_RNN_5M_44 - my_run - INFO - t_env: 800200 / 5050000
2026-06-07 00:09:15,083 - my_experiment - advP_IQL_RNN_5M_44 - my_run - INFO - Estimated time left: 16 hours, 57 minutes, 5 seconds. Time passed: 3 hours, 12 minutes, 2 seconds
2026-06-07 00:12:23,210 - my_experiment - advP_IQL_RNN_5M_44 - my_run - INFO - Saving models to work_dirs/my_experiment/advP_IQL_RNN_5M_44/my_run/20260606_205707/models/800200
2026-06-07 00:21:11,585 - my_experiment - advP_IQL_RNN_5M_44 - my_run - INFO - Recent Stats | t_env:     850000 | Episode:     4250
ep_length_mean:          200.0000	episode_length_mean:     199.0000	epsilon:                   0.2020	grad_norm:               105.2998
loss:                      5.7657	q_taken_mean:              1.2040	return_mean:              43.4304	return_std:                9.3618
target_mean:               1.2215	td_error_abs:              1.1829	test_ep_length_mean:     200.0000	test_episode_length_mean:199.0000
test_return_mean:         58.3108	test_return_std:          13.4575	
2026-06-07 00:21:13,727 - my_experiment - advP_IQL_RNN_5M_44 - my_run - INFO - t_env: 850200 / 5050000
2026-06-07 00:21:13,728 - my_experiment - advP_IQL_RNN_5M_44 - my_run - INFO - Estimated time left: 16 hours, 46 minutes, 3 seconds. Time passed: 3 hours, 24 minutes, 1 seconds
2026-06-07 00:33:10,246 - my_experiment - advP_IQL_RNN_5M_44 - my_run - INFO - Recent Stats | t_env:     900000 | Episode:     4500
ep_length_mean:          200.0000	episode_length_mean:     199.0000	epsilon:                   0.1545	grad_norm:                71.7358
loss:                      5.7913	q_taken_mean:              1.2795	return_mean:              41.7554	return_std:                8.8595
target_mean:               1.2933	td_error_abs:              1.0564	test_ep_length_mean:     200.0000	test_episode_length_mean:199.0000
test_return_mean:         52.6331	test_return_std:          13.4380	
2026-06-07 00:33:12,394 - my_experiment - advP_IQL_RNN_5M_44 - my_run - INFO - t_env: 900200 / 5050000
2026-06-07 00:33:12,395 - my_experiment - advP_IQL_RNN_5M_44 - my_run - INFO - Estimated time left: 16 hours, 34 minutes, 6 seconds. Time passed: 3 hours, 35 minutes, 59 seconds
2026-06-07 00:45:08,900 - my_experiment - advP_IQL_RNN_5M_44 - my_run - INFO - Recent Stats | t_env:     950000 | Episode:     4750
ep_length_mean:          200.0000	episode_length_mean:     199.0000	epsilon:                   0.1070	grad_norm:                75.8267
loss:                      6.2145	q_taken_mean:              1.3525	return_mean:              41.8893	return_std:                9.6497
target_mean:               1.3623	td_error_abs:              1.0193	test_ep_length_mean:     200.0000	test_episode_length_mean:199.0000
test_return_mean:         53.9671	test_return_std:          13.3992	
2026-06-07 00:45:11,045 - my_experiment - advP_IQL_RNN_5M_44 - my_run - INFO - t_env: 950200 / 5050000
2026-06-07 00:45:11,046 - my_experiment - advP_IQL_RNN_5M_44 - my_run - INFO - Estimated time left: 16 hours, 22 minutes, 6 seconds. Time passed: 3 hours, 47 minutes, 58 seconds
2026-06-07 00:57:07,719 - my_experiment - advP_IQL_RNN_5M_44 - my_run - INFO - Recent Stats | t_env:    1000000 | Episode:     5000
ep_length_mean:          200.0000	episode_length_mean:     199.0000	epsilon:                   0.0595	grad_norm:                81.7521
loss:                      6.6548	q_taken_mean:              1.4029	return_mean:              44.5107	return_std:               10.5158
target_mean:               1.4130	td_error_abs:              1.0297	test_ep_length_mean:     200.0000	test_episode_length_mean:199.0000
test_return_mean:         54.7109	test_return_std:          13.2795	
2026-06-07 00:57:09,858 - my_experiment - advP_IQL_RNN_5M_44 - my_run - INFO - t_env: 1000200 / 5050000
2026-06-07 00:57:09,858 - my_experiment - advP_IQL_RNN_5M_44 - my_run - INFO - Estimated time left: 16 hours, 10 minutes, 20 seconds. Time passed: 3 hours, 59 minutes, 57 seconds
2026-06-07 01:00:17,991 - my_experiment - advP_IQL_RNN_5M_44 - my_run - INFO - Saving models to work_dirs/my_experiment/advP_IQL_RNN_5M_44/my_run/20260606_205707/models/1000200
2026-06-07 01:09:06,417 - my_experiment - advP_IQL_RNN_5M_44 - my_run - INFO - Recent Stats | t_env:    1050000 | Episode:     5250
ep_length_mean:          200.0000	episode_length_mean:     199.0000	epsilon:                   0.0500	grad_norm:               175.4483
loss:                      7.2797	q_taken_mean:              1.4641	return_mean:              48.2917	return_std:               11.1169
target_mean:               1.4801	td_error_abs:              1.1235	test_ep_length_mean:     200.0000	test_episode_length_mean:199.0000
test_return_mean:         53.2491	test_return_std:          12.7959	
2026-06-07 01:09:08,609 - my_experiment - advP_IQL_RNN_5M_44 - my_run - INFO - t_env: 1050200 / 5050000
2026-06-07 01:09:08,609 - my_experiment - advP_IQL_RNN_5M_44 - my_run - INFO - Estimated time left: 15 hours, 58 minutes, 17 seconds. Time passed: 4 hours, 11 minutes, 56 seconds
2026-06-07 01:21:05,045 - my_experiment - advP_IQL_RNN_5M_44 - my_run - INFO - Recent Stats | t_env:    1100000 | Episode:     5500
ep_length_mean:          200.0000	episode_length_mean:     199.0000	epsilon:                   0.0500	grad_norm:               215.1438
loss:                      7.5735	q_taken_mean:              1.5165	return_mean:              51.3569	return_std:               11.0775
target_mean:               1.5358	td_error_abs:              1.1093	test_ep_length_mean:     200.0000	test_episode_length_mean:199.0000
test_return_mean:         49.0405	test_return_std:          12.4943	
2026-06-07 01:21:07,190 - my_experiment - advP_IQL_RNN_5M_44 - my_run - INFO - t_env: 1100200 / 5050000
2026-06-07 01:21:07,191 - my_experiment - advP_IQL_RNN_5M_44 - my_run - INFO - Estimated time left: 15 hours, 46 minutes, 5 seconds. Time passed: 4 hours, 23 minutes, 54 seconds
2026-06-07 01:33:03,827 - my_experiment - advP_IQL_RNN_5M_44 - my_run - INFO - Recent Stats | t_env:    1150000 | Episode:     5750
ep_length_mean:          200.0000	episode_length_mean:     199.0000	epsilon:                   0.0500	grad_norm:               191.1819
loss:                      7.6364	q_taken_mean:              1.5651	return_mean:              50.0317	return_std:                9.9260
target_mean:               1.5714	td_error_abs:              1.0181	test_ep_length_mean:     200.0000	test_episode_length_mean:199.0000
test_return_mean:         51.1587	test_return_std:          12.3606	
2026-06-07 01:33:05,970 - my_experiment - advP_IQL_RNN_5M_44 - my_run - INFO - t_env: 1150200 / 5050000
2026-06-07 01:33:05,971 - my_experiment - advP_IQL_RNN_5M_44 - my_run - INFO - Estimated time left: 15 hours, 34 minutes, 21 seconds. Time passed: 4 hours, 35 minutes, 53 seconds
2026-06-07 01:45:03,232 - my_experiment - advP_IQL_RNN_5M_44 - my_run - INFO - Recent Stats | t_env:    1200000 | Episode:     6000
ep_length_mean:          200.0000	episode_length_mean:     199.0000	epsilon:                   0.0500	grad_norm:               266.6847
loss:                      7.7629	q_taken_mean:              1.5870	return_mean:              48.9070	return_std:               10.9814
target_mean:               1.5947	td_error_abs:              1.0858	test_ep_length_mean:     200.0000	test_episode_length_mean:199.0000
test_return_mean:         53.4986	test_return_std:          12.5906	
2026-06-07 01:45:05,384 - my_experiment - advP_IQL_RNN_5M_44 - my_run - INFO - t_env: 1200200 / 5050000
2026-06-07 01:45:05,385 - my_experiment - advP_IQL_RNN_5M_44 - my_run - INFO - Estimated time left: 15 hours, 23 minutes, 11 seconds. Time passed: 4 hours, 47 minutes, 52 seconds
2026-06-07 01:48:13,315 - my_experiment - advP_IQL_RNN_5M_44 - my_run - INFO - Saving models to work_dirs/my_experiment/advP_IQL_RNN_5M_44/my_run/20260606_205707/models/1200200
2026-06-07 01:57:01,634 - my_experiment - advP_IQL_RNN_5M_44 - my_run - INFO - Recent Stats | t_env:    1250000 | Episode:     6250
ep_length_mean:          200.0000	episode_length_mean:     199.0000	epsilon:                   0.0500	grad_norm:                97.2039
loss:                      8.5122	q_taken_mean:              1.6569	return_mean:              42.3744	return_std:               10.0885
target_mean:               1.6694	td_error_abs:              1.0283	test_ep_length_mean:     200.0000	test_episode_length_mean:199.0000
test_return_mean:         52.9191	test_return_std:          12.7309	
2026-06-07 01:57:03,758 - my_experiment - advP_IQL_RNN_5M_44 - my_run - INFO - t_env: 1250200 / 5050000
2026-06-07 01:57:03,759 - my_experiment - advP_IQL_RNN_5M_44 - my_run - INFO - Estimated time left: 15 hours, 9 minutes, 53 seconds. Time passed: 4 hours, 59 minutes, 51 seconds
2026-06-07 02:09:00,200 - my_experiment - advP_IQL_RNN_5M_44 - my_run - INFO - Recent Stats | t_env:    1300000 | Episode:     6500
ep_length_mean:          200.0000	episode_length_mean:     199.0000	epsilon:                   0.0500	grad_norm:               250.8034
loss:                      8.4555	q_taken_mean:              1.6735	return_mean:              41.3036	return_std:                9.9221
target_mean:               1.6840	td_error_abs:              1.0533	test_ep_length_mean:     200.0000	test_episode_length_mean:199.0000
test_return_mean:         51.5221	test_return_std:          12.7847	
2026-06-07 02:09:02,342 - my_experiment - advP_IQL_RNN_5M_44 - my_run - INFO - t_env: 1300200 / 5050000
2026-06-07 02:09:02,343 - my_experiment - advP_IQL_RNN_5M_44 - my_run - INFO - Estimated time left: 14 hours, 58 minutes, 10 seconds. Time passed: 5 hours, 11 minutes, 49 seconds
2026-06-07 02:20:58,473 - my_experiment - advP_IQL_RNN_5M_44 - my_run - INFO - Recent Stats | t_env:    1350000 | Episode:     6750
ep_length_mean:          200.0000	episode_length_mean:     199.0000	epsilon:                   0.0500	grad_norm:               140.5432
loss:                      7.7533	q_taken_mean:              1.7113	return_mean:              37.6236	return_std:                9.7826
target_mean:               1.7205	td_error_abs:              0.9690	test_ep_length_mean:     200.0000	test_episode_length_mean:199.0000
test_return_mean:         50.5702	test_return_std:          12.4472	
2026-06-07 02:21:00,615 - my_experiment - advP_IQL_RNN_5M_44 - my_run - INFO - t_env: 1350200 / 5050000
2026-06-07 02:21:00,616 - my_experiment - advP_IQL_RNN_5M_44 - my_run - INFO - Estimated time left: 14 hours, 45 minutes, 49 seconds. Time passed: 5 hours, 23 minutes, 48 seconds
2026-06-07 02:32:56,951 - my_experiment - advP_IQL_RNN_5M_44 - my_run - INFO - Recent Stats | t_env:    1400000 | Episode:     7000
ep_length_mean:          200.0000	episode_length_mean:     199.0000	epsilon:                   0.0500	grad_norm:               219.3826
loss:                      7.3966	q_taken_mean:              1.7374	return_mean:              36.3956	return_std:                9.9110
target_mean:               1.7377	td_error_abs:              0.8603	test_ep_length_mean:     200.0000	test_episode_length_mean:199.0000
test_return_mean:         47.4327	test_return_std:          12.0913	
2026-06-07 02:32:59,093 - my_experiment - advP_IQL_RNN_5M_44 - my_run - INFO - t_env: 1400200 / 5050000
2026-06-07 02:32:59,093 - my_experiment - advP_IQL_RNN_5M_44 - my_run - INFO - Estimated time left: 14 hours, 34 minutes, 5 seconds. Time passed: 5 hours, 35 minutes, 46 seconds
2026-06-07 02:36:07,374 - my_experiment - advP_IQL_RNN_5M_44 - my_run - INFO - Saving models to work_dirs/my_experiment/advP_IQL_RNN_5M_44/my_run/20260606_205707/models/1400200
2026-06-07 02:44:55,887 - my_experiment - advP_IQL_RNN_5M_44 - my_run - INFO - Recent Stats | t_env:    1450000 | Episode:     7250
ep_length_mean:          200.0000	episode_length_mean:     199.0000	epsilon:                   0.0500	grad_norm:               190.6732
loss:                      6.1926	q_taken_mean:              1.7383	return_mean:              34.5929	return_std:                9.3757
target_mean:               1.7431	td_error_abs:              0.8210	test_ep_length_mean:     200.0000	test_episode_length_mean:199.0000
test_return_mean:         43.9411	test_return_std:          11.2812	
2026-06-07 02:44:58,010 - my_experiment - advP_IQL_RNN_5M_44 - my_run - INFO - t_env: 1450200 / 5050000
2026-06-07 02:44:58,010 - my_experiment - advP_IQL_RNN_5M_44 - my_run - INFO - Estimated time left: 14 hours, 22 minutes, 39 seconds. Time passed: 5 hours, 47 minutes, 45 seconds
2026-06-07 02:56:54,802 - my_experiment - advP_IQL_RNN_5M_44 - my_run - INFO - Recent Stats | t_env:    1500000 | Episode:     7500
ep_length_mean:          200.0000	episode_length_mean:     199.0000	epsilon:                   0.0500	grad_norm:               523.6476
loss:                      6.7551	q_taken_mean:              1.7698	return_mean:              36.4237	return_std:                9.7234
target_mean:               1.7648	td_error_abs:              0.9194	test_ep_length_mean:     200.0000	test_episode_length_mean:199.0000
test_return_mean:         41.9567	test_return_std:          10.6196	
2026-06-07 02:56:56,945 - my_experiment - advP_IQL_RNN_5M_44 - my_run - INFO - t_env: 1500200 / 5050000
2026-06-07 02:56:56,946 - my_experiment - advP_IQL_RNN_5M_44 - my_run - INFO - Estimated time left: 14 hours, 10 minutes, 41 seconds. Time passed: 5 hours, 59 minutes, 44 seconds
2026-06-07 03:08:53,146 - my_experiment - advP_IQL_RNN_5M_44 - my_run - INFO - Recent Stats | t_env:    1550000 | Episode:     7750
ep_length_mean:          200.0000	episode_length_mean:     199.0000	epsilon:                   0.0500	grad_norm:               559.2234
loss:                      6.5492	q_taken_mean:              1.7756	return_mean:              35.8479	return_std:               10.0618
target_mean:               1.7912	td_error_abs:              0.9957	test_ep_length_mean:     200.0000	test_episode_length_mean:199.0000
test_return_mean:         40.7377	test_return_std:          10.5352	
2026-06-07 03:08:55,289 - my_experiment - advP_IQL_RNN_5M_44 - my_run - INFO - t_env: 1550200 / 5050000
2026-06-07 03:08:55,290 - my_experiment - advP_IQL_RNN_5M_44 - my_run - INFO - Estimated time left: 13 hours, 58 minutes, 1 seconds. Time passed: 6 hours, 11 minutes, 42 seconds
2026-06-07 03:20:51,715 - my_experiment - advP_IQL_RNN_5M_44 - my_run - INFO - Recent Stats | t_env:    1600000 | Episode:     8000
ep_length_mean:          200.0000	episode_length_mean:     199.0000	epsilon:                   0.0500	grad_norm:               449.7581
loss:                      5.4304	q_taken_mean:              1.7833	return_mean:              39.1599	return_std:                9.1561
target_mean:               1.7825	td_error_abs:              0.8069	test_ep_length_mean:     200.0000	test_episode_length_mean:199.0000
test_return_mean:         40.8807	test_return_std:          10.6951	
2026-06-07 03:20:53,865 - my_experiment - advP_IQL_RNN_5M_44 - my_run - INFO - t_env: 1600200 / 5050000
2026-06-07 03:20:53,866 - my_experiment - advP_IQL_RNN_5M_44 - my_run - INFO - Estimated time left: 13 hours, 46 minutes, 18 seconds. Time passed: 6 hours, 23 minutes, 41 seconds
2026-06-07 03:24:02,224 - my_experiment - advP_IQL_RNN_5M_44 - my_run - INFO - Saving models to work_dirs/my_experiment/advP_IQL_RNN_5M_44/my_run/20260606_205707/models/1600200
2026-06-07 03:32:50,600 - my_experiment - advP_IQL_RNN_5M_44 - my_run - INFO - Recent Stats | t_env:    1650000 | Episode:     8250
ep_length_mean:          200.0000	episode_length_mean:     199.0000	epsilon:                   0.0500	grad_norm:               389.2655
loss:                      4.2856	q_taken_mean:              1.7743	return_mean:              36.9292	return_std:                8.2412
target_mean:               1.7780	td_error_abs:              0.7596	test_ep_length_mean:     200.0000	test_episode_length_mean:199.0000
test_return_mean:         41.4872	test_return_std:          10.5173	
2026-06-07 03:32:52,749 - my_experiment - advP_IQL_RNN_5M_44 - my_run - INFO - t_env: 1650200 / 5050000
2026-06-07 03:32:52,749 - my_experiment - advP_IQL_RNN_5M_44 - my_run - INFO - Estimated time left: 13 hours, 34 minutes, 41 seconds. Time passed: 6 hours, 35 minutes, 40 seconds
2026-06-07 03:44:49,254 - my_experiment - advP_IQL_RNN_5M_44 - my_run - INFO - Recent Stats | t_env:    1700000 | Episode:     8500
ep_length_mean:          200.0000	episode_length_mean:     199.0000	epsilon:                   0.0500	grad_norm:               751.4295
loss:                      4.6326	q_taken_mean:              1.7688	return_mean:              37.1761	return_std:                8.3584
target_mean:               1.7745	td_error_abs:              0.8813	test_ep_length_mean:     200.0000	test_episode_length_mean:199.0000
test_return_mean:         42.1027	test_return_std:          10.3384	
2026-06-07 03:44:51,398 - my_experiment - advP_IQL_RNN_5M_44 - my_run - INFO - t_env: 1700200 / 5050000
2026-06-07 03:44:51,398 - my_experiment - advP_IQL_RNN_5M_44 - my_run - INFO - Estimated time left: 13 hours, 22 minutes, 26 seconds. Time passed: 6 hours, 47 minutes, 38 seconds
2026-06-07 03:56:47,780 - my_experiment - advP_IQL_RNN_5M_44 - my_run - INFO - Recent Stats | t_env:    1750000 | Episode:     8750
ep_length_mean:          200.0000	episode_length_mean:     199.0000	epsilon:                   0.0500	grad_norm:               535.1444
loss:                      3.4008	q_taken_mean:              1.7617	return_mean:              35.2047	return_std:                8.6998
target_mean:               1.7644	td_error_abs:              0.7454	test_ep_length_mean:     200.0000	test_episode_length_mean:199.0000
test_return_mean:         42.1609	test_return_std:          10.2765	
2026-06-07 03:56:49,929 - my_experiment - advP_IQL_RNN_5M_44 - my_run - INFO - t_env: 1750200 / 5050000
2026-06-07 03:56:49,930 - my_experiment - advP_IQL_RNN_5M_44 - my_run - INFO - Estimated time left: 13 hours, 10 minutes, 20 seconds. Time passed: 6 hours, 59 minutes, 37 seconds
2026-06-07 04:08:46,491 - my_experiment - advP_IQL_RNN_5M_44 - my_run - INFO - Recent Stats | t_env:    1800000 | Episode:     9000
ep_length_mean:          200.0000	episode_length_mean:     199.0000	epsilon:                   0.0500	grad_norm:               473.5145
loss:                      2.8932	q_taken_mean:              1.7511	return_mean:              32.4631	return_std:                7.9100
target_mean:               1.7486	td_error_abs:              0.7103	test_ep_length_mean:     200.0000	test_episode_length_mean:199.0000
test_return_mean:         40.7688	test_return_std:           9.6610	
2026-06-07 04:08:48,632 - my_experiment - advP_IQL_RNN_5M_44 - my_run - INFO - t_env: 1800200 / 5050000
2026-06-07 04:08:48,633 - my_experiment - advP_IQL_RNN_5M_44 - my_run - INFO - Estimated time left: 12 hours, 58 minutes, 32 seconds. Time passed: 7 hours, 11 minutes, 36 seconds
2026-06-07 04:11:56,714 - my_experiment - advP_IQL_RNN_5M_44 - my_run - INFO - Saving models to work_dirs/my_experiment/advP_IQL_RNN_5M_44/my_run/20260606_205707/models/1800200
2026-06-07 04:20:45,063 - my_experiment - advP_IQL_RNN_5M_44 - my_run - INFO - Recent Stats | t_env:    1850000 | Episode:     9250
ep_length_mean:          200.0000	episode_length_mean:     199.0000	epsilon:                   0.0500	grad_norm:               583.6517
loss:                      2.4525	q_taken_mean:              1.7328	return_mean:              35.1957	return_std:                8.5204
target_mean:               1.7291	td_error_abs:              0.7357	test_ep_length_mean:     200.0000	test_episode_length_mean:199.0000
test_return_mean:         39.3231	test_return_std:           9.3277	
2026-06-07 04:20:47,189 - my_experiment - advP_IQL_RNN_5M_44 - my_run - INFO - t_env: 1850200 / 5050000
2026-06-07 04:20:47,189 - my_experiment - advP_IQL_RNN_5M_44 - my_run - INFO - Estimated time left: 12 hours, 46 minutes, 24 seconds. Time passed: 7 hours, 23 minutes, 34 seconds
2026-06-07 04:32:43,564 - my_experiment - advP_IQL_RNN_5M_44 - my_run - INFO - Recent Stats | t_env:    1900000 | Episode:     9500
ep_length_mean:          200.0000	episode_length_mean:     199.0000	epsilon:                   0.0500	grad_norm:               593.8084
loss:                      2.2207	q_taken_mean:              1.7054	return_mean:              37.2183	return_std:                8.6985
target_mean:               1.7115	td_error_abs:              0.7698	test_ep_length_mean:     200.0000	test_episode_length_mean:199.0000
test_return_mean:         39.4009	test_return_std:           9.2289	
2026-06-07 04:32:45,687 - my_experiment - advP_IQL_RNN_5M_44 - my_run - INFO - t_env: 1900200 / 5050000
2026-06-07 04:32:45,688 - my_experiment - advP_IQL_RNN_5M_44 - my_run - INFO - Estimated time left: 12 hours, 34 minutes, 22 seconds. Time passed: 7 hours, 35 minutes, 33 seconds
2026-06-07 04:44:41,712 - my_experiment - advP_IQL_RNN_5M_44 - my_run - INFO - Recent Stats | t_env:    1950000 | Episode:     9750
ep_length_mean:          200.0000	episode_length_mean:     199.0000	epsilon:                   0.0500	grad_norm:               527.5016
loss:                      1.8625	q_taken_mean:              1.7115	return_mean:              38.1950	return_std:                8.3649
target_mean:               1.6996	td_error_abs:              0.7375	test_ep_length_mean:     200.0000	test_episode_length_mean:199.0000
test_return_mean:         38.7479	test_return_std:           9.1829	
2026-06-07 04:44:43,841 - my_experiment - advP_IQL_RNN_5M_44 - my_run - INFO - t_env: 1950200 / 5050000
2026-06-07 04:44:43,842 - my_experiment - advP_IQL_RNN_5M_44 - my_run - INFO - Estimated time left: 12 hours, 22 minutes, 2 seconds. Time passed: 7 hours, 47 minutes, 31 seconds
2026-06-07 04:56:40,195 - my_experiment - advP_IQL_RNN_5M_44 - my_run - INFO - Recent Stats | t_env:    2000000 | Episode:    10000
ep_length_mean:          200.0000	episode_length_mean:     199.0000	epsilon:                   0.0500	grad_norm:               425.0861
loss:                      1.5819	q_taken_mean:              1.6885	return_mean:              38.4556	return_std:                8.4372
target_mean:               1.6864	td_error_abs:              0.7031	test_ep_length_mean:     200.0000	test_episode_length_mean:199.0000
test_return_mean:         39.2631	test_return_std:           9.3072	
2026-06-07 04:56:42,345 - my_experiment - advP_IQL_RNN_5M_44 - my_run - INFO - t_env: 2000200 / 5050000
2026-06-07 04:56:42,346 - my_experiment - advP_IQL_RNN_5M_44 - my_run - INFO - Estimated time left: 12 hours, 10 minutes, 25 seconds. Time passed: 7 hours, 59 minutes, 29 seconds
2026-06-07 04:59:50,551 - my_experiment - advP_IQL_RNN_5M_44 - my_run - INFO - Saving models to work_dirs/my_experiment/advP_IQL_RNN_5M_44/my_run/20260606_205707/models/2000200
2026-06-07 05:08:39,006 - my_experiment - advP_IQL_RNN_5M_44 - my_run - INFO - Recent Stats | t_env:    2050000 | Episode:    10250
ep_length_mean:          200.0000	episode_length_mean:     199.0000	epsilon:                   0.0500	grad_norm:               434.2227
loss:                      1.6053	q_taken_mean:              1.6931	return_mean:              40.6073	return_std:                8.5488
target_mean:               1.6933	td_error_abs:              0.7156	test_ep_length_mean:     200.0000	test_episode_length_mean:199.0000
test_return_mean:         40.7661	test_return_std:           9.2953	
2026-06-07 05:08:41,153 - my_experiment - advP_IQL_RNN_5M_44 - my_run - INFO - t_env: 2050200 / 5050000
2026-06-07 05:08:41,154 - my_experiment - advP_IQL_RNN_5M_44 - my_run - INFO - Estimated time left: 11 hours, 58 minutes, 45 seconds. Time passed: 8 hours, 11 minutes, 28 seconds
2026-06-07 05:20:37,569 - my_experiment - advP_IQL_RNN_5M_44 - my_run - INFO - Recent Stats | t_env:    2100000 | Episode:    10500
ep_length_mean:          200.0000	episode_length_mean:     199.0000	epsilon:                   0.0500	grad_norm:               286.4973
loss:                      1.1677	q_taken_mean:              1.6718	return_mean:              41.8352	return_std:                8.1437
target_mean:               1.6762	td_error_abs:              0.6544	test_ep_length_mean:     200.0000	test_episode_length_mean:199.0000
test_return_mean:         43.3762	test_return_std:           9.3572	
2026-06-07 05:20:39,712 - my_experiment - advP_IQL_RNN_5M_44 - my_run - INFO - t_env: 2100200 / 5050000
2026-06-07 05:20:39,712 - my_experiment - advP_IQL_RNN_5M_44 - my_run - INFO - Estimated time left: 11 hours, 46 minutes, 32 seconds. Time passed: 8 hours, 23 minutes, 27 seconds
2026-06-07 05:32:36,419 - my_experiment - advP_IQL_RNN_5M_44 - my_run - INFO - Recent Stats | t_env:    2150000 | Episode:    10750
ep_length_mean:          200.0000	episode_length_mean:     199.0000	epsilon:                   0.0500	grad_norm:               238.9649
loss:                      1.0869	q_taken_mean:              1.6833	return_mean:              47.3588	return_std:                8.8192
target_mean:               1.6846	td_error_abs:              0.6163	test_ep_length_mean:     200.0000	test_episode_length_mean:199.0000
test_return_mean:         45.1743	test_return_std:           9.4099	
2026-06-07 05:32:38,538 - my_experiment - advP_IQL_RNN_5M_44 - my_run - INFO - t_env: 2150200 / 5050000
2026-06-07 05:32:38,539 - my_experiment - advP_IQL_RNN_5M_44 - my_run - INFO - Estimated time left: 11 hours, 34 minutes, 49 seconds. Time passed: 8 hours, 35 minutes, 26 seconds
2026-06-07 05:44:35,016 - my_experiment - advP_IQL_RNN_5M_44 - my_run - INFO - Recent Stats | t_env:    2200000 | Episode:    11000
ep_length_mean:          200.0000	episode_length_mean:     199.0000	epsilon:                   0.0500	grad_norm:               208.0559
loss:                      1.0842	q_taken_mean:              1.6942	return_mean:              47.3535	return_std:                8.6890
target_mean:               1.6963	td_error_abs:              0.6287	test_ep_length_mean:     200.0000	test_episode_length_mean:199.0000
test_return_mean:         48.5789	test_return_std:           9.8656	
2026-06-07 05:44:37,163 - my_experiment - advP_IQL_RNN_5M_44 - my_run - INFO - t_env: 2200200 / 5050000
2026-06-07 05:44:37,164 - my_experiment - advP_IQL_RNN_5M_44 - my_run - INFO - Estimated time left: 11 hours, 22 minutes, 38 seconds. Time passed: 8 hours, 47 minutes, 24 seconds
2026-06-07 05:47:45,612 - my_experiment - advP_IQL_RNN_5M_44 - my_run - INFO - Saving models to work_dirs/my_experiment/advP_IQL_RNN_5M_44/my_run/20260606_205707/models/2200200
2026-06-07 05:56:33,779 - my_experiment - advP_IQL_RNN_5M_44 - my_run - INFO - Recent Stats | t_env:    2250000 | Episode:    11250
ep_length_mean:          200.0000	episode_length_mean:     199.0000	epsilon:                   0.0500	grad_norm:               444.6480
loss:                      1.8614	q_taken_mean:              1.7188	return_mean:              41.2720	return_std:                8.6953
target_mean:               1.7274	td_error_abs:              0.8228	test_ep_length_mean:     200.0000	test_episode_length_mean:199.0000
test_return_mean:         49.6953	test_return_std:          10.0940	
2026-06-07 05:56:35,918 - my_experiment - advP_IQL_RNN_5M_44 - my_run - INFO - t_env: 2250200 / 5050000
2026-06-07 05:56:35,919 - my_experiment - advP_IQL_RNN_5M_44 - my_run - INFO - Estimated time left: 11 hours, 10 minutes, 47 seconds. Time passed: 8 hours, 59 minutes, 23 seconds
2026-06-07 06:08:32,468 - my_experiment - advP_IQL_RNN_5M_44 - my_run - INFO - Recent Stats | t_env:    2300000 | Episode:    11500
ep_length_mean:          200.0000	episode_length_mean:     199.0000	epsilon:                   0.0500	grad_norm:               252.9531
loss:                      1.3961	q_taken_mean:              1.7456	return_mean:              41.5731	return_std:                8.5842
target_mean:               1.7461	td_error_abs:              0.6944	test_ep_length_mean:     200.0000	test_episode_length_mean:199.0000
test_return_mean:         51.0317	test_return_std:          10.4252	
2026-06-07 06:08:34,614 - my_experiment - advP_IQL_RNN_5M_44 - my_run - INFO - t_env: 2300200 / 5050000
2026-06-07 06:08:34,614 - my_experiment - advP_IQL_RNN_5M_44 - my_run - INFO - Estimated time left: 10 hours, 58 minutes, 45 seconds. Time passed: 9 hours, 11 minutes, 22 seconds
2026-06-07 06:20:31,149 - my_experiment - advP_IQL_RNN_5M_44 - my_run - INFO - Recent Stats | t_env:    2350000 | Episode:    11750
ep_length_mean:          200.0000	episode_length_mean:     199.0000	epsilon:                   0.0500	grad_norm:               600.1340
loss:                      2.1014	q_taken_mean:              1.7307	return_mean:              44.1109	return_std:                9.1894
target_mean:               1.7301	td_error_abs:              0.9176	test_ep_length_mean:     200.0000	test_episode_length_mean:199.0000
test_return_mean:         52.6987	test_return_std:          10.6082	
2026-06-07 06:20:33,298 - my_experiment - advP_IQL_RNN_5M_44 - my_run - INFO - t_env: 2350200 / 5050000
2026-06-07 06:20:33,299 - my_experiment - advP_IQL_RNN_5M_44 - my_run - INFO - Estimated time left: 10 hours, 46 minutes, 46 seconds. Time passed: 9 hours, 23 minutes, 20 seconds
2026-06-07 06:32:29,761 - my_experiment - advP_IQL_RNN_5M_44 - my_run - INFO - Recent Stats | t_env:    2400000 | Episode:    12000
ep_length_mean:          200.0000	episode_length_mean:     199.0000	epsilon:                   0.0500	grad_norm:               733.9104
loss:                      3.1602	q_taken_mean:              1.7530	return_mean:              48.2588	return_std:                9.1785
target_mean:               1.7509	td_error_abs:              1.0656	test_ep_length_mean:     200.0000	test_episode_length_mean:199.0000
test_return_mean:         52.7495	test_return_std:          10.8541	
2026-06-07 06:32:31,904 - my_experiment - advP_IQL_RNN_5M_44 - my_run - INFO - t_env: 2400200 / 5050000
2026-06-07 06:32:31,904 - my_experiment - advP_IQL_RNN_5M_44 - my_run - INFO - Estimated time left: 10 hours, 34 minutes, 43 seconds. Time passed: 9 hours, 35 minutes, 19 seconds
2026-06-07 06:35:39,889 - my_experiment - advP_IQL_RNN_5M_44 - my_run - INFO - Saving models to work_dirs/my_experiment/advP_IQL_RNN_5M_44/my_run/20260606_205707/models/2400200
2026-06-07 06:44:28,283 - my_experiment - advP_IQL_RNN_5M_44 - my_run - INFO - Recent Stats | t_env:    2450000 | Episode:    12250
ep_length_mean:          200.0000	episode_length_mean:     199.0000	epsilon:                   0.0500	grad_norm:               250.8649
loss:                      1.2046	q_taken_mean:              1.7233	return_mean:              48.0550	return_std:               10.0512
target_mean:               1.7314	td_error_abs:              0.7235	test_ep_length_mean:     200.0000	test_episode_length_mean:199.0000
test_return_mean:         51.6314	test_return_std:          10.8890	
2026-06-07 06:44:30,425 - my_experiment - advP_IQL_RNN_5M_44 - my_run - INFO - t_env: 2450200 / 5050000
2026-06-07 06:44:30,425 - my_experiment - advP_IQL_RNN_5M_44 - my_run - INFO - Estimated time left: 10 hours, 22 minutes, 40 seconds. Time passed: 9 hours, 47 minutes, 17 seconds
2026-06-07 06:56:27,061 - my_experiment - advP_IQL_RNN_5M_44 - my_run - INFO - Recent Stats | t_env:    2500000 | Episode:    12500
ep_length_mean:          200.0000	episode_length_mean:     199.0000	epsilon:                   0.0500	grad_norm:               188.4619
loss:                      0.9431	q_taken_mean:              1.7458	return_mean:              51.0785	return_std:                9.9605
target_mean:               1.7468	td_error_abs:              0.6446	test_ep_length_mean:     200.0000	test_episode_length_mean:199.0000
test_return_mean:         51.7680	test_return_std:          10.7243	
2026-06-07 06:56:29,255 - my_experiment - advP_IQL_RNN_5M_44 - my_run - INFO - t_env: 2500200 / 5050000
2026-06-07 06:56:29,256 - my_experiment - advP_IQL_RNN_5M_44 - my_run - INFO - Estimated time left: 10 hours, 10 minutes, 57 seconds. Time passed: 9 hours, 59 minutes, 16 seconds
2026-06-07 07:08:25,956 - my_experiment - advP_IQL_RNN_5M_44 - my_run - INFO - Recent Stats | t_env:    2550000 | Episode:    12750
ep_length_mean:          200.0000	episode_length_mean:     199.0000	epsilon:                   0.0500	grad_norm:               252.6808
loss:                      1.1644	q_taken_mean:              1.7409	return_mean:              52.2309	return_std:               11.0506
target_mean:               1.7397	td_error_abs:              0.7329	test_ep_length_mean:     200.0000	test_episode_length_mean:199.0000
test_return_mean:         51.2879	test_return_std:          10.8289	
2026-06-07 07:08:28,099 - my_experiment - advP_IQL_RNN_5M_44 - my_run - INFO - t_env: 2550200 / 5050000
2026-06-07 07:08:28,099 - my_experiment - advP_IQL_RNN_5M_44 - my_run - INFO - Estimated time left: 9 hours, 58 minutes, 59 seconds. Time passed: 10 hours, 11 minutes, 15 seconds
2026-06-07 07:20:24,631 - my_experiment - advP_IQL_RNN_5M_44 - my_run - INFO - Recent Stats | t_env:    2600000 | Episode:    13000
ep_length_mean:          200.0000	episode_length_mean:     199.0000	epsilon:                   0.0500	grad_norm:               222.6693
loss:                      0.9547	q_taken_mean:              1.7389	return_mean:              51.7560	return_std:               11.2249
target_mean:               1.7404	td_error_abs:              0.6889	test_ep_length_mean:     200.0000	test_episode_length_mean:199.0000
test_return_mean:         51.2555	test_return_std:          11.0654	
2026-06-07 07:20:26,776 - my_experiment - advP_IQL_RNN_5M_44 - my_run - INFO - t_env: 2600200 / 5050000
2026-06-07 07:20:26,777 - my_experiment - advP_IQL_RNN_5M_44 - my_run - INFO - Estimated time left: 9 hours, 46 minutes, 52 seconds. Time passed: 10 hours, 23 minutes, 14 seconds
2026-06-07 07:23:34,981 - my_experiment - advP_IQL_RNN_5M_44 - my_run - INFO - Saving models to work_dirs/my_experiment/advP_IQL_RNN_5M_44/my_run/20260606_205707/models/2600200
2026-06-07 07:32:23,292 - my_experiment - advP_IQL_RNN_5M_44 - my_run - INFO - Recent Stats | t_env:    2650000 | Episode:    13250
ep_length_mean:          200.0000	episode_length_mean:     199.0000	epsilon:                   0.0500	grad_norm:               187.2830
loss:                      0.8842	q_taken_mean:              1.7440	return_mean:              53.9114	return_std:               11.4970
target_mean:               1.7473	td_error_abs:              0.6578	test_ep_length_mean:     200.0000	test_episode_length_mean:199.0000
test_return_mean:         53.4498	test_return_std:          11.1720	
2026-06-07 07:32:25,420 - my_experiment - advP_IQL_RNN_5M_44 - my_run - INFO - t_env: 2650200 / 5050000
2026-06-07 07:32:25,421 - my_experiment - advP_IQL_RNN_5M_44 - my_run - INFO - Estimated time left: 9 hours, 34 minutes, 52 seconds. Time passed: 10 hours, 35 minutes, 12 seconds
2026-06-07 07:44:21,897 - my_experiment - advP_IQL_RNN_5M_44 - my_run - INFO - Recent Stats | t_env:    2700000 | Episode:    13500
ep_length_mean:          200.0000	episode_length_mean:     199.0000	epsilon:                   0.0500	grad_norm:               446.4080
loss:                      2.3689	q_taken_mean:              1.7655	return_mean:              56.4958	return_std:                9.7937
target_mean:               1.7657	td_error_abs:              0.9638	test_ep_length_mean:     200.0000	test_episode_length_mean:199.0000
test_return_mean:         54.3368	test_return_std:          11.2758	
2026-06-07 07:44:24,038 - my_experiment - advP_IQL_RNN_5M_44 - my_run - INFO - t_env: 2700200 / 5050000
2026-06-07 07:44:24,038 - my_experiment - advP_IQL_RNN_5M_44 - my_run - INFO - Estimated time left: 9 hours, 22 minutes, 52 seconds. Time passed: 10 hours, 47 minutes, 11 seconds
2026-06-07 07:56:20,931 - my_experiment - advP_IQL_RNN_5M_44 - my_run - INFO - Recent Stats | t_env:    2750000 | Episode:    13750
ep_length_mean:          200.0000	episode_length_mean:     199.0000	epsilon:                   0.0500	grad_norm:               290.7158
loss:                      1.3846	q_taken_mean:              1.7909	return_mean:              57.2681	return_std:               10.2544
target_mean:               1.7986	td_error_abs:              0.7911	test_ep_length_mean:     200.0000	test_episode_length_mean:199.0000
test_return_mean:         58.6604	test_return_std:          11.5812	
2026-06-07 07:56:23,076 - my_experiment - advP_IQL_RNN_5M_44 - my_run - INFO - t_env: 2750200 / 5050000
2026-06-07 07:56:23,077 - my_experiment - advP_IQL_RNN_5M_44 - my_run - INFO - Estimated time left: 9 hours, 11 minutes, 12 seconds. Time passed: 10 hours, 59 minutes, 10 seconds
2026-06-07 08:08:19,336 - my_experiment - advP_IQL_RNN_5M_44 - my_run - INFO - Recent Stats | t_env:    2800000 | Episode:    14000
ep_length_mean:          200.0000	episode_length_mean:     199.0000	epsilon:                   0.0500	grad_norm:               229.1116
loss:                      1.2430	q_taken_mean:              1.8435	return_mean:              55.0510	return_std:                9.0254
target_mean:               1.8428	td_error_abs:              0.7173	test_ep_length_mean:     200.0000	test_episode_length_mean:199.0000
test_return_mean:         60.8327	test_return_std:          11.5368	
2026-06-07 08:08:21,459 - my_experiment - advP_IQL_RNN_5M_44 - my_run - INFO - t_env: 2800200 / 5050000
2026-06-07 08:08:21,460 - my_experiment - advP_IQL_RNN_5M_44 - my_run - INFO - Estimated time left: 8 hours, 58 minutes, 44 seconds. Time passed: 11 hours, 11 minutes, 8 seconds
2026-06-07 08:11:29,606 - my_experiment - advP_IQL_RNN_5M_44 - my_run - INFO - Saving models to work_dirs/my_experiment/advP_IQL_RNN_5M_44/my_run/20260606_205707/models/2800200
2026-06-07 08:20:18,149 - my_experiment - advP_IQL_RNN_5M_44 - my_run - INFO - Recent Stats | t_env:    2850000 | Episode:    14250
ep_length_mean:          200.0000	episode_length_mean:     199.0000	epsilon:                   0.0500	grad_norm:               175.1542
loss:                      1.0941	q_taken_mean:              1.8490	return_mean:              60.6305	return_std:                9.4381
target_mean:               1.8463	td_error_abs:              0.6875	test_ep_length_mean:     200.0000	test_episode_length_mean:199.0000
test_return_mean:         64.1836	test_return_std:          11.6246	
2026-06-07 08:20:20,271 - my_experiment - advP_IQL_RNN_5M_44 - my_run - INFO - t_env: 2850200 / 5050000
2026-06-07 08:20:20,272 - my_experiment - advP_IQL_RNN_5M_44 - my_run - INFO - Estimated time left: 8 hours, 47 minutes, 4 seconds. Time passed: 11 hours, 23 minutes, 7 seconds
2026-06-07 08:32:17,252 - my_experiment - advP_IQL_RNN_5M_44 - my_run - INFO - Recent Stats | t_env:    2900000 | Episode:    14500
ep_length_mean:          200.0000	episode_length_mean:     199.0000	epsilon:                   0.0500	grad_norm:               274.5463
loss:                      1.5749	q_taken_mean:              1.8499	return_mean:              65.6866	return_std:               10.6506
target_mean:               1.8467	td_error_abs:              0.8511	test_ep_length_mean:     200.0000	test_episode_length_mean:199.0000
test_return_mean:         66.5460	test_return_std:          11.9889	
2026-06-07 08:32:19,403 - my_experiment - advP_IQL_RNN_5M_44 - my_run - INFO - t_env: 2900200 / 5050000
2026-06-07 08:32:19,403 - my_experiment - advP_IQL_RNN_5M_44 - my_run - INFO - Estimated time left: 8 hours, 35 minutes, 19 seconds. Time passed: 11 hours, 35 minutes, 6 seconds
2026-06-07 08:44:16,256 - my_experiment - advP_IQL_RNN_5M_44 - my_run - INFO - Recent Stats | t_env:    2950000 | Episode:    14750
ep_length_mean:          200.0000	episode_length_mean:     199.0000	epsilon:                   0.0500	grad_norm:               277.6288
loss:                      1.1214	q_taken_mean:              1.8510	return_mean:              65.6294	return_std:               10.2637
target_mean:               1.8557	td_error_abs:              0.7751	test_ep_length_mean:     200.0000	test_episode_length_mean:199.0000
test_return_mean:         70.7565	test_return_std:          12.2759	
2026-06-07 08:44:18,405 - my_experiment - advP_IQL_RNN_5M_44 - my_run - INFO - t_env: 2950200 / 5050000
2026-06-07 08:44:18,405 - my_experiment - advP_IQL_RNN_5M_44 - my_run - INFO - Estimated time left: 8 hours, 23 minutes, 15 seconds. Time passed: 11 hours, 47 minutes, 5 seconds
2026-06-07 08:56:14,788 - my_experiment - advP_IQL_RNN_5M_44 - my_run - INFO - Recent Stats | t_env:    3000000 | Episode:    15000
ep_length_mean:          200.0000	episode_length_mean:     199.0000	epsilon:                   0.0500	grad_norm:               321.6542
loss:                      1.6759	q_taken_mean:              1.8593	return_mean:              64.6082	return_std:               10.4866
target_mean:               1.8783	td_error_abs:              0.8668	test_ep_length_mean:     200.0000	test_episode_length_mean:199.0000
test_return_mean:         72.0707	test_return_std:          12.7675	
2026-06-07 08:56:16,934 - my_experiment - advP_IQL_RNN_5M_44 - my_run - INFO - t_env: 3000200 / 5050000
2026-06-07 08:56:16,935 - my_experiment - advP_IQL_RNN_5M_44 - my_run - INFO - Estimated time left: 8 hours, 10 minutes, 56 seconds. Time passed: 11 hours, 59 minutes, 4 seconds
2026-06-07 08:59:25,067 - my_experiment - advP_IQL_RNN_5M_44 - my_run - INFO - Saving models to work_dirs/my_experiment/advP_IQL_RNN_5M_44/my_run/20260606_205707/models/3000200
2026-06-07 09:08:13,568 - my_experiment - advP_IQL_RNN_5M_44 - my_run - INFO - Recent Stats | t_env:    3050000 | Episode:    15250
ep_length_mean:          200.0000	episode_length_mean:     199.0000	epsilon:                   0.0500	grad_norm:               282.3021
loss:                      1.2687	q_taken_mean:              1.9026	return_mean:              62.1813	return_std:                9.8770
target_mean:               1.9150	td_error_abs:              0.7902	test_ep_length_mean:     200.0000	test_episode_length_mean:199.0000
test_return_mean:         75.9297	test_return_std:          13.1016	
2026-06-07 09:08:15,717 - my_experiment - advP_IQL_RNN_5M_44 - my_run - INFO - t_env: 3050200 / 5050000
2026-06-07 09:08:15,718 - my_experiment - advP_IQL_RNN_5M_44 - my_run - INFO - Estimated time left: 7 hours, 59 minutes, 8 seconds. Time passed: 12 hours, 11 minutes, 3 seconds
2026-06-07 09:20:12,440 - my_experiment - advP_IQL_RNN_5M_44 - my_run - INFO - Recent Stats | t_env:    3100000 | Episode:    15500
ep_length_mean:          200.0000	episode_length_mean:     199.0000	epsilon:                   0.0500	grad_norm:               223.5399
loss:                      1.1245	q_taken_mean:              1.9463	return_mean:              63.5545	return_std:               11.2944
target_mean:               1.9477	td_error_abs:              0.7202	test_ep_length_mean:     200.0000	test_episode_length_mean:199.0000
test_return_mean:         74.5284	test_return_std:          12.8549	
2026-06-07 09:20:14,599 - my_experiment - advP_IQL_RNN_5M_44 - my_run - INFO - t_env: 3100200 / 5050000
2026-06-07 09:20:14,599 - my_experiment - advP_IQL_RNN_5M_44 - my_run - INFO - Estimated time left: 7 hours, 47 minutes, 13 seconds. Time passed: 12 hours, 23 minutes, 2 seconds
2026-06-07 09:32:11,170 - my_experiment - advP_IQL_RNN_5M_44 - my_run - INFO - Recent Stats | t_env:    3150000 | Episode:    15750
ep_length_mean:          200.0000	episode_length_mean:     199.0000	epsilon:                   0.0500	grad_norm:               344.2679
loss:                      1.5604	q_taken_mean:              1.9582	return_mean:              65.8604	return_std:               10.7815
target_mean:               1.9683	td_error_abs:              0.8674	test_ep_length_mean:     200.0000	test_episode_length_mean:199.0000
test_return_mean:         75.5922	test_return_std:          12.6222	
2026-06-07 09:32:13,291 - my_experiment - advP_IQL_RNN_5M_44 - my_run - INFO - t_env: 3150200 / 5050000
2026-06-07 09:32:13,292 - my_experiment - advP_IQL_RNN_5M_44 - my_run - INFO - Estimated time left: 7 hours, 35 minutes, 7 seconds. Time passed: 12 hours, 35 minutes, 0 seconds
2026-06-07 09:44:10,085 - my_experiment - advP_IQL_RNN_5M_44 - my_run - INFO - Recent Stats | t_env:    3200000 | Episode:    16000
ep_length_mean:          200.0000	episode_length_mean:     199.0000	epsilon:                   0.0500	grad_norm:               317.8826
loss:                      1.4972	q_taken_mean:              2.0092	return_mean:              68.9571	return_std:               10.7817
target_mean:               2.0204	td_error_abs:              0.8277	test_ep_length_mean:     200.0000	test_episode_length_mean:199.0000
test_return_mean:         77.2228	test_return_std:          12.2942	
2026-06-07 09:44:12,227 - my_experiment - advP_IQL_RNN_5M_44 - my_run - INFO - t_env: 3200200 / 5050000
2026-06-07 09:44:12,228 - my_experiment - advP_IQL_RNN_5M_44 - my_run - INFO - Estimated time left: 7 hours, 23 minutes, 17 seconds. Time passed: 12 hours, 46 minutes, 59 seconds
2026-06-07 09:47:20,455 - my_experiment - advP_IQL_RNN_5M_44 - my_run - INFO - Saving models to work_dirs/my_experiment/advP_IQL_RNN_5M_44/my_run/20260606_205707/models/3200200
2026-06-07 09:56:08,739 - my_experiment - advP_IQL_RNN_5M_44 - my_run - INFO - Recent Stats | t_env:    3250000 | Episode:    16250
ep_length_mean:          200.0000	episode_length_mean:     199.0000	epsilon:                   0.0500	grad_norm:               260.1368
loss:                      1.8514	q_taken_mean:              2.0776	return_mean:              65.4889	return_std:               11.2884
target_mean:               2.0750	td_error_abs:              0.8285	test_ep_length_mean:     200.0000	test_episode_length_mean:199.0000
test_return_mean:         78.6766	test_return_std:          12.0591	
2026-06-07 09:56:10,862 - my_experiment - advP_IQL_RNN_5M_44 - my_run - INFO - t_env: 3250200 / 5050000
2026-06-07 09:56:10,863 - my_experiment - advP_IQL_RNN_5M_44 - my_run - INFO - Estimated time left: 7 hours, 11 minutes, 7 seconds. Time passed: 12 hours, 58 minutes, 58 seconds
2026-06-07 10:08:07,203 - my_experiment - advP_IQL_RNN_5M_44 - my_run - INFO - Recent Stats | t_env:    3300000 | Episode:    16500
ep_length_mean:          200.0000	episode_length_mean:     199.0000	epsilon:                   0.0500	grad_norm:               132.1025
loss:                      1.5583	q_taken_mean:              2.1174	return_mean:              60.0371	return_std:               10.6922
target_mean:               2.1260	td_error_abs:              0.7530	test_ep_length_mean:     200.0000	test_episode_length_mean:199.0000
test_return_mean:         77.0926	test_return_std:          11.9900	
2026-06-07 10:08:09,351 - my_experiment - advP_IQL_RNN_5M_44 - my_run - INFO - t_env: 3300200 / 5050000
2026-06-07 10:08:09,352 - my_experiment - advP_IQL_RNN_5M_44 - my_run - INFO - Estimated time left: 6 hours, 59 minutes, 4 seconds. Time passed: 13 hours, 10 minutes, 56 seconds
2026-06-07 10:20:06,181 - my_experiment - advP_IQL_RNN_5M_44 - my_run - INFO - Recent Stats | t_env:    3350000 | Episode:    16750
ep_length_mean:          200.0000	episode_length_mean:     199.0000	epsilon:                   0.0500	grad_norm:               333.4631
loss:                      1.7146	q_taken_mean:              2.1102	return_mean:              62.1716	return_std:               10.9832
target_mean:               2.1193	td_error_abs:              0.8279	test_ep_length_mean:     200.0000	test_episode_length_mean:199.0000
test_return_mean:         78.9906	test_return_std:          12.6375	
2026-06-07 10:20:08,327 - my_experiment - advP_IQL_RNN_5M_44 - my_run - INFO - t_env: 3350200 / 5050000
2026-06-07 10:20:08,328 - my_experiment - advP_IQL_RNN_5M_44 - my_run - INFO - Estimated time left: 6 hours, 47 minutes, 22 seconds. Time passed: 13 hours, 22 minutes, 55 seconds
2026-06-07 10:32:05,366 - my_experiment - advP_IQL_RNN_5M_44 - my_run - INFO - Recent Stats | t_env:    3400000 | Episode:    17000
ep_length_mean:          200.0000	episode_length_mean:     199.0000	epsilon:                   0.0500	grad_norm:               449.2717
loss:                      1.6764	q_taken_mean:              2.1227	return_mean:              59.2957	return_std:               10.9727
target_mean:               2.1329	td_error_abs:              0.8921	test_ep_length_mean:     200.0000	test_episode_length_mean:199.0000
test_return_mean:         77.0837	test_return_std:          12.4792	
2026-06-07 10:32:07,520 - my_experiment - advP_IQL_RNN_5M_44 - my_run - INFO - t_env: 3400200 / 5050000
2026-06-07 10:32:07,520 - my_experiment - advP_IQL_RNN_5M_44 - my_run - INFO - Estimated time left: 6 hours, 35 minutes, 30 seconds. Time passed: 13 hours, 34 minutes, 54 seconds
2026-06-07 10:35:15,941 - my_experiment - advP_IQL_RNN_5M_44 - my_run - INFO - Saving models to work_dirs/my_experiment/advP_IQL_RNN_5M_44/my_run/20260606_205707/models/3400200
2026-06-07 10:44:04,466 - my_experiment - advP_IQL_RNN_5M_44 - my_run - INFO - Recent Stats | t_env:    3450000 | Episode:    17250
ep_length_mean:          200.0000	episode_length_mean:     199.0000	epsilon:                   0.0500	grad_norm:               331.0976
loss:                      1.5228	q_taken_mean:              2.1237	return_mean:              60.1943	return_std:               11.2982
target_mean:               2.1201	td_error_abs:              0.8270	test_ep_length_mean:     200.0000	test_episode_length_mean:199.0000
test_return_mean:         74.6430	test_return_std:          12.3521	
2026-06-07 10:44:06,611 - my_experiment - advP_IQL_RNN_5M_44 - my_run - INFO - t_env: 3450200 / 5050000
2026-06-07 10:44:06,612 - my_experiment - advP_IQL_RNN_5M_44 - my_run - INFO - Estimated time left: 6 hours, 23 minutes, 28 seconds. Time passed: 13 hours, 46 minutes, 54 seconds
2026-06-07 10:56:03,612 - my_experiment - advP_IQL_RNN_5M_44 - my_run - INFO - Recent Stats | t_env:    3500000 | Episode:    17500
ep_length_mean:          200.0000	episode_length_mean:     199.0000	epsilon:                   0.0500	grad_norm:               475.7299
loss:                      1.5567	q_taken_mean:              2.1057	return_mean:              63.3436	return_std:               10.4598
target_mean:               2.1142	td_error_abs:              0.8978	test_ep_length_mean:     200.0000	test_episode_length_mean:199.0000
test_return_mean:         72.3649	test_return_std:          12.0569	
2026-06-07 10:56:05,757 - my_experiment - advP_IQL_RNN_5M_44 - my_run - INFO - t_env: 3500200 / 5050000
2026-06-07 10:56:05,757 - my_experiment - advP_IQL_RNN_5M_44 - my_run - INFO - Estimated time left: 6 hours, 11 minutes, 30 seconds. Time passed: 13 hours, 58 minutes, 53 seconds
2026-06-07 11:08:02,295 - my_experiment - advP_IQL_RNN_5M_44 - my_run - INFO - Recent Stats | t_env:    3550000 | Episode:    17750
ep_length_mean:          200.0000	episode_length_mean:     199.0000	epsilon:                   0.0500	grad_norm:               314.7712
loss:                      1.1262	q_taken_mean:              2.1048	return_mean:              62.2683	return_std:               10.4270
target_mean:               2.1061	td_error_abs:              0.7737	test_ep_length_mean:     200.0000	test_episode_length_mean:199.0000
test_return_mean:         73.3073	test_return_std:          12.2593	
2026-06-07 11:08:04,419 - my_experiment - advP_IQL_RNN_5M_44 - my_run - INFO - t_env: 3550200 / 5050000
2026-06-07 11:08:04,419 - my_experiment - advP_IQL_RNN_5M_44 - my_run - INFO - Estimated time left: 5 hours, 59 minutes, 16 seconds. Time passed: 14 hours, 10 minutes, 51 seconds
2026-06-07 11:20:01,273 - my_experiment - advP_IQL_RNN_5M_44 - my_run - INFO - Recent Stats | t_env:    3600000 | Episode:    18000
ep_length_mean:          200.0000	episode_length_mean:     199.0000	epsilon:                   0.0500	grad_norm:               242.2003
loss:                      1.0363	q_taken_mean:              2.1105	return_mean:              63.2889	return_std:                9.5854
target_mean:               2.1152	td_error_abs:              0.7390	test_ep_length_mean:     200.0000	test_episode_length_mean:199.0000
test_return_mean:         73.3254	test_return_std:          11.7036	
2026-06-07 11:20:03,421 - my_experiment - advP_IQL_RNN_5M_44 - my_run - INFO - t_env: 3600200 / 5050000
2026-06-07 11:20:03,421 - my_experiment - advP_IQL_RNN_5M_44 - my_run - INFO - Estimated time left: 5 hours, 47 minutes, 28 seconds. Time passed: 14 hours, 22 minutes, 50 seconds
2026-06-07 11:23:11,549 - my_experiment - advP_IQL_RNN_5M_44 - my_run - INFO - Saving models to work_dirs/my_experiment/advP_IQL_RNN_5M_44/my_run/20260606_205707/models/3600200
2026-06-07 11:32:00,238 - my_experiment - advP_IQL_RNN_5M_44 - my_run - INFO - Recent Stats | t_env:    3650000 | Episode:    18250
ep_length_mean:          200.0000	episode_length_mean:     199.0000	epsilon:                   0.0500	grad_norm:               217.3220
loss:                      0.9405	q_taken_mean:              2.1338	return_mean:              64.5540	return_std:               11.4277
target_mean:               2.1351	td_error_abs:              0.6930	test_ep_length_mean:     200.0000	test_episode_length_mean:199.0000
test_return_mean:         74.6840	test_return_std:          11.3898	
2026-06-07 11:32:02,387 - my_experiment - advP_IQL_RNN_5M_44 - my_run - INFO - t_env: 3650200 / 5050000
2026-06-07 11:32:02,388 - my_experiment - advP_IQL_RNN_5M_44 - my_run - INFO - Estimated time left: 5 hours, 35 minutes, 28 seconds. Time passed: 14 hours, 34 minutes, 49 seconds
2026-06-07 11:43:58,829 - my_experiment - advP_IQL_RNN_5M_44 - my_run - INFO - Recent Stats | t_env:    3700000 | Episode:    18500
ep_length_mean:          200.0000	episode_length_mean:     199.0000	epsilon:                   0.0500	grad_norm:               128.9927
loss:                      0.9930	q_taken_mean:              2.1531	return_mean:              67.4192	return_std:               10.6749
target_mean:               2.1500	td_error_abs:              0.7023	test_ep_length_mean:     200.0000	test_episode_length_mean:199.0000
test_return_mean:         75.6913	test_return_std:          11.7711	
2026-06-07 11:44:00,977 - my_experiment - advP_IQL_RNN_5M_44 - my_run - INFO - t_env: 3700200 / 5050000
2026-06-07 11:44:00,977 - my_experiment - advP_IQL_RNN_5M_44 - my_run - INFO - Estimated time left: 5 hours, 23 minutes, 19 seconds. Time passed: 14 hours, 46 minutes, 48 seconds
2026-06-07 11:55:57,938 - my_experiment - advP_IQL_RNN_5M_44 - my_run - INFO - Recent Stats | t_env:    3750000 | Episode:    18750
ep_length_mean:          200.0000	episode_length_mean:     199.0000	epsilon:                   0.0500	grad_norm:               458.4811
loss:                      1.6983	q_taken_mean:              2.1157	return_mean:              66.3857	return_std:                9.8076
target_mean:               2.1383	td_error_abs:              0.9171	test_ep_length_mean:     200.0000	test_episode_length_mean:199.0000
test_return_mean:         77.3190	test_return_std:          11.9101	
2026-06-07 11:56:00,084 - my_experiment - advP_IQL_RNN_5M_44 - my_run - INFO - t_env: 3750200 / 5050000
2026-06-07 11:56:00,085 - my_experiment - advP_IQL_RNN_5M_44 - my_run - INFO - Estimated time left: 5 hours, 11 minutes, 33 seconds. Time passed: 14 hours, 58 minutes, 47 seconds
2026-06-07 12:07:57,167 - my_experiment - advP_IQL_RNN_5M_44 - my_run - INFO - Recent Stats | t_env:    3800000 | Episode:    19000
ep_length_mean:          200.0000	episode_length_mean:     199.0000	epsilon:                   0.0500	grad_norm:               390.5789
loss:                      1.4336	q_taken_mean:              2.1505	return_mean:              65.3081	return_std:               10.3625
target_mean:               2.1476	td_error_abs:              0.8494	test_ep_length_mean:     200.0000	test_episode_length_mean:199.0000
test_return_mean:         77.9502	test_return_std:          11.7509	
2026-06-07 12:07:59,308 - my_experiment - advP_IQL_RNN_5M_44 - my_run - INFO - t_env: 3800200 / 5050000
2026-06-07 12:07:59,308 - my_experiment - advP_IQL_RNN_5M_44 - my_run - INFO - Estimated time left: 4 hours, 59 minutes, 37 seconds. Time passed: 15 hours, 10 minutes, 46 seconds
2026-06-07 12:11:07,277 - my_experiment - advP_IQL_RNN_5M_44 - my_run - INFO - Saving models to work_dirs/my_experiment/advP_IQL_RNN_5M_44/my_run/20260606_205707/models/3800200
2026-06-07 12:19:55,814 - my_experiment - advP_IQL_RNN_5M_44 - my_run - INFO - Recent Stats | t_env:    3850000 | Episode:    19250
ep_length_mean:          200.0000	episode_length_mean:     199.0000	epsilon:                   0.0500	grad_norm:               102.5967
loss:                      0.7559	q_taken_mean:              2.1713	return_mean:              66.7227	return_std:                9.8896
target_mean:               2.1785	td_error_abs:              0.6207	test_ep_length_mean:     200.0000	test_episode_length_mean:199.0000
test_return_mean:         79.3070	test_return_std:          12.0926	
2026-06-07 12:19:57,958 - my_experiment - advP_IQL_RNN_5M_44 - my_run - INFO - t_env: 3850200 / 5050000
2026-06-07 12:19:57,958 - my_experiment - advP_IQL_RNN_5M_44 - my_run - INFO - Estimated time left: 4 hours, 47 minutes, 24 seconds. Time passed: 15 hours, 22 minutes, 45 seconds
2026-06-07 12:31:54,707 - my_experiment - advP_IQL_RNN_5M_44 - my_run - INFO - Recent Stats | t_env:    3900000 | Episode:    19500
ep_length_mean:          200.0000	episode_length_mean:     199.0000	epsilon:                   0.0500	grad_norm:               340.9896
loss:                      1.3336	q_taken_mean:              2.1927	return_mean:              66.0832	return_std:               10.3828
target_mean:               2.1900	td_error_abs:              0.8098	test_ep_length_mean:     200.0000	test_episode_length_mean:199.0000
test_return_mean:         78.8141	test_return_std:          12.5993	
2026-06-07 12:31:56,853 - my_experiment - advP_IQL_RNN_5M_44 - my_run - INFO - t_env: 3900200 / 5050000
2026-06-07 12:31:56,854 - my_experiment - advP_IQL_RNN_5M_44 - my_run - INFO - Estimated time left: 4 hours, 35 minutes, 31 seconds. Time passed: 15 hours, 34 minutes, 44 seconds
2026-06-07 12:43:54,007 - my_experiment - advP_IQL_RNN_5M_44 - my_run - INFO - Recent Stats | t_env:    3950000 | Episode:    19750
ep_length_mean:          200.0000	episode_length_mean:     199.0000	epsilon:                   0.0500	grad_norm:               186.3268
loss:                      0.9677	q_taken_mean:              2.1831	return_mean:              63.6111	return_std:                9.5664
target_mean:               2.1919	td_error_abs:              0.7044	test_ep_length_mean:     200.0000	test_episode_length_mean:199.0000
test_return_mean:         79.0248	test_return_std:          12.5399	
2026-06-07 12:43:56,150 - my_experiment - advP_IQL_RNN_5M_44 - my_run - INFO - t_env: 3950200 / 5050000
2026-06-07 12:43:56,151 - my_experiment - advP_IQL_RNN_5M_44 - my_run - INFO - Estimated time left: 4 hours, 23 minutes, 41 seconds. Time passed: 15 hours, 46 minutes, 43 seconds
2026-06-07 12:55:53,254 - my_experiment - advP_IQL_RNN_5M_44 - my_run - INFO - Recent Stats | t_env:    4000000 | Episode:    20000
ep_length_mean:          200.0000	episode_length_mean:     199.0000	epsilon:                   0.0500	grad_norm:               261.6852
loss:                      1.3110	q_taken_mean:              2.1980	return_mean:              63.2650	return_std:               10.7317
target_mean:               2.1882	td_error_abs:              0.7794	test_ep_length_mean:     200.0000	test_episode_length_mean:199.0000
test_return_mean:         77.7851	test_return_std:          12.4967	
2026-06-07 12:55:55,398 - my_experiment - advP_IQL_RNN_5M_44 - my_run - INFO - t_env: 4000200 / 5050000
2026-06-07 12:55:55,399 - my_experiment - advP_IQL_RNN_5M_44 - my_run - INFO - Estimated time left: 4 hours, 11 minutes, 41 seconds. Time passed: 15 hours, 58 minutes, 42 seconds
2026-06-07 12:59:03,442 - my_experiment - advP_IQL_RNN_5M_44 - my_run - INFO - Saving models to work_dirs/my_experiment/advP_IQL_RNN_5M_44/my_run/20260606_205707/models/4000200
2026-06-07 13:07:52,519 - my_experiment - advP_IQL_RNN_5M_44 - my_run - INFO - Recent Stats | t_env:    4050000 | Episode:    20250
ep_length_mean:          200.0000	episode_length_mean:     199.0000	epsilon:                   0.0500	grad_norm:               128.4157
loss:                      0.8966	q_taken_mean:              2.1967	return_mean:              64.6863	return_std:                9.9782
target_mean:               2.2077	td_error_abs:              0.6657	test_ep_length_mean:     200.0000	test_episode_length_mean:199.0000
test_return_mean:         77.3555	test_return_std:          12.7123	
2026-06-07 13:07:54,664 - my_experiment - advP_IQL_RNN_5M_44 - my_run - INFO - t_env: 4050200 / 5050000
2026-06-07 13:07:54,665 - my_experiment - advP_IQL_RNN_5M_44 - my_run - INFO - Estimated time left: 3 hours, 59 minutes, 42 seconds. Time passed: 16 hours, 10 minutes, 42 seconds
2026-06-07 13:19:51,647 - my_experiment - advP_IQL_RNN_5M_44 - my_run - INFO - Recent Stats | t_env:    4100000 | Episode:    20500
ep_length_mean:          200.0000	episode_length_mean:     199.0000	epsilon:                   0.0500	grad_norm:               164.1908
loss:                      0.8338	q_taken_mean:              2.1852	return_mean:              65.0464	return_std:               10.5556
target_mean:               2.1905	td_error_abs:              0.6662	test_ep_length_mean:     200.0000	test_episode_length_mean:199.0000
test_return_mean:         77.1306	test_return_std:          12.6737	
2026-06-07 13:19:53,797 - my_experiment - advP_IQL_RNN_5M_44 - my_run - INFO - t_env: 4100200 / 5050000
2026-06-07 13:19:53,798 - my_experiment - advP_IQL_RNN_5M_44 - my_run - INFO - Estimated time left: 3 hours, 47 minutes, 40 seconds. Time passed: 16 hours, 22 minutes, 41 seconds
2026-06-07 13:31:50,606 - my_experiment - advP_IQL_RNN_5M_44 - my_run - INFO - Recent Stats | t_env:    4150000 | Episode:    20750
ep_length_mean:          200.0000	episode_length_mean:     199.0000	epsilon:                   0.0500	grad_norm:               253.2246
loss:                      1.2961	q_taken_mean:              2.2067	return_mean:              66.7259	return_std:               10.2905
target_mean:               2.2178	td_error_abs:              0.7913	test_ep_length_mean:     200.0000	test_episode_length_mean:199.0000
test_return_mean:         77.6467	test_return_std:          12.7028	
2026-06-07 13:31:52,735 - my_experiment - advP_IQL_RNN_5M_44 - my_run - INFO - t_env: 4150200 / 5050000
2026-06-07 13:31:52,735 - my_experiment - advP_IQL_RNN_5M_44 - my_run - INFO - Estimated time left: 3 hours, 35 minutes, 37 seconds. Time passed: 16 hours, 34 minutes, 40 seconds
2026-06-07 13:43:47,003 - my_experiment - advP_IQL_RNN_5M_44 - my_run - INFO - Recent Stats | t_env:    4200000 | Episode:    21000
ep_length_mean:          200.0000	episode_length_mean:     199.0000	epsilon:                   0.0500	grad_norm:                85.3833
loss:                      0.8268	q_taken_mean:              2.2169	return_mean:              66.1194	return_std:               11.0624
target_mean:               2.2191	td_error_abs:              0.6269	test_ep_length_mean:     200.0000	test_episode_length_mean:199.0000
test_return_mean:         78.4867	test_return_std:          13.0093	
2026-06-07 13:43:49,141 - my_experiment - advP_IQL_RNN_5M_44 - my_run - INFO - t_env: 4200200 / 5050000
2026-06-07 13:43:49,141 - my_experiment - advP_IQL_RNN_5M_44 - my_run - INFO - Estimated time left: 3 hours, 22 minutes, 56 seconds. Time passed: 16 hours, 46 minutes, 36 seconds
2026-06-07 13:46:56,271 - my_experiment - advP_IQL_RNN_5M_44 - my_run - INFO - Saving models to work_dirs/my_experiment/advP_IQL_RNN_5M_44/my_run/20260606_205707/models/4200200
2026-06-07 13:55:42,063 - my_experiment - advP_IQL_RNN_5M_44 - my_run - INFO - Recent Stats | t_env:    4250000 | Episode:    21250
ep_length_mean:          200.0000	episode_length_mean:     199.0000	epsilon:                   0.0500	grad_norm:               241.3590
loss:                      1.1713	q_taken_mean:              2.2029	return_mean:              67.5410	return_std:               10.7397
target_mean:               2.2057	td_error_abs:              0.7482	test_ep_length_mean:     200.0000	test_episode_length_mean:199.0000
test_return_mean:         79.3552	test_return_std:          13.2493	
2026-06-07 13:55:44,198 - my_experiment - advP_IQL_RNN_5M_44 - my_run - INFO - t_env: 4250200 / 5050000
2026-06-07 13:55:44,199 - my_experiment - advP_IQL_RNN_5M_44 - my_run - INFO - Estimated time left: 3 hours, 10 minutes, 38 seconds. Time passed: 16 hours, 58 minutes, 31 seconds
2026-06-07 14:07:37,795 - my_experiment - advP_IQL_RNN_5M_44 - my_run - INFO - Recent Stats | t_env:    4300000 | Episode:    21500
ep_length_mean:          200.0000	episode_length_mean:     199.0000	epsilon:                   0.0500	grad_norm:               314.6392
loss:                      1.4824	q_taken_mean:              2.2173	return_mean:              64.4388	return_std:               10.2751
target_mean:               2.2270	td_error_abs:              0.8543	test_ep_length_mean:     200.0000	test_episode_length_mean:199.0000
test_return_mean:         79.4390	test_return_std:          13.1225	
2026-06-07 14:07:39,932 - my_experiment - advP_IQL_RNN_5M_44 - my_run - INFO - t_env: 4300200 / 5050000
2026-06-07 14:07:39,932 - my_experiment - advP_IQL_RNN_5M_44 - my_run - INFO - Estimated time left: 2 hours, 58 minutes, 53 seconds. Time passed: 17 hours, 10 minutes, 27 seconds
2026-06-07 14:19:32,534 - my_experiment - advP_IQL_RNN_5M_44 - my_run - INFO - Recent Stats | t_env:    4350000 | Episode:    21750
ep_length_mean:          200.0000	episode_length_mean:     199.0000	epsilon:                   0.0500	grad_norm:               259.8959
loss:                      1.2604	q_taken_mean:              2.2390	return_mean:              66.0175	return_std:                9.7550
target_mean:               2.2457	td_error_abs:              0.7658	test_ep_length_mean:     200.0000	test_episode_length_mean:199.0000
test_return_mean:         78.4287	test_return_std:          13.2133	
2026-06-07 14:19:34,666 - my_experiment - advP_IQL_RNN_5M_44 - my_run - INFO - t_env: 4350200 / 5050000
2026-06-07 14:19:34,667 - my_experiment - advP_IQL_RNN_5M_44 - my_run - INFO - Estimated time left: 2 hours, 46 minutes, 43 seconds. Time passed: 17 hours, 22 minutes, 22 seconds
2026-06-07 14:31:28,868 - my_experiment - advP_IQL_RNN_5M_44 - my_run - INFO - Recent Stats | t_env:    4400000 | Episode:    22000
ep_length_mean:          200.0000	episode_length_mean:     199.0000	epsilon:                   0.0500	grad_norm:               379.2713
loss:                      1.9589	q_taken_mean:              2.2505	return_mean:              66.6941	return_std:               10.0655
target_mean:               2.2620	td_error_abs:              0.9344	test_ep_length_mean:     200.0000	test_episode_length_mean:199.0000
test_return_mean:         78.6193	test_return_std:          13.2772	
2026-06-07 14:31:30,994 - my_experiment - advP_IQL_RNN_5M_44 - my_run - INFO - t_env: 4400200 / 5050000
2026-06-07 14:31:30,995 - my_experiment - advP_IQL_RNN_5M_44 - my_run - INFO - Estimated time left: 2 hours, 35 minutes, 9 seconds. Time passed: 17 hours, 34 minutes, 18 seconds
2026-06-07 14:34:38,754 - my_experiment - advP_IQL_RNN_5M_44 - my_run - INFO - Saving models to work_dirs/my_experiment/advP_IQL_RNN_5M_44/my_run/20260606_205707/models/4400200
2026-06-07 14:43:25,900 - my_experiment - advP_IQL_RNN_5M_44 - my_run - INFO - Recent Stats | t_env:    4450000 | Episode:    22250
ep_length_mean:          200.0000	episode_length_mean:     199.0000	epsilon:                   0.0500	grad_norm:               234.2683
loss:                      1.2409	q_taken_mean:              2.2586	return_mean:              66.3962	return_std:               10.8107
target_mean:               2.2600	td_error_abs:              0.7443	test_ep_length_mean:     200.0000	test_episode_length_mean:199.0000
test_return_mean:         78.5002	test_return_std:          12.8054	
2026-06-07 14:43:28,044 - my_experiment - advP_IQL_RNN_5M_44 - my_run - INFO - t_env: 4450200 / 5050000
2026-06-07 14:43:28,045 - my_experiment - advP_IQL_RNN_5M_44 - my_run - INFO - Estimated time left: 2 hours, 23 minutes, 21 seconds. Time passed: 17 hours, 46 minutes, 15 seconds
2026-06-07 14:55:23,188 - my_experiment - advP_IQL_RNN_5M_44 - my_run - INFO - Recent Stats | t_env:    4500000 | Episode:    22500
ep_length_mean:          200.0000	episode_length_mean:     199.0000	epsilon:                   0.0500	grad_norm:               329.9970
loss:                      1.6395	q_taken_mean:              2.2754	return_mean:              63.5238	return_std:                9.9975
target_mean:               2.2848	td_error_abs:              0.8742	test_ep_length_mean:     200.0000	test_episode_length_mean:199.0000
test_return_mean:         77.9195	test_return_std:          12.9643	
2026-06-07 14:55:25,329 - my_experiment - advP_IQL_RNN_5M_44 - my_run - INFO - t_env: 4500200 / 5050000
2026-06-07 14:55:25,330 - my_experiment - advP_IQL_RNN_5M_44 - my_run - INFO - Estimated time left: 2 hours, 11 minutes, 27 seconds. Time passed: 17 hours, 58 minutes, 12 seconds
2026-06-07 15:07:20,412 - my_experiment - advP_IQL_RNN_5M_44 - my_run - INFO - Recent Stats | t_env:    4550000 | Episode:    22750
ep_length_mean:          200.0000	episode_length_mean:     199.0000	epsilon:                   0.0500	grad_norm:               278.9711
loss:                      2.2605	q_taken_mean:              2.2930	return_mean:              63.5053	return_std:               10.3237
target_mean:               2.3012	td_error_abs:              0.8150	test_ep_length_mean:     200.0000	test_episode_length_mean:199.0000
test_return_mean:         76.8734	test_return_std:          12.6713	
2026-06-07 15:07:22,557 - my_experiment - advP_IQL_RNN_5M_44 - my_run - INFO - t_env: 4550200 / 5050000
2026-06-07 15:07:22,558 - my_experiment - advP_IQL_RNN_5M_44 - my_run - INFO - Estimated time left: 1 hours, 59 minutes, 29 seconds. Time passed: 18 hours, 10 minutes, 10 seconds
2026-06-07 15:19:17,627 - my_experiment - advP_IQL_RNN_5M_44 - my_run - INFO - Recent Stats | t_env:    4600000 | Episode:    23000
ep_length_mean:          200.0000	episode_length_mean:     199.0000	epsilon:                   0.0500	grad_norm:               344.1558
loss:                      1.7564	q_taken_mean:              2.3076	return_mean:              64.6257	return_std:               10.5871
target_mean:               2.3052	td_error_abs:              0.8764	test_ep_length_mean:     200.0000	test_episode_length_mean:199.0000
test_return_mean:         77.1796	test_return_std:          12.5108	
2026-06-07 15:19:19,770 - my_experiment - advP_IQL_RNN_5M_44 - my_run - INFO - t_env: 4600200 / 5050000
2026-06-07 15:19:19,770 - my_experiment - advP_IQL_RNN_5M_44 - my_run - INFO - Estimated time left: 1 hours, 47 minutes, 32 seconds. Time passed: 18 hours, 22 minutes, 7 seconds
2026-06-07 15:22:27,607 - my_experiment - advP_IQL_RNN_5M_44 - my_run - INFO - Saving models to work_dirs/my_experiment/advP_IQL_RNN_5M_44/my_run/20260606_205707/models/4600200
2026-06-07 15:31:14,512 - my_experiment - advP_IQL_RNN_5M_44 - my_run - INFO - Recent Stats | t_env:    4650000 | Episode:    23250
ep_length_mean:          200.0000	episode_length_mean:     199.0000	epsilon:                   0.0500	grad_norm:               265.7246
loss:                      1.4960	q_taken_mean:              2.3121	return_mean:              65.7276	return_std:               10.7557
target_mean:               2.3153	td_error_abs:              0.7902	test_ep_length_mean:     200.0000	test_episode_length_mean:199.0000
test_return_mean:         76.7920	test_return_std:          12.5367	
2026-06-07 15:31:16,656 - my_experiment - advP_IQL_RNN_5M_44 - my_run - INFO - t_env: 4650200 / 5050000
2026-06-07 15:31:16,656 - my_experiment - advP_IQL_RNN_5M_44 - my_run - INFO - Estimated time left: 1 hours, 35 minutes, 32 seconds. Time passed: 18 hours, 34 minutes, 4 seconds
2026-06-07 15:43:11,154 - my_experiment - advP_IQL_RNN_5M_44 - my_run - INFO - Recent Stats | t_env:    4700000 | Episode:    23500
ep_length_mean:          200.0000	episode_length_mean:     199.0000	epsilon:                   0.0500	grad_norm:               354.1487
loss:                      1.7989	q_taken_mean:              2.3195	return_mean:              65.9249	return_std:               10.3772
target_mean:               2.3308	td_error_abs:              0.9017	test_ep_length_mean:     200.0000	test_episode_length_mean:199.0000
test_return_mean:         76.9241	test_return_std:          13.0292	
2026-06-07 15:43:13,298 - my_experiment - advP_IQL_RNN_5M_44 - my_run - INFO - t_env: 4700200 / 5050000
2026-06-07 15:43:13,298 - my_experiment - advP_IQL_RNN_5M_44 - my_run - INFO - Estimated time left: 1 hours, 23 minutes, 33 seconds. Time passed: 18 hours, 46 minutes, 0 seconds
2026-06-07 15:55:08,147 - my_experiment - advP_IQL_RNN_5M_44 - my_run - INFO - Recent Stats | t_env:    4750000 | Episode:    23750
ep_length_mean:          200.0000	episode_length_mean:     199.0000	epsilon:                   0.0500	grad_norm:               284.9539
loss:                      1.4869	q_taken_mean:              2.3249	return_mean:              67.0250	return_std:               10.2349
target_mean:               2.3290	td_error_abs:              0.7987	test_ep_length_mean:     200.0000	test_episode_length_mean:199.0000
test_return_mean:         78.0200	test_return_std:          12.7537	
2026-06-07 15:55:10,289 - my_experiment - advP_IQL_RNN_5M_44 - my_run - INFO - t_env: 4750200 / 5050000
2026-06-07 15:55:10,290 - my_experiment - advP_IQL_RNN_5M_44 - my_run - INFO - Estimated time left: 1 hours, 11 minutes, 39 seconds. Time passed: 18 hours, 57 minutes, 57 seconds
2026-06-07 16:07:04,795 - my_experiment - advP_IQL_RNN_5M_44 - my_run - INFO - Recent Stats | t_env:    4800000 | Episode:    24000
ep_length_mean:          200.0000	episode_length_mean:     199.0000	epsilon:                   0.0500	grad_norm:               320.9982
loss:                      1.7022	q_taken_mean:              2.3403	return_mean:              65.8713	return_std:               10.6638
target_mean:               2.3362	td_error_abs:              0.8564	test_ep_length_mean:     200.0000	test_episode_length_mean:199.0000
test_return_mean:         79.3744	test_return_std:          12.4870	
2026-06-07 16:07:06,938 - my_experiment - advP_IQL_RNN_5M_44 - my_run - INFO - t_env: 4800200 / 5050000
2026-06-07 16:07:06,939 - my_experiment - advP_IQL_RNN_5M_44 - my_run - INFO - Estimated time left: 59 minutes, 40 seconds. Time passed: 19 hours, 9 minutes, 54 seconds
2026-06-07 16:10:14,834 - my_experiment - advP_IQL_RNN_5M_44 - my_run - INFO - Saving models to work_dirs/my_experiment/advP_IQL_RNN_5M_44/my_run/20260606_205707/models/4800200
2026-06-07 16:19:02,039 - my_experiment - advP_IQL_RNN_5M_44 - my_run - INFO - Recent Stats | t_env:    4850000 | Episode:    24250
ep_length_mean:          200.0000	episode_length_mean:     199.0000	epsilon:                   0.0500	grad_norm:               281.5801
loss:                      1.5390	q_taken_mean:              2.3503	return_mean:              65.1178	return_std:               10.5648
target_mean:               2.3514	td_error_abs:              0.7963	test_ep_length_mean:     200.0000	test_episode_length_mean:199.0000
test_return_mean:         79.6363	test_return_std:          12.3094	
2026-06-07 16:19:04,182 - my_experiment - advP_IQL_RNN_5M_44 - my_run - INFO - t_env: 4850200 / 5050000
2026-06-07 16:19:04,182 - my_experiment - advP_IQL_RNN_5M_44 - my_run - INFO - Estimated time left: 47 minutes, 46 seconds. Time passed: 19 hours, 21 minutes, 51 seconds
2026-06-07 16:30:59,212 - my_experiment - advP_IQL_RNN_5M_44 - my_run - INFO - Recent Stats | t_env:    4900000 | Episode:    24500
ep_length_mean:          200.0000	episode_length_mean:     199.0000	epsilon:                   0.0500	grad_norm:               353.3225
loss:                      1.8006	q_taken_mean:              2.3544	return_mean:              65.3344	return_std:               10.4474
target_mean:               2.3617	td_error_abs:              0.8898	test_ep_length_mean:     200.0000	test_episode_length_mean:199.0000
test_return_mean:         80.0689	test_return_std:          12.0159	
2026-06-07 16:31:01,335 - my_experiment - advP_IQL_RNN_5M_44 - my_run - INFO - t_env: 4900200 / 5050000
2026-06-07 16:31:01,335 - my_experiment - advP_IQL_RNN_5M_44 - my_run - INFO - Estimated time left: 35 minutes, 48 seconds. Time passed: 19 hours, 33 minutes, 48 seconds
2026-06-07 16:42:55,964 - my_experiment - advP_IQL_RNN_5M_44 - my_run - INFO - Recent Stats | t_env:    4950000 | Episode:    24750
ep_length_mean:          200.0000	episode_length_mean:     199.0000	epsilon:                   0.0500	grad_norm:               285.7091
loss:                      1.5528	q_taken_mean:              2.3747	return_mean:              67.2147	return_std:               10.4924
target_mean:               2.3802	td_error_abs:              0.8231	test_ep_length_mean:     200.0000	test_episode_length_mean:199.0000
test_return_mean:         79.6728	test_return_std:          11.6480	
2026-06-07 16:42:58,106 - my_experiment - advP_IQL_RNN_5M_44 - my_run - INFO - t_env: 4950200 / 5050000
2026-06-07 16:42:58,106 - my_experiment - advP_IQL_RNN_5M_44 - my_run - INFO - Estimated time left: 23 minutes, 50 seconds. Time passed: 19 hours, 45 minutes, 45 seconds
2026-06-07 16:54:52,559 - my_experiment - advP_IQL_RNN_5M_44 - my_run - INFO - Recent Stats | t_env:    5000000 | Episode:    25000
ep_length_mean:          200.0000	episode_length_mean:     199.0000	epsilon:                   0.0500	grad_norm:               317.0047
loss:                      1.7032	q_taken_mean:              2.3922	return_mean:              66.9992	return_std:               10.1382
target_mean:               2.3913	td_error_abs:              0.8448	test_ep_length_mean:     200.0000	test_episode_length_mean:199.0000
test_return_mean:         79.2324	test_return_std:          11.4768	
2026-06-07 16:54:54,700 - my_experiment - advP_IQL_RNN_5M_44 - my_run - INFO - t_env: 5000200 / 5050000
2026-06-07 16:54:54,701 - my_experiment - advP_IQL_RNN_5M_44 - my_run - INFO - Estimated time left: 11 minutes, 53 seconds. Time passed: 19 hours, 57 minutes, 42 seconds
2026-06-07 16:58:02,315 - my_experiment - advP_IQL_RNN_5M_44 - my_run - INFO - Saving models to work_dirs/my_experiment/advP_IQL_RNN_5M_44/my_run/20260606_205707/models/5000200
2026-06-07 17:06:49,565 - my_experiment - advP_IQL_RNN_5M_44 - my_run - INFO - Recent Stats | t_env:    5050000 | Episode:    25250
ep_length_mean:          200.0000	episode_length_mean:     199.0000	epsilon:                   0.0500	grad_norm:               281.2359
loss:                      1.5550	q_taken_mean:              2.3981	return_mean:              67.7914	return_std:               10.2755
target_mean:               2.3984	td_error_abs:              0.8129	test_ep_length_mean:     200.0000	test_episode_length_mean:199.0000
test_return_mean:         79.9935	test_return_std:          12.0928	
2026-06-07 17:06:51,705 - my_experiment - advP_IQL_RNN_5M_44 - my_run - INFO - t_env: 5050200 / 5050000
2026-06-07 17:06:51,706 - my_experiment - advP_IQL_RNN_5M_44 - my_run - INFO - Estimated time left: -. Time passed: 20 hours, 9 minutes, 39 seconds
2026-06-07 17:09:59,162 - my_experiment - advP_IQL_RNN_5M_44 - my_run - INFO - Finished Training
