Gym has been unmaintained since 2022 and does not support NumPy 2.0 amongst other critical functionality.
Please upgrade to Gymnasium, the maintained drop-in replacement of Gym, or contact the authors of your software and request that they upgrade.
Users of this version of Gym should be able to simply replace 'import gym' with 'import gymnasium as gym' in the vast majority of cases.
See the migration guide at https://gymnasium.farama.org/introduction/migration_guide/ for additional information.
src/main.py:81: DeprecationWarning: Using or importing the ABCs from 'collections' instead of from 'collections.abc' is deprecated since Python 3.3, and in 3.10 it will stop working
  if isinstance(v, collections.Mapping):
wandb: [wandb.login()] Loaded credentials for https://api.wandb.ai from /home/pparsons/.netrc.
wandb: Currently logged in as: peterparsons02 (peterparsons02-eth-z-rich) to https://api.wandb.ai. Use `wandb login --relogin` to force relogin
wandb: setting up run ni1tnt5g
wandb: Tracking run with wandb version 0.24.1
wandb: Run data is saved locally in /usr/itetnas04/data-scratch-01/pparsons/data/MyExpoComm/wandb/run-20260727_163422-ni1tnt5g
wandb: Run `wandb offline` to turn off syncing.
wandb: Syncing run my_run-bat_IQL_RNN_noGR_mm_42-20260727_163421
wandb: ⭐️ View project at https://wandb.ai/peterparsons02-eth-z-rich/my_experiment
wandb: 🚀 View run at https://wandb.ai/peterparsons02-eth-z-rich/my_experiment/runs/ni1tnt5g
2026-07-27 16:34:24,483 - my_experiment - bat_IQL_RNN_noGR_mm_42 - my_run - INFO - Current directory: /usr/itetnas04/data-scratch-01/pparsons/data/MyExpoComm.
2026-07-27 16:34:24,485 - my_experiment - bat_IQL_RNN_noGR_mm_42 - my_run - INFO - Experiment Parameters:
2026-07-27 16:34:24,486 - my_experiment - bat_IQL_RNN_noGR_mm_42 - my_run - INFO - 

{   'action_selector': 'epsilon_greedy',
    'add_value_last_step': True,
    'agent': 'rnn',
    'agent_output_type': 'q',
    'batch_size': 32,
    'batch_size_run': 1,
    'buffer_cpu_only': True,
    'buffer_size': 2000,
    'checkpoint_path': '',
    'double_q': True,
    'env': 'MAgent_Battle',
    'env_args': {   'global_reward': False,
                    'map_name': 'battle_view7',
                    'map_size': 25,
                    'max_cycles': 200,
                    'minimap_mode': True,
                    'pretrained_ckpt': None,
                    'seed': 42},
    'epsilon_anneal_time': 1000000,
    'epsilon_finish': 0.05,
    'epsilon_start': 1.0,
    'evaluate': False,
    'evaluation_epsilon': 0.0,
    'exp_name': 'my_experiment',
    'gamma': 0.99,
    'global_reward': False,
    'grad_norm_clip': 10,
    'hidden_dim': 64,
    'hypergroup': None,
    'label': 'default_label',
    'learner': 'q_learner',
    'learner_log_interval': 10000,
    'load_step': 0,
    'local_results_path': 'results',
    'log_interval': 50000,
    'lr': 0.0005,
    'mac': 'basic_mac',
    'mixer': None,
    'name': 'bat_IQL_RNN_noGR_mm_42',
    'obs_agent_id': True,
    'obs_individual_obs': False,
    'obs_last_action': True,
    'optim_alpha': 0.99,
    'optim_eps': 1e-05,
    'render': False,
    'repeat_id': 1,
    'run_name': 'my_run',
    'runner': 'episode',
    'runner_log_interval': 10000,
    'save_model': True,
    'save_model_interval': 500000,
    'save_replay': False,
    'seed': 42,
    'standardise_returns': False,
    'standardise_rewards': True,
    't_max': 5050000,
    'target_update_interval_or_tau': 200,
    'test_greedy': True,
    'test_interval': 50000,
    'test_nepisode': 1,
    'use_cuda': True,
    'use_rnn': True,
    'use_tensorboard': True,
    'work_dir': 'work_dirs/my_experiment/bat_IQL_RNN_noGR_mm_42/my_run/20260727_163421'}

/usr/itetnas04/data-scratch-01/pparsons/data/conda_envs/ExpoComm/lib/python3.8/site-packages/pettingzoo/utils/conversions.py:41: UserWarning: The `from_parallel` function is deprecated. Use the `parallel_to_aec` function instead.
  warnings.warn("The `from_parallel` function is deprecated. Use the `parallel_to_aec` function instead.")
/usr/itetnas04/data-scratch-01/pparsons/data/conda_envs/ExpoComm/lib/python3.8/site-packages/pettingzoo/utils/wrappers/base.py:44: UserWarning: The `observation_spaces` dictionary is deprecated. Use the `observation_space` function instead.
  warnings.warn("The `observation_spaces` dictionary is deprecated. Use the `observation_space` function instead.")
/usr/itetnas04/data-scratch-01/pparsons/data/conda_envs/ExpoComm/lib/python3.8/site-packages/pettingzoo/utils/conversions.py:36: UserWarning: The `to_parallel` function is deprecated. Use the `aec_to_parallel` function instead.
  warnings.warn("The `to_parallel` function is deprecated. Use the `aec_to_parallel` function instead.")
/usr/itetnas04/data-scratch-01/pparsons/data/conda_envs/ExpoComm/lib/python3.8/site-packages/pettingzoo/utils/conversions.py:80: UserWarning: The `action_spaces` dictionary is deprecated. Use the `action_space` function instead.
  warnings.warn("The `action_spaces` dictionary is deprecated. Use the `action_space` function instead.")
/usr/itetnas04/data-scratch-01/pparsons/data/conda_envs/ExpoComm/lib/python3.8/site-packages/pettingzoo/utils/wrappers/base.py:52: UserWarning: The `action_spaces` dictionary is deprecated. Use the `action_space` function instead.
  warnings.warn("The `action_spaces` dictionary is deprecated. Use the `action_space` function instead.")
/usr/itetnas04/data-scratch-01/pparsons/data/conda_envs/ExpoComm/lib/python3.8/site-packages/pettingzoo/utils/conversions.py:72: UserWarning: The `observation_spaces` dictionary is deprecated. Use the `observation_space` function instead.
  warnings.warn("The `observation_spaces` dictionary is deprecated. Use the `observation_space` function instead.")
2026-07-27 16:34:29,682 - my_experiment - bat_IQL_RNN_noGR_mm_42 - my_run - INFO - Beginning training for 5050000 timesteps
/usr/itetnas04/data-scratch-01/pparsons/data/MyExpoComm/src/envs/battle_wrappers.py:258: UserWarning: To copy construct from a tensor, it is recommended to use sourceTensor.clone().detach() or sourceTensor.clone().detach().requires_grad_(True), rather than torch.tensor(sourceTensor).
  actions = torch.tensor(actions, dtype=torch.long)
2026-07-27 16:34:32,038 - my_experiment - bat_IQL_RNN_noGR_mm_42 - my_run - INFO - t_env: 200 / 5050000
2026-07-27 16:34:32,038 - my_experiment - bat_IQL_RNN_noGR_mm_42 - my_run - INFO - Estimated time left: 3 minutes, 57 seconds. Time passed: 2 seconds
2026-07-27 16:34:32,769 - my_experiment - bat_IQL_RNN_noGR_mm_42 - my_run - INFO - Saving models to work_dirs/my_experiment/bat_IQL_RNN_noGR_mm_42/my_run/20260727_163421/models/200
2026-07-27 16:38:44,015 - my_experiment - bat_IQL_RNN_noGR_mm_42 - my_run - INFO - Recent Stats | t_env:      50000 | Episode:      250
blue_team_alives_mean:    20.0000	blue_team_win_mean:        0.0000	ep_length_mean:          200.0000	episode_length_mean:     199.0000
epsilon:                   0.9620	grad_norm:                 0.5964	loss:                      0.3807	q_taken_mean:              0.0012
red_team_alives_mean:     20.0000	red_team_win_mean:         0.0000	return_mean:              -8.4422	return_std:                0.1501
target_mean:               0.0107	td_error_abs:              0.4361	test_blue_team_alives_mean: 20.0000	test_blue_team_win_mean:   0.0000
test_ep_length_mean:     200.0000	test_episode_length_mean:199.0000	test_red_team_alives_mean: 20.0000	test_red_team_win_mean:    0.0000
test_return_mean:        -20.9000	test_return_std:           0.0000	
2026-07-27 16:38:45,065 - my_experiment - bat_IQL_RNN_noGR_mm_42 - my_run - INFO - t_env: 50200 / 5050000
2026-07-27 16:38:45,066 - my_experiment - bat_IQL_RNN_noGR_mm_42 - my_run - INFO - Estimated time left: 7 hours, 1 minutes, 41 seconds. Time passed: 4 minutes, 15 seconds
2026-07-27 16:43:04,270 - my_experiment - bat_IQL_RNN_noGR_mm_42 - my_run - INFO - Recent Stats | t_env:     100000 | Episode:      500
blue_team_alives_mean:    19.9880	blue_team_win_mean:        0.0000	ep_length_mean:          200.0000	episode_length_mean:     199.0000
epsilon:                   0.9145	grad_norm:                 0.4259	loss:                      0.1656	q_taken_mean:              0.0467
red_team_alives_mean:     20.0000	red_team_win_mean:         0.0120	return_mean:              -8.0803	return_std:                0.1778
target_mean:               0.0547	td_error_abs:              0.1973	test_blue_team_alives_mean: 20.0000	test_blue_team_win_mean:   0.0000
test_ep_length_mean:     200.0000	test_episode_length_mean:199.0000	test_red_team_alives_mean: 20.0000	test_red_team_win_mean:    0.0000
test_return_mean:        -10.9500	test_return_std:           0.0000	
2026-07-27 16:43:05,330 - my_experiment - bat_IQL_RNN_noGR_mm_42 - my_run - INFO - t_env: 100200 / 5050000
2026-07-27 16:43:05,330 - my_experiment - bat_IQL_RNN_noGR_mm_42 - my_run - INFO - Estimated time left: 7 hours, 9 minutes, 25 seconds. Time passed: 8 minutes, 35 seconds
2026-07-27 16:47:27,556 - my_experiment - bat_IQL_RNN_noGR_mm_42 - my_run - INFO - Recent Stats | t_env:     150000 | Episode:      750
blue_team_alives_mean:    19.8520	blue_team_win_mean:        0.0000	ep_length_mean:          200.0000	episode_length_mean:     199.0000
epsilon:                   0.8670	grad_norm:                 0.4640	loss:                      0.2706	q_taken_mean:              0.0929
red_team_alives_mean:     20.0000	red_team_win_mean:         0.1280	return_mean:              -7.6318	return_std:                0.2459
target_mean:               0.1004	td_error_abs:              0.1962	test_blue_team_alives_mean: 18.6667	test_blue_team_win_mean:   0.0000
test_ep_length_mean:     200.0000	test_episode_length_mean:199.0000	test_red_team_alives_mean: 20.0000	test_red_team_win_mean:    0.3333
test_return_mean:         -7.3017	test_return_std:           0.0000	
2026-07-27 16:47:28,601 - my_experiment - bat_IQL_RNN_noGR_mm_42 - my_run - INFO - t_env: 150200 / 5050000
2026-07-27 16:47:28,602 - my_experiment - bat_IQL_RNN_noGR_mm_42 - my_run - INFO - Estimated time left: 7 hours, 9 minutes, 59 seconds. Time passed: 12 minutes, 58 seconds
2026-07-27 16:51:49,170 - my_experiment - bat_IQL_RNN_noGR_mm_42 - my_run - INFO - Recent Stats | t_env:     200000 | Episode:     1000
blue_team_alives_mean:    15.3560	blue_team_win_mean:        0.0000	ep_length_mean:          200.0000	episode_length_mean:     199.0000
epsilon:                   0.8195	grad_norm:                 0.5662	loss:                      1.5812	q_taken_mean:              0.1384
red_team_alives_mean:     20.0000	red_team_win_mean:         0.8520	return_mean:              -5.7254	return_std:                0.8070
target_mean:               0.1467	td_error_abs:              0.2431	test_blue_team_alives_mean: 16.7500	test_blue_team_win_mean:   0.0000
test_ep_length_mean:     200.0000	test_episode_length_mean:199.0000	test_red_team_alives_mean: 20.0000	test_red_team_win_mean:    0.5000
test_return_mean:         -5.3225	test_return_std:           0.0000	
2026-07-27 16:51:50,224 - my_experiment - bat_IQL_RNN_noGR_mm_42 - my_run - INFO - t_env: 200200 / 5050000
2026-07-27 16:51:50,225 - my_experiment - bat_IQL_RNN_noGR_mm_42 - my_run - INFO - Estimated time left: 7 hours, 2 minutes, 56 seconds. Time passed: 17 minutes, 20 seconds
2026-07-27 16:56:04,955 - my_experiment - bat_IQL_RNN_noGR_mm_42 - my_run - INFO - Recent Stats | t_env:     250000 | Episode:     1250
blue_team_alives_mean:     5.4680	blue_team_win_mean:        0.0000	ep_length_mean:          200.0000	episode_length_mean:     199.0000
epsilon:                   0.7720	grad_norm:                 1.3831	loss:                      4.4223	q_taken_mean:              0.1872
red_team_alives_mean:     20.0000	red_team_win_mean:         1.0000	return_mean:              -2.7044	return_std:                0.6060
target_mean:               0.2046	td_error_abs:              0.5104	test_blue_team_alives_mean: 14.8000	test_blue_team_win_mean:   0.0000
test_ep_length_mean:     200.0000	test_episode_length_mean:199.0000	test_red_team_alives_mean: 20.0000	test_red_team_win_mean:    0.6000
test_return_mean:         -4.3460	test_return_std:           0.0000	
2026-07-27 16:56:06,003 - my_experiment - bat_IQL_RNN_noGR_mm_42 - my_run - INFO - t_env: 250200 / 5050000
2026-07-27 16:56:06,004 - my_experiment - bat_IQL_RNN_noGR_mm_42 - my_run - INFO - Estimated time left: 6 hours, 49 minutes, 13 seconds. Time passed: 21 minutes, 36 seconds
2026-07-27 17:00:17,815 - my_experiment - bat_IQL_RNN_noGR_mm_42 - my_run - INFO - Recent Stats | t_env:     300039 | Episode:     1501
blue_team_alives_mean:     3.0191	blue_team_win_mean:        0.0000	ep_length_mean:          199.3686	episode_length_mean:     198.3686
epsilon:                   0.7243	grad_norm:                 0.6843	loss:                      4.3559	q_taken_mean:              0.2513
red_team_alives_mean:     20.0000	red_team_win_mean:         1.0000	return_mean:              -1.6930	return_std:                0.5049
target_mean:               0.2584	td_error_abs:              0.5182	test_blue_team_alives_mean: 11.4000	test_blue_team_win_mean:   0.0000
test_ep_length_mean:     200.0000	test_episode_length_mean:199.0000	test_red_team_alives_mean: 20.0000	test_red_team_win_mean:    0.8000
test_return_mean:          0.5270	test_return_std:           0.0000	
2026-07-27 17:00:18,817 - my_experiment - bat_IQL_RNN_noGR_mm_42 - my_run - INFO - t_env: 300239 / 5050000
2026-07-27 17:00:18,818 - my_experiment - bat_IQL_RNN_noGR_mm_42 - my_run - INFO - Estimated time left: 6 hours, 39 minutes, 57 seconds. Time passed: 25 minutes, 49 seconds
2026-07-27 17:04:29,541 - my_experiment - bat_IQL_RNN_noGR_mm_42 - my_run - INFO - Recent Stats | t_env:     350039 | Episode:     1751
blue_team_alives_mean:     3.2640	blue_team_win_mean:        0.0000	ep_length_mean:          200.0000	episode_length_mean:     199.0000
epsilon:                   0.6768	grad_norm:                 0.7591	loss:                      4.1971	q_taken_mean:              0.3066
red_team_alives_mean:     20.0000	red_team_win_mean:         1.0000	return_mean:              -1.5126	return_std:                0.3829
target_mean:               0.3125	td_error_abs:              0.6292	test_blue_team_alives_mean:  8.0000	test_blue_team_win_mean:   0.0000
test_ep_length_mean:     200.0000	test_episode_length_mean:199.0000	test_red_team_alives_mean: 20.0000	test_red_team_win_mean:    1.0000
test_return_mean:          1.4260	test_return_std:           0.0000	
2026-07-27 17:04:30,530 - my_experiment - bat_IQL_RNN_noGR_mm_42 - my_run - INFO - t_env: 350239 / 5050000
2026-07-27 17:04:30,531 - my_experiment - bat_IQL_RNN_noGR_mm_42 - my_run - INFO - Estimated time left: 6 hours, 34 minutes, 19 seconds. Time passed: 30 minutes, 0 seconds
2026-07-27 17:08:39,514 - my_experiment - bat_IQL_RNN_noGR_mm_42 - my_run - INFO - Recent Stats | t_env:     400039 | Episode:     2001
blue_team_alives_mean:     3.0240	blue_team_win_mean:        0.0000	ep_length_mean:          200.0000	episode_length_mean:     199.0000
epsilon:                   0.6293	grad_norm:                 1.0086	loss:                      4.7020	q_taken_mean:              0.3675
red_team_alives_mean:     20.0000	red_team_win_mean:         1.0000	return_mean:              -1.1476	return_std:                0.3840
target_mean:               0.3735	td_error_abs:              0.7575	test_blue_team_alives_mean:  5.6000	test_blue_team_win_mean:   0.0000
test_ep_length_mean:     200.0000	test_episode_length_mean:199.0000	test_red_team_alives_mean: 20.0000	test_red_team_win_mean:    1.0000
test_return_mean:          2.0930	test_return_std:           0.0000	
2026-07-27 17:08:40,504 - my_experiment - bat_IQL_RNN_noGR_mm_42 - my_run - INFO - t_env: 400239 / 5050000
2026-07-27 17:08:40,504 - my_experiment - bat_IQL_RNN_noGR_mm_42 - my_run - INFO - Estimated time left: 6 hours, 27 minutes, 26 seconds. Time passed: 34 minutes, 10 seconds
2026-07-27 17:12:47,639 - my_experiment - bat_IQL_RNN_noGR_mm_42 - my_run - INFO - Recent Stats | t_env:     450113 | Episode:     2252
blue_team_alives_mean:     3.0128	blue_team_win_mean:        0.0000	ep_length_mean:          199.5059	episode_length_mean:     198.5059
epsilon:                   0.5817	grad_norm:                 2.7708	loss:                      6.1412	q_taken_mean:              0.4619
red_team_alives_mean:     20.0000	red_team_win_mean:         1.0000	return_mean:              -0.8171	return_std:                0.4512
target_mean:               0.4719	td_error_abs:              1.0528	test_blue_team_alives_mean:  4.6000	test_blue_team_win_mean:   0.0000
test_ep_length_mean:     200.0000	test_episode_length_mean:199.0000	test_red_team_alives_mean: 20.0000	test_red_team_win_mean:    1.0000
test_return_mean:          2.5320	test_return_std:           0.0000	
2026-07-27 17:12:48,619 - my_experiment - bat_IQL_RNN_noGR_mm_42 - my_run - INFO - t_env: 450313 / 5050000
2026-07-27 17:12:48,620 - my_experiment - bat_IQL_RNN_noGR_mm_42 - my_run - INFO - Estimated time left: 6 hours, 19 minutes, 51 seconds. Time passed: 38 minutes, 18 seconds
2026-07-27 17:16:58,022 - my_experiment - bat_IQL_RNN_noGR_mm_42 - my_run - INFO - Saving models to work_dirs/my_experiment/bat_IQL_RNN_noGR_mm_42/my_run/20260727_163421/models/500208
2026-07-27 17:16:58,034 - my_experiment - bat_IQL_RNN_noGR_mm_42 - my_run - INFO - Recent Stats | t_env:     500208 | Episode:     2511
blue_team_alives_mean:     1.8694	blue_team_win_mean:        0.0000	ep_length_mean:          195.5620	episode_length_mean:     194.5620
epsilon:                   0.5338	grad_norm:                 1.9990	loss:                      5.8326	q_taken_mean:              0.5306
red_team_alives_mean:     20.0000	red_team_win_mean:         1.0000	return_mean:              -0.0365	return_std:                0.5606
target_mean:               0.5383	td_error_abs:              1.0180	test_blue_team_alives_mean:  3.6000	test_blue_team_win_mean:   0.0000
test_ep_length_mean:     200.0000	test_episode_length_mean:199.0000	test_red_team_alives_mean: 20.0000	test_red_team_win_mean:    1.0000
test_return_mean:          3.3970	test_return_std:           0.0000	
2026-07-27 17:16:59,106 - my_experiment - bat_IQL_RNN_noGR_mm_42 - my_run - INFO - t_env: 500408 / 5050000
2026-07-27 17:16:59,107 - my_experiment - bat_IQL_RNN_noGR_mm_42 - my_run - INFO - Estimated time left: 6 hours, 19 minutes, 9 seconds. Time passed: 42 minutes, 29 seconds
2026-07-27 17:21:10,403 - my_experiment - bat_IQL_RNN_noGR_mm_42 - my_run - INFO - Recent Stats | t_env:     550356 | Episode:     2790
blue_team_alives_mean:     1.2005	blue_team_win_mean:        0.0000	ep_length_mean:          182.7504	episode_length_mean:     181.7504
epsilon:                   0.4859	grad_norm:                 1.3626	loss:                      5.8036	q_taken_mean:              0.6152
red_team_alives_mean:     20.0000	red_team_win_mean:         1.0000	return_mean:               0.8440	return_std:                0.9164
target_mean:               0.6161	td_error_abs:              1.0466	test_blue_team_alives_mean:  3.6000	test_blue_team_win_mean:   0.0000
test_ep_length_mean:     200.0000	test_episode_length_mean:199.0000	test_red_team_alives_mean: 20.0000	test_red_team_win_mean:    1.0000
test_return_mean:          3.2640	test_return_std:           0.0000	
2026-07-27 17:21:11,385 - my_experiment - bat_IQL_RNN_noGR_mm_42 - my_run - INFO - t_env: 550556 / 5050000
2026-07-27 17:21:11,386 - my_experiment - bat_IQL_RNN_noGR_mm_42 - my_run - INFO - Estimated time left: 6 hours, 17 minutes, 15 seconds. Time passed: 46 minutes, 41 seconds
2026-07-27 17:25:31,517 - my_experiment - bat_IQL_RNN_noGR_mm_42 - my_run - INFO - Recent Stats | t_env:     600500 | Episode:     3079
blue_team_alives_mean:     1.1842	blue_team_win_mean:        0.0000	ep_length_mean:          172.7420	episode_length_mean:     171.7420
epsilon:                   0.4380	grad_norm:                 4.5659	loss:                      6.0071	q_taken_mean:              0.6941
red_team_alives_mean:     20.0000	red_team_win_mean:         1.0000	return_mean:               1.4307	return_std:                1.1502
target_mean:               0.6934	td_error_abs:              1.1654	test_blue_team_alives_mean:  3.8000	test_blue_team_win_mean:   0.0000
test_ep_length_mean:     200.0000	test_episode_length_mean:199.0000	test_red_team_alives_mean: 20.0000	test_red_team_win_mean:    1.0000
test_return_mean:          3.0800	test_return_std:           0.0000	
2026-07-27 17:25:32,174 - my_experiment - bat_IQL_RNN_noGR_mm_42 - my_run - INFO - t_env: 600602 / 5050000
2026-07-27 17:25:32,174 - my_experiment - bat_IQL_RNN_noGR_mm_42 - my_run - INFO - Estimated time left: 6 hours, 26 minutes, 25 seconds. Time passed: 51 minutes, 2 seconds
2026-07-27 17:29:44,429 - my_experiment - bat_IQL_RNN_noGR_mm_42 - my_run - INFO - t_env: 650693 / 5050000
2026-07-27 17:29:44,430 - my_experiment - bat_IQL_RNN_noGR_mm_42 - my_run - INFO - Estimated time left: 6 hours, 9 minutes, 14 seconds. Time passed: 55 minutes, 14 seconds
2026-07-27 17:29:45,110 - my_experiment - bat_IQL_RNN_noGR_mm_42 - my_run - INFO - Recent Stats | t_env:     650693 | Episode:     3363
blue_team_alives_mean:     1.2680	blue_team_win_mean:        0.0000	ep_length_mean:          176.7761	episode_length_mean:     175.7761
epsilon:                   0.3900	grad_norm:                 3.7491	loss:                      4.9193	q_taken_mean:              0.6790
red_team_alives_mean:     20.0000	red_team_win_mean:         1.0000	return_mean:               1.5972	return_std:                1.1080
target_mean:               0.6857	td_error_abs:              1.0211	test_blue_team_alives_mean:  2.4000	test_blue_team_win_mean:   0.0000
test_ep_length_mean:     167.0000	test_episode_length_mean:166.0000	test_red_team_alives_mean: 20.0000	test_red_team_win_mean:    1.0000
test_return_mean:          3.5390	test_return_std:           0.0000	
2026-07-27 17:33:58,727 - my_experiment - bat_IQL_RNN_noGR_mm_42 - my_run - INFO - t_env: 700831 / 5050000
2026-07-27 17:33:58,729 - my_experiment - bat_IQL_RNN_noGR_mm_42 - my_run - INFO - Estimated time left: 6 hours, 7 minutes, 38 seconds. Time passed: 59 minutes, 29 seconds
2026-07-27 17:33:59,400 - my_experiment - bat_IQL_RNN_noGR_mm_42 - my_run - INFO - Recent Stats | t_env:     700831 | Episode:     3653
blue_team_alives_mean:     1.1950	blue_team_win_mean:        0.0000	ep_length_mean:          176.9903	episode_length_mean:     175.9903
epsilon:                   0.3420	grad_norm:                 2.2332	loss:                      4.4707	q_taken_mean:              0.7136
red_team_alives_mean:     20.0000	red_team_win_mean:         1.0000	return_mean:               1.8729	return_std:                1.0031
target_mean:               0.7157	td_error_abs:              0.9605	test_blue_team_alives_mean:  2.4000	test_blue_team_win_mean:   0.0000
test_ep_length_mean:     167.0000	test_episode_length_mean:166.0000	test_red_team_alives_mean: 20.0000	test_red_team_win_mean:    1.0000
test_return_mean:          3.5160	test_return_std:           0.0000	
2026-07-27 17:38:11,507 - my_experiment - bat_IQL_RNN_noGR_mm_42 - my_run - INFO - t_env: 750979 / 5050000
2026-07-27 17:38:11,509 - my_experiment - bat_IQL_RNN_noGR_mm_42 - my_run - INFO - Estimated time left: 6 hours, 1 minutes, 9 seconds. Time passed: 1 hours, 3 minutes, 41 seconds
2026-07-27 17:38:12,181 - my_experiment - bat_IQL_RNN_noGR_mm_42 - my_run - INFO - Recent Stats | t_env:     750979 | Episode:     3939
blue_team_alives_mean:     1.0811	blue_team_win_mean:        0.0000	ep_length_mean:          171.5512	episode_length_mean:     170.5512
epsilon:                   0.2940	grad_norm:                 1.8041	loss:                      3.9602	q_taken_mean:              0.7214
red_team_alives_mean:     20.0000	red_team_win_mean:         1.0000	return_mean:               2.2780	return_std:                1.0681
target_mean:               0.7216	td_error_abs:              0.9043	test_blue_team_alives_mean:  2.2000	test_blue_team_win_mean:   0.0000
test_ep_length_mean:     167.0000	test_episode_length_mean:166.0000	test_red_team_alives_mean: 20.0000	test_red_team_win_mean:    1.0000
test_return_mean:          3.7170	test_return_std:           0.0000	
2026-07-27 17:42:34,788 - my_experiment - bat_IQL_RNN_noGR_mm_42 - my_run - INFO - t_env: 800979 / 5050000
2026-07-27 17:42:34,789 - my_experiment - bat_IQL_RNN_noGR_mm_42 - my_run - INFO - Estimated time left: 6 hours, 12 minutes, 53 seconds. Time passed: 1 hours, 8 minutes, 5 seconds
2026-07-27 17:42:35,513 - my_experiment - bat_IQL_RNN_noGR_mm_42 - my_run - INFO - Recent Stats | t_env:     800979 | Episode:     4262
blue_team_alives_mean:     1.0259	blue_team_win_mean:        0.0000	ep_length_mean:          162.9727	episode_length_mean:     161.9727
epsilon:                   0.2460	grad_norm:                 1.4235	loss:                      3.9926	q_taken_mean:              0.7555
red_team_alives_mean:     20.0000	red_team_win_mean:         1.0000	return_mean:               2.7245	return_std:                0.9808
target_mean:               0.7568	td_error_abs:              0.9215	test_blue_team_alives_mean:  1.6000	test_blue_team_win_mean:   0.0000
test_ep_length_mean:     167.0000	test_episode_length_mean:166.0000	test_red_team_alives_mean: 20.0000	test_red_team_win_mean:    1.0000
test_return_mean:          4.0160	test_return_std:           0.0000	
2026-07-27 17:48:04,372 - my_experiment - bat_IQL_RNN_noGR_mm_42 - my_run - INFO - t_env: 851037 / 5050000
2026-07-27 17:48:04,373 - my_experiment - bat_IQL_RNN_noGR_mm_42 - my_run - INFO - Estimated time left: 7 hours, 40 minutes, 46 seconds. Time passed: 1 hours, 13 minutes, 34 seconds
2026-07-27 17:48:04,558 - my_experiment - bat_IQL_RNN_noGR_mm_42 - my_run - INFO - Recent Stats | t_env:     851037 | Episode:     4799
blue_team_alives_mean:     1.0238	blue_team_win_mean:        0.0000	ep_length_mean:          109.7913	episode_length_mean:     108.7913
epsilon:                   0.1981	grad_norm:                 1.4773	loss:                      3.6994	q_taken_mean:              0.7828
red_team_alives_mean:     20.0000	red_team_win_mean:         1.0000	return_mean:               3.7781	return_std:                0.7628
target_mean:               0.7829	td_error_abs:              0.8744	test_blue_team_alives_mean:  1.6000	test_blue_team_win_mean:   0.0000
test_ep_length_mean:     170.2000	test_episode_length_mean:169.2000	test_red_team_alives_mean: 20.0000	test_red_team_win_mean:    1.0000
test_return_mean:          3.9800	test_return_std:           0.0000	
2026-07-27 17:54:57,121 - my_experiment - bat_IQL_RNN_noGR_mm_42 - my_run - INFO - t_env: 901056 / 5050000
2026-07-27 17:54:57,122 - my_experiment - bat_IQL_RNN_noGR_mm_42 - my_run - INFO - Estimated time left: 9 hours, 30 minutes, 36 seconds. Time passed: 1 hours, 20 minutes, 27 seconds
2026-07-27 17:54:57,317 - my_experiment - bat_IQL_RNN_noGR_mm_42 - my_run - INFO - Recent Stats | t_env:     901056 | Episode:     5600
blue_team_alives_mean:     1.0389	blue_team_win_mean:        0.0000	ep_length_mean:           62.1203	episode_length_mean:      61.1203
epsilon:                   0.1504	grad_norm:                 2.2809	loss:                      4.4817	q_taken_mean:              0.8985
red_team_alives_mean:     20.0000	red_team_win_mean:         1.0000	return_mean:               4.4786	return_std:                0.5087
target_mean:               0.8995	td_error_abs:              0.9738	test_blue_team_alives_mean:  1.4000	test_blue_team_win_mean:   0.0000
test_ep_length_mean:     140.8000	test_episode_length_mean:139.8000	test_red_team_alives_mean: 20.0000	test_red_team_win_mean:    1.0000
test_return_mean:          4.3360	test_return_std:           0.0000	
2026-07-27 18:01:39,171 - my_experiment - bat_IQL_RNN_noGR_mm_42 - my_run - INFO - t_env: 951080 / 5050000
2026-07-27 18:01:39,172 - my_experiment - bat_IQL_RNN_noGR_mm_42 - my_run - INFO - Estimated time left: 9 hours, 9 minutes, 3 seconds. Time passed: 1 hours, 27 minutes, 9 seconds
2026-07-27 18:01:39,302 - my_experiment - bat_IQL_RNN_noGR_mm_42 - my_run - INFO - Recent Stats | t_env:     951080 | Episode:     6368
blue_team_alives_mean:     1.0433	blue_team_win_mean:        0.0000	ep_length_mean:           68.1392	episode_length_mean:      67.1392
epsilon:                   0.1028	grad_norm:                 4.8678	loss:                      5.5315	q_taken_mean:              1.0098
red_team_alives_mean:     20.0000	red_team_win_mean:         1.0000	return_mean:               4.4587	return_std:                0.6703
target_mean:               1.0059	td_error_abs:              1.1324	test_blue_team_alives_mean:  1.2000	test_blue_team_win_mean:   0.0000
test_ep_length_mean:     107.4000	test_episode_length_mean:106.4000	test_red_team_alives_mean: 20.0000	test_red_team_win_mean:    1.0000
test_return_mean:          4.5970	test_return_std:           0.0000	
2026-07-27 18:10:07,449 - my_experiment - bat_IQL_RNN_noGR_mm_42 - my_run - INFO - Saving models to work_dirs/my_experiment/bat_IQL_RNN_noGR_mm_42/my_run/20260727_163421/models/1000235
2026-07-27 18:10:16,487 - my_experiment - bat_IQL_RNN_noGR_mm_42 - my_run - INFO - t_env: 1001083 / 5050000
2026-07-27 18:10:16,487 - my_experiment - bat_IQL_RNN_noGR_mm_42 - my_run - INFO - Estimated time left: 11 hours, 38 minutes, 8 seconds. Time passed: 1 hours, 35 minutes, 46 seconds
2026-07-27 18:10:16,634 - my_experiment - bat_IQL_RNN_noGR_mm_42 - my_run - INFO - Recent Stats | t_env:    1001083 | Episode:     7525
blue_team_alives_mean:     1.0642	blue_team_win_mean:        0.0000	ep_length_mean:           45.3667	episode_length_mean:      44.3667
epsilon:                   0.0552	grad_norm:                 5.5344	loss:                      6.2009	q_taken_mean:              1.0510
red_team_alives_mean:     20.0000	red_team_win_mean:         1.0000	return_mean:               4.8391	return_std:                0.2317
target_mean:               1.0509	td_error_abs:              1.2765	test_blue_team_alives_mean:  1.0000	test_blue_team_win_mean:   0.0000
test_ep_length_mean:      75.2000	test_episode_length_mean: 74.2000	test_red_team_alives_mean: 20.0000	test_red_team_win_mean:    1.0000
test_return_mean:          4.8210	test_return_std:           0.0000	
2026-07-27 18:18:03,214 - my_experiment - bat_IQL_RNN_noGR_mm_42 - my_run - INFO - t_env: 1051104 / 5050000
2026-07-27 18:18:03,215 - my_experiment - bat_IQL_RNN_noGR_mm_42 - my_run - INFO - Estimated time left: 10 hours, 21 minutes, 52 seconds. Time passed: 1 hours, 43 minutes, 33 seconds
2026-07-27 18:18:03,334 - my_experiment - bat_IQL_RNN_noGR_mm_42 - my_run - INFO - Recent Stats | t_env:    1051104 | Episode:     8780
blue_team_alives_mean:     1.0739	blue_team_win_mean:        0.0000	ep_length_mean:           40.3405	episode_length_mean:      39.3405
epsilon:                   0.0500	grad_norm:                14.4264	loss:                      6.5326	q_taken_mean:              1.1267
red_team_alives_mean:     20.0000	red_team_win_mean:         1.0000	return_mean:               4.9306	return_std:                0.2023
target_mean:               1.1301	td_error_abs:              1.3758	test_blue_team_alives_mean:  1.0000	test_blue_team_win_mean:   0.0000
test_ep_length_mean:      41.4000	test_episode_length_mean: 40.4000	test_red_team_alives_mean: 20.0000	test_red_team_win_mean:    1.0000
test_return_mean:          5.0230	test_return_std:           0.0000	
2026-07-27 18:25:11,149 - my_experiment - bat_IQL_RNN_noGR_mm_42 - my_run - INFO - t_env: 1101130 / 5050000
2026-07-27 18:25:11,150 - my_experiment - bat_IQL_RNN_noGR_mm_42 - my_run - INFO - Estimated time left: 9 hours, 22 minutes, 59 seconds. Time passed: 1 hours, 50 minutes, 41 seconds
2026-07-27 18:25:11,266 - my_experiment - bat_IQL_RNN_noGR_mm_42 - my_run - INFO - Recent Stats | t_env:    1101130 | Episode:    10157
blue_team_alives_mean:     1.0924	blue_team_win_mean:        0.0000	ep_length_mean:           36.6352	episode_length_mean:      35.6352
epsilon:                   0.0500	grad_norm:                11.0283	loss:                      5.2584	q_taken_mean:              1.0459
red_team_alives_mean:     20.0000	red_team_win_mean:         1.0000	return_mean:               4.9979	return_std:                0.0835
target_mean:               1.0454	td_error_abs:              1.1943	test_blue_team_alives_mean:  1.0000	test_blue_team_win_mean:   0.0000
test_ep_length_mean:      37.4000	test_episode_length_mean: 36.4000	test_red_team_alives_mean: 20.0000	test_red_team_win_mean:    1.0000
test_return_mean:          5.0380	test_return_std:           0.0000	
2026-07-27 18:32:33,206 - my_experiment - bat_IQL_RNN_noGR_mm_42 - my_run - INFO - t_env: 1151140 / 5050000
2026-07-27 18:32:33,207 - my_experiment - bat_IQL_RNN_noGR_mm_42 - my_run - INFO - Estimated time left: 9 hours, 34 minutes, 23 seconds. Time passed: 1 hours, 58 minutes, 3 seconds
2026-07-27 18:32:33,354 - my_experiment - bat_IQL_RNN_noGR_mm_42 - my_run - INFO - Recent Stats | t_env:    1151140 | Episode:    11685
blue_team_alives_mean:     1.1173	blue_team_win_mean:        0.0000	ep_length_mean:           33.4516	episode_length_mean:      32.4516
epsilon:                   0.0500	grad_norm:                 6.8860	loss:                      4.9153	q_taken_mean:              0.8675
red_team_alives_mean:     20.0000	red_team_win_mean:         1.0000	return_mean:               5.0000	return_std:                0.0907
target_mean:               0.8702	td_error_abs:              1.1662	test_blue_team_alives_mean:  1.2000	test_blue_team_win_mean:   0.0000
test_ep_length_mean:      32.4000	test_episode_length_mean: 31.4000	test_red_team_alives_mean: 20.0000	test_red_team_win_mean:    1.0000
test_return_mean:          5.0560	test_return_std:           0.0000	
2026-07-27 18:40:16,673 - my_experiment - bat_IQL_RNN_noGR_mm_42 - my_run - INFO - t_env: 1201146 / 5050000
2026-07-27 18:40:16,675 - my_experiment - bat_IQL_RNN_noGR_mm_42 - my_run - INFO - Estimated time left: 9 hours, 54 minutes, 32 seconds. Time passed: 2 hours, 5 minutes, 46 seconds
2026-07-27 18:40:16,781 - my_experiment - bat_IQL_RNN_noGR_mm_42 - my_run - INFO - Recent Stats | t_env:    1201146 | Episode:    13491
blue_team_alives_mean:     1.1833	blue_team_win_mean:        0.0000	ep_length_mean:           28.1762	episode_length_mean:      27.1762
epsilon:                   0.0500	grad_norm:                 4.8476	loss:                      5.1826	q_taken_mean:              0.7100
red_team_alives_mean:     20.0000	red_team_win_mean:         1.0000	return_mean:               5.0354	return_std:                0.0821
target_mean:               0.7083	td_error_abs:              1.2730	test_blue_team_alives_mean:  1.2000	test_blue_team_win_mean:   0.0000
test_ep_length_mean:      30.6000	test_episode_length_mean: 29.6000	test_red_team_alives_mean: 20.0000	test_red_team_win_mean:    1.0000
test_return_mean:          5.0730	test_return_std:           0.0000	
2026-07-27 18:47:49,150 - my_experiment - bat_IQL_RNN_noGR_mm_42 - my_run - INFO - t_env: 1251170 / 5050000
2026-07-27 18:47:49,151 - my_experiment - bat_IQL_RNN_noGR_mm_42 - my_run - INFO - Estimated time left: 9 hours, 32 minutes, 41 seconds. Time passed: 2 hours, 13 minutes, 19 seconds
2026-07-27 18:47:49,246 - my_experiment - bat_IQL_RNN_noGR_mm_42 - my_run - INFO - Recent Stats | t_env:    1251170 | Episode:    15419
blue_team_alives_mean:     1.2360	blue_team_win_mean:        0.0000	ep_length_mean:           26.1148	episode_length_mean:      25.1148
epsilon:                   0.0500	grad_norm:                 2.5220	loss:                      4.9318	q_taken_mean:              0.5433
red_team_alives_mean:     20.0000	red_team_win_mean:         1.0000	return_mean:               5.0887	return_std:                0.0440
target_mean:               0.5437	td_error_abs:              1.2475	test_blue_team_alives_mean:  1.2000	test_blue_team_win_mean:   0.0000
test_ep_length_mean:      27.6000	test_episode_length_mean: 26.6000	test_red_team_alives_mean: 20.0000	test_red_team_win_mean:    1.0000
test_return_mean:          5.1130	test_return_std:           0.0000	
2026-07-27 18:55:15,663 - my_experiment - bat_IQL_RNN_noGR_mm_42 - my_run - INFO - t_env: 1301198 / 5050000
2026-07-27 18:55:15,664 - my_experiment - bat_IQL_RNN_noGR_mm_42 - my_run - INFO - Estimated time left: 9 hours, 17 minutes, 39 seconds. Time passed: 2 hours, 20 minutes, 45 seconds
2026-07-27 18:55:15,780 - my_experiment - bat_IQL_RNN_noGR_mm_42 - my_run - INFO - Recent Stats | t_env:    1301198 | Episode:    17379
blue_team_alives_mean:     1.2768	blue_team_win_mean:        0.0000	ep_length_mean:           25.4808	episode_length_mean:      24.4808
epsilon:                   0.0500	grad_norm:                 3.5851	loss:                      4.5226	q_taken_mean:              0.4553
red_team_alives_mean:     20.0000	red_team_win_mean:         1.0000	return_mean:               5.0973	return_std:                0.0414
target_mean:               0.4544	td_error_abs:              1.1916	test_blue_team_alives_mean:  1.2000	test_blue_team_win_mean:   0.0000
test_ep_length_mean:      26.2000	test_episode_length_mean: 25.2000	test_red_team_alives_mean: 20.0000	test_red_team_win_mean:    1.0000
test_return_mean:          5.1300	test_return_std:           0.0000	
2026-07-27 19:02:41,301 - my_experiment - bat_IQL_RNN_noGR_mm_42 - my_run - INFO - t_env: 1351207 / 5050000
2026-07-27 19:02:41,302 - my_experiment - bat_IQL_RNN_noGR_mm_42 - my_run - INFO - Estimated time left: 9 hours, 9 minutes, 20 seconds. Time passed: 2 hours, 28 minutes, 11 seconds
2026-07-27 19:02:41,394 - my_experiment - bat_IQL_RNN_noGR_mm_42 - my_run - INFO - Recent Stats | t_env:    1351207 | Episode:    19349
blue_team_alives_mean:     1.2545	blue_team_win_mean:        0.0000	ep_length_mean:           25.4380	episode_length_mean:      24.4380
epsilon:                   0.0500	grad_norm:                 1.8607	loss:                      4.1299	q_taken_mean:              0.4143
red_team_alives_mean:     20.0000	red_team_win_mean:         1.0000	return_mean:               5.0950	return_std:                0.0419
target_mean:               0.4140	td_error_abs:              1.1286	test_blue_team_alives_mean:  1.6000	test_blue_team_win_mean:   0.0000
test_ep_length_mean:      24.6000	test_episode_length_mean: 23.6000	test_red_team_alives_mean: 20.0000	test_red_team_win_mean:    1.0000
test_return_mean:          5.1350	test_return_std:           0.0000	
2026-07-27 19:10:03,237 - my_experiment - bat_IQL_RNN_noGR_mm_42 - my_run - INFO - t_env: 1401215 / 5050000
2026-07-27 19:10:03,239 - my_experiment - bat_IQL_RNN_noGR_mm_42 - my_run - INFO - Estimated time left: 8 hours, 57 minutes, 25 seconds. Time passed: 2 hours, 35 minutes, 33 seconds
2026-07-27 19:10:03,334 - my_experiment - bat_IQL_RNN_noGR_mm_42 - my_run - INFO - Recent Stats | t_env:    1401215 | Episode:    21340
blue_team_alives_mean:     1.2611	blue_team_win_mean:        0.0000	ep_length_mean:           25.1734	episode_length_mean:      24.1734
epsilon:                   0.0500	grad_norm:                 1.7580	loss:                      3.7489	q_taken_mean:              0.3859
red_team_alives_mean:     20.0000	red_team_win_mean:         1.0000	return_mean:               5.0829	return_std:                0.0463
target_mean:               0.3865	td_error_abs:              1.0476	test_blue_team_alives_mean:  1.4000	test_blue_team_win_mean:   0.0000
test_ep_length_mean:      23.8000	test_episode_length_mean: 22.8000	test_red_team_alives_mean: 20.0000	test_red_team_win_mean:    1.0000
test_return_mean:          5.1230	test_return_std:           0.0000	
2026-07-27 19:17:22,194 - my_experiment - bat_IQL_RNN_noGR_mm_42 - my_run - INFO - t_env: 1451241 / 5050000
2026-07-27 19:17:22,196 - my_experiment - bat_IQL_RNN_noGR_mm_42 - my_run - INFO - Estimated time left: 8 hours, 46 minutes, 17 seconds. Time passed: 2 hours, 42 minutes, 52 seconds
2026-07-27 19:17:22,286 - my_experiment - bat_IQL_RNN_noGR_mm_42 - my_run - INFO - Recent Stats | t_env:    1451241 | Episode:    23364
blue_team_alives_mean:     1.3060	blue_team_win_mean:        0.0000	ep_length_mean:           24.7158	episode_length_mean:      23.7158
epsilon:                   0.0500	grad_norm:                 1.6810	loss:                      3.5799	q_taken_mean:              0.3719
red_team_alives_mean:     20.0000	red_team_win_mean:         1.0000	return_mean:               5.0735	return_std:                0.0503
target_mean:               0.3722	td_error_abs:              1.0192	test_blue_team_alives_mean:  1.4000	test_blue_team_win_mean:   0.0000
test_ep_length_mean:      23.6000	test_episode_length_mean: 22.6000	test_red_team_alives_mean: 20.0000	test_red_team_win_mean:    1.0000
test_return_mean:          5.1190	test_return_std:           0.0000	
2026-07-27 19:24:40,201 - my_experiment - bat_IQL_RNN_noGR_mm_42 - my_run - INFO - Saving models to work_dirs/my_experiment/bat_IQL_RNN_noGR_mm_42/my_run/20260727_163421/models/1500248
2026-07-27 19:24:48,984 - my_experiment - bat_IQL_RNN_noGR_mm_42 - my_run - INFO - t_env: 1501257 / 5050000
2026-07-27 19:24:48,985 - my_experiment - bat_IQL_RNN_noGR_mm_42 - my_run - INFO - Estimated time left: 8 hours, 48 minutes, 20 seconds. Time passed: 2 hours, 50 minutes, 19 seconds
2026-07-27 19:24:49,072 - my_experiment - bat_IQL_RNN_noGR_mm_42 - my_run - INFO - Recent Stats | t_env:    1501257 | Episode:    25399
blue_team_alives_mean:     1.2743	blue_team_win_mean:        0.0000	ep_length_mean:           24.6115	episode_length_mean:      23.6115
epsilon:                   0.0500	grad_norm:                 1.4004	loss:                      3.3648	q_taken_mean:              0.3506
red_team_alives_mean:     20.0000	red_team_win_mean:         1.0000	return_mean:               5.0815	return_std:                0.0482
target_mean:               0.3507	td_error_abs:              0.9957	test_blue_team_alives_mean:  1.4000	test_blue_team_win_mean:   0.0000
test_ep_length_mean:      23.2000	test_episode_length_mean: 22.2000	test_red_team_alives_mean: 20.0000	test_red_team_win_mean:    1.0000
test_return_mean:          5.1280	test_return_std:           0.0000	
2026-07-27 19:32:15,967 - my_experiment - bat_IQL_RNN_noGR_mm_42 - my_run - INFO - t_env: 1551258 / 5050000
2026-07-27 19:32:15,968 - my_experiment - bat_IQL_RNN_noGR_mm_42 - my_run - INFO - Estimated time left: 8 hours, 41 minutes, 16 seconds. Time passed: 2 hours, 57 minutes, 46 seconds
2026-07-27 19:32:16,056 - my_experiment - bat_IQL_RNN_noGR_mm_42 - my_run - INFO - Recent Stats | t_env:    1551258 | Episode:    27444
blue_team_alives_mean:     1.2964	blue_team_win_mean:        0.0000	ep_length_mean:           24.4964	episode_length_mean:      23.4964
epsilon:                   0.0500	grad_norm:                 1.5165	loss:                      3.2009	q_taken_mean:              0.3316
red_team_alives_mean:     20.0000	red_team_win_mean:         1.0000	return_mean:               5.0806	return_std:                0.0464
target_mean:               0.3321	td_error_abs:              0.9771	test_blue_team_alives_mean:  1.8000	test_blue_team_win_mean:   0.0000
test_ep_length_mean:      22.8000	test_episode_length_mean: 21.8000	test_red_team_alives_mean: 20.0000	test_red_team_win_mean:    1.0000
test_return_mean:          5.1170	test_return_std:           0.0000	
2026-07-27 19:39:45,858 - my_experiment - bat_IQL_RNN_noGR_mm_42 - my_run - INFO - t_env: 1601281 / 5050000
2026-07-27 19:39:45,859 - my_experiment - bat_IQL_RNN_noGR_mm_42 - my_run - INFO - Estimated time left: 8 hours, 36 minutes, 56 seconds. Time passed: 3 hours, 5 minutes, 16 seconds
2026-07-27 19:39:45,947 - my_experiment - bat_IQL_RNN_noGR_mm_42 - my_run - INFO - Recent Stats | t_env:    1601281 | Episode:    29529
blue_team_alives_mean:     1.3115	blue_team_win_mean:        0.0000	ep_length_mean:           24.0462	episode_length_mean:      23.0462
epsilon:                   0.0500	grad_norm:                 1.2450	loss:                      3.0255	q_taken_mean:              0.3228
red_team_alives_mean:     20.0000	red_team_win_mean:         1.0000	return_mean:               5.0934	return_std:                0.0398
target_mean:               0.3228	td_error_abs:              0.9399	test_blue_team_alives_mean:  1.6000	test_blue_team_win_mean:   0.0000
test_ep_length_mean:      22.6000	test_episode_length_mean: 21.6000	test_red_team_alives_mean: 20.0000	test_red_team_win_mean:    1.0000
test_return_mean:          5.1120	test_return_std:           0.0000	
2026-07-27 19:47:12,912 - my_experiment - bat_IQL_RNN_noGR_mm_42 - my_run - INFO - t_env: 1651287 / 5050000
2026-07-27 19:47:12,913 - my_experiment - bat_IQL_RNN_noGR_mm_42 - my_run - INFO - Estimated time left: 8 hours, 26 minutes, 24 seconds. Time passed: 3 hours, 12 minutes, 43 seconds
2026-07-27 19:47:13,007 - my_experiment - bat_IQL_RNN_noGR_mm_42 - my_run - INFO - Recent Stats | t_env:    1651287 | Episode:    31604
blue_team_alives_mean:     1.3133	blue_team_win_mean:        0.0000	ep_length_mean:           24.0887	episode_length_mean:      23.0887
epsilon:                   0.0500	grad_norm:                 1.1802	loss:                      2.9322	q_taken_mean:              0.3165
red_team_alives_mean:     20.0000	red_team_win_mean:         1.0000	return_mean:               5.0913	return_std:                0.0400
target_mean:               0.3160	td_error_abs:              0.9244	test_blue_team_alives_mean:  1.8000	test_blue_team_win_mean:   0.0000
test_ep_length_mean:      22.2000	test_episode_length_mean: 21.2000	test_red_team_alives_mean: 20.0000	test_red_team_win_mean:    1.0000
test_return_mean:          5.1400	test_return_std:           0.0000	
2026-07-27 19:54:43,218 - my_experiment - bat_IQL_RNN_noGR_mm_42 - my_run - INFO - t_env: 1701292 / 5050000
2026-07-27 19:54:43,219 - my_experiment - bat_IQL_RNN_noGR_mm_42 - my_run - INFO - Estimated time left: 8 hours, 22 minutes, 35 seconds. Time passed: 3 hours, 20 minutes, 13 seconds
2026-07-27 19:54:43,306 - my_experiment - bat_IQL_RNN_noGR_mm_42 - my_run - INFO - Recent Stats | t_env:    1701292 | Episode:    33680
blue_team_alives_mean:     1.3076	blue_team_win_mean:        0.0000	ep_length_mean:           24.0587	episode_length_mean:      23.0587
epsilon:                   0.0500	grad_norm:                 1.2436	loss:                      2.7987	q_taken_mean:              0.3026
red_team_alives_mean:     20.0000	red_team_win_mean:         1.0000	return_mean:               5.0925	return_std:                0.0396
target_mean:               0.3028	td_error_abs:              0.9088	test_blue_team_alives_mean:  1.8000	test_blue_team_win_mean:   0.0000
test_ep_length_mean:      22.0000	test_episode_length_mean: 21.0000	test_red_team_alives_mean: 20.0000	test_red_team_win_mean:    1.0000
test_return_mean:          5.1430	test_return_std:           0.0000	
2026-07-27 20:02:09,966 - my_experiment - bat_IQL_RNN_noGR_mm_42 - my_run - INFO - t_env: 1751297 / 5050000
2026-07-27 20:02:09,968 - my_experiment - bat_IQL_RNN_noGR_mm_42 - my_run - INFO - Estimated time left: 8 hours, 11 minutes, 10 seconds. Time passed: 3 hours, 27 minutes, 40 seconds
2026-07-27 20:02:10,063 - my_experiment - bat_IQL_RNN_noGR_mm_42 - my_run - INFO - Recent Stats | t_env:    1751297 | Episode:    35736
blue_team_alives_mean:     1.2649	blue_team_win_mean:        0.0000	ep_length_mean:           24.3038	episode_length_mean:      23.3038
epsilon:                   0.0500	grad_norm:                 1.0629	loss:                      2.6476	q_taken_mean:              0.2876
red_team_alives_mean:     20.0000	red_team_win_mean:         1.0000	return_mean:               5.0842	return_std:                0.0420
target_mean:               0.2877	td_error_abs:              0.8695	test_blue_team_alives_mean:  1.8000	test_blue_team_win_mean:   0.0000
test_ep_length_mean:      22.2000	test_episode_length_mean: 21.2000	test_red_team_alives_mean: 20.0000	test_red_team_win_mean:    1.0000
test_return_mean:          5.1430	test_return_std:           0.0000	
2026-07-27 20:09:35,393 - my_experiment - bat_IQL_RNN_noGR_mm_42 - my_run - INFO - t_env: 1801302 / 5050000
2026-07-27 20:09:35,394 - my_experiment - bat_IQL_RNN_noGR_mm_42 - my_run - INFO - Estimated time left: 8 hours, 2 minutes, 18 seconds. Time passed: 3 hours, 35 minutes, 5 seconds
2026-07-27 20:09:35,482 - my_experiment - bat_IQL_RNN_noGR_mm_42 - my_run - INFO - Recent Stats | t_env:    1801302 | Episode:    37795
blue_team_alives_mean:     1.2698	blue_team_win_mean:        0.0000	ep_length_mean:           24.2937	episode_length_mean:      23.2937
epsilon:                   0.0500	grad_norm:                 1.0713	loss:                      2.5361	q_taken_mean:              0.2757
red_team_alives_mean:     20.0000	red_team_win_mean:         1.0000	return_mean:               5.0813	return_std:                0.0431
target_mean:               0.2758	td_error_abs:              0.8468	test_blue_team_alives_mean:  1.4000	test_blue_team_win_mean:   0.0000
test_ep_length_mean:      22.2000	test_episode_length_mean: 21.2000	test_red_team_alives_mean: 20.0000	test_red_team_win_mean:    1.0000
test_return_mean:          5.1440	test_return_std:           0.0000	
2026-07-27 20:17:02,051 - my_experiment - bat_IQL_RNN_noGR_mm_42 - my_run - INFO - t_env: 1851303 / 5050000
2026-07-27 20:17:02,053 - my_experiment - bat_IQL_RNN_noGR_mm_42 - my_run - INFO - Estimated time left: 7 hours, 56 minutes, 13 seconds. Time passed: 3 hours, 42 minutes, 32 seconds
2026-07-27 20:17:02,142 - my_experiment - bat_IQL_RNN_noGR_mm_42 - my_run - INFO - Recent Stats | t_env:    1851303 | Episode:    39849
blue_team_alives_mean:     1.2478	blue_team_win_mean:        0.0000	ep_length_mean:           24.3291	episode_length_mean:      23.3291
epsilon:                   0.0500	grad_norm:                 1.0473	loss:                      2.4543	q_taken_mean:              0.2675
red_team_alives_mean:     20.0000	red_team_win_mean:         1.0000	return_mean:               5.0856	return_std:                0.0413
target_mean:               0.2682	td_error_abs:              0.8336	test_blue_team_alives_mean:  1.2000	test_blue_team_win_mean:   0.0000
test_ep_length_mean:      22.2000	test_episode_length_mean: 21.2000	test_red_team_alives_mean: 20.0000	test_red_team_win_mean:    1.0000
test_return_mean:          5.1580	test_return_std:           0.0000	
2026-07-27 20:24:30,673 - my_experiment - bat_IQL_RNN_noGR_mm_42 - my_run - INFO - t_env: 1901306 / 5050000
2026-07-27 20:24:30,675 - my_experiment - bat_IQL_RNN_noGR_mm_42 - my_run - INFO - Estimated time left: 7 hours, 50 minutes, 49 seconds. Time passed: 3 hours, 50 minutes, 0 seconds
2026-07-27 20:24:30,800 - my_experiment - bat_IQL_RNN_noGR_mm_42 - my_run - INFO - Recent Stats | t_env:    1901306 | Episode:    41902
blue_team_alives_mean:     1.2642	blue_team_win_mean:        0.0000	ep_length_mean:           24.3721	episode_length_mean:      23.3721
epsilon:                   0.0500	grad_norm:                 0.9194	loss:                      2.3872	q_taken_mean:              0.2635
red_team_alives_mean:     20.0000	red_team_win_mean:         1.0000	return_mean:               5.0888	return_std:                0.0399
target_mean:               0.2636	td_error_abs:              0.8238	test_blue_team_alives_mean:  1.0000	test_blue_team_win_mean:   0.0000
test_ep_length_mean:      22.4000	test_episode_length_mean: 21.4000	test_red_team_alives_mean: 20.0000	test_red_team_win_mean:    1.0000
test_return_mean:          5.1450	test_return_std:           0.0000	
2026-07-27 20:31:57,784 - my_experiment - bat_IQL_RNN_noGR_mm_42 - my_run - INFO - t_env: 1951316 / 5050000
2026-07-27 20:31:57,785 - my_experiment - bat_IQL_RNN_noGR_mm_42 - my_run - INFO - Estimated time left: 7 hours, 41 minutes, 43 seconds. Time passed: 3 hours, 57 minutes, 28 seconds
2026-07-27 20:31:57,874 - my_experiment - bat_IQL_RNN_noGR_mm_42 - my_run - INFO - Recent Stats | t_env:    1951316 | Episode:    43958
blue_team_alives_mean:     1.2602	blue_team_win_mean:        0.0000	ep_length_mean:           24.3504	episode_length_mean:      23.3504
epsilon:                   0.0500	grad_norm:                 0.9983	loss:                      2.2854	q_taken_mean:              0.2531
red_team_alives_mean:     20.0000	red_team_win_mean:         1.0000	return_mean:               5.0882	return_std:                0.0401
target_mean:               0.2524	td_error_abs:              0.8060	test_blue_team_alives_mean:  1.2000	test_blue_team_win_mean:   0.0000
test_ep_length_mean:      22.2000	test_episode_length_mean: 21.2000	test_red_team_alives_mean: 20.0000	test_red_team_win_mean:    1.0000
test_return_mean:          5.1490	test_return_std:           0.0000	
2026-07-27 20:39:17,130 - my_experiment - bat_IQL_RNN_noGR_mm_42 - my_run - INFO - Saving models to work_dirs/my_experiment/bat_IQL_RNN_noGR_mm_42/my_run/20260727_163421/models/2000248
2026-07-27 20:39:26,937 - my_experiment - bat_IQL_RNN_noGR_mm_42 - my_run - INFO - t_env: 2001334 / 5050000
2026-07-27 20:39:26,937 - my_experiment - bat_IQL_RNN_noGR_mm_42 - my_run - INFO - Estimated time left: 7 hours, 36 minutes, 16 seconds. Time passed: 4 hours, 4 minutes, 57 seconds
2026-07-27 20:39:27,025 - my_experiment - bat_IQL_RNN_noGR_mm_42 - my_run - INFO - Recent Stats | t_env:    2001334 | Episode:    46027
blue_team_alives_mean:     1.2735	blue_team_win_mean:        0.0000	ep_length_mean:           24.1496	episode_length_mean:      23.1496
epsilon:                   0.0500	grad_norm:                 0.8899	loss:                      2.2342	q_taken_mean:              0.2488
red_team_alives_mean:     20.0000	red_team_win_mean:         1.0000	return_mean:               5.0946	return_std:                0.0388
target_mean:               0.2488	td_error_abs:              0.7978	test_blue_team_alives_mean:  1.4000	test_blue_team_win_mean:   0.0000
test_ep_length_mean:      21.8000	test_episode_length_mean: 20.8000	test_red_team_alives_mean: 20.0000	test_red_team_win_mean:    1.0000
test_return_mean:          5.1500	test_return_std:           0.0000	
2026-07-27 20:46:57,022 - my_experiment - bat_IQL_RNN_noGR_mm_42 - my_run - INFO - t_env: 2051349 / 5050000
2026-07-27 20:46:57,023 - my_experiment - bat_IQL_RNN_noGR_mm_42 - my_run - INFO - Estimated time left: 7 hours, 29 minutes, 44 seconds. Time passed: 4 hours, 12 minutes, 27 seconds
2026-07-27 20:46:57,113 - my_experiment - bat_IQL_RNN_noGR_mm_42 - my_run - INFO - Recent Stats | t_env:    2051349 | Episode:    48090
blue_team_alives_mean:     1.2512	blue_team_win_mean:        0.0000	ep_length_mean:           24.2452	episode_length_mean:      23.2452
epsilon:                   0.0500	grad_norm:                 0.9348	loss:                      2.2204	q_taken_mean:              0.2445
red_team_alives_mean:     20.0000	red_team_win_mean:         1.0000	return_mean:               5.0846	return_std:                0.0448
target_mean:               0.2449	td_error_abs:              0.7910	test_blue_team_alives_mean:  1.4000	test_blue_team_win_mean:   0.0000
test_ep_length_mean:      21.6000	test_episode_length_mean: 20.6000	test_red_team_alives_mean: 20.0000	test_red_team_win_mean:    1.0000
test_return_mean:          5.1630	test_return_std:           0.0000	
2026-07-27 20:54:25,640 - my_experiment - bat_IQL_RNN_noGR_mm_42 - my_run - INFO - t_env: 2101361 / 5050000
2026-07-27 20:54:25,641 - my_experiment - bat_IQL_RNN_noGR_mm_42 - my_run - INFO - Estimated time left: 7 hours, 20 minutes, 49 seconds. Time passed: 4 hours, 19 minutes, 55 seconds
2026-07-27 20:54:25,742 - my_experiment - bat_IQL_RNN_noGR_mm_42 - my_run - INFO - Recent Stats | t_env:    2101361 | Episode:    50154
blue_team_alives_mean:     1.2557	blue_team_win_mean:        0.0000	ep_length_mean:           24.2495	episode_length_mean:      23.2495
epsilon:                   0.0500	grad_norm:                 1.0172	loss:                      2.1258	q_taken_mean:              0.2333
red_team_alives_mean:     20.0000	red_team_win_mean:         1.0000	return_mean:               5.0959	return_std:                0.0380
target_mean:               0.2332	td_error_abs:              0.7774	test_blue_team_alives_mean:  1.4000	test_blue_team_win_mean:   0.0000
test_ep_length_mean:      22.0000	test_episode_length_mean: 21.0000	test_red_team_alives_mean: 20.0000	test_red_team_win_mean:    1.0000
test_return_mean:          5.1470	test_return_std:           0.0000	
2026-07-27 21:01:54,097 - my_experiment - bat_IQL_RNN_noGR_mm_42 - my_run - INFO - t_env: 2151366 / 5050000
2026-07-27 21:01:54,098 - my_experiment - bat_IQL_RNN_noGR_mm_42 - my_run - INFO - Estimated time left: 7 hours, 13 minutes, 15 seconds. Time passed: 4 hours, 27 minutes, 24 seconds
2026-07-27 21:01:54,223 - my_experiment - bat_IQL_RNN_noGR_mm_42 - my_run - INFO - Recent Stats | t_env:    2151366 | Episode:    52217
blue_team_alives_mean:     1.2599	blue_team_win_mean:        0.0000	ep_length_mean:           24.2028	episode_length_mean:      23.2028
epsilon:                   0.0500	grad_norm:                 0.9047	loss:                      2.1016	q_taken_mean:              0.2269
red_team_alives_mean:     20.0000	red_team_win_mean:         1.0000	return_mean:               5.0934	return_std:                0.0395
target_mean:               0.2273	td_error_abs:              0.7724	test_blue_team_alives_mean:  1.6000	test_blue_team_win_mean:   0.0000
test_ep_length_mean:      22.0000	test_episode_length_mean: 21.0000	test_red_team_alives_mean: 20.0000	test_red_team_win_mean:    1.0000
test_return_mean:          5.1560	test_return_std:           0.0000	
2026-07-27 21:09:20,937 - my_experiment - bat_IQL_RNN_noGR_mm_42 - my_run - INFO - t_env: 2201371 / 5050000
2026-07-27 21:09:20,939 - my_experiment - bat_IQL_RNN_noGR_mm_42 - my_run - INFO - Estimated time left: 7 hours, 4 minutes, 15 seconds. Time passed: 4 hours, 34 minutes, 51 seconds
2026-07-27 21:09:21,037 - my_experiment - bat_IQL_RNN_noGR_mm_42 - my_run - INFO - Recent Stats | t_env:    2201371 | Episode:    54252
blue_team_alives_mean:     1.2246	blue_team_win_mean:        0.0000	ep_length_mean:           24.5862	episode_length_mean:      23.5862
epsilon:                   0.0500	grad_norm:                 0.9543	loss:                      2.0423	q_taken_mean:              0.2263
red_team_alives_mean:     20.0000	red_team_win_mean:         1.0000	return_mean:               5.0845	return_std:                0.0410
target_mean:               0.2263	td_error_abs:              0.7648	test_blue_team_alives_mean:  1.4000	test_blue_team_win_mean:   0.0000
test_ep_length_mean:      22.6000	test_episode_length_mean: 21.6000	test_red_team_alives_mean: 20.0000	test_red_team_win_mean:    1.0000
test_return_mean:          5.1530	test_return_std:           0.0000	
2026-07-27 21:16:50,225 - my_experiment - bat_IQL_RNN_noGR_mm_42 - my_run - INFO - t_env: 2251373 / 5050000
2026-07-27 21:16:50,226 - my_experiment - bat_IQL_RNN_noGR_mm_42 - my_run - INFO - Estimated time left: 6 hours, 59 minutes, 6 seconds. Time passed: 4 hours, 42 minutes, 20 seconds
2026-07-27 21:16:50,348 - my_experiment - bat_IQL_RNN_noGR_mm_42 - my_run - INFO - Recent Stats | t_env:    2251373 | Episode:    56320
blue_team_alives_mean:     1.2605	blue_team_win_mean:        0.0000	ep_length_mean:           24.1848	episode_length_mean:      23.1848
epsilon:                   0.0500	grad_norm:                 0.9006	loss:                      2.0015	q_taken_mean:              0.2248
red_team_alives_mean:     20.0000	red_team_win_mean:         1.0000	return_mean:               5.0981	return_std:                0.0401
target_mean:               0.2251	td_error_abs:              0.7584	test_blue_team_alives_mean:  1.6000	test_blue_team_win_mean:   0.0000
test_ep_length_mean:      22.8000	test_episode_length_mean: 21.8000	test_red_team_alives_mean: 20.0000	test_red_team_win_mean:    1.0000
test_return_mean:          5.1460	test_return_std:           0.0000	
2026-07-27 21:24:18,356 - my_experiment - bat_IQL_RNN_noGR_mm_42 - my_run - INFO - t_env: 2301388 / 5050000
2026-07-27 21:24:18,358 - my_experiment - bat_IQL_RNN_noGR_mm_42 - my_run - INFO - Estimated time left: 6 hours, 50 minutes, 27 seconds. Time passed: 4 hours, 49 minutes, 48 seconds
2026-07-27 21:24:18,455 - my_experiment - bat_IQL_RNN_noGR_mm_42 - my_run - INFO - Recent Stats | t_env:    2301388 | Episode:    58376
blue_team_alives_mean:     1.2836	blue_team_win_mean:        0.0000	ep_length_mean:           24.3120	episode_length_mean:      23.3120
epsilon:                   0.0500	grad_norm:                 0.9783	loss:                      1.9708	q_taken_mean:              0.2245
red_team_alives_mean:     20.0000	red_team_win_mean:         1.0000	return_mean:               5.0907	return_std:                0.0431
target_mean:               0.2238	td_error_abs:              0.7601	test_blue_team_alives_mean:  1.6000	test_blue_team_win_mean:   0.0000
test_ep_length_mean:      23.4000	test_episode_length_mean: 22.4000	test_red_team_alives_mean: 20.0000	test_red_team_win_mean:    1.0000
test_return_mean:          5.1300	test_return_std:           0.0000	
2026-07-27 21:31:46,636 - my_experiment - bat_IQL_RNN_noGR_mm_42 - my_run - INFO - t_env: 2351406 / 5050000
2026-07-27 21:31:46,637 - my_experiment - bat_IQL_RNN_noGR_mm_42 - my_run - INFO - Estimated time left: 6 hours, 43 minutes, 5 seconds. Time passed: 4 hours, 57 minutes, 16 seconds
2026-07-27 21:31:46,733 - my_experiment - bat_IQL_RNN_noGR_mm_42 - my_run - INFO - Recent Stats | t_env:    2351406 | Episode:    60438
blue_team_alives_mean:     1.2444	blue_team_win_mean:        0.0000	ep_length_mean:           24.2848	episode_length_mean:      23.2848
epsilon:                   0.0500	grad_norm:                 0.9547	loss:                      1.9421	q_taken_mean:              0.2176
red_team_alives_mean:     20.0000	red_team_win_mean:         1.0000	return_mean:               5.0921	return_std:                0.0378
target_mean:               0.2180	td_error_abs:              0.7529	test_blue_team_alives_mean:  1.6000	test_blue_team_win_mean:   0.0000
test_ep_length_mean:      23.2000	test_episode_length_mean: 22.2000	test_red_team_alives_mean: 20.0000	test_red_team_win_mean:    1.0000
test_return_mean:          5.1340	test_return_std:           0.0000	
2026-07-27 21:39:16,925 - my_experiment - bat_IQL_RNN_noGR_mm_42 - my_run - INFO - t_env: 2401422 / 5050000
2026-07-27 21:39:16,926 - my_experiment - bat_IQL_RNN_noGR_mm_42 - my_run - INFO - Estimated time left: 6 hours, 37 minutes, 24 seconds. Time passed: 5 hours, 4 minutes, 47 seconds
2026-07-27 21:39:17,021 - my_experiment - bat_IQL_RNN_noGR_mm_42 - my_run - INFO - Recent Stats | t_env:    2401422 | Episode:    62499
blue_team_alives_mean:     1.2318	blue_team_win_mean:        0.0000	ep_length_mean:           24.2683	episode_length_mean:      23.2683
epsilon:                   0.0500	grad_norm:                 0.8559	loss:                      1.8681	q_taken_mean:              0.2135
red_team_alives_mean:     20.0000	red_team_win_mean:         1.0000	return_mean:               5.0945	return_std:                0.0506
target_mean:               0.2128	td_error_abs:              0.7321	test_blue_team_alives_mean:  1.4000	test_blue_team_win_mean:   0.0000
test_ep_length_mean:      23.0000	test_episode_length_mean: 22.0000	test_red_team_alives_mean: 20.0000	test_red_team_win_mean:    1.0000
test_return_mean:          5.1380	test_return_std:           0.0000	
2026-07-27 21:46:49,835 - my_experiment - bat_IQL_RNN_noGR_mm_42 - my_run - INFO - t_env: 2451442 / 5050000
2026-07-27 21:46:49,836 - my_experiment - bat_IQL_RNN_noGR_mm_42 - my_run - INFO - Estimated time left: 6 hours, 32 minutes, 8 seconds. Time passed: 5 hours, 12 minutes, 20 seconds
2026-07-27 21:46:49,929 - my_experiment - bat_IQL_RNN_noGR_mm_42 - my_run - INFO - Recent Stats | t_env:    2451442 | Episode:    64590
blue_team_alives_mean:     1.3051	blue_team_win_mean:        0.0000	ep_length_mean:           23.9684	episode_length_mean:      22.9684
epsilon:                   0.0500	grad_norm:                 0.8216	loss:                      1.8699	q_taken_mean:              0.2114
red_team_alives_mean:     20.0000	red_team_win_mean:         1.0000	return_mean:               5.0992	return_std:                0.0373
target_mean:               0.2112	td_error_abs:              0.7369	test_blue_team_alives_mean:  1.8000	test_blue_team_win_mean:   0.0000
test_ep_length_mean:      22.8000	test_episode_length_mean: 21.8000	test_red_team_alives_mean: 20.0000	test_red_team_win_mean:    1.0000
test_return_mean:          5.1180	test_return_std:           0.0000	
2026-07-27 21:54:09,537 - my_experiment - bat_IQL_RNN_noGR_mm_42 - my_run - INFO - Saving models to work_dirs/my_experiment/bat_IQL_RNN_noGR_mm_42/my_run/20260727_163421/models/2500254
2026-07-27 21:54:20,287 - my_experiment - bat_IQL_RNN_noGR_mm_42 - my_run - INFO - t_env: 2501464 / 5050000
2026-07-27 21:54:20,288 - my_experiment - bat_IQL_RNN_noGR_mm_42 - my_run - INFO - Estimated time left: 6 hours, 22 minutes, 29 seconds. Time passed: 5 hours, 19 minutes, 50 seconds
2026-07-27 21:54:20,386 - my_experiment - bat_IQL_RNN_noGR_mm_42 - my_run - INFO - Recent Stats | t_env:    2501464 | Episode:    66687
blue_team_alives_mean:     1.2937	blue_team_win_mean:        0.0000	ep_length_mean:           23.8198	episode_length_mean:      22.8198
epsilon:                   0.0500	grad_norm:                 0.8357	loss:                      1.8631	q_taken_mean:              0.2110
red_team_alives_mean:     20.0000	red_team_win_mean:         1.0000	return_mean:               5.1024	return_std:                0.0375
target_mean:               0.2105	td_error_abs:              0.7359	test_blue_team_alives_mean:  1.4000	test_blue_team_win_mean:   0.0000
test_ep_length_mean:      23.4000	test_episode_length_mean: 22.4000	test_red_team_alives_mean: 20.0000	test_red_team_win_mean:    1.0000
test_return_mean:          5.1080	test_return_std:           0.0000	
2026-07-27 22:01:48,935 - my_experiment - bat_IQL_RNN_noGR_mm_42 - my_run - INFO - t_env: 2551489 / 5050000
2026-07-27 22:01:48,936 - my_experiment - bat_IQL_RNN_noGR_mm_42 - my_run - INFO - Estimated time left: 6 hours, 13 minutes, 27 seconds. Time passed: 5 hours, 27 minutes, 19 seconds
2026-07-27 22:01:49,035 - my_experiment - bat_IQL_RNN_noGR_mm_42 - my_run - INFO - Recent Stats | t_env:    2551489 | Episode:    68760
blue_team_alives_mean:     1.2750	blue_team_win_mean:        0.0000	ep_length_mean:           24.1303	episode_length_mean:      23.1303
epsilon:                   0.0500	grad_norm:                 0.8902	loss:                      1.8358	q_taken_mean:              0.2058
red_team_alives_mean:     20.0000	red_team_win_mean:         1.0000	return_mean:               5.0953	return_std:                0.0390
target_mean:               0.2063	td_error_abs:              0.7217	test_blue_team_alives_mean:  1.4000	test_blue_team_win_mean:   0.0000
test_ep_length_mean:      23.6000	test_episode_length_mean: 22.6000	test_red_team_alives_mean: 20.0000	test_red_team_win_mean:    1.0000
test_return_mean:          5.1110	test_return_std:           0.0000	
2026-07-27 22:09:19,372 - my_experiment - bat_IQL_RNN_noGR_mm_42 - my_run - INFO - t_env: 2601508 / 5050000
2026-07-27 22:09:19,374 - my_experiment - bat_IQL_RNN_noGR_mm_42 - my_run - INFO - Estimated time left: 6 hours, 7 minutes, 29 seconds. Time passed: 5 hours, 34 minutes, 49 seconds
2026-07-27 22:09:19,496 - my_experiment - bat_IQL_RNN_noGR_mm_42 - my_run - INFO - Recent Stats | t_env:    2601508 | Episode:    70841
blue_team_alives_mean:     1.2750	blue_team_win_mean:        0.0000	ep_length_mean:           24.0268	episode_length_mean:      23.0268
epsilon:                   0.0500	grad_norm:                 0.7373	loss:                      1.8039	q_taken_mean:              0.2002
red_team_alives_mean:     20.0000	red_team_win_mean:         1.0000	return_mean:               5.0990	return_std:                0.0379
target_mean:               0.2006	td_error_abs:              0.7146	test_blue_team_alives_mean:  1.6000	test_blue_team_win_mean:   0.0000
test_ep_length_mean:      23.4000	test_episode_length_mean: 22.4000	test_red_team_alives_mean: 20.0000	test_red_team_win_mean:    1.0000
test_return_mean:          5.1180	test_return_std:           0.0000	
2026-07-27 22:16:49,527 - my_experiment - bat_IQL_RNN_noGR_mm_42 - my_run - INFO - t_env: 2651516 / 5050000
2026-07-27 22:16:49,529 - my_experiment - bat_IQL_RNN_noGR_mm_42 - my_run - INFO - Estimated time left: 5 hours, 59 minutes, 50 seconds. Time passed: 5 hours, 42 minutes, 19 seconds
2026-07-27 22:16:49,620 - my_experiment - bat_IQL_RNN_noGR_mm_42 - my_run - INFO - Recent Stats | t_env:    2651516 | Episode:    72911
blue_team_alives_mean:     1.2426	blue_team_win_mean:        0.0000	ep_length_mean:           24.1469	episode_length_mean:      23.1469
epsilon:                   0.0500	grad_norm:                 0.8320	loss:                      1.7786	q_taken_mean:              0.1980
red_team_alives_mean:     20.0000	red_team_win_mean:         1.0000	return_mean:               5.0981	return_std:                0.0382
target_mean:               0.1981	td_error_abs:              0.7114	test_blue_team_alives_mean:  1.8000	test_blue_team_win_mean:   0.0000
test_ep_length_mean:      23.4000	test_episode_length_mean: 22.4000	test_red_team_alives_mean: 20.0000	test_red_team_win_mean:    1.0000
test_return_mean:          5.1140	test_return_std:           0.0000	
2026-07-27 22:24:20,414 - my_experiment - bat_IQL_RNN_noGR_mm_42 - my_run - INFO - t_env: 2701518 / 5050000
2026-07-27 22:24:20,415 - my_experiment - bat_IQL_RNN_noGR_mm_42 - my_run - INFO - Estimated time left: 5 hours, 52 minutes, 57 seconds. Time passed: 5 hours, 49 minutes, 50 seconds
2026-07-27 22:24:20,509 - my_experiment - bat_IQL_RNN_noGR_mm_42 - my_run - INFO - Recent Stats | t_env:    2701518 | Episode:    74963
blue_team_alives_mean:     1.2555	blue_team_win_mean:        0.0000	ep_length_mean:           24.3705	episode_length_mean:      23.3705
epsilon:                   0.0500	grad_norm:                 0.8350	loss:                      1.7424	q_taken_mean:              0.1947
red_team_alives_mean:     20.0000	red_team_win_mean:         1.0000	return_mean:               5.0924	return_std:                0.0468
target_mean:               0.1946	td_error_abs:              0.7039	test_blue_team_alives_mean:  1.4000	test_blue_team_win_mean:   0.0000
test_ep_length_mean:      23.4000	test_episode_length_mean: 22.4000	test_red_team_alives_mean: 20.0000	test_red_team_win_mean:    1.0000
test_return_mean:          5.1190	test_return_std:           0.0000	
2026-07-27 22:31:49,129 - my_experiment - bat_IQL_RNN_noGR_mm_42 - my_run - INFO - t_env: 2751531 / 5050000
2026-07-27 22:31:49,130 - my_experiment - bat_IQL_RNN_noGR_mm_42 - my_run - INFO - Estimated time left: 5 hours, 43 minutes, 41 seconds. Time passed: 5 hours, 57 minutes, 19 seconds
2026-07-27 22:31:49,226 - my_experiment - bat_IQL_RNN_noGR_mm_42 - my_run - INFO - Recent Stats | t_env:    2751531 | Episode:    77027
blue_team_alives_mean:     1.2496	blue_team_win_mean:        0.0000	ep_length_mean:           24.2155	episode_length_mean:      23.2155
epsilon:                   0.0500	grad_norm:                 0.8315	loss:                      1.7249	q_taken_mean:              0.1927
red_team_alives_mean:     20.0000	red_team_win_mean:         1.0000	return_mean:               5.0938	return_std:                0.0384
target_mean:               0.1928	td_error_abs:              0.7031	test_blue_team_alives_mean:  1.4000	test_blue_team_win_mean:   0.0000
test_ep_length_mean:      23.2000	test_episode_length_mean: 22.2000	test_red_team_alives_mean: 20.0000	test_red_team_win_mean:    1.0000
test_return_mean:          5.1180	test_return_std:           0.0000	
2026-07-27 22:39:18,277 - my_experiment - bat_IQL_RNN_noGR_mm_42 - my_run - INFO - t_env: 2801542 / 5050000
2026-07-27 22:39:18,278 - my_experiment - bat_IQL_RNN_noGR_mm_42 - my_run - INFO - Estimated time left: 5 hours, 36 minutes, 33 seconds. Time passed: 6 hours, 4 minutes, 48 seconds
2026-07-27 22:39:18,368 - my_experiment - bat_IQL_RNN_noGR_mm_42 - my_run - INFO - Recent Stats | t_env:    2801542 | Episode:    79078
blue_team_alives_mean:     1.2435	blue_team_win_mean:        0.0000	ep_length_mean:           24.4127	episode_length_mean:      23.4127
epsilon:                   0.0500	grad_norm:                 0.7163	loss:                      1.6872	q_taken_mean:              0.1879
red_team_alives_mean:     20.0000	red_team_win_mean:         1.0000	return_mean:               5.0931	return_std:                0.0388
target_mean:               0.1877	td_error_abs:              0.6931	test_blue_team_alives_mean:  1.6000	test_blue_team_win_mean:   0.0000
test_ep_length_mean:      22.6000	test_episode_length_mean: 21.6000	test_red_team_alives_mean: 20.0000	test_red_team_win_mean:    1.0000
test_return_mean:          5.1210	test_return_std:           0.0000	
2026-07-27 22:46:47,810 - my_experiment - bat_IQL_RNN_noGR_mm_42 - my_run - INFO - t_env: 2851549 / 5050000
2026-07-27 22:46:47,811 - my_experiment - bat_IQL_RNN_noGR_mm_42 - my_run - INFO - Estimated time left: 5 hours, 29 minutes, 22 seconds. Time passed: 6 hours, 12 minutes, 18 seconds
2026-07-27 22:46:47,902 - my_experiment - bat_IQL_RNN_noGR_mm_42 - my_run - INFO - Recent Stats | t_env:    2851549 | Episode:    81149
blue_team_alives_mean:     1.2855	blue_team_win_mean:        0.0000	ep_length_mean:           24.1070	episode_length_mean:      23.1070
epsilon:                   0.0500	grad_norm:                 0.7895	loss:                      1.6935	q_taken_mean:              0.1889
red_team_alives_mean:     20.0000	red_team_win_mean:         1.0000	return_mean:               5.1053	return_std:                0.0396
target_mean:               0.1890	td_error_abs:              0.6963	test_blue_team_alives_mean:  1.4000	test_blue_team_win_mean:   0.0000
test_ep_length_mean:      22.8000	test_episode_length_mean: 21.8000	test_red_team_alives_mean: 20.0000	test_red_team_win_mean:    1.0000
test_return_mean:          5.1180	test_return_std:           0.0000	
2026-07-27 22:54:15,922 - my_experiment - bat_IQL_RNN_noGR_mm_42 - my_run - INFO - t_env: 2901551 / 5050000
2026-07-27 22:54:15,923 - my_experiment - bat_IQL_RNN_noGR_mm_42 - my_run - INFO - Estimated time left: 5 hours, 20 minutes, 54 seconds. Time passed: 6 hours, 19 minutes, 46 seconds
2026-07-27 22:54:16,050 - my_experiment - bat_IQL_RNN_noGR_mm_42 - my_run - INFO - Recent Stats | t_env:    2901551 | Episode:    83201
blue_team_alives_mean:     1.2411	blue_team_win_mean:        0.0000	ep_length_mean:           24.3839	episode_length_mean:      23.3839
epsilon:                   0.0500	grad_norm:                 0.7348	loss:                      1.6492	q_taken_mean:              0.1859
red_team_alives_mean:     20.0000	red_team_win_mean:         1.0000	return_mean:               5.0967	return_std:                0.0400
target_mean:               0.1858	td_error_abs:              0.6877	test_blue_team_alives_mean:  1.2000	test_blue_team_win_mean:   0.0000
test_ep_length_mean:      23.0000	test_episode_length_mean: 22.0000	test_red_team_alives_mean: 20.0000	test_red_team_win_mean:    1.0000
test_return_mean:          5.1110	test_return_std:           0.0000	
2026-07-27 23:01:45,777 - my_experiment - bat_IQL_RNN_noGR_mm_42 - my_run - INFO - t_env: 2951557 / 5050000
2026-07-27 23:01:45,778 - my_experiment - bat_IQL_RNN_noGR_mm_42 - my_run - INFO - Estimated time left: 5 hours, 14 minutes, 37 seconds. Time passed: 6 hours, 27 minutes, 16 seconds
2026-07-27 23:01:45,868 - my_experiment - bat_IQL_RNN_noGR_mm_42 - my_run - INFO - Recent Stats | t_env:    2951557 | Episode:    85282
blue_team_alives_mean:     1.3127	blue_team_win_mean:        0.0000	ep_length_mean:           24.0423	episode_length_mean:      23.0423
epsilon:                   0.0500	grad_norm:                 0.7439	loss:                      1.6473	q_taken_mean:              0.1848
red_team_alives_mean:     20.0000	red_team_win_mean:         1.0000	return_mean:               5.1028	return_std:                0.0370
target_mean:               0.1847	td_error_abs:              0.6818	test_blue_team_alives_mean:  1.2000	test_blue_team_win_mean:   0.0000
test_ep_length_mean:      22.8000	test_episode_length_mean: 21.8000	test_red_team_alives_mean: 20.0000	test_red_team_win_mean:    1.0000
test_return_mean:          5.1210	test_return_std:           0.0000	
2026-07-27 23:09:01,613 - my_experiment - bat_IQL_RNN_noGR_mm_42 - my_run - INFO - Saving models to work_dirs/my_experiment/bat_IQL_RNN_noGR_mm_42/my_run/20260727_163421/models/3000259
2026-07-27 23:09:13,278 - my_experiment - bat_IQL_RNN_noGR_mm_42 - my_run - INFO - t_env: 3001573 / 5050000
2026-07-27 23:09:13,279 - my_experiment - bat_IQL_RNN_noGR_mm_42 - my_run - INFO - Estimated time left: 5 hours, 5 minutes, 27 seconds. Time passed: 6 hours, 34 minutes, 43 seconds
2026-07-27 23:09:13,371 - my_experiment - bat_IQL_RNN_noGR_mm_42 - my_run - INFO - Recent Stats | t_env:    3001573 | Episode:    87345
blue_team_alives_mean:     1.2592	blue_team_win_mean:        0.0000	ep_length_mean:           24.2385	episode_length_mean:      23.2385
epsilon:                   0.0500	grad_norm:                 0.6915	loss:                      1.6278	q_taken_mean:              0.1853
red_team_alives_mean:     20.0000	red_team_win_mean:         1.0000	return_mean:               5.0978	return_std:                0.0380
target_mean:               0.1849	td_error_abs:              0.6832	test_blue_team_alives_mean:  1.2000	test_blue_team_win_mean:   0.0000
test_ep_length_mean:      22.6000	test_episode_length_mean: 21.6000	test_red_team_alives_mean: 20.0000	test_red_team_win_mean:    1.0000
test_return_mean:          5.1350	test_return_std:           0.0000	
2026-07-27 23:16:41,856 - my_experiment - bat_IQL_RNN_noGR_mm_42 - my_run - INFO - t_env: 3051576 / 5050000
2026-07-27 23:16:41,857 - my_experiment - bat_IQL_RNN_noGR_mm_42 - my_run - INFO - Estimated time left: 4 hours, 58 minutes, 47 seconds. Time passed: 6 hours, 42 minutes, 12 seconds
2026-07-27 23:16:41,955 - my_experiment - bat_IQL_RNN_noGR_mm_42 - my_run - INFO - Recent Stats | t_env:    3051576 | Episode:    89405
blue_team_alives_mean:     1.2657	blue_team_win_mean:        0.0000	ep_length_mean:           24.2799	episode_length_mean:      23.2799
epsilon:                   0.0500	grad_norm:                 0.8132	loss:                      1.6157	q_taken_mean:              0.1799
red_team_alives_mean:     20.0000	red_team_win_mean:         1.0000	return_mean:               5.0961	return_std:                0.0397
target_mean:               0.1794	td_error_abs:              0.6807	test_blue_team_alives_mean:  1.0000	test_blue_team_win_mean:   0.0000
test_ep_length_mean:      23.0000	test_episode_length_mean: 22.0000	test_red_team_alives_mean: 20.0000	test_red_team_win_mean:    1.0000
test_return_mean:          5.1350	test_return_std:           0.0000	
2026-07-27 23:24:12,070 - my_experiment - bat_IQL_RNN_noGR_mm_42 - my_run - INFO - t_env: 3101586 / 5050000
2026-07-27 23:24:12,071 - my_experiment - bat_IQL_RNN_noGR_mm_42 - my_run - INFO - Estimated time left: 4 hours, 52 minutes, 20 seconds. Time passed: 6 hours, 49 minutes, 42 seconds
2026-07-27 23:24:12,164 - my_experiment - bat_IQL_RNN_noGR_mm_42 - my_run - INFO - Recent Stats | t_env:    3101586 | Episode:    91489
blue_team_alives_mean:     1.2592	blue_team_win_mean:        0.0000	ep_length_mean:           24.0272	episode_length_mean:      23.0272
epsilon:                   0.0500	grad_norm:                 0.6608	loss:                      1.5949	q_taken_mean:              0.1746
red_team_alives_mean:     20.0000	red_team_win_mean:         1.0000	return_mean:               5.1011	return_std:                0.0373
target_mean:               0.1748	td_error_abs:              0.6767	test_blue_team_alives_mean:  1.0000	test_blue_team_win_mean:   0.0000
test_ep_length_mean:      23.0000	test_episode_length_mean: 22.0000	test_red_team_alives_mean: 20.0000	test_red_team_win_mean:    1.0000
test_return_mean:          5.1230	test_return_std:           0.0000	
2026-07-27 23:31:40,139 - my_experiment - bat_IQL_RNN_noGR_mm_42 - my_run - INFO - t_env: 3151607 / 5050000
2026-07-27 23:31:40,140 - my_experiment - bat_IQL_RNN_noGR_mm_42 - my_run - INFO - Estimated time left: 4 hours, 43 minutes, 25 seconds. Time passed: 6 hours, 57 minutes, 10 seconds
2026-07-27 23:31:40,232 - my_experiment - bat_IQL_RNN_noGR_mm_42 - my_run - INFO - Recent Stats | t_env:    3151607 | Episode:    93557
blue_team_alives_mean:     1.2692	blue_team_win_mean:        0.0000	ep_length_mean:           24.1676	episode_length_mean:      23.1676
epsilon:                   0.0500	grad_norm:                 0.7118	loss:                      1.5970	q_taken_mean:              0.1749
red_team_alives_mean:     20.0000	red_team_win_mean:         1.0000	return_mean:               5.0899	return_std:                0.0405
target_mean:               0.1749	td_error_abs:              0.6749	test_blue_team_alives_mean:  1.0000	test_blue_team_win_mean:   0.0000
test_ep_length_mean:      23.0000	test_episode_length_mean: 22.0000	test_red_team_alives_mean: 20.0000	test_red_team_win_mean:    1.0000
test_return_mean:          5.1280	test_return_std:           0.0000	
2026-07-27 23:39:08,311 - my_experiment - bat_IQL_RNN_noGR_mm_42 - my_run - INFO - t_env: 3201622 / 5050000
2026-07-27 23:39:08,312 - my_experiment - bat_IQL_RNN_noGR_mm_42 - my_run - INFO - Estimated time left: 4 hours, 36 minutes, 2 seconds. Time passed: 7 hours, 4 minutes, 38 seconds
2026-07-27 23:39:08,408 - my_experiment - bat_IQL_RNN_noGR_mm_42 - my_run - INFO - Recent Stats | t_env:    3201622 | Episode:    95630
blue_team_alives_mean:     1.2607	blue_team_win_mean:        0.0000	ep_length_mean:           24.1240	episode_length_mean:      23.1240
epsilon:                   0.0500	grad_norm:                 0.6412	loss:                      1.5865	q_taken_mean:              0.1762
red_team_alives_mean:     20.0000	red_team_win_mean:         1.0000	return_mean:               5.1014	return_std:                0.0370
target_mean:               0.1762	td_error_abs:              0.6734	test_blue_team_alives_mean:  1.0000	test_blue_team_win_mean:   0.0000
test_ep_length_mean:      23.4000	test_episode_length_mean: 22.4000	test_red_team_alives_mean: 20.0000	test_red_team_win_mean:    1.0000
test_return_mean:          5.1230	test_return_std:           0.0000	
2026-07-27 23:46:40,045 - my_experiment - bat_IQL_RNN_noGR_mm_42 - my_run - INFO - t_env: 3251635 / 5050000
2026-07-27 23:46:40,046 - my_experiment - bat_IQL_RNN_noGR_mm_42 - my_run - INFO - Estimated time left: 4 hours, 30 minutes, 43 seconds. Time passed: 7 hours, 12 minutes, 10 seconds
2026-07-27 23:46:40,142 - my_experiment - bat_IQL_RNN_noGR_mm_42 - my_run - INFO - Recent Stats | t_env:    3251635 | Episode:    97702
blue_team_alives_mean:     1.2576	blue_team_win_mean:        0.0000	ep_length_mean:           24.1517	episode_length_mean:      23.1517
epsilon:                   0.0500	grad_norm:                 0.6712	loss:                      1.5469	q_taken_mean:              0.1738
red_team_alives_mean:     20.0000	red_team_win_mean:         1.0000	return_mean:               5.0947	return_std:                0.0406
target_mean:               0.1736	td_error_abs:              0.6675	test_blue_team_alives_mean:  1.0000	test_blue_team_win_mean:   0.0000
test_ep_length_mean:      23.4000	test_episode_length_mean: 22.4000	test_red_team_alives_mean: 20.0000	test_red_team_win_mean:    1.0000
test_return_mean:          5.1140	test_return_std:           0.0000	
2026-07-27 23:54:09,396 - my_experiment - bat_IQL_RNN_noGR_mm_42 - my_run - INFO - t_env: 3301636 / 5050000
2026-07-27 23:54:09,398 - my_experiment - bat_IQL_RNN_noGR_mm_42 - my_run - INFO - Estimated time left: 4 hours, 21 minutes, 52 seconds. Time passed: 7 hours, 19 minutes, 39 seconds
2026-07-27 23:54:09,495 - my_experiment - bat_IQL_RNN_noGR_mm_42 - my_run - INFO - Recent Stats | t_env:    3301636 | Episode:    99785
blue_team_alives_mean:     1.2572	blue_team_win_mean:        0.0000	ep_length_mean:           24.0185	episode_length_mean:      23.0185
epsilon:                   0.0500	grad_norm:                 0.5996	loss:                      1.5277	q_taken_mean:              0.1721
red_team_alives_mean:     20.0000	red_team_win_mean:         1.0000	return_mean:               5.0992	return_std:                0.0377
target_mean:               0.1720	td_error_abs:              0.6655	test_blue_team_alives_mean:  1.0000	test_blue_team_win_mean:   0.0000
test_ep_length_mean:      23.2000	test_episode_length_mean: 22.2000	test_red_team_alives_mean: 20.0000	test_red_team_win_mean:    1.0000
test_return_mean:          5.1140	test_return_std:           0.0000	
2026-07-28 00:01:37,228 - my_experiment - bat_IQL_RNN_noGR_mm_42 - my_run - INFO - t_env: 3351647 / 5050000
2026-07-28 00:01:37,229 - my_experiment - bat_IQL_RNN_noGR_mm_42 - my_run - INFO - Estimated time left: 4 hours, 13 minutes, 28 seconds. Time passed: 7 hours, 27 minutes, 7 seconds
2026-07-28 00:01:37,318 - my_experiment - bat_IQL_RNN_noGR_mm_42 - my_run - INFO - Recent Stats | t_env:    3351647 | Episode:   101874
blue_team_alives_mean:     1.2796	blue_team_win_mean:        0.0000	ep_length_mean:           23.9199	episode_length_mean:      22.9199
epsilon:                   0.0500	grad_norm:                 0.6581	loss:                      1.5225	q_taken_mean:              0.1702
red_team_alives_mean:     20.0000	red_team_win_mean:         1.0000	return_mean:               5.1022	return_std:                0.0376
target_mean:               0.1704	td_error_abs:              0.6585	test_blue_team_alives_mean:  1.2000	test_blue_team_win_mean:   0.0000
test_ep_length_mean:      23.0000	test_episode_length_mean: 22.0000	test_red_team_alives_mean: 20.0000	test_red_team_win_mean:    1.0000
test_return_mean:          5.1290	test_return_std:           0.0000	
2026-07-28 00:09:06,886 - my_experiment - bat_IQL_RNN_noGR_mm_42 - my_run - INFO - t_env: 3401657 / 5050000
2026-07-28 00:09:06,887 - my_experiment - bat_IQL_RNN_noGR_mm_42 - my_run - INFO - Estimated time left: 4 hours, 7 minutes, 0 seconds. Time passed: 7 hours, 34 minutes, 37 seconds
2026-07-28 00:09:06,982 - my_experiment - bat_IQL_RNN_noGR_mm_42 - my_run - INFO - Recent Stats | t_env:    3401657 | Episode:   103953
blue_team_alives_mean:     1.2758	blue_team_win_mean:        0.0000	ep_length_mean:           24.0620	episode_length_mean:      23.0620
epsilon:                   0.0500	grad_norm:                 0.6456	loss:                      1.5091	q_taken_mean:              0.1683
red_team_alives_mean:     20.0000	red_team_win_mean:         1.0000	return_mean:               5.0957	return_std:                0.0419
target_mean:               0.1682	td_error_abs:              0.6541	test_blue_team_alives_mean:  1.2000	test_blue_team_win_mean:   0.0000
test_ep_length_mean:      23.2000	test_episode_length_mean: 22.2000	test_red_team_alives_mean: 20.0000	test_red_team_win_mean:    1.0000
test_return_mean:          5.1270	test_return_std:           0.0000	
2026-07-28 00:16:37,790 - my_experiment - bat_IQL_RNN_noGR_mm_42 - my_run - INFO - t_env: 3451675 / 5050000
2026-07-28 00:16:37,791 - my_experiment - bat_IQL_RNN_noGR_mm_42 - my_run - INFO - Estimated time left: 4 hours, 8 seconds. Time passed: 7 hours, 42 minutes, 8 seconds
2026-07-28 00:16:37,885 - my_experiment - bat_IQL_RNN_noGR_mm_42 - my_run - INFO - Recent Stats | t_env:    3451675 | Episode:   106031
blue_team_alives_mean:     1.2447	blue_team_win_mean:        0.0000	ep_length_mean:           24.0680	episode_length_mean:      23.0680
epsilon:                   0.0500	grad_norm:                 0.6642	loss:                      1.5130	q_taken_mean:              0.1667
red_team_alives_mean:     20.0000	red_team_win_mean:         1.0000	return_mean:               5.0958	return_std:                0.0395
target_mean:               0.1669	td_error_abs:              0.6591	test_blue_team_alives_mean:  1.2000	test_blue_team_win_mean:   0.0000
test_ep_length_mean:      23.0000	test_episode_length_mean: 22.0000	test_red_team_alives_mean: 20.0000	test_red_team_win_mean:    1.0000
test_return_mean:          5.1300	test_return_std:           0.0000	
2026-07-28 00:23:53,770 - my_experiment - bat_IQL_RNN_noGR_mm_42 - my_run - INFO - Saving models to work_dirs/my_experiment/bat_IQL_RNN_noGR_mm_42/my_run/20260727_163421/models/3500266
2026-07-28 00:24:06,640 - my_experiment - bat_IQL_RNN_noGR_mm_42 - my_run - INFO - t_env: 3501685 / 5050000
2026-07-28 00:24:06,641 - my_experiment - bat_IQL_RNN_noGR_mm_42 - my_run - INFO - Estimated time left: 3 hours, 51 minutes, 36 seconds. Time passed: 7 hours, 49 minutes, 36 seconds
2026-07-28 00:24:06,737 - my_experiment - bat_IQL_RNN_noGR_mm_42 - my_run - INFO - Recent Stats | t_env:    3501685 | Episode:   108112
blue_team_alives_mean:     1.2656	blue_team_win_mean:        0.0000	ep_length_mean:           24.0399	episode_length_mean:      23.0399
epsilon:                   0.0500	grad_norm:                 0.7175	loss:                      1.5130	q_taken_mean:              0.1669
red_team_alives_mean:     20.0000	red_team_win_mean:         1.0000	return_mean:               5.1008	return_std:                0.0360
target_mean:               0.1671	td_error_abs:              0.6550	test_blue_team_alives_mean:  1.2000	test_blue_team_win_mean:   0.0000
test_ep_length_mean:      23.2000	test_episode_length_mean: 22.2000	test_red_team_alives_mean: 20.0000	test_red_team_win_mean:    1.0000
test_return_mean:          5.1220	test_return_std:           0.0000	
2026-07-28 00:31:35,350 - my_experiment - bat_IQL_RNN_noGR_mm_42 - my_run - INFO - t_env: 3551703 / 5050000
2026-07-28 00:31:35,351 - my_experiment - bat_IQL_RNN_noGR_mm_42 - my_run - INFO - Estimated time left: 3 hours, 44 minutes, 1 seconds. Time passed: 7 hours, 57 minutes, 5 seconds
2026-07-28 00:31:35,441 - my_experiment - bat_IQL_RNN_noGR_mm_42 - my_run - INFO - Recent Stats | t_env:    3551703 | Episode:   110182
blue_team_alives_mean:     1.2192	blue_team_win_mean:        0.0000	ep_length_mean:           24.1148	episode_length_mean:      23.1148
epsilon:                   0.0500	grad_norm:                 0.6588	loss:                      1.4841	q_taken_mean:              0.1649
red_team_alives_mean:     20.0000	red_team_win_mean:         1.0000	return_mean:               5.1018	return_std:                0.0360
target_mean:               0.1647	td_error_abs:              0.6488	test_blue_team_alives_mean:  1.2000	test_blue_team_win_mean:   0.0000
test_ep_length_mean:      23.0000	test_episode_length_mean: 22.0000	test_red_team_alives_mean: 20.0000	test_red_team_win_mean:    1.0000
test_return_mean:          5.1220	test_return_std:           0.0000	
2026-07-28 00:39:04,981 - my_experiment - bat_IQL_RNN_noGR_mm_42 - my_run - INFO - t_env: 3601717 / 5050000
2026-07-28 00:39:04,983 - my_experiment - bat_IQL_RNN_noGR_mm_42 - my_run - INFO - Estimated time left: 3 hours, 37 minutes, 0 seconds. Time passed: 8 hours, 4 minutes, 35 seconds
2026-07-28 00:39:05,087 - my_experiment - bat_IQL_RNN_noGR_mm_42 - my_run - INFO - Recent Stats | t_env:    3601717 | Episode:   112240
blue_team_alives_mean:     1.2392	blue_team_win_mean:        0.0000	ep_length_mean:           24.3289	episode_length_mean:      23.3289
epsilon:                   0.0500	grad_norm:                 0.5842	loss:                      1.4661	q_taken_mean:              0.1609
red_team_alives_mean:     20.0000	red_team_win_mean:         1.0000	return_mean:               5.0964	return_std:                0.0373
target_mean:               0.1609	td_error_abs:              0.6408	test_blue_team_alives_mean:  1.0000	test_blue_team_win_mean:   0.0000
test_ep_length_mean:      23.6000	test_episode_length_mean: 22.6000	test_red_team_alives_mean: 20.0000	test_red_team_win_mean:    1.0000
test_return_mean:          5.1040	test_return_std:           0.0000	
2026-07-28 00:46:29,852 - my_experiment - bat_IQL_RNN_noGR_mm_42 - my_run - INFO - t_env: 3651720 / 5050000
2026-07-28 00:46:29,853 - my_experiment - bat_IQL_RNN_noGR_mm_42 - my_run - INFO - Estimated time left: 3 hours, 27 minutes, 20 seconds. Time passed: 8 hours, 12 minutes, 0 seconds
2026-07-28 00:46:29,947 - my_experiment - bat_IQL_RNN_noGR_mm_42 - my_run - INFO - Recent Stats | t_env:    3651720 | Episode:   114305
blue_team_alives_mean:     1.2502	blue_team_win_mean:        0.0000	ep_length_mean:           24.2394	episode_length_mean:      23.2394
epsilon:                   0.0500	grad_norm:                 0.6333	loss:                      1.4731	q_taken_mean:              0.1588
red_team_alives_mean:     20.0000	red_team_win_mean:         1.0000	return_mean:               5.0928	return_std:                0.0392
target_mean:               0.1588	td_error_abs:              0.6450	test_blue_team_alives_mean:  1.2000	test_blue_team_win_mean:   0.0000
test_ep_length_mean:      23.2000	test_episode_length_mean: 22.2000	test_red_team_alives_mean: 20.0000	test_red_team_win_mean:    1.0000
test_return_mean:          5.1040	test_return_std:           0.0000	
2026-07-28 00:53:56,676 - my_experiment - bat_IQL_RNN_noGR_mm_42 - my_run - INFO - t_env: 3701731 / 5050000
2026-07-28 00:53:56,677 - my_experiment - bat_IQL_RNN_noGR_mm_42 - my_run - INFO - Estimated time left: 3 hours, 20 minutes, 46 seconds. Time passed: 8 hours, 19 minutes, 26 seconds
2026-07-28 00:53:56,782 - my_experiment - bat_IQL_RNN_noGR_mm_42 - my_run - INFO - Recent Stats | t_env:    3701731 | Episode:   116375
blue_team_alives_mean:     1.2508	blue_team_win_mean:        0.0000	ep_length_mean:           24.1532	episode_length_mean:      23.1532
epsilon:                   0.0500	grad_norm:                 0.6088	loss:                      1.4673	q_taken_mean:              0.1585
red_team_alives_mean:     20.0000	red_team_win_mean:         1.0000	return_mean:               5.0884	return_std:                0.0408
target_mean:               0.1584	td_error_abs:              0.6455	test_blue_team_alives_mean:  1.2000	test_blue_team_win_mean:   0.0000
test_ep_length_mean:      23.8000	test_episode_length_mean: 22.8000	test_red_team_alives_mean: 20.0000	test_red_team_win_mean:    1.0000
test_return_mean:          5.0940	test_return_std:           0.0000	
2026-07-28 01:01:33,067 - my_experiment - bat_IQL_RNN_noGR_mm_42 - my_run - INFO - t_env: 3751738 / 5050000
2026-07-28 01:01:33,069 - my_experiment - bat_IQL_RNN_noGR_mm_42 - my_run - INFO - Estimated time left: 3 hours, 17 minutes, 28 seconds. Time passed: 8 hours, 27 minutes, 3 seconds
2026-07-28 01:01:33,172 - my_experiment - bat_IQL_RNN_noGR_mm_42 - my_run - INFO - Recent Stats | t_env:    3751738 | Episode:   118463
blue_team_alives_mean:     1.2777	blue_team_win_mean:        0.0000	ep_length_mean:           23.9723	episode_length_mean:      22.9723
epsilon:                   0.0500	grad_norm:                 0.6346	loss:                      1.4656	q_taken_mean:              0.1599
red_team_alives_mean:     20.0000	red_team_win_mean:         1.0000	return_mean:               5.0978	return_std:                0.0385
target_mean:               0.1600	td_error_abs:              0.6422	test_blue_team_alives_mean:  1.2000	test_blue_team_win_mean:   0.0000
test_ep_length_mean:      23.8000	test_episode_length_mean: 22.8000	test_red_team_alives_mean: 20.0000	test_red_team_win_mean:    1.0000
test_return_mean:          5.1010	test_return_std:           0.0000	
2026-07-28 01:09:07,635 - my_experiment - bat_IQL_RNN_noGR_mm_42 - my_run - INFO - t_env: 3801747 / 5050000
2026-07-28 01:09:07,637 - my_experiment - bat_IQL_RNN_noGR_mm_42 - my_run - INFO - Estimated time left: 3 hours, 9 minutes, 6 seconds. Time passed: 8 hours, 34 minutes, 37 seconds
2026-07-28 01:09:07,735 - my_experiment - bat_IQL_RNN_noGR_mm_42 - my_run - INFO - Recent Stats | t_env:    3801747 | Episode:   120546
blue_team_alives_mean:     1.2665	blue_team_win_mean:        0.0000	ep_length_mean:           23.9513	episode_length_mean:      22.9513
epsilon:                   0.0500	grad_norm:                 0.5567	loss:                      1.4575	q_taken_mean:              0.1612
red_team_alives_mean:     20.0000	red_team_win_mean:         1.0000	return_mean:               5.0916	return_std:                0.0396
target_mean:               0.1608	td_error_abs:              0.6427	test_blue_team_alives_mean:  1.2000	test_blue_team_win_mean:   0.0000
test_ep_length_mean:      23.8000	test_episode_length_mean: 22.8000	test_red_team_alives_mean: 20.0000	test_red_team_win_mean:    1.0000
test_return_mean:          5.1060	test_return_std:           0.0000	
2026-07-28 01:16:33,964 - my_experiment - bat_IQL_RNN_noGR_mm_42 - my_run - INFO - t_env: 3851748 / 5050000
2026-07-28 01:16:33,965 - my_experiment - bat_IQL_RNN_noGR_mm_42 - my_run - INFO - Estimated time left: 2 hours, 58 minutes, 16 seconds. Time passed: 8 hours, 42 minutes, 4 seconds
2026-07-28 01:16:34,056 - my_experiment - bat_IQL_RNN_noGR_mm_42 - my_run - INFO - Recent Stats | t_env:    3851748 | Episode:   122625
blue_team_alives_mean:     1.2545	blue_team_win_mean:        0.0000	ep_length_mean:           24.0932	episode_length_mean:      23.0932
epsilon:                   0.0500	grad_norm:                 0.6338	loss:                      1.4252	q_taken_mean:              0.1575
red_team_alives_mean:     20.0000	red_team_win_mean:         1.0000	return_mean:               5.0971	return_std:                0.0376
target_mean:               0.1571	td_error_abs:              0.6372	test_blue_team_alives_mean:  1.4000	test_blue_team_win_mean:   0.0000
test_ep_length_mean:      23.2000	test_episode_length_mean: 22.2000	test_red_team_alives_mean: 20.0000	test_red_team_win_mean:    1.0000
test_return_mean:          5.1160	test_return_std:           0.0000	
2026-07-28 01:23:55,842 - my_experiment - bat_IQL_RNN_noGR_mm_42 - my_run - INFO - t_env: 3901752 / 5050000
2026-07-28 01:23:55,844 - my_experiment - bat_IQL_RNN_noGR_mm_42 - my_run - INFO - Estimated time left: 2 hours, 49 minutes, 6 seconds. Time passed: 8 hours, 49 minutes, 26 seconds
2026-07-28 01:23:55,939 - my_experiment - bat_IQL_RNN_noGR_mm_42 - my_run - INFO - Recent Stats | t_env:    3901752 | Episode:   124696
blue_team_alives_mean:     1.2275	blue_team_win_mean:        0.0000	ep_length_mean:           24.1261	episode_length_mean:      23.1261
epsilon:                   0.0500	grad_norm:                 0.5729	loss:                      1.4213	q_taken_mean:              0.1551
red_team_alives_mean:     20.0000	red_team_win_mean:         1.0000	return_mean:               5.0917	return_std:                0.0378
target_mean:               0.1550	td_error_abs:              0.6361	test_blue_team_alives_mean:  1.2000	test_blue_team_win_mean:   0.0000
test_ep_length_mean:      23.6000	test_episode_length_mean: 22.6000	test_red_team_alives_mean: 20.0000	test_red_team_win_mean:    1.0000
test_return_mean:          5.1150	test_return_std:           0.0000	
2026-07-28 01:31:19,263 - my_experiment - bat_IQL_RNN_noGR_mm_42 - my_run - INFO - t_env: 3951766 / 5050000
2026-07-28 01:31:19,264 - my_experiment - bat_IQL_RNN_noGR_mm_42 - my_run - INFO - Estimated time left: 2 hours, 42 minutes, 16 seconds. Time passed: 8 hours, 56 minutes, 49 seconds
2026-07-28 01:31:19,365 - my_experiment - bat_IQL_RNN_noGR_mm_42 - my_run - INFO - Recent Stats | t_env:    3951766 | Episode:   126766
blue_team_alives_mean:     1.2593	blue_team_win_mean:        0.0000	ep_length_mean:           24.1390	episode_length_mean:      23.1390
epsilon:                   0.0500	grad_norm:                 0.6237	loss:                      1.4347	q_taken_mean:              0.1552
red_team_alives_mean:     20.0000	red_team_win_mean:         1.0000	return_mean:               5.0974	return_std:                0.0374
target_mean:               0.1554	td_error_abs:              0.6367	test_blue_team_alives_mean:  1.2000	test_blue_team_win_mean:   0.0000
test_ep_length_mean:      23.6000	test_episode_length_mean: 22.6000	test_red_team_alives_mean: 20.0000	test_red_team_win_mean:    1.0000
test_return_mean:          5.1220	test_return_std:           0.0000	
2026-07-28 01:38:30,177 - my_experiment - bat_IQL_RNN_noGR_mm_42 - my_run - INFO - Saving models to work_dirs/my_experiment/bat_IQL_RNN_noGR_mm_42/my_run/20260727_163421/models/4000277
2026-07-28 01:38:43,477 - my_experiment - bat_IQL_RNN_noGR_mm_42 - my_run - INFO - t_env: 4001778 / 5050000
2026-07-28 01:38:43,477 - my_experiment - bat_IQL_RNN_noGR_mm_42 - my_run - INFO - Estimated time left: 2 hours, 35 minutes, 10 seconds. Time passed: 9 hours, 4 minutes, 13 seconds
2026-07-28 01:38:43,578 - my_experiment - bat_IQL_RNN_noGR_mm_42 - my_run - INFO - Recent Stats | t_env:    4001778 | Episode:   128817
blue_team_alives_mean:     1.1911	blue_team_win_mean:        0.0000	ep_length_mean:           24.3496	episode_length_mean:      23.3496
epsilon:                   0.0500	grad_norm:                 0.6983	loss:                      1.4024	q_taken_mean:              0.1542
red_team_alives_mean:     20.0000	red_team_win_mean:         1.0000	return_mean:               5.0940	return_std:                0.0371
target_mean:               0.1536	td_error_abs:              0.6356	test_blue_team_alives_mean:  1.2000	test_blue_team_win_mean:   0.0000
test_ep_length_mean:      24.0000	test_episode_length_mean: 23.0000	test_red_team_alives_mean: 20.0000	test_red_team_win_mean:    1.0000
test_return_mean:          5.1150	test_return_std:           0.0000	
2026-07-28 01:46:06,199 - my_experiment - bat_IQL_RNN_noGR_mm_42 - my_run - INFO - t_env: 4051779 / 5050000
2026-07-28 01:46:06,201 - my_experiment - bat_IQL_RNN_noGR_mm_42 - my_run - INFO - Estimated time left: 2 hours, 27 minutes, 18 seconds. Time passed: 9 hours, 11 minutes, 36 seconds
2026-07-28 01:46:06,293 - my_experiment - bat_IQL_RNN_noGR_mm_42 - my_run - INFO - Recent Stats | t_env:    4051779 | Episode:   130869
blue_team_alives_mean:     1.2072	blue_team_win_mean:        0.0000	ep_length_mean:           24.4105	episode_length_mean:      23.4105
epsilon:                   0.0500	grad_norm:                 0.5900	loss:                      1.3898	q_taken_mean:              0.1502
red_team_alives_mean:     20.0000	red_team_win_mean:         1.0000	return_mean:               5.0890	return_std:                0.0382
target_mean:               0.1504	td_error_abs:              0.6255	test_blue_team_alives_mean:  1.2000	test_blue_team_win_mean:   0.0000
test_ep_length_mean:      24.4000	test_episode_length_mean: 23.4000	test_red_team_alives_mean: 20.0000	test_red_team_win_mean:    1.0000
test_return_mean:          5.1100	test_return_std:           0.0000	
2026-07-28 01:53:28,311 - my_experiment - bat_IQL_RNN_noGR_mm_42 - my_run - INFO - t_env: 4101789 / 5050000
2026-07-28 01:53:28,312 - my_experiment - bat_IQL_RNN_noGR_mm_42 - my_run - INFO - Estimated time left: 2 hours, 19 minutes, 42 seconds. Time passed: 9 hours, 18 minutes, 58 seconds
2026-07-28 01:53:28,399 - my_experiment - bat_IQL_RNN_noGR_mm_42 - my_run - INFO - Recent Stats | t_env:    4101789 | Episode:   132922
blue_team_alives_mean:     1.2108	blue_team_win_mean:        0.0000	ep_length_mean:           24.3600	episode_length_mean:      23.3600
epsilon:                   0.0500	grad_norm:                 0.5711	loss:                      1.3830	q_taken_mean:              0.1510
red_team_alives_mean:     20.0000	red_team_win_mean:         1.0000	return_mean:               5.0880	return_std:                0.0388
target_mean:               0.1508	td_error_abs:              0.6226	test_blue_team_alives_mean:  1.2000	test_blue_team_win_mean:   0.0000
test_ep_length_mean:      24.4000	test_episode_length_mean: 23.4000	test_red_team_alives_mean: 20.0000	test_red_team_win_mean:    1.0000
test_return_mean:          5.1130	test_return_std:           0.0000	
2026-07-28 02:00:45,462 - my_experiment - bat_IQL_RNN_noGR_mm_42 - my_run - INFO - t_env: 4151795 / 5050000
2026-07-28 02:00:45,463 - my_experiment - bat_IQL_RNN_noGR_mm_42 - my_run - INFO - Estimated time left: 2 hours, 10 minutes, 52 seconds. Time passed: 9 hours, 26 minutes, 15 seconds
2026-07-28 02:00:45,554 - my_experiment - bat_IQL_RNN_noGR_mm_42 - my_run - INFO - Recent Stats | t_env:    4151795 | Episode:   134976
blue_team_alives_mean:     1.2056	blue_team_win_mean:        0.0000	ep_length_mean:           24.3367	episode_length_mean:      23.3367
epsilon:                   0.0500	grad_norm:                 0.5972	loss:                      1.3906	q_taken_mean:              0.1509
red_team_alives_mean:     20.0000	red_team_win_mean:         1.0000	return_mean:               5.0923	return_std:                0.0374
target_mean:               0.1508	td_error_abs:              0.6269	test_blue_team_alives_mean:  1.2000	test_blue_team_win_mean:   0.0000
test_ep_length_mean:      24.4000	test_episode_length_mean: 23.4000	test_red_team_alives_mean: 20.0000	test_red_team_win_mean:    1.0000
test_return_mean:          5.1080	test_return_std:           0.0000	
2026-07-28 02:08:00,132 - my_experiment - bat_IQL_RNN_noGR_mm_42 - my_run - INFO - t_env: 4201801 / 5050000
2026-07-28 02:08:00,134 - my_experiment - bat_IQL_RNN_noGR_mm_42 - my_run - INFO - Estimated time left: 2 hours, 2 minutes, 52 seconds. Time passed: 9 hours, 33 minutes, 30 seconds
2026-07-28 02:08:00,216 - my_experiment - bat_IQL_RNN_noGR_mm_42 - my_run - INFO - Recent Stats | t_env:    4201801 | Episode:   137035
blue_team_alives_mean:     1.2142	blue_team_win_mean:        0.0000	ep_length_mean:           24.3105	episode_length_mean:      23.3105
epsilon:                   0.0500	grad_norm:                 0.6548	loss:                      1.3842	q_taken_mean:              0.1480
red_team_alives_mean:     20.0000	red_team_win_mean:         1.0000	return_mean:               5.0912	return_std:                0.0377
target_mean:               0.1482	td_error_abs:              0.6225	test_blue_team_alives_mean:  1.4000	test_blue_team_win_mean:   0.0000
test_ep_length_mean:      23.4000	test_episode_length_mean: 22.4000	test_red_team_alives_mean: 20.0000	test_red_team_win_mean:    1.0000
test_return_mean:          5.1200	test_return_std:           0.0000	
2026-07-28 02:15:15,990 - my_experiment - bat_IQL_RNN_noGR_mm_42 - my_run - INFO - t_env: 4251807 / 5050000
2026-07-28 02:15:15,991 - my_experiment - bat_IQL_RNN_noGR_mm_42 - my_run - INFO - Estimated time left: 1 hours, 55 minutes, 57 seconds. Time passed: 9 hours, 40 minutes, 46 seconds
2026-07-28 02:15:16,080 - my_experiment - bat_IQL_RNN_noGR_mm_42 - my_run - INFO - Recent Stats | t_env:    4251807 | Episode:   139111
blue_team_alives_mean:     1.2414	blue_team_win_mean:        0.0000	ep_length_mean:           24.0939	episode_length_mean:      23.0939
epsilon:                   0.0500	grad_norm:                 0.6429	loss:                      1.3882	q_taken_mean:              0.1502
red_team_alives_mean:     20.0000	red_team_win_mean:         1.0000	return_mean:               5.0936	return_std:                0.0390
target_mean:               0.1499	td_error_abs:              0.6272	test_blue_team_alives_mean:  1.4000	test_blue_team_win_mean:   0.0000
test_ep_length_mean:      22.8000	test_episode_length_mean: 21.8000	test_red_team_alives_mean: 20.0000	test_red_team_win_mean:    1.0000
test_return_mean:          5.1380	test_return_std:           0.0000	
2026-07-28 02:22:30,471 - my_experiment - bat_IQL_RNN_noGR_mm_42 - my_run - INFO - t_env: 4301815 / 5050000
2026-07-28 02:22:30,472 - my_experiment - bat_IQL_RNN_noGR_mm_42 - my_run - INFO - Estimated time left: 1 hours, 48 minutes, 20 seconds. Time passed: 9 hours, 48 minutes, 0 seconds
2026-07-28 02:22:30,562 - my_experiment - bat_IQL_RNN_noGR_mm_42 - my_run - INFO - Recent Stats | t_env:    4301815 | Episode:   141169
blue_team_alives_mean:     1.2298	blue_team_win_mean:        0.0000	ep_length_mean:           24.2682	episode_length_mean:      23.2682
epsilon:                   0.0500	grad_norm:                 0.5623	loss:                      1.3748	q_taken_mean:              0.1471
red_team_alives_mean:     20.0000	red_team_win_mean:         1.0000	return_mean:               5.0938	return_std:                0.0365
target_mean:               0.1471	td_error_abs:              0.6229	test_blue_team_alives_mean:  1.4000	test_blue_team_win_mean:   0.0000
test_ep_length_mean:      22.6000	test_episode_length_mean: 21.6000	test_red_team_alives_mean: 20.0000	test_red_team_win_mean:    1.0000
test_return_mean:          5.1490	test_return_std:           0.0000	
2026-07-28 02:29:44,268 - my_experiment - bat_IQL_RNN_noGR_mm_42 - my_run - INFO - t_env: 4351833 / 5050000
2026-07-28 02:29:44,270 - my_experiment - bat_IQL_RNN_noGR_mm_42 - my_run - INFO - Estimated time left: 1 hours, 40 minutes, 55 seconds. Time passed: 9 hours, 55 minutes, 14 seconds
2026-07-28 02:29:44,392 - my_experiment - bat_IQL_RNN_noGR_mm_42 - my_run - INFO - Recent Stats | t_env:    4351833 | Episode:   143228
blue_team_alives_mean:     1.2204	blue_team_win_mean:        0.0000	ep_length_mean:           24.3163	episode_length_mean:      23.3163
epsilon:                   0.0500	grad_norm:                 0.5684	loss:                      1.3589	q_taken_mean:              0.1447
red_team_alives_mean:     20.0000	red_team_win_mean:         1.0000	return_mean:               5.0919	return_std:                0.0356
target_mean:               0.1446	td_error_abs:              0.6213	test_blue_team_alives_mean:  1.2000	test_blue_team_win_mean:   0.0000
test_ep_length_mean:      22.8000	test_episode_length_mean: 21.8000	test_red_team_alives_mean: 20.0000	test_red_team_win_mean:    1.0000
test_return_mean:          5.1550	test_return_std:           0.0000	
2026-07-28 02:36:58,643 - my_experiment - bat_IQL_RNN_noGR_mm_42 - my_run - INFO - t_env: 4401843 / 5050000
2026-07-28 02:36:58,645 - my_experiment - bat_IQL_RNN_noGR_mm_42 - my_run - INFO - Estimated time left: 1 hours, 33 minutes, 49 seconds. Time passed: 10 hours, 2 minutes, 28 seconds
2026-07-28 02:36:58,762 - my_experiment - bat_IQL_RNN_noGR_mm_42 - my_run - INFO - Recent Stats | t_env:    4401843 | Episode:   145286
blue_team_alives_mean:     1.2348	blue_team_win_mean:        0.0000	ep_length_mean:           24.2951	episode_length_mean:      23.2951
epsilon:                   0.0500	grad_norm:                 0.5737	loss:                      1.3601	q_taken_mean:              0.1454
red_team_alives_mean:     20.0000	red_team_win_mean:         1.0000	return_mean:               5.0915	return_std:                0.0380
target_mean:               0.1450	td_error_abs:              0.6203	test_blue_team_alives_mean:  1.2000	test_blue_team_win_mean:   0.0000
test_ep_length_mean:      22.4000	test_episode_length_mean: 21.4000	test_red_team_alives_mean: 20.0000	test_red_team_win_mean:    1.0000
test_return_mean:          5.1700	test_return_std:           0.0000	
2026-07-28 02:44:15,439 - my_experiment - bat_IQL_RNN_noGR_mm_42 - my_run - INFO - t_env: 4451844 / 5050000
2026-07-28 02:44:15,440 - my_experiment - bat_IQL_RNN_noGR_mm_42 - my_run - INFO - Estimated time left: 1 hours, 27 minutes, 5 seconds. Time passed: 10 hours, 9 minutes, 45 seconds
2026-07-28 02:44:15,533 - my_experiment - bat_IQL_RNN_noGR_mm_42 - my_run - INFO - Recent Stats | t_env:    4451844 | Episode:   147342
blue_team_alives_mean:     1.2143	blue_team_win_mean:        0.0000	ep_length_mean:           24.3292	episode_length_mean:      23.3292
epsilon:                   0.0500	grad_norm:                 0.6214	loss:                      1.3527	q_taken_mean:              0.1443
red_team_alives_mean:     20.0000	red_team_win_mean:         1.0000	return_mean:               5.0885	return_std:                0.0399
target_mean:               0.1438	td_error_abs:              0.6163	test_blue_team_alives_mean:  1.0000	test_blue_team_win_mean:   0.0000
test_ep_length_mean:      23.0000	test_episode_length_mean: 22.0000	test_red_team_alives_mean: 20.0000	test_red_team_win_mean:    1.0000
test_return_mean:          5.1630	test_return_std:           0.0000	
2026-07-28 02:51:18,925 - my_experiment - bat_IQL_RNN_noGR_mm_42 - my_run - INFO - Saving models to work_dirs/my_experiment/bat_IQL_RNN_noGR_mm_42/my_run/20260727_163421/models/4500299
2026-07-28 02:51:32,284 - my_experiment - bat_IQL_RNN_noGR_mm_42 - my_run - INFO - t_env: 4501853 / 5050000
2026-07-28 02:51:32,284 - my_experiment - bat_IQL_RNN_noGR_mm_42 - my_run - INFO - Estimated time left: 1 hours, 19 minutes, 48 seconds. Time passed: 10 hours, 17 minutes, 2 seconds
2026-07-28 02:51:32,384 - my_experiment - bat_IQL_RNN_noGR_mm_42 - my_run - INFO - Recent Stats | t_env:    4501853 | Episode:   149413
blue_team_alives_mean:     1.2244	blue_team_win_mean:        0.0000	ep_length_mean:           24.1482	episode_length_mean:      23.1482
epsilon:                   0.0500	grad_norm:                 0.5464	loss:                      1.3554	q_taken_mean:              0.1435
red_team_alives_mean:     20.0000	red_team_win_mean:         1.0000	return_mean:               5.0930	return_std:                0.0374
target_mean:               0.1438	td_error_abs:              0.6153	test_blue_team_alives_mean:  1.0000	test_blue_team_win_mean:   0.0000
test_ep_length_mean:      23.4000	test_episode_length_mean: 22.4000	test_red_team_alives_mean: 20.0000	test_red_team_win_mean:    1.0000
test_return_mean:          5.1520	test_return_std:           0.0000	
2026-07-28 02:58:48,367 - my_experiment - bat_IQL_RNN_noGR_mm_42 - my_run - INFO - t_env: 4551876 / 5050000
2026-07-28 02:58:48,368 - my_experiment - bat_IQL_RNN_noGR_mm_42 - my_run - INFO - Estimated time left: 1 hours, 12 minutes, 22 seconds. Time passed: 10 hours, 24 minutes, 18 seconds
2026-07-28 02:58:48,451 - my_experiment - bat_IQL_RNN_noGR_mm_42 - my_run - INFO - Recent Stats | t_env:    4551876 | Episode:   151485
blue_team_alives_mean:     1.2094	blue_team_win_mean:        0.0000	ep_length_mean:           24.1519	episode_length_mean:      23.1519
epsilon:                   0.0500	grad_norm:                 0.6370	loss:                      1.3493	q_taken_mean:              0.1430
red_team_alives_mean:     20.0000	red_team_win_mean:         1.0000	return_mean:               5.0899	return_std:                0.0375
target_mean:               0.1426	td_error_abs:              0.6139	test_blue_team_alives_mean:  1.0000	test_blue_team_win_mean:   0.0000
test_ep_length_mean:      23.0000	test_episode_length_mean: 22.0000	test_red_team_alives_mean: 20.0000	test_red_team_win_mean:    1.0000
test_return_mean:          5.1440	test_return_std:           0.0000	
2026-07-28 03:06:03,802 - my_experiment - bat_IQL_RNN_noGR_mm_42 - my_run - INFO - t_env: 4601894 / 5050000
2026-07-28 03:06:03,803 - my_experiment - bat_IQL_RNN_noGR_mm_42 - my_run - INFO - Estimated time left: 1 hours, 5 minutes, 1 seconds. Time passed: 10 hours, 31 minutes, 34 seconds
2026-07-28 03:06:03,892 - my_experiment - bat_IQL_RNN_noGR_mm_42 - my_run - INFO - Recent Stats | t_env:    4601894 | Episode:   153554
blue_team_alives_mean:     1.2268	blue_team_win_mean:        0.0000	ep_length_mean:           24.1570	episode_length_mean:      23.1570
epsilon:                   0.0500	grad_norm:                 0.6059	loss:                      1.3540	q_taken_mean:              0.1437
red_team_alives_mean:     20.0000	red_team_win_mean:         1.0000	return_mean:               5.0900	return_std:                0.0381
target_mean:               0.1441	td_error_abs:              0.6131	test_blue_team_alives_mean:  1.2000	test_blue_team_win_mean:   0.0000
test_ep_length_mean:      23.0000	test_episode_length_mean: 22.0000	test_red_team_alives_mean: 20.0000	test_red_team_win_mean:    1.0000
test_return_mean:          5.1440	test_return_std:           0.0000	
2026-07-28 03:13:19,531 - my_experiment - bat_IQL_RNN_noGR_mm_42 - my_run - INFO - t_env: 4651899 / 5050000
2026-07-28 03:13:19,532 - my_experiment - bat_IQL_RNN_noGR_mm_42 - my_run - INFO - Estimated time left: 57 minutes, 48 seconds. Time passed: 10 hours, 38 minutes, 49 seconds
2026-07-28 03:13:19,628 - my_experiment - bat_IQL_RNN_noGR_mm_42 - my_run - INFO - Recent Stats | t_env:    4651899 | Episode:   155619
blue_team_alives_mean:     1.2389	blue_team_win_mean:        0.0000	ep_length_mean:           24.2028	episode_length_mean:      23.2028
epsilon:                   0.0500	grad_norm:                 0.6253	loss:                      1.3399	q_taken_mean:              0.1397
red_team_alives_mean:     20.0000	red_team_win_mean:         1.0000	return_mean:               5.0943	return_std:                0.0391
target_mean:               0.1401	td_error_abs:              0.6144	test_blue_team_alives_mean:  1.2000	test_blue_team_win_mean:   0.0000
test_ep_length_mean:      23.6000	test_episode_length_mean: 22.6000	test_red_team_alives_mean: 20.0000	test_red_team_win_mean:    1.0000
test_return_mean:          5.1280	test_return_std:           0.0000	
2026-07-28 03:20:36,319 - my_experiment - bat_IQL_RNN_noGR_mm_42 - my_run - INFO - t_env: 4701920 / 5050000
2026-07-28 03:20:36,320 - my_experiment - bat_IQL_RNN_noGR_mm_42 - my_run - INFO - Estimated time left: 50 minutes, 39 seconds. Time passed: 10 hours, 46 minutes, 6 seconds
2026-07-28 03:20:36,410 - my_experiment - bat_IQL_RNN_noGR_mm_42 - my_run - INFO - Recent Stats | t_env:    4701920 | Episode:   157693
blue_team_alives_mean:     1.2034	blue_team_win_mean:        0.0000	ep_length_mean:           24.1354	episode_length_mean:      23.1354
epsilon:                   0.0500	grad_norm:                 0.5430	loss:                      1.3499	q_taken_mean:              0.1418
red_team_alives_mean:     20.0000	red_team_win_mean:         1.0000	return_mean:               5.0943	return_std:                0.0381
target_mean:               0.1420	td_error_abs:              0.6160	test_blue_team_alives_mean:  1.2000	test_blue_team_win_mean:   0.0000
test_ep_length_mean:      23.4000	test_episode_length_mean: 22.4000	test_red_team_alives_mean: 20.0000	test_red_team_win_mean:    1.0000
test_return_mean:          5.1310	test_return_std:           0.0000	
2026-07-28 03:27:51,803 - my_experiment - bat_IQL_RNN_noGR_mm_42 - my_run - INFO - t_env: 4751942 / 5050000
2026-07-28 03:27:51,804 - my_experiment - bat_IQL_RNN_noGR_mm_42 - my_run - INFO - Estimated time left: 43 minutes, 14 seconds. Time passed: 10 hours, 53 minutes, 22 seconds
2026-07-28 03:27:51,900 - my_experiment - bat_IQL_RNN_noGR_mm_42 - my_run - INFO - Recent Stats | t_env:    4751942 | Episode:   159765
blue_team_alives_mean:     1.2044	blue_team_win_mean:        0.0000	ep_length_mean:           24.1359	episode_length_mean:      23.1359
epsilon:                   0.0500	grad_norm:                 0.6331	loss:                      1.3493	q_taken_mean:              0.1431
red_team_alives_mean:     20.0000	red_team_win_mean:         1.0000	return_mean:               5.0932	return_std:                0.0379
target_mean:               0.1430	td_error_abs:              0.6184	test_blue_team_alives_mean:  1.2000	test_blue_team_win_mean:   0.0000
test_ep_length_mean:      23.2000	test_episode_length_mean: 22.2000	test_red_team_alives_mean: 20.0000	test_red_team_win_mean:    1.0000
test_return_mean:          5.1360	test_return_std:           0.0000	
2026-07-28 03:35:06,027 - my_experiment - bat_IQL_RNN_noGR_mm_42 - my_run - INFO - t_env: 4801957 / 5050000
2026-07-28 03:35:06,028 - my_experiment - bat_IQL_RNN_noGR_mm_42 - my_run - INFO - Estimated time left: 35 minutes, 53 seconds. Time passed: 11 hours, 36 seconds
2026-07-28 03:35:06,109 - my_experiment - bat_IQL_RNN_noGR_mm_42 - my_run - INFO - Recent Stats | t_env:    4801957 | Episode:   161837
blue_team_alives_mean:     1.2021	blue_team_win_mean:        0.0000	ep_length_mean:           24.1395	episode_length_mean:      23.1395
epsilon:                   0.0500	grad_norm:                 0.5786	loss:                      1.3179	q_taken_mean:              0.1373
red_team_alives_mean:     20.0000	red_team_win_mean:         1.0000	return_mean:               5.0987	return_std:                0.0369
target_mean:               0.1369	td_error_abs:              0.6081	test_blue_team_alives_mean:  1.2000	test_blue_team_win_mean:   0.0000
test_ep_length_mean:      23.2000	test_episode_length_mean: 22.2000	test_red_team_alives_mean: 20.0000	test_red_team_win_mean:    1.0000
test_return_mean:          5.1390	test_return_std:           0.0000	
2026-07-28 03:42:22,843 - my_experiment - bat_IQL_RNN_noGR_mm_42 - my_run - INFO - t_env: 4851959 / 5050000
2026-07-28 03:42:22,845 - my_experiment - bat_IQL_RNN_noGR_mm_42 - my_run - INFO - Estimated time left: 28 minutes, 50 seconds. Time passed: 11 hours, 7 minutes, 53 seconds
2026-07-28 03:42:22,934 - my_experiment - bat_IQL_RNN_noGR_mm_42 - my_run - INFO - Recent Stats | t_env:    4851959 | Episode:   163906
blue_team_alives_mean:     1.1927	blue_team_win_mean:        0.0000	ep_length_mean:           24.1861	episode_length_mean:      23.1861
epsilon:                   0.0500	grad_norm:                 0.5645	loss:                      1.3236	q_taken_mean:              0.1392
red_team_alives_mean:     20.0000	red_team_win_mean:         1.0000	return_mean:               5.0943	return_std:                0.0389
target_mean:               0.1390	td_error_abs:              0.6143	test_blue_team_alives_mean:  1.2000	test_blue_team_win_mean:   0.0000
test_ep_length_mean:      23.2000	test_episode_length_mean: 22.2000	test_red_team_alives_mean: 20.0000	test_red_team_win_mean:    1.0000
test_return_mean:          5.1270	test_return_std:           0.0000	
2026-07-28 03:49:38,901 - my_experiment - bat_IQL_RNN_noGR_mm_42 - my_run - INFO - t_env: 4901962 / 5050000
2026-07-28 03:49:38,902 - my_experiment - bat_IQL_RNN_noGR_mm_42 - my_run - INFO - Estimated time left: 21 minutes, 30 seconds. Time passed: 11 hours, 15 minutes, 9 seconds
2026-07-28 03:49:38,983 - my_experiment - bat_IQL_RNN_noGR_mm_42 - my_run - INFO - Recent Stats | t_env:    4901962 | Episode:   165987
blue_team_alives_mean:     1.2184	blue_team_win_mean:        0.0000	ep_length_mean:           24.0251	episode_length_mean:      23.0251
epsilon:                   0.0500	grad_norm:                 0.5508	loss:                      1.3150	q_taken_mean:              0.1398
red_team_alives_mean:     20.0000	red_team_win_mean:         1.0000	return_mean:               5.0992	return_std:                0.0374
target_mean:               0.1396	td_error_abs:              0.6119	test_blue_team_alives_mean:  1.4000	test_blue_team_win_mean:   0.0000
test_ep_length_mean:      22.4000	test_episode_length_mean: 21.4000	test_red_team_alives_mean: 20.0000	test_red_team_win_mean:    1.0000
test_return_mean:          5.1500	test_return_std:           0.0000	
2026-07-28 03:56:53,932 - my_experiment - bat_IQL_RNN_noGR_mm_42 - my_run - INFO - t_env: 4951973 / 5050000
2026-07-28 03:56:53,934 - my_experiment - bat_IQL_RNN_noGR_mm_42 - my_run - INFO - Estimated time left: 14 minutes, 12 seconds. Time passed: 11 hours, 22 minutes, 24 seconds
2026-07-28 03:56:54,033 - my_experiment - bat_IQL_RNN_noGR_mm_42 - my_run - INFO - Recent Stats | t_env:    4951973 | Episode:   168060
blue_team_alives_mean:     1.2148	blue_team_win_mean:        0.0000	ep_length_mean:           24.1129	episode_length_mean:      23.1129
epsilon:                   0.0500	grad_norm:                 0.6448	loss:                      1.3173	q_taken_mean:              0.1383
red_team_alives_mean:     20.0000	red_team_win_mean:         1.0000	return_mean:               5.0973	return_std:                0.0380
target_mean:               0.1385	td_error_abs:              0.6153	test_blue_team_alives_mean:  1.4000	test_blue_team_win_mean:   0.0000
test_ep_length_mean:      23.0000	test_episode_length_mean: 22.0000	test_red_team_alives_mean: 20.0000	test_red_team_win_mean:    1.0000
test_return_mean:          5.1390	test_return_std:           0.0000	
2026-07-28 04:03:57,981 - my_experiment - bat_IQL_RNN_noGR_mm_42 - my_run - INFO - Saving models to work_dirs/my_experiment/bat_IQL_RNN_noGR_mm_42/my_run/20260727_163421/models/5000311
2026-07-28 04:04:12,731 - my_experiment - bat_IQL_RNN_noGR_mm_42 - my_run - INFO - t_env: 5001984 / 5050000
2026-07-28 04:04:12,732 - my_experiment - bat_IQL_RNN_noGR_mm_42 - my_run - INFO - Estimated time left: 7 minutes, 1 seconds. Time passed: 11 hours, 29 minutes, 43 seconds
2026-07-28 04:04:12,821 - my_experiment - bat_IQL_RNN_noGR_mm_42 - my_run - INFO - Recent Stats | t_env:    5001984 | Episode:   170144
blue_team_alives_mean:     1.2110	blue_team_win_mean:        0.0000	ep_length_mean:           24.0141	episode_length_mean:      23.0141
epsilon:                   0.0500	grad_norm:                 0.5793	loss:                      1.3018	q_taken_mean:              0.1369
red_team_alives_mean:     20.0000	red_team_win_mean:         1.0000	return_mean:               5.0955	return_std:                0.0381
target_mean:               0.1367	td_error_abs:              0.6030	test_blue_team_alives_mean:  1.4000	test_blue_team_win_mean:   0.0000
test_ep_length_mean:      22.8000	test_episode_length_mean: 21.8000	test_red_team_alives_mean: 20.0000	test_red_team_win_mean:    1.0000
test_return_mean:          5.1420	test_return_std:           0.0000	
2026-07-28 04:11:11,723 - my_experiment - bat_IQL_RNN_noGR_mm_42 - my_run - INFO - Finished Training
