Gym has been unmaintained since 2022 and does not support NumPy 2.0 amongst other critical functionality.
Please upgrade to Gymnasium, the maintained drop-in replacement of Gym, or contact the authors of your software and request that they upgrade.
Users of this version of Gym should be able to simply replace 'import gym' with 'import gymnasium as gym' in the vast majority of cases.
See the migration guide at https://gymnasium.farama.org/introduction/migration_guide/ for additional information.
src/main.py:81: DeprecationWarning: Using or importing the ABCs from 'collections' instead of from 'collections.abc' is deprecated since Python 3.3, and in 3.10 it will stop working
  if isinstance(v, collections.Mapping):
wandb: [wandb.login()] Loaded credentials for https://api.wandb.ai from /home/pparsons/.netrc.
wandb: Currently logged in as: peterparsons02 (peterparsons02-eth-z-rich) to https://api.wandb.ai. Use `wandb login --relogin` to force relogin
wandb: setting up run f9v14ydv
wandb: Tracking run with wandb version 0.24.1
wandb: Run data is saved locally in /usr/itetnas04/data-scratch-01/pparsons/data/MyExpoComm/wandb/run-20260809_185811-f9v14ydv
wandb: Run `wandb offline` to turn off syncing.
wandb: Syncing run my_run-bat_60_ExpoComm_static_44-20260809_185810
wandb: ⭐️ View project at https://wandb.ai/peterparsons02-eth-z-rich/my_experiment
wandb: 🚀 View run at https://wandb.ai/peterparsons02-eth-z-rich/my_experiment/runs/f9v14ydv
2026-08-09 18:58:16,594 - my_experiment - bat_60_ExpoComm_static_44 - my_run - INFO - Current directory: /usr/itetnas04/data-scratch-01/pparsons/data/MyExpoComm.
2026-08-09 18:58:16,594 - my_experiment - bat_60_ExpoComm_static_44 - my_run - INFO - Experiment Parameters:
2026-08-09 18:58:16,595 - my_experiment - bat_60_ExpoComm_static_44 - my_run - INFO - 

{   'action_selector': 'epsilon_greedy',
    'add_value_last_step': True,
    'agent': 'ExpoComm_one_peer_cont',
    'agent_output_type': 'q',
    'aux_coef': 0.1,
    'batch_size': 16,
    'batch_size_run': 1,
    'buffer_cpu_only': True,
    'buffer_size': 1000,
    'checkpoint_path': '',
    'double_q': True,
    'env': 'MAgent_Battle',
    'env_args': {   'global_reward': True,
                    'map_name': 'battle_view7',
                    'map_size': 60,
                    'max_cycles': 200,
                    'minimap_mode': False,
                    'pretrained_ckpt': None,
                    'seed': 44},
    'epsilon_anneal_time': 1000000,
    'epsilon_finish': 0.05,
    'epsilon_start': 1.0,
    'evaluate': False,
    'evaluation_epsilon': 0.0,
    'exp_name': 'my_experiment',
    'gamma': 0.99,
    'global_reward': True,
    'grad_norm_clip': 10,
    'hidden_dim': 64,
    'hypergroup': None,
    'hypernet_embed': 64,
    'hypernet_layers': 2,
    'label': 'default_label',
    'learner': 'cont_q_learner',
    'learner_log_interval': 10000,
    'load_step': 0,
    'local_results_path': 'results',
    'log_interval': 50000,
    'lr': 0.0005,
    'mac': 'ExpoComm_mac',
    'mixer': 'qmix',
    'mixing_embed_dim': 64,
    'name': 'bat_60_ExpoComm_static_44',
    'neg_num': 20,
    'obs_agent_id': True,
    'obs_individual_obs': False,
    'obs_last_action': True,
    'one_peer': True,
    'optim_alpha': 0.99,
    'optim_eps': 1e-05,
    'pos_flag': False,
    'render': False,
    'repeat_id': 1,
    'run_name': 'my_run',
    'runner': 'episode',
    'runner_log_interval': 10000,
    'save_model': True,
    'save_model_interval': 500000,
    'save_replay': False,
    'seed': 44,
    'standardise_returns': False,
    'standardise_rewards': True,
    't_max': 5050000,
    'target_update_interval_or_tau': 200,
    'temperature': 0.07,
    'test_greedy': True,
    'test_interval': 50000,
    'test_nepisode': 1,
    'topk_neighbors': 7,
    'use_cuda': True,
    'use_rnn': True,
    'use_tensorboard': True,
    'work_dir': 'work_dirs/my_experiment/bat_60_ExpoComm_static_44/my_run/20260809_185810'}

/usr/itetnas04/data-scratch-01/pparsons/data/conda_envs/ExpoComm/lib/python3.8/site-packages/pettingzoo/utils/conversions.py:41: UserWarning: The `from_parallel` function is deprecated. Use the `parallel_to_aec` function instead.
  warnings.warn("The `from_parallel` function is deprecated. Use the `parallel_to_aec` function instead.")
/usr/itetnas04/data-scratch-01/pparsons/data/conda_envs/ExpoComm/lib/python3.8/site-packages/pettingzoo/utils/wrappers/base.py:44: UserWarning: The `observation_spaces` dictionary is deprecated. Use the `observation_space` function instead.
  warnings.warn("The `observation_spaces` dictionary is deprecated. Use the `observation_space` function instead.")
/usr/itetnas04/data-scratch-01/pparsons/data/conda_envs/ExpoComm/lib/python3.8/site-packages/pettingzoo/utils/conversions.py:36: UserWarning: The `to_parallel` function is deprecated. Use the `aec_to_parallel` function instead.
  warnings.warn("The `to_parallel` function is deprecated. Use the `aec_to_parallel` function instead.")
/usr/itetnas04/data-scratch-01/pparsons/data/conda_envs/ExpoComm/lib/python3.8/site-packages/pettingzoo/utils/conversions.py:80: UserWarning: The `action_spaces` dictionary is deprecated. Use the `action_space` function instead.
  warnings.warn("The `action_spaces` dictionary is deprecated. Use the `action_space` function instead.")
/usr/itetnas04/data-scratch-01/pparsons/data/conda_envs/ExpoComm/lib/python3.8/site-packages/pettingzoo/utils/wrappers/base.py:52: UserWarning: The `action_spaces` dictionary is deprecated. Use the `action_space` function instead.
  warnings.warn("The `action_spaces` dictionary is deprecated. Use the `action_space` function instead.")
/usr/itetnas04/data-scratch-01/pparsons/data/conda_envs/ExpoComm/lib/python3.8/site-packages/pettingzoo/utils/conversions.py:72: UserWarning: The `observation_spaces` dictionary is deprecated. Use the `observation_space` function instead.
  warnings.warn("The `observation_spaces` dictionary is deprecated. Use the `observation_space` function instead.")
2026-08-09 18:58:30,643 - my_experiment - bat_60_ExpoComm_static_44 - my_run - INFO - Beginning training for 5050000 timesteps
/usr/itetnas04/data-scratch-01/pparsons/data/MyExpoComm/src/envs/battle_wrappers.py:265: UserWarning: To copy construct from a tensor, it is recommended to use sourceTensor.clone().detach() or sourceTensor.clone().detach().requires_grad_(True), rather than torch.tensor(sourceTensor).
  actions = torch.tensor(actions, dtype=torch.long)
2026-08-09 18:58:44,778 - my_experiment - bat_60_ExpoComm_static_44 - my_run - INFO - t_env: 200 / 5050000
2026-08-09 18:58:44,778 - my_experiment - bat_60_ExpoComm_static_44 - my_run - INFO - Estimated time left: 23 minutes, 41 seconds. Time passed: 14 seconds
2026-08-09 18:58:49,214 - my_experiment - bat_60_ExpoComm_static_44 - my_run - INFO - Saving models to work_dirs/my_experiment/bat_60_ExpoComm_static_44/my_run/20260809_185810/models/200
2026-08-09 19:21:42,499 - my_experiment - bat_60_ExpoComm_static_44 - my_run - INFO - Recent Stats | t_env:      50000 | Episode:      250
blue_team_alives_mean:   143.9200	blue_team_win_mean:        1.0000	ep_length_mean:          200.0000	episode_length_mean:     199.0000
epsilon:                   0.9620	grad_norm:               1199109.2766	info_nce_loss:             2.3991	loss:                    501472.2883
q_loss:                  455883.9073	q_taken_mean:              0.2057	red_team_alives_mean:    133.8880	red_team_win_mean:         0.0000
return_mean:              -8.0379	return_std:                0.1023	target_mean:               2.2013	td_error_abs:            358.5483
test_blue_team_alives_mean:144.0000	test_blue_team_win_mean:   0.0000	test_ep_length_mean:     200.0000	test_episode_length_mean:199.0000
test_red_team_alives_mean:144.0000	test_red_team_win_mean:    0.0000	test_return_mean:         -1.0000	test_return_std:           0.0000

2026-08-09 19:21:48,073 - my_experiment - bat_60_ExpoComm_static_44 - my_run - INFO - t_env: 50200 / 5050000
2026-08-09 19:21:48,075 - my_experiment - bat_60_ExpoComm_static_44 - my_run - INFO - Estimated time left: 1 days, 14 hours, 25 minutes, 24 seconds. Time passed: 23 minutes, 17 seconds
2026-08-09 19:44:49,432 - my_experiment - bat_60_ExpoComm_static_44 - my_run - INFO - Recent Stats | t_env:     100000 | Episode:      500
blue_team_alives_mean:   143.7600	blue_team_win_mean:        1.0000	ep_length_mean:          200.0000	episode_length_mean:     199.0000
epsilon:                   0.9145	grad_norm:               2470709.0391	info_nce_loss:             2.9221	loss:                    447081.7852
q_loss:                  406437.9867	q_taken_mean:             11.9788	red_team_alives_mean:    126.4920	red_team_win_mean:         0.0000
return_mean:              -7.4287	return_std:                0.1743	target_mean:              13.7198	td_error_abs:            374.8867
test_blue_team_alives_mean:144.0000	test_blue_team_win_mean:   0.0000	test_ep_length_mean:     200.0000	test_episode_length_mean:199.0000
test_red_team_alives_mean:144.0000	test_red_team_win_mean:    0.0000	test_return_mean:         -1.0000	test_return_std:           0.0000

2026-08-09 19:44:54,934 - my_experiment - bat_60_ExpoComm_static_44 - my_run - INFO - t_env: 100200 / 5050000
2026-08-09 19:44:54,935 - my_experiment - bat_60_ExpoComm_static_44 - my_run - INFO - Estimated time left: 1 days, 14 hours, 8 minutes, 13 seconds. Time passed: 46 minutes, 24 seconds
2026-08-09 20:08:03,066 - my_experiment - bat_60_ExpoComm_static_44 - my_run - INFO - Recent Stats | t_env:     150000 | Episode:      750
blue_team_alives_mean:   143.7920	blue_team_win_mean:        0.9880	ep_length_mean:          200.0000	episode_length_mean:     199.0000
epsilon:                   0.8670	grad_norm:               2849791.3859	info_nce_loss:             2.6958	loss:                    387265.9484
q_loss:                  352059.9547	q_taken_mean:             21.7286	red_team_alives_mean:    128.7080	red_team_win_mean:         0.0000
return_mean:              -7.2004	return_std:                0.2543	target_mean:              23.1848	td_error_abs:            356.5553
test_blue_team_alives_mean:144.0000	test_blue_team_win_mean:   0.0000	test_ep_length_mean:     200.0000	test_episode_length_mean:199.0000
test_red_team_alives_mean:144.0000	test_red_team_win_mean:    0.0000	test_return_mean:         -1.0000	test_return_std:           0.0000

2026-08-09 20:08:08,696 - my_experiment - bat_60_ExpoComm_static_44 - my_run - INFO - t_env: 150200 / 5050000
2026-08-09 20:08:08,697 - my_experiment - bat_60_ExpoComm_static_44 - my_run - INFO - Estimated time left: 1 days, 13 hours, 56 minutes, 23 seconds. Time passed: 1 hours, 9 minutes, 38 seconds
2026-08-09 20:31:15,493 - my_experiment - bat_60_ExpoComm_static_44 - my_run - INFO - Recent Stats | t_env:     200000 | Episode:     1000
blue_team_alives_mean:   143.9760	blue_team_win_mean:        0.6240	ep_length_mean:          200.0000	episode_length_mean:     199.0000
epsilon:                   0.8195	grad_norm:               4214114.6937	info_nce_loss:             1.6857	loss:                    524442.5625
q_loss:                  476765.9578	q_taken_mean:             34.3632	red_team_alives_mean:    139.9400	red_team_win_mean:         0.0000
return_mean:              -7.2973	return_std:                0.1804	target_mean:              35.6551	td_error_abs:            422.6526
test_blue_team_alives_mean:144.0000	test_blue_team_win_mean:   0.0000	test_ep_length_mean:     200.0000	test_episode_length_mean:199.0000
test_red_team_alives_mean:144.0000	test_red_team_win_mean:    0.0000	test_return_mean:         -1.0000	test_return_std:           0.0000

2026-08-09 20:31:21,061 - my_experiment - bat_60_ExpoComm_static_44 - my_run - INFO - t_env: 200200 / 5050000
2026-08-09 20:31:21,062 - my_experiment - bat_60_ExpoComm_static_44 - my_run - INFO - Estimated time left: 1 days, 13 hours, 30 minutes, 53 seconds. Time passed: 1 hours, 32 minutes, 50 seconds
2026-08-09 20:54:22,204 - my_experiment - bat_60_ExpoComm_static_44 - my_run - INFO - Recent Stats | t_env:     250000 | Episode:     1250
blue_team_alives_mean:   144.0000	blue_team_win_mean:        0.2120	ep_length_mean:          200.0000	episode_length_mean:     199.0000
epsilon:                   0.7720	grad_norm:               12019133.5938	info_nce_loss:             1.5991	loss:                    1074601.5312
q_loss:                  976910.4594	q_taken_mean:             46.7342	red_team_alives_mean:    143.7080	red_team_win_mean:         0.0000
return_mean:              -7.0517	return_std:                0.0602	target_mean:              50.1194	td_error_abs:            685.8436
test_blue_team_alives_mean:144.0000	test_blue_team_win_mean:   0.0000	test_ep_length_mean:     200.0000	test_episode_length_mean:199.0000
test_red_team_alives_mean:144.0000	test_red_team_win_mean:    0.0000	test_return_mean:         -1.0000	test_return_std:           0.0000

2026-08-09 20:54:27,735 - my_experiment - bat_60_ExpoComm_static_44 - my_run - INFO - t_env: 250200 / 5050000
2026-08-09 20:54:27,737 - my_experiment - bat_60_ExpoComm_static_44 - my_run - INFO - Estimated time left: 1 days, 12 hours, 58 minutes, 35 seconds. Time passed: 1 hours, 55 minutes, 57 seconds
2026-08-09 21:17:27,634 - my_experiment - bat_60_ExpoComm_static_44 - my_run - INFO - Recent Stats | t_env:     300000 | Episode:     1500
blue_team_alives_mean:   144.0000	blue_team_win_mean:        0.0680	ep_length_mean:          200.0000	episode_length_mean:     199.0000
epsilon:                   0.7245	grad_norm:               22188239.9000	info_nce_loss:             1.1106	loss:                    1129558.0500
q_loss:                  1026870.9563	q_taken_mean:             68.3321	red_team_alives_mean:    143.8880	red_team_win_mean:         0.0000
return_mean:              -6.6977	return_std:                0.0528	target_mean:              70.2771	td_error_abs:            644.3617
test_blue_team_alives_mean:144.0000	test_blue_team_win_mean:   0.0000	test_ep_length_mean:     200.0000	test_episode_length_mean:199.0000
test_red_team_alives_mean:144.0000	test_red_team_win_mean:    0.0000	test_return_mean:         -1.0000	test_return_std:           0.0000

2026-08-09 21:17:33,154 - my_experiment - bat_60_ExpoComm_static_44 - my_run - INFO - t_env: 300200 / 5050000
2026-08-09 21:17:33,156 - my_experiment - bat_60_ExpoComm_static_44 - my_run - INFO - Estimated time left: 1 days, 12 hours, 33 minutes, 29 seconds. Time passed: 2 hours, 19 minutes, 2 seconds
2026-08-09 21:40:40,701 - my_experiment - bat_60_ExpoComm_static_44 - my_run - INFO - Recent Stats | t_env:     350000 | Episode:     1750
blue_team_alives_mean:   144.0000	blue_team_win_mean:        0.0320	ep_length_mean:          200.0000	episode_length_mean:     199.0000
epsilon:                   0.6770	grad_norm:               79295598.4000	info_nce_loss:             1.2841	loss:                    1231394.1250
q_loss:                  1119449.2250	q_taken_mean:             87.8941	red_team_alives_mean:    143.9600	red_team_win_mean:         0.0000
return_mean:              -6.3511	return_std:                0.0582	target_mean:              89.0331	td_error_abs:            687.6484
test_blue_team_alives_mean:144.0000	test_blue_team_win_mean:   0.0000	test_ep_length_mean:     200.0000	test_episode_length_mean:199.0000
test_red_team_alives_mean:144.0000	test_red_team_win_mean:    0.0000	test_return_mean:         -1.0000	test_return_std:           0.0000

2026-08-09 21:40:46,496 - my_experiment - bat_60_ExpoComm_static_44 - my_run - INFO - t_env: 350200 / 5050000
2026-08-09 21:40:46,498 - my_experiment - bat_60_ExpoComm_static_44 - my_run - INFO - Estimated time left: 1 days, 12 hours, 22 minutes, 48 seconds. Time passed: 2 hours, 42 minutes, 15 seconds
2026-08-09 22:04:35,618 - my_experiment - bat_60_ExpoComm_static_44 - my_run - INFO - Recent Stats | t_env:     400000 | Episode:     2000
blue_team_alives_mean:   144.0000	blue_team_win_mean:        0.0400	ep_length_mean:          200.0000	episode_length_mean:     199.0000
epsilon:                   0.6295	grad_norm:               93191131.2000	info_nce_loss:             1.6812	loss:                    1448614.3875
q_loss:                  1316922.1875	q_taken_mean:            101.9338	red_team_alives_mean:    143.9480	red_team_win_mean:         0.0000
return_mean:              -6.0153	return_std:                0.0811	target_mean:             103.9852	td_error_abs:            777.1949
test_blue_team_alives_mean:144.0000	test_blue_team_win_mean:   0.0000	test_ep_length_mean:     200.0000	test_episode_length_mean:199.0000
test_red_team_alives_mean:144.0000	test_red_team_win_mean:    0.0000	test_return_mean:         -1.0000	test_return_std:           0.0000

2026-08-09 22:04:41,000 - my_experiment - bat_60_ExpoComm_static_44 - my_run - INFO - t_env: 400200 / 5050000
2026-08-09 22:04:41,002 - my_experiment - bat_60_ExpoComm_static_44 - my_run - INFO - Estimated time left: 1 days, 13 hours, 3 minutes, 23 seconds. Time passed: 3 hours, 6 minutes, 10 seconds
2026-08-09 22:28:13,217 - my_experiment - bat_60_ExpoComm_static_44 - my_run - INFO - Recent Stats | t_env:     450000 | Episode:     2250
blue_team_alives_mean:   144.0000	blue_team_win_mean:        0.0000	ep_length_mean:          200.0000	episode_length_mean:     199.0000
epsilon:                   0.5820	grad_norm:               81516857.2000	info_nce_loss:             1.4138	loss:                    1469397.9250
q_loss:                  1335816.2875	q_taken_mean:            115.7345	red_team_alives_mean:    144.0000	red_team_win_mean:         0.0000
return_mean:              -5.6423	return_std:                0.0526	target_mean:             119.0141	td_error_abs:            859.7473
test_blue_team_alives_mean:144.0000	test_blue_team_win_mean:   0.0000	test_ep_length_mean:     200.0000	test_episode_length_mean:199.0000
test_red_team_alives_mean:144.0000	test_red_team_win_mean:    0.0000	test_return_mean:         -1.0000	test_return_std:           0.0000

2026-08-09 22:28:18,940 - my_experiment - bat_60_ExpoComm_static_44 - my_run - INFO - t_env: 450200 / 5050000
2026-08-09 22:28:18,942 - my_experiment - bat_60_ExpoComm_static_44 - my_run - INFO - Estimated time left: 1 days, 12 hours, 14 minutes, 4 seconds. Time passed: 3 hours, 29 minutes, 48 seconds
2026-08-09 22:52:09,975 - my_experiment - bat_60_ExpoComm_static_44 - my_run - INFO - Recent Stats | t_env:     500000 | Episode:     2500
blue_team_alives_mean:   144.0000	blue_team_win_mean:        0.0000	ep_length_mean:          200.0000	episode_length_mean:     199.0000
epsilon:                   0.5345	grad_norm:               88207690.4000	info_nce_loss:             1.4886	loss:                    1415978.6625
q_loss:                  1287253.3375	q_taken_mean:            133.1379	red_team_alives_mean:    144.0000	red_team_win_mean:         0.0000
return_mean:              -5.2626	return_std:                0.0505	target_mean:             133.1429	td_error_abs:            790.7633
test_blue_team_alives_mean:144.0000	test_blue_team_win_mean:   0.0000	test_ep_length_mean:     200.0000	test_episode_length_mean:199.0000
test_red_team_alives_mean:144.0000	test_red_team_win_mean:    0.0000	test_return_mean:         -1.0065	test_return_std:           0.0000

2026-08-09 22:52:15,629 - my_experiment - bat_60_ExpoComm_static_44 - my_run - INFO - t_env: 500200 / 5050000
2026-08-09 22:52:15,631 - my_experiment - bat_60_ExpoComm_static_44 - my_run - INFO - Estimated time left: 1 days, 12 hours, 18 minutes, 52 seconds. Time passed: 3 hours, 53 minutes, 44 seconds
2026-08-09 22:52:20,459 - my_experiment - bat_60_ExpoComm_static_44 - my_run - INFO - Saving models to work_dirs/my_experiment/bat_60_ExpoComm_static_44/my_run/20260809_185810/models/500200
2026-08-09 23:15:51,909 - my_experiment - bat_60_ExpoComm_static_44 - my_run - INFO - Recent Stats | t_env:     550000 | Episode:     2750
blue_team_alives_mean:   144.0000	blue_team_win_mean:        0.0000	ep_length_mean:          200.0000	episode_length_mean:     199.0000
epsilon:                   0.4870	grad_norm:               106888876.8000	info_nce_loss:             1.2842	loss:                    1514051.3250
q_loss:                  1376410.3000	q_taken_mean:            144.0619	red_team_alives_mean:    144.0000	red_team_win_mean:         0.0000
return_mean:              -4.8906	return_std:                0.0529	target_mean:             146.8471	td_error_abs:            794.2024
test_blue_team_alives_mean:144.0000	test_blue_team_win_mean:   0.0000	test_ep_length_mean:     200.0000	test_episode_length_mean:199.0000
test_red_team_alives_mean:144.0000	test_red_team_win_mean:    0.0000	test_return_mean:         -1.0065	test_return_std:           0.0000

2026-08-09 23:15:57,296 - my_experiment - bat_60_ExpoComm_static_44 - my_run - INFO - t_env: 550200 / 5050000
2026-08-09 23:15:57,297 - my_experiment - bat_60_ExpoComm_static_44 - my_run - INFO - Estimated time left: 1 days, 11 hours, 32 minutes, 24 seconds. Time passed: 4 hours, 17 minutes, 26 seconds
2026-08-09 23:38:25,770 - my_experiment - bat_60_ExpoComm_static_44 - my_run - INFO - Recent Stats | t_env:     600000 | Episode:     3000
blue_team_alives_mean:   144.0000	blue_team_win_mean:        0.0000	ep_length_mean:          200.0000	episode_length_mean:     199.0000
epsilon:                   0.4395	grad_norm:               201193788.8000	info_nce_loss:             0.7002	loss:                    1460651.0875
q_loss:                  1327864.6250	q_taken_mean:            151.6484	red_team_alives_mean:    144.0000	red_team_win_mean:         0.0000
return_mean:              -4.5362	return_std:                0.0525	target_mean:             153.1725	td_error_abs:            784.8505
test_blue_team_alives_mean:144.0000	test_blue_team_win_mean:   0.0000	test_ep_length_mean:     200.0000	test_episode_length_mean:199.0000
test_red_team_alives_mean:144.0000	test_red_team_win_mean:    0.0000	test_return_mean:         -1.0065	test_return_std:           0.0000

2026-08-09 23:38:31,145 - my_experiment - bat_60_ExpoComm_static_44 - my_run - INFO - t_env: 600200 / 5050000
2026-08-09 23:38:31,146 - my_experiment - bat_60_ExpoComm_static_44 - my_run - INFO - Estimated time left: 1 days, 9 hours, 28 minutes, 7 seconds. Time passed: 4 hours, 40 minutes, 0 seconds
2026-08-10 00:00:59,489 - my_experiment - bat_60_ExpoComm_static_44 - my_run - INFO - Recent Stats | t_env:     650000 | Episode:     3250
blue_team_alives_mean:   144.0000	blue_team_win_mean:        0.0000	ep_length_mean:          200.0000	episode_length_mean:     199.0000
epsilon:                   0.3920	grad_norm:               183274649.6000	info_nce_loss:             0.7026	loss:                    1532997.3375
q_loss:                  1393633.9750	q_taken_mean:            151.8034	red_team_alives_mean:    144.0000	red_team_win_mean:         0.0000
return_mean:              -4.1901	return_std:                0.0489	target_mean:             153.8627	td_error_abs:            819.2715
test_blue_team_alives_mean:144.0000	test_blue_team_win_mean:   0.0000	test_ep_length_mean:     200.0000	test_episode_length_mean:199.0000
test_red_team_alives_mean:144.0000	test_red_team_win_mean:    0.0000	test_return_mean:         -1.0065	test_return_std:           0.0000

2026-08-10 00:01:04,886 - my_experiment - bat_60_ExpoComm_static_44 - my_run - INFO - t_env: 650200 / 5050000
2026-08-10 00:01:04,887 - my_experiment - bat_60_ExpoComm_static_44 - my_run - INFO - Estimated time left: 1 days, 9 hours, 5 minutes, 23 seconds. Time passed: 5 hours, 2 minutes, 34 seconds
2026-08-10 00:23:33,154 - my_experiment - bat_60_ExpoComm_static_44 - my_run - INFO - Recent Stats | t_env:     700000 | Episode:     3500
blue_team_alives_mean:   144.0000	blue_team_win_mean:        0.0000	ep_length_mean:          200.0000	episode_length_mean:     199.0000
epsilon:                   0.3445	grad_norm:               159546404.8000	info_nce_loss:             0.9700	loss:                    1638644.2250
q_loss:                  1489676.5750	q_taken_mean:            158.1386	red_team_alives_mean:    144.0000	red_team_win_mean:         0.0000
return_mean:              -3.8907	return_std:                0.0801	target_mean:             158.9231	td_error_abs:            810.3410
test_blue_team_alives_mean:144.0000	test_blue_team_win_mean:   0.0000	test_ep_length_mean:     200.0000	test_episode_length_mean:199.0000
test_red_team_alives_mean:144.0000	test_red_team_win_mean:    0.0000	test_return_mean:         -1.0065	test_return_std:           0.0000

2026-08-10 00:23:38,545 - my_experiment - bat_60_ExpoComm_static_44 - my_run - INFO - t_env: 700200 / 5050000
2026-08-10 00:23:38,547 - my_experiment - bat_60_ExpoComm_static_44 - my_run - INFO - Estimated time left: 1 days, 8 hours, 42 minutes, 42 seconds. Time passed: 5 hours, 25 minutes, 7 seconds
2026-08-10 00:46:05,904 - my_experiment - bat_60_ExpoComm_static_44 - my_run - INFO - Recent Stats | t_env:     750000 | Episode:     3750
blue_team_alives_mean:   144.0000	blue_team_win_mean:        0.0000	ep_length_mean:          200.0000	episode_length_mean:     199.0000
epsilon:                   0.2970	grad_norm:               147211556.8000	info_nce_loss:             0.9913	loss:                    1360946.1250
q_loss:                  1237223.7375	q_taken_mean:            162.1812	red_team_alives_mean:    144.0000	red_team_win_mean:         0.0000
return_mean:              -3.8312	return_std:                0.2010	target_mean:             164.5519	td_error_abs:            756.1150
test_blue_team_alives_mean:144.0000	test_blue_team_win_mean:   0.0000	test_ep_length_mean:     200.0000	test_episode_length_mean:199.0000
test_red_team_alives_mean:144.0000	test_red_team_win_mean:    0.0000	test_return_mean:         -1.0000	test_return_std:           0.0000

2026-08-10 00:46:11,305 - my_experiment - bat_60_ExpoComm_static_44 - my_run - INFO - t_env: 750200 / 5050000
2026-08-10 00:46:11,306 - my_experiment - bat_60_ExpoComm_static_44 - my_run - INFO - Estimated time left: 1 days, 8 hours, 18 minutes, 51 seconds. Time passed: 5 hours, 47 minutes, 40 seconds
2026-08-10 01:08:38,091 - my_experiment - bat_60_ExpoComm_static_44 - my_run - INFO - Recent Stats | t_env:     800000 | Episode:     4000
blue_team_alives_mean:   144.0000	blue_team_win_mean:        0.0000	ep_length_mean:          200.0000	episode_length_mean:     199.0000
epsilon:                   0.2495	grad_norm:               145583494.4000	info_nce_loss:             1.0536	loss:                    1196342.3500
q_loss:                  1087607.9500	q_taken_mean:            166.2126	red_team_alives_mean:    144.0000	red_team_win_mean:         0.0000
return_mean:              -3.1272	return_std:                0.0461	target_mean:             165.8517	td_error_abs:            698.5001
test_blue_team_alives_mean:144.0000	test_blue_team_win_mean:   0.0000	test_ep_length_mean:     200.0000	test_episode_length_mean:199.0000
test_red_team_alives_mean:144.0000	test_red_team_win_mean:    0.0000	test_return_mean:         -1.0008	test_return_std:           0.0000

2026-08-10 01:08:43,487 - my_experiment - bat_60_ExpoComm_static_44 - my_run - INFO - t_env: 800200 / 5050000
2026-08-10 01:08:43,488 - my_experiment - bat_60_ExpoComm_static_44 - my_run - INFO - Estimated time left: 1 days, 7 hours, 55 minutes, 30 seconds. Time passed: 6 hours, 10 minutes, 12 seconds
2026-08-10 01:31:10,930 - my_experiment - bat_60_ExpoComm_static_44 - my_run - INFO - Recent Stats | t_env:     850000 | Episode:     4250
blue_team_alives_mean:   144.0000	blue_team_win_mean:        0.0080	ep_length_mean:          200.0000	episode_length_mean:     199.0000
epsilon:                   0.2020	grad_norm:               119137157.6000	info_nce_loss:             0.7120	loss:                    1088724.8500
q_loss:                  989749.8500	q_taken_mean:            170.2463	red_team_alives_mean:    143.9920	red_team_win_mean:         0.0000
return_mean:              -2.9080	return_std:                0.0803	target_mean:             171.1804	td_error_abs:            669.3250
test_blue_team_alives_mean:144.0000	test_blue_team_win_mean:   0.0000	test_ep_length_mean:     200.0000	test_episode_length_mean:199.0000
test_red_team_alives_mean:144.0000	test_red_team_win_mean:    0.0000	test_return_mean:         -1.0231	test_return_std:           0.0000

2026-08-10 01:31:16,324 - my_experiment - bat_60_ExpoComm_static_44 - my_run - INFO - t_env: 850200 / 5050000
2026-08-10 01:31:16,325 - my_experiment - bat_60_ExpoComm_static_44 - my_run - INFO - Estimated time left: 1 days, 7 hours, 33 minutes, 52 seconds. Time passed: 6 hours, 32 minutes, 45 seconds
2026-08-10 01:53:43,121 - my_experiment - bat_60_ExpoComm_static_44 - my_run - INFO - Recent Stats | t_env:     900000 | Episode:     4500
blue_team_alives_mean:   144.0000	blue_team_win_mean:        0.0000	ep_length_mean:          200.0000	episode_length_mean:     199.0000
epsilon:                   0.1545	grad_norm:               186545305.6000	info_nce_loss:             1.1026	loss:                    1453890.3875
q_loss:                  1321718.5375	q_taken_mean:            184.8958	red_team_alives_mean:    144.0000	red_team_win_mean:         0.0000
return_mean:              -2.4588	return_std:                0.0653	target_mean:             184.8450	td_error_abs:            773.9265
test_blue_team_alives_mean:144.0000	test_blue_team_win_mean:   0.0000	test_ep_length_mean:     200.0000	test_episode_length_mean:199.0000
test_red_team_alives_mean:144.0000	test_red_team_win_mean:    0.0000	test_return_mean:         -1.1344	test_return_std:           0.0000

2026-08-10 01:53:48,546 - my_experiment - bat_60_ExpoComm_static_44 - my_run - INFO - t_env: 900200 / 5050000
2026-08-10 01:53:48,547 - my_experiment - bat_60_ExpoComm_static_44 - my_run - INFO - Estimated time left: 1 days, 7 hours, 10 minutes, 29 seconds. Time passed: 6 hours, 55 minutes, 17 seconds
2026-08-10 02:16:15,552 - my_experiment - bat_60_ExpoComm_static_44 - my_run - INFO - Recent Stats | t_env:     950000 | Episode:     4750
blue_team_alives_mean:   144.0000	blue_team_win_mean:        0.0280	ep_length_mean:          200.0000	episode_length_mean:     199.0000
epsilon:                   0.1070	grad_norm:               112963869.6000	info_nce_loss:             1.1866	loss:                    1358490.4000
q_loss:                  1234991.5250	q_taken_mean:            192.8717	red_team_alives_mean:    143.9600	red_team_win_mean:         0.0000
return_mean:              -2.0957	return_std:                0.0887	target_mean:             191.8862	td_error_abs:            770.2165
test_blue_team_alives_mean:144.0000	test_blue_team_win_mean:   0.0000	test_ep_length_mean:     200.0000	test_episode_length_mean:199.0000
test_red_team_alives_mean:144.0000	test_red_team_win_mean:    0.0000	test_return_mean:         -1.2207	test_return_std:           0.0000

2026-08-10 02:16:20,913 - my_experiment - bat_60_ExpoComm_static_44 - my_run - INFO - t_env: 950200 / 5050000
2026-08-10 02:16:20,914 - my_experiment - bat_60_ExpoComm_static_44 - my_run - INFO - Estimated time left: 1 days, 6 hours, 48 minutes, 8 seconds. Time passed: 7 hours, 17 minutes, 50 seconds
2026-08-10 02:38:51,040 - my_experiment - bat_60_ExpoComm_static_44 - my_run - INFO - Recent Stats | t_env:    1000000 | Episode:     5000
blue_team_alives_mean:   144.0000	blue_team_win_mean:        0.1160	ep_length_mean:          200.0000	episode_length_mean:     199.0000
epsilon:                   0.0595	grad_norm:               535922916.8000	info_nce_loss:             0.3147	loss:                    2495164.5750
q_loss:                  2294423.0500	q_taken_mean:            203.7377	red_team_alives_mean:    143.7400	red_team_win_mean:         0.0000
return_mean:              -1.8101	return_std:                0.1267	target_mean:             203.3867	td_error_abs:            911.5283
test_blue_team_alives_mean:144.0000	test_blue_team_win_mean:   0.0000	test_ep_length_mean:     200.0000	test_episode_length_mean:199.0000
test_red_team_alives_mean:144.0000	test_red_team_win_mean:    0.0000	test_return_mean:         -1.2460	test_return_std:           0.0000

2026-08-10 02:38:56,417 - my_experiment - bat_60_ExpoComm_static_44 - my_run - INFO - t_env: 1000200 / 5050000
2026-08-10 02:38:56,418 - my_experiment - bat_60_ExpoComm_static_44 - my_run - INFO - Estimated time left: 1 days, 6 hours, 29 minutes, 50 seconds. Time passed: 7 hours, 40 minutes, 25 seconds
2026-08-10 02:39:00,827 - my_experiment - bat_60_ExpoComm_static_44 - my_run - INFO - Saving models to work_dirs/my_experiment/bat_60_ExpoComm_static_44/my_run/20260809_185810/models/1000200
2026-08-10 03:01:25,161 - my_experiment - bat_60_ExpoComm_static_44 - my_run - INFO - Recent Stats | t_env:    1050000 | Episode:     5250
blue_team_alives_mean:   143.9760	blue_team_win_mean:        0.1080	ep_length_mean:          200.0000	episode_length_mean:     199.0000
epsilon:                   0.0500	grad_norm:               156058832.4000	info_nce_loss:             1.3808	loss:                    1961285.4000
q_loss:                  1782986.7000	q_taken_mean:            212.4929	red_team_alives_mean:    143.7080	red_team_win_mean:         0.0160
return_mean:              -1.8571	return_std:                0.2015	target_mean:             211.5102	td_error_abs:            802.8039
test_blue_team_alives_mean:144.0000	test_blue_team_win_mean:   0.0000	test_ep_length_mean:     200.0000	test_episode_length_mean:199.0000
test_red_team_alives_mean:144.0000	test_red_team_win_mean:    0.0000	test_return_mean:         -1.2642	test_return_std:           0.0000

2026-08-10 03:01:30,531 - my_experiment - bat_60_ExpoComm_static_44 - my_run - INFO - t_env: 1050200 / 5050000
2026-08-10 03:01:30,532 - my_experiment - bat_60_ExpoComm_static_44 - my_run - INFO - Estimated time left: 1 days, 6 hours, 5 minutes, 23 seconds. Time passed: 8 hours, 2 minutes, 59 seconds
2026-08-10 03:23:59,660 - my_experiment - bat_60_ExpoComm_static_44 - my_run - INFO - Recent Stats | t_env:    1100000 | Episode:     5500
blue_team_alives_mean:   143.9800	blue_team_win_mean:        0.1240	ep_length_mean:          200.0000	episode_length_mean:     199.0000
epsilon:                   0.0500	grad_norm:               279153088.8000	info_nce_loss:             0.9122	loss:                    1753724.4625
q_loss:                  1594294.9625	q_taken_mean:            222.3263	red_team_alives_mean:    143.6720	red_team_win_mean:         0.0120
return_mean:              -1.8423	return_std:                0.3267	target_mean:             223.3754	td_error_abs:            811.5323
test_blue_team_alives_mean:144.0000	test_blue_team_win_mean:   0.0000	test_ep_length_mean:     200.0000	test_episode_length_mean:199.0000
test_red_team_alives_mean:144.0000	test_red_team_win_mean:    0.0000	test_return_mean:         -1.6324	test_return_std:           0.0000

2026-08-10 03:24:05,038 - my_experiment - bat_60_ExpoComm_static_44 - my_run - INFO - t_env: 1100200 / 5050000
2026-08-10 03:24:05,039 - my_experiment - bat_60_ExpoComm_static_44 - my_run - INFO - Estimated time left: 1 days, 5 hours, 43 minutes, 20 seconds. Time passed: 8 hours, 25 minutes, 34 seconds
2026-08-10 03:46:37,207 - my_experiment - bat_60_ExpoComm_static_44 - my_run - INFO - Recent Stats | t_env:    1150000 | Episode:     5750
blue_team_alives_mean:   143.9960	blue_team_win_mean:        0.1360	ep_length_mean:          200.0000	episode_length_mean:     199.0000
epsilon:                   0.0500	grad_norm:               382921902.4000	info_nce_loss:             1.6665	loss:                    2862387.2750
q_loss:                  2602170.2000	q_taken_mean:            236.4123	red_team_alives_mean:    143.6760	red_team_win_mean:         0.0040
return_mean:              -1.6177	return_std:                0.1016	target_mean:             237.7001	td_error_abs:            942.6279
test_blue_team_alives_mean:144.0000	test_blue_team_win_mean:   0.0000	test_ep_length_mean:     200.0000	test_episode_length_mean:199.0000
test_red_team_alives_mean:144.0000	test_red_team_win_mean:    0.0000	test_return_mean:         -1.6421	test_return_std:           0.0000

2026-08-10 03:46:42,592 - my_experiment - bat_60_ExpoComm_static_44 - my_run - INFO - t_env: 1150200 / 5050000
2026-08-10 03:46:42,593 - my_experiment - bat_60_ExpoComm_static_44 - my_run - INFO - Estimated time left: 1 days, 5 hours, 24 minutes, 43 seconds. Time passed: 8 hours, 48 minutes, 11 seconds
2026-08-10 04:09:12,741 - my_experiment - bat_60_ExpoComm_static_44 - my_run - INFO - Recent Stats | t_env:    1200000 | Episode:     6000
blue_team_alives_mean:   144.0000	blue_team_win_mean:        0.2880	ep_length_mean:          200.0000	episode_length_mean:     199.0000
epsilon:                   0.0500	grad_norm:               501415385.6000	info_nce_loss:             1.2735	loss:                    2309706.8500
q_loss:                  2099733.4750	q_taken_mean:            242.2403	red_team_alives_mean:    143.1680	red_team_win_mean:         0.0000
return_mean:              -2.1359	return_std:                0.9917	target_mean:             244.8039	td_error_abs:            933.7130
test_blue_team_alives_mean:144.0000	test_blue_team_win_mean:   0.0000	test_ep_length_mean:     200.0000	test_episode_length_mean:199.0000
test_red_team_alives_mean:144.0000	test_red_team_win_mean:    0.0000	test_return_mean:         -1.9094	test_return_std:           0.0000

2026-08-10 04:09:18,194 - my_experiment - bat_60_ExpoComm_static_44 - my_run - INFO - t_env: 1200200 / 5050000
2026-08-10 04:09:18,195 - my_experiment - bat_60_ExpoComm_static_44 - my_run - INFO - Estimated time left: 1 days, 4 hours, 59 minutes, 35 seconds. Time passed: 9 hours, 10 minutes, 47 seconds
2026-08-10 04:31:48,060 - my_experiment - bat_60_ExpoComm_static_44 - my_run - INFO - Recent Stats | t_env:    1250000 | Episode:     6250
blue_team_alives_mean:   143.9680	blue_team_win_mean:        0.3480	ep_length_mean:          200.0000	episode_length_mean:     199.0000
epsilon:                   0.0500	grad_norm:               379263302.4000	info_nce_loss:             1.3255	loss:                    2896220.4750
q_loss:                  2632927.7000	q_taken_mean:            241.7426	red_team_alives_mean:    142.7320	red_team_win_mean:         0.0120
return_mean:              -1.5399	return_std:                0.1260	target_mean:             240.5821	td_error_abs:            926.8891
test_blue_team_alives_mean:144.0000	test_blue_team_win_mean:   0.0000	test_ep_length_mean:     200.0000	test_episode_length_mean:199.0000
test_red_team_alives_mean:144.0000	test_red_team_win_mean:    0.0000	test_return_mean:         -1.9022	test_return_std:           0.0000

2026-08-10 04:31:53,452 - my_experiment - bat_60_ExpoComm_static_44 - my_run - INFO - t_env: 1250200 / 5050000
2026-08-10 04:31:53,454 - my_experiment - bat_60_ExpoComm_static_44 - my_run - INFO - Estimated time left: 1 days, 4 hours, 36 minutes, 34 seconds. Time passed: 9 hours, 33 minutes, 22 seconds
2026-08-10 04:54:24,729 - my_experiment - bat_60_ExpoComm_static_44 - my_run - INFO - Recent Stats | t_env:    1300000 | Episode:     6500
blue_team_alives_mean:   143.3760	blue_team_win_mean:        0.3280	ep_length_mean:          200.0000	episode_length_mean:     199.0000
epsilon:                   0.0500	grad_norm:               314100952.8000	info_nce_loss:             1.4179	loss:                    2004177.7250
q_loss:                  1821979.7500	q_taken_mean:            229.3112	red_team_alives_mean:    142.8600	red_team_win_mean:         0.1120
return_mean:              -1.6134	return_std:                0.1390	target_mean:             229.2098	td_error_abs:            831.7729
test_blue_team_alives_mean:144.0000	test_blue_team_win_mean:   0.0000	test_ep_length_mean:     200.0000	test_episode_length_mean:199.0000
test_red_team_alives_mean:144.0000	test_red_team_win_mean:    0.0000	test_return_mean:         -1.9193	test_return_std:           0.0000

2026-08-10 04:54:30,172 - my_experiment - bat_60_ExpoComm_static_44 - my_run - INFO - t_env: 1300200 / 5050000
2026-08-10 04:54:30,173 - my_experiment - bat_60_ExpoComm_static_44 - my_run - INFO - Estimated time left: 1 days, 4 hours, 15 minutes, 48 seconds. Time passed: 9 hours, 55 minutes, 59 seconds
2026-08-10 05:16:44,442 - my_experiment - bat_60_ExpoComm_static_44 - my_run - INFO - Recent Stats | t_env:    1350000 | Episode:     6750
blue_team_alives_mean:   143.8560	blue_team_win_mean:        0.1920	ep_length_mean:          200.0000	episode_length_mean:     199.0000
epsilon:                   0.0500	grad_norm:               214479281.6000	info_nce_loss:             0.9879	loss:                    2405244.5250
q_loss:                  2186596.4500	q_taken_mean:            234.6597	red_team_alives_mean:    143.4160	red_team_win_mean:         0.0360
return_mean:              -1.8206	return_std:                0.4284	target_mean:             232.8030	td_error_abs:            897.5800
test_blue_team_alives_mean:144.0000	test_blue_team_win_mean:   0.2000	test_ep_length_mean:     200.0000	test_episode_length_mean:199.0000
test_red_team_alives_mean:143.4000	test_red_team_win_mean:    0.0000	test_return_mean:         -1.5651	test_return_std:           0.0000

2026-08-10 05:16:49,677 - my_experiment - bat_60_ExpoComm_static_44 - my_run - INFO - t_env: 1350200 / 5050000
2026-08-10 05:16:49,678 - my_experiment - bat_60_ExpoComm_static_44 - my_run - INFO - Estimated time left: 1 days, 3 hours, 31 minutes, 57 seconds. Time passed: 10 hours, 18 minutes, 19 seconds
2026-08-10 05:38:33,431 - my_experiment - bat_60_ExpoComm_static_44 - my_run - INFO - Recent Stats | t_env:    1400000 | Episode:     7000
blue_team_alives_mean:   143.9560	blue_team_win_mean:        0.0040	ep_length_mean:          200.0000	episode_length_mean:     199.0000
epsilon:                   0.0500	grad_norm:               802190880.0000	info_nce_loss:             1.4365	loss:                    4100641.2250
q_loss:                  3727855.6750	q_taken_mean:            232.8650	red_team_alives_mean:    143.9960	red_team_win_mean:         0.0120
return_mean:              -1.5450	return_std:                0.2250	target_mean:             229.1473	td_error_abs:            1062.9186
test_blue_team_alives_mean:144.0000	test_blue_team_win_mean:   0.2000	test_ep_length_mean:     200.0000	test_episode_length_mean:199.0000
test_red_team_alives_mean:143.4000	test_red_team_win_mean:    0.0000	test_return_mean:         -1.4443	test_return_std:           0.0000

2026-08-10 05:38:38,641 - my_experiment - bat_60_ExpoComm_static_44 - my_run - INFO - t_env: 1400200 / 5050000
2026-08-10 05:38:38,642 - my_experiment - bat_60_ExpoComm_static_44 - my_run - INFO - Estimated time left: 1 days, 2 hours, 32 minutes, 29 seconds. Time passed: 10 hours, 40 minutes, 7 seconds
2026-08-10 06:00:22,274 - my_experiment - bat_60_ExpoComm_static_44 - my_run - INFO - Recent Stats | t_env:    1450000 | Episode:     7250
blue_team_alives_mean:   143.9520	blue_team_win_mean:        0.0320	ep_length_mean:          200.0000	episode_length_mean:     199.0000
epsilon:                   0.0500	grad_norm:               493851264.0000	info_nce_loss:             1.0564	loss:                    1976983.7500
q_loss:                  1797257.9375	q_taken_mean:            230.8640	red_team_alives_mean:    143.7560	red_team_win_mean:         0.0080
return_mean:              -1.5269	return_std:                0.0506	target_mean:             230.8395	td_error_abs:            665.1756
test_blue_team_alives_mean:144.0000	test_blue_team_win_mean:   0.2000	test_ep_length_mean:     200.0000	test_episode_length_mean:199.0000
test_red_team_alives_mean:143.4000	test_red_team_win_mean:    0.0000	test_return_mean:         -1.1040	test_return_std:           0.0000

2026-08-10 06:00:27,540 - my_experiment - bat_60_ExpoComm_static_44 - my_run - INFO - t_env: 1450200 / 5050000
2026-08-10 06:00:27,541 - my_experiment - bat_60_ExpoComm_static_44 - my_run - INFO - Estimated time left: 1 days, 2 hours, 10 minutes, 35 seconds. Time passed: 11 hours, 1 minutes, 56 seconds
2026-08-10 06:22:18,343 - my_experiment - bat_60_ExpoComm_static_44 - my_run - INFO - Recent Stats | t_env:    1500000 | Episode:     7500
blue_team_alives_mean:   144.0000	blue_team_win_mean:        0.4520	ep_length_mean:          200.0000	episode_length_mean:     199.0000
epsilon:                   0.0500	grad_norm:               461363004.8000	info_nce_loss:             1.0506	loss:                    1670231.0000
q_loss:                  1518391.8000	q_taken_mean:            231.9359	red_team_alives_mean:    142.7960	red_team_win_mean:         0.0000
return_mean:              -1.4464	return_std:                0.0443	target_mean:             231.4392	td_error_abs:            754.0413
test_blue_team_alives_mean:144.0000	test_blue_team_win_mean:   0.2000	test_ep_length_mean:     200.0000	test_episode_length_mean:199.0000
test_red_team_alives_mean:143.4000	test_red_team_win_mean:    0.0000	test_return_mean:         -1.1894	test_return_std:           0.0000

2026-08-10 06:22:23,620 - my_experiment - bat_60_ExpoComm_static_44 - my_run - INFO - t_env: 1500200 / 5050000
2026-08-10 06:22:23,621 - my_experiment - bat_60_ExpoComm_static_44 - my_run - INFO - Estimated time left: 1 days, 1 hours, 57 minutes, 16 seconds. Time passed: 11 hours, 23 minutes, 52 seconds
2026-08-10 06:22:27,880 - my_experiment - bat_60_ExpoComm_static_44 - my_run - INFO - Saving models to work_dirs/my_experiment/bat_60_ExpoComm_static_44/my_run/20260809_185810/models/1500200
2026-08-10 06:44:09,811 - my_experiment - bat_60_ExpoComm_static_44 - my_run - INFO - Recent Stats | t_env:    1550000 | Episode:     7750
blue_team_alives_mean:   144.0000	blue_team_win_mean:        0.3200	ep_length_mean:          200.0000	episode_length_mean:     199.0000
epsilon:                   0.0500	grad_norm:               620401619.2000	info_nce_loss:             1.0411	loss:                    2129844.1625
q_loss:                  1936221.9250	q_taken_mean:            229.6650	red_team_alives_mean:    143.4520	red_team_win_mean:         0.0000
return_mean:              -1.4246	return_std:                0.0293	target_mean:             227.8755	td_error_abs:            824.7986
test_blue_team_alives_mean:144.0000	test_blue_team_win_mean:   0.2000	test_ep_length_mean:     200.0000	test_episode_length_mean:199.0000
test_red_team_alives_mean:143.4000	test_red_team_win_mean:    0.0000	test_return_mean:         -1.3086	test_return_std:           0.0000

2026-08-10 06:44:15,107 - my_experiment - bat_60_ExpoComm_static_44 - my_run - INFO - t_env: 1550200 / 5050000
2026-08-10 06:44:15,108 - my_experiment - bat_60_ExpoComm_static_44 - my_run - INFO - Estimated time left: 1 days, 1 hours, 29 minutes, 58 seconds. Time passed: 11 hours, 45 minutes, 44 seconds
2026-08-10 07:06:00,284 - my_experiment - bat_60_ExpoComm_static_44 - my_run - INFO - Recent Stats | t_env:    1600000 | Episode:     8000
blue_team_alives_mean:   143.8240	blue_team_win_mean:        0.5000	ep_length_mean:          200.0000	episode_length_mean:     199.0000
epsilon:                   0.0500	grad_norm:               341223620.0000	info_nce_loss:             1.6296	loss:                    1135341.0125
q_loss:                  1032128.2000	q_taken_mean:            234.4754	red_team_alives_mean:    142.7440	red_team_win_mean:         0.0560
return_mean:              -1.6528	return_std:                0.0977	target_mean:             233.4032	td_error_abs:            625.3827
test_blue_team_alives_mean:144.0000	test_blue_team_win_mean:   0.0000	test_ep_length_mean:     200.0000	test_episode_length_mean:199.0000
test_red_team_alives_mean:144.0000	test_red_team_win_mean:    0.0000	test_return_mean:         -1.4478	test_return_std:           0.0000

2026-08-10 07:06:05,498 - my_experiment - bat_60_ExpoComm_static_44 - my_run - INFO - t_env: 1600200 / 5050000
2026-08-10 07:06:05,499 - my_experiment - bat_60_ExpoComm_static_44 - my_run - INFO - Estimated time left: 1 days, 1 hours, 6 minutes, 51 seconds. Time passed: 12 hours, 7 minutes, 34 seconds
2026-08-10 07:27:51,125 - my_experiment - bat_60_ExpoComm_static_44 - my_run - INFO - Recent Stats | t_env:    1650000 | Episode:     8250
blue_team_alives_mean:   143.9880	blue_team_win_mean:        0.2320	ep_length_mean:          200.0000	episode_length_mean:     199.0000
epsilon:                   0.0500	grad_norm:               423781843.2000	info_nce_loss:             0.8090	loss:                    1503960.6250
q_loss:                  1367236.9250	q_taken_mean:            239.9582	red_team_alives_mean:    143.4000	red_team_win_mean:         0.0040
return_mean:              -1.5319	return_std:                0.0656	target_mean:             239.4933	td_error_abs:            682.0087
test_blue_team_alives_mean:144.0000	test_blue_team_win_mean:   0.0000	test_ep_length_mean:     200.0000	test_episode_length_mean:199.0000
test_red_team_alives_mean:144.0000	test_red_team_win_mean:    0.0000	test_return_mean:         -1.6149	test_return_std:           0.0000

2026-08-10 07:27:56,393 - my_experiment - bat_60_ExpoComm_static_44 - my_run - INFO - t_env: 1650200 / 5050000
2026-08-10 07:27:56,394 - my_experiment - bat_60_ExpoComm_static_44 - my_run - INFO - Estimated time left: 1 days, 45 minutes, 35 seconds. Time passed: 12 hours, 29 minutes, 25 seconds
2026-08-10 07:49:37,845 - my_experiment - bat_60_ExpoComm_static_44 - my_run - INFO - Recent Stats | t_env:    1700000 | Episode:     8500
blue_team_alives_mean:   143.8400	blue_team_win_mean:        0.2280	ep_length_mean:          200.0000	episode_length_mean:     199.0000
epsilon:                   0.0500	grad_norm:               614397881.6000	info_nce_loss:             1.5556	loss:                    1939260.9000
q_loss:                  1762964.4250	q_taken_mean:            249.7374	red_team_alives_mean:    143.3960	red_team_win_mean:         0.0480
return_mean:              -1.9953	return_std:                0.2588	target_mean:             248.9332	td_error_abs:            763.2452
test_blue_team_alives_mean:144.0000	test_blue_team_win_mean:   0.0000	test_ep_length_mean:     200.0000	test_episode_length_mean:199.0000
test_red_team_alives_mean:144.0000	test_red_team_win_mean:    0.0000	test_return_mean:         -1.7910	test_return_std:           0.0000

2026-08-10 07:49:43,096 - my_experiment - bat_60_ExpoComm_static_44 - my_run - INFO - t_env: 1700200 / 5050000
2026-08-10 07:49:43,097 - my_experiment - bat_60_ExpoComm_static_44 - my_run - INFO - Estimated time left: 1 days, 19 minutes, 3 seconds. Time passed: 12 hours, 51 minutes, 12 seconds
2026-08-10 08:11:24,390 - my_experiment - bat_60_ExpoComm_static_44 - my_run - INFO - Recent Stats | t_env:    1750000 | Episode:     8750
blue_team_alives_mean:   143.9800	blue_team_win_mean:        0.0840	ep_length_mean:          200.0000	episode_length_mean:     199.0000
epsilon:                   0.0500	grad_norm:               364568240.0000	info_nce_loss:             1.3440	loss:                    1459371.3750
q_loss:                  1326701.2625	q_taken_mean:            252.0078	red_team_alives_mean:    143.7040	red_team_win_mean:         0.0040
return_mean:              -3.0430	return_std:                1.6020	target_mean:             250.1720	td_error_abs:            805.3981
test_blue_team_alives_mean:144.0000	test_blue_team_win_mean:   0.0000	test_ep_length_mean:     200.0000	test_episode_length_mean:199.0000
test_red_team_alives_mean:144.0000	test_red_team_win_mean:    0.0000	test_return_mean:         -1.8171	test_return_std:           0.0000

2026-08-10 08:11:29,644 - my_experiment - bat_60_ExpoComm_static_44 - my_run - INFO - t_env: 1750200 / 5050000
2026-08-10 08:11:29,645 - my_experiment - bat_60_ExpoComm_static_44 - my_run - INFO - Estimated time left: 23 hours, 57 minutes, 6 seconds. Time passed: 13 hours, 12 minutes, 59 seconds
2026-08-10 08:33:12,225 - my_experiment - bat_60_ExpoComm_static_44 - my_run - INFO - Recent Stats | t_env:    1800000 | Episode:     9000
blue_team_alives_mean:   143.9720	blue_team_win_mean:        0.1040	ep_length_mean:          200.0000	episode_length_mean:     199.0000
epsilon:                   0.0500	grad_norm:               426554460.8000	info_nce_loss:             0.8040	loss:                    1892154.2875
q_loss:                  1720140.2625	q_taken_mean:            242.4873	red_team_alives_mean:    143.7280	red_team_win_mean:         0.0120
return_mean:              -1.6181	return_std:                0.1363	target_mean:             240.2225	td_error_abs:            817.4512
test_blue_team_alives_mean:144.0000	test_blue_team_win_mean:   0.0000	test_ep_length_mean:     200.0000	test_episode_length_mean:199.0000
test_red_team_alives_mean:144.0000	test_red_team_win_mean:    0.0000	test_return_mean:         -1.9447	test_return_std:           0.0000

2026-08-10 08:33:17,499 - my_experiment - bat_60_ExpoComm_static_44 - my_run - INFO - t_env: 1800200 / 5050000
2026-08-10 08:33:17,501 - my_experiment - bat_60_ExpoComm_static_44 - my_run - INFO - Estimated time left: 23 hours, 36 minutes, 45 seconds. Time passed: 13 hours, 34 minutes, 46 seconds
2026-08-10 08:54:59,332 - my_experiment - bat_60_ExpoComm_static_44 - my_run - INFO - Recent Stats | t_env:    1850000 | Episode:     9250
blue_team_alives_mean:   143.9120	blue_team_win_mean:        0.2880	ep_length_mean:          200.0000	episode_length_mean:     199.0000
epsilon:                   0.0500	grad_norm:               222901923.2000	info_nce_loss:             0.9068	loss:                    843221.5000
q_loss:                  766593.0750	q_taken_mean:            237.9151	red_team_alives_mean:    143.0880	red_team_win_mean:         0.0280
return_mean:              -1.6231	return_std:                0.0981	target_mean:             238.3094	td_error_abs:            582.6322
test_blue_team_alives_mean:144.0000	test_blue_team_win_mean:   0.0000	test_ep_length_mean:     200.0000	test_episode_length_mean:199.0000
test_red_team_alives_mean:144.0000	test_red_team_win_mean:    0.0000	test_return_mean:         -1.8853	test_return_std:           0.0000

2026-08-10 08:55:04,549 - my_experiment - bat_60_ExpoComm_static_44 - my_run - INFO - t_env: 1850200 / 5050000
2026-08-10 08:55:04,550 - my_experiment - bat_60_ExpoComm_static_44 - my_run - INFO - Estimated time left: 23 hours, 14 minutes, 5 seconds. Time passed: 13 hours, 56 minutes, 33 seconds
2026-08-10 09:16:49,052 - my_experiment - bat_60_ExpoComm_static_44 - my_run - INFO - Recent Stats | t_env:    1900000 | Episode:     9500
blue_team_alives_mean:   143.7440	blue_team_win_mean:        0.3800	ep_length_mean:          200.0000	episode_length_mean:     199.0000
epsilon:                   0.0500	grad_norm:               238681115.2000	info_nce_loss:             1.2575	loss:                    1269774.4750
q_loss:                  1154340.4500	q_taken_mean:            233.6369	red_team_alives_mean:    142.3080	red_team_win_mean:         0.0400
return_mean:              -2.3731	return_std:                1.0235	target_mean:             233.6050	td_error_abs:            706.4069
test_blue_team_alives_mean:144.0000	test_blue_team_win_mean:   0.0000	test_ep_length_mean:     200.0000	test_episode_length_mean:199.0000
test_red_team_alives_mean:144.0000	test_red_team_win_mean:    0.0000	test_return_mean:         -1.8699	test_return_std:           0.0000

2026-08-10 09:16:54,262 - my_experiment - bat_60_ExpoComm_static_44 - my_run - INFO - t_env: 1900200 / 5050000
2026-08-10 09:16:54,263 - my_experiment - bat_60_ExpoComm_static_44 - my_run - INFO - Estimated time left: 22 hours, 55 minutes, 6 seconds. Time passed: 14 hours, 18 minutes, 23 seconds
2026-08-10 09:38:37,062 - my_experiment - bat_60_ExpoComm_static_44 - my_run - INFO - Recent Stats | t_env:    1950000 | Episode:     9750
blue_team_alives_mean:   143.8880	blue_team_win_mean:        0.3800	ep_length_mean:          200.0000	episode_length_mean:     199.0000
epsilon:                   0.0500	grad_norm:               241804171.2000	info_nce_loss:             1.1174	loss:                    1570778.9250
q_loss:                  1427980.8375	q_taken_mean:            230.1028	red_team_alives_mean:    142.3280	red_team_win_mean:         0.0320
return_mean:              -2.9744	return_std:                1.8243	target_mean:             231.2047	td_error_abs:            723.0499
test_blue_team_alives_mean:144.0000	test_blue_team_win_mean:   0.0000	test_ep_length_mean:     200.0000	test_episode_length_mean:199.0000
test_red_team_alives_mean:144.0000	test_red_team_win_mean:    0.0000	test_return_mean:         -2.8529	test_return_std:           0.0000

2026-08-10 09:38:42,271 - my_experiment - bat_60_ExpoComm_static_44 - my_run - INFO - t_env: 1950200 / 5050000
2026-08-10 09:38:42,272 - my_experiment - bat_60_ExpoComm_static_44 - my_run - INFO - Estimated time left: 22 hours, 31 minutes, 31 seconds. Time passed: 14 hours, 40 minutes, 11 seconds
2026-08-10 10:01:37,506 - my_experiment - bat_60_ExpoComm_static_44 - my_run - INFO - Recent Stats | t_env:    2000000 | Episode:    10000
blue_team_alives_mean:   143.8240	blue_team_win_mean:        0.3800	ep_length_mean:          200.0000	episode_length_mean:     199.0000
epsilon:                   0.0500	grad_norm:               107204700.4000	info_nce_loss:             0.9600	loss:                    953412.0625
q_loss:                  866738.2500	q_taken_mean:            223.6141	red_team_alives_mean:    142.0560	red_team_win_mean:         0.0400
return_mean:              -2.7257	return_std:                1.7469	target_mean:             225.7682	td_error_abs:            649.8337
test_blue_team_alives_mean:143.6000	test_blue_team_win_mean:   0.0000	test_ep_length_mean:     200.0000	test_episode_length_mean:199.0000
test_red_team_alives_mean:144.0000	test_red_team_win_mean:    0.2000	test_return_mean:         -3.0989	test_return_std:           0.0000

2026-08-10 10:01:43,115 - my_experiment - bat_60_ExpoComm_static_44 - my_run - INFO - t_env: 2000200 / 5050000
2026-08-10 10:01:43,116 - my_experiment - bat_60_ExpoComm_static_44 - my_run - INFO - Estimated time left: 23 hours, 23 minutes, 45 seconds. Time passed: 15 hours, 3 minutes, 12 seconds
2026-08-10 10:01:47,680 - my_experiment - bat_60_ExpoComm_static_44 - my_run - INFO - Saving models to work_dirs/my_experiment/bat_60_ExpoComm_static_44/my_run/20260809_185810/models/2000200
2026-08-10 10:25:17,429 - my_experiment - bat_60_ExpoComm_static_44 - my_run - INFO - Recent Stats | t_env:    2050000 | Episode:    10250
blue_team_alives_mean:   143.9320	blue_team_win_mean:        0.4680	ep_length_mean:          200.0000	episode_length_mean:     199.0000
epsilon:                   0.0500	grad_norm:               223227256.0000	info_nce_loss:             0.8577	loss:                    1229353.9750
q_loss:                  1117594.5375	q_taken_mean:            234.8141	red_team_alives_mean:    141.0240	red_team_win_mean:         0.0120
return_mean:              -1.6800	return_std:                0.3170	target_mean:             234.9242	td_error_abs:            655.9113
test_blue_team_alives_mean:143.6000	test_blue_team_win_mean:   0.0000	test_ep_length_mean:     200.0000	test_episode_length_mean:199.0000
test_red_team_alives_mean:144.0000	test_red_team_win_mean:    0.2000	test_return_mean:         -2.9861	test_return_std:           0.0000

2026-08-10 10:25:23,214 - my_experiment - bat_60_ExpoComm_static_44 - my_run - INFO - t_env: 2050200 / 5050000
2026-08-10 10:25:23,216 - my_experiment - bat_60_ExpoComm_static_44 - my_run - INFO - Estimated time left: 23 hours, 40 minutes, 0 seconds. Time passed: 15 hours, 26 minutes, 52 seconds
2026-08-10 10:49:11,061 - my_experiment - bat_60_ExpoComm_static_44 - my_run - INFO - Recent Stats | t_env:    2100000 | Episode:    10500
blue_team_alives_mean:   144.0000	blue_team_win_mean:        0.2920	ep_length_mean:          200.0000	episode_length_mean:     199.0000
epsilon:                   0.0500	grad_norm:               205466084.8000	info_nce_loss:             1.5335	loss:                    1171191.9250
q_loss:                  1064719.9375	q_taken_mean:            228.5021	red_team_alives_mean:    143.2800	red_team_win_mean:         0.0000
return_mean:              -1.5273	return_std:                0.0745	target_mean:             228.6110	td_error_abs:            664.2106
test_blue_team_alives_mean:143.6000	test_blue_team_win_mean:   0.0000	test_ep_length_mean:     200.0000	test_episode_length_mean:199.0000
test_red_team_alives_mean:144.0000	test_red_team_win_mean:    0.2000	test_return_mean:         -2.9818	test_return_std:           0.0000

2026-08-10 10:49:16,775 - my_experiment - bat_60_ExpoComm_static_44 - my_run - INFO - t_env: 2100200 / 5050000
2026-08-10 10:49:16,776 - my_experiment - bat_60_ExpoComm_static_44 - my_run - INFO - Estimated time left: 23 hours, 29 minutes, 34 seconds. Time passed: 15 hours, 50 minutes, 46 seconds
2026-08-10 11:13:12,116 - my_experiment - bat_60_ExpoComm_static_44 - my_run - INFO - Recent Stats | t_env:    2150000 | Episode:    10750
blue_team_alives_mean:   144.0000	blue_team_win_mean:        0.4840	ep_length_mean:          200.0000	episode_length_mean:     199.0000
epsilon:                   0.0500	grad_norm:               131168170.4000	info_nce_loss:             1.2784	loss:                    951453.9750
q_loss:                  864958.1625	q_taken_mean:            242.9284	red_team_alives_mean:    141.1120	red_team_win_mean:         0.0000
return_mean:              -1.6837	return_std:                0.2927	target_mean:             242.5036	td_error_abs:            634.4228
test_blue_team_alives_mean:143.6000	test_blue_team_win_mean:   0.0000	test_ep_length_mean:     200.0000	test_episode_length_mean:199.0000
test_red_team_alives_mean:144.0000	test_red_team_win_mean:    0.2000	test_return_mean:         -2.8879	test_return_std:           0.0000

2026-08-10 11:13:17,872 - my_experiment - bat_60_ExpoComm_static_44 - my_run - INFO - t_env: 2150200 / 5050000
2026-08-10 11:13:17,874 - my_experiment - bat_60_ExpoComm_static_44 - my_run - INFO - Estimated time left: 23 hours, 12 minutes, 57 seconds. Time passed: 16 hours, 14 minutes, 47 seconds
2026-08-10 11:35:49,954 - my_experiment - bat_60_ExpoComm_static_44 - my_run - INFO - Recent Stats | t_env:    2200000 | Episode:    11000
blue_team_alives_mean:   144.0000	blue_team_win_mean:        0.6600	ep_length_mean:          200.0000	episode_length_mean:     199.0000
epsilon:                   0.0500	grad_norm:               205981601.6000	info_nce_loss:             0.9661	loss:                    1380187.4500
q_loss:                  1254715.8875	q_taken_mean:            239.5542	red_team_alives_mean:    136.0160	red_team_win_mean:         0.0000
return_mean:              -1.4949	return_std:                0.1168	target_mean:             240.1510	td_error_abs:            748.2767
test_blue_team_alives_mean:143.6000	test_blue_team_win_mean:   0.0000	test_ep_length_mean:     200.0000	test_episode_length_mean:199.0000
test_red_team_alives_mean:144.0000	test_red_team_win_mean:    0.2000	test_return_mean:         -1.7450	test_return_std:           0.0000

2026-08-10 11:35:55,360 - my_experiment - bat_60_ExpoComm_static_44 - my_run - INFO - t_env: 2200200 / 5050000
2026-08-10 11:35:55,362 - my_experiment - bat_60_ExpoComm_static_44 - my_run - INFO - Estimated time left: 21 hours, 29 minutes, 31 seconds. Time passed: 16 hours, 37 minutes, 24 seconds
2026-08-10 11:58:19,220 - my_experiment - bat_60_ExpoComm_static_44 - my_run - INFO - Recent Stats | t_env:    2250000 | Episode:    11250
blue_team_alives_mean:   143.9960	blue_team_win_mean:        0.8240	ep_length_mean:          200.0000	episode_length_mean:     199.0000
epsilon:                   0.0500	grad_norm:               146342844.8000	info_nce_loss:             1.1731	loss:                    1127535.2750
q_loss:                  1025032.0500	q_taken_mean:            229.8839	red_team_alives_mean:    137.4280	red_team_win_mean:         0.0000
return_mean:              -1.5325	return_std:                0.1608	target_mean:             230.1335	td_error_abs:            660.0370
test_blue_team_alives_mean:144.0000	test_blue_team_win_mean:   0.2000	test_ep_length_mean:     200.0000	test_episode_length_mean:199.0000
test_red_team_alives_mean:143.2000	test_red_team_win_mean:    0.0000	test_return_mean:         -1.4387	test_return_std:           0.0000

2026-08-10 11:58:24,556 - my_experiment - bat_60_ExpoComm_static_44 - my_run - INFO - t_env: 2250200 / 5050000
2026-08-10 11:58:24,557 - my_experiment - bat_60_ExpoComm_static_44 - my_run - INFO - Estimated time left: 20 hours, 59 minutes, 9 seconds. Time passed: 16 hours, 59 minutes, 53 seconds
2026-08-10 12:20:38,115 - my_experiment - bat_60_ExpoComm_static_44 - my_run - INFO - Recent Stats | t_env:    2300000 | Episode:    11500
blue_team_alives_mean:   143.9960	blue_team_win_mean:        0.8320	ep_length_mean:          200.0000	episode_length_mean:     199.0000
epsilon:                   0.0500	grad_norm:               181988027.2000	info_nce_loss:             1.2137	loss:                    1436789.0000
q_loss:                  1306171.8250	q_taken_mean:            227.2113	red_team_alives_mean:    133.9800	red_team_win_mean:         0.0000
return_mean:              -1.6125	return_std:                0.1873	target_mean:             225.8284	td_error_abs:            774.3593
test_blue_team_alives_mean:144.0000	test_blue_team_win_mean:   0.2000	test_ep_length_mean:     200.0000	test_episode_length_mean:199.0000
test_red_team_alives_mean:143.2000	test_red_team_win_mean:    0.0000	test_return_mean:         -1.3645	test_return_std:           0.0000

2026-08-10 12:20:43,455 - my_experiment - bat_60_ExpoComm_static_44 - my_run - INFO - t_env: 2300200 / 5050000
2026-08-10 12:20:43,457 - my_experiment - bat_60_ExpoComm_static_44 - my_run - INFO - Estimated time left: 20 hours, 27 minutes, 14 seconds. Time passed: 17 hours, 22 minutes, 12 seconds
2026-08-10 12:42:58,345 - my_experiment - bat_60_ExpoComm_static_44 - my_run - INFO - Recent Stats | t_env:    2350000 | Episode:    11750
blue_team_alives_mean:   143.9120	blue_team_win_mean:        0.9360	ep_length_mean:          200.0000	episode_length_mean:     199.0000
epsilon:                   0.0500	grad_norm:               133687982.4000	info_nce_loss:             0.7537	loss:                    1157540.7000
q_loss:                  1052309.7375	q_taken_mean:            220.4989	red_team_alives_mean:    122.4720	red_team_win_mean:         0.0000
return_mean:              -1.6466	return_std:                0.1035	target_mean:             221.6010	td_error_abs:            664.6305
test_blue_team_alives_mean:144.0000	test_blue_team_win_mean:   0.4000	test_ep_length_mean:     200.0000	test_episode_length_mean:199.0000
test_red_team_alives_mean:139.4000	test_red_team_win_mean:    0.0000	test_return_mean:         -1.3040	test_return_std:           0.0000

2026-08-10 12:43:03,693 - my_experiment - bat_60_ExpoComm_static_44 - my_run - INFO - t_env: 2350200 / 5050000
2026-08-10 12:43:03,694 - my_experiment - bat_60_ExpoComm_static_44 - my_run - INFO - Estimated time left: 20 hours, 6 minutes, 7 seconds. Time passed: 17 hours, 44 minutes, 33 seconds
2026-08-10 13:05:25,131 - my_experiment - bat_60_ExpoComm_static_44 - my_run - INFO - Recent Stats | t_env:    2400000 | Episode:    12000
blue_team_alives_mean:   144.0000	blue_team_win_mean:        0.7680	ep_length_mean:          200.0000	episode_length_mean:     199.0000
epsilon:                   0.0500	grad_norm:               140326588.0000	info_nce_loss:             1.1336	loss:                    1024996.8375
q_loss:                  931815.2750	q_taken_mean:            212.6869	red_team_alives_mean:    135.6560	red_team_win_mean:         0.0000
return_mean:              -1.6231	return_std:                0.3342	target_mean:             212.7613	td_error_abs:            631.1060
test_blue_team_alives_mean:144.0000	test_blue_team_win_mean:   0.6000	test_ep_length_mean:     200.0000	test_episode_length_mean:199.0000
test_red_team_alives_mean:133.8000	test_red_team_win_mean:    0.0000	test_return_mean:         -1.2637	test_return_std:           0.0000

2026-08-10 13:05:30,471 - my_experiment - bat_60_ExpoComm_static_44 - my_run - INFO - t_env: 2400200 / 5050000
2026-08-10 13:05:30,472 - my_experiment - bat_60_ExpoComm_static_44 - my_run - INFO - Estimated time left: 19 hours, 49 minutes, 33 seconds. Time passed: 18 hours, 6 minutes, 59 seconds
2026-08-10 13:28:35,780 - my_experiment - bat_60_ExpoComm_static_44 - my_run - INFO - Recent Stats | t_env:    2450000 | Episode:    12250
blue_team_alives_mean:   143.9960	blue_team_win_mean:        0.6120	ep_length_mean:          200.0000	episode_length_mean:     199.0000
epsilon:                   0.0500	grad_norm:               83906250.4000	info_nce_loss:             1.2285	loss:                    740146.9500
q_loss:                  672860.8625	q_taken_mean:            200.8659	red_team_alives_mean:    135.1000	red_team_win_mean:         0.0000
return_mean:              -1.5241	return_std:                0.1916	target_mean:             200.7561	td_error_abs:            551.9858
test_blue_team_alives_mean:144.0000	test_blue_team_win_mean:   0.8000	test_ep_length_mean:     200.0000	test_episode_length_mean:199.0000
test_red_team_alives_mean:130.2000	test_red_team_win_mean:    0.0000	test_return_mean:         -1.3601	test_return_std:           0.0000

2026-08-10 13:28:41,717 - my_experiment - bat_60_ExpoComm_static_44 - my_run - INFO - t_env: 2450200 / 5050000
2026-08-10 13:28:41,719 - my_experiment - bat_60_ExpoComm_static_44 - my_run - INFO - Estimated time left: 20 hours, 5 minutes, 39 seconds. Time passed: 18 hours, 30 minutes, 11 seconds
2026-08-10 13:53:29,401 - my_experiment - bat_60_ExpoComm_static_44 - my_run - INFO - Recent Stats | t_env:    2500000 | Episode:    12500
blue_team_alives_mean:   144.0000	blue_team_win_mean:        0.5240	ep_length_mean:          200.0000	episode_length_mean:     199.0000
epsilon:                   0.0500	grad_norm:               120687469.6000	info_nce_loss:             0.9107	loss:                    918554.8625
q_loss:                  835049.8562	q_taken_mean:            201.8427	red_team_alives_mean:    138.7840	red_team_win_mean:         0.0000
return_mean:              -1.3936	return_std:                0.0675	target_mean:             201.1871	td_error_abs:            586.7829
test_blue_team_alives_mean:144.0000	test_blue_team_win_mean:   0.6000	test_ep_length_mean:     200.0000	test_episode_length_mean:199.0000
test_red_team_alives_mean:131.0000	test_red_team_win_mean:    0.0000	test_return_mean:         -1.2908	test_return_std:           0.0000

2026-08-10 13:53:35,376 - my_experiment - bat_60_ExpoComm_static_44 - my_run - INFO - t_env: 2500200 / 5050000
2026-08-10 13:53:35,378 - my_experiment - bat_60_ExpoComm_static_44 - my_run - INFO - Estimated time left: 21 hours, 9 minutes, 30 seconds. Time passed: 18 hours, 55 minutes, 4 seconds
2026-08-10 13:53:40,212 - my_experiment - bat_60_ExpoComm_static_44 - my_run - INFO - Saving models to work_dirs/my_experiment/bat_60_ExpoComm_static_44/my_run/20260809_185810/models/2500200
2026-08-10 14:18:04,031 - my_experiment - bat_60_ExpoComm_static_44 - my_run - INFO - Recent Stats | t_env:    2550000 | Episode:    12750
blue_team_alives_mean:   143.9960	blue_team_win_mean:        0.2680	ep_length_mean:          200.0000	episode_length_mean:     199.0000
epsilon:                   0.0500	grad_norm:               175453904.0000	info_nce_loss:             0.9055	loss:                    976868.8625
q_loss:                  888062.6000	q_taken_mean:            221.0398	red_team_alives_mean:    139.7320	red_team_win_mean:         0.0000
return_mean:              -1.4105	return_std:                0.0774	target_mean:             221.5207	td_error_abs:            636.7964
test_blue_team_alives_mean:144.0000	test_blue_team_win_mean:   0.6000	test_ep_length_mean:     200.0000	test_episode_length_mean:199.0000
test_red_team_alives_mean:131.0000	test_red_team_win_mean:    0.0000	test_return_mean:         -1.1983	test_return_std:           0.0000

2026-08-10 14:18:09,962 - my_experiment - bat_60_ExpoComm_static_44 - my_run - INFO - t_env: 2550200 / 5050000
2026-08-10 14:18:09,963 - my_experiment - bat_60_ExpoComm_static_44 - my_run - INFO - Estimated time left: 20 hours, 28 minutes, 43 seconds. Time passed: 19 hours, 19 minutes, 39 seconds
2026-08-10 14:42:46,123 - my_experiment - bat_60_ExpoComm_static_44 - my_run - INFO - Recent Stats | t_env:    2600000 | Episode:    13000
blue_team_alives_mean:   144.0000	blue_team_win_mean:        0.1080	ep_length_mean:          200.0000	episode_length_mean:     199.0000
epsilon:                   0.0500	grad_norm:               200384365.6000	info_nce_loss:             0.5296	loss:                    916982.4625
q_loss:                  833620.4250	q_taken_mean:            250.2312	red_team_alives_mean:    143.7360	red_team_win_mean:         0.0000
return_mean:              -1.4454	return_std:                0.0576	target_mean:             250.1867	td_error_abs:            594.0298
test_blue_team_alives_mean:144.0000	test_blue_team_win_mean:   0.4000	test_ep_length_mean:     200.0000	test_episode_length_mean:199.0000
test_red_team_alives_mean:134.8000	test_red_team_win_mean:    0.0000	test_return_mean:         -1.1751	test_return_std:           0.0000

2026-08-10 14:42:52,072 - my_experiment - bat_60_ExpoComm_static_44 - my_run - INFO - t_env: 2600200 / 5050000
2026-08-10 14:42:52,074 - my_experiment - bat_60_ExpoComm_static_44 - my_run - INFO - Estimated time left: 20 hours, 10 minutes, 17 seconds. Time passed: 19 hours, 44 minutes, 21 seconds
2026-08-10 15:07:34,564 - my_experiment - bat_60_ExpoComm_static_44 - my_run - INFO - Recent Stats | t_env:    2650000 | Episode:    13250
blue_team_alives_mean:   144.0000	blue_team_win_mean:        0.4800	ep_length_mean:          200.0000	episode_length_mean:     199.0000
epsilon:                   0.0500	grad_norm:               389247795.2000	info_nce_loss:             1.1745	loss:                    1644339.4875
q_loss:                  1540400.3750	q_taken_mean:            258.1939	red_team_alives_mean:    141.6320	red_team_win_mean:         0.0000
return_mean:              -1.4816	return_std:                0.1003	target_mean:             259.5432	td_error_abs:            796.6517
test_blue_team_alives_mean:144.0000	test_blue_team_win_mean:   0.2000	test_ep_length_mean:     200.0000	test_episode_length_mean:199.0000
test_red_team_alives_mean:140.4000	test_red_team_win_mean:    0.0000	test_return_mean:         -1.1573	test_return_std:           0.0000

2026-08-10 15:07:40,397 - my_experiment - bat_60_ExpoComm_static_44 - my_run - INFO - t_env: 2650200 / 5050000
2026-08-10 15:07:40,398 - my_experiment - bat_60_ExpoComm_static_44 - my_run - INFO - Estimated time left: 19 hours, 50 minutes, 33 seconds. Time passed: 20 hours, 9 minutes, 9 seconds
2026-08-10 15:32:10,335 - my_experiment - bat_60_ExpoComm_static_44 - my_run - INFO - Recent Stats | t_env:    2700000 | Episode:    13500
blue_team_alives_mean:   143.9960	blue_team_win_mean:        0.2520	ep_length_mean:          200.0000	episode_length_mean:     199.0000
epsilon:                   0.0500	grad_norm:               193884278.4000	info_nce_loss:             0.8741	loss:                    628678.0188
q_loss:                  571525.4688	q_taken_mean:            285.8955	red_team_alives_mean:    143.6560	red_team_win_mean:         0.0040
return_mean:              -1.6198	return_std:                0.1240	target_mean:             286.1860	td_error_abs:            490.8107
test_blue_team_alives_mean:144.0000	test_blue_team_win_mean:   0.0000	test_ep_length_mean:     200.0000	test_episode_length_mean:199.0000
test_red_team_alives_mean:144.0000	test_red_team_win_mean:    0.0000	test_return_mean:         -1.1322	test_return_std:           0.0000

2026-08-10 15:32:16,266 - my_experiment - bat_60_ExpoComm_static_44 - my_run - INFO - t_env: 2700200 / 5050000
2026-08-10 15:32:16,267 - my_experiment - bat_60_ExpoComm_static_44 - my_run - INFO - Estimated time left: 19 hours, 15 minutes, 59 seconds. Time passed: 20 hours, 33 minutes, 45 seconds
2026-08-10 15:56:41,749 - my_experiment - bat_60_ExpoComm_static_44 - my_run - INFO - Recent Stats | t_env:    2750000 | Episode:    13750
blue_team_alives_mean:   144.0000	blue_team_win_mean:        0.2120	ep_length_mean:          200.0000	episode_length_mean:     199.0000
epsilon:                   0.0500	grad_norm:               177459603.2000	info_nce_loss:             1.3294	loss:                    435764.9375
q_loss:                  396149.9500	q_taken_mean:            289.3395	red_team_alives_mean:    143.6320	red_team_win_mean:         0.0000
return_mean:              -1.4356	return_std:                0.0384	target_mean:             289.5084	td_error_abs:            427.1215
test_blue_team_alives_mean:144.0000	test_blue_team_win_mean:   0.0000	test_ep_length_mean:     200.0000	test_episode_length_mean:199.0000
test_red_team_alives_mean:144.0000	test_red_team_win_mean:    0.0000	test_return_mean:         -1.1475	test_return_std:           0.0000

2026-08-10 15:56:47,165 - my_experiment - bat_60_ExpoComm_static_44 - my_run - INFO - t_env: 2750200 / 5050000
2026-08-10 15:56:47,166 - my_experiment - bat_60_ExpoComm_static_44 - my_run - INFO - Estimated time left: 18 hours, 47 minutes, 35 seconds. Time passed: 20 hours, 58 minutes, 16 seconds
2026-08-10 16:20:00,799 - my_experiment - bat_60_ExpoComm_static_44 - my_run - INFO - Recent Stats | t_env:    2800000 | Episode:    14000
blue_team_alives_mean:   144.0000	blue_team_win_mean:        0.1480	ep_length_mean:          200.0000	episode_length_mean:     199.0000
epsilon:                   0.0500	grad_norm:               238848278.4000	info_nce_loss:             0.8635	loss:                    838190.4000
q_loss:                  761991.6000	q_taken_mean:            289.5066	red_team_alives_mean:    143.8080	red_team_win_mean:         0.0000
return_mean:              -1.6276	return_std:                0.1331	target_mean:             289.1267	td_error_abs:            657.9915
test_blue_team_alives_mean:144.0000	test_blue_team_win_mean:   0.0000	test_ep_length_mean:     200.0000	test_episode_length_mean:199.0000
test_red_team_alives_mean:144.0000	test_red_team_win_mean:    0.0000	test_return_mean:         -1.1568	test_return_std:           0.0000

2026-08-10 16:20:06,174 - my_experiment - bat_60_ExpoComm_static_44 - my_run - INFO - t_env: 2800200 / 5050000
2026-08-10 16:20:06,175 - my_experiment - bat_60_ExpoComm_static_44 - my_run - INFO - Estimated time left: 17 hours, 29 minutes, 9 seconds. Time passed: 21 hours, 21 minutes, 35 seconds
2026-08-10 16:42:34,016 - my_experiment - bat_60_ExpoComm_static_44 - my_run - INFO - Recent Stats | t_env:    2850000 | Episode:    14250
blue_team_alives_mean:   144.0000	blue_team_win_mean:        0.1960	ep_length_mean:          200.0000	episode_length_mean:     199.0000
epsilon:                   0.0500	grad_norm:               123855860.8000	info_nce_loss:             0.6021	loss:                    491236.4500
q_loss:                  446578.6063	q_taken_mean:            286.7653	red_team_alives_mean:    143.6760	red_team_win_mean:         0.0000
return_mean:              -1.5947	return_std:                0.1707	target_mean:             284.6594	td_error_abs:            504.4871
test_blue_team_alives_mean:144.0000	test_blue_team_win_mean:   0.0000	test_ep_length_mean:     200.0000	test_episode_length_mean:199.0000
test_red_team_alives_mean:144.0000	test_red_team_win_mean:    0.0000	test_return_mean:         -1.1329	test_return_std:           0.0000

2026-08-10 16:42:39,416 - my_experiment - bat_60_ExpoComm_static_44 - my_run - INFO - t_env: 2850200 / 5050000
2026-08-10 16:42:39,418 - my_experiment - bat_60_ExpoComm_static_44 - my_run - INFO - Estimated time left: 16 hours, 32 minutes, 17 seconds. Time passed: 21 hours, 44 minutes, 8 seconds
2026-08-10 17:05:02,576 - my_experiment - bat_60_ExpoComm_static_44 - my_run - INFO - Recent Stats | t_env:    2900000 | Episode:    14500
blue_team_alives_mean:   144.0000	blue_team_win_mean:        0.2840	ep_length_mean:          200.0000	episode_length_mean:     199.0000
epsilon:                   0.0500	grad_norm:               135650875.2000	info_nce_loss:             0.9207	loss:                    504819.5781
q_loss:                  458926.9031	q_taken_mean:            282.0356	red_team_alives_mean:    143.4880	red_team_win_mean:         0.0000
return_mean:              -1.4974	return_std:                0.0710	target_mean:             281.3505	td_error_abs:            496.8522
test_blue_team_alives_mean:144.0000	test_blue_team_win_mean:   0.0000	test_ep_length_mean:     200.0000	test_episode_length_mean:199.0000
test_red_team_alives_mean:144.0000	test_red_team_win_mean:    0.0000	test_return_mean:         -1.1350	test_return_std:           0.0000

2026-08-10 17:05:07,887 - my_experiment - bat_60_ExpoComm_static_44 - my_run - INFO - t_env: 2900200 / 5050000
2026-08-10 17:05:07,889 - my_experiment - bat_60_ExpoComm_static_44 - my_run - INFO - Estimated time left: 16 hours, 6 minutes, 18 seconds. Time passed: 22 hours, 6 minutes, 37 seconds
2026-08-10 17:27:03,711 - my_experiment - bat_60_ExpoComm_static_44 - my_run - INFO - Recent Stats | t_env:    2950000 | Episode:    14750
blue_team_alives_mean:   144.0000	blue_team_win_mean:        0.6480	ep_length_mean:          200.0000	episode_length_mean:     199.0000
epsilon:                   0.0500	grad_norm:               115308060.8000	info_nce_loss:             0.5048	loss:                    355165.5469
q_loss:                  322877.7656	q_taken_mean:            269.3585	red_team_alives_mean:    140.9240	red_team_win_mean:         0.0000
return_mean:              -1.4549	return_std:                0.1058	target_mean:             268.7008	td_error_abs:            422.2111
test_blue_team_alives_mean:144.0000	test_blue_team_win_mean:   0.0000	test_ep_length_mean:     200.0000	test_episode_length_mean:199.0000
test_red_team_alives_mean:144.0000	test_red_team_win_mean:    0.0000	test_return_mean:         -1.1407	test_return_std:           0.0000

2026-08-10 17:27:08,937 - my_experiment - bat_60_ExpoComm_static_44 - my_run - INFO - t_env: 2950200 / 5050000
2026-08-10 17:27:08,938 - my_experiment - bat_60_ExpoComm_static_44 - my_run - INFO - Estimated time left: 15 hours, 24 minutes, 38 seconds. Time passed: 22 hours, 28 minutes, 38 seconds
2026-08-10 17:48:57,279 - my_experiment - bat_60_ExpoComm_static_44 - my_run - INFO - Recent Stats | t_env:    3000000 | Episode:    15000
blue_team_alives_mean:   143.8840	blue_team_win_mean:        0.6360	ep_length_mean:          200.0000	episode_length_mean:     199.0000
epsilon:                   0.0500	grad_norm:               108144748.8000	info_nce_loss:             0.9531	loss:                    411868.1719
q_loss:                  374425.6125	q_taken_mean:            267.4865	red_team_alives_mean:    137.4520	red_team_win_mean:         0.0120
return_mean:              -1.7775	return_std:                0.5159	target_mean:             266.9873	td_error_abs:            443.1547
test_blue_team_alives_mean:144.0000	test_blue_team_win_mean:   0.0000	test_ep_length_mean:     200.0000	test_episode_length_mean:199.0000
test_red_team_alives_mean:144.0000	test_red_team_win_mean:    0.0000	test_return_mean:         -1.1750	test_return_std:           0.0000

2026-08-10 17:49:02,502 - my_experiment - bat_60_ExpoComm_static_44 - my_run - INFO - t_env: 3000200 / 5050000
2026-08-10 17:49:02,503 - my_experiment - bat_60_ExpoComm_static_44 - my_run - INFO - Estimated time left: 14 hours, 57 minutes, 30 seconds. Time passed: 22 hours, 50 minutes, 31 seconds
2026-08-10 17:49:06,794 - my_experiment - bat_60_ExpoComm_static_44 - my_run - INFO - Saving models to work_dirs/my_experiment/bat_60_ExpoComm_static_44/my_run/20260809_185810/models/3000200
2026-08-10 18:10:53,414 - my_experiment - bat_60_ExpoComm_static_44 - my_run - INFO - Recent Stats | t_env:    3050000 | Episode:    15250
blue_team_alives_mean:   143.9920	blue_team_win_mean:        0.5000	ep_length_mean:          200.0000	episode_length_mean:     199.0000
epsilon:                   0.0500	grad_norm:               105423819.2000	info_nce_loss:             0.7708	loss:                    490228.0938
q_loss:                  445661.9000	q_taken_mean:            259.0431	red_team_alives_mean:    140.8440	red_team_win_mean:         0.0080
return_mean:              -1.4804	return_std:                0.1150	target_mean:             257.9678	td_error_abs:            486.5815
test_blue_team_alives_mean:144.0000	test_blue_team_win_mean:   0.0000	test_ep_length_mean:     200.0000	test_episode_length_mean:199.0000
test_red_team_alives_mean:144.0000	test_red_team_win_mean:    0.0000	test_return_mean:         -1.1765	test_return_std:           0.0000

2026-08-10 18:10:58,706 - my_experiment - bat_60_ExpoComm_static_44 - my_run - INFO - t_env: 3050200 / 5050000
2026-08-10 18:10:58,708 - my_experiment - bat_60_ExpoComm_static_44 - my_run - INFO - Estimated time left: 14 hours, 37 minutes, 22 seconds. Time passed: 23 hours, 12 minutes, 28 seconds
2026-08-10 18:32:46,996 - my_experiment - bat_60_ExpoComm_static_44 - my_run - INFO - Recent Stats | t_env:    3100000 | Episode:    15500
blue_team_alives_mean:   144.0000	blue_team_win_mean:        0.2000	ep_length_mean:          200.0000	episode_length_mean:     199.0000
epsilon:                   0.0500	grad_norm:               90841100.0000	info_nce_loss:             0.4519	loss:                    392354.5187
q_loss:                  356685.9313	q_taken_mean:            255.3264	red_team_alives_mean:    143.7000	red_team_win_mean:         0.0000
return_mean:              -1.5136	return_std:                0.0740	target_mean:             255.0913	td_error_abs:            417.2366
test_blue_team_alives_mean:144.0000	test_blue_team_win_mean:   0.0000	test_ep_length_mean:     200.0000	test_episode_length_mean:199.0000
test_red_team_alives_mean:144.0000	test_red_team_win_mean:    0.0000	test_return_mean:         -1.1849	test_return_std:           0.0000

2026-08-10 18:32:52,230 - my_experiment - bat_60_ExpoComm_static_44 - my_run - INFO - t_env: 3100200 / 5050000
2026-08-10 18:32:52,231 - my_experiment - bat_60_ExpoComm_static_44 - my_run - INFO - Estimated time left: 14 hours, 13 minutes, 42 seconds. Time passed: 23 hours, 34 minutes, 21 seconds
2026-08-10 18:54:44,999 - my_experiment - bat_60_ExpoComm_static_44 - my_run - INFO - Recent Stats | t_env:    3150000 | Episode:    15750
blue_team_alives_mean:   143.9880	blue_team_win_mean:        0.5200	ep_length_mean:          200.0000	episode_length_mean:     199.0000
epsilon:                   0.0500	grad_norm:               92421256.8000	info_nce_loss:             1.1428	loss:                    395124.8844
q_loss:                  359204.4375	q_taken_mean:            253.0379	red_team_alives_mean:    137.6800	red_team_win_mean:         0.0000
return_mean:              -1.5218	return_std:                0.2129	target_mean:             254.3611	td_error_abs:            425.2031
test_blue_team_alives_mean:144.0000	test_blue_team_win_mean:   0.0000	test_ep_length_mean:     200.0000	test_episode_length_mean:199.0000
test_red_team_alives_mean:144.0000	test_red_team_win_mean:    0.0000	test_return_mean:         -1.2297	test_return_std:           0.0000

2026-08-10 18:54:50,228 - my_experiment - bat_60_ExpoComm_static_44 - my_run - INFO - t_env: 3150200 / 5050000
2026-08-10 18:54:50,229 - my_experiment - bat_60_ExpoComm_static_44 - my_run - INFO - Estimated time left: 13 hours, 54 minutes, 38 seconds. Time passed: 23 hours, 56 minutes, 19 seconds
2026-08-10 19:16:39,203 - my_experiment - bat_60_ExpoComm_static_44 - my_run - INFO - Recent Stats | t_env:    3200000 | Episode:    16000
blue_team_alives_mean:   143.8840	blue_team_win_mean:        0.6720	ep_length_mean:          200.0000	episode_length_mean:     199.0000
epsilon:                   0.0500	grad_norm:               101056476.0000	info_nce_loss:             1.2382	loss:                    586753.3375
q_loss:                  533412.1188	q_taken_mean:            253.7193	red_team_alives_mean:    138.5280	red_team_win_mean:         0.0000
return_mean:              -1.5482	return_std:                0.2153	target_mean:             252.2261	td_error_abs:            501.1399
test_blue_team_alives_mean:144.0000	test_blue_team_win_mean:   0.0000	test_ep_length_mean:     200.0000	test_episode_length_mean:199.0000
test_red_team_alives_mean:144.0000	test_red_team_win_mean:    0.0000	test_return_mean:         -1.1832	test_return_std:           0.0000

2026-08-10 19:16:44,438 - my_experiment - bat_60_ExpoComm_static_44 - my_run - INFO - t_env: 3200200 / 5050000
2026-08-10 19:16:44,439 - my_experiment - bat_60_ExpoComm_static_44 - my_run - INFO - Estimated time left: 13 hours, 30 minutes, 20 seconds. Time passed: 1 days, 18 minutes, 13 seconds
2026-08-10 19:38:41,153 - my_experiment - bat_60_ExpoComm_static_44 - my_run - INFO - Recent Stats | t_env:    3250000 | Episode:    16250
blue_team_alives_mean:   143.5960	blue_team_win_mean:        0.3880	ep_length_mean:          200.0000	episode_length_mean:     199.0000
epsilon:                   0.0500	grad_norm:               59931478.8000	info_nce_loss:             0.4612	loss:                    438298.7281
q_loss:                  398453.3812	q_taken_mean:            246.5853	red_team_alives_mean:    142.8160	red_team_win_mean:         0.0640
return_mean:              -1.6055	return_std:                0.1906	target_mean:             246.6922	td_error_abs:            431.2375
test_blue_team_alives_mean:144.0000	test_blue_team_win_mean:   0.0000	test_ep_length_mean:     200.0000	test_episode_length_mean:199.0000
test_red_team_alives_mean:144.0000	test_red_team_win_mean:    0.0000	test_return_mean:         -1.1464	test_return_std:           0.0000

2026-08-10 19:38:46,366 - my_experiment - bat_60_ExpoComm_static_44 - my_run - INFO - t_env: 3250200 / 5050000
2026-08-10 19:38:46,368 - my_experiment - bat_60_ExpoComm_static_44 - my_run - INFO - Estimated time left: 13 hours, 13 minutes, 4 seconds. Time passed: 1 days, 40 minutes, 15 seconds
2026-08-10 20:00:37,090 - my_experiment - bat_60_ExpoComm_static_44 - my_run - INFO - Recent Stats | t_env:    3300000 | Episode:    16500
blue_team_alives_mean:   143.9880	blue_team_win_mean:        0.3720	ep_length_mean:          200.0000	episode_length_mean:     199.0000
epsilon:                   0.0500	grad_norm:               96958793.6000	info_nce_loss:             0.5741	loss:                    540626.5188
q_loss:                  491478.6531	q_taken_mean:            244.8837	red_team_alives_mean:    141.0440	red_team_win_mean:         0.0040
return_mean:              -1.6398	return_std:                0.1970	target_mean:             246.6086	td_error_abs:            501.4334
test_blue_team_alives_mean:144.0000	test_blue_team_win_mean:   0.0000	test_ep_length_mean:     200.0000	test_episode_length_mean:199.0000
test_red_team_alives_mean:144.0000	test_red_team_win_mean:    0.0000	test_return_mean:         -1.2378	test_return_std:           0.0000

2026-08-10 20:00:42,345 - my_experiment - bat_60_ExpoComm_static_44 - my_run - INFO - t_env: 3300200 / 5050000
2026-08-10 20:00:42,347 - my_experiment - bat_60_ExpoComm_static_44 - my_run - INFO - Estimated time left: 12 hours, 47 minutes, 33 seconds. Time passed: 1 days, 1 hours, 2 minutes, 11 seconds
2026-08-10 20:22:36,243 - my_experiment - bat_60_ExpoComm_static_44 - my_run - INFO - Recent Stats | t_env:    3350000 | Episode:    16750
blue_team_alives_mean:   143.9760	blue_team_win_mean:        0.3600	ep_length_mean:          200.0000	episode_length_mean:     199.0000
epsilon:                   0.0500	grad_norm:               80458906.0000	info_nce_loss:             1.1341	loss:                    371938.7750
q_loss:                  338126.1562	q_taken_mean:            250.1999	red_team_alives_mean:    143.2840	red_team_win_mean:         0.0120
return_mean:              -1.6426	return_std:                0.1500	target_mean:             249.1830	td_error_abs:            393.1239
test_blue_team_alives_mean:144.0000	test_blue_team_win_mean:   0.2000	test_ep_length_mean:     200.0000	test_episode_length_mean:199.0000
test_red_team_alives_mean:143.8000	test_red_team_win_mean:    0.0000	test_return_mean:         -1.2499	test_return_std:           0.0000

2026-08-10 20:22:41,443 - my_experiment - bat_60_ExpoComm_static_44 - my_run - INFO - t_env: 3350200 / 5050000
2026-08-10 20:22:41,445 - my_experiment - bat_60_ExpoComm_static_44 - my_run - INFO - Estimated time left: 12 hours, 27 minutes, 24 seconds. Time passed: 1 days, 1 hours, 24 minutes, 10 seconds
2026-08-10 20:44:35,765 - my_experiment - bat_60_ExpoComm_static_44 - my_run - INFO - Recent Stats | t_env:    3400000 | Episode:    17000
blue_team_alives_mean:   143.9280	blue_team_win_mean:        0.3840	ep_length_mean:          200.0000	episode_length_mean:     199.0000
epsilon:                   0.0500	grad_norm:               64261194.8000	info_nce_loss:             0.8267	loss:                    368307.6719
q_loss:                  334825.1594	q_taken_mean:            239.5965	red_team_alives_mean:    143.2960	red_team_win_mean:         0.0320
return_mean:              -1.6198	return_std:                0.2041	target_mean:             238.8297	td_error_abs:            399.4392
test_blue_team_alives_mean:144.0000	test_blue_team_win_mean:   0.2000	test_ep_length_mean:     200.0000	test_episode_length_mean:199.0000
test_red_team_alives_mean:143.8000	test_red_team_win_mean:    0.0000	test_return_mean:         -1.2430	test_return_std:           0.0000

2026-08-10 20:44:40,984 - my_experiment - bat_60_ExpoComm_static_44 - my_run - INFO - t_env: 3400200 / 5050000
2026-08-10 20:44:40,986 - my_experiment - bat_60_ExpoComm_static_44 - my_run - INFO - Estimated time left: 12 hours, 5 minutes, 39 seconds. Time passed: 1 days, 1 hours, 46 minutes, 10 seconds
2026-08-10 21:06:36,418 - my_experiment - bat_60_ExpoComm_static_44 - my_run - INFO - Recent Stats | t_env:    3450000 | Episode:    17250
blue_team_alives_mean:   143.9200	blue_team_win_mean:        0.3120	ep_length_mean:          200.0000	episode_length_mean:     199.0000
epsilon:                   0.0500	grad_norm:               91274144.8000	info_nce_loss:             0.7788	loss:                    411983.6750
q_loss:                  374530.6125	q_taken_mean:            235.9230	red_team_alives_mean:    143.3360	red_team_win_mean:         0.0080
return_mean:              -1.6011	return_std:                0.1479	target_mean:             235.2006	td_error_abs:            412.6790
test_blue_team_alives_mean:144.0000	test_blue_team_win_mean:   0.2000	test_ep_length_mean:     200.0000	test_episode_length_mean:199.0000
test_red_team_alives_mean:143.8000	test_red_team_win_mean:    0.0000	test_return_mean:         -1.2247	test_return_std:           0.0000

2026-08-10 21:06:41,797 - my_experiment - bat_60_ExpoComm_static_44 - my_run - INFO - t_env: 3450200 / 5050000
2026-08-10 21:06:41,798 - my_experiment - bat_60_ExpoComm_static_44 - my_run - INFO - Estimated time left: 11 hours, 44 minutes, 20 seconds. Time passed: 1 days, 2 hours, 8 minutes, 11 seconds
2026-08-10 21:28:35,735 - my_experiment - bat_60_ExpoComm_static_44 - my_run - INFO - Recent Stats | t_env:    3500000 | Episode:    17500
blue_team_alives_mean:   143.8480	blue_team_win_mean:        0.3040	ep_length_mean:          200.0000	episode_length_mean:     199.0000
epsilon:                   0.0500	grad_norm:               90628079.6000	info_nce_loss:             0.6712	loss:                    423334.7125
q_loss:                  384849.7344	q_taken_mean:            238.0952	red_team_alives_mean:    143.3400	red_team_win_mean:         0.0520
return_mean:              -1.7249	return_std:                0.2499	target_mean:             238.8530	td_error_abs:            414.8661
test_blue_team_alives_mean:143.8000	test_blue_team_win_mean:   0.2000	test_ep_length_mean:     200.0000	test_episode_length_mean:199.0000
test_red_team_alives_mean:143.6000	test_red_team_win_mean:    0.0000	test_return_mean:         -1.4195	test_return_std:           0.0000

2026-08-10 21:28:41,102 - my_experiment - bat_60_ExpoComm_static_44 - my_run - INFO - t_env: 3500200 / 5050000
2026-08-10 21:28:41,103 - my_experiment - bat_60_ExpoComm_static_44 - my_run - INFO - Estimated time left: 11 hours, 21 minutes, 33 seconds. Time passed: 1 days, 2 hours, 30 minutes, 10 seconds
2026-08-10 21:28:45,396 - my_experiment - bat_60_ExpoComm_static_44 - my_run - INFO - Saving models to work_dirs/my_experiment/bat_60_ExpoComm_static_44/my_run/20260809_185810/models/3500200
2026-08-10 21:50:37,538 - my_experiment - bat_60_ExpoComm_static_44 - my_run - INFO - Recent Stats | t_env:    3550000 | Episode:    17750
blue_team_alives_mean:   143.9040	blue_team_win_mean:        0.4120	ep_length_mean:          200.0000	episode_length_mean:     199.0000
epsilon:                   0.0500	grad_norm:               64858321.0000	info_nce_loss:             0.6749	loss:                    371605.3781
q_loss:                  337823.0750	q_taken_mean:            237.2104	red_team_alives_mean:    143.1880	red_team_win_mean:         0.0360
return_mean:              -1.6630	return_std:                0.1439	target_mean:             237.5429	td_error_abs:            363.2397
test_blue_team_alives_mean:143.8000	test_blue_team_win_mean:   0.2000	test_ep_length_mean:     200.0000	test_episode_length_mean:199.0000
test_red_team_alives_mean:143.6000	test_red_team_win_mean:    0.0000	test_return_mean:         -1.4087	test_return_std:           0.0000

2026-08-10 21:50:42,866 - my_experiment - bat_60_ExpoComm_static_44 - my_run - INFO - t_env: 3550200 / 5050000
2026-08-10 21:50:42,867 - my_experiment - bat_60_ExpoComm_static_44 - my_run - INFO - Estimated time left: 11 hours, 47 seconds. Time passed: 1 days, 2 hours, 52 minutes, 12 seconds
2026-08-10 22:12:36,946 - my_experiment - bat_60_ExpoComm_static_44 - my_run - INFO - Recent Stats | t_env:    3600000 | Episode:    18000
blue_team_alives_mean:   143.9360	blue_team_win_mean:        0.2200	ep_length_mean:          200.0000	episode_length_mean:     199.0000
epsilon:                   0.0500	grad_norm:               97032975.2000	info_nce_loss:             0.6288	loss:                    438281.2875
q_loss:                  398437.5375	q_taken_mean:            236.4221	red_team_alives_mean:    143.6680	red_team_win_mean:         0.0440
return_mean:              -1.7235	return_std:                0.1016	target_mean:             235.8813	td_error_abs:            419.5834
test_blue_team_alives_mean:143.8000	test_blue_team_win_mean:   0.2000	test_ep_length_mean:     200.0000	test_episode_length_mean:199.0000
test_red_team_alives_mean:143.6000	test_red_team_win_mean:    0.0000	test_return_mean:         -1.4528	test_return_std:           0.0000

2026-08-10 22:12:42,190 - my_experiment - bat_60_ExpoComm_static_44 - my_run - INFO - t_env: 3600200 / 5050000
2026-08-10 22:12:42,191 - my_experiment - bat_60_ExpoComm_static_44 - my_run - INFO - Estimated time left: 10 hours, 37 minutes, 35 seconds. Time passed: 1 days, 3 hours, 14 minutes, 11 seconds
2026-08-10 22:35:23,764 - my_experiment - bat_60_ExpoComm_static_44 - my_run - INFO - Recent Stats | t_env:    3650000 | Episode:    18250
blue_team_alives_mean:   143.9680	blue_team_win_mean:        0.2320	ep_length_mean:          200.0000	episode_length_mean:     199.0000
epsilon:                   0.0500	grad_norm:               83536599.2000	info_nce_loss:             0.4870	loss:                    498506.2500
q_loss:                  453187.4938	q_taken_mean:            232.2805	red_team_alives_mean:    143.5920	red_team_win_mean:         0.0240
return_mean:              -1.7359	return_std:                0.2442	target_mean:             232.4776	td_error_abs:            449.9941
test_blue_team_alives_mean:143.8000	test_blue_team_win_mean:   0.2000	test_ep_length_mean:     200.0000	test_episode_length_mean:199.0000
test_red_team_alives_mean:143.6000	test_red_team_win_mean:    0.0000	test_return_mean:         -1.4635	test_return_std:           0.0000

2026-08-10 22:35:29,900 - my_experiment - bat_60_ExpoComm_static_44 - my_run - INFO - t_env: 3650200 / 5050000
2026-08-10 22:35:29,902 - my_experiment - bat_60_ExpoComm_static_44 - my_run - INFO - Estimated time left: 10 hours, 38 minutes, 10 seconds. Time passed: 1 days, 3 hours, 36 minutes, 59 seconds
2026-08-10 22:59:57,730 - my_experiment - bat_60_ExpoComm_static_44 - my_run - INFO - Recent Stats | t_env:    3700000 | Episode:    18500
blue_team_alives_mean:   143.8760	blue_team_win_mean:        0.4440	ep_length_mean:          200.0000	episode_length_mean:     199.0000
epsilon:                   0.0500	grad_norm:               68767297.2000	info_nce_loss:             0.8222	loss:                    449916.1781
q_loss:                  409014.7125	q_taken_mean:            230.9237	red_team_alives_mean:    143.0840	red_team_win_mean:         0.0320
return_mean:              -1.9068	return_std:                0.1634	target_mean:             230.7970	td_error_abs:            393.9126
test_blue_team_alives_mean:143.8000	test_blue_team_win_mean:   0.2000	test_ep_length_mean:     200.0000	test_episode_length_mean:199.0000
test_red_team_alives_mean:143.6000	test_red_team_win_mean:    0.0000	test_return_mean:         -1.4943	test_return_std:           0.0000

2026-08-10 23:00:03,872 - my_experiment - bat_60_ExpoComm_static_44 - my_run - INFO - t_env: 3700200 / 5050000
2026-08-10 23:00:03,874 - my_experiment - bat_60_ExpoComm_static_44 - my_run - INFO - Estimated time left: 11 hours, 3 minutes, 11 seconds. Time passed: 1 days, 4 hours, 1 minutes, 33 seconds
2026-08-10 23:24:37,782 - my_experiment - bat_60_ExpoComm_static_44 - my_run - INFO - Recent Stats | t_env:    3750000 | Episode:    18750
blue_team_alives_mean:   144.0000	blue_team_win_mean:        0.0080	ep_length_mean:          200.0000	episode_length_mean:     199.0000
epsilon:                   0.0500	grad_norm:               90968410.0000	info_nce_loss:             0.4698	loss:                    539743.3812
q_loss:                  490675.8000	q_taken_mean:            224.9374	red_team_alives_mean:    143.9800	red_team_win_mean:         0.0000
return_mean:              -1.6551	return_std:                0.0939	target_mean:             223.7252	td_error_abs:            436.0208
test_blue_team_alives_mean:144.0000	test_blue_team_win_mean:   0.2000	test_ep_length_mean:     200.0000	test_episode_length_mean:199.0000
test_red_team_alives_mean:143.8000	test_red_team_win_mean:    0.0000	test_return_mean:         -1.3695	test_return_std:           0.0000

2026-08-10 23:24:43,669 - my_experiment - bat_60_ExpoComm_static_44 - my_run - INFO - t_env: 3750200 / 5050000
2026-08-10 23:24:43,671 - my_experiment - bat_60_ExpoComm_static_44 - my_run - INFO - Estimated time left: 10 hours, 41 minutes, 8 seconds. Time passed: 1 days, 4 hours, 26 minutes, 13 seconds
2026-08-10 23:49:08,469 - my_experiment - bat_60_ExpoComm_static_44 - my_run - INFO - Recent Stats | t_env:    3800000 | Episode:    19000
blue_team_alives_mean:   144.0000	blue_team_win_mean:        0.1200	ep_length_mean:          200.0000	episode_length_mean:     199.0000
epsilon:                   0.0500	grad_norm:               78844616.8000	info_nce_loss:             0.7425	loss:                    459256.6906
q_loss:                  417506.0750	q_taken_mean:            220.9760	red_team_alives_mean:    143.7880	red_team_win_mean:         0.0000
return_mean:              -1.6103	return_std:                0.0966	target_mean:             220.7265	td_error_abs:            402.1013
test_blue_team_alives_mean:144.0000	test_blue_team_win_mean:   0.2000	test_ep_length_mean:     200.0000	test_episode_length_mean:199.0000
test_red_team_alives_mean:143.8000	test_red_team_win_mean:    0.0000	test_return_mean:         -1.3387	test_return_std:           0.0000

2026-08-10 23:49:14,117 - my_experiment - bat_60_ExpoComm_static_44 - my_run - INFO - t_env: 3800200 / 5050000
2026-08-10 23:49:14,118 - my_experiment - bat_60_ExpoComm_static_44 - my_run - INFO - Estimated time left: 10 hours, 12 minutes, 35 seconds. Time passed: 1 days, 4 hours, 50 minutes, 43 seconds
2026-08-11 00:13:57,924 - my_experiment - bat_60_ExpoComm_static_44 - my_run - INFO - Recent Stats | t_env:    3850000 | Episode:    19250
blue_team_alives_mean:   143.9960	blue_team_win_mean:        0.1880	ep_length_mean:          200.0000	episode_length_mean:     199.0000
epsilon:                   0.0500	grad_norm:               118135494.4000	info_nce_loss:             0.4171	loss:                    686286.8313
q_loss:                  623897.1250	q_taken_mean:            214.8615	red_team_alives_mean:    143.4680	red_team_win_mean:         0.0000
return_mean:              -1.5582	return_std:                0.1003	target_mean:             213.2102	td_error_abs:            551.5243
test_blue_team_alives_mean:144.0000	test_blue_team_win_mean:   0.0000	test_ep_length_mean:     200.0000	test_episode_length_mean:199.0000
test_red_team_alives_mean:144.0000	test_red_team_win_mean:    0.0000	test_return_mean:         -1.2969	test_return_std:           0.0000

2026-08-11 00:14:03,891 - my_experiment - bat_60_ExpoComm_static_44 - my_run - INFO - t_env: 3850200 / 5050000
2026-08-11 00:14:03,892 - my_experiment - bat_60_ExpoComm_static_44 - my_run - INFO - Estimated time left: 9 hours, 55 minutes, 48 seconds. Time passed: 1 days, 5 hours, 15 minutes, 33 seconds
2026-08-11 00:38:42,250 - my_experiment - bat_60_ExpoComm_static_44 - my_run - INFO - Recent Stats | t_env:    3900000 | Episode:    19500
blue_team_alives_mean:   143.9960	blue_team_win_mean:        0.2040	ep_length_mean:          200.0000	episode_length_mean:     199.0000
epsilon:                   0.0500	grad_norm:               76485906.4000	info_nce_loss:             0.6084	loss:                    448733.1375
q_loss:                  407939.2250	q_taken_mean:            212.6785	red_team_alives_mean:    143.5160	red_team_win_mean:         0.0040
return_mean:              -1.5824	return_std:                0.1331	target_mean:             212.5513	td_error_abs:            414.8801
test_blue_team_alives_mean:144.0000	test_blue_team_win_mean:   0.0000	test_ep_length_mean:     200.0000	test_episode_length_mean:199.0000
test_red_team_alives_mean:144.0000	test_red_team_win_mean:    0.0000	test_return_mean:         -1.2607	test_return_std:           0.0000

2026-08-11 00:38:48,044 - my_experiment - bat_60_ExpoComm_static_44 - my_run - INFO - t_env: 3900200 / 5050000
2026-08-11 00:38:48,045 - my_experiment - bat_60_ExpoComm_static_44 - my_run - INFO - Estimated time left: 9 hours, 28 minutes, 49 seconds. Time passed: 1 days, 5 hours, 40 minutes, 17 seconds
2026-08-11 01:02:44,902 - my_experiment - bat_60_ExpoComm_static_44 - my_run - INFO - Recent Stats | t_env:    3950000 | Episode:    19750
blue_team_alives_mean:   144.0000	blue_team_win_mean:        0.0680	ep_length_mean:          200.0000	episode_length_mean:     199.0000
epsilon:                   0.0500	grad_norm:               63464278.4000	info_nce_loss:             0.4429	loss:                    365573.1375
q_loss:                  332339.2125	q_taken_mean:            211.4243	red_team_alives_mean:    143.8920	red_team_win_mean:         0.0000
return_mean:              -1.5393	return_std:                0.0803	target_mean:             210.8475	td_error_abs:            370.5377
test_blue_team_alives_mean:144.0000	test_blue_team_win_mean:   0.0000	test_ep_length_mean:     200.0000	test_episode_length_mean:199.0000
test_red_team_alives_mean:144.0000	test_red_team_win_mean:    0.0000	test_return_mean:         -1.2067	test_return_std:           0.0000

2026-08-11 01:02:50,603 - my_experiment - bat_60_ExpoComm_static_44 - my_run - INFO - t_env: 3950200 / 5050000
2026-08-11 01:02:50,605 - my_experiment - bat_60_ExpoComm_static_44 - my_run - INFO - Estimated time left: 8 hours, 48 minutes, 50 seconds. Time passed: 1 days, 6 hours, 4 minutes, 19 seconds
2026-08-11 01:25:14,219 - my_experiment - bat_60_ExpoComm_static_44 - my_run - INFO - Recent Stats | t_env:    4000000 | Episode:    20000
blue_team_alives_mean:   144.0000	blue_team_win_mean:        0.1440	ep_length_mean:          200.0000	episode_length_mean:     199.0000
epsilon:                   0.0500	grad_norm:               79496098.8000	info_nce_loss:             0.4847	loss:                    490934.0000
q_loss:                  446303.6312	q_taken_mean:            201.4341	red_team_alives_mean:    143.6920	red_team_win_mean:         0.0000
return_mean:              -1.5490	return_std:                0.1123	target_mean:             201.1977	td_error_abs:            452.7639
test_blue_team_alives_mean:144.0000	test_blue_team_win_mean:   0.0000	test_ep_length_mean:     200.0000	test_episode_length_mean:199.0000
test_red_team_alives_mean:144.0000	test_red_team_win_mean:    0.0000	test_return_mean:         -1.1910	test_return_std:           0.0000

2026-08-11 01:25:19,553 - my_experiment - bat_60_ExpoComm_static_44 - my_run - INFO - t_env: 4000200 / 5050000
2026-08-11 01:25:19,555 - my_experiment - bat_60_ExpoComm_static_44 - my_run - INFO - Estimated time left: 7 hours, 52 minutes, 2 seconds. Time passed: 1 days, 6 hours, 26 minutes, 48 seconds
2026-08-11 01:25:23,834 - my_experiment - bat_60_ExpoComm_static_44 - my_run - INFO - Saving models to work_dirs/my_experiment/bat_60_ExpoComm_static_44/my_run/20260809_185810/models/4000200
2026-08-11 01:47:13,645 - my_experiment - bat_60_ExpoComm_static_44 - my_run - INFO - Recent Stats | t_env:    4050000 | Episode:    20250
blue_team_alives_mean:   144.0000	blue_team_win_mean:        0.5000	ep_length_mean:          200.0000	episode_length_mean:     199.0000
epsilon:                   0.0500	grad_norm:               75835324.0000	info_nce_loss:             0.3869	loss:                    403694.6937
q_loss:                  366995.1750	q_taken_mean:            195.5662	red_team_alives_mean:    141.3760	red_team_win_mean:         0.0000
return_mean:              -1.4625	return_std:                0.0437	target_mean:             194.4250	td_error_abs:            393.3337
test_blue_team_alives_mean:144.0000	test_blue_team_win_mean:   0.0000	test_ep_length_mean:     200.0000	test_episode_length_mean:199.0000
test_red_team_alives_mean:144.0000	test_red_team_win_mean:    0.0000	test_return_mean:         -1.1403	test_return_std:           0.0000

2026-08-11 01:47:18,870 - my_experiment - bat_60_ExpoComm_static_44 - my_run - INFO - t_env: 4050200 / 5050000
2026-08-11 01:47:18,872 - my_experiment - bat_60_ExpoComm_static_44 - my_run - INFO - Estimated time left: 7 hours, 19 minutes, 41 seconds. Time passed: 1 days, 6 hours, 48 minutes, 48 seconds
2026-08-11 02:09:14,170 - my_experiment - bat_60_ExpoComm_static_44 - my_run - INFO - Recent Stats | t_env:    4100000 | Episode:    20500
blue_team_alives_mean:   144.0000	blue_team_win_mean:        0.5560	ep_length_mean:          200.0000	episode_length_mean:     199.0000
epsilon:                   0.0500	grad_norm:               72089420.0000	info_nce_loss:             0.3638	loss:                    362054.0469
q_loss:                  329140.0375	q_taken_mean:            193.7372	red_team_alives_mean:    140.9720	red_team_win_mean:         0.0000
return_mean:              -1.4774	return_std:                0.0868	target_mean:             193.2791	td_error_abs:            384.0146
test_blue_team_alives_mean:144.0000	test_blue_team_win_mean:   0.0000	test_ep_length_mean:     200.0000	test_episode_length_mean:199.0000
test_red_team_alives_mean:144.0000	test_red_team_win_mean:    0.0000	test_return_mean:         -1.1260	test_return_std:           0.0000

2026-08-11 02:09:19,406 - my_experiment - bat_60_ExpoComm_static_44 - my_run - INFO - t_env: 4100200 / 5050000
2026-08-11 02:09:19,407 - my_experiment - bat_60_ExpoComm_static_44 - my_run - INFO - Estimated time left: 6 hours, 58 minutes, 4 seconds. Time passed: 1 days, 7 hours, 10 minutes, 48 seconds
2026-08-11 02:31:10,959 - my_experiment - bat_60_ExpoComm_static_44 - my_run - INFO - Recent Stats | t_env:    4150000 | Episode:    20750
blue_team_alives_mean:   144.0000	blue_team_win_mean:        0.2480	ep_length_mean:          200.0000	episode_length_mean:     199.0000
epsilon:                   0.0500	grad_norm:               60362974.0000	info_nce_loss:             0.4801	loss:                    363106.6844
q_loss:                  330096.9906	q_taken_mean:            188.0966	red_team_alives_mean:    142.8000	red_team_win_mean:         0.0000
return_mean:              -1.4773	return_std:                0.0556	target_mean:             188.0901	td_error_abs:            372.2939
test_blue_team_alives_mean:144.0000	test_blue_team_win_mean:   0.0000	test_ep_length_mean:     200.0000	test_episode_length_mean:199.0000
test_red_team_alives_mean:144.0000	test_red_team_win_mean:    0.0000	test_return_mean:         -1.1632	test_return_std:           0.0000

2026-08-11 02:31:16,184 - my_experiment - bat_60_ExpoComm_static_44 - my_run - INFO - t_env: 4150200 / 5050000
2026-08-11 02:31:16,186 - my_experiment - bat_60_ExpoComm_static_44 - my_run - INFO - Estimated time left: 6 hours, 34 minutes, 56 seconds. Time passed: 1 days, 7 hours, 32 minutes, 45 seconds
2026-08-11 02:53:07,002 - my_experiment - bat_60_ExpoComm_static_44 - my_run - INFO - Recent Stats | t_env:    4200000 | Episode:    21000
blue_team_alives_mean:   144.0000	blue_team_win_mean:        0.1640	ep_length_mean:          200.0000	episode_length_mean:     199.0000
epsilon:                   0.0500	grad_norm:               103838552.0000	info_nce_loss:             0.3571	loss:                    563576.1625
q_loss:                  512341.9625	q_taken_mean:            185.1515	red_team_alives_mean:    143.4640	red_team_win_mean:         0.0000
return_mean:              -1.4435	return_std:                0.0372	target_mean:             184.1512	td_error_abs:            479.3586
test_blue_team_alives_mean:144.0000	test_blue_team_win_mean:   0.0000	test_ep_length_mean:     200.0000	test_episode_length_mean:199.0000
test_red_team_alives_mean:144.0000	test_red_team_win_mean:    0.0000	test_return_mean:         -1.1800	test_return_std:           0.0000

2026-08-11 02:53:12,238 - my_experiment - bat_60_ExpoComm_static_44 - my_run - INFO - t_env: 4200200 / 5050000
2026-08-11 02:53:12,240 - my_experiment - bat_60_ExpoComm_static_44 - my_run - INFO - Estimated time left: 6 hours, 12 minutes, 47 seconds. Time passed: 1 days, 7 hours, 54 minutes, 41 seconds
2026-08-11 03:15:04,469 - my_experiment - bat_60_ExpoComm_static_44 - my_run - INFO - Recent Stats | t_env:    4250000 | Episode:    21250
blue_team_alives_mean:   144.0000	blue_team_win_mean:        0.1120	ep_length_mean:          200.0000	episode_length_mean:     199.0000
epsilon:                   0.0500	grad_norm:               73840057.6000	info_nce_loss:             0.4948	loss:                    415033.0969
q_loss:                  377302.8125	q_taken_mean:            181.7264	red_team_alives_mean:    143.7280	red_team_win_mean:         0.0000
return_mean:              -1.4876	return_std:                0.0541	target_mean:             180.3890	td_error_abs:            396.0468
test_blue_team_alives_mean:144.0000	test_blue_team_win_mean:   0.0000	test_ep_length_mean:     200.0000	test_episode_length_mean:199.0000
test_red_team_alives_mean:144.0000	test_red_team_win_mean:    0.0000	test_return_mean:         -1.1350	test_return_std:           0.0000

2026-08-11 03:15:09,763 - my_experiment - bat_60_ExpoComm_static_44 - my_run - INFO - t_env: 4250200 / 5050000
2026-08-11 03:15:09,764 - my_experiment - bat_60_ExpoComm_static_44 - my_run - INFO - Estimated time left: 5 hours, 51 minutes, 15 seconds. Time passed: 1 days, 8 hours, 16 minutes, 39 seconds
2026-08-11 03:36:57,626 - my_experiment - bat_60_ExpoComm_static_44 - my_run - INFO - Recent Stats | t_env:    4300000 | Episode:    21500
blue_team_alives_mean:   144.0000	blue_team_win_mean:        0.0840	ep_length_mean:          200.0000	episode_length_mean:     199.0000
epsilon:                   0.0500	grad_norm:               56248104.8000	info_nce_loss:             0.4135	loss:                    305936.8250
q_loss:                  278124.3844	q_taken_mean:            185.5218	red_team_alives_mean:    143.6800	red_team_win_mean:         0.0000
return_mean:              -1.4382	return_std:                0.0590	target_mean:             184.9338	td_error_abs:            337.3497
test_blue_team_alives_mean:144.0000	test_blue_team_win_mean:   0.0000	test_ep_length_mean:     200.0000	test_episode_length_mean:199.0000
test_red_team_alives_mean:144.0000	test_red_team_win_mean:    0.0000	test_return_mean:         -1.1278	test_return_std:           0.0000

2026-08-11 03:37:02,877 - my_experiment - bat_60_ExpoComm_static_44 - my_run - INFO - t_env: 4300200 / 5050000
2026-08-11 03:37:02,878 - my_experiment - bat_60_ExpoComm_static_44 - my_run - INFO - Estimated time left: 5 hours, 28 minutes, 11 seconds. Time passed: 1 days, 8 hours, 38 minutes, 32 seconds
2026-08-11 03:58:50,165 - my_experiment - bat_60_ExpoComm_static_44 - my_run - INFO - Recent Stats | t_env:    4350000 | Episode:    21750
blue_team_alives_mean:   144.0000	blue_team_win_mean:        0.0640	ep_length_mean:          200.0000	episode_length_mean:     199.0000
epsilon:                   0.0500	grad_norm:               51193239.2000	info_nce_loss:             0.3206	loss:                    297507.8688
q_loss:                  270461.6969	q_taken_mean:            179.2242	red_team_alives_mean:    143.8680	red_team_win_mean:         0.0000
return_mean:              -1.5392	return_std:                0.1088	target_mean:             179.0411	td_error_abs:            333.2542
test_blue_team_alives_mean:144.0000	test_blue_team_win_mean:   0.0000	test_ep_length_mean:     200.0000	test_episode_length_mean:199.0000
test_red_team_alives_mean:144.0000	test_red_team_win_mean:    0.0000	test_return_mean:         -1.1524	test_return_std:           0.0000

2026-08-11 03:58:55,373 - my_experiment - bat_60_ExpoComm_static_44 - my_run - INFO - t_env: 4350200 / 5050000
2026-08-11 03:58:55,375 - my_experiment - bat_60_ExpoComm_static_44 - my_run - INFO - Estimated time left: 5 hours, 6 minutes, 9 seconds. Time passed: 1 days, 9 hours, 24 seconds
2026-08-11 04:20:43,406 - my_experiment - bat_60_ExpoComm_static_44 - my_run - INFO - Recent Stats | t_env:    4400000 | Episode:    22000
blue_team_alives_mean:   144.0000	blue_team_win_mean:        0.0640	ep_length_mean:          200.0000	episode_length_mean:     199.0000
epsilon:                   0.0500	grad_norm:               70900930.4000	info_nce_loss:             0.2233	loss:                    344243.8281
q_loss:                  312949.3844	q_taken_mean:            178.9641	red_team_alives_mean:    143.8920	red_team_win_mean:         0.0000
return_mean:              -1.3945	return_std:                0.0183	target_mean:             178.8663	td_error_abs:            374.5392
test_blue_team_alives_mean:144.0000	test_blue_team_win_mean:   0.0000	test_ep_length_mean:     200.0000	test_episode_length_mean:199.0000
test_red_team_alives_mean:144.0000	test_red_team_win_mean:    0.0000	test_return_mean:         -1.1012	test_return_std:           0.0000

2026-08-11 04:20:48,634 - my_experiment - bat_60_ExpoComm_static_44 - my_run - INFO - t_env: 4400200 / 5050000
2026-08-11 04:20:48,636 - my_experiment - bat_60_ExpoComm_static_44 - my_run - INFO - Estimated time left: 4 hours, 44 minutes, 27 seconds. Time passed: 1 days, 9 hours, 22 minutes, 17 seconds
2026-08-11 04:42:35,104 - my_experiment - bat_60_ExpoComm_static_44 - my_run - INFO - Recent Stats | t_env:    4450000 | Episode:    22250
blue_team_alives_mean:   144.0000	blue_team_win_mean:        0.0760	ep_length_mean:          200.0000	episode_length_mean:     199.0000
epsilon:                   0.0500	grad_norm:               65183788.8000	info_nce_loss:             0.4378	loss:                    325865.0438
q_loss:                  296240.9500	q_taken_mean:            172.2811	red_team_alives_mean:    143.7200	red_team_win_mean:         0.0000
return_mean:              -1.4424	return_std:                0.0323	target_mean:             171.3801	td_error_abs:            367.1604
test_blue_team_alives_mean:144.0000	test_blue_team_win_mean:   0.0000	test_ep_length_mean:     200.0000	test_episode_length_mean:199.0000
test_red_team_alives_mean:144.0000	test_red_team_win_mean:    0.0000	test_return_mean:         -1.0737	test_return_std:           0.0000

2026-08-11 04:42:40,324 - my_experiment - bat_60_ExpoComm_static_44 - my_run - INFO - t_env: 4450200 / 5050000
2026-08-11 04:42:40,326 - my_experiment - bat_60_ExpoComm_static_44 - my_run - INFO - Estimated time left: 4 hours, 22 minutes, 15 seconds. Time passed: 1 days, 9 hours, 44 minutes, 9 seconds
2026-08-11 05:04:27,568 - my_experiment - bat_60_ExpoComm_static_44 - my_run - INFO - Recent Stats | t_env:    4500000 | Episode:    22500
blue_team_alives_mean:   144.0000	blue_team_win_mean:        0.0920	ep_length_mean:          200.0000	episode_length_mean:     199.0000
epsilon:                   0.0500	grad_norm:               60959280.4000	info_nce_loss:             0.3888	loss:                    342555.4688
q_loss:                  311414.0625	q_taken_mean:            170.3972	red_team_alives_mean:    143.8760	red_team_win_mean:         0.0000
return_mean:              -1.3963	return_std:                0.0196	target_mean:             170.5487	td_error_abs:            365.4992
test_blue_team_alives_mean:144.0000	test_blue_team_win_mean:   0.0000	test_ep_length_mean:     200.0000	test_episode_length_mean:199.0000
test_red_team_alives_mean:144.0000	test_red_team_win_mean:    0.0000	test_return_mean:         -1.0536	test_return_std:           0.0000

2026-08-11 05:04:32,799 - my_experiment - bat_60_ExpoComm_static_44 - my_run - INFO - t_env: 4500200 / 5050000
2026-08-11 05:04:32,800 - my_experiment - bat_60_ExpoComm_static_44 - my_run - INFO - Estimated time left: 4 hours, 31 seconds. Time passed: 1 days, 10 hours, 6 minutes, 2 seconds
2026-08-11 05:04:37,129 - my_experiment - bat_60_ExpoComm_static_44 - my_run - INFO - Saving models to work_dirs/my_experiment/bat_60_ExpoComm_static_44/my_run/20260809_185810/models/4500200
2026-08-11 05:26:21,256 - my_experiment - bat_60_ExpoComm_static_44 - my_run - INFO - Recent Stats | t_env:    4550000 | Episode:    22750
blue_team_alives_mean:   144.0000	blue_team_win_mean:        0.0720	ep_length_mean:          200.0000	episode_length_mean:     199.0000
epsilon:                   0.0500	grad_norm:               54758392.8000	info_nce_loss:             0.4584	loss:                    274187.7844
q_loss:                  249261.6219	q_taken_mean:            169.6001	red_team_alives_mean:    143.8680	red_team_win_mean:         0.0000
return_mean:              -1.4030	return_std:                0.0191	target_mean:             169.2732	td_error_abs:            321.0465
test_blue_team_alives_mean:144.0000	test_blue_team_win_mean:   0.0000	test_ep_length_mean:     200.0000	test_episode_length_mean:199.0000
test_red_team_alives_mean:144.0000	test_red_team_win_mean:    0.0000	test_return_mean:         -1.0494	test_return_std:           0.0000

2026-08-11 05:26:26,490 - my_experiment - bat_60_ExpoComm_static_44 - my_run - INFO - t_env: 4550200 / 5050000
2026-08-11 05:26:26,492 - my_experiment - bat_60_ExpoComm_static_44 - my_run - INFO - Estimated time left: 3 hours, 38 minutes, 51 seconds. Time passed: 1 days, 10 hours, 27 minutes, 55 seconds
2026-08-11 05:48:15,065 - my_experiment - bat_60_ExpoComm_static_44 - my_run - INFO - Recent Stats | t_env:    4600000 | Episode:    23000
blue_team_alives_mean:   144.0000	blue_team_win_mean:        0.1200	ep_length_mean:          200.0000	episode_length_mean:     199.0000
epsilon:                   0.0500	grad_norm:               96380726.4000	info_nce_loss:             0.2731	loss:                    433663.3094
q_loss:                  394239.3688	q_taken_mean:            173.9651	red_team_alives_mean:    143.8240	red_team_win_mean:         0.0000
return_mean:              -1.4598	return_std:                0.0392	target_mean:             173.8937	td_error_abs:            436.5371
test_blue_team_alives_mean:144.0000	test_blue_team_win_mean:   0.0000	test_ep_length_mean:     200.0000	test_episode_length_mean:199.0000
test_red_team_alives_mean:144.0000	test_red_team_win_mean:    0.0000	test_return_mean:         -1.0247	test_return_std:           0.0000

2026-08-11 05:48:20,313 - my_experiment - bat_60_ExpoComm_static_44 - my_run - INFO - t_env: 4600200 / 5050000
2026-08-11 05:48:20,314 - my_experiment - bat_60_ExpoComm_static_44 - my_run - INFO - Estimated time left: 3 hours, 16 minutes, 59 seconds. Time passed: 1 days, 10 hours, 49 minutes, 49 seconds
2026-08-11 06:10:07,410 - my_experiment - bat_60_ExpoComm_static_44 - my_run - INFO - Recent Stats | t_env:    4650000 | Episode:    23250
blue_team_alives_mean:   144.0000	blue_team_win_mean:        0.2080	ep_length_mean:          200.0000	episode_length_mean:     199.0000
epsilon:                   0.0500	grad_norm:               74802064.0000	info_nce_loss:             0.2568	loss:                    301635.1188
q_loss:                  274213.7469	q_taken_mean:            176.1030	red_team_alives_mean:    143.6680	red_team_win_mean:         0.0000
return_mean:              -1.5013	return_std:                0.0529	target_mean:             175.6661	td_error_abs:            363.6098
test_blue_team_alives_mean:144.0000	test_blue_team_win_mean:   0.0000	test_ep_length_mean:     200.0000	test_episode_length_mean:199.0000
test_red_team_alives_mean:144.0000	test_red_team_win_mean:    0.0000	test_return_mean:         -1.0628	test_return_std:           0.0000

2026-08-11 06:10:12,674 - my_experiment - bat_60_ExpoComm_static_44 - my_run - INFO - t_env: 4650200 / 5050000
2026-08-11 06:10:12,675 - my_experiment - bat_60_ExpoComm_static_44 - my_run - INFO - Estimated time left: 2 hours, 54 minutes, 53 seconds. Time passed: 1 days, 11 hours, 11 minutes, 42 seconds
2026-08-11 06:31:59,436 - my_experiment - bat_60_ExpoComm_static_44 - my_run - INFO - Recent Stats | t_env:    4700000 | Episode:    23500
blue_team_alives_mean:   144.0000	blue_team_win_mean:        0.1720	ep_length_mean:          200.0000	episode_length_mean:     199.0000
epsilon:                   0.0500	grad_norm:               70999487.2000	info_nce_loss:             0.4651	loss:                    356784.3281
q_loss:                  324349.3844	q_taken_mean:            173.7623	red_team_alives_mean:    143.7240	red_team_win_mean:         0.0000
return_mean:              -1.4308	return_std:                0.0323	target_mean:             174.5672	td_error_abs:            389.5771
test_blue_team_alives_mean:144.0000	test_blue_team_win_mean:   0.2000	test_ep_length_mean:     200.0000	test_episode_length_mean:199.0000
test_red_team_alives_mean:143.8000	test_red_team_win_mean:    0.0000	test_return_mean:         -1.0597	test_return_std:           0.0000

2026-08-11 06:32:04,665 - my_experiment - bat_60_ExpoComm_static_44 - my_run - INFO - t_env: 4700200 / 5050000
2026-08-11 06:32:04,666 - my_experiment - bat_60_ExpoComm_static_44 - my_run - INFO - Estimated time left: 2 hours, 32 minutes, 58 seconds. Time passed: 1 days, 11 hours, 33 minutes, 34 seconds
2026-08-11 06:53:53,400 - my_experiment - bat_60_ExpoComm_static_44 - my_run - INFO - Recent Stats | t_env:    4750000 | Episode:    23750
blue_team_alives_mean:   144.0000	blue_team_win_mean:        0.1560	ep_length_mean:          200.0000	episode_length_mean:     199.0000
epsilon:                   0.0500	grad_norm:               95174952.0000	info_nce_loss:             0.4032	loss:                    383556.5656
q_loss:                  348687.7906	q_taken_mean:            173.6785	red_team_alives_mean:    143.7800	red_team_win_mean:         0.0000
return_mean:              -1.3979	return_std:                0.0179	target_mean:             173.8612	td_error_abs:            411.4057
test_blue_team_alives_mean:144.0000	test_blue_team_win_mean:   0.2000	test_ep_length_mean:     200.0000	test_episode_length_mean:199.0000
test_red_team_alives_mean:143.8000	test_red_team_win_mean:    0.0000	test_return_mean:         -1.0612	test_return_std:           0.0000

2026-08-11 06:53:58,629 - my_experiment - bat_60_ExpoComm_static_44 - my_run - INFO - t_env: 4750200 / 5050000
2026-08-11 06:53:58,631 - my_experiment - bat_60_ExpoComm_static_44 - my_run - INFO - Estimated time left: 2 hours, 11 minutes, 18 seconds. Time passed: 1 days, 11 hours, 55 minutes, 27 seconds
2026-08-11 07:15:48,441 - my_experiment - bat_60_ExpoComm_static_44 - my_run - INFO - Recent Stats | t_env:    4800000 | Episode:    24000
blue_team_alives_mean:   144.0000	blue_team_win_mean:        0.2320	ep_length_mean:          200.0000	episode_length_mean:     199.0000
epsilon:                   0.0500	grad_norm:               54673469.2000	info_nce_loss:             0.4183	loss:                    260812.6156
q_loss:                  237102.3750	q_taken_mean:            167.7151	red_team_alives_mean:    143.6520	red_team_win_mean:         0.0000
return_mean:              -1.4530	return_std:                0.0428	target_mean:             166.8258	td_error_abs:            316.5857
test_blue_team_alives_mean:144.0000	test_blue_team_win_mean:   0.2000	test_ep_length_mean:     200.0000	test_episode_length_mean:199.0000
test_red_team_alives_mean:143.8000	test_red_team_win_mean:    0.0000	test_return_mean:         -1.0673	test_return_std:           0.0000

2026-08-11 07:15:53,701 - my_experiment - bat_60_ExpoComm_static_44 - my_run - INFO - t_env: 4800200 / 5050000
2026-08-11 07:15:53,702 - my_experiment - bat_60_ExpoComm_static_44 - my_run - INFO - Estimated time left: 1 hours, 49 minutes, 30 seconds. Time passed: 1 days, 12 hours, 17 minutes, 23 seconds
2026-08-11 07:37:42,766 - my_experiment - bat_60_ExpoComm_static_44 - my_run - INFO - Recent Stats | t_env:    4850000 | Episode:    24250
blue_team_alives_mean:   144.0000	blue_team_win_mean:        0.3600	ep_length_mean:          200.0000	episode_length_mean:     199.0000
epsilon:                   0.0500	grad_norm:               101882139.2000	info_nce_loss:             0.3939	loss:                    410202.6531
q_loss:                  372911.5000	q_taken_mean:            166.5345	red_team_alives_mean:    143.4200	red_team_win_mean:         0.0000
return_mean:              -1.4546	return_std:                0.0330	target_mean:             166.0690	td_error_abs:            409.5708
test_blue_team_alives_mean:144.0000	test_blue_team_win_mean:   0.2000	test_ep_length_mean:     200.0000	test_episode_length_mean:199.0000
test_red_team_alives_mean:143.8000	test_red_team_win_mean:    0.0000	test_return_mean:         -1.0647	test_return_std:           0.0000

2026-08-11 07:37:48,041 - my_experiment - bat_60_ExpoComm_static_44 - my_run - INFO - t_env: 4850200 / 5050000
2026-08-11 07:37:48,042 - my_experiment - bat_60_ExpoComm_static_44 - my_run - INFO - Estimated time left: 1 hours, 27 minutes, 32 seconds. Time passed: 1 days, 12 hours, 39 minutes, 17 seconds
2026-08-11 07:59:41,171 - my_experiment - bat_60_ExpoComm_static_44 - my_run - INFO - Recent Stats | t_env:    4900000 | Episode:    24500
blue_team_alives_mean:   144.0000	blue_team_win_mean:        0.8440	ep_length_mean:          200.0000	episode_length_mean:     199.0000
epsilon:                   0.0500	grad_norm:               57854605.2000	info_nce_loss:             0.3384	loss:                    246660.2750
q_loss:                  224236.6156	q_taken_mean:            162.5409	red_team_alives_mean:    141.2880	red_team_win_mean:         0.0000
return_mean:              -1.4215	return_std:                0.0232	target_mean:             163.0640	td_error_abs:            319.8417
test_blue_team_alives_mean:144.0000	test_blue_team_win_mean:   0.2000	test_ep_length_mean:     200.0000	test_episode_length_mean:199.0000
test_red_team_alives_mean:143.8000	test_red_team_win_mean:    0.0000	test_return_mean:         -1.0348	test_return_std:           0.0000

2026-08-11 07:59:46,468 - my_experiment - bat_60_ExpoComm_static_44 - my_run - INFO - t_env: 4900200 / 5050000
2026-08-11 07:59:46,469 - my_experiment - bat_60_ExpoComm_static_44 - my_run - INFO - Estimated time left: 1 hours, 5 minutes, 50 seconds. Time passed: 1 days, 13 hours, 1 minutes, 15 seconds
2026-08-11 08:21:32,089 - my_experiment - bat_60_ExpoComm_static_44 - my_run - INFO - Recent Stats | t_env:    4950000 | Episode:    24750
blue_team_alives_mean:   144.0000	blue_team_win_mean:        0.5880	ep_length_mean:          200.0000	episode_length_mean:     199.0000
epsilon:                   0.0500	grad_norm:               68853882.4000	info_nce_loss:             0.2343	loss:                    301753.5469
q_loss:                  274321.4078	q_taken_mean:            164.0267	red_team_alives_mean:    142.1920	red_team_win_mean:         0.0000
return_mean:              -1.4119	return_std:                0.0304	target_mean:             163.0573	td_error_abs:            356.1704
test_blue_team_alives_mean:144.0000	test_blue_team_win_mean:   0.0000	test_ep_length_mean:     200.0000	test_episode_length_mean:199.0000
test_red_team_alives_mean:144.0000	test_red_team_win_mean:    0.0000	test_return_mean:         -1.0337	test_return_std:           0.0000

2026-08-11 08:21:37,373 - my_experiment - bat_60_ExpoComm_static_44 - my_run - INFO - t_env: 4950200 / 5050000
2026-08-11 08:21:37,374 - my_experiment - bat_60_ExpoComm_static_44 - my_run - INFO - Estimated time left: 43 minutes, 36 seconds. Time passed: 1 days, 13 hours, 23 minutes, 6 seconds
2026-08-11 08:43:21,013 - my_experiment - bat_60_ExpoComm_static_44 - my_run - INFO - Recent Stats | t_env:    5000000 | Episode:    25000
blue_team_alives_mean:   143.9960	blue_team_win_mean:        0.8680	ep_length_mean:          200.0000	episode_length_mean:     199.0000
epsilon:                   0.0500	grad_norm:               59289073.6000	info_nce_loss:             0.2370	loss:                    274963.9156
q_loss:                  249967.1984	q_taken_mean:            159.4132	red_team_alives_mean:    138.8360	red_team_win_mean:         0.0000
return_mean:              -1.4031	return_std:                0.0271	target_mean:             159.4072	td_error_abs:            337.4735
test_blue_team_alives_mean:144.0000	test_blue_team_win_mean:   0.2000	test_ep_length_mean:     200.0000	test_episode_length_mean:199.0000
test_red_team_alives_mean:142.2000	test_red_team_win_mean:    0.0000	test_return_mean:         -1.0303	test_return_std:           0.0000

2026-08-11 08:43:26,221 - my_experiment - bat_60_ExpoComm_static_44 - my_run - INFO - t_env: 5000200 / 5050000
2026-08-11 08:43:26,222 - my_experiment - bat_60_ExpoComm_static_44 - my_run - INFO - Estimated time left: 21 minutes, 43 seconds. Time passed: 1 days, 13 hours, 44 minutes, 55 seconds
2026-08-11 08:43:30,518 - my_experiment - bat_60_ExpoComm_static_44 - my_run - INFO - Saving models to work_dirs/my_experiment/bat_60_ExpoComm_static_44/my_run/20260809_185810/models/5000200
2026-08-11 09:05:09,825 - my_experiment - bat_60_ExpoComm_static_44 - my_run - INFO - Recent Stats | t_env:    5050000 | Episode:    25250
blue_team_alives_mean:   144.0000	blue_team_win_mean:        0.4680	ep_length_mean:          200.0000	episode_length_mean:     199.0000
epsilon:                   0.0500	grad_norm:               59953890.8000	info_nce_loss:             0.2060	loss:                    270563.0250
q_loss:                  245966.3859	q_taken_mean:            159.0165	red_team_alives_mean:    142.3200	red_team_win_mean:         0.0000
return_mean:              -1.3976	return_std:                0.0217	target_mean:             158.0868	td_error_abs:            339.7083
test_blue_team_alives_mean:144.0000	test_blue_team_win_mean:   0.2000	test_ep_length_mean:     200.0000	test_episode_length_mean:199.0000
test_red_team_alives_mean:142.2000	test_red_team_win_mean:    0.0000	test_return_mean:         -1.0279	test_return_std:           0.0000

2026-08-11 09:05:14,999 - my_experiment - bat_60_ExpoComm_static_44 - my_run - INFO - t_env: 5050200 / 5050000
2026-08-11 09:05:15,000 - my_experiment - bat_60_ExpoComm_static_44 - my_run - INFO - Estimated time left: -. Time passed: 1 days, 14 hours, 6 minutes, 44 seconds
2026-08-11 09:05:19,247 - my_experiment - bat_60_ExpoComm_static_44 - my_run - INFO - Finished Training
