Gym has been unmaintained since 2022 and does not support NumPy 2.0 amongst other critical functionality.
Please upgrade to Gymnasium, the maintained drop-in replacement of Gym, or contact the authors of your software and request that they upgrade.
Users of this version of Gym should be able to simply replace 'import gym' with 'import gymnasium as gym' in the vast majority of cases.
See the migration guide at https://gymnasium.farama.org/introduction/migration_guide/ for additional information.
src/main.py:81: DeprecationWarning: Using or importing the ABCs from 'collections' instead of from 'collections.abc' is deprecated since Python 3.3, and in 3.10 it will stop working
  if isinstance(v, collections.Mapping):
wandb: [wandb.login()] Loaded credentials for https://api.wandb.ai from /home/pparsons/.netrc.
wandb: Currently logged in as: peterparsons02 (peterparsons02-eth-z-rich) to https://api.wandb.ai. Use `wandb login --relogin` to force relogin
wandb: setting up run bwdwarp3
wandb: Tracking run with wandb version 0.24.1
wandb: Run data is saved locally in /usr/itetnas04/data-scratch-01/pparsons/data/MyExpoComm/wandb/run-20260723_170215-bwdwarp3
wandb: Run `wandb offline` to turn off syncing.
wandb: Syncing run my_run-bat_mm_IQL_RNN_42-20260723_170215
wandb: ⭐️ View project at https://wandb.ai/peterparsons02-eth-z-rich/my_experiment
wandb: 🚀 View run at https://wandb.ai/peterparsons02-eth-z-rich/my_experiment/runs/bwdwarp3
2026-07-23 17:02:20,709 - my_experiment - bat_mm_IQL_RNN_42 - my_run - INFO - Current directory: /usr/itetnas04/data-scratch-01/pparsons/data/MyExpoComm.
2026-07-23 17:02:20,710 - my_experiment - bat_mm_IQL_RNN_42 - my_run - INFO - Experiment Parameters:
2026-07-23 17:02:20,711 - my_experiment - bat_mm_IQL_RNN_42 - my_run - INFO - 

{   'action_selector': 'epsilon_greedy',
    'add_value_last_step': True,
    'agent': 'rnn',
    'agent_output_type': 'q',
    'batch_size': 32,
    'batch_size_run': 1,
    'buffer_cpu_only': True,
    'buffer_size': 2000,
    'checkpoint_path': '',
    'double_q': True,
    'env': 'MAgent_Battle',
    'env_args': {   'global_reward': True,
                    'map_name': 'battle_view7',
                    'map_size': 25,
                    'max_cycles': 200,
                    'minimap_mode': True,
                    'pretrained_ckpt': None,
                    'seed': 42},
    'epsilon_anneal_time': 1000000,
    'epsilon_finish': 0.05,
    'epsilon_start': 1.0,
    'evaluate': False,
    'evaluation_epsilon': 0.0,
    'exp_name': 'my_experiment',
    'gamma': 0.99,
    'global_reward': True,
    'grad_norm_clip': 10,
    'hidden_dim': 64,
    'hypergroup': None,
    'label': 'default_label',
    'learner': 'q_learner',
    'learner_log_interval': 10000,
    'load_step': 0,
    'local_results_path': 'results',
    'log_interval': 50000,
    'lr': 0.0005,
    'mac': 'basic_mac',
    'mixer': None,
    'name': 'bat_mm_IQL_RNN_42',
    'obs_agent_id': True,
    'obs_individual_obs': False,
    'obs_last_action': True,
    'optim_alpha': 0.99,
    'optim_eps': 1e-05,
    'render': False,
    'repeat_id': 1,
    'run_name': 'my_run',
    'runner': 'episode',
    'runner_log_interval': 10000,
    'save_model': True,
    'save_model_interval': 500000,
    'save_replay': False,
    'seed': 42,
    'standardise_returns': False,
    'standardise_rewards': True,
    't_max': 5050000,
    'target_update_interval_or_tau': 200,
    'test_greedy': True,
    'test_interval': 50000,
    'test_nepisode': 1,
    'use_cuda': True,
    'use_rnn': True,
    'use_tensorboard': True,
    'work_dir': 'work_dirs/my_experiment/bat_mm_IQL_RNN_42/my_run/20260723_170215'}

/usr/itetnas04/data-scratch-01/pparsons/data/conda_envs/ExpoComm/lib/python3.8/site-packages/pettingzoo/utils/conversions.py:41: UserWarning: The `from_parallel` function is deprecated. Use the `parallel_to_aec` function instead.
  warnings.warn("The `from_parallel` function is deprecated. Use the `parallel_to_aec` function instead.")
/usr/itetnas04/data-scratch-01/pparsons/data/conda_envs/ExpoComm/lib/python3.8/site-packages/pettingzoo/utils/wrappers/base.py:44: UserWarning: The `observation_spaces` dictionary is deprecated. Use the `observation_space` function instead.
  warnings.warn("The `observation_spaces` dictionary is deprecated. Use the `observation_space` function instead.")
/usr/itetnas04/data-scratch-01/pparsons/data/conda_envs/ExpoComm/lib/python3.8/site-packages/pettingzoo/utils/conversions.py:36: UserWarning: The `to_parallel` function is deprecated. Use the `aec_to_parallel` function instead.
  warnings.warn("The `to_parallel` function is deprecated. Use the `aec_to_parallel` function instead.")
/usr/itetnas04/data-scratch-01/pparsons/data/conda_envs/ExpoComm/lib/python3.8/site-packages/pettingzoo/utils/conversions.py:80: UserWarning: The `action_spaces` dictionary is deprecated. Use the `action_space` function instead.
  warnings.warn("The `action_spaces` dictionary is deprecated. Use the `action_space` function instead.")
/usr/itetnas04/data-scratch-01/pparsons/data/conda_envs/ExpoComm/lib/python3.8/site-packages/pettingzoo/utils/wrappers/base.py:52: UserWarning: The `action_spaces` dictionary is deprecated. Use the `action_space` function instead.
  warnings.warn("The `action_spaces` dictionary is deprecated. Use the `action_space` function instead.")
/usr/itetnas04/data-scratch-01/pparsons/data/conda_envs/ExpoComm/lib/python3.8/site-packages/pettingzoo/utils/conversions.py:72: UserWarning: The `observation_spaces` dictionary is deprecated. Use the `observation_space` function instead.
  warnings.warn("The `observation_spaces` dictionary is deprecated. Use the `observation_space` function instead.")
2026-07-23 17:02:51,558 - my_experiment - bat_mm_IQL_RNN_42 - my_run - INFO - Beginning training for 5050000 timesteps
/usr/itetnas04/data-scratch-01/pparsons/data/MyExpoComm/src/envs/battle_wrappers.py:258: UserWarning: To copy construct from a tensor, it is recommended to use sourceTensor.clone().detach() or sourceTensor.clone().detach().requires_grad_(True), rather than torch.tensor(sourceTensor).
  actions = torch.tensor(actions, dtype=torch.long)
2026-07-23 17:03:01,255 - my_experiment - bat_mm_IQL_RNN_42 - my_run - INFO - t_env: 200 / 5050000
2026-07-23 17:03:01,255 - my_experiment - bat_mm_IQL_RNN_42 - my_run - INFO - Estimated time left: 16 minutes, 15 seconds. Time passed: 9 seconds
2026-07-23 17:03:01,950 - my_experiment - bat_mm_IQL_RNN_42 - my_run - INFO - Saving models to work_dirs/my_experiment/bat_mm_IQL_RNN_42/my_run/20260723_170215/models/200
2026-07-23 17:07:11,370 - my_experiment - bat_mm_IQL_RNN_42 - my_run - INFO - Recent Stats | t_env:      50000 | Episode:      250
blue_team_alives_mean:    19.9880	blue_team_win_mean:        0.0000	ep_length_mean:          200.0000	episode_length_mean:     199.0000
epsilon:                   0.9620	grad_norm:                 0.1110	loss:                      0.9996	q_taken_mean:              0.0014
red_team_alives_mean:     20.0000	red_team_win_mean:         0.0120	return_mean:              -8.4333	return_std:                0.1580
target_mean:               0.0062	td_error_abs:              0.7855	test_blue_team_alives_mean: 20.0000	test_blue_team_win_mean:   0.0000
test_ep_length_mean:     200.0000	test_episode_length_mean:199.0000	test_red_team_alives_mean: 20.0000	test_red_team_win_mean:    0.0000
test_return_mean:        -20.9000	test_return_std:           0.0000	
2026-07-23 17:07:12,477 - my_experiment - bat_mm_IQL_RNN_42 - my_run - INFO - t_env: 50200 / 5050000
2026-07-23 17:07:12,477 - my_experiment - bat_mm_IQL_RNN_42 - my_run - INFO - Estimated time left: 6 hours, 58 minutes, 41 seconds. Time passed: 4 minutes, 20 seconds
2026-07-23 17:11:31,112 - my_experiment - bat_mm_IQL_RNN_42 - my_run - INFO - Recent Stats | t_env:     100000 | Episode:      500
blue_team_alives_mean:    19.9400	blue_team_win_mean:        0.0000	ep_length_mean:          200.0000	episode_length_mean:     199.0000
epsilon:                   0.9145	grad_norm:                 0.1352	loss:                      1.0202	q_taken_mean:              0.0203
red_team_alives_mean:     20.0000	red_team_win_mean:         0.0480	return_mean:              -7.9645	return_std:                0.2208
target_mean:               0.0235	td_error_abs:              0.7810	test_blue_team_alives_mean: 19.0000	test_blue_team_win_mean:   0.0000
test_ep_length_mean:     200.0000	test_episode_length_mean:199.0000	test_red_team_alives_mean: 20.0000	test_red_team_win_mean:    0.5000
test_return_mean:        -11.0550	test_return_std:           0.0000	
2026-07-23 17:11:32,131 - my_experiment - bat_mm_IQL_RNN_42 - my_run - INFO - t_env: 100200 / 5050000
2026-07-23 17:11:32,131 - my_experiment - bat_mm_IQL_RNN_42 - my_run - INFO - Estimated time left: 7 hours, 8 minutes, 24 seconds. Time passed: 8 minutes, 40 seconds
2026-07-23 17:15:46,335 - my_experiment - bat_mm_IQL_RNN_42 - my_run - INFO - Recent Stats | t_env:     150000 | Episode:      750
blue_team_alives_mean:    17.2200	blue_team_win_mean:        0.0000	ep_length_mean:          200.0000	episode_length_mean:     199.0000
epsilon:                   0.8670	grad_norm:                 0.3565	loss:                      2.4370	q_taken_mean:              0.0439
red_team_alives_mean:     20.0000	red_team_win_mean:         0.7240	return_mean:              -6.5643	return_std:                0.6980
target_mean:               0.0511	td_error_abs:              0.8174	test_blue_team_alives_mean: 15.6667	test_blue_team_win_mean:   0.0000
test_ep_length_mean:     200.0000	test_episode_length_mean:199.0000	test_red_team_alives_mean: 20.0000	test_red_team_win_mean:    0.6667
test_return_mean:         -7.7983	test_return_std:           0.0000	
2026-07-23 17:15:47,428 - my_experiment - bat_mm_IQL_RNN_42 - my_run - INFO - t_env: 150200 / 5050000
2026-07-23 17:15:47,428 - my_experiment - bat_mm_IQL_RNN_42 - my_run - INFO - Estimated time left: 6 hours, 56 minutes, 58 seconds. Time passed: 12 minutes, 55 seconds
2026-07-23 17:20:01,856 - my_experiment - bat_mm_IQL_RNN_42 - my_run - INFO - Recent Stats | t_env:     200000 | Episode:     1000
blue_team_alives_mean:    12.4080	blue_team_win_mean:        0.0000	ep_length_mean:          200.0000	episode_length_mean:     199.0000
epsilon:                   0.8195	grad_norm:                 0.7024	loss:                      2.8882	q_taken_mean:              0.0812
red_team_alives_mean:     20.0000	red_team_win_mean:         0.9760	return_mean:              -4.8652	return_std:                0.8003
target_mean:               0.0872	td_error_abs:              0.7491	test_blue_team_alives_mean: 13.2500	test_blue_team_win_mean:   0.0000
test_ep_length_mean:     200.0000	test_episode_length_mean:199.0000	test_red_team_alives_mean: 20.0000	test_red_team_win_mean:    0.7500
test_return_mean:         -6.4663	test_return_std:           0.0000	
2026-07-23 17:20:02,978 - my_experiment - bat_mm_IQL_RNN_42 - my_run - INFO - t_env: 200200 / 5050000
2026-07-23 17:20:02,979 - my_experiment - bat_mm_IQL_RNN_42 - my_run - INFO - Estimated time left: 6 hours, 53 minutes, 7 seconds. Time passed: 17 minutes, 11 seconds
2026-07-23 17:24:21,292 - my_experiment - bat_mm_IQL_RNN_42 - my_run - INFO - Recent Stats | t_env:     250000 | Episode:     1250
blue_team_alives_mean:     4.6240	blue_team_win_mean:        0.0000	ep_length_mean:          200.0000	episode_length_mean:     199.0000
epsilon:                   0.7720	grad_norm:                 2.9571	loss:                      3.6702	q_taken_mean:              0.1373
red_team_alives_mean:     20.0000	red_team_win_mean:         1.0000	return_mean:              -2.7913	return_std:                0.4866
target_mean:               0.1491	td_error_abs:              0.8237	test_blue_team_alives_mean: 12.0000	test_blue_team_win_mean:   0.0000
test_ep_length_mean:     200.0000	test_episode_length_mean:199.0000	test_red_team_alives_mean: 20.0000	test_red_team_win_mean:    0.8000
test_return_mean:         -7.3060	test_return_std:           0.0000	
2026-07-23 17:24:22,386 - my_experiment - bat_mm_IQL_RNN_42 - my_run - INFO - t_env: 250200 / 5050000
2026-07-23 17:24:22,386 - my_experiment - bat_mm_IQL_RNN_42 - my_run - INFO - Estimated time left: 6 hours, 55 minutes, 2 seconds. Time passed: 21 minutes, 30 seconds
2026-07-23 17:28:20,777 - my_experiment - bat_mm_IQL_RNN_42 - my_run - INFO - Recent Stats | t_env:     300195 | Episode:     1501
blue_team_alives_mean:     2.6976	blue_team_win_mean:        0.0000	ep_length_mean:          199.9804	episode_length_mean:     198.9804
epsilon:                   0.7243	grad_norm:                 2.4121	loss:                      3.3896	q_taken_mean:              0.2039
red_team_alives_mean:     20.0000	red_team_win_mean:         1.0000	return_mean:              -1.9566	return_std:                0.3852
target_mean:               0.2082	td_error_abs:              0.8112	test_blue_team_alives_mean:  9.8000	test_blue_team_win_mean:   0.0000
test_ep_length_mean:     200.0000	test_episode_length_mean:199.0000	test_red_team_alives_mean: 20.0000	test_red_team_win_mean:    1.0000
test_return_mean:         -5.2240	test_return_std:           0.0000	
2026-07-23 17:28:21,859 - my_experiment - bat_mm_IQL_RNN_42 - my_run - INFO - t_env: 300395 / 5050000
2026-07-23 17:28:21,860 - my_experiment - bat_mm_IQL_RNN_42 - my_run - INFO - Estimated time left: 6 hours, 17 minutes, 39 seconds. Time passed: 25 minutes, 30 seconds
2026-07-23 17:32:22,922 - my_experiment - bat_mm_IQL_RNN_42 - my_run - INFO - Recent Stats | t_env:     350337 | Episode:     1753
blue_team_alives_mean:     2.2216	blue_team_win_mean:        0.0000	ep_length_mean:          198.9882	episode_length_mean:     197.9882
epsilon:                   0.6763	grad_norm:                 3.5997	loss:                      2.8267	q_taken_mean:              0.2654
red_team_alives_mean:     20.0000	red_team_win_mean:         1.0000	return_mean:              -1.3782	return_std:                0.3882
target_mean:               0.2612	td_error_abs:              0.8410	test_blue_team_alives_mean:  7.0000	test_blue_team_win_mean:   0.0000
test_ep_length_mean:     200.0000	test_episode_length_mean:199.0000	test_red_team_alives_mean: 20.0000	test_red_team_win_mean:    1.0000
test_return_mean:         -6.1510	test_return_std:           0.0000	
2026-07-23 17:32:23,995 - my_experiment - bat_mm_IQL_RNN_42 - my_run - INFO - t_env: 350537 / 5050000
2026-07-23 17:32:23,995 - my_experiment - bat_mm_IQL_RNN_42 - my_run - INFO - Estimated time left: 6 hours, 18 minutes, 13 seconds. Time passed: 29 minutes, 32 seconds
2026-07-23 17:36:33,662 - my_experiment - bat_mm_IQL_RNN_42 - my_run - INFO - Recent Stats | t_env:     400432 | Episode:     2006
blue_team_alives_mean:     1.8392	blue_team_win_mean:        0.0000	ep_length_mean:          198.1882	episode_length_mean:     197.1882
epsilon:                   0.6283	grad_norm:                 3.1587	loss:                      2.6467	q_taken_mean:              0.3047
red_team_alives_mean:     20.0000	red_team_win_mean:         1.0000	return_mean:              -0.8742	return_std:                0.4452
target_mean:               0.3109	td_error_abs:              0.7879	test_blue_team_alives_mean:  5.8000	test_blue_team_win_mean:   0.0000
test_ep_length_mean:     200.0000	test_episode_length_mean:199.0000	test_red_team_alives_mean: 20.0000	test_red_team_win_mean:    1.0000
test_return_mean:         -6.1070	test_return_std:           0.0000	
2026-07-23 17:36:34,637 - my_experiment - bat_mm_IQL_RNN_42 - my_run - INFO - t_env: 400632 / 5050000
2026-07-23 17:36:34,638 - my_experiment - bat_mm_IQL_RNN_42 - my_run - INFO - Estimated time left: 6 hours, 27 minutes, 42 seconds. Time passed: 33 minutes, 43 seconds
2026-07-23 17:40:35,734 - my_experiment - bat_mm_IQL_RNN_42 - my_run - INFO - Recent Stats | t_env:     450437 | Episode:     2259
blue_team_alives_mean:     1.6832	blue_team_win_mean:        0.0000	ep_length_mean:          197.5161	episode_length_mean:     196.5161
epsilon:                   0.5803	grad_norm:                 2.8448	loss:                      2.5139	q_taken_mean:              0.3889
red_team_alives_mean:     20.0000	red_team_win_mean:         1.0000	return_mean:              -0.4811	return_std:                0.4607
target_mean:               0.3886	td_error_abs:              0.8102	test_blue_team_alives_mean:  5.2000	test_blue_team_win_mean:   0.0000
test_ep_length_mean:     200.0000	test_episode_length_mean:199.0000	test_red_team_alives_mean: 20.0000	test_red_team_win_mean:    1.0000
test_return_mean:         -5.2530	test_return_std:           0.0000	
2026-07-23 17:40:36,711 - my_experiment - bat_mm_IQL_RNN_42 - my_run - INFO - t_env: 450637 / 5050000
2026-07-23 17:40:36,712 - my_experiment - bat_mm_IQL_RNN_42 - my_run - INFO - Estimated time left: 6 hours, 11 minutes, 5 seconds. Time passed: 37 minutes, 45 seconds
2026-07-23 17:44:37,442 - my_experiment - bat_mm_IQL_RNN_42 - my_run - INFO - Saving models to work_dirs/my_experiment/bat_mm_IQL_RNN_42/my_run/20260723_170215/models/500223
2026-07-23 17:44:39,323 - my_experiment - bat_mm_IQL_RNN_42 - my_run - INFO - Recent Stats | t_env:     500623 | Episode:     2511
blue_team_alives_mean:     1.7775	blue_team_win_mean:        0.0000	ep_length_mean:          199.3804	episode_length_mean:     198.3804
epsilon:                   0.5325	grad_norm:                 4.6504	loss:                      2.5171	q_taken_mean:              0.4723
red_team_alives_mean:     20.0000	red_team_win_mean:         1.0000	return_mean:              -0.3191	return_std:                0.3090
target_mean:               0.4770	td_error_abs:              0.8372	test_blue_team_alives_mean:  5.2000	test_blue_team_win_mean:   0.0000
test_ep_length_mean:     200.0000	test_episode_length_mean:199.0000	test_red_team_alives_mean: 20.0000	test_red_team_win_mean:    1.0000
test_return_mean:         -2.7190	test_return_std:           0.0000	
2026-07-23 17:44:40,264 - my_experiment - bat_mm_IQL_RNN_42 - my_run - INFO - t_env: 500823 / 5050000
2026-07-23 17:44:40,265 - my_experiment - bat_mm_IQL_RNN_42 - my_run - INFO - Estimated time left: 6 hours, 7 minutes, 57 seconds. Time passed: 41 minutes, 48 seconds
2026-07-23 17:48:50,589 - my_experiment - bat_mm_IQL_RNN_42 - my_run - INFO - Recent Stats | t_env:     550778 | Episode:     2762
blue_team_alives_mean:     2.0718	blue_team_win_mean:        0.0000	ep_length_mean:          199.7804	episode_length_mean:     198.7804
epsilon:                   0.4849	grad_norm:                 3.6216	loss:                      2.3511	q_taken_mean:              0.5359
red_team_alives_mean:     20.0000	red_team_win_mean:         1.0000	return_mean:              -0.1275	return_std:                0.2913
target_mean:               0.5392	td_error_abs:              0.8243	test_blue_team_alives_mean:  4.2000	test_blue_team_win_mean:   0.0000
test_ep_length_mean:     200.0000	test_episode_length_mean:199.0000	test_red_team_alives_mean: 20.0000	test_red_team_win_mean:    1.0000
test_return_mean:         -0.0550	test_return_std:           0.0000	
2026-07-23 17:48:51,544 - my_experiment - bat_mm_IQL_RNN_42 - my_run - INFO - t_env: 550978 / 5050000
2026-07-23 17:48:51,545 - my_experiment - bat_mm_IQL_RNN_42 - my_run - INFO - Estimated time left: 6 hours, 15 minutes, 40 seconds. Time passed: 45 minutes, 59 seconds
2026-07-23 17:52:48,987 - my_experiment - bat_mm_IQL_RNN_42 - my_run - INFO - Recent Stats | t_env:     600879 | Episode:     3013
blue_team_alives_mean:     2.0273	blue_team_win_mean:        0.0000	ep_length_mean:          199.4353	episode_length_mean:     198.4353
epsilon:                   0.4371	grad_norm:                 2.7493	loss:                      2.1989	q_taken_mean:              0.5925
red_team_alives_mean:     20.0000	red_team_win_mean:         1.0000	return_mean:               0.1930	return_std:                0.3244
target_mean:               0.5940	td_error_abs:              0.8263	test_blue_team_alives_mean:  4.8000	test_blue_team_win_mean:   0.0000
test_ep_length_mean:     200.0000	test_episode_length_mean:199.0000	test_red_team_alives_mean: 20.0000	test_red_team_win_mean:    1.0000
test_return_mean:          1.4810	test_return_std:           0.0000	
2026-07-23 17:52:49,923 - my_experiment - bat_mm_IQL_RNN_42 - my_run - INFO - t_env: 601079 / 5050000
2026-07-23 17:52:49,923 - my_experiment - bat_mm_IQL_RNN_42 - my_run - INFO - Estimated time left: 5 hours, 52 minutes, 47 seconds. Time passed: 49 minutes, 58 seconds
2026-07-23 17:56:48,729 - my_experiment - bat_mm_IQL_RNN_42 - my_run - INFO - Recent Stats | t_env:     650957 | Episode:     3265
blue_team_alives_mean:     2.1827	blue_team_win_mean:        0.0000	ep_length_mean:          199.0275	episode_length_mean:     198.0275
epsilon:                   0.3895	grad_norm:                 2.5843	loss:                      2.0097	q_taken_mean:              0.6336
red_team_alives_mean:     20.0000	red_team_win_mean:         1.0000	return_mean:               0.4772	return_std:                0.3779
target_mean:               0.6352	td_error_abs:              0.8067	test_blue_team_alives_mean:  5.0000	test_blue_team_win_mean:   0.0000
test_ep_length_mean:     200.0000	test_episode_length_mean:199.0000	test_red_team_alives_mean: 20.0000	test_red_team_win_mean:    1.0000
test_return_mean:          1.9790	test_return_std:           0.0000	
2026-07-23 17:56:49,685 - my_experiment - bat_mm_IQL_RNN_42 - my_run - INFO - t_env: 651157 / 5050000
2026-07-23 17:56:49,686 - my_experiment - bat_mm_IQL_RNN_42 - my_run - INFO - Estimated time left: 5 hours, 51 minutes, 0 seconds. Time passed: 53 minutes, 58 seconds
2026-07-23 18:00:51,786 - my_experiment - bat_mm_IQL_RNN_42 - my_run - INFO - Recent Stats | t_env:     701145 | Episode:     3519
blue_team_alives_mean:     2.5401	blue_team_win_mean:        0.0000	ep_length_mean:          197.4626	episode_length_mean:     196.4626
epsilon:                   0.3417	grad_norm:                 1.7953	loss:                      1.8777	q_taken_mean:              0.6822
red_team_alives_mean:     20.0000	red_team_win_mean:         1.0000	return_mean:               0.4743	return_std:                0.6126
target_mean:               0.6819	td_error_abs:              0.7852	test_blue_team_alives_mean:  4.8000	test_blue_team_win_mean:   0.0000
test_ep_length_mean:     200.0000	test_episode_length_mean:199.0000	test_red_team_alives_mean: 20.0000	test_red_team_win_mean:    1.0000
test_return_mean:          1.5850	test_return_std:           0.0000	
2026-07-23 18:00:52,740 - my_experiment - bat_mm_IQL_RNN_42 - my_run - INFO - t_env: 701345 / 5050000
2026-07-23 18:00:52,740 - my_experiment - bat_mm_IQL_RNN_42 - my_run - INFO - Estimated time left: 5 hours, 50 minutes, 59 seconds. Time passed: 58 minutes, 1 seconds
2026-07-23 18:04:53,686 - my_experiment - bat_mm_IQL_RNN_42 - my_run - INFO - Recent Stats | t_env:     751294 | Episode:     3772
blue_team_alives_mean:     2.7121	blue_team_win_mean:        0.0000	ep_length_mean:          198.6013	episode_length_mean:     197.6013
epsilon:                   0.2938	grad_norm:                 5.0172	loss:                      1.8000	q_taken_mean:              0.7235
red_team_alives_mean:     20.0000	red_team_win_mean:         1.0000	return_mean:               0.7864	return_std:                0.4743
target_mean:               0.7219	td_error_abs:              0.7755	test_blue_team_alives_mean:  5.0000	test_blue_team_win_mean:   0.0000
test_ep_length_mean:     200.0000	test_episode_length_mean:199.0000	test_red_team_alives_mean: 20.0000	test_red_team_win_mean:    1.0000
test_return_mean:          1.4310	test_return_std:           0.0000	
2026-07-23 18:04:54,752 - my_experiment - bat_mm_IQL_RNN_42 - my_run - INFO - t_env: 751494 / 5050000
2026-07-23 18:04:54,752 - my_experiment - bat_mm_IQL_RNN_42 - my_run - INFO - Estimated time left: 5 hours, 45 minutes, 43 seconds. Time passed: 1 hours, 2 minutes, 3 seconds
2026-07-23 18:08:57,247 - my_experiment - bat_mm_IQL_RNN_42 - my_run - INFO - Recent Stats | t_env:     801328 | Episode:     4024
blue_team_alives_mean:     3.1162	blue_team_win_mean:        0.0000	ep_length_mean:          198.4667	episode_length_mean:     197.4667
epsilon:                   0.2459	grad_norm:                 1.7489	loss:                      1.7925	q_taken_mean:              0.7833
red_team_alives_mean:     20.0000	red_team_win_mean:         1.0000	return_mean:               1.0269	return_std:                0.5707
target_mean:               0.7834	td_error_abs:              0.7601	test_blue_team_alives_mean:  6.2000	test_blue_team_win_mean:   0.0000
test_ep_length_mean:     200.0000	test_episode_length_mean:199.0000	test_red_team_alives_mean: 20.0000	test_red_team_win_mean:    1.0000
test_return_mean:          1.0370	test_return_std:           0.0000	
2026-07-23 18:08:58,190 - my_experiment - bat_mm_IQL_RNN_42 - my_run - INFO - t_env: 801528 / 5050000
2026-07-23 18:08:58,191 - my_experiment - bat_mm_IQL_RNN_42 - my_run - INFO - Estimated time left: 5 hours, 44 minutes, 30 seconds. Time passed: 1 hours, 6 minutes, 6 seconds
2026-07-23 18:12:56,767 - my_experiment - bat_mm_IQL_RNN_42 - my_run - INFO - Recent Stats | t_env:     851328 | Episode:     4274
blue_team_alives_mean:     3.6240	blue_team_win_mean:        0.0000	ep_length_mean:          199.6235	episode_length_mean:     198.6235
epsilon:                   0.1983	grad_norm:                 1.7837	loss:                      1.7251	q_taken_mean:              0.8235
red_team_alives_mean:     20.0000	red_team_win_mean:         1.0000	return_mean:               1.3180	return_std:                0.5390
target_mean:               0.8255	td_error_abs:              0.7425	test_blue_team_alives_mean:  5.4000	test_blue_team_win_mean:   0.0000
test_ep_length_mean:     200.0000	test_episode_length_mean:199.0000	test_red_team_alives_mean: 20.0000	test_red_team_win_mean:    1.0000
test_return_mean:          1.1590	test_return_std:           0.0000	
2026-07-23 18:12:57,707 - my_experiment - bat_mm_IQL_RNN_42 - my_run - INFO - t_env: 851528 / 5050000
2026-07-23 18:12:57,708 - my_experiment - bat_mm_IQL_RNN_42 - my_run - INFO - Estimated time left: 5 hours, 35 minutes, 12 seconds. Time passed: 1 hours, 10 minutes, 6 seconds
2026-07-23 18:16:59,962 - my_experiment - bat_mm_IQL_RNN_42 - my_run - INFO - Recent Stats | t_env:     901430 | Episode:     4525
blue_team_alives_mean:     3.6060	blue_team_win_mean:        0.0000	ep_length_mean:          199.6157	episode_length_mean:     198.6157
epsilon:                   0.1507	grad_norm:                 4.2588	loss:                      1.6744	q_taken_mean:              0.8643
red_team_alives_mean:     20.0000	red_team_win_mean:         1.0000	return_mean:               1.6067	return_std:                0.5843
target_mean:               0.8642	td_error_abs:              0.7372	test_blue_team_alives_mean:  5.0000	test_blue_team_win_mean:   0.0000
test_ep_length_mean:     200.0000	test_episode_length_mean:199.0000	test_red_team_alives_mean: 20.0000	test_red_team_win_mean:    1.0000
test_return_mean:          1.4380	test_return_std:           0.0000	
2026-07-23 18:17:00,891 - my_experiment - bat_mm_IQL_RNN_42 - my_run - INFO - t_env: 901630 / 5050000
2026-07-23 18:17:00,891 - my_experiment - bat_mm_IQL_RNN_42 - my_run - INFO - Estimated time left: 5 hours, 35 minutes, 35 seconds. Time passed: 1 hours, 14 minutes, 9 seconds
2026-07-23 18:21:02,039 - my_experiment - bat_mm_IQL_RNN_42 - my_run - INFO - Recent Stats | t_env:     951528 | Episode:     4776
blue_team_alives_mean:     3.4243	blue_team_win_mean:        0.0000	ep_length_mean:          199.6706	episode_length_mean:     198.6706
epsilon:                   0.1031	grad_norm:                 2.7526	loss:                      1.6732	q_taken_mean:              0.9066
red_team_alives_mean:     20.0000	red_team_win_mean:         1.0000	return_mean:               1.8073	return_std:                0.6008
target_mean:               0.9070	td_error_abs:              0.7257	test_blue_team_alives_mean:  6.6000	test_blue_team_win_mean:   0.0000
test_ep_length_mean:     200.0000	test_episode_length_mean:199.0000	test_red_team_alives_mean: 20.0000	test_red_team_win_mean:    1.0000
test_return_mean:          1.7390	test_return_std:           0.0000	
2026-07-23 18:21:02,972 - my_experiment - bat_mm_IQL_RNN_42 - my_run - INFO - t_env: 951728 / 5050000
2026-07-23 18:21:02,972 - my_experiment - bat_mm_IQL_RNN_42 - my_run - INFO - Estimated time left: 5 hours, 30 minutes, 3 seconds. Time passed: 1 hours, 18 minutes, 11 seconds
2026-07-23 18:24:51,959 - my_experiment - bat_mm_IQL_RNN_42 - my_run - INFO - Saving models to work_dirs/my_experiment/bat_mm_IQL_RNN_42/my_run/20260723_170215/models/1000265
2026-07-23 18:24:58,395 - my_experiment - bat_mm_IQL_RNN_42 - my_run - INFO - Recent Stats | t_env:    1001665 | Episode:     5027
blue_team_alives_mean:     3.4100	blue_team_win_mean:        0.0000	ep_length_mean:          199.8000	episode_length_mean:     198.8000
epsilon:                   0.0554	grad_norm:                 3.5498	loss:                      1.6368	q_taken_mean:              0.9519
red_team_alives_mean:     20.0000	red_team_win_mean:         1.0000	return_mean:               1.9517	return_std:                0.6845
target_mean:               0.9531	td_error_abs:              0.7106	test_blue_team_alives_mean:  6.8000	test_blue_team_win_mean:   0.0000
test_ep_length_mean:     200.0000	test_episode_length_mean:199.0000	test_red_team_alives_mean: 20.0000	test_red_team_win_mean:    1.0000
test_return_mean:          1.6860	test_return_std:           0.0000	
2026-07-23 18:24:59,325 - my_experiment - bat_mm_IQL_RNN_42 - my_run - INFO - t_env: 1001865 / 5050000
2026-07-23 18:24:59,326 - my_experiment - bat_mm_IQL_RNN_42 - my_run - INFO - Estimated time left: 5 hours, 18 minutes, 3 seconds. Time passed: 1 hours, 22 minutes, 7 seconds
2026-07-23 18:28:57,170 - my_experiment - bat_mm_IQL_RNN_42 - my_run - INFO - Recent Stats | t_env:    1051780 | Episode:     5278
blue_team_alives_mean:     3.5897	blue_team_win_mean:        0.0000	ep_length_mean:          199.8824	episode_length_mean:     198.8824
epsilon:                   0.0500	grad_norm:                21.3878	loss:                      1.6235	q_taken_mean:              0.9703
red_team_alives_mean:     20.0000	red_team_win_mean:         1.0000	return_mean:               2.0807	return_std:                0.7257
target_mean:               0.9767	td_error_abs:              0.7458	test_blue_team_alives_mean:  6.8000	test_blue_team_win_mean:   0.0000
test_ep_length_mean:     200.0000	test_episode_length_mean:199.0000	test_red_team_alives_mean: 20.0000	test_red_team_win_mean:    1.0000
test_return_mean:          1.1050	test_return_std:           0.0000	
2026-07-23 18:28:58,212 - my_experiment - bat_mm_IQL_RNN_42 - my_run - INFO - t_env: 1051980 / 5050000
2026-07-23 18:28:58,212 - my_experiment - bat_mm_IQL_RNN_42 - my_run - INFO - Estimated time left: 5 hours, 17 minutes, 37 seconds. Time passed: 1 hours, 26 minutes, 6 seconds
2026-07-23 18:32:58,789 - my_experiment - bat_mm_IQL_RNN_42 - my_run - INFO - Recent Stats | t_env:    1101780 | Episode:     5528
blue_team_alives_mean:     4.2176	blue_team_win_mean:        0.0000	ep_length_mean:          199.6667	episode_length_mean:     198.6667
epsilon:                   0.0500	grad_norm:                 3.2314	loss:                      1.4986	q_taken_mean:              0.9809
red_team_alives_mean:     20.0000	red_team_win_mean:         1.0000	return_mean:               1.8300	return_std:                0.6870
target_mean:               0.9825	td_error_abs:              0.6576	test_blue_team_alives_mean:  7.4000	test_blue_team_win_mean:   0.0000
test_ep_length_mean:     200.0000	test_episode_length_mean:199.0000	test_red_team_alives_mean: 20.0000	test_red_team_win_mean:    1.0000
test_return_mean:          1.0650	test_return_std:           0.0000	
2026-07-23 18:32:59,717 - my_experiment - bat_mm_IQL_RNN_42 - my_run - INFO - t_env: 1101980 / 5050000
2026-07-23 18:32:59,717 - my_experiment - bat_mm_IQL_RNN_42 - my_run - INFO - Estimated time left: 5 hours, 17 minutes, 49 seconds. Time passed: 1 hours, 30 minutes, 8 seconds
2026-07-23 18:37:11,430 - my_experiment - bat_mm_IQL_RNN_42 - my_run - INFO - Recent Stats | t_env:    1151780 | Episode:     5778
blue_team_alives_mean:     4.7360	blue_team_win_mean:        0.0000	ep_length_mean:          200.0000	episode_length_mean:     199.0000
epsilon:                   0.0500	grad_norm:                13.7313	loss:                      1.4145	q_taken_mean:              1.0008
red_team_alives_mean:     20.0000	red_team_win_mean:         1.0000	return_mean:               1.7256	return_std:                0.7084
target_mean:               0.9998	td_error_abs:              0.6523	test_blue_team_alives_mean:  8.4000	test_blue_team_win_mean:   0.0000
test_ep_length_mean:     200.0000	test_episode_length_mean:199.0000	test_red_team_alives_mean: 20.0000	test_red_team_win_mean:    1.0000
test_return_mean:          0.7970	test_return_std:           0.0000	
2026-07-23 18:37:12,489 - my_experiment - bat_mm_IQL_RNN_42 - my_run - INFO - t_env: 1151980 / 5050000
2026-07-23 18:37:12,490 - my_experiment - bat_mm_IQL_RNN_42 - my_run - INFO - Estimated time left: 5 hours, 28 minutes, 26 seconds. Time passed: 1 hours, 34 minutes, 20 seconds
2026-07-23 18:41:20,303 - my_experiment - bat_mm_IQL_RNN_42 - my_run - INFO - Recent Stats | t_env:    1201780 | Episode:     6028
blue_team_alives_mean:     5.5160	blue_team_win_mean:        0.0000	ep_length_mean:          200.0000	episode_length_mean:     199.0000
epsilon:                   0.0500	grad_norm:                23.8187	loss:                      1.4089	q_taken_mean:              1.0147
red_team_alives_mean:     20.0000	red_team_win_mean:         1.0000	return_mean:               1.7175	return_std:                0.6371
target_mean:               1.0121	td_error_abs:              0.6663	test_blue_team_alives_mean:  7.8000	test_blue_team_win_mean:   0.0000
test_ep_length_mean:     200.0000	test_episode_length_mean:199.0000	test_red_team_alives_mean: 20.0000	test_red_team_win_mean:    1.0000
test_return_mean:          0.8770	test_return_std:           0.0000	
2026-07-23 18:41:21,293 - my_experiment - bat_mm_IQL_RNN_42 - my_run - INFO - t_env: 1201980 / 5050000
2026-07-23 18:41:21,294 - my_experiment - bat_mm_IQL_RNN_42 - my_run - INFO - Estimated time left: 5 hours, 19 minutes, 8 seconds. Time passed: 1 hours, 38 minutes, 29 seconds
2026-07-23 18:45:28,779 - my_experiment - bat_mm_IQL_RNN_42 - my_run - INFO - Recent Stats | t_env:    1251780 | Episode:     6278
blue_team_alives_mean:     5.6000	blue_team_win_mean:        0.0000	ep_length_mean:          200.0000	episode_length_mean:     199.0000
epsilon:                   0.0500	grad_norm:                 7.3265	loss:                      1.3951	q_taken_mean:              1.0659
red_team_alives_mean:     20.0000	red_team_win_mean:         1.0000	return_mean:               1.8790	return_std:                0.6585
target_mean:               1.0639	td_error_abs:              0.6041	test_blue_team_alives_mean:  7.0000	test_blue_team_win_mean:   0.0000
test_ep_length_mean:     200.0000	test_episode_length_mean:199.0000	test_red_team_alives_mean: 20.0000	test_red_team_win_mean:    1.0000
test_return_mean:          1.1480	test_return_std:           0.0000	
2026-07-23 18:45:29,874 - my_experiment - bat_mm_IQL_RNN_42 - my_run - INFO - t_env: 1251980 / 5050000
2026-07-23 18:45:29,874 - my_experiment - bat_mm_IQL_RNN_42 - my_run - INFO - Estimated time left: 5 hours, 14 minutes, 42 seconds. Time passed: 1 hours, 42 minutes, 38 seconds
2026-07-23 18:49:38,204 - my_experiment - bat_mm_IQL_RNN_42 - my_run - INFO - Recent Stats | t_env:    1301876 | Episode:     6529
blue_team_alives_mean:     5.8845	blue_team_win_mean:        0.0000	ep_length_mean:          199.5922	episode_length_mean:     198.5922
epsilon:                   0.0500	grad_norm:                18.7855	loss:                      1.3696	q_taken_mean:              1.0671
red_team_alives_mean:     20.0000	red_team_win_mean:         1.0000	return_mean:               1.8167	return_std:                0.7104
target_mean:               1.0680	td_error_abs:              0.6254	test_blue_team_alives_mean:  5.2000	test_blue_team_win_mean:   0.0000
test_ep_length_mean:     200.0000	test_episode_length_mean:199.0000	test_red_team_alives_mean: 20.0000	test_red_team_win_mean:    1.0000
test_return_mean:          2.2750	test_return_std:           0.0000	
2026-07-23 18:49:39,228 - my_experiment - bat_mm_IQL_RNN_42 - my_run - INFO - t_env: 1302076 / 5050000
2026-07-23 18:49:39,229 - my_experiment - bat_mm_IQL_RNN_42 - my_run - INFO - Estimated time left: 5 hours, 10 minutes, 55 seconds. Time passed: 1 hours, 46 minutes, 47 seconds
2026-07-23 18:53:43,207 - my_experiment - bat_mm_IQL_RNN_42 - my_run - INFO - Recent Stats | t_env:    1352052 | Episode:     6780
blue_team_alives_mean:     5.3370	blue_team_win_mean:        0.0000	ep_length_mean:          199.9608	episode_length_mean:     198.9608
epsilon:                   0.0500	grad_norm:                37.4810	loss:                      1.4702	q_taken_mean:              1.0781
red_team_alives_mean:     20.0000	red_team_win_mean:         1.0000	return_mean:               2.0417	return_std:                0.6268
target_mean:               1.0847	td_error_abs:              0.6826	test_blue_team_alives_mean:  4.8000	test_blue_team_win_mean:   0.0000
test_ep_length_mean:     200.0000	test_episode_length_mean:199.0000	test_red_team_alives_mean: 20.0000	test_red_team_win_mean:    1.0000
test_return_mean:          2.3750	test_return_std:           0.0000	
2026-07-23 18:53:44,284 - my_experiment - bat_mm_IQL_RNN_42 - my_run - INFO - t_env: 1352252 / 5050000
2026-07-23 18:53:44,285 - my_experiment - bat_mm_IQL_RNN_42 - my_run - INFO - Estimated time left: 5 hours, 59 seconds. Time passed: 1 hours, 50 minutes, 52 seconds
2026-07-23 18:57:55,772 - my_experiment - bat_mm_IQL_RNN_42 - my_run - INFO - Recent Stats | t_env:    1402126 | Episode:     7031
blue_team_alives_mean:     4.8551	blue_team_win_mean:        0.0000	ep_length_mean:          199.4510	episode_length_mean:     198.4510
epsilon:                   0.0500	grad_norm:                27.2523	loss:                      1.5251	q_taken_mean:              1.1101
red_team_alives_mean:     20.0000	red_team_win_mean:         1.0000	return_mean:               2.0793	return_std:                0.6429
target_mean:               1.1146	td_error_abs:              0.6670	test_blue_team_alives_mean:  5.0000	test_blue_team_win_mean:   0.0000
test_ep_length_mean:     200.0000	test_episode_length_mean:199.0000	test_red_team_alives_mean: 20.0000	test_red_team_win_mean:    1.0000
test_return_mean:          2.4420	test_return_std:           0.0000	
2026-07-23 18:57:56,847 - my_experiment - bat_mm_IQL_RNN_42 - my_run - INFO - t_env: 1402326 / 5050000
2026-07-23 18:57:56,847 - my_experiment - bat_mm_IQL_RNN_42 - my_run - INFO - Estimated time left: 5 hours, 6 minutes, 38 seconds. Time passed: 1 hours, 55 minutes, 5 seconds
2026-07-23 19:02:06,647 - my_experiment - bat_mm_IQL_RNN_42 - my_run - INFO - Recent Stats | t_env:    1452257 | Episode:     7282
blue_team_alives_mean:     4.4191	blue_team_win_mean:        0.0000	ep_length_mean:          199.7882	episode_length_mean:     198.7882
epsilon:                   0.0500	grad_norm:                23.0970	loss:                      1.3853	q_taken_mean:              1.1074
red_team_alives_mean:     20.0000	red_team_win_mean:         1.0000	return_mean:               2.1327	return_std:                0.6290
target_mean:               1.1092	td_error_abs:              0.6151	test_blue_team_alives_mean:  5.4000	test_blue_team_win_mean:   0.0000
test_ep_length_mean:     200.0000	test_episode_length_mean:199.0000	test_red_team_alives_mean: 20.0000	test_red_team_win_mean:    1.0000
test_return_mean:          2.2480	test_return_std:           0.0000	
2026-07-23 19:02:07,602 - my_experiment - bat_mm_IQL_RNN_42 - my_run - INFO - t_env: 1452457 / 5050000
2026-07-23 19:02:07,602 - my_experiment - bat_mm_IQL_RNN_42 - my_run - INFO - Estimated time left: 4 hours, 59 minutes, 54 seconds. Time passed: 1 hours, 59 minutes, 16 seconds
2026-07-23 19:06:03,000 - my_experiment - bat_mm_IQL_RNN_42 - my_run - INFO - Saving models to work_dirs/my_experiment/bat_mm_IQL_RNN_42/my_run/20260723_170215/models/1500370
2026-07-23 19:06:13,444 - my_experiment - bat_mm_IQL_RNN_42 - my_run - INFO - Recent Stats | t_env:    1502370 | Episode:     7533
blue_team_alives_mean:     4.2031	blue_team_win_mean:        0.0000	ep_length_mean:          199.6078	episode_length_mean:     198.6078
epsilon:                   0.0500	grad_norm:                26.1939	loss:                      1.2473	q_taken_mean:              1.0975
red_team_alives_mean:     20.0000	red_team_win_mean:         1.0000	return_mean:               2.1412	return_std:                0.6094
target_mean:               1.0975	td_error_abs:              0.6107	test_blue_team_alives_mean:  5.0000	test_blue_team_win_mean:   0.0000
test_ep_length_mean:     200.0000	test_episode_length_mean:199.0000	test_red_team_alives_mean: 20.0000	test_red_team_win_mean:    1.0000
test_return_mean:          2.3910	test_return_std:           0.0000	
2026-07-23 19:06:14,485 - my_experiment - bat_mm_IQL_RNN_42 - my_run - INFO - t_env: 1502570 / 5050000
2026-07-23 19:06:14,486 - my_experiment - bat_mm_IQL_RNN_42 - my_run - INFO - Estimated time left: 4 hours, 51 minutes, 16 seconds. Time passed: 2 hours, 3 minutes, 22 seconds
2026-07-23 19:10:13,334 - my_experiment - bat_mm_IQL_RNN_42 - my_run - INFO - Recent Stats | t_env:    1552446 | Episode:     7784
blue_team_alives_mean:     4.3472	blue_team_win_mean:        0.0000	ep_length_mean:          199.5059	episode_length_mean:     198.5059
epsilon:                   0.0500	grad_norm:                16.9881	loss:                      1.2239	q_taken_mean:              1.0828
red_team_alives_mean:     20.0000	red_team_win_mean:         1.0000	return_mean:               2.0963	return_std:                0.6496
target_mean:               1.0857	td_error_abs:              0.5775	test_blue_team_alives_mean:  6.0000	test_blue_team_win_mean:   0.0000
test_ep_length_mean:     200.0000	test_episode_length_mean:199.0000	test_red_team_alives_mean: 20.0000	test_red_team_win_mean:    1.0000
test_return_mean:          2.1410	test_return_std:           0.0000	
2026-07-23 19:10:14,277 - my_experiment - bat_mm_IQL_RNN_42 - my_run - INFO - t_env: 1552646 / 5050000
2026-07-23 19:10:14,278 - my_experiment - bat_mm_IQL_RNN_42 - my_run - INFO - Estimated time left: 4 hours, 39 minutes, 7 seconds. Time passed: 2 hours, 7 minutes, 22 seconds
2026-07-23 19:14:14,053 - my_experiment - bat_mm_IQL_RNN_42 - my_run - INFO - Recent Stats | t_env:    1602519 | Episode:     8035
blue_team_alives_mean:     4.7991	blue_team_win_mean:        0.0000	ep_length_mean:          199.5020	episode_length_mean:     198.5020
epsilon:                   0.0500	grad_norm:                17.6157	loss:                      1.1279	q_taken_mean:              1.0984
red_team_alives_mean:     20.0000	red_team_win_mean:         1.0000	return_mean:               1.9016	return_std:                0.7574
target_mean:               1.0950	td_error_abs:              0.5667	test_blue_team_alives_mean:  6.4000	test_blue_team_win_mean:   0.0000
test_ep_length_mean:     200.0000	test_episode_length_mean:199.0000	test_red_team_alives_mean: 20.0000	test_red_team_win_mean:    1.0000
test_return_mean:          1.9500	test_return_std:           0.0000	
2026-07-23 19:14:15,020 - my_experiment - bat_mm_IQL_RNN_42 - my_run - INFO - t_env: 1602719 / 5050000
2026-07-23 19:14:15,020 - my_experiment - bat_mm_IQL_RNN_42 - my_run - INFO - Estimated time left: 4 hours, 36 minutes, 13 seconds. Time passed: 2 hours, 11 minutes, 23 seconds
2026-07-23 19:18:12,175 - my_experiment - bat_mm_IQL_RNN_42 - my_run - INFO - Recent Stats | t_env:    1652685 | Episode:     8287
blue_team_alives_mean:     5.6896	blue_team_win_mean:        0.0000	ep_length_mean:          199.0824	episode_length_mean:     198.0824
epsilon:                   0.0500	grad_norm:                46.7344	loss:                      1.3130	q_taken_mean:              1.0918
red_team_alives_mean:     20.0000	red_team_win_mean:         1.0000	return_mean:               1.6684	return_std:                0.7552
target_mean:               1.0969	td_error_abs:              0.6553	test_blue_team_alives_mean:  6.0000	test_blue_team_win_mean:   0.0000
test_ep_length_mean:     200.0000	test_episode_length_mean:199.0000	test_red_team_alives_mean: 20.0000	test_red_team_win_mean:    1.0000
test_return_mean:          1.9830	test_return_std:           0.0000	
2026-07-23 19:18:13,221 - my_experiment - bat_mm_IQL_RNN_42 - my_run - INFO - t_env: 1652885 / 5050000
2026-07-23 19:18:13,222 - my_experiment - bat_mm_IQL_RNN_42 - my_run - INFO - Estimated time left: 4 hours, 28 minutes, 50 seconds. Time passed: 2 hours, 15 minutes, 21 seconds
2026-07-23 19:22:18,854 - my_experiment - bat_mm_IQL_RNN_42 - my_run - INFO - Recent Stats | t_env:    1702772 | Episode:     8538
blue_team_alives_mean:     5.5214	blue_team_win_mean:        0.0000	ep_length_mean:          199.5569	episode_length_mean:     198.5569
epsilon:                   0.0500	grad_norm:                32.7742	loss:                      1.1842	q_taken_mean:              1.0876
red_team_alives_mean:     20.0000	red_team_win_mean:         1.0000	return_mean:               1.7756	return_std:                0.7399
target_mean:               1.0877	td_error_abs:              0.6136	test_blue_team_alives_mean:  5.8000	test_blue_team_win_mean:   0.0000
test_ep_length_mean:     200.0000	test_episode_length_mean:199.0000	test_red_team_alives_mean: 20.0000	test_red_team_win_mean:    1.0000
test_return_mean:          2.1240	test_return_std:           0.0000	
2026-07-23 19:22:19,909 - my_experiment - bat_mm_IQL_RNN_42 - my_run - INFO - t_env: 1702972 / 5050000
2026-07-23 19:22:19,910 - my_experiment - bat_mm_IQL_RNN_42 - my_run - INFO - Estimated time left: 4 hours, 34 minutes, 44 seconds. Time passed: 2 hours, 19 minutes, 28 seconds
2026-07-23 19:26:22,562 - my_experiment - bat_mm_IQL_RNN_42 - my_run - INFO - Recent Stats | t_env:    1752910 | Episode:     8790
blue_team_alives_mean:     5.2287	blue_team_win_mean:        0.0000	ep_length_mean:          198.9725	episode_length_mean:     197.9725
epsilon:                   0.0500	grad_norm:                35.0084	loss:                      1.2507	q_taken_mean:              1.0962
red_team_alives_mean:     20.0000	red_team_win_mean:         1.0000	return_mean:               1.8330	return_std:                0.7734
target_mean:               1.0981	td_error_abs:              0.6156	test_blue_team_alives_mean:  7.0000	test_blue_team_win_mean:   0.0000
test_ep_length_mean:     200.0000	test_episode_length_mean:199.0000	test_red_team_alives_mean: 20.0000	test_red_team_win_mean:    1.0000
test_return_mean:          1.7690	test_return_std:           0.0000	
2026-07-23 19:26:23,520 - my_experiment - bat_mm_IQL_RNN_42 - my_run - INFO - t_env: 1753110 / 5050000
2026-07-23 19:26:23,521 - my_experiment - bat_mm_IQL_RNN_42 - my_run - INFO - Estimated time left: 4 hours, 26 minutes, 58 seconds. Time passed: 2 hours, 23 minutes, 31 seconds
2026-07-23 19:30:22,616 - my_experiment - bat_mm_IQL_RNN_42 - my_run - INFO - Recent Stats | t_env:    1803003 | Episode:     9041
blue_team_alives_mean:     5.8687	blue_team_win_mean:        0.0000	ep_length_mean:          199.5804	episode_length_mean:     198.5804
epsilon:                   0.0500	grad_norm:                18.2162	loss:                      1.1489	q_taken_mean:              1.0945
red_team_alives_mean:     20.0000	red_team_win_mean:         1.0000	return_mean:               1.3861	return_std:                0.8598
target_mean:               1.0971	td_error_abs:              0.5508	test_blue_team_alives_mean:  6.8000	test_blue_team_win_mean:   0.0000
test_ep_length_mean:     200.0000	test_episode_length_mean:199.0000	test_red_team_alives_mean: 20.0000	test_red_team_win_mean:    1.0000
test_return_mean:          1.7780	test_return_std:           0.0000	
2026-07-23 19:30:23,539 - my_experiment - bat_mm_IQL_RNN_42 - my_run - INFO - t_env: 1803203 / 5050000
2026-07-23 19:30:23,540 - my_experiment - bat_mm_IQL_RNN_42 - my_run - INFO - Estimated time left: 4 hours, 19 minutes, 16 seconds. Time passed: 2 hours, 27 minutes, 31 seconds
2026-07-23 19:34:20,837 - my_experiment - bat_mm_IQL_RNN_42 - my_run - INFO - Recent Stats | t_env:    1853125 | Episode:     9292
blue_team_alives_mean:     6.1833	blue_team_win_mean:        0.0000	ep_length_mean:          199.6941	episode_length_mean:     198.6941
epsilon:                   0.0500	grad_norm:                21.2524	loss:                      1.2219	q_taken_mean:              1.1024
red_team_alives_mean:     20.0000	red_team_win_mean:         1.0000	return_mean:               1.2282	return_std:                0.9160
target_mean:               1.1030	td_error_abs:              0.5679	test_blue_team_alives_mean:  5.8000	test_blue_team_win_mean:   0.0000
test_ep_length_mean:     178.8000	test_episode_length_mean:177.8000	test_red_team_alives_mean: 20.0000	test_red_team_win_mean:    1.0000
test_return_mean:          2.1840	test_return_std:           0.0000	
2026-07-23 19:34:21,913 - my_experiment - bat_mm_IQL_RNN_42 - my_run - INFO - t_env: 1853325 / 5050000
2026-07-23 19:34:21,914 - my_experiment - bat_mm_IQL_RNN_42 - my_run - INFO - Estimated time left: 4 hours, 13 minutes, 22 seconds. Time passed: 2 hours, 31 minutes, 30 seconds
2026-07-23 19:38:32,110 - my_experiment - bat_mm_IQL_RNN_42 - my_run - INFO - Recent Stats | t_env:    1903228 | Episode:     9543
blue_team_alives_mean:     6.6466	blue_team_win_mean:        0.0000	ep_length_mean:          199.6196	episode_length_mean:     198.6196
epsilon:                   0.0500	grad_norm:                34.8774	loss:                      1.2783	q_taken_mean:              1.1297
red_team_alives_mean:     20.0000	red_team_win_mean:         1.0000	return_mean:               1.4204	return_std:                1.0049
target_mean:               1.1315	td_error_abs:              0.5907	test_blue_team_alives_mean:  6.4000	test_blue_team_win_mean:   0.0000
test_ep_length_mean:     178.8000	test_episode_length_mean:177.8000	test_red_team_alives_mean: 20.0000	test_red_team_win_mean:    1.0000
test_return_mean:          1.8370	test_return_std:           0.0000	
2026-07-23 19:38:33,171 - my_experiment - bat_mm_IQL_RNN_42 - my_run - INFO - t_env: 1903428 / 5050000
2026-07-23 19:38:33,171 - my_experiment - bat_mm_IQL_RNN_42 - my_run - INFO - Estimated time left: 4 hours, 22 minutes, 59 seconds. Time passed: 2 hours, 35 minutes, 41 seconds
2026-07-23 19:42:35,844 - my_experiment - bat_mm_IQL_RNN_42 - my_run - INFO - Recent Stats | t_env:    1953324 | Episode:     9794
blue_team_alives_mean:     5.2812	blue_team_win_mean:        0.0000	ep_length_mean:          199.5922	episode_length_mean:     198.5922
epsilon:                   0.0500	grad_norm:                26.3040	loss:                      1.3343	q_taken_mean:              1.1621
red_team_alives_mean:     20.0000	red_team_win_mean:         1.0000	return_mean:               1.7702	return_std:                0.9759
target_mean:               1.1652	td_error_abs:              0.5795	test_blue_team_alives_mean:  6.2000	test_blue_team_win_mean:   0.0000
test_ep_length_mean:     178.8000	test_episode_length_mean:177.8000	test_red_team_alives_mean: 20.0000	test_red_team_win_mean:    1.0000
test_return_mean:          1.8950	test_return_std:           0.0000	
2026-07-23 19:42:36,792 - my_experiment - bat_mm_IQL_RNN_42 - my_run - INFO - t_env: 1953524 / 5050000
2026-07-23 19:42:36,793 - my_experiment - bat_mm_IQL_RNN_42 - my_run - INFO - Estimated time left: 4 hours, 10 minutes, 58 seconds. Time passed: 2 hours, 39 minutes, 45 seconds
2026-07-23 19:46:20,347 - my_experiment - bat_mm_IQL_RNN_42 - my_run - INFO - Saving models to work_dirs/my_experiment/bat_mm_IQL_RNN_42/my_run/20260723_170215/models/2000416
2026-07-23 19:46:34,400 - my_experiment - bat_mm_IQL_RNN_42 - my_run - INFO - Recent Stats | t_env:    2003376 | Episode:    10045
blue_team_alives_mean:     4.0747	blue_team_win_mean:        0.0000	ep_length_mean:          199.5765	episode_length_mean:     198.5765
epsilon:                   0.0500	grad_norm:                48.8373	loss:                      1.3511	q_taken_mean:              1.1595
red_team_alives_mean:     20.0000	red_team_win_mean:         1.0000	return_mean:               1.9990	return_std:                0.8144
target_mean:               1.1612	td_error_abs:              0.6262	test_blue_team_alives_mean:  4.8000	test_blue_team_win_mean:   0.0000
test_ep_length_mean:     178.8000	test_episode_length_mean:177.8000	test_red_team_alives_mean: 20.0000	test_red_team_win_mean:    1.0000
test_return_mean:          2.1740	test_return_std:           0.0000	
2026-07-23 19:46:35,349 - my_experiment - bat_mm_IQL_RNN_42 - my_run - INFO - t_env: 2003576 / 5050000
2026-07-23 19:46:35,350 - my_experiment - bat_mm_IQL_RNN_42 - my_run - INFO - Estimated time left: 4 hours, 1 minutes, 59 seconds. Time passed: 2 hours, 43 minutes, 43 seconds
2026-07-23 19:50:36,260 - my_experiment - bat_mm_IQL_RNN_42 - my_run - INFO - Recent Stats | t_env:    2053425 | Episode:    10300
blue_team_alives_mean:     4.1697	blue_team_win_mean:        0.0000	ep_length_mean:          196.3840	episode_length_mean:     195.3840
epsilon:                   0.0500	grad_norm:                20.3886	loss:                      1.3219	q_taken_mean:              1.1814
red_team_alives_mean:     20.0000	red_team_win_mean:         1.0000	return_mean:               1.8906	return_std:                1.0097
target_mean:               1.1819	td_error_abs:              0.5951	test_blue_team_alives_mean:  4.2000	test_blue_team_win_mean:   0.0000
test_ep_length_mean:     178.8000	test_episode_length_mean:177.8000	test_red_team_alives_mean: 20.0000	test_red_team_win_mean:    1.0000
test_return_mean:          2.2430	test_return_std:           0.0000	
2026-07-23 19:50:37,318 - my_experiment - bat_mm_IQL_RNN_42 - my_run - INFO - t_env: 2053625 / 5050000
2026-07-23 19:50:37,318 - my_experiment - bat_mm_IQL_RNN_42 - my_run - INFO - Estimated time left: 4 hours, 1 minutes, 26 seconds. Time passed: 2 hours, 47 minutes, 45 seconds
2026-07-23 19:54:40,651 - my_experiment - bat_mm_IQL_RNN_42 - my_run - INFO - Recent Stats | t_env:    2103480 | Episode:    10559
blue_team_alives_mean:     2.9322	blue_team_win_mean:        0.0000	ep_length_mean:          193.8930	episode_length_mean:     192.8930
epsilon:                   0.0500	grad_norm:                24.5442	loss:                      1.2073	q_taken_mean:              1.1789
red_team_alives_mean:     20.0000	red_team_win_mean:         1.0000	return_mean:               1.8637	return_std:                0.9405
target_mean:               1.1775	td_error_abs:              0.6038	test_blue_team_alives_mean:  4.6000	test_blue_team_win_mean:   0.0000
test_ep_length_mean:     200.0000	test_episode_length_mean:199.0000	test_red_team_alives_mean: 20.0000	test_red_team_win_mean:    1.0000
test_return_mean:          1.8180	test_return_std:           0.0000	
2026-07-23 19:54:41,591 - my_experiment - bat_mm_IQL_RNN_42 - my_run - INFO - t_env: 2103680 / 5050000
2026-07-23 19:54:41,592 - my_experiment - bat_mm_IQL_RNN_42 - my_run - INFO - Estimated time left: 3 hours, 59 minutes, 38 seconds. Time passed: 2 hours, 51 minutes, 50 seconds
2026-07-23 19:58:56,514 - my_experiment - bat_mm_IQL_RNN_42 - my_run - INFO - Recent Stats | t_env:    2153528 | Episode:    10825
blue_team_alives_mean:     2.7433	blue_team_win_mean:        0.0000	ep_length_mean:          188.2666	episode_length_mean:     187.2666
epsilon:                   0.0500	grad_norm:                53.9772	loss:                      1.3065	q_taken_mean:              1.1469
red_team_alives_mean:     20.0000	red_team_win_mean:         1.0000	return_mean:               1.9811	return_std:                1.0005
target_mean:               1.1527	td_error_abs:              0.6542	test_blue_team_alives_mean:  4.8000	test_blue_team_win_mean:   0.0000
test_ep_length_mean:     200.0000	test_episode_length_mean:199.0000	test_red_team_alives_mean: 20.0000	test_red_team_win_mean:    1.0000
test_return_mean:          1.5700	test_return_std:           0.0000	
2026-07-23 19:58:58,040 - my_experiment - bat_mm_IQL_RNN_42 - my_run - INFO - t_env: 2153791 / 5050000
2026-07-23 19:58:58,040 - my_experiment - bat_mm_IQL_RNN_42 - my_run - INFO - Estimated time left: 4 hours, 7 minutes, 1 seconds. Time passed: 2 hours, 56 minutes, 6 seconds
2026-07-23 20:03:11,843 - my_experiment - bat_mm_IQL_RNN_42 - my_run - INFO - Recent Stats | t_env:    2203671 | Episode:    11090
blue_team_alives_mean:     2.7272	blue_team_win_mean:        0.0000	ep_length_mean:          188.6376	episode_length_mean:     187.6376
epsilon:                   0.0500	grad_norm:                15.7298	loss:                      1.1505	q_taken_mean:              1.1428
red_team_alives_mean:     20.0000	red_team_win_mean:         1.0000	return_mean:               2.1398	return_std:                0.8839
target_mean:               1.1425	td_error_abs:              0.6057	test_blue_team_alives_mean:  3.8000	test_blue_team_win_mean:   0.0000
test_ep_length_mean:     200.0000	test_episode_length_mean:199.0000	test_red_team_alives_mean: 20.0000	test_red_team_win_mean:    1.0000
test_return_mean:          1.8070	test_return_std:           0.0000	
2026-07-23 20:03:12,952 - my_experiment - bat_mm_IQL_RNN_42 - my_run - INFO - t_env: 2203871 / 5050000
2026-07-23 20:03:12,953 - my_experiment - bat_mm_IQL_RNN_42 - my_run - INFO - Estimated time left: 4 hours, 1 minutes, 27 seconds. Time passed: 3 hours, 21 seconds
2026-07-23 20:07:19,792 - my_experiment - bat_mm_IQL_RNN_42 - my_run - INFO - Recent Stats | t_env:    2253835 | Episode:    11346
blue_team_alives_mean:     3.0257	blue_team_win_mean:        0.0000	ep_length_mean:          195.9830	episode_length_mean:     194.9830
epsilon:                   0.0500	grad_norm:                17.0069	loss:                      1.1965	q_taken_mean:              1.1359
red_team_alives_mean:     20.0000	red_team_win_mean:         1.0000	return_mean:               1.7490	return_std:                0.7897
target_mean:               1.1350	td_error_abs:              0.6200	test_blue_team_alives_mean:  4.6000	test_blue_team_win_mean:   0.0000
test_ep_length_mean:     200.0000	test_episode_length_mean:199.0000	test_red_team_alives_mean: 20.0000	test_red_team_win_mean:    1.0000
test_return_mean:          1.4860	test_return_std:           0.0000	
2026-07-23 20:07:20,642 - my_experiment - bat_mm_IQL_RNN_42 - my_run - INFO - t_env: 2254012 / 5050000
2026-07-23 20:07:20,642 - my_experiment - bat_mm_IQL_RNN_42 - my_run - INFO - Estimated time left: 3 hours, 50 minutes, 11 seconds. Time passed: 3 hours, 4 minutes, 29 seconds
2026-07-23 20:11:26,776 - my_experiment - bat_mm_IQL_RNN_42 - my_run - INFO - Recent Stats | t_env:    2303981 | Episode:    11603
blue_team_alives_mean:     2.8255	blue_team_win_mean:        0.0000	ep_length_mean:          195.1722	episode_length_mean:     194.1722
epsilon:                   0.0500	grad_norm:                26.0621	loss:                      1.1953	q_taken_mean:              1.1081
red_team_alives_mean:     20.0000	red_team_win_mean:         1.0000	return_mean:               1.9355	return_std:                0.8584
target_mean:               1.1058	td_error_abs:              0.6604	test_blue_team_alives_mean:  5.0000	test_blue_team_win_mean:   0.0000
test_ep_length_mean:     200.0000	test_episode_length_mean:199.0000	test_red_team_alives_mean: 20.0000	test_red_team_win_mean:    1.0000
test_return_mean:          0.5750	test_return_std:           0.0000	
2026-07-23 20:11:27,838 - my_experiment - bat_mm_IQL_RNN_42 - my_run - INFO - t_env: 2304181 / 5050000
2026-07-23 20:11:27,838 - my_experiment - bat_mm_IQL_RNN_42 - my_run - INFO - Estimated time left: 3 hours, 45 minutes, 29 seconds. Time passed: 3 hours, 8 minutes, 36 seconds
2026-07-23 20:15:40,893 - my_experiment - bat_mm_IQL_RNN_42 - my_run - INFO - Recent Stats | t_env:    2354012 | Episode:    11861
blue_team_alives_mean:     2.5728	blue_team_win_mean:        0.0000	ep_length_mean:          193.9848	episode_length_mean:     192.9848
epsilon:                   0.0500	grad_norm:                22.5373	loss:                      1.1660	q_taken_mean:              1.0998
red_team_alives_mean:     20.0000	red_team_win_mean:         1.0000	return_mean:               2.2340	return_std:                0.7657
target_mean:               1.1045	td_error_abs:              0.5997	test_blue_team_alives_mean:  5.0000	test_blue_team_win_mean:   0.0000
test_ep_length_mean:     200.0000	test_episode_length_mean:199.0000	test_red_team_alives_mean: 20.0000	test_red_team_win_mean:    1.0000
test_return_mean:          0.6620	test_return_std:           0.0000	
2026-07-23 20:15:41,883 - my_experiment - bat_mm_IQL_RNN_42 - my_run - INFO - t_env: 2354212 / 5050000
2026-07-23 20:15:41,883 - my_experiment - bat_mm_IQL_RNN_42 - my_run - INFO - Estimated time left: 3 hours, 48 minutes, 8 seconds. Time passed: 3 hours, 12 minutes, 50 seconds
2026-07-23 20:19:56,291 - my_experiment - bat_mm_IQL_RNN_42 - my_run - INFO - Recent Stats | t_env:    2404141 | Episode:    12119
blue_team_alives_mean:     2.6684	blue_team_win_mean:        0.0000	ep_length_mean:          194.4462	episode_length_mean:     193.4462
epsilon:                   0.0500	grad_norm:                26.6783	loss:                      1.2155	q_taken_mean:              1.0942
red_team_alives_mean:     20.0000	red_team_win_mean:         1.0000	return_mean:               2.4976	return_std:                0.6772
target_mean:               1.0949	td_error_abs:              0.6323	test_blue_team_alives_mean:  3.8000	test_blue_team_win_mean:   0.0000
test_ep_length_mean:     200.0000	test_episode_length_mean:199.0000	test_red_team_alives_mean: 20.0000	test_red_team_win_mean:    1.0000
test_return_mean:          1.3740	test_return_std:           0.0000	
2026-07-23 20:19:57,292 - my_experiment - bat_mm_IQL_RNN_42 - my_run - INFO - t_env: 2404341 / 5050000
2026-07-23 20:19:57,293 - my_experiment - bat_mm_IQL_RNN_42 - my_run - INFO - Estimated time left: 3 hours, 44 minutes, 39 seconds. Time passed: 3 hours, 17 minutes, 5 seconds
2026-07-23 20:24:13,287 - my_experiment - bat_mm_IQL_RNN_42 - my_run - INFO - Recent Stats | t_env:    2454317 | Episode:    12376
blue_team_alives_mean:     2.4663	blue_team_win_mean:        0.0000	ep_length_mean:          195.3152	episode_length_mean:     194.3152
epsilon:                   0.0500	grad_norm:                21.4117	loss:                      1.1761	q_taken_mean:              1.0679
red_team_alives_mean:     20.0000	red_team_win_mean:         1.0000	return_mean:               2.6758	return_std:                0.6244
target_mean:               1.0675	td_error_abs:              0.6310	test_blue_team_alives_mean:  3.8000	test_blue_team_win_mean:   0.0000
test_ep_length_mean:     200.0000	test_episode_length_mean:199.0000	test_red_team_alives_mean: 20.0000	test_red_team_win_mean:    1.0000
test_return_mean:          1.4950	test_return_std:           0.0000	
2026-07-23 20:24:14,234 - my_experiment - bat_mm_IQL_RNN_42 - my_run - INFO - t_env: 2454517 / 5050000
2026-07-23 20:24:14,235 - my_experiment - bat_mm_IQL_RNN_42 - my_run - INFO - Estimated time left: 3 hours, 41 minutes, 31 seconds. Time passed: 3 hours, 21 minutes, 22 seconds
2026-07-23 20:28:10,068 - my_experiment - bat_mm_IQL_RNN_42 - my_run - INFO - Saving models to work_dirs/my_experiment/bat_mm_IQL_RNN_42/my_run/20260723_170215/models/2500445
2026-07-23 20:28:30,882 - my_experiment - bat_mm_IQL_RNN_42 - my_run - INFO - Recent Stats | t_env:    2504424 | Episode:    12636
blue_team_alives_mean:     2.4399	blue_team_win_mean:        0.0000	ep_length_mean:          192.1483	episode_length_mean:     191.1483
epsilon:                   0.0500	grad_norm:                23.6987	loss:                      1.1532	q_taken_mean:              1.0497
red_team_alives_mean:     20.0000	red_team_win_mean:         1.0000	return_mean:               2.7456	return_std:                0.6788
target_mean:               1.0525	td_error_abs:              0.6318	test_blue_team_alives_mean:  2.8000	test_blue_team_win_mean:   0.0000
test_ep_length_mean:     177.4000	test_episode_length_mean:176.4000	test_red_team_alives_mean: 20.0000	test_red_team_win_mean:    1.0000
test_return_mean:          2.1940	test_return_std:           0.0000	
2026-07-23 20:28:31,919 - my_experiment - bat_mm_IQL_RNN_42 - my_run - INFO - t_env: 2504624 / 5050000
2026-07-23 20:28:31,919 - my_experiment - bat_mm_IQL_RNN_42 - my_run - INFO - Estimated time left: 3 hours, 38 minutes, 10 seconds. Time passed: 3 hours, 25 minutes, 40 seconds
2026-07-23 20:32:49,502 - my_experiment - bat_mm_IQL_RNN_42 - my_run - INFO - Recent Stats | t_env:    2554534 | Episode:    12888
blue_team_alives_mean:     2.7081	blue_team_win_mean:        0.0000	ep_length_mean:          197.6051	episode_length_mean:     196.6051
epsilon:                   0.0500	grad_norm:                19.2368	loss:                      1.1602	q_taken_mean:              1.0635
red_team_alives_mean:     20.0000	red_team_win_mean:         1.0000	return_mean:               2.6394	return_std:                0.6008
target_mean:               1.0608	td_error_abs:              0.6341	test_blue_team_alives_mean:  3.0000	test_blue_team_win_mean:   0.0000
test_ep_length_mean:     177.4000	test_episode_length_mean:176.4000	test_red_team_alives_mean: 20.0000	test_red_team_win_mean:    1.0000
test_return_mean:          3.1170	test_return_std:           0.0000	
2026-07-23 20:32:50,547 - my_experiment - bat_mm_IQL_RNN_42 - my_run - INFO - t_env: 2554734 / 5050000
2026-07-23 20:32:50,548 - my_experiment - bat_mm_IQL_RNN_42 - my_run - INFO - Estimated time left: 3 hours, 34 minutes, 38 seconds. Time passed: 3 hours, 29 minutes, 58 seconds
2026-07-23 20:37:03,608 - my_experiment - bat_mm_IQL_RNN_42 - my_run - INFO - Recent Stats | t_env:    2604723 | Episode:    13144
blue_team_alives_mean:     3.0809	blue_team_win_mean:        0.0000	ep_length_mean:          196.6031	episode_length_mean:     195.6031
epsilon:                   0.0500	grad_norm:                23.4324	loss:                      1.1684	q_taken_mean:              1.0739
red_team_alives_mean:     20.0000	red_team_win_mean:         1.0000	return_mean:               2.5002	return_std:                0.7291
target_mean:               1.0757	td_error_abs:              0.6193	test_blue_team_alives_mean:  3.0000	test_blue_team_win_mean:   0.0000
test_ep_length_mean:     177.4000	test_episode_length_mean:176.4000	test_red_team_alives_mean: 20.0000	test_red_team_win_mean:    1.0000
test_return_mean:          3.2410	test_return_std:           0.0000	
2026-07-23 20:37:04,553 - my_experiment - bat_mm_IQL_RNN_42 - my_run - INFO - t_env: 2604923 / 5050000
2026-07-23 20:37:04,554 - my_experiment - bat_mm_IQL_RNN_42 - my_run - INFO - Estimated time left: 3 hours, 26 minutes, 14 seconds. Time passed: 3 hours, 34 minutes, 12 seconds
2026-07-23 20:41:19,298 - my_experiment - bat_mm_IQL_RNN_42 - my_run - INFO - Recent Stats | t_env:    2654812 | Episode:    13395
blue_team_alives_mean:     4.0237	blue_team_win_mean:        0.0000	ep_length_mean:          199.0510	episode_length_mean:     198.0510
epsilon:                   0.0500	grad_norm:                25.1189	loss:                      1.2084	q_taken_mean:              1.0966
red_team_alives_mean:     20.0000	red_team_win_mean:         1.0000	return_mean:               2.2070	return_std:                0.7379
target_mean:               1.0957	td_error_abs:              0.6367	test_blue_team_alives_mean:  2.8000	test_blue_team_win_mean:   0.0000
test_ep_length_mean:     177.4000	test_episode_length_mean:176.4000	test_red_team_alives_mean: 20.0000	test_red_team_win_mean:    1.0000
test_return_mean:          2.9580	test_return_std:           0.0000	
2026-07-23 20:41:20,389 - my_experiment - bat_mm_IQL_RNN_42 - my_run - INFO - t_env: 2655012 / 5050000
2026-07-23 20:41:20,390 - my_experiment - bat_mm_IQL_RNN_42 - my_run - INFO - Estimated time left: 3 hours, 23 minutes, 52 seconds. Time passed: 3 hours, 38 minutes, 28 seconds
2026-07-23 20:45:28,928 - my_experiment - bat_mm_IQL_RNN_42 - my_run - INFO - Recent Stats | t_env:    2704894 | Episode:    13646
blue_team_alives_mean:     4.7781	blue_team_win_mean:        0.0000	ep_length_mean:          199.5373	episode_length_mean:     198.5373
epsilon:                   0.0500	grad_norm:                39.0238	loss:                      1.2987	q_taken_mean:              1.1143
red_team_alives_mean:     20.0000	red_team_win_mean:         1.0000	return_mean:               1.9547	return_std:                0.8946
target_mean:               1.1197	td_error_abs:              0.6357	test_blue_team_alives_mean:  5.0000	test_blue_team_win_mean:   0.0000
test_ep_length_mean:     177.4000	test_episode_length_mean:176.4000	test_red_team_alives_mean: 20.0000	test_red_team_win_mean:    1.0000
test_return_mean:          1.6480	test_return_std:           0.0000	
2026-07-23 20:45:29,987 - my_experiment - bat_mm_IQL_RNN_42 - my_run - INFO - t_env: 2705094 / 5050000
2026-07-23 20:45:29,987 - my_experiment - bat_mm_IQL_RNN_42 - my_run - INFO - Estimated time left: 3 hours, 14 minutes, 46 seconds. Time passed: 3 hours, 42 minutes, 38 seconds
2026-07-23 20:49:26,140 - my_experiment - bat_mm_IQL_RNN_42 - my_run - INFO - Recent Stats | t_env:    2754894 | Episode:    13896
blue_team_alives_mean:     4.8400	blue_team_win_mean:        0.0000	ep_length_mean:          200.0000	episode_length_mean:     199.0000
epsilon:                   0.0500	grad_norm:                40.0921	loss:                      1.3336	q_taken_mean:              1.1333
red_team_alives_mean:     20.0000	red_team_win_mean:         1.0000	return_mean:               2.0018	return_std:                0.8015
target_mean:               1.1338	td_error_abs:              0.6671	test_blue_team_alives_mean:  7.8000	test_blue_team_win_mean:   0.0000
test_ep_length_mean:     200.0000	test_episode_length_mean:199.0000	test_red_team_alives_mean: 20.0000	test_red_team_win_mean:    1.0000
test_return_mean:         -0.1440	test_return_std:           0.0000	
2026-07-23 20:49:27,105 - my_experiment - bat_mm_IQL_RNN_42 - my_run - INFO - t_env: 2755094 / 5050000
2026-07-23 20:49:27,106 - my_experiment - bat_mm_IQL_RNN_42 - my_run - INFO - Estimated time left: 3 hours, 1 minutes, 23 seconds. Time passed: 3 hours, 46 minutes, 35 seconds
2026-07-23 20:53:35,580 - my_experiment - bat_mm_IQL_RNN_42 - my_run - INFO - Recent Stats | t_env:    2805010 | Episode:    14147
blue_team_alives_mean:     4.0682	blue_team_win_mean:        0.0000	ep_length_mean:          199.6706	episode_length_mean:     198.6706
epsilon:                   0.0500	grad_norm:                53.1818	loss:                      1.3892	q_taken_mean:              1.1347
red_team_alives_mean:     20.0000	red_team_win_mean:         1.0000	return_mean:               2.2698	return_std:                0.6666
target_mean:               1.1354	td_error_abs:              0.6916	test_blue_team_alives_mean:  7.0000	test_blue_team_win_mean:   0.0000
test_ep_length_mean:     200.0000	test_episode_length_mean:199.0000	test_red_team_alives_mean: 20.0000	test_red_team_win_mean:    1.0000
test_return_mean:         -0.6730	test_return_std:           0.0000	
2026-07-23 20:53:36,540 - my_experiment - bat_mm_IQL_RNN_42 - my_run - INFO - t_env: 2805210 / 5050000
2026-07-23 20:53:36,540 - my_experiment - bat_mm_IQL_RNN_42 - my_run - INFO - Estimated time left: 3 hours, 6 minutes, 12 seconds. Time passed: 3 hours, 50 minutes, 44 seconds
2026-07-23 20:57:43,870 - my_experiment - bat_mm_IQL_RNN_42 - my_run - INFO - Recent Stats | t_env:    2855019 | Episode:    14398
blue_team_alives_mean:     4.0791	blue_team_win_mean:        0.0000	ep_length_mean:          199.2510	episode_length_mean:     198.2510
epsilon:                   0.0500	grad_norm:                24.7813	loss:                      1.2688	q_taken_mean:              1.1092
red_team_alives_mean:     20.0000	red_team_win_mean:         1.0000	return_mean:               2.2661	return_std:                0.7281
target_mean:               1.1062	td_error_abs:              0.6715	test_blue_team_alives_mean:  7.6000	test_blue_team_win_mean:   0.0000
test_ep_length_mean:     200.0000	test_episode_length_mean:199.0000	test_red_team_alives_mean: 20.0000	test_red_team_win_mean:    1.0000
test_return_mean:         -1.4330	test_return_std:           0.0000	
2026-07-23 20:57:44,814 - my_experiment - bat_mm_IQL_RNN_42 - my_run - INFO - t_env: 2855219 / 5050000
2026-07-23 20:57:44,815 - my_experiment - bat_mm_IQL_RNN_42 - my_run - INFO - Estimated time left: 3 hours, 1 minutes, 36 seconds. Time passed: 3 hours, 54 minutes, 53 seconds
2026-07-23 21:01:41,190 - my_experiment - bat_mm_IQL_RNN_42 - my_run - INFO - Recent Stats | t_env:    2905019 | Episode:    14648
blue_team_alives_mean:     3.7720	blue_team_win_mean:        0.0000	ep_length_mean:          200.0000	episode_length_mean:     199.0000
epsilon:                   0.0500	grad_norm:                41.7207	loss:                      1.3862	q_taken_mean:              1.1048
red_team_alives_mean:     20.0000	red_team_win_mean:         1.0000	return_mean:               2.3476	return_std:                0.6350
target_mean:               1.1105	td_error_abs:              0.6739	test_blue_team_alives_mean:  8.6000	test_blue_team_win_mean:   0.0000
test_ep_length_mean:     200.0000	test_episode_length_mean:199.0000	test_red_team_alives_mean: 20.0000	test_red_team_win_mean:    1.0000
test_return_mean:         -2.0740	test_return_std:           0.0000	
2026-07-23 21:01:42,142 - my_experiment - bat_mm_IQL_RNN_42 - my_run - INFO - t_env: 2905219 / 5050000
2026-07-23 21:01:42,143 - my_experiment - bat_mm_IQL_RNN_42 - my_run - INFO - Estimated time left: 2 hours, 49 minutes, 40 seconds. Time passed: 3 hours, 58 minutes, 50 seconds
2026-07-23 21:05:41,474 - my_experiment - bat_mm_IQL_RNN_42 - my_run - INFO - Recent Stats | t_env:    2955101 | Episode:    14899
blue_team_alives_mean:     3.5868	blue_team_win_mean:        0.0000	ep_length_mean:          199.5373	episode_length_mean:     198.5373
epsilon:                   0.0500	grad_norm:                56.0586	loss:                      1.3664	q_taken_mean:              1.0954
red_team_alives_mean:     20.0000	red_team_win_mean:         1.0000	return_mean:               2.4944	return_std:                0.6339
target_mean:               1.0927	td_error_abs:              0.7058	test_blue_team_alives_mean:  6.2000	test_blue_team_win_mean:   0.0000
test_ep_length_mean:     200.0000	test_episode_length_mean:199.0000	test_red_team_alives_mean: 20.0000	test_red_team_win_mean:    1.0000
test_return_mean:         -1.4000	test_return_std:           0.0000	
2026-07-23 21:05:42,397 - my_experiment - bat_mm_IQL_RNN_42 - my_run - INFO - t_env: 2955301 / 5050000
2026-07-23 21:05:42,397 - my_experiment - bat_mm_IQL_RNN_42 - my_run - INFO - Estimated time left: 2 hours, 47 minutes, 28 seconds. Time passed: 4 hours, 2 minutes, 50 seconds
2026-07-23 21:09:20,296 - my_experiment - bat_mm_IQL_RNN_42 - my_run - INFO - Saving models to work_dirs/my_experiment/bat_mm_IQL_RNN_42/my_run/20260723_170215/models/3000530
2026-07-23 21:09:41,929 - my_experiment - bat_mm_IQL_RNN_42 - my_run - INFO - Recent Stats | t_env:    3005130 | Episode:    15151
blue_team_alives_mean:     3.4917	blue_team_win_mean:        0.0000	ep_length_mean:          198.5622	episode_length_mean:     197.5622
epsilon:                   0.0500	grad_norm:                46.8028	loss:                      1.4083	q_taken_mean:              1.0898
red_team_alives_mean:     20.0000	red_team_win_mean:         1.0000	return_mean:               2.4757	return_std:                0.6544
target_mean:               1.0873	td_error_abs:              0.7183	test_blue_team_alives_mean:  3.4000	test_blue_team_win_mean:   0.0000
test_ep_length_mean:     200.0000	test_episode_length_mean:199.0000	test_red_team_alives_mean: 20.0000	test_red_team_win_mean:    1.0000
test_return_mean:         -0.4230	test_return_std:           0.0000	
2026-07-23 21:09:42,876 - my_experiment - bat_mm_IQL_RNN_42 - my_run - INFO - t_env: 3005330 / 5050000
2026-07-23 21:09:42,877 - my_experiment - bat_mm_IQL_RNN_42 - my_run - INFO - Estimated time left: 2 hours, 43 minutes, 48 seconds. Time passed: 4 hours, 6 minutes, 51 seconds
2026-07-23 21:13:52,576 - my_experiment - bat_mm_IQL_RNN_42 - my_run - INFO - Recent Stats | t_env:    3055316 | Episode:    15403
blue_team_alives_mean:     3.1933	blue_team_win_mean:        0.0000	ep_length_mean:          199.1608	episode_length_mean:     198.1608
epsilon:                   0.0500	grad_norm:                35.8952	loss:                      1.3318	q_taken_mean:              1.0487
red_team_alives_mean:     20.0000	red_team_win_mean:         1.0000	return_mean:               2.5683	return_std:                0.6150
target_mean:               1.0489	td_error_abs:              0.6865	test_blue_team_alives_mean:  4.6000	test_blue_team_win_mean:   0.0000
test_ep_length_mean:     200.0000	test_episode_length_mean:199.0000	test_red_team_alives_mean: 20.0000	test_red_team_win_mean:    1.0000
test_return_mean:         -0.7680	test_return_std:           0.0000	
2026-07-23 21:13:53,506 - my_experiment - bat_mm_IQL_RNN_42 - my_run - INFO - t_env: 3055516 / 5050000
2026-07-23 21:13:53,507 - my_experiment - bat_mm_IQL_RNN_42 - my_run - INFO - Estimated time left: 2 hours, 46 minutes, 0 seconds. Time passed: 4 hours, 11 minutes, 1 seconds
2026-07-23 21:17:50,639 - my_experiment - bat_mm_IQL_RNN_42 - my_run - INFO - Recent Stats | t_env:    3105504 | Episode:    15656
blue_team_alives_mean:     2.5675	blue_team_win_mean:        0.0000	ep_length_mean:          199.0941	episode_length_mean:     198.0941
epsilon:                   0.0500	grad_norm:                35.5188	loss:                      1.2924	q_taken_mean:              0.9866
red_team_alives_mean:     20.0000	red_team_win_mean:         1.0000	return_mean:               2.7930	return_std:                0.5136
target_mean:               0.9886	td_error_abs:              0.6693	test_blue_team_alives_mean:  3.6000	test_blue_team_win_mean:   0.0000
test_ep_length_mean:     200.0000	test_episode_length_mean:199.0000	test_red_team_alives_mean: 20.0000	test_red_team_win_mean:    1.0000
test_return_mean:         -0.4250	test_return_std:           0.0000	
2026-07-23 21:17:51,451 - my_experiment - bat_mm_IQL_RNN_42 - my_run - INFO - t_env: 3105665 / 5050000
2026-07-23 21:17:51,451 - my_experiment - bat_mm_IQL_RNN_42 - my_run - INFO - Estimated time left: 2 hours, 33 minutes, 45 seconds. Time passed: 4 hours, 14 minutes, 59 seconds
2026-07-23 21:21:50,384 - my_experiment - bat_mm_IQL_RNN_42 - my_run - INFO - Recent Stats | t_env:    3155569 | Episode:    15911
blue_team_alives_mean:     2.2226	blue_team_win_mean:        0.0000	ep_length_mean:          197.0362	episode_length_mean:     196.0362
epsilon:                   0.0500	grad_norm:                19.2735	loss:                      1.1588	q_taken_mean:              0.9563
red_team_alives_mean:     20.0000	red_team_win_mean:         1.0000	return_mean:               2.9179	return_std:                0.5067
target_mean:               0.9531	td_error_abs:              0.6502	test_blue_team_alives_mean:  2.2000	test_blue_team_win_mean:   0.0000
test_ep_length_mean:     200.0000	test_episode_length_mean:199.0000	test_red_team_alives_mean: 20.0000	test_red_team_win_mean:    1.0000
test_return_mean:          0.6950	test_return_std:           0.0000	
2026-07-23 21:21:51,313 - my_experiment - bat_mm_IQL_RNN_42 - my_run - INFO - t_env: 3155769 / 5050000
2026-07-23 21:21:51,313 - my_experiment - bat_mm_IQL_RNN_42 - my_run - INFO - Estimated time left: 2 hours, 31 minutes, 8 seconds. Time passed: 4 hours, 18 minutes, 59 seconds
2026-07-23 21:25:51,042 - my_experiment - bat_mm_IQL_RNN_42 - my_run - INFO - Recent Stats | t_env:    3205604 | Episode:    16168
blue_team_alives_mean:     1.9550	blue_team_win_mean:        0.0000	ep_length_mean:          193.4796	episode_length_mean:     192.4796
epsilon:                   0.0500	grad_norm:                32.3884	loss:                      1.2249	q_taken_mean:              0.9345
red_team_alives_mean:     20.0000	red_team_win_mean:         1.0000	return_mean:               2.9419	return_std:                0.5795
target_mean:               0.9372	td_error_abs:              0.6446	test_blue_team_alives_mean:  2.2000	test_blue_team_win_mean:   0.0000
test_ep_length_mean:     200.0000	test_episode_length_mean:199.0000	test_red_team_alives_mean: 20.0000	test_red_team_win_mean:    1.0000
test_return_mean:          0.9030	test_return_std:           0.0000	
2026-07-23 21:25:52,066 - my_experiment - bat_mm_IQL_RNN_42 - my_run - INFO - t_env: 3205804 / 5050000
2026-07-23 21:25:52,066 - my_experiment - bat_mm_IQL_RNN_42 - my_run - INFO - Estimated time left: 2 hours, 27 minutes, 53 seconds. Time passed: 4 hours, 23 minutes, 0 seconds
2026-07-23 21:29:50,438 - my_experiment - bat_mm_IQL_RNN_42 - my_run - INFO - Recent Stats | t_env:    3255722 | Episode:    16424
blue_team_alives_mean:     2.2064	blue_team_win_mean:        0.0000	ep_length_mean:          196.1976	episode_length_mean:     195.1976
epsilon:                   0.0500	grad_norm:                37.2175	loss:                      1.2499	q_taken_mean:              0.9163
red_team_alives_mean:     20.0000	red_team_win_mean:         1.0000	return_mean:               2.7928	return_std:                0.5399
target_mean:               0.9202	td_error_abs:              0.6581	test_blue_team_alives_mean:  2.4000	test_blue_team_win_mean:   0.0000
test_ep_length_mean:     200.0000	test_episode_length_mean:199.0000	test_red_team_alives_mean: 20.0000	test_red_team_win_mean:    1.0000
test_return_mean:          0.8470	test_return_std:           0.0000	
2026-07-23 21:29:51,375 - my_experiment - bat_mm_IQL_RNN_42 - my_run - INFO - t_env: 3255922 / 5050000
2026-07-23 21:29:51,375 - my_experiment - bat_mm_IQL_RNN_42 - my_run - INFO - Estimated time left: 2 hours, 22 minutes, 46 seconds. Time passed: 4 hours, 26 minutes, 59 seconds
2026-07-23 21:33:46,916 - my_experiment - bat_mm_IQL_RNN_42 - my_run - INFO - Recent Stats | t_env:    3305797 | Episode:    16675
blue_team_alives_mean:     2.6529	blue_team_win_mean:        0.0000	ep_length_mean:          199.1333	episode_length_mean:     198.1333
epsilon:                   0.0500	grad_norm:                23.9814	loss:                      1.1267	q_taken_mean:              0.8972
red_team_alives_mean:     20.0000	red_team_win_mean:         1.0000	return_mean:               2.5754	return_std:                0.6055
target_mean:               0.8923	td_error_abs:              0.6614	test_blue_team_alives_mean:  1.4000	test_blue_team_win_mean:   0.0000
test_ep_length_mean:     200.0000	test_episode_length_mean:199.0000	test_red_team_alives_mean: 20.0000	test_red_team_win_mean:    1.0000
test_return_mean:          1.4050	test_return_std:           0.0000	
2026-07-23 21:33:47,954 - my_experiment - bat_mm_IQL_RNN_42 - my_run - INFO - t_env: 3305997 / 5050000
2026-07-23 21:33:47,955 - my_experiment - bat_mm_IQL_RNN_42 - my_run - INFO - Estimated time left: 2 hours, 17 minutes, 19 seconds. Time passed: 4 hours, 30 minutes, 56 seconds
2026-07-23 21:37:47,680 - my_experiment - bat_mm_IQL_RNN_42 - my_run - INFO - Recent Stats | t_env:    3355877 | Episode:    16929
blue_team_alives_mean:     2.3538	blue_team_win_mean:        0.0000	ep_length_mean:          197.2589	episode_length_mean:     196.2589
epsilon:                   0.0500	grad_norm:                38.6467	loss:                      1.1521	q_taken_mean:              0.8656
red_team_alives_mean:     20.0000	red_team_win_mean:         1.0000	return_mean:               2.7278	return_std:                0.5794
target_mean:               0.8692	td_error_abs:              0.6487	test_blue_team_alives_mean:  1.4000	test_blue_team_win_mean:   0.0000
test_ep_length_mean:     200.0000	test_episode_length_mean:199.0000	test_red_team_alives_mean: 20.0000	test_red_team_win_mean:    1.0000
test_return_mean:          1.9140	test_return_std:           0.0000	
2026-07-23 21:37:48,588 - my_experiment - bat_mm_IQL_RNN_42 - my_run - INFO - t_env: 3356077 / 5050000
2026-07-23 21:37:48,589 - my_experiment - bat_mm_IQL_RNN_42 - my_run - INFO - Estimated time left: 2 hours, 15 minutes, 39 seconds. Time passed: 4 hours, 34 minutes, 57 seconds
2026-07-23 21:41:50,052 - my_experiment - bat_mm_IQL_RNN_42 - my_run - INFO - Recent Stats | t_env:    3406059 | Episode:    17182
blue_team_alives_mean:     2.4611	blue_team_win_mean:        0.0000	ep_length_mean:          198.9210	episode_length_mean:     197.9210
epsilon:                   0.0500	grad_norm:                16.8624	loss:                      1.0786	q_taken_mean:              0.8463
red_team_alives_mean:     20.0000	red_team_win_mean:         1.0000	return_mean:               2.5984	return_std:                0.5273
target_mean:               0.8489	td_error_abs:              0.5916	test_blue_team_alives_mean:  1.4000	test_blue_team_win_mean:   0.0000
test_ep_length_mean:     200.0000	test_episode_length_mean:199.0000	test_red_team_alives_mean: 20.0000	test_red_team_win_mean:    1.0000
test_return_mean:          1.8300	test_return_std:           0.0000	
2026-07-23 21:41:50,963 - my_experiment - bat_mm_IQL_RNN_42 - my_run - INFO - t_env: 3406259 / 5050000
2026-07-23 21:41:50,963 - my_experiment - bat_mm_IQL_RNN_42 - my_run - INFO - Estimated time left: 2 hours, 12 minutes, 19 seconds. Time passed: 4 hours, 38 minutes, 59 seconds
2026-07-23 21:45:41,158 - my_experiment - bat_mm_IQL_RNN_42 - my_run - INFO - Recent Stats | t_env:    3456089 | Episode:    17437
blue_team_alives_mean:     2.2543	blue_team_win_mean:        0.0000	ep_length_mean:          196.6988	episode_length_mean:     195.6988
epsilon:                   0.0500	grad_norm:                19.9400	loss:                      1.1135	q_taken_mean:              0.8484
red_team_alives_mean:     20.0000	red_team_win_mean:         1.0000	return_mean:               2.7225	return_std:                0.6163
target_mean:               0.8468	td_error_abs:              0.6264	test_blue_team_alives_mean:  1.4000	test_blue_team_win_mean:   0.0000
test_ep_length_mean:     200.0000	test_episode_length_mean:199.0000	test_red_team_alives_mean: 20.0000	test_red_team_win_mean:    1.0000
test_return_mean:          2.2220	test_return_std:           0.0000	
2026-07-23 21:45:42,060 - my_experiment - bat_mm_IQL_RNN_42 - my_run - INFO - t_env: 3456289 / 5050000
2026-07-23 21:45:42,060 - my_experiment - bat_mm_IQL_RNN_42 - my_run - INFO - Estimated time left: 2 hours, 2 minutes, 41 seconds. Time passed: 4 hours, 42 minutes, 50 seconds
2026-07-23 21:49:04,818 - my_experiment - bat_mm_IQL_RNN_42 - my_run - INFO - Saving models to work_dirs/my_experiment/bat_mm_IQL_RNN_42/my_run/20260723_170215/models/3500601
2026-07-23 21:49:30,300 - my_experiment - bat_mm_IQL_RNN_42 - my_run - INFO - Recent Stats | t_env:    3506201 | Episode:    17692
blue_team_alives_mean:     2.5496	blue_team_win_mean:        0.0000	ep_length_mean:          195.7098	episode_length_mean:     194.7098
epsilon:                   0.0500	grad_norm:                22.6960	loss:                      1.1156	q_taken_mean:              0.8377
red_team_alives_mean:     20.0000	red_team_win_mean:         1.0000	return_mean:               2.6235	return_std:                0.6077
target_mean:               0.8387	td_error_abs:              0.6088	test_blue_team_alives_mean:  1.2000	test_blue_team_win_mean:   0.0000
test_ep_length_mean:     200.0000	test_episode_length_mean:199.0000	test_red_team_alives_mean: 20.0000	test_red_team_win_mean:    1.0000
test_return_mean:          2.8710	test_return_std:           0.0000	
2026-07-23 21:49:31,214 - my_experiment - bat_mm_IQL_RNN_42 - my_run - INFO - t_env: 3506401 / 5050000
2026-07-23 21:49:31,215 - my_experiment - bat_mm_IQL_RNN_42 - my_run - INFO - Estimated time left: 1 hours, 57 minutes, 38 seconds. Time passed: 4 hours, 46 minutes, 39 seconds
2026-07-23 21:53:28,474 - my_experiment - bat_mm_IQL_RNN_42 - my_run - INFO - Recent Stats | t_env:    3556332 | Episode:    17944
blue_team_alives_mean:     2.9326	blue_team_win_mean:        0.0000	ep_length_mean:          198.9451	episode_length_mean:     197.9451
epsilon:                   0.0500	grad_norm:                22.8436	loss:                      1.0727	q_taken_mean:              0.8141
red_team_alives_mean:     20.0000	red_team_win_mean:         1.0000	return_mean:               2.5288	return_std:                0.5165
target_mean:               0.8153	td_error_abs:              0.5932	test_blue_team_alives_mean:  1.2000	test_blue_team_win_mean:   0.0000
test_ep_length_mean:     200.0000	test_episode_length_mean:199.0000	test_red_team_alives_mean: 20.0000	test_red_team_win_mean:    1.0000
test_return_mean:          3.2240	test_return_std:           0.0000	
2026-07-23 21:53:29,523 - my_experiment - bat_mm_IQL_RNN_42 - my_run - INFO - t_env: 3556532 / 5050000
2026-07-23 21:53:29,523 - my_experiment - bat_mm_IQL_RNN_42 - my_run - INFO - Estimated time left: 1 hours, 58 minutes, 19 seconds. Time passed: 4 hours, 50 minutes, 37 seconds
2026-07-23 21:57:33,789 - my_experiment - bat_mm_IQL_RNN_42 - my_run - INFO - Recent Stats | t_env:    3606454 | Episode:    18196
blue_team_alives_mean:     3.2547	blue_team_win_mean:        0.0000	ep_length_mean:          199.4588	episode_length_mean:     198.4588
epsilon:                   0.0500	grad_norm:                12.0408	loss:                      1.0451	q_taken_mean:              0.7987
red_team_alives_mean:     20.0000	red_team_win_mean:         1.0000	return_mean:               2.4815	return_std:                0.4952
target_mean:               0.7970	td_error_abs:              0.5957	test_blue_team_alives_mean:  1.6000	test_blue_team_win_mean:   0.0000
test_ep_length_mean:     200.0000	test_episode_length_mean:199.0000	test_red_team_alives_mean: 20.0000	test_red_team_win_mean:    1.0000
test_return_mean:          3.1440	test_return_std:           0.0000	
2026-07-23 21:57:34,817 - my_experiment - bat_mm_IQL_RNN_42 - my_run - INFO - t_env: 3606654 / 5050000
2026-07-23 21:57:34,817 - my_experiment - bat_mm_IQL_RNN_42 - my_run - INFO - Estimated time left: 1 hours, 57 minutes, 43 seconds. Time passed: 4 hours, 54 minutes, 43 seconds
2026-07-23 22:01:38,173 - my_experiment - bat_mm_IQL_RNN_42 - my_run - INFO - Recent Stats | t_env:    3656582 | Episode:    18448
blue_team_alives_mean:     3.2373	blue_team_win_mean:        0.0000	ep_length_mean:          198.3843	episode_length_mean:     197.3843
epsilon:                   0.0500	grad_norm:                25.0179	loss:                      1.0389	q_taken_mean:              0.7761
red_team_alives_mean:     20.0000	red_team_win_mean:         1.0000	return_mean:               2.5169	return_std:                0.5916
target_mean:               0.7728	td_error_abs:              0.6146	test_blue_team_alives_mean:  2.4000	test_blue_team_win_mean:   0.0000
test_ep_length_mean:     200.0000	test_episode_length_mean:199.0000	test_red_team_alives_mean: 20.0000	test_red_team_win_mean:    1.0000
test_return_mean:          3.0350	test_return_std:           0.0000	
2026-07-23 22:01:39,081 - my_experiment - bat_mm_IQL_RNN_42 - my_run - INFO - t_env: 3656782 / 5050000
2026-07-23 22:01:39,082 - my_experiment - bat_mm_IQL_RNN_42 - my_run - INFO - Estimated time left: 1 hours, 53 minutes, 8 seconds. Time passed: 4 hours, 58 minutes, 47 seconds
2026-07-23 22:05:34,243 - my_experiment - bat_mm_IQL_RNN_42 - my_run - INFO - Recent Stats | t_env:    3706614 | Episode:    18700
blue_team_alives_mean:     3.1758	blue_team_win_mean:        0.0000	ep_length_mean:          199.0654	episode_length_mean:     198.0654
epsilon:                   0.0500	grad_norm:                12.2564	loss:                      1.0178	q_taken_mean:              0.7718
red_team_alives_mean:     20.0000	red_team_win_mean:         1.0000	return_mean:               2.6120	return_std:                0.5936
target_mean:               0.7719	td_error_abs:              0.5689	test_blue_team_alives_mean:  2.8000	test_blue_team_win_mean:   0.0000
test_ep_length_mean:     200.0000	test_episode_length_mean:199.0000	test_red_team_alives_mean: 20.0000	test_red_team_win_mean:    1.0000
test_return_mean:          3.0090	test_return_std:           0.0000	
2026-07-23 22:05:35,157 - my_experiment - bat_mm_IQL_RNN_42 - my_run - INFO - t_env: 3706814 / 5050000
2026-07-23 22:05:35,158 - my_experiment - bat_mm_IQL_RNN_42 - my_run - INFO - Estimated time left: 1 hours, 45 minutes, 37 seconds. Time passed: 5 hours, 2 minutes, 43 seconds
2026-07-23 22:09:25,959 - my_experiment - bat_mm_IQL_RNN_42 - my_run - INFO - Recent Stats | t_env:    3756795 | Episode:    18953
blue_team_alives_mean:     2.8161	blue_team_win_mean:        0.0000	ep_length_mean:          197.8880	episode_length_mean:     196.8880
epsilon:                   0.0500	grad_norm:                16.3259	loss:                      1.0133	q_taken_mean:              0.7623
red_team_alives_mean:     20.0000	red_team_win_mean:         1.0000	return_mean:               2.6864	return_std:                0.6072
target_mean:               0.7634	td_error_abs:              0.5572	test_blue_team_alives_mean:  2.8000	test_blue_team_win_mean:   0.0000
test_ep_length_mean:     200.0000	test_episode_length_mean:199.0000	test_red_team_alives_mean: 20.0000	test_red_team_win_mean:    1.0000
test_return_mean:          2.9330	test_return_std:           0.0000	
2026-07-23 22:09:26,863 - my_experiment - bat_mm_IQL_RNN_42 - my_run - INFO - t_env: 3756995 / 5050000
2026-07-23 22:09:26,864 - my_experiment - bat_mm_IQL_RNN_42 - my_run - INFO - Estimated time left: 1 hours, 39 minutes, 30 seconds. Time passed: 5 hours, 6 minutes, 35 seconds
2026-07-23 22:13:17,463 - my_experiment - bat_mm_IQL_RNN_42 - my_run - INFO - Recent Stats | t_env:    3806937 | Episode:    19205
blue_team_alives_mean:     2.4085	blue_team_win_mean:        0.0000	ep_length_mean:          199.0077	episode_length_mean:     198.0077
epsilon:                   0.0500	grad_norm:                28.5033	loss:                      1.0261	q_taken_mean:              0.7427
red_team_alives_mean:     20.0000	red_team_win_mean:         1.0000	return_mean:               2.7796	return_std:                0.4466
target_mean:               0.7446	td_error_abs:              0.5796	test_blue_team_alives_mean:  2.6000	test_blue_team_win_mean:   0.0000
test_ep_length_mean:     200.0000	test_episode_length_mean:199.0000	test_red_team_alives_mean: 20.0000	test_red_team_win_mean:    1.0000
test_return_mean:          2.9380	test_return_std:           0.0000	
2026-07-23 22:13:18,496 - my_experiment - bat_mm_IQL_RNN_42 - my_run - INFO - t_env: 3807137 / 5050000
2026-07-23 22:13:18,496 - my_experiment - bat_mm_IQL_RNN_42 - my_run - INFO - Estimated time left: 1 hours, 35 minutes, 41 seconds. Time passed: 5 hours, 10 minutes, 26 seconds
2026-07-23 22:17:13,364 - my_experiment - bat_mm_IQL_RNN_42 - my_run - INFO - Recent Stats | t_env:    3856941 | Episode:    19456
blue_team_alives_mean:     2.5199	blue_team_win_mean:        0.0000	ep_length_mean:          199.2314	episode_length_mean:     198.2314
epsilon:                   0.0500	grad_norm:                23.2048	loss:                      0.9884	q_taken_mean:              0.7443
red_team_alives_mean:     20.0000	red_team_win_mean:         1.0000	return_mean:               2.7115	return_std:                0.5256
target_mean:               0.7458	td_error_abs:              0.5597	test_blue_team_alives_mean:  2.2000	test_blue_team_win_mean:   0.0000
test_ep_length_mean:     200.0000	test_episode_length_mean:199.0000	test_red_team_alives_mean: 20.0000	test_red_team_win_mean:    1.0000
test_return_mean:          3.0250	test_return_std:           0.0000	
2026-07-23 22:17:14,385 - my_experiment - bat_mm_IQL_RNN_42 - my_run - INFO - t_env: 3857141 / 5050000
2026-07-23 22:17:14,386 - my_experiment - bat_mm_IQL_RNN_42 - my_run - INFO - Estimated time left: 1 hours, 33 minutes, 47 seconds. Time passed: 5 hours, 14 minutes, 22 seconds
2026-07-23 22:21:13,095 - my_experiment - bat_mm_IQL_RNN_42 - my_run - INFO - Recent Stats | t_env:    3906990 | Episode:    19709
blue_team_alives_mean:     2.6906	blue_team_win_mean:        0.0000	ep_length_mean:          197.8694	episode_length_mean:     196.8694
epsilon:                   0.0500	grad_norm:                 9.4573	loss:                      0.9746	q_taken_mean:              0.7428
red_team_alives_mean:     20.0000	red_team_win_mean:         1.0000	return_mean:               2.6372	return_std:                0.5983
target_mean:               0.7439	td_error_abs:              0.5350	test_blue_team_alives_mean:  1.6000	test_blue_team_win_mean:   0.0000
test_ep_length_mean:     200.0000	test_episode_length_mean:199.0000	test_red_team_alives_mean: 20.0000	test_red_team_win_mean:    1.0000
test_return_mean:          3.2070	test_return_std:           0.0000	
2026-07-23 22:21:14,025 - my_experiment - bat_mm_IQL_RNN_42 - my_run - INFO - t_env: 3907190 / 5050000
2026-07-23 22:21:14,026 - my_experiment - bat_mm_IQL_RNN_42 - my_run - INFO - Estimated time left: 1 hours, 31 minutes, 11 seconds. Time passed: 5 hours, 18 minutes, 22 seconds
2026-07-23 22:25:08,365 - my_experiment - bat_mm_IQL_RNN_42 - my_run - INFO - Recent Stats | t_env:    3957165 | Episode:    19967
blue_team_alives_mean:     2.2359	blue_team_win_mean:        0.0000	ep_length_mean:          196.1220	episode_length_mean:     195.1220
epsilon:                   0.0500	grad_norm:                13.8558	loss:                      0.9380	q_taken_mean:              0.7223
red_team_alives_mean:     20.0000	red_team_win_mean:         1.0000	return_mean:               2.8492	return_std:                0.5447
target_mean:               0.7231	td_error_abs:              0.5416	test_blue_team_alives_mean:  1.6000	test_blue_team_win_mean:   0.0000
test_ep_length_mean:     200.0000	test_episode_length_mean:199.0000	test_red_team_alives_mean: 20.0000	test_red_team_win_mean:    1.0000
test_return_mean:          3.1500	test_return_std:           0.0000	
2026-07-23 22:25:09,301 - my_experiment - bat_mm_IQL_RNN_42 - my_run - INFO - t_env: 3957365 / 5050000
2026-07-23 22:25:09,301 - my_experiment - bat_mm_IQL_RNN_42 - my_run - INFO - Estimated time left: 1 hours, 25 minutes, 23 seconds. Time passed: 5 hours, 22 minutes, 17 seconds
2026-07-23 22:28:37,158 - my_experiment - bat_mm_IQL_RNN_42 - my_run - INFO - Saving models to work_dirs/my_experiment/bat_mm_IQL_RNN_42/my_run/20260723_170215/models/4000795
2026-07-23 22:29:08,492 - my_experiment - bat_mm_IQL_RNN_42 - my_run - INFO - Recent Stats | t_env:    4007318 | Episode:    20224
blue_team_alives_mean:     2.0467	blue_team_win_mean:        0.0000	ep_length_mean:          194.7241	episode_length_mean:     193.7241
epsilon:                   0.0500	grad_norm:                 5.0593	loss:                      0.9497	q_taken_mean:              0.7135
red_team_alives_mean:     20.0000	red_team_win_mean:         1.0000	return_mean:               2.9305	return_std:                0.5089
target_mean:               0.7149	td_error_abs:              0.5211	test_blue_team_alives_mean:  1.8000	test_blue_team_win_mean:   0.0000
test_ep_length_mean:     200.0000	test_episode_length_mean:199.0000	test_red_team_alives_mean: 20.0000	test_red_team_win_mean:    1.0000
test_return_mean:          3.1410	test_return_std:           0.0000	
2026-07-23 22:29:09,425 - my_experiment - bat_mm_IQL_RNN_42 - my_run - INFO - t_env: 4007518 / 5050000
2026-07-23 22:29:09,426 - my_experiment - bat_mm_IQL_RNN_42 - my_run - INFO - Estimated time left: 1 hours, 23 minutes, 11 seconds. Time passed: 5 hours, 26 minutes, 17 seconds
2026-07-23 22:33:09,108 - my_experiment - bat_mm_IQL_RNN_42 - my_run - INFO - Recent Stats | t_env:    4057481 | Episode:    20484
blue_team_alives_mean:     2.0845	blue_team_win_mean:        0.0000	ep_length_mean:          193.3730	episode_length_mean:     192.3730
epsilon:                   0.0500	grad_norm:                21.4976	loss:                      1.0078	q_taken_mean:              0.7106
red_team_alives_mean:     20.0000	red_team_win_mean:         1.0000	return_mean:               3.0004	return_std:                0.5627
target_mean:               0.7084	td_error_abs:              0.5697	test_blue_team_alives_mean:  1.8000	test_blue_team_win_mean:   0.0000
test_ep_length_mean:     200.0000	test_episode_length_mean:199.0000	test_red_team_alives_mean: 20.0000	test_red_team_win_mean:    1.0000
test_return_mean:          3.2530	test_return_std:           0.0000	
2026-07-23 22:33:09,645 - my_experiment - bat_mm_IQL_RNN_42 - my_run - INFO - t_env: 4057558 / 5050000
2026-07-23 22:33:09,646 - my_experiment - bat_mm_IQL_RNN_42 - my_run - INFO - Estimated time left: 1 hours, 19 minutes, 24 seconds. Time passed: 5 hours, 30 minutes, 18 seconds
2026-07-23 22:37:05,638 - my_experiment - bat_mm_IQL_RNN_42 - my_run - INFO - Recent Stats | t_env:    4107506 | Episode:    20749
blue_team_alives_mean:     2.1252	blue_team_win_mean:        0.0000	ep_length_mean:          187.7960	episode_length_mean:     186.7960
epsilon:                   0.0500	grad_norm:                16.1451	loss:                      0.9768	q_taken_mean:              0.6964
red_team_alives_mean:     20.0000	red_team_win_mean:         1.0000	return_mean:               3.0925	return_std:                0.6251
target_mean:               0.7008	td_error_abs:              0.5140	test_blue_team_alives_mean:  2.2000	test_blue_team_win_mean:   0.0000
test_ep_length_mean:     200.0000	test_episode_length_mean:199.0000	test_red_team_alives_mean: 20.0000	test_red_team_win_mean:    1.0000
test_return_mean:          3.1730	test_return_std:           0.0000	
2026-07-23 22:37:06,572 - my_experiment - bat_mm_IQL_RNN_42 - my_run - INFO - t_env: 4107706 / 5050000
2026-07-23 22:37:06,573 - my_experiment - bat_mm_IQL_RNN_42 - my_run - INFO - Estimated time left: 1 hours, 14 minutes, 11 seconds. Time passed: 5 hours, 34 minutes, 15 seconds
2026-07-23 22:41:03,544 - my_experiment - bat_mm_IQL_RNN_42 - my_run - INFO - Recent Stats | t_env:    4157645 | Episode:    21008
blue_team_alives_mean:     2.2342	blue_team_win_mean:        0.0000	ep_length_mean:          194.5682	episode_length_mean:     193.5682
epsilon:                   0.0500	grad_norm:                19.2104	loss:                      1.0243	q_taken_mean:              0.7096
red_team_alives_mean:     20.0000	red_team_win_mean:         1.0000	return_mean:               2.9563	return_std:                0.5416
target_mean:               0.7091	td_error_abs:              0.5609	test_blue_team_alives_mean:  2.2000	test_blue_team_win_mean:   0.0000
test_ep_length_mean:     200.0000	test_episode_length_mean:199.0000	test_red_team_alives_mean: 20.0000	test_red_team_win_mean:    1.0000
test_return_mean:          3.1640	test_return_std:           0.0000	
2026-07-23 22:41:04,474 - my_experiment - bat_mm_IQL_RNN_42 - my_run - INFO - t_env: 4157845 / 5050000
2026-07-23 22:41:04,474 - my_experiment - bat_mm_IQL_RNN_42 - my_run - INFO - Estimated time left: 1 hours, 10 minutes, 33 seconds. Time passed: 5 hours, 38 minutes, 12 seconds
2026-07-23 22:45:06,745 - my_experiment - bat_mm_IQL_RNN_42 - my_run - INFO - Recent Stats | t_env:    4207750 | Episode:    21272
blue_team_alives_mean:     1.9667	blue_team_win_mean:        0.0000	ep_length_mean:          189.1133	episode_length_mean:     188.1133
epsilon:                   0.0500	grad_norm:                13.7843	loss:                      0.9449	q_taken_mean:              0.6958
red_team_alives_mean:     20.0000	red_team_win_mean:         1.0000	return_mean:               3.1041	return_std:                0.5688
target_mean:               0.6940	td_error_abs:              0.5451	test_blue_team_alives_mean:  2.0000	test_blue_team_win_mean:   0.0000
test_ep_length_mean:     200.0000	test_episode_length_mean:199.0000	test_red_team_alives_mean: 20.0000	test_red_team_win_mean:    1.0000
test_return_mean:          3.0490	test_return_std:           0.0000	
2026-07-23 22:45:07,676 - my_experiment - bat_mm_IQL_RNN_42 - my_run - INFO - t_env: 4207950 / 5050000
2026-07-23 22:45:07,677 - my_experiment - bat_mm_IQL_RNN_42 - my_run - INFO - Estimated time left: 1 hours, 8 minutes, 7 seconds. Time passed: 5 hours, 42 minutes, 16 seconds
2026-07-23 22:49:10,402 - my_experiment - bat_mm_IQL_RNN_42 - my_run - INFO - Recent Stats | t_env:    4257771 | Episode:    21537
blue_team_alives_mean:     2.0614	blue_team_win_mean:        0.0000	ep_length_mean:          190.3805	episode_length_mean:     189.3805
epsilon:                   0.0500	grad_norm:                43.2897	loss:                      1.1515	q_taken_mean:              0.6977
red_team_alives_mean:     20.0000	red_team_win_mean:         1.0000	return_mean:               3.0296	return_std:                0.6411
target_mean:               0.7019	td_error_abs:              0.5996	test_blue_team_alives_mean:  2.0000	test_blue_team_win_mean:   0.0000
test_ep_length_mean:     200.0000	test_episode_length_mean:199.0000	test_red_team_alives_mean: 20.0000	test_red_team_win_mean:    1.0000
test_return_mean:          3.1440	test_return_std:           0.0000	
2026-07-23 22:49:11,827 - my_experiment - bat_mm_IQL_RNN_42 - my_run - INFO - t_env: 4258032 / 5050000
2026-07-23 22:49:11,827 - my_experiment - bat_mm_IQL_RNN_42 - my_run - INFO - Estimated time left: 1 hours, 4 minutes, 20 seconds. Time passed: 5 hours, 46 minutes, 20 seconds
2026-07-23 22:53:11,425 - my_experiment - bat_mm_IQL_RNN_42 - my_run - INFO - Recent Stats | t_env:    4307837 | Episode:    21805
blue_team_alives_mean:     2.2437	blue_team_win_mean:        0.0000	ep_length_mean:          185.6956	episode_length_mean:     184.6956
epsilon:                   0.0500	grad_norm:                28.4707	loss:                      1.0734	q_taken_mean:              0.6965
red_team_alives_mean:     20.0000	red_team_win_mean:         1.0000	return_mean:               3.0373	return_std:                0.7023
target_mean:               0.6999	td_error_abs:              0.5397	test_blue_team_alives_mean:  2.2000	test_blue_team_win_mean:   0.0000
test_ep_length_mean:     200.0000	test_episode_length_mean:199.0000	test_red_team_alives_mean: 20.0000	test_red_team_win_mean:    1.0000
test_return_mean:          3.1070	test_return_std:           0.0000	
2026-07-23 22:53:12,351 - my_experiment - bat_mm_IQL_RNN_42 - my_run - INFO - t_env: 4308037 / 5050000
2026-07-23 22:53:12,351 - my_experiment - bat_mm_IQL_RNN_42 - my_run - INFO - Estimated time left: 59 minutes, 28 seconds. Time passed: 5 hours, 50 minutes, 20 seconds
2026-07-23 22:57:15,473 - my_experiment - bat_mm_IQL_RNN_42 - my_run - INFO - Recent Stats | t_env:    4357977 | Episode:    22070
blue_team_alives_mean:     1.9266	blue_team_win_mean:        0.0000	ep_length_mean:          189.8147	episode_length_mean:     188.8147
epsilon:                   0.0500	grad_norm:                16.6732	loss:                      0.9622	q_taken_mean:              0.6866
red_team_alives_mean:     20.0000	red_team_win_mean:         1.0000	return_mean:               3.0318	return_std:                0.5795
target_mean:               0.6820	td_error_abs:              0.5515	test_blue_team_alives_mean:  2.0000	test_blue_team_win_mean:   0.0000
test_ep_length_mean:     200.0000	test_episode_length_mean:199.0000	test_red_team_alives_mean: 20.0000	test_red_team_win_mean:    1.0000
test_return_mean:          3.2110	test_return_std:           0.0000	
2026-07-23 22:57:15,978 - my_experiment - bat_mm_IQL_RNN_42 - my_run - INFO - t_env: 4358043 / 5050000
2026-07-23 22:57:15,978 - my_experiment - bat_mm_IQL_RNN_42 - my_run - INFO - Estimated time left: 56 minutes, 11 seconds. Time passed: 5 hours, 54 minutes, 24 seconds
2026-07-23 23:01:22,817 - my_experiment - bat_mm_IQL_RNN_42 - my_run - INFO - t_env: 4408084 / 5050000
2026-07-23 23:01:22,818 - my_experiment - bat_mm_IQL_RNN_42 - my_run - INFO - Estimated time left: 52 minutes, 46 seconds. Time passed: 5 hours, 58 minutes, 31 seconds
2026-07-23 23:01:23,533 - my_experiment - bat_mm_IQL_RNN_42 - my_run - INFO - Recent Stats | t_env:    4408084 | Episode:    22350
blue_team_alives_mean:     1.7777	blue_team_win_mean:        0.0000	ep_length_mean:          180.2466	episode_length_mean:     179.2466
epsilon:                   0.0500	grad_norm:                19.5673	loss:                      0.9685	q_taken_mean:              0.6812
red_team_alives_mean:     20.0000	red_team_win_mean:         1.0000	return_mean:               3.2476	return_std:                0.6753
target_mean:               0.6750	td_error_abs:              0.5633	test_blue_team_alives_mean:  1.6000	test_blue_team_win_mean:   0.0000
test_ep_length_mean:     200.0000	test_episode_length_mean:199.0000	test_red_team_alives_mean: 20.0000	test_red_team_win_mean:    1.0000
test_return_mean:          3.4770	test_return_std:           0.0000	
2026-07-23 23:05:28,858 - my_experiment - bat_mm_IQL_RNN_42 - my_run - INFO - t_env: 4458191 / 5050000
2026-07-23 23:05:28,859 - my_experiment - bat_mm_IQL_RNN_42 - my_run - INFO - Estimated time left: 48 minutes, 25 seconds. Time passed: 6 hours, 2 minutes, 37 seconds
2026-07-23 23:05:29,496 - my_experiment - bat_mm_IQL_RNN_42 - my_run - INFO - Recent Stats | t_env:    4458191 | Episode:    22624
blue_team_alives_mean:     1.8264	blue_team_win_mean:        0.0000	ep_length_mean:          181.8637	episode_length_mean:     180.8637
epsilon:                   0.0500	grad_norm:                 8.9367	loss:                      0.9435	q_taken_mean:              0.6452
red_team_alives_mean:     20.0000	red_team_win_mean:         1.0000	return_mean:               3.1927	return_std:                0.6548
target_mean:               0.6469	td_error_abs:              0.4992	test_blue_team_alives_mean:  2.0000	test_blue_team_win_mean:   0.0000
test_ep_length_mean:     200.0000	test_episode_length_mean:199.0000	test_red_team_alives_mean: 20.0000	test_red_team_win_mean:    1.0000
test_return_mean:          3.3500	test_return_std:           0.0000	
2026-07-23 23:09:03,905 - my_experiment - bat_mm_IQL_RNN_42 - my_run - INFO - Saving models to work_dirs/my_experiment/bat_mm_IQL_RNN_42/my_run/20260723_170215/models/4500946
2026-07-23 23:09:40,389 - my_experiment - bat_mm_IQL_RNN_42 - my_run - INFO - t_env: 4508343 / 5050000
2026-07-23 23:09:40,390 - my_experiment - bat_mm_IQL_RNN_42 - my_run - INFO - Estimated time left: 45 minutes, 16 seconds. Time passed: 6 hours, 6 minutes, 48 seconds
2026-07-23 23:09:41,110 - my_experiment - bat_mm_IQL_RNN_42 - my_run - INFO - Recent Stats | t_env:    4508343 | Episode:    22910
blue_team_alives_mean:     2.0459	blue_team_win_mean:        0.0000	ep_length_mean:          176.6280	episode_length_mean:     175.6280
epsilon:                   0.0500	grad_norm:                 5.8664	loss:                      0.9288	q_taken_mean:              0.6384
red_team_alives_mean:     20.0000	red_team_win_mean:         1.0000	return_mean:               3.2457	return_std:                0.7597
target_mean:               0.6385	td_error_abs:              0.5091	test_blue_team_alives_mean:  2.2000	test_blue_team_win_mean:   0.0000
test_ep_length_mean:     200.0000	test_episode_length_mean:199.0000	test_red_team_alives_mean: 20.0000	test_red_team_win_mean:    1.0000
test_return_mean:          3.3320	test_return_std:           0.0000	
2026-07-23 23:13:41,250 - my_experiment - bat_mm_IQL_RNN_42 - my_run - INFO - t_env: 4558419 / 5050000
2026-07-23 23:13:41,251 - my_experiment - bat_mm_IQL_RNN_42 - my_run - INFO - Estimated time left: 39 minutes, 24 seconds. Time passed: 6 hours, 10 minutes, 49 seconds
2026-07-23 23:13:41,876 - my_experiment - bat_mm_IQL_RNN_42 - my_run - INFO - Recent Stats | t_env:    4558419 | Episode:    23177
blue_team_alives_mean:     2.3540	blue_team_win_mean:        0.0000	ep_length_mean:          186.9562	episode_length_mean:     185.9562
epsilon:                   0.0500	grad_norm:                13.4183	loss:                      0.9917	q_taken_mean:              0.6392
red_team_alives_mean:     20.0000	red_team_win_mean:         1.0000	return_mean:               3.0633	return_std:                0.6917
target_mean:               0.6390	td_error_abs:              0.5350	test_blue_team_alives_mean:  2.2000	test_blue_team_win_mean:   0.0000
test_ep_length_mean:     200.0000	test_episode_length_mean:199.0000	test_red_team_alives_mean: 20.0000	test_red_team_win_mean:    1.0000
test_return_mean:          3.3270	test_return_std:           0.0000	
2026-07-23 23:17:38,340 - my_experiment - bat_mm_IQL_RNN_42 - my_run - INFO - t_env: 4608476 / 5050000
2026-07-23 23:17:38,341 - my_experiment - bat_mm_IQL_RNN_42 - my_run - INFO - Estimated time left: 34 minutes, 51 seconds. Time passed: 6 hours, 14 minutes, 46 seconds
2026-07-23 23:17:39,091 - my_experiment - bat_mm_IQL_RNN_42 - my_run - INFO - Recent Stats | t_env:    4608476 | Episode:    23439
blue_team_alives_mean:     2.9646	blue_team_win_mean:        0.0000	ep_length_mean:          190.7994	episode_length_mean:     189.7994
epsilon:                   0.0500	grad_norm:                 8.8374	loss:                      0.9521	q_taken_mean:              0.6191
red_team_alives_mean:     20.0000	red_team_win_mean:         0.9924	return_mean:               2.7960	return_std:                0.8176
target_mean:               0.6200	td_error_abs:              0.5105	test_blue_team_alives_mean:  3.6000	test_blue_team_win_mean:   0.0000
test_ep_length_mean:     200.0000	test_episode_length_mean:199.0000	test_red_team_alives_mean: 20.0000	test_red_team_win_mean:    1.0000
test_return_mean:          2.9360	test_return_std:           0.0000	
2026-07-23 23:21:38,187 - my_experiment - bat_mm_IQL_RNN_42 - my_run - INFO - t_env: 4658672 / 5050000
2026-07-23 23:21:38,188 - my_experiment - bat_mm_IQL_RNN_42 - my_run - INFO - Estimated time left: 31 minutes, 9 seconds. Time passed: 6 hours, 18 minutes, 46 seconds
2026-07-23 23:21:38,860 - my_experiment - bat_mm_IQL_RNN_42 - my_run - INFO - Recent Stats | t_env:    4658672 | Episode:    23695
blue_team_alives_mean:     5.8520	blue_team_win_mean:        0.0000	ep_length_mean:          196.1180	episode_length_mean:     195.1180
epsilon:                   0.0500	grad_norm:                 8.4862	loss:                      0.9324	q_taken_mean:              0.5962
red_team_alives_mean:     20.0000	red_team_win_mean:         0.9572	return_mean:               1.9514	return_std:                1.2906
target_mean:               0.5961	td_error_abs:              0.5216	test_blue_team_alives_mean:  5.4000	test_blue_team_win_mean:   0.0000
test_ep_length_mean:     200.0000	test_episode_length_mean:199.0000	test_red_team_alives_mean: 20.0000	test_red_team_win_mean:    1.0000
test_return_mean:          2.3460	test_return_std:           0.0000	
2026-07-23 23:25:49,996 - my_experiment - bat_mm_IQL_RNN_42 - my_run - INFO - t_env: 4708672 / 5050000
2026-07-23 23:25:49,997 - my_experiment - bat_mm_IQL_RNN_42 - my_run - INFO - Estimated time left: 28 minutes, 38 seconds. Time passed: 6 hours, 22 minutes, 58 seconds
2026-07-23 23:25:50,671 - my_experiment - bat_mm_IQL_RNN_42 - my_run - INFO - Recent Stats | t_env:    4708672 | Episode:    23945
blue_team_alives_mean:    16.4560	blue_team_win_mean:        0.0000	ep_length_mean:          200.0000	episode_length_mean:     199.0000
epsilon:                   0.0500	grad_norm:                 5.9850	loss:                      0.8564	q_taken_mean:              0.5960
red_team_alives_mean:     20.0000	red_team_win_mean:         0.4240	return_mean:              -0.9227	return_std:                1.1875
target_mean:               0.5958	td_error_abs:              0.4957	test_blue_team_alives_mean:  8.6000	test_blue_team_win_mean:   0.0000
test_ep_length_mean:     200.0000	test_episode_length_mean:199.0000	test_red_team_alives_mean: 20.0000	test_red_team_win_mean:    0.8000
test_return_mean:          1.4410	test_return_std:           0.0000	
2026-07-23 23:29:58,846 - my_experiment - bat_mm_IQL_RNN_42 - my_run - INFO - t_env: 4758672 / 5050000
2026-07-23 23:29:58,847 - my_experiment - bat_mm_IQL_RNN_42 - my_run - INFO - Estimated time left: 24 minutes, 9 seconds. Time passed: 6 hours, 27 minutes, 7 seconds
2026-07-23 23:29:59,524 - my_experiment - bat_mm_IQL_RNN_42 - my_run - INFO - Recent Stats | t_env:    4758672 | Episode:    24195
blue_team_alives_mean:    19.4320	blue_team_win_mean:        0.0000	ep_length_mean:          200.0000	episode_length_mean:     199.0000
epsilon:                   0.0500	grad_norm:                 6.5285	loss:                      0.8006	q_taken_mean:              0.5818
red_team_alives_mean:     20.0000	red_team_win_mean:         0.1600	return_mean:              -1.6061	return_std:                0.4733
target_mean:               0.5812	td_error_abs:              0.4673	test_blue_team_alives_mean: 12.0000	test_blue_team_win_mean:   0.0000
test_ep_length_mean:     200.0000	test_episode_length_mean:199.0000	test_red_team_alives_mean: 20.0000	test_red_team_win_mean:    0.6000
test_return_mean:          0.4020	test_return_std:           0.0000	
2026-07-23 23:34:10,116 - my_experiment - bat_mm_IQL_RNN_42 - my_run - INFO - t_env: 4808672 / 5050000
2026-07-23 23:34:10,117 - my_experiment - bat_mm_IQL_RNN_42 - my_run - INFO - Estimated time left: 20 minutes, 12 seconds. Time passed: 6 hours, 31 minutes, 18 seconds
2026-07-23 23:34:10,787 - my_experiment - bat_mm_IQL_RNN_42 - my_run - INFO - Recent Stats | t_env:    4808672 | Episode:    24445
blue_team_alives_mean:    19.3000	blue_team_win_mean:        0.0000	ep_length_mean:          200.0000	episode_length_mean:     199.0000
epsilon:                   0.0500	grad_norm:                12.0814	loss:                      0.7172	q_taken_mean:              0.5568
red_team_alives_mean:     20.0000	red_team_win_mean:         0.2080	return_mean:              -1.5470	return_std:                0.4425
target_mean:               0.5599	td_error_abs:              0.4220	test_blue_team_alives_mean: 15.6000	test_blue_team_win_mean:   0.0000
test_ep_length_mean:     200.0000	test_episode_length_mean:199.0000	test_red_team_alives_mean: 20.0000	test_red_team_win_mean:    0.4000
test_return_mean:         -0.5120	test_return_std:           0.0000	
2026-07-23 23:38:12,444 - my_experiment - bat_mm_IQL_RNN_42 - my_run - INFO - t_env: 4858672 / 5050000
2026-07-23 23:38:12,445 - my_experiment - bat_mm_IQL_RNN_42 - my_run - INFO - Estimated time left: 15 minutes, 27 seconds. Time passed: 6 hours, 35 minutes, 20 seconds
2026-07-23 23:38:13,119 - my_experiment - bat_mm_IQL_RNN_42 - my_run - INFO - Recent Stats | t_env:    4858672 | Episode:    24695
blue_team_alives_mean:    18.4080	blue_team_win_mean:        0.0000	ep_length_mean:          200.0000	episode_length_mean:     199.0000
epsilon:                   0.0500	grad_norm:                31.3442	loss:                      0.6106	q_taken_mean:              0.5302
red_team_alives_mean:     20.0000	red_team_win_mean:         0.4760	return_mean:              -1.2529	return_std:                0.5789
target_mean:               0.5245	td_error_abs:              0.4556	test_blue_team_alives_mean: 17.2000	test_blue_team_win_mean:   0.0000
test_ep_length_mean:     200.0000	test_episode_length_mean:199.0000	test_red_team_alives_mean: 20.0000	test_red_team_win_mean:    0.4000
test_return_mean:         -0.9720	test_return_std:           0.0000	
2026-07-23 23:42:17,041 - my_experiment - bat_mm_IQL_RNN_42 - my_run - INFO - t_env: 4908672 / 5050000
2026-07-23 23:42:17,042 - my_experiment - bat_mm_IQL_RNN_42 - my_run - INFO - Estimated time left: 11 minutes, 31 seconds. Time passed: 6 hours, 39 minutes, 25 seconds
2026-07-23 23:42:17,802 - my_experiment - bat_mm_IQL_RNN_42 - my_run - INFO - Recent Stats | t_env:    4908672 | Episode:    24945
blue_team_alives_mean:    16.1880	blue_team_win_mean:        0.0000	ep_length_mean:          200.0000	episode_length_mean:     199.0000
epsilon:                   0.0500	grad_norm:                 6.5425	loss:                      0.5048	q_taken_mean:              0.5021
red_team_alives_mean:     20.0000	red_team_win_mean:         0.6720	return_mean:              -0.6817	return_std:                0.8556
target_mean:               0.5010	td_error_abs:              0.3575	test_blue_team_alives_mean: 16.6000	test_blue_team_win_mean:   0.0000
test_ep_length_mean:     200.0000	test_episode_length_mean:199.0000	test_red_team_alives_mean: 20.0000	test_red_team_win_mean:    0.4000
test_return_mean:         -0.6870	test_return_std:           0.0000	
2026-07-23 23:46:25,811 - my_experiment - bat_mm_IQL_RNN_42 - my_run - INFO - t_env: 4958672 / 5050000
2026-07-23 23:46:25,812 - my_experiment - bat_mm_IQL_RNN_42 - my_run - INFO - Estimated time left: 7 minutes, 34 seconds. Time passed: 6 hours, 43 minutes, 34 seconds
2026-07-23 23:46:26,579 - my_experiment - bat_mm_IQL_RNN_42 - my_run - INFO - Recent Stats | t_env:    4958672 | Episode:    25195
blue_team_alives_mean:    12.5840	blue_team_win_mean:        0.0000	ep_length_mean:          200.0000	episode_length_mean:     199.0000
epsilon:                   0.0500	grad_norm:                 6.7933	loss:                      0.4436	q_taken_mean:              0.4768
red_team_alives_mean:     20.0000	red_team_win_mean:         0.9000	return_mean:               0.2788	return_std:                0.8935
target_mean:               0.4762	td_error_abs:              0.3364	test_blue_team_alives_mean: 15.6000	test_blue_team_win_mean:   0.0000
test_ep_length_mean:     200.0000	test_episode_length_mean:199.0000	test_red_team_alives_mean: 20.0000	test_red_team_win_mean:    0.6000
test_return_mean:         -0.3070	test_return_std:           0.0000	
2026-07-23 23:49:49,754 - my_experiment - bat_mm_IQL_RNN_42 - my_run - INFO - Saving models to work_dirs/my_experiment/bat_mm_IQL_RNN_42/my_run/20260723_170215/models/5001004
2026-07-23 23:50:31,218 - my_experiment - bat_mm_IQL_RNN_42 - my_run - INFO - t_env: 5008804 / 5050000
2026-07-23 23:50:31,219 - my_experiment - bat_mm_IQL_RNN_42 - my_run - INFO - Estimated time left: 3 minutes, 21 seconds. Time passed: 6 hours, 47 minutes, 39 seconds
2026-07-23 23:50:31,888 - my_experiment - bat_mm_IQL_RNN_42 - my_run - INFO - Recent Stats | t_env:    5008804 | Episode:    25446
blue_team_alives_mean:     9.3129	blue_team_win_mean:        0.0000	ep_length_mean:          199.7333	episode_length_mean:     198.7333
epsilon:                   0.0500	grad_norm:                11.2946	loss:                      0.4736	q_taken_mean:              0.4467
red_team_alives_mean:     20.0000	red_team_win_mean:         1.0000	return_mean:               1.1766	return_std:                1.1648
target_mean:               0.4468	td_error_abs:              0.3406	test_blue_team_alives_mean: 13.0000	test_blue_team_win_mean:   0.0000
test_ep_length_mean:     200.0000	test_episode_length_mean:199.0000	test_red_team_alives_mean: 20.0000	test_red_team_win_mean:    0.8000
test_return_mean:          0.5290	test_return_std:           0.0000	
2026-07-23 23:53:50,403 - my_experiment - bat_mm_IQL_RNN_42 - my_run - INFO - Finished Training
