Gym has been unmaintained since 2022 and does not support NumPy 2.0 amongst other critical functionality.
Please upgrade to Gymnasium, the maintained drop-in replacement of Gym, or contact the authors of your software and request that they upgrade.
Users of this version of Gym should be able to simply replace 'import gym' with 'import gymnasium as gym' in the vast majority of cases.
See the migration guide at https://gymnasium.farama.org/introduction/migration_guide/ for additional information.
src/main.py:81: DeprecationWarning: Using or importing the ABCs from 'collections' instead of from 'collections.abc' is deprecated since Python 3.3, and in 3.10 it will stop working
  if isinstance(v, collections.Mapping):
wandb: [wandb.login()] Loaded credentials for https://api.wandb.ai from /home/pparsons/.netrc.
wandb: Currently logged in as: peterparsons02 (peterparsons02-eth-z-rich) to https://api.wandb.ai. Use `wandb login --relogin` to force relogin
wandb: setting up run dxgzk1i8
wandb: Tracking run with wandb version 0.24.1
wandb: Run data is saved locally in /usr/itetnas04/data-scratch-01/pparsons/data/MyExpoComm/wandb/run-20260814_135617-dxgzk1i8
wandb: Run `wandb offline` to turn off syncing.
wandb: Syncing run my_run-bat_60_HybridComm_static_46-20260814_135616
wandb: ⭐️ View project at https://wandb.ai/peterparsons02-eth-z-rich/my_experiment
wandb: 🚀 View run at https://wandb.ai/peterparsons02-eth-z-rich/my_experiment/runs/dxgzk1i8
2026-08-14 13:56:18,924 - my_experiment - bat_60_HybridComm_static_46 - my_run - INFO - Current directory: /usr/itetnas04/data-scratch-01/pparsons/data/MyExpoComm.
2026-08-14 13:56:18,925 - my_experiment - bat_60_HybridComm_static_46 - my_run - INFO - Experiment Parameters:
2026-08-14 13:56:18,926 - my_experiment - bat_60_HybridComm_static_46 - my_run - INFO - 

{   'action_selector': 'epsilon_greedy',
    'add_value_last_step': True,
    'agent': 'ExpoComm_static_cont',
    'agent_output_type': 'q',
    'attention_dim': 16,
    'aux_coef': 0.1,
    'batch_size': 16,
    'batch_size_run': 1,
    'buffer_cpu_only': True,
    'buffer_size': 1000,
    'checkpoint_path': '',
    'double_q': True,
    'env': 'MAgent_Battle',
    'env_args': {   'global_reward': True,
                    'map_name': 'battle_view7',
                    'map_size': 60,
                    'max_cycles': 200,
                    'minimap_mode': False,
                    'pretrained_ckpt': None,
                    'seed': 46},
    'epsilon_anneal_time': 1000000,
    'epsilon_finish': 0.05,
    'epsilon_start': 1.0,
    'evaluate': False,
    'evaluation_epsilon': 0.0,
    'exp_name': 'my_experiment',
    'gamma': 0.99,
    'global_reward': True,
    'grad_norm_clip': 10,
    'hidden_dim': 64,
    'hypergroup': None,
    'label': 'default_label',
    'learner': 'hybrid_comm_learner',
    'learner_log_interval': 10000,
    'load_step': 0,
    'local_results_path': 'results',
    'log_interval': 50000,
    'lr': 0.0005,
    'mac': 'ExpoComm_mac',
    'mixer': None,
    'name': 'bat_60_HybridComm_static_46',
    'neg_num': 20,
    'obs_agent_id': True,
    'obs_individual_obs': False,
    'obs_last_action': True,
    'optim_alpha': 0.99,
    'optim_eps': 1e-05,
    'render': False,
    'repeat_id': 1,
    'run_name': 'my_run',
    'runner': 'episode',
    'runner_log_interval': 10000,
    'save_model': True,
    'save_model_interval': 500000,
    'save_replay': False,
    'seed': 46,
    'standardise_returns': False,
    'standardise_rewards': True,
    't_max': 5050000,
    'target_update_interval_or_tau': 200,
    'temperature': 0.07,
    'test_greedy': True,
    'test_interval': 50000,
    'test_nepisode': 1,
    'topk_neighbors': 7,
    'use_cuda': True,
    'use_rnn': True,
    'use_tensorboard': True,
    'work_dir': 'work_dirs/my_experiment/bat_60_HybridComm_static_46/my_run/20260814_135616'}

/usr/itetnas04/data-scratch-01/pparsons/data/conda_envs/ExpoComm/lib/python3.8/site-packages/pettingzoo/utils/conversions.py:41: UserWarning: The `from_parallel` function is deprecated. Use the `parallel_to_aec` function instead.
  warnings.warn("The `from_parallel` function is deprecated. Use the `parallel_to_aec` function instead.")
/usr/itetnas04/data-scratch-01/pparsons/data/conda_envs/ExpoComm/lib/python3.8/site-packages/pettingzoo/utils/wrappers/base.py:44: UserWarning: The `observation_spaces` dictionary is deprecated. Use the `observation_space` function instead.
  warnings.warn("The `observation_spaces` dictionary is deprecated. Use the `observation_space` function instead.")
/usr/itetnas04/data-scratch-01/pparsons/data/conda_envs/ExpoComm/lib/python3.8/site-packages/pettingzoo/utils/conversions.py:36: UserWarning: The `to_parallel` function is deprecated. Use the `aec_to_parallel` function instead.
  warnings.warn("The `to_parallel` function is deprecated. Use the `aec_to_parallel` function instead.")
/usr/itetnas04/data-scratch-01/pparsons/data/conda_envs/ExpoComm/lib/python3.8/site-packages/pettingzoo/utils/conversions.py:80: UserWarning: The `action_spaces` dictionary is deprecated. Use the `action_space` function instead.
  warnings.warn("The `action_spaces` dictionary is deprecated. Use the `action_space` function instead.")
/usr/itetnas04/data-scratch-01/pparsons/data/conda_envs/ExpoComm/lib/python3.8/site-packages/pettingzoo/utils/wrappers/base.py:52: UserWarning: The `action_spaces` dictionary is deprecated. Use the `action_space` function instead.
  warnings.warn("The `action_spaces` dictionary is deprecated. Use the `action_space` function instead.")
/usr/itetnas04/data-scratch-01/pparsons/data/conda_envs/ExpoComm/lib/python3.8/site-packages/pettingzoo/utils/conversions.py:72: UserWarning: The `observation_spaces` dictionary is deprecated. Use the `observation_space` function instead.
  warnings.warn("The `observation_spaces` dictionary is deprecated. Use the `observation_space` function instead.")
2026-08-14 13:56:24,486 - my_experiment - bat_60_HybridComm_static_46 - my_run - INFO - Beginning training for 5050000 timesteps
/usr/itetnas04/data-scratch-01/pparsons/data/MyExpoComm/src/envs/battle_wrappers.py:265: UserWarning: To copy construct from a tensor, it is recommended to use sourceTensor.clone().detach() or sourceTensor.clone().detach().requires_grad_(True), rather than torch.tensor(sourceTensor).
  actions = torch.tensor(actions, dtype=torch.long)
2026-08-14 13:56:28,929 - my_experiment - bat_60_HybridComm_static_46 - my_run - INFO - t_env: 200 / 5050000
2026-08-14 13:56:28,929 - my_experiment - bat_60_HybridComm_static_46 - my_run - INFO - Estimated time left: 7 minutes, 26 seconds. Time passed: 4 seconds
2026-08-14 13:56:33,212 - my_experiment - bat_60_HybridComm_static_46 - my_run - INFO - Saving models to work_dirs/my_experiment/bat_60_HybridComm_static_46/my_run/20260814_135616/models/200
2026-08-14 14:16:09,322 - my_experiment - bat_60_HybridComm_static_46 - my_run - INFO - Recent Stats | t_env:      50000 | Episode:      250
blue_team_alives_mean:    81.5480	blue_team_win_mean:        0.0000	ep_length_mean:          200.0000	episode_length_mean:     199.0000
epsilon:                   0.9620	grad_norm:                 1.4583	info_nce_loss:             2.3865	loss:                      1.0402
q_loss:                    0.9456	red_team_alives_mean:    143.7120	red_team_win_mean:         1.0000	return_mean:              -5.0111
return_std:                0.2120	test_blue_team_alives_mean:144.0000	test_blue_team_win_mean:   0.0000	test_ep_length_mean:     200.0000
test_episode_length_mean:199.0000	test_red_team_alives_mean:144.0000	test_red_team_win_mean:    0.0000	test_return_mean:        -21.0000
test_return_std:           0.0000	
2026-08-14 14:16:14,125 - my_experiment - bat_60_HybridComm_static_46 - my_run - INFO - t_env: 50200 / 5050000
2026-08-14 14:16:14,126 - my_experiment - bat_60_HybridComm_static_46 - my_run - INFO - Estimated time left: 1 days, 8 hours, 55 minutes, 14 seconds. Time passed: 19 minutes, 49 seconds
2026-08-14 14:35:47,758 - my_experiment - bat_60_HybridComm_static_46 - my_run - INFO - Recent Stats | t_env:     100000 | Episode:      500
blue_team_alives_mean:    76.7480	blue_team_win_mean:        0.0000	ep_length_mean:          200.0000	episode_length_mean:     199.0000
epsilon:                   0.9145	grad_norm:                 7.5650	info_nce_loss:             1.8559	loss:                      0.9201
q_loss:                    0.8365	red_team_alives_mean:    143.6960	red_team_win_mean:         1.0000	return_mean:              -4.7029
return_std:                0.3040	test_blue_team_alives_mean: 91.5000	test_blue_team_win_mean:   0.0000	test_ep_length_mean:     200.0000
test_episode_length_mean:199.0000	test_red_team_alives_mean:144.0000	test_red_team_win_mean:    0.5000	test_return_mean:        -10.9830
test_return_std:           0.0000	
2026-08-14 14:35:52,393 - my_experiment - bat_60_HybridComm_static_46 - my_run - INFO - t_env: 100200 / 5050000
2026-08-14 14:35:52,394 - my_experiment - bat_60_HybridComm_static_46 - my_run - INFO - Estimated time left: 1 days, 8 hours, 24 minutes, 3 seconds. Time passed: 39 minutes, 27 seconds
2026-08-14 14:55:09,295 - my_experiment - bat_60_HybridComm_static_46 - my_run - INFO - Recent Stats | t_env:     150000 | Episode:      750
blue_team_alives_mean:    65.0280	blue_team_win_mean:        0.0000	ep_length_mean:          200.0000	episode_length_mean:     199.0000
epsilon:                   0.8670	grad_norm:                 2.9614	info_nce_loss:             1.3937	loss:                      0.9013
q_loss:                    0.8194	red_team_alives_mean:    143.7640	red_team_win_mean:         1.0000	return_mean:              -4.3361
return_std:                0.4089	test_blue_team_alives_mean: 76.6667	test_blue_team_win_mean:   0.0000	test_ep_length_mean:     200.0000
test_episode_length_mean:199.0000	test_red_team_alives_mean:144.0000	test_red_team_win_mean:    0.6667	test_return_mean:         -9.4933
test_return_std:           0.0000	
2026-08-14 14:55:13,935 - my_experiment - bat_60_HybridComm_static_46 - my_run - INFO - t_env: 150200 / 5050000
2026-08-14 14:55:13,936 - my_experiment - bat_60_HybridComm_static_46 - my_run - INFO - Estimated time left: 1 days, 7 hours, 37 minutes, 6 seconds. Time passed: 58 minutes, 49 seconds
2026-08-14 15:14:22,739 - my_experiment - bat_60_HybridComm_static_46 - my_run - INFO - Recent Stats | t_env:     200000 | Episode:     1000
blue_team_alives_mean:    60.9200	blue_team_win_mean:        0.0000	ep_length_mean:          200.0000	episode_length_mean:     199.0000
epsilon:                   0.8195	grad_norm:                 7.5080	info_nce_loss:             0.9772	loss:                      0.9731
q_loss:                    0.8847	red_team_alives_mean:    143.7880	red_team_win_mean:         1.0000	return_mean:              -4.2396
return_std:                0.5337	test_blue_team_alives_mean: 61.7500	test_blue_team_win_mean:   0.0000	test_ep_length_mean:     200.0000
test_episode_length_mean:199.0000	test_red_team_alives_mean:144.0000	test_red_team_win_mean:    0.7500	test_return_mean:         -7.5731
test_return_std:           0.0000	
2026-08-14 15:14:27,355 - my_experiment - bat_60_HybridComm_static_46 - my_run - INFO - t_env: 200200 / 5050000
2026-08-14 15:14:27,356 - my_experiment - bat_60_HybridComm_static_46 - my_run - INFO - Estimated time left: 1 days, 7 hours, 4 minutes, 37 seconds. Time passed: 1 hours, 18 minutes, 2 seconds
2026-08-14 15:33:11,921 - my_experiment - bat_60_HybridComm_static_46 - my_run - INFO - Recent Stats | t_env:     250000 | Episode:     1250
blue_team_alives_mean:    34.1040	blue_team_win_mean:        0.0000	ep_length_mean:          200.0000	episode_length_mean:     199.0000
epsilon:                   0.7720	grad_norm:                 7.0463	info_nce_loss:             0.3243	loss:                      1.0824
q_loss:                    0.9840	red_team_alives_mean:    143.8600	red_team_win_mean:         1.0000	return_mean:              -3.0843
return_std:                0.3959	test_blue_team_alives_mean: 63.4000	test_blue_team_win_mean:   0.0000	test_ep_length_mean:     200.0000
test_episode_length_mean:199.0000	test_red_team_alives_mean:143.8000	test_red_team_win_mean:    0.8000	test_return_mean:         -7.3543
test_return_std:           0.0000	
2026-08-14 15:33:16,353 - my_experiment - bat_60_HybridComm_static_46 - my_run - INFO - t_env: 250200 / 5050000
2026-08-14 15:33:16,354 - my_experiment - bat_60_HybridComm_static_46 - my_run - INFO - Estimated time left: 1 days, 6 hours, 6 minutes, 19 seconds. Time passed: 1 hours, 36 minutes, 51 seconds
2026-08-14 15:51:23,286 - my_experiment - bat_60_HybridComm_static_46 - my_run - INFO - Recent Stats | t_env:     300174 | Episode:     1501
blue_team_alives_mean:    13.7740	blue_team_win_mean:        0.0000	ep_length_mean:          199.8980	episode_length_mean:     198.8980
epsilon:                   0.7241	grad_norm:                10.3895	info_nce_loss:             0.2838	loss:                      1.2166
q_loss:                    1.1060	red_team_alives_mean:    143.9125	red_team_win_mean:         1.0000	return_mean:              -2.2547
return_std:                0.3379	test_blue_team_alives_mean: 59.6000	test_blue_team_win_mean:   0.0000	test_ep_length_mean:     200.0000
test_episode_length_mean:199.0000	test_red_team_alives_mean:143.6000	test_red_team_win_mean:    1.0000	test_return_mean:         -4.5343
test_return_std:           0.0000	
2026-08-14 15:51:27,495 - my_experiment - bat_60_HybridComm_static_46 - my_run - INFO - t_env: 300374 / 5050000
2026-08-14 15:51:27,497 - my_experiment - bat_60_HybridComm_static_46 - my_run - INFO - Estimated time left: 1 days, 4 hours, 41 minutes, 30 seconds. Time passed: 1 hours, 55 minutes, 3 seconds
2026-08-14 16:09:28,349 - my_experiment - bat_60_HybridComm_static_46 - my_run - INFO - Recent Stats | t_env:     350325 | Episode:     1752
blue_team_alives_mean:    13.3401	blue_team_win_mean:        0.0000	ep_length_mean:          199.8078	episode_length_mean:     198.8078
epsilon:                   0.6761	grad_norm:                40.7769	info_nce_loss:             0.6529	loss:                      1.2585
q_loss:                    1.1441	red_team_alives_mean:    143.8386	red_team_win_mean:         1.0000	return_mean:              -1.9756
return_std:                0.4947	test_blue_team_alives_mean: 76.0000	test_blue_team_win_mean:   0.0000	test_ep_length_mean:     200.0000
test_episode_length_mean:199.0000	test_red_team_alives_mean:143.6000	test_red_team_win_mean:    1.0000	test_return_mean:         -5.3346
test_return_std:           0.0000	
2026-08-14 16:09:32,509 - my_experiment - bat_60_HybridComm_static_46 - my_run - INFO - t_env: 350525 / 5050000
2026-08-14 16:09:32,510 - my_experiment - bat_60_HybridComm_static_46 - my_run - INFO - Estimated time left: 1 days, 4 hours, 14 minutes, 32 seconds. Time passed: 2 hours, 13 minutes, 8 seconds
2026-08-14 16:27:26,579 - my_experiment - bat_60_HybridComm_static_46 - my_run - INFO - Recent Stats | t_env:     400464 | Episode:     2003
blue_team_alives_mean:    12.2525	blue_team_win_mean:        0.0000	ep_length_mean:          199.8078	episode_length_mean:     198.8078
epsilon:                   0.6279	grad_norm:                 7.7141	info_nce_loss:             0.2619	loss:                      1.2889
q_loss:                    1.1717	red_team_alives_mean:    143.8509	red_team_win_mean:         1.0000	return_mean:              -1.6260
return_std:                0.5500	test_blue_team_alives_mean: 80.0000	test_blue_team_win_mean:   0.0000	test_ep_length_mean:     200.0000
test_episode_length_mean:199.0000	test_red_team_alives_mean:143.6000	test_red_team_win_mean:    1.0000	test_return_mean:         -5.1738
test_return_std:           0.0000	
2026-08-14 16:27:30,837 - my_experiment - bat_60_HybridComm_static_46 - my_run - INFO - t_env: 400664 / 5050000
2026-08-14 16:27:30,838 - my_experiment - bat_60_HybridComm_static_46 - my_run - INFO - Estimated time left: 1 days, 3 hours, 46 minutes, 32 seconds. Time passed: 2 hours, 31 minutes, 6 seconds
2026-08-14 16:45:06,797 - my_experiment - bat_60_HybridComm_static_46 - my_run - INFO - Recent Stats | t_env:     450557 | Episode:     2254
blue_team_alives_mean:     8.9199	blue_team_win_mean:        0.0000	ep_length_mean:          199.5333	episode_length_mean:     198.5333
epsilon:                   0.5798	grad_norm:                16.5566	info_nce_loss:             0.3079	loss:                      1.3107
q_loss:                    1.1915	red_team_alives_mean:    143.7997	red_team_win_mean:         1.0000	return_mean:              -1.4328
return_std:                0.5182	test_blue_team_alives_mean:105.4000	test_blue_team_win_mean:   0.0000	test_ep_length_mean:     200.0000
test_episode_length_mean:199.0000	test_red_team_alives_mean:143.6000	test_red_team_win_mean:    0.8000	test_return_mean:         -5.5717
test_return_std:           0.0000	
2026-08-14 16:45:11,180 - my_experiment - bat_60_HybridComm_static_46 - my_run - INFO - t_env: 450757 / 5050000
2026-08-14 16:45:11,181 - my_experiment - bat_60_HybridComm_static_46 - my_run - INFO - Estimated time left: 1 days, 3 hours, 2 minutes, 34 seconds. Time passed: 2 hours, 48 minutes, 46 seconds
2026-08-14 17:02:37,221 - my_experiment - bat_60_HybridComm_static_46 - my_run - INFO - Saving models to work_dirs/my_experiment/bat_60_HybridComm_static_46/my_run/20260814_135616/models/500357
2026-08-14 17:02:41,464 - my_experiment - bat_60_HybridComm_static_46 - my_run - INFO - Recent Stats | t_env:     500557 | Episode:     2504
blue_team_alives_mean:    12.4160	blue_team_win_mean:        0.0000	ep_length_mean:          200.0000	episode_length_mean:     199.0000
epsilon:                   0.5323	grad_norm:                 9.1697	info_nce_loss:             0.2643	loss:                      1.2626
q_loss:                    1.1478	red_team_alives_mean:    143.9200	red_team_win_mean:         1.0000	return_mean:              -1.3466
return_std:                0.4416	test_blue_team_alives_mean:114.6000	test_blue_team_win_mean:   0.0000	test_ep_length_mean:     200.0000
test_episode_length_mean:199.0000	test_red_team_alives_mean:143.8000	test_red_team_win_mean:    0.8000	test_return_mean:         -4.8561
test_return_std:           0.0000	
2026-08-14 17:02:45,641 - my_experiment - bat_60_HybridComm_static_46 - my_run - INFO - t_env: 500757 / 5050000
2026-08-14 17:02:45,642 - my_experiment - bat_60_HybridComm_static_46 - my_run - INFO - Estimated time left: 1 days, 2 hours, 38 minutes, 59 seconds. Time passed: 3 hours, 6 minutes, 21 seconds
2026-08-14 17:20:41,522 - my_experiment - bat_60_HybridComm_static_46 - my_run - INFO - Recent Stats | t_env:     550557 | Episode:     2754
blue_team_alives_mean:    17.4200	blue_team_win_mean:        0.0000	ep_length_mean:          200.0000	episode_length_mean:     199.0000
epsilon:                   0.4848	grad_norm:                 9.2249	info_nce_loss:             0.3253	loss:                      1.1625
q_loss:                    1.0568	red_team_alives_mean:    143.7680	red_team_win_mean:         1.0000	return_mean:              -1.2525
return_std:                0.3577	test_blue_team_alives_mean:116.2000	test_blue_team_win_mean:   0.0000	test_ep_length_mean:     200.0000
test_episode_length_mean:199.0000	test_red_team_alives_mean:144.0000	test_red_team_win_mean:    0.8000	test_return_mean:         -4.5153
test_return_std:           0.0000	
2026-08-14 17:20:46,307 - my_experiment - bat_60_HybridComm_static_46 - my_run - INFO - t_env: 550757 / 5050000
2026-08-14 17:20:46,308 - my_experiment - bat_60_HybridComm_static_46 - my_run - INFO - Estimated time left: 1 days, 3 hours, 43 seconds. Time passed: 3 hours, 24 minutes, 21 seconds
2026-08-14 17:38:39,121 - my_experiment - bat_60_HybridComm_static_46 - my_run - INFO - Recent Stats | t_env:     600557 | Episode:     3004
blue_team_alives_mean:    23.5160	blue_team_win_mean:        0.0000	ep_length_mean:          200.0000	episode_length_mean:     199.0000
epsilon:                   0.4373	grad_norm:                 6.2993	info_nce_loss:             0.3416	loss:                      1.1341
q_loss:                    1.0310	red_team_alives_mean:    143.6920	red_team_win_mean:         1.0000	return_mean:              -1.0654
return_std:                0.4185	test_blue_team_alives_mean:112.4000	test_blue_team_win_mean:   0.0000	test_ep_length_mean:     200.0000
test_episode_length_mean:199.0000	test_red_team_alives_mean:143.0000	test_red_team_win_mean:    0.8000	test_return_mean:         -4.6014
test_return_std:           0.0000	
2026-08-14 17:38:43,417 - my_experiment - bat_60_HybridComm_static_46 - my_run - INFO - t_env: 600757 / 5050000
2026-08-14 17:38:43,417 - my_experiment - bat_60_HybridComm_static_46 - my_run - INFO - Estimated time left: 1 days, 2 hours, 37 minutes, 26 seconds. Time passed: 3 hours, 42 minutes, 18 seconds
2026-08-14 17:56:40,384 - my_experiment - bat_60_HybridComm_static_46 - my_run - INFO - Recent Stats | t_env:     650557 | Episode:     3254
blue_team_alives_mean:    27.2640	blue_team_win_mean:        0.0000	ep_length_mean:          200.0000	episode_length_mean:     199.0000
epsilon:                   0.3898	grad_norm:                 9.6999	info_nce_loss:             0.4322	loss:                      1.0433
q_loss:                    0.9484	red_team_alives_mean:    143.3960	red_team_win_mean:         1.0000	return_mean:              -0.8032
return_std:                0.3577	test_blue_team_alives_mean:125.0000	test_blue_team_win_mean:   0.0000	test_ep_length_mean:     200.0000
test_episode_length_mean:199.0000	test_red_team_alives_mean:142.8000	test_red_team_win_mean:    0.8000	test_return_mean:         -4.1786
test_return_std:           0.0000	
2026-08-14 17:56:44,636 - my_experiment - bat_60_HybridComm_static_46 - my_run - INFO - t_env: 650757 / 5050000
2026-08-14 17:56:44,637 - my_experiment - bat_60_HybridComm_static_46 - my_run - INFO - Estimated time left: 1 days, 2 hours, 25 minutes, 30 seconds. Time passed: 4 hours, 20 seconds
2026-08-14 18:14:43,206 - my_experiment - bat_60_HybridComm_static_46 - my_run - INFO - Recent Stats | t_env:     700557 | Episode:     3504
blue_team_alives_mean:    28.4400	blue_team_win_mean:        0.0000	ep_length_mean:          200.0000	episode_length_mean:     199.0000
epsilon:                   0.3423	grad_norm:                 7.0926	info_nce_loss:             0.2974	loss:                      1.0300
q_loss:                    0.9364	red_team_alives_mean:    143.1520	red_team_win_mean:         1.0000	return_mean:              -0.5869
return_std:                0.3497	test_blue_team_alives_mean:101.0000	test_blue_team_win_mean:   0.0000	test_ep_length_mean:     200.0000
test_episode_length_mean:199.0000	test_red_team_alives_mean:142.6000	test_red_team_win_mean:    1.0000	test_return_mean:         -3.8121
test_return_std:           0.0000	
2026-08-14 18:14:47,420 - my_experiment - bat_60_HybridComm_static_46 - my_run - INFO - t_env: 700757 / 5050000
2026-08-14 18:14:47,421 - my_experiment - bat_60_HybridComm_static_46 - my_run - INFO - Estimated time left: 1 days, 2 hours, 9 minutes, 45 seconds. Time passed: 4 hours, 18 minutes, 22 seconds
2026-08-14 18:32:42,093 - my_experiment - bat_60_HybridComm_static_46 - my_run - INFO - Recent Stats | t_env:     750557 | Episode:     3754
blue_team_alives_mean:    35.9520	blue_team_win_mean:        0.0000	ep_length_mean:          200.0000	episode_length_mean:     199.0000
epsilon:                   0.2948	grad_norm:                 7.3841	info_nce_loss:             0.3466	loss:                      0.9505
q_loss:                    0.8641	red_team_alives_mean:    143.0480	red_team_win_mean:         1.0000	return_mean:              -0.6753
return_std:                0.4787	test_blue_team_alives_mean: 87.2000	test_blue_team_win_mean:   0.0000	test_ep_length_mean:     200.0000
test_episode_length_mean:199.0000	test_red_team_alives_mean:142.4000	test_red_team_win_mean:    1.0000	test_return_mean:         -3.4886
test_return_std:           0.0000	
2026-08-14 18:32:46,247 - my_experiment - bat_60_HybridComm_static_46 - my_run - INFO - t_env: 750757 / 5050000
2026-08-14 18:32:46,248 - my_experiment - bat_60_HybridComm_static_46 - my_run - INFO - Estimated time left: 1 days, 1 hours, 46 minutes, 2 seconds. Time passed: 4 hours, 36 minutes, 21 seconds
2026-08-14 18:51:03,954 - my_experiment - bat_60_HybridComm_static_46 - my_run - INFO - Recent Stats | t_env:     800557 | Episode:     4004
blue_team_alives_mean:    45.1760	blue_team_win_mean:        0.0000	ep_length_mean:          200.0000	episode_length_mean:     199.0000
epsilon:                   0.2473	grad_norm:                 6.9498	info_nce_loss:             0.3875	loss:                      0.9868
q_loss:                    0.8971	red_team_alives_mean:    142.7680	red_team_win_mean:         1.0000	return_mean:              -0.6039
return_std:                0.4435	test_blue_team_alives_mean: 73.0000	test_blue_team_win_mean:   0.0000	test_ep_length_mean:     200.0000
test_episode_length_mean:199.0000	test_red_team_alives_mean:141.6000	test_red_team_win_mean:    1.0000	test_return_mean:         -2.7943
test_return_std:           0.0000	
2026-08-14 18:51:08,381 - my_experiment - bat_60_HybridComm_static_46 - my_run - INFO - t_env: 800757 / 5050000
2026-08-14 18:51:08,382 - my_experiment - bat_60_HybridComm_static_46 - my_run - INFO - Estimated time left: 1 days, 2 hours, 1 minutes, 4 seconds. Time passed: 4 hours, 54 minutes, 43 seconds
2026-08-14 19:09:44,054 - my_experiment - bat_60_HybridComm_static_46 - my_run - INFO - Recent Stats | t_env:     850557 | Episode:     4254
blue_team_alives_mean:    52.3200	blue_team_win_mean:        0.0000	ep_length_mean:          200.0000	episode_length_mean:     199.0000
epsilon:                   0.1998	grad_norm:                 7.2011	info_nce_loss:             0.4073	loss:                      0.9373
q_loss:                    0.8521	red_team_alives_mean:    142.1520	red_team_win_mean:         1.0000	return_mean:              -0.1072
return_std:                0.4907	test_blue_team_alives_mean: 67.6000	test_blue_team_win_mean:   0.0000	test_ep_length_mean:     200.0000
test_episode_length_mean:199.0000	test_red_team_alives_mean:139.6000	test_red_team_win_mean:    1.0000	test_return_mean:         -2.0855
test_return_std:           0.0000	
2026-08-14 19:09:48,248 - my_experiment - bat_60_HybridComm_static_46 - my_run - INFO - t_env: 850757 / 5050000
2026-08-14 19:09:48,249 - my_experiment - bat_60_HybridComm_static_46 - my_run - INFO - Estimated time left: 1 days, 2 hours, 7 minutes, 31 seconds. Time passed: 5 hours, 13 minutes, 23 seconds
2026-08-14 19:27:45,424 - my_experiment - bat_60_HybridComm_static_46 - my_run - INFO - Recent Stats | t_env:     900557 | Episode:     4504
blue_team_alives_mean:    45.9480	blue_team_win_mean:        0.0000	ep_length_mean:          200.0000	episode_length_mean:     199.0000
epsilon:                   0.1523	grad_norm:                 8.0724	info_nce_loss:             0.3255	loss:                      0.8475
q_loss:                    0.7705	red_team_alives_mean:    143.0920	red_team_win_mean:         1.0000	return_mean:               0.1256
return_std:                0.4659	test_blue_team_alives_mean: 47.8000	test_blue_team_win_mean:   0.0000	test_ep_length_mean:     200.0000
test_episode_length_mean:199.0000	test_red_team_alives_mean:139.8000	test_red_team_win_mean:    1.0000	test_return_mean:         -1.1977
test_return_std:           0.0000	
2026-08-14 19:27:49,542 - my_experiment - bat_60_HybridComm_static_46 - my_run - INFO - t_env: 900757 / 5050000
2026-08-14 19:27:49,543 - my_experiment - bat_60_HybridComm_static_46 - my_run - INFO - Estimated time left: 1 days, 55 minutes, 30 seconds. Time passed: 5 hours, 31 minutes, 25 seconds
2026-08-14 19:45:34,441 - my_experiment - bat_60_HybridComm_static_46 - my_run - INFO - Recent Stats | t_env:     950557 | Episode:     4754
blue_team_alives_mean:    40.8400	blue_team_win_mean:        0.0000	ep_length_mean:          200.0000	episode_length_mean:     199.0000
epsilon:                   0.1048	grad_norm:                 8.1701	info_nce_loss:             0.3129	loss:                      0.8717
q_loss:                    0.7925	red_team_alives_mean:    143.2160	red_team_win_mean:         1.0000	return_mean:               0.4788
return_std:                0.4331	test_blue_team_alives_mean: 52.0000	test_blue_team_win_mean:   0.0000	test_ep_length_mean:     200.0000
test_episode_length_mean:199.0000	test_red_team_alives_mean:140.0000	test_red_team_win_mean:    1.0000	test_return_mean:         -0.4510
test_return_std:           0.0000	
2026-08-14 19:45:38,615 - my_experiment - bat_60_HybridComm_static_46 - my_run - INFO - t_env: 950757 / 5050000
2026-08-14 19:45:38,616 - my_experiment - bat_60_HybridComm_static_46 - my_run - INFO - Estimated time left: 1 days, 20 minutes, 47 seconds. Time passed: 5 hours, 49 minutes, 14 seconds
2026-08-14 20:03:26,950 - my_experiment - bat_60_HybridComm_static_46 - my_run - INFO - Saving models to work_dirs/my_experiment/bat_60_HybridComm_static_46/my_run/20260814_135616/models/1000357
2026-08-14 20:03:31,359 - my_experiment - bat_60_HybridComm_static_46 - my_run - INFO - Recent Stats | t_env:    1000557 | Episode:     5004
blue_team_alives_mean:    46.2800	blue_team_win_mean:        0.0000	ep_length_mean:          200.0000	episode_length_mean:     199.0000
epsilon:                   0.0573	grad_norm:                 9.0908	info_nce_loss:             0.4899	loss:                      0.9382
q_loss:                    0.8529	red_team_alives_mean:    143.0120	red_team_win_mean:         1.0000	return_mean:               0.4109
return_std:                0.5893	test_blue_team_alives_mean: 50.2000	test_blue_team_win_mean:   0.0000	test_ep_length_mean:     200.0000
test_episode_length_mean:199.0000	test_red_team_alives_mean:140.2000	test_red_team_win_mean:    1.0000	test_return_mean:          0.0449
test_return_std:           0.0000	
2026-08-14 20:03:35,683 - my_experiment - bat_60_HybridComm_static_46 - my_run - INFO - t_env: 1000757 / 5050000
2026-08-14 20:03:35,684 - my_experiment - bat_60_HybridComm_static_46 - my_run - INFO - Estimated time left: 1 days, 13 minutes, 46 seconds. Time passed: 6 hours, 7 minutes, 11 seconds
2026-08-14 20:21:38,122 - my_experiment - bat_60_HybridComm_static_46 - my_run - INFO - Recent Stats | t_env:    1050557 | Episode:     5254
blue_team_alives_mean:    50.8520	blue_team_win_mean:        0.0000	ep_length_mean:          200.0000	episode_length_mean:     199.0000
epsilon:                   0.0500	grad_norm:                16.9549	info_nce_loss:             0.3140	loss:                      1.0685
q_loss:                    0.9714	red_team_alives_mean:    142.8040	red_team_win_mean:         1.0000	return_mean:               0.3922
return_std:                0.6358	test_blue_team_alives_mean: 51.2000	test_blue_team_win_mean:   0.0000	test_ep_length_mean:     200.0000
test_episode_length_mean:199.0000	test_red_team_alives_mean:139.8000	test_red_team_win_mean:    1.0000	test_return_mean:          0.4861
test_return_std:           0.0000	
2026-08-14 20:21:42,415 - my_experiment - bat_60_HybridComm_static_46 - my_run - INFO - t_env: 1050757 / 5050000
2026-08-14 20:21:42,416 - my_experiment - bat_60_HybridComm_static_46 - my_run - INFO - Estimated time left: 1 days, 8 minutes, 42 seconds. Time passed: 6 hours, 25 minutes, 17 seconds
2026-08-14 20:40:00,756 - my_experiment - bat_60_HybridComm_static_46 - my_run - INFO - Recent Stats | t_env:    1100557 | Episode:     5504
blue_team_alives_mean:    56.8760	blue_team_win_mean:        0.0000	ep_length_mean:          200.0000	episode_length_mean:     199.0000
epsilon:                   0.0500	grad_norm:                16.6502	info_nce_loss:             0.3049	loss:                      1.0535
q_loss:                    0.9577	red_team_alives_mean:    142.4200	red_team_win_mean:         1.0000	return_mean:               0.2874
return_std:                0.6116	test_blue_team_alives_mean: 48.2000	test_blue_team_win_mean:   0.0000	test_ep_length_mean:     200.0000
test_episode_length_mean:199.0000	test_red_team_alives_mean:142.8000	test_red_team_win_mean:    1.0000	test_return_mean:          1.0891
test_return_std:           0.0000	
2026-08-14 20:40:05,244 - my_experiment - bat_60_HybridComm_static_46 - my_run - INFO - t_env: 1100757 / 5050000
2026-08-14 20:40:05,244 - my_experiment - bat_60_HybridComm_static_46 - my_run - INFO - Estimated time left: 1 days, 11 minutes, 46 seconds. Time passed: 6 hours, 43 minutes, 40 seconds
2026-08-14 20:58:02,781 - my_experiment - bat_60_HybridComm_static_46 - my_run - INFO - Recent Stats | t_env:    1150557 | Episode:     5754
blue_team_alives_mean:    51.0800	blue_team_win_mean:        0.0000	ep_length_mean:          200.0000	episode_length_mean:     199.0000
epsilon:                   0.0500	grad_norm:                17.8924	info_nce_loss:             0.2440	loss:                      1.0962
q_loss:                    0.9966	red_team_alives_mean:    142.7400	red_team_win_mean:         1.0000	return_mean:               0.6241
return_std:                0.5405	test_blue_team_alives_mean: 55.6000	test_blue_team_win_mean:   0.0000	test_ep_length_mean:     200.0000
test_episode_length_mean:199.0000	test_red_team_alives_mean:141.4000	test_red_team_win_mean:    1.0000	test_return_mean:          0.9361
test_return_std:           0.0000	
2026-08-14 20:58:07,063 - my_experiment - bat_60_HybridComm_static_46 - my_run - INFO - t_env: 1150757 / 5050000
2026-08-14 20:58:07,064 - my_experiment - bat_60_HybridComm_static_46 - my_run - INFO - Estimated time left: 23 hours, 26 minutes, 5 seconds. Time passed: 7 hours, 1 minutes, 42 seconds
2026-08-14 21:16:01,611 - my_experiment - bat_60_HybridComm_static_46 - my_run - INFO - Recent Stats | t_env:    1200557 | Episode:     6004
blue_team_alives_mean:    51.0280	blue_team_win_mean:        0.0000	ep_length_mean:          200.0000	episode_length_mean:     199.0000
epsilon:                   0.0500	grad_norm:                10.7012	info_nce_loss:             0.3343	loss:                      1.0541
q_loss:                    0.9583	red_team_alives_mean:    142.8240	red_team_win_mean:         1.0000	return_mean:               0.7693
return_std:                0.4002	test_blue_team_alives_mean: 56.0000	test_blue_team_win_mean:   0.0000	test_ep_length_mean:     200.0000
test_episode_length_mean:199.0000	test_red_team_alives_mean:140.4000	test_red_team_win_mean:    1.0000	test_return_mean:          0.7249
test_return_std:           0.0000	
2026-08-14 21:16:05,868 - my_experiment - bat_60_HybridComm_static_46 - my_run - INFO - t_env: 1200757 / 5050000
2026-08-14 21:16:05,869 - my_experiment - bat_60_HybridComm_static_46 - my_run - INFO - Estimated time left: 23 hours, 4 minutes, 11 seconds. Time passed: 7 hours, 19 minutes, 41 seconds
2026-08-14 21:34:11,109 - my_experiment - bat_60_HybridComm_static_46 - my_run - INFO - Recent Stats | t_env:    1250557 | Episode:     6254
blue_team_alives_mean:    54.6520	blue_team_win_mean:        0.0000	ep_length_mean:          200.0000	episode_length_mean:     199.0000
epsilon:                   0.0500	grad_norm:                11.7832	info_nce_loss:             0.3789	loss:                      1.0972
q_loss:                    0.9975	red_team_alives_mean:    142.9200	red_team_win_mean:         1.0000	return_mean:               0.8465
return_std:                0.3413	test_blue_team_alives_mean: 55.4000	test_blue_team_win_mean:   0.0000	test_ep_length_mean:     200.0000
test_episode_length_mean:199.0000	test_red_team_alives_mean:140.4000	test_red_team_win_mean:    1.0000	test_return_mean:          0.7823
test_return_std:           0.0000	
2026-08-14 21:34:15,616 - my_experiment - bat_60_HybridComm_static_46 - my_run - INFO - t_env: 1250757 / 5050000
2026-08-14 21:34:15,616 - my_experiment - bat_60_HybridComm_static_46 - my_run - INFO - Estimated time left: 23 hours, 4 seconds. Time passed: 7 hours, 37 minutes, 51 seconds
2026-08-14 21:52:55,123 - my_experiment - bat_60_HybridComm_static_46 - my_run - INFO - Recent Stats | t_env:    1300557 | Episode:     6504
blue_team_alives_mean:    65.4600	blue_team_win_mean:        0.0000	ep_length_mean:          200.0000	episode_length_mean:     199.0000
epsilon:                   0.0500	grad_norm:                22.0746	info_nce_loss:             0.3449	loss:                      1.1586
q_loss:                    1.0532	red_team_alives_mean:    142.5640	red_team_win_mean:         1.0000	return_mean:               0.7077
return_std:                0.4090	test_blue_team_alives_mean: 54.8000	test_blue_team_win_mean:   0.0000	test_ep_length_mean:     200.0000
test_episode_length_mean:199.0000	test_red_team_alives_mean:141.6000	test_red_team_win_mean:    1.0000	test_return_mean:          0.9686
test_return_std:           0.0000	
2026-08-14 21:52:59,700 - my_experiment - bat_60_HybridComm_static_46 - my_run - INFO - t_env: 1300757 / 5050000
2026-08-14 21:52:59,701 - my_experiment - bat_60_HybridComm_static_46 - my_run - INFO - Estimated time left: 23 hours, 24 minutes, 49 seconds. Time passed: 7 hours, 56 minutes, 35 seconds
2026-08-14 22:12:30,508 - my_experiment - bat_60_HybridComm_static_46 - my_run - INFO - Recent Stats | t_env:    1350557 | Episode:     6754
blue_team_alives_mean:    79.7120	blue_team_win_mean:        0.0000	ep_length_mean:          200.0000	episode_length_mean:     199.0000
epsilon:                   0.0500	grad_norm:                14.9396	info_nce_loss:             0.2782	loss:                      1.0908
q_loss:                    0.9916	red_team_alives_mean:    142.2520	red_team_win_mean:         0.9720	return_mean:               0.3459
return_std:                0.6446	test_blue_team_alives_mean: 55.4000	test_blue_team_win_mean:   0.0000	test_ep_length_mean:     200.0000
test_episode_length_mean:199.0000	test_red_team_alives_mean:141.4000	test_red_team_win_mean:    1.0000	test_return_mean:          1.0991
test_return_std:           0.0000	
2026-08-14 22:12:35,018 - my_experiment - bat_60_HybridComm_static_46 - my_run - INFO - t_env: 1350757 / 5050000
2026-08-14 22:12:35,019 - my_experiment - bat_60_HybridComm_static_46 - my_run - INFO - Estimated time left: 1 days, 9 minutes, 15 seconds. Time passed: 8 hours, 16 minutes, 10 seconds
2026-08-14 22:31:30,328 - my_experiment - bat_60_HybridComm_static_46 - my_run - INFO - Recent Stats | t_env:    1400557 | Episode:     7004
blue_team_alives_mean:    70.0360	blue_team_win_mean:        0.0000	ep_length_mean:          200.0000	episode_length_mean:     199.0000
epsilon:                   0.0500	grad_norm:                13.4650	info_nce_loss:             0.3020	loss:                      1.1057
q_loss:                    1.0052	red_team_alives_mean:    142.0040	red_team_win_mean:         1.0000	return_mean:               0.2804
return_std:                0.9722	test_blue_team_alives_mean: 55.0000	test_blue_team_win_mean:   0.0000	test_ep_length_mean:     200.0000
test_episode_length_mean:199.0000	test_red_team_alives_mean:142.8000	test_red_team_win_mean:    1.0000	test_return_mean:          1.3973
test_return_std:           0.0000	
2026-08-14 22:31:34,924 - my_experiment - bat_60_HybridComm_static_46 - my_run - INFO - t_env: 1400757 / 5050000
2026-08-14 22:31:34,925 - my_experiment - bat_60_HybridComm_static_46 - my_run - INFO - Estimated time left: 23 hours, 6 minutes, 35 seconds. Time passed: 8 hours, 35 minutes, 10 seconds
2026-08-14 22:50:52,390 - my_experiment - bat_60_HybridComm_static_46 - my_run - INFO - Recent Stats | t_env:    1450557 | Episode:     7254
blue_team_alives_mean:    87.9040	blue_team_win_mean:        0.0000	ep_length_mean:          200.0000	episode_length_mean:     199.0000
epsilon:                   0.0500	grad_norm:                18.8799	info_nce_loss:             0.2918	loss:                      1.1677
q_loss:                    1.0615	red_team_alives_mean:    141.7800	red_team_win_mean:         1.0000	return_mean:               0.0271
return_std:                0.4657	test_blue_team_alives_mean: 59.0000	test_blue_team_win_mean:   0.0000	test_ep_length_mean:     200.0000
test_episode_length_mean:199.0000	test_red_team_alives_mean:143.8000	test_red_team_win_mean:    1.0000	test_return_mean:          1.5690
test_return_std:           0.0000	
2026-08-14 22:50:56,727 - my_experiment - bat_60_HybridComm_static_46 - my_run - INFO - t_env: 1450757 / 5050000
2026-08-14 22:50:56,728 - my_experiment - bat_60_HybridComm_static_46 - my_run - INFO - Estimated time left: 23 hours, 13 minutes, 52 seconds. Time passed: 8 hours, 54 minutes, 32 seconds
2026-08-14 23:10:38,761 - my_experiment - bat_60_HybridComm_static_46 - my_run - INFO - Saving models to work_dirs/my_experiment/bat_60_HybridComm_static_46/my_run/20260814_135616/models/1500357
2026-08-14 23:10:43,699 - my_experiment - bat_60_HybridComm_static_46 - my_run - INFO - Recent Stats | t_env:    1500557 | Episode:     7504
blue_team_alives_mean:    81.2480	blue_team_win_mean:        0.0000	ep_length_mean:          200.0000	episode_length_mean:     199.0000
epsilon:                   0.0500	grad_norm:                16.0193	info_nce_loss:             0.2562	loss:                      1.1954
q_loss:                    1.0867	red_team_alives_mean:    140.5880	red_team_win_mean:         1.0000	return_mean:               0.3029
return_std:                0.5868	test_blue_team_alives_mean: 62.0000	test_blue_team_win_mean:   0.0000	test_ep_length_mean:     200.0000
test_episode_length_mean:199.0000	test_red_team_alives_mean:143.4000	test_red_team_win_mean:    1.0000	test_return_mean:          1.5617
test_return_std:           0.0000	
2026-08-14 23:10:48,776 - my_experiment - bat_60_HybridComm_static_46 - my_run - INFO - t_env: 1500757 / 5050000
2026-08-14 23:10:48,777 - my_experiment - bat_60_HybridComm_static_46 - my_run - INFO - Estimated time left: 23 hours, 30 minutes, 17 seconds. Time passed: 9 hours, 14 minutes, 24 seconds
2026-08-14 23:30:18,320 - my_experiment - bat_60_HybridComm_static_46 - my_run - INFO - Recent Stats | t_env:    1550557 | Episode:     7754
blue_team_alives_mean:    75.1840	blue_team_win_mean:        0.0000	ep_length_mean:          200.0000	episode_length_mean:     199.0000
epsilon:                   0.0500	grad_norm:                22.4670	info_nce_loss:             0.1549	loss:                      1.2278
q_loss:                    1.1162	red_team_alives_mean:    140.9480	red_team_win_mean:         1.0000	return_mean:               0.2564
return_std:                0.5601	test_blue_team_alives_mean: 67.8000	test_blue_team_win_mean:   0.0000	test_ep_length_mean:     200.0000
test_episode_length_mean:199.0000	test_red_team_alives_mean:143.2000	test_red_team_win_mean:    1.0000	test_return_mean:          1.3072
test_return_std:           0.0000	
2026-08-14 23:30:22,999 - my_experiment - bat_60_HybridComm_static_46 - my_run - INFO - t_env: 1550757 / 5050000
2026-08-14 23:30:23,000 - my_experiment - bat_60_HybridComm_static_46 - my_run - INFO - Estimated time left: 22 hours, 49 minutes, 37 seconds. Time passed: 9 hours, 33 minutes, 58 seconds
2026-08-14 23:49:42,197 - my_experiment - bat_60_HybridComm_static_46 - my_run - INFO - Recent Stats | t_env:    1600557 | Episode:     8004
blue_team_alives_mean:    66.3240	blue_team_win_mean:        0.0000	ep_length_mean:          200.0000	episode_length_mean:     199.0000
epsilon:                   0.0500	grad_norm:                19.5998	info_nce_loss:             0.2295	loss:                      1.2856
q_loss:                    1.1687	red_team_alives_mean:    141.1520	red_team_win_mean:         1.0000	return_mean:               0.6587
return_std:                0.4180	test_blue_team_alives_mean: 67.8000	test_blue_team_win_mean:   0.0000	test_ep_length_mean:     200.0000
test_episode_length_mean:199.0000	test_red_team_alives_mean:142.8000	test_red_team_win_mean:    1.0000	test_return_mean:          1.2500
test_return_std:           0.0000	
2026-08-14 23:49:46,555 - my_experiment - bat_60_HybridComm_static_46 - my_run - INFO - t_env: 1600757 / 5050000
2026-08-14 23:49:46,556 - my_experiment - bat_60_HybridComm_static_46 - my_run - INFO - Estimated time left: 22 hours, 17 minutes, 47 seconds. Time passed: 9 hours, 53 minutes, 22 seconds
2026-08-15 00:08:21,693 - my_experiment - bat_60_HybridComm_static_46 - my_run - INFO - Recent Stats | t_env:    1650557 | Episode:     8254
blue_team_alives_mean:    44.1160	blue_team_win_mean:        0.0000	ep_length_mean:          200.0000	episode_length_mean:     199.0000
epsilon:                   0.0500	grad_norm:                26.6313	info_nce_loss:             0.0849	loss:                      1.4279
q_loss:                    1.2981	red_team_alives_mean:    141.9200	red_team_win_mean:         1.0000	return_mean:               0.7077
return_std:                0.5219	test_blue_team_alives_mean: 63.0000	test_blue_team_win_mean:   0.0000	test_ep_length_mean:     200.0000
test_episode_length_mean:199.0000	test_red_team_alives_mean:142.6000	test_red_team_win_mean:    1.0000	test_return_mean:          1.2161
test_return_std:           0.0000	
2026-08-15 00:08:25,957 - my_experiment - bat_60_HybridComm_static_46 - my_run - INFO - t_env: 1650757 / 5050000
2026-08-15 00:08:25,958 - my_experiment - bat_60_HybridComm_static_46 - my_run - INFO - Estimated time left: 21 hours, 8 minutes, 22 seconds. Time passed: 10 hours, 12 minutes, 1 seconds
2026-08-15 00:27:10,857 - my_experiment - bat_60_HybridComm_static_46 - my_run - INFO - Recent Stats | t_env:    1700557 | Episode:     8504
blue_team_alives_mean:    38.7560	blue_team_win_mean:        0.0000	ep_length_mean:          200.0000	episode_length_mean:     199.0000
epsilon:                   0.0500	grad_norm:                27.9444	info_nce_loss:             0.1685	loss:                      1.3262
q_loss:                    1.2057	red_team_alives_mean:    141.4320	red_team_win_mean:         1.0000	return_mean:               0.8023
return_std:                0.5490	test_blue_team_alives_mean: 54.8000	test_blue_team_win_mean:   0.0000	test_ep_length_mean:     200.0000
test_episode_length_mean:199.0000	test_red_team_alives_mean:142.4000	test_red_team_win_mean:    1.0000	test_return_mean:          1.0471
test_return_std:           0.0000	
2026-08-15 00:27:15,354 - my_experiment - bat_60_HybridComm_static_46 - my_run - INFO - t_env: 1700757 / 5050000
2026-08-15 00:27:15,355 - my_experiment - bat_60_HybridComm_static_46 - my_run - INFO - Estimated time left: 21 hours, 52 seconds. Time passed: 10 hours, 30 minutes, 50 seconds
2026-08-15 00:45:40,938 - my_experiment - bat_60_HybridComm_static_46 - my_run - INFO - Recent Stats | t_env:    1750557 | Episode:     8754
blue_team_alives_mean:    40.2200	blue_team_win_mean:        0.0000	ep_length_mean:          200.0000	episode_length_mean:     199.0000
epsilon:                   0.0500	grad_norm:                18.8731	info_nce_loss:             0.1365	loss:                      1.3326
q_loss:                    1.2114	red_team_alives_mean:    142.1760	red_team_win_mean:         1.0000	return_mean:               0.8284
return_std:                0.5061	test_blue_team_alives_mean: 54.6000	test_blue_team_win_mean:   0.0000	test_ep_length_mean:     200.0000
test_episode_length_mean:199.0000	test_red_team_alives_mean:142.4000	test_red_team_win_mean:    1.0000	test_return_mean:          0.9717
test_return_std:           0.0000	
2026-08-15 00:45:45,403 - my_experiment - bat_60_HybridComm_static_46 - my_run - INFO - t_env: 1750757 / 5050000
2026-08-15 00:45:45,404 - my_experiment - bat_60_HybridComm_static_46 - my_run - INFO - Estimated time left: 20 hours, 20 minutes, 46 seconds. Time passed: 10 hours, 49 minutes, 20 seconds
2026-08-15 01:03:38,353 - my_experiment - bat_60_HybridComm_static_46 - my_run - INFO - Recent Stats | t_env:    1800557 | Episode:     9004
blue_team_alives_mean:    36.6480	blue_team_win_mean:        0.0000	ep_length_mean:          200.0000	episode_length_mean:     199.0000
epsilon:                   0.0500	grad_norm:                18.4118	info_nce_loss:             0.2161	loss:                      1.2700
q_loss:                    1.1545	red_team_alives_mean:    142.9880	red_team_win_mean:         1.0000	return_mean:               1.0900
return_std:                0.4502	test_blue_team_alives_mean: 45.8000	test_blue_team_win_mean:   0.0000	test_ep_length_mean:     200.0000
test_episode_length_mean:199.0000	test_red_team_alives_mean:142.6000	test_red_team_win_mean:    1.0000	test_return_mean:          1.1390
test_return_std:           0.0000	
2026-08-15 01:03:42,635 - my_experiment - bat_60_HybridComm_static_46 - my_run - INFO - t_env: 1800757 / 5050000
2026-08-15 01:03:42,637 - my_experiment - bat_60_HybridComm_static_46 - my_run - INFO - Estimated time left: 19 hours, 26 minutes, 43 seconds. Time passed: 11 hours, 7 minutes, 18 seconds
2026-08-15 01:21:22,730 - my_experiment - bat_60_HybridComm_static_46 - my_run - INFO - Recent Stats | t_env:    1850557 | Episode:     9254
blue_team_alives_mean:    33.7280	blue_team_win_mean:        0.0000	ep_length_mean:          200.0000	episode_length_mean:     199.0000
epsilon:                   0.0500	grad_norm:                32.1202	info_nce_loss:             0.1699	loss:                      1.3812
q_loss:                    1.2556	red_team_alives_mean:    143.5040	red_team_win_mean:         1.0000	return_mean:               1.1218
return_std:                0.3630	test_blue_team_alives_mean: 39.0000	test_blue_team_win_mean:   0.0000	test_ep_length_mean:     200.0000
test_episode_length_mean:199.0000	test_red_team_alives_mean:143.2000	test_red_team_win_mean:    1.0000	test_return_mean:          1.1986
test_return_std:           0.0000	
2026-08-15 01:21:26,935 - my_experiment - bat_60_HybridComm_static_46 - my_run - INFO - t_env: 1850757 / 5050000
2026-08-15 01:21:26,935 - my_experiment - bat_60_HybridComm_static_46 - my_run - INFO - Estimated time left: 18 hours, 54 minutes, 58 seconds. Time passed: 11 hours, 25 minutes, 2 seconds
2026-08-15 01:39:06,058 - my_experiment - bat_60_HybridComm_static_46 - my_run - INFO - Recent Stats | t_env:    1900557 | Episode:     9504
blue_team_alives_mean:    39.6240	blue_team_win_mean:        0.0000	ep_length_mean:          200.0000	episode_length_mean:     199.0000
epsilon:                   0.0500	grad_norm:                31.0456	info_nce_loss:             0.3511	loss:                      1.3631
q_loss:                    1.2392	red_team_alives_mean:    143.2240	red_team_win_mean:         0.9720	return_mean:               0.9280
return_std:                0.5984	test_blue_team_alives_mean: 39.6000	test_blue_team_win_mean:   0.0000	test_ep_length_mean:     200.0000
test_episode_length_mean:199.0000	test_red_team_alives_mean:143.4000	test_red_team_win_mean:    1.0000	test_return_mean:          1.4022
test_return_std:           0.0000	
2026-08-15 01:39:10,369 - my_experiment - bat_60_HybridComm_static_46 - my_run - INFO - t_env: 1900757 / 5050000
2026-08-15 01:39:10,370 - my_experiment - bat_60_HybridComm_static_46 - my_run - INFO - Estimated time left: 18 hours, 36 minutes, 20 seconds. Time passed: 11 hours, 42 minutes, 45 seconds
2026-08-15 01:56:50,538 - my_experiment - bat_60_HybridComm_static_46 - my_run - INFO - Recent Stats | t_env:    1950557 | Episode:     9754
blue_team_alives_mean:    41.8040	blue_team_win_mean:        0.0000	ep_length_mean:          200.0000	episode_length_mean:     199.0000
epsilon:                   0.0500	grad_norm:                23.6070	info_nce_loss:             0.1869	loss:                      1.3232
q_loss:                    1.2029	red_team_alives_mean:    142.7960	red_team_win_mean:         1.0000	return_mean:               1.1026
return_std:                0.4591	test_blue_team_alives_mean: 45.8000	test_blue_team_win_mean:   0.0000	test_ep_length_mean:     200.0000
test_episode_length_mean:199.0000	test_red_team_alives_mean:142.8000	test_red_team_win_mean:    1.0000	test_return_mean:          1.4133
test_return_std:           0.0000	
2026-08-15 01:56:54,718 - my_experiment - bat_60_HybridComm_static_46 - my_run - INFO - t_env: 1950757 / 5050000
2026-08-15 01:56:54,719 - my_experiment - bat_60_HybridComm_static_46 - my_run - INFO - Estimated time left: 18 hours, 19 minutes, 33 seconds. Time passed: 12 hours, 30 seconds
2026-08-15 02:14:11,814 - my_experiment - bat_60_HybridComm_static_46 - my_run - INFO - Saving models to work_dirs/my_experiment/bat_60_HybridComm_static_46/my_run/20260814_135616/models/2000357
2026-08-15 02:14:15,921 - my_experiment - bat_60_HybridComm_static_46 - my_run - INFO - Recent Stats | t_env:    2000557 | Episode:    10004
blue_team_alives_mean:    36.4720	blue_team_win_mean:        0.0000	ep_length_mean:          200.0000	episode_length_mean:     199.0000
epsilon:                   0.0500	grad_norm:                26.7138	info_nce_loss:             0.3430	loss:                      1.2657
q_loss:                    1.1506	red_team_alives_mean:    143.2520	red_team_win_mean:         1.0000	return_mean:               1.3120
return_std:                0.4055	test_blue_team_alives_mean: 42.0000	test_blue_team_win_mean:   0.0000	test_ep_length_mean:     200.0000
test_episode_length_mean:199.0000	test_red_team_alives_mean:143.0000	test_red_team_win_mean:    1.0000	test_return_mean:          1.5946
test_return_std:           0.0000	
2026-08-15 02:14:20,090 - my_experiment - bat_60_HybridComm_static_46 - my_run - INFO - t_env: 2000757 / 5050000
2026-08-15 02:14:20,091 - my_experiment - bat_60_HybridComm_static_46 - my_run - INFO - Estimated time left: 17 hours, 42 minutes, 31 seconds. Time passed: 12 hours, 17 minutes, 55 seconds
2026-08-15 02:31:37,653 - my_experiment - bat_60_HybridComm_static_46 - my_run - INFO - Recent Stats | t_env:    2050557 | Episode:    10254
blue_team_alives_mean:    34.8840	blue_team_win_mean:        0.0000	ep_length_mean:          200.0000	episode_length_mean:     199.0000
epsilon:                   0.0500	grad_norm:                29.8306	info_nce_loss:             0.1048	loss:                      1.2668
q_loss:                    1.1516	red_team_alives_mean:    143.1960	red_team_win_mean:         1.0000	return_mean:               1.3961
return_std:                0.4399	test_blue_team_alives_mean: 37.0000	test_blue_team_win_mean:   0.0000	test_ep_length_mean:     200.0000
test_episode_length_mean:199.0000	test_red_team_alives_mean:143.0000	test_red_team_win_mean:    1.0000	test_return_mean:          1.8768
test_return_std:           0.0000	
2026-08-15 02:31:41,684 - my_experiment - bat_60_HybridComm_static_46 - my_run - INFO - t_env: 2050757 / 5050000
2026-08-15 02:31:41,685 - my_experiment - bat_60_HybridComm_static_46 - my_run - INFO - Estimated time left: 17 hours, 21 minutes, 19 seconds. Time passed: 12 hours, 35 minutes, 17 seconds
2026-08-15 02:48:52,602 - my_experiment - bat_60_HybridComm_static_46 - my_run - INFO - Recent Stats | t_env:    2100557 | Episode:    10504
blue_team_alives_mean:    32.3200	blue_team_win_mean:        0.0000	ep_length_mean:          200.0000	episode_length_mean:     199.0000
epsilon:                   0.0500	grad_norm:                37.0127	info_nce_loss:             0.1924	loss:                      1.3255
q_loss:                    1.2050	red_team_alives_mean:    143.4720	red_team_win_mean:         1.0000	return_mean:               1.5389
return_std:                0.3026	test_blue_team_alives_mean: 38.0000	test_blue_team_win_mean:   0.0000	test_ep_length_mean:     200.0000
test_episode_length_mean:199.0000	test_red_team_alives_mean:143.0000	test_red_team_win_mean:    1.0000	test_return_mean:          1.9523
test_return_std:           0.0000	
2026-08-15 02:48:56,658 - my_experiment - bat_60_HybridComm_static_46 - my_run - INFO - t_env: 2100757 / 5050000
2026-08-15 02:48:56,659 - my_experiment - bat_60_HybridComm_static_46 - my_run - INFO - Estimated time left: 16 hours, 57 minutes, 27 seconds. Time passed: 12 hours, 52 minutes, 32 seconds
2026-08-15 03:06:01,982 - my_experiment - bat_60_HybridComm_static_46 - my_run - INFO - Recent Stats | t_env:    2150557 | Episode:    10754
blue_team_alives_mean:    30.7960	blue_team_win_mean:        0.0000	ep_length_mean:          200.0000	episode_length_mean:     199.0000
epsilon:                   0.0500	grad_norm:                43.3830	info_nce_loss:             0.0329	loss:                      1.1630
q_loss:                    1.0572	red_team_alives_mean:    143.3720	red_team_win_mean:         1.0000	return_mean:               1.4015
return_std:                0.3781	test_blue_team_alives_mean: 36.0000	test_blue_team_win_mean:   0.0000	test_ep_length_mean:     200.0000
test_episode_length_mean:199.0000	test_red_team_alives_mean:142.8000	test_red_team_win_mean:    1.0000	test_return_mean:          1.7578
test_return_std:           0.0000	
2026-08-15 03:06:06,144 - my_experiment - bat_60_HybridComm_static_46 - my_run - INFO - t_env: 2150757 / 5050000
2026-08-15 03:06:06,145 - my_experiment - bat_60_HybridComm_static_46 - my_run - INFO - Estimated time left: 16 hours, 34 minutes, 54 seconds. Time passed: 13 hours, 9 minutes, 41 seconds
2026-08-15 03:23:13,078 - my_experiment - bat_60_HybridComm_static_46 - my_run - INFO - Recent Stats | t_env:    2200557 | Episode:    11004
blue_team_alives_mean:    28.8720	blue_team_win_mean:        0.0000	ep_length_mean:          200.0000	episode_length_mean:     199.0000
epsilon:                   0.0500	grad_norm:                28.9134	info_nce_loss:             0.1482	loss:                      1.1970
q_loss:                    1.0882	red_team_alives_mean:    143.6840	red_team_win_mean:         1.0000	return_mean:               1.4653
return_std:                0.3475	test_blue_team_alives_mean: 29.4000	test_blue_team_win_mean:   0.0000	test_ep_length_mean:     200.0000
test_episode_length_mean:199.0000	test_red_team_alives_mean:143.6000	test_red_team_win_mean:    1.0000	test_return_mean:          2.0054
test_return_std:           0.0000	
2026-08-15 03:23:17,253 - my_experiment - bat_60_HybridComm_static_46 - my_run - INFO - t_env: 2200757 / 5050000
2026-08-15 03:23:17,254 - my_experiment - bat_60_HybridComm_static_46 - my_run - INFO - Estimated time left: 16 hours, 19 minutes, 17 seconds. Time passed: 13 hours, 26 minutes, 52 seconds
2026-08-15 03:40:40,605 - my_experiment - bat_60_HybridComm_static_46 - my_run - INFO - Recent Stats | t_env:    2250557 | Episode:    11254
blue_team_alives_mean:    29.5240	blue_team_win_mean:        0.0000	ep_length_mean:          200.0000	episode_length_mean:     199.0000
epsilon:                   0.0500	grad_norm:                32.5458	info_nce_loss:             0.2811	loss:                      1.1632
q_loss:                    1.0575	red_team_alives_mean:    143.5200	red_team_win_mean:         1.0000	return_mean:               1.3759
return_std:                0.4234	test_blue_team_alives_mean: 28.8000	test_blue_team_win_mean:   0.0000	test_ep_length_mean:     200.0000
test_episode_length_mean:199.0000	test_red_team_alives_mean:143.8000	test_red_team_win_mean:    1.0000	test_return_mean:          1.9398
test_return_std:           0.0000	
2026-08-15 03:40:44,820 - my_experiment - bat_60_HybridComm_static_46 - my_run - INFO - t_env: 2250757 / 5050000
2026-08-15 03:40:44,821 - my_experiment - bat_60_HybridComm_static_46 - my_run - INFO - Estimated time left: 16 hours, 17 minutes, 27 seconds. Time passed: 13 hours, 44 minutes, 20 seconds
2026-08-15 03:58:10,670 - my_experiment - bat_60_HybridComm_static_46 - my_run - INFO - Recent Stats | t_env:    2300557 | Episode:    11504
blue_team_alives_mean:    31.9520	blue_team_win_mean:        0.0000	ep_length_mean:          200.0000	episode_length_mean:     199.0000
epsilon:                   0.0500	grad_norm:                25.7376	info_nce_loss:             0.1707	loss:                      1.0981
q_loss:                    0.9982	red_team_alives_mean:    143.5560	red_team_win_mean:         1.0000	return_mean:               1.2310
return_std:                0.5909	test_blue_team_alives_mean: 27.4000	test_blue_team_win_mean:   0.0000	test_ep_length_mean:     200.0000
test_episode_length_mean:199.0000	test_red_team_alives_mean:143.8000	test_red_team_win_mean:    1.0000	test_return_mean:          1.9821
test_return_std:           0.0000	
2026-08-15 03:58:15,136 - my_experiment - bat_60_HybridComm_static_46 - my_run - INFO - t_env: 2300757 / 5050000
2026-08-15 03:58:15,137 - my_experiment - bat_60_HybridComm_static_46 - my_run - INFO - Estimated time left: 16 hours, 2 minutes, 31 seconds. Time passed: 14 hours, 1 minutes, 50 seconds
2026-08-15 04:15:34,677 - my_experiment - bat_60_HybridComm_static_46 - my_run - INFO - Recent Stats | t_env:    2350557 | Episode:    11754
blue_team_alives_mean:    31.1800	blue_team_win_mean:        0.0000	ep_length_mean:          200.0000	episode_length_mean:     199.0000
epsilon:                   0.0500	grad_norm:                24.8714	info_nce_loss:             0.1323	loss:                      1.0641
q_loss:                    0.9674	red_team_alives_mean:    143.7360	red_team_win_mean:         1.0000	return_mean:               1.4324
return_std:                0.4155	test_blue_team_alives_mean: 23.6000	test_blue_team_win_mean:   0.0000	test_ep_length_mean:     200.0000
test_episode_length_mean:199.0000	test_red_team_alives_mean:143.8000	test_red_team_win_mean:    1.0000	test_return_mean:          1.9789
test_return_std:           0.0000	
2026-08-15 04:15:39,105 - my_experiment - bat_60_HybridComm_static_46 - my_run - INFO - t_env: 2350757 / 5050000
2026-08-15 04:15:39,105 - my_experiment - bat_60_HybridComm_static_46 - my_run - INFO - Estimated time left: 15 hours, 39 minutes, 18 seconds. Time passed: 14 hours, 19 minutes, 14 seconds
2026-08-15 04:33:17,772 - my_experiment - bat_60_HybridComm_static_46 - my_run - INFO - Recent Stats | t_env:    2400557 | Episode:    12004
blue_team_alives_mean:    39.7240	blue_team_win_mean:        0.0080	ep_length_mean:          200.0000	episode_length_mean:     199.0000
epsilon:                   0.0500	grad_norm:                28.1276	info_nce_loss:             0.1454	loss:                      1.0977
q_loss:                    0.9979	red_team_alives_mean:    143.1920	red_team_win_mean:         0.9920	return_mean:               1.4270
return_std:                0.5796	test_blue_team_alives_mean: 22.0000	test_blue_team_win_mean:   0.0000	test_ep_length_mean:     200.0000
test_episode_length_mean:199.0000	test_red_team_alives_mean:144.0000	test_red_team_win_mean:    1.0000	test_return_mean:          2.0637
test_return_std:           0.0000	
2026-08-15 04:33:21,915 - my_experiment - bat_60_HybridComm_static_46 - my_run - INFO - t_env: 2400757 / 5050000
2026-08-15 04:33:21,916 - my_experiment - bat_60_HybridComm_static_46 - my_run - INFO - Estimated time left: 15 hours, 38 minutes, 32 seconds. Time passed: 14 hours, 36 minutes, 57 seconds
2026-08-15 04:51:14,376 - my_experiment - bat_60_HybridComm_static_46 - my_run - INFO - Recent Stats | t_env:    2450557 | Episode:    12254
blue_team_alives_mean:    43.6600	blue_team_win_mean:        0.0080	ep_length_mean:          200.0000	episode_length_mean:     199.0000
epsilon:                   0.0500	grad_norm:                24.6228	info_nce_loss:             0.1519	loss:                      1.0705
q_loss:                    0.9732	red_team_alives_mean:    142.1720	red_team_win_mean:         0.9920	return_mean:               1.4333
return_std:                0.6842	test_blue_team_alives_mean: 21.6000	test_blue_team_win_mean:   0.0000	test_ep_length_mean:     200.0000
test_episode_length_mean:199.0000	test_red_team_alives_mean:144.0000	test_red_team_win_mean:    1.0000	test_return_mean:          2.1617
test_return_std:           0.0000	
2026-08-15 04:51:18,555 - my_experiment - bat_60_HybridComm_static_46 - my_run - INFO - t_env: 2450757 / 5050000
2026-08-15 04:51:18,556 - my_experiment - bat_60_HybridComm_static_46 - my_run - INFO - Estimated time left: 15 hours, 32 minutes, 48 seconds. Time passed: 14 hours, 54 minutes, 54 seconds
2026-08-15 05:08:44,912 - my_experiment - bat_60_HybridComm_static_46 - my_run - INFO - Saving models to work_dirs/my_experiment/bat_60_HybridComm_static_46/my_run/20260814_135616/models/2500357
2026-08-15 05:08:49,037 - my_experiment - bat_60_HybridComm_static_46 - my_run - INFO - Recent Stats | t_env:    2500557 | Episode:    12504
blue_team_alives_mean:    35.0000	blue_team_win_mean:        0.0000	ep_length_mean:          200.0000	episode_length_mean:     199.0000
epsilon:                   0.0500	grad_norm:                22.1812	info_nce_loss:             0.1557	loss:                      1.0201
q_loss:                    0.9274	red_team_alives_mean:    143.6040	red_team_win_mean:         1.0000	return_mean:               1.7866
return_std:                0.3964	test_blue_team_alives_mean: 22.2000	test_blue_team_win_mean:   0.0000	test_ep_length_mean:     200.0000
test_episode_length_mean:199.0000	test_red_team_alives_mean:144.0000	test_red_team_win_mean:    1.0000	test_return_mean:          2.2869
test_return_std:           0.0000	
2026-08-15 05:08:53,256 - my_experiment - bat_60_HybridComm_static_46 - my_run - INFO - t_env: 2500757 / 5050000
2026-08-15 05:08:53,257 - my_experiment - bat_60_HybridComm_static_46 - my_run - INFO - Estimated time left: 14 hours, 56 minutes, 13 seconds. Time passed: 15 hours, 12 minutes, 28 seconds
2026-08-15 05:26:19,437 - my_experiment - bat_60_HybridComm_static_46 - my_run - INFO - Recent Stats | t_env:    2550557 | Episode:    12754
blue_team_alives_mean:    32.9640	blue_team_win_mean:        0.0000	ep_length_mean:          200.0000	episode_length_mean:     199.0000
epsilon:                   0.0500	grad_norm:                29.3681	info_nce_loss:             0.0759	loss:                      1.0078
q_loss:                    0.9162	red_team_alives_mean:    143.7040	red_team_win_mean:         1.0000	return_mean:               2.0371
return_std:                0.3772	test_blue_team_alives_mean: 25.2000	test_blue_team_win_mean:   0.0000	test_ep_length_mean:     200.0000
test_episode_length_mean:199.0000	test_red_team_alives_mean:144.0000	test_red_team_win_mean:    1.0000	test_return_mean:          2.2846
test_return_std:           0.0000	
2026-08-15 05:26:23,659 - my_experiment - bat_60_HybridComm_static_46 - my_run - INFO - t_env: 2550757 / 5050000
2026-08-15 05:26:23,660 - my_experiment - bat_60_HybridComm_static_46 - my_run - INFO - Estimated time left: 14 hours, 35 minutes, 4 seconds. Time passed: 15 hours, 29 minutes, 59 seconds
2026-08-15 05:44:08,329 - my_experiment - bat_60_HybridComm_static_46 - my_run - INFO - Recent Stats | t_env:    2600557 | Episode:    13004
blue_team_alives_mean:    38.9080	blue_team_win_mean:        0.0000	ep_length_mean:          200.0000	episode_length_mean:     199.0000
epsilon:                   0.0500	grad_norm:                24.0143	info_nce_loss:             0.1542	loss:                      1.0151
q_loss:                    0.9229	red_team_alives_mean:    143.2040	red_team_win_mean:         1.0000	return_mean:               1.9015
return_std:                0.4110	test_blue_team_alives_mean: 29.8000	test_blue_team_win_mean:   0.0000	test_ep_length_mean:     200.0000
test_episode_length_mean:199.0000	test_red_team_alives_mean:144.0000	test_red_team_win_mean:    1.0000	test_return_mean:          2.2465
test_return_std:           0.0000	
2026-08-15 05:44:12,662 - my_experiment - bat_60_HybridComm_static_46 - my_run - INFO - t_env: 2600757 / 5050000
2026-08-15 05:44:12,663 - my_experiment - bat_60_HybridComm_static_46 - my_run - INFO - Estimated time left: 14 hours, 32 minutes, 44 seconds. Time passed: 15 hours, 47 minutes, 48 seconds
2026-08-15 06:01:44,751 - my_experiment - bat_60_HybridComm_static_46 - my_run - INFO - Recent Stats | t_env:    2650557 | Episode:    13254
blue_team_alives_mean:    38.7520	blue_team_win_mean:        0.0000	ep_length_mean:          200.0000	episode_length_mean:     199.0000
epsilon:                   0.0500	grad_norm:                30.5698	info_nce_loss:             0.0819	loss:                      1.0322
q_loss:                    0.9383	red_team_alives_mean:    143.1080	red_team_win_mean:         1.0000	return_mean:               1.9341
return_std:                0.3507	test_blue_team_alives_mean: 29.6000	test_blue_team_win_mean:   0.0000	test_ep_length_mean:     200.0000
test_episode_length_mean:199.0000	test_red_team_alives_mean:144.0000	test_red_team_win_mean:    1.0000	test_return_mean:          2.4286
test_return_std:           0.0000	
2026-08-15 06:01:49,012 - my_experiment - bat_60_HybridComm_static_46 - my_run - INFO - t_env: 2650757 / 5050000
2026-08-15 06:01:49,013 - my_experiment - bat_60_HybridComm_static_46 - my_run - INFO - Estimated time left: 14 hours, 4 minutes, 48 seconds. Time passed: 16 hours, 5 minutes, 24 seconds
2026-08-15 06:19:15,115 - my_experiment - bat_60_HybridComm_static_46 - my_run - INFO - Recent Stats | t_env:    2700557 | Episode:    13504
blue_team_alives_mean:    36.0960	blue_team_win_mean:        0.0000	ep_length_mean:          200.0000	episode_length_mean:     199.0000
epsilon:                   0.0500	grad_norm:                29.7327	info_nce_loss:             0.2000	loss:                      1.0444
q_loss:                    0.9495	red_team_alives_mean:    143.3360	red_team_win_mean:         1.0000	return_mean:               1.9454
return_std:                0.3564	test_blue_team_alives_mean: 30.2000	test_blue_team_win_mean:   0.0000	test_ep_length_mean:     200.0000
test_episode_length_mean:199.0000	test_red_team_alives_mean:144.0000	test_red_team_win_mean:    1.0000	test_return_mean:          2.4200
test_return_std:           0.0000	
2026-08-15 06:19:19,497 - my_experiment - bat_60_HybridComm_static_46 - my_run - INFO - t_env: 2700757 / 5050000
2026-08-15 06:19:19,498 - my_experiment - bat_60_HybridComm_static_46 - my_run - INFO - Estimated time left: 13 hours, 42 minutes, 36 seconds. Time passed: 16 hours, 22 minutes, 55 seconds
2026-08-15 06:36:25,351 - my_experiment - bat_60_HybridComm_static_46 - my_run - INFO - Recent Stats | t_env:    2750557 | Episode:    13754
blue_team_alives_mean:    27.3360	blue_team_win_mean:        0.0000	ep_length_mean:          200.0000	episode_length_mean:     199.0000
epsilon:                   0.0500	grad_norm:                23.7188	info_nce_loss:             0.1994	loss:                      1.0078
q_loss:                    0.9162	red_team_alives_mean:    143.8120	red_team_win_mean:         1.0000	return_mean:               2.2926
return_std:                0.2592	test_blue_team_alives_mean: 29.2000	test_blue_team_win_mean:   0.0000	test_ep_length_mean:     200.0000
test_episode_length_mean:199.0000	test_red_team_alives_mean:144.0000	test_red_team_win_mean:    1.0000	test_return_mean:          2.4840
test_return_std:           0.0000	
2026-08-15 06:36:29,449 - my_experiment - bat_60_HybridComm_static_46 - my_run - INFO - t_env: 2750757 / 5050000
2026-08-15 06:36:29,449 - my_experiment - bat_60_HybridComm_static_46 - my_run - INFO - Estimated time left: 13 hours, 9 minutes, 22 seconds. Time passed: 16 hours, 40 minutes, 4 seconds
2026-08-15 06:53:36,358 - my_experiment - bat_60_HybridComm_static_46 - my_run - INFO - Recent Stats | t_env:    2800557 | Episode:    14004
blue_team_alives_mean:    25.6200	blue_team_win_mean:        0.0000	ep_length_mean:          200.0000	episode_length_mean:     199.0000
epsilon:                   0.0500	grad_norm:                35.2302	info_nce_loss:             0.1288	loss:                      1.0830
q_loss:                    0.9845	red_team_alives_mean:    143.8920	red_team_win_mean:         1.0000	return_mean:               2.3795
return_std:                0.3127	test_blue_team_alives_mean: 26.2000	test_blue_team_win_mean:   0.0000	test_ep_length_mean:     200.0000
test_episode_length_mean:199.0000	test_red_team_alives_mean:144.0000	test_red_team_win_mean:    1.0000	test_return_mean:          2.5811
test_return_std:           0.0000	
2026-08-15 06:53:40,471 - my_experiment - bat_60_HybridComm_static_46 - my_run - INFO - t_env: 2800757 / 5050000
2026-08-15 06:53:40,472 - my_experiment - bat_60_HybridComm_static_46 - my_run - INFO - Estimated time left: 12 hours, 53 minutes, 0 seconds. Time passed: 16 hours, 57 minutes, 15 seconds
2026-08-15 07:11:03,779 - my_experiment - bat_60_HybridComm_static_46 - my_run - INFO - Recent Stats | t_env:    2850753 | Episode:    14255
blue_team_alives_mean:    30.0320	blue_team_win_mean:        0.0000	ep_length_mean:          200.0000	episode_length_mean:     199.0000
epsilon:                   0.0500	grad_norm:                32.9940	info_nce_loss:             0.0685	loss:                      1.0501
q_loss:                    0.9547	red_team_alives_mean:    143.7240	red_team_win_mean:         1.0000	return_mean:               2.2807
return_std:                0.5205	test_blue_team_alives_mean: 23.0000	test_blue_team_win_mean:   0.0000	test_ep_length_mean:     200.0000
test_episode_length_mean:199.0000	test_red_team_alives_mean:144.0000	test_red_team_win_mean:    1.0000	test_return_mean:          2.7622
test_return_std:           0.0000	
2026-08-15 07:11:07,869 - my_experiment - bat_60_HybridComm_static_46 - my_run - INFO - t_env: 2850953 / 5050000
2026-08-15 07:11:07,869 - my_experiment - bat_60_HybridComm_static_46 - my_run - INFO - Estimated time left: 12 hours, 44 minutes, 45 seconds. Time passed: 17 hours, 14 minutes, 43 seconds
2026-08-15 07:28:26,490 - my_experiment - bat_60_HybridComm_static_46 - my_run - INFO - Recent Stats | t_env:    2900753 | Episode:    14505
blue_team_alives_mean:    30.7073	blue_team_win_mean:        0.0000	ep_length_mean:          199.9843	episode_length_mean:     198.9843
epsilon:                   0.0500	grad_norm:                29.0488	info_nce_loss:             0.0784	loss:                      1.0425
q_loss:                    0.9478	red_team_alives_mean:    143.7682	red_team_win_mean:         1.0000	return_mean:               2.0709
return_std:                0.5527	test_blue_team_alives_mean: 23.2000	test_blue_team_win_mean:   0.0000	test_ep_length_mean:     200.0000
test_episode_length_mean:199.0000	test_red_team_alives_mean:144.0000	test_red_team_win_mean:    1.0000	test_return_mean:          2.7383
test_return_std:           0.0000	
2026-08-15 07:28:30,566 - my_experiment - bat_60_HybridComm_static_46 - my_run - INFO - t_env: 2900953 / 5050000
2026-08-15 07:28:30,567 - my_experiment - bat_60_HybridComm_static_46 - my_run - INFO - Estimated time left: 12 hours, 26 minutes, 56 seconds. Time passed: 17 hours, 32 minutes, 6 seconds
2026-08-15 07:45:47,482 - my_experiment - bat_60_HybridComm_static_46 - my_run - INFO - Recent Stats | t_env:    2950753 | Episode:    14755
blue_team_alives_mean:    33.9760	blue_team_win_mean:        0.0000	ep_length_mean:          200.0000	episode_length_mean:     199.0000
epsilon:                   0.0500	grad_norm:                33.8989	info_nce_loss:             0.1624	loss:                      1.0754
q_loss:                    0.9776	red_team_alives_mean:    143.7000	red_team_win_mean:         1.0000	return_mean:               2.2029
return_std:                0.2655	test_blue_team_alives_mean: 22.8000	test_blue_team_win_mean:   0.0000	test_ep_length_mean:     200.0000
test_episode_length_mean:199.0000	test_red_team_alives_mean:144.0000	test_red_team_win_mean:    1.0000	test_return_mean:          2.8343
test_return_std:           0.0000	
2026-08-15 07:45:51,631 - my_experiment - bat_60_HybridComm_static_46 - my_run - INFO - t_env: 2950953 / 5050000
2026-08-15 07:45:51,632 - my_experiment - bat_60_HybridComm_static_46 - my_run - INFO - Estimated time left: 12 hours, 8 minutes, 24 seconds. Time passed: 17 hours, 49 minutes, 27 seconds
2026-08-15 08:03:09,108 - my_experiment - bat_60_HybridComm_static_46 - my_run - INFO - Saving models to work_dirs/my_experiment/bat_60_HybridComm_static_46/my_run/20260814_135616/models/3000553
2026-08-15 08:03:13,235 - my_experiment - bat_60_HybridComm_static_46 - my_run - INFO - Recent Stats | t_env:    3000753 | Episode:    15005
blue_team_alives_mean:    37.2000	blue_team_win_mean:        0.0000	ep_length_mean:          200.0000	episode_length_mean:     199.0000
epsilon:                   0.0500	grad_norm:                40.5636	info_nce_loss:             0.2506	loss:                      1.0512
q_loss:                    0.9556	red_team_alives_mean:    143.5280	red_team_win_mean:         1.0000	return_mean:               1.9966
return_std:                0.3950	test_blue_team_alives_mean: 27.0000	test_blue_team_win_mean:   0.0000	test_ep_length_mean:     200.0000
test_episode_length_mean:199.0000	test_red_team_alives_mean:144.0000	test_red_team_win_mean:    1.0000	test_return_mean:          2.6710
test_return_std:           0.0000	
2026-08-15 08:03:17,425 - my_experiment - bat_60_HybridComm_static_46 - my_run - INFO - t_env: 3000953 / 5050000
2026-08-15 08:03:17,426 - my_experiment - bat_60_HybridComm_static_46 - my_run - INFO - Estimated time left: 11 hours, 54 minutes, 17 seconds. Time passed: 18 hours, 6 minutes, 52 seconds
2026-08-15 08:20:20,701 - my_experiment - bat_60_HybridComm_static_46 - my_run - INFO - Recent Stats | t_env:    3050753 | Episode:    15255
blue_team_alives_mean:    27.7800	blue_team_win_mean:        0.0000	ep_length_mean:          200.0000	episode_length_mean:     199.0000
epsilon:                   0.0500	grad_norm:                29.7604	info_nce_loss:             0.0590	loss:                      1.0541
q_loss:                    0.9583	red_team_alives_mean:    143.8560	red_team_win_mean:         1.0000	return_mean:               2.1555
return_std:                0.2630	test_blue_team_alives_mean: 30.6000	test_blue_team_win_mean:   0.0000	test_ep_length_mean:     200.0000
test_episode_length_mean:199.0000	test_red_team_alives_mean:143.8000	test_red_team_win_mean:    1.0000	test_return_mean:          2.4692
test_return_std:           0.0000	
2026-08-15 08:20:24,757 - my_experiment - bat_60_HybridComm_static_46 - my_run - INFO - t_env: 3050953 / 5050000
2026-08-15 08:20:24,758 - my_experiment - bat_60_HybridComm_static_46 - my_run - INFO - Estimated time left: 11 hours, 24 minutes, 33 seconds. Time passed: 18 hours, 24 minutes, 0 seconds
2026-08-15 08:38:03,501 - my_experiment - bat_60_HybridComm_static_46 - my_run - INFO - Recent Stats | t_env:    3100753 | Episode:    15505
blue_team_alives_mean:    33.2560	blue_team_win_mean:        0.0000	ep_length_mean:          200.0000	episode_length_mean:     199.0000
epsilon:                   0.0500	grad_norm:                24.0914	info_nce_loss:             0.1212	loss:                      1.0863
q_loss:                    0.9876	red_team_alives_mean:    143.8920	red_team_win_mean:         0.9960	return_mean:               1.7309
return_std:                0.6575	test_blue_team_alives_mean: 29.4000	test_blue_team_win_mean:   0.0000	test_ep_length_mean:     200.0000
test_episode_length_mean:199.0000	test_red_team_alives_mean:143.8000	test_red_team_win_mean:    1.0000	test_return_mean:          2.3974
test_return_std:           0.0000	
2026-08-15 08:38:07,523 - my_experiment - bat_60_HybridComm_static_46 - my_run - INFO - t_env: 3100953 / 5050000
2026-08-15 08:38:07,524 - my_experiment - bat_60_HybridComm_static_46 - my_run - INFO - Estimated time left: 11 hours, 30 minutes, 27 seconds. Time passed: 18 hours, 41 minutes, 43 seconds
2026-08-15 08:55:31,010 - my_experiment - bat_60_HybridComm_static_46 - my_run - INFO - Recent Stats | t_env:    3150753 | Episode:    15755
blue_team_alives_mean:    37.7520	blue_team_win_mean:        0.0000	ep_length_mean:          200.0000	episode_length_mean:     199.0000
epsilon:                   0.0500	grad_norm:                33.9241	info_nce_loss:             0.1697	loss:                      1.1092
q_loss:                    1.0084	red_team_alives_mean:    143.5800	red_team_win_mean:         1.0000	return_mean:               1.3353
return_std:                0.6992	test_blue_team_alives_mean: 26.2000	test_blue_team_win_mean:   0.0000	test_ep_length_mean:     200.0000
test_episode_length_mean:199.0000	test_red_team_alives_mean:143.8000	test_red_team_win_mean:    1.0000	test_return_mean:          2.1946
test_return_std:           0.0000	
2026-08-15 08:55:35,187 - my_experiment - bat_60_HybridComm_static_46 - my_run - INFO - t_env: 3150953 / 5050000
2026-08-15 08:55:35,188 - my_experiment - bat_60_HybridComm_static_46 - my_run - INFO - Estimated time left: 11 hours, 3 minutes, 11 seconds. Time passed: 18 hours, 59 minutes, 10 seconds
2026-08-15 09:13:17,908 - my_experiment - bat_60_HybridComm_static_46 - my_run - INFO - Recent Stats | t_env:    3200753 | Episode:    16005
blue_team_alives_mean:    38.3320	blue_team_win_mean:        0.0000	ep_length_mean:          200.0000	episode_length_mean:     199.0000
epsilon:                   0.0500	grad_norm:                40.8973	info_nce_loss:             0.0377	loss:                      1.0673
q_loss:                    0.9703	red_team_alives_mean:    143.3360	red_team_win_mean:         1.0000	return_mean:               0.8886
return_std:                1.2971	test_blue_team_alives_mean: 27.0000	test_blue_team_win_mean:   0.0000	test_ep_length_mean:     200.0000
test_episode_length_mean:199.0000	test_red_team_alives_mean:143.8000	test_red_team_win_mean:    1.0000	test_return_mean:          1.9653
test_return_std:           0.0000	
2026-08-15 09:13:22,079 - my_experiment - bat_60_HybridComm_static_46 - my_run - INFO - t_env: 3200953 / 5050000
2026-08-15 09:13:22,080 - my_experiment - bat_60_HybridComm_static_46 - my_run - INFO - Estimated time left: 10 hours, 57 minutes, 34 seconds. Time passed: 19 hours, 16 minutes, 57 seconds
2026-08-15 09:31:13,243 - my_experiment - bat_60_HybridComm_static_46 - my_run - INFO - Recent Stats | t_env:    3250753 | Episode:    16255
blue_team_alives_mean:    38.9080	blue_team_win_mean:        0.0000	ep_length_mean:          200.0000	episode_length_mean:     199.0000
epsilon:                   0.0500	grad_norm:                38.5184	info_nce_loss:             0.0584	loss:                      1.1371
q_loss:                    1.0337	red_team_alives_mean:    143.0240	red_team_win_mean:         1.0000	return_mean:               1.5470
return_std:                0.7992	test_blue_team_alives_mean: 24.2000	test_blue_team_win_mean:   0.0000	test_ep_length_mean:     200.0000
test_episode_length_mean:199.0000	test_red_team_alives_mean:143.8000	test_red_team_win_mean:    1.0000	test_return_mean:          2.1282
test_return_std:           0.0000	
2026-08-15 09:31:17,435 - my_experiment - bat_60_HybridComm_static_46 - my_run - INFO - t_env: 3250953 / 5050000
2026-08-15 09:31:17,436 - my_experiment - bat_60_HybridComm_static_46 - my_run - INFO - Estimated time left: 10 hours, 44 minutes, 52 seconds. Time passed: 19 hours, 34 minutes, 52 seconds
2026-08-15 09:48:37,608 - my_experiment - bat_60_HybridComm_static_46 - my_run - INFO - Recent Stats | t_env:    3300753 | Episode:    16505
blue_team_alives_mean:    28.4360	blue_team_win_mean:        0.0000	ep_length_mean:          200.0000	episode_length_mean:     199.0000
epsilon:                   0.0500	grad_norm:                18.0752	info_nce_loss:             0.2382	loss:                      1.0209
q_loss:                    0.9281	red_team_alives_mean:    143.8120	red_team_win_mean:         1.0000	return_mean:               2.0656
return_std:                0.5592	test_blue_team_alives_mean: 26.0000	test_blue_team_win_mean:   0.0000	test_ep_length_mean:     200.0000
test_episode_length_mean:199.0000	test_red_team_alives_mean:143.8000	test_red_team_win_mean:    1.0000	test_return_mean:          2.1024
test_return_std:           0.0000	
2026-08-15 09:48:41,835 - my_experiment - bat_60_HybridComm_static_46 - my_run - INFO - t_env: 3300953 / 5050000
2026-08-15 09:48:41,836 - my_experiment - bat_60_HybridComm_static_46 - my_run - INFO - Estimated time left: 10 hours, 8 minutes, 54 seconds. Time passed: 19 hours, 52 minutes, 17 seconds
2026-08-15 10:06:02,120 - my_experiment - bat_60_HybridComm_static_46 - my_run - INFO - Recent Stats | t_env:    3350753 | Episode:    16755
blue_team_alives_mean:    29.3600	blue_team_win_mean:        0.0000	ep_length_mean:          200.0000	episode_length_mean:     199.0000
epsilon:                   0.0500	grad_norm:                38.0464	info_nce_loss:             0.1097	loss:                      1.1445
q_loss:                    1.0404	red_team_alives_mean:    143.8840	red_team_win_mean:         1.0000	return_mean:               1.9430
return_std:                0.4489	test_blue_team_alives_mean: 31.0000	test_blue_team_win_mean:   0.0000	test_ep_length_mean:     200.0000
test_episode_length_mean:199.0000	test_red_team_alives_mean:143.8000	test_red_team_win_mean:    1.0000	test_return_mean:          1.8282
test_return_std:           0.0000	
2026-08-15 10:06:06,369 - my_experiment - bat_60_HybridComm_static_46 - my_run - INFO - t_env: 3350953 / 5050000
2026-08-15 10:06:06,370 - my_experiment - bat_60_HybridComm_static_46 - my_run - INFO - Estimated time left: 9 hours, 51 minutes, 34 seconds. Time passed: 20 hours, 9 minutes, 41 seconds
2026-08-15 10:23:11,716 - my_experiment - bat_60_HybridComm_static_46 - my_run - INFO - Recent Stats | t_env:    3400753 | Episode:    17005
blue_team_alives_mean:    25.3400	blue_team_win_mean:        0.0000	ep_length_mean:          200.0000	episode_length_mean:     199.0000
epsilon:                   0.0500	grad_norm:                26.2706	info_nce_loss:             0.0810	loss:                      1.1287
q_loss:                    1.0261	red_team_alives_mean:    143.9080	red_team_win_mean:         1.0000	return_mean:               2.2079
return_std:                0.3346	test_blue_team_alives_mean: 34.0000	test_blue_team_win_mean:   0.0000	test_ep_length_mean:     200.0000
test_episode_length_mean:199.0000	test_red_team_alives_mean:143.8000	test_red_team_win_mean:    1.0000	test_return_mean:          1.9559
test_return_std:           0.0000	
2026-08-15 10:23:15,712 - my_experiment - bat_60_HybridComm_static_46 - my_run - INFO - t_env: 3400953 / 5050000
2026-08-15 10:23:15,712 - my_experiment - bat_60_HybridComm_static_46 - my_run - INFO - Estimated time left: 9 hours, 25 minutes, 48 seconds. Time passed: 20 hours, 26 minutes, 51 seconds
2026-08-15 10:40:18,798 - my_experiment - bat_60_HybridComm_static_46 - my_run - INFO - Recent Stats | t_env:    3450753 | Episode:    17255
blue_team_alives_mean:    17.9880	blue_team_win_mean:        0.0000	ep_length_mean:          200.0000	episode_length_mean:     199.0000
epsilon:                   0.0500	grad_norm:                28.4053	info_nce_loss:             0.0996	loss:                      1.1417
q_loss:                    1.0380	red_team_alives_mean:    143.9840	red_team_win_mean:         1.0000	return_mean:               2.4922
return_std:                0.2781	test_blue_team_alives_mean: 31.0000	test_blue_team_win_mean:   0.0000	test_ep_length_mean:     200.0000
test_episode_length_mean:199.0000	test_red_team_alives_mean:143.8000	test_red_team_win_mean:    1.0000	test_return_mean:          2.0717
test_return_std:           0.0000	
2026-08-15 10:40:22,883 - my_experiment - bat_60_HybridComm_static_46 - my_run - INFO - t_env: 3450953 / 5050000
2026-08-15 10:40:22,884 - my_experiment - bat_60_HybridComm_static_46 - my_run - INFO - Estimated time left: 9 hours, 7 minutes, 29 seconds. Time passed: 20 hours, 43 minutes, 58 seconds
2026-08-15 10:57:15,054 - my_experiment - bat_60_HybridComm_static_46 - my_run - INFO - Saving models to work_dirs/my_experiment/bat_60_HybridComm_static_46/my_run/20260814_135616/models/3500553
2026-08-15 10:57:19,098 - my_experiment - bat_60_HybridComm_static_46 - my_run - INFO - Recent Stats | t_env:    3500753 | Episode:    17505
blue_team_alives_mean:    17.0800	blue_team_win_mean:        0.0000	ep_length_mean:          200.0000	episode_length_mean:     199.0000
epsilon:                   0.0500	grad_norm:                33.5972	info_nce_loss:             0.1588	loss:                      1.1600
q_loss:                    1.0546	red_team_alives_mean:    143.8760	red_team_win_mean:         1.0000	return_mean:               2.5115
return_std:                0.3435	test_blue_team_alives_mean: 25.8000	test_blue_team_win_mean:   0.0000	test_ep_length_mean:     200.0000
test_episode_length_mean:199.0000	test_red_team_alives_mean:143.8000	test_red_team_win_mean:    1.0000	test_return_mean:          2.2574
test_return_std:           0.0000	
2026-08-15 10:57:23,158 - my_experiment - bat_60_HybridComm_static_46 - my_run - INFO - t_env: 3500953 / 5050000
2026-08-15 10:57:23,158 - my_experiment - bat_60_HybridComm_static_46 - my_run - INFO - Estimated time left: 8 hours, 46 minutes, 49 seconds. Time passed: 21 hours, 58 seconds
2026-08-15 11:14:14,048 - my_experiment - bat_60_HybridComm_static_46 - my_run - INFO - Recent Stats | t_env:    3550753 | Episode:    17755
blue_team_alives_mean:    18.0200	blue_team_win_mean:        0.0000	ep_length_mean:          200.0000	episode_length_mean:     199.0000
epsilon:                   0.0500	grad_norm:                34.6491	info_nce_loss:             0.1195	loss:                      1.1635
q_loss:                    1.0578	red_team_alives_mean:    143.9600	red_team_win_mean:         1.0000	return_mean:               2.5016
return_std:                0.2796	test_blue_team_alives_mean: 20.4000	test_blue_team_win_mean:   0.0000	test_ep_length_mean:     200.0000
test_episode_length_mean:199.0000	test_red_team_alives_mean:144.0000	test_red_team_win_mean:    1.0000	test_return_mean:          2.3772
test_return_std:           0.0000	
2026-08-15 11:14:18,070 - my_experiment - bat_60_HybridComm_static_46 - my_run - INFO - t_env: 3550953 / 5050000
2026-08-15 11:14:18,071 - my_experiment - bat_60_HybridComm_static_46 - my_run - INFO - Estimated time left: 8 hours, 27 minutes, 8 seconds. Time passed: 21 hours, 17 minutes, 53 seconds
2026-08-15 11:31:12,532 - my_experiment - bat_60_HybridComm_static_46 - my_run - INFO - Recent Stats | t_env:    3600753 | Episode:    18005
blue_team_alives_mean:    22.6200	blue_team_win_mean:        0.0000	ep_length_mean:          200.0000	episode_length_mean:     199.0000
epsilon:                   0.0500	grad_norm:                49.0932	info_nce_loss:             0.1120	loss:                      1.2439
q_loss:                    1.1308	red_team_alives_mean:    143.9680	red_team_win_mean:         1.0000	return_mean:               2.5288
return_std:                0.2849	test_blue_team_alives_mean: 16.2000	test_blue_team_win_mean:   0.0000	test_ep_length_mean:     200.0000
test_episode_length_mean:199.0000	test_red_team_alives_mean:144.0000	test_red_team_win_mean:    1.0000	test_return_mean:          2.6881
test_return_std:           0.0000	
2026-08-15 11:31:16,729 - my_experiment - bat_60_HybridComm_static_46 - my_run - INFO - t_env: 3600953 / 5050000
2026-08-15 11:31:16,730 - my_experiment - bat_60_HybridComm_static_46 - my_run - INFO - Estimated time left: 8 hours, 12 minutes, 1 seconds. Time passed: 21 hours, 34 minutes, 52 seconds
2026-08-15 11:48:21,263 - my_experiment - bat_60_HybridComm_static_46 - my_run - INFO - Recent Stats | t_env:    3650753 | Episode:    18255
blue_team_alives_mean:    26.9400	blue_team_win_mean:        0.0000	ep_length_mean:          200.0000	episode_length_mean:     199.0000
epsilon:                   0.0500	grad_norm:                37.7252	info_nce_loss:             0.0922	loss:                      1.1074
q_loss:                    1.0067	red_team_alives_mean:    143.9480	red_team_win_mean:         1.0000	return_mean:               2.4708
return_std:                0.2978	test_blue_team_alives_mean: 21.6000	test_blue_team_win_mean:   0.0000	test_ep_length_mean:     200.0000
test_episode_length_mean:199.0000	test_red_team_alives_mean:144.0000	test_red_team_win_mean:    1.0000	test_return_mean:          2.6243
test_return_std:           0.0000	
2026-08-15 11:48:25,510 - my_experiment - bat_60_HybridComm_static_46 - my_run - INFO - t_env: 3650953 / 5050000
2026-08-15 11:48:25,511 - my_experiment - bat_60_HybridComm_static_46 - my_run - INFO - Estimated time left: 7 hours, 59 minutes, 46 seconds. Time passed: 21 hours, 52 minutes, 1 seconds
2026-08-15 12:05:35,870 - my_experiment - bat_60_HybridComm_static_46 - my_run - INFO - Recent Stats | t_env:    3700753 | Episode:    18505
blue_team_alives_mean:    25.9080	blue_team_win_mean:        0.0000	ep_length_mean:          200.0000	episode_length_mean:     199.0000
epsilon:                   0.0500	grad_norm:                28.0361	info_nce_loss:             0.1830	loss:                      1.0994
q_loss:                    0.9995	red_team_alives_mean:    143.9840	red_team_win_mean:         1.0000	return_mean:               2.5110
return_std:                0.3827	test_blue_team_alives_mean: 26.6000	test_blue_team_win_mean:   0.0000	test_ep_length_mean:     200.0000
test_episode_length_mean:199.0000	test_red_team_alives_mean:144.0000	test_red_team_win_mean:    1.0000	test_return_mean:          2.7211
test_return_std:           0.0000	
2026-08-15 12:05:40,191 - my_experiment - bat_60_HybridComm_static_46 - my_run - INFO - t_env: 3700953 / 5050000
2026-08-15 12:05:40,192 - my_experiment - bat_60_HybridComm_static_46 - my_run - INFO - Estimated time left: 7 hours, 45 minutes, 16 seconds. Time passed: 22 hours, 9 minutes, 15 seconds
2026-08-15 12:23:02,048 - my_experiment - bat_60_HybridComm_static_46 - my_run - INFO - Recent Stats | t_env:    3750753 | Episode:    18755
blue_team_alives_mean:    29.3560	blue_team_win_mean:        0.0000	ep_length_mean:          200.0000	episode_length_mean:     199.0000
epsilon:                   0.0500	grad_norm:                61.1075	info_nce_loss:             0.3090	loss:                      1.1732
q_loss:                    1.0666	red_team_alives_mean:    143.9720	red_team_win_mean:         1.0000	return_mean:               2.5387
return_std:                0.2505	test_blue_team_alives_mean: 30.8000	test_blue_team_win_mean:   0.0000	test_ep_length_mean:     200.0000
test_episode_length_mean:199.0000	test_red_team_alives_mean:144.0000	test_red_team_win_mean:    1.0000	test_return_mean:          2.5953
test_return_std:           0.0000	
2026-08-15 12:23:06,296 - my_experiment - bat_60_HybridComm_static_46 - my_run - INFO - t_env: 3750953 / 5050000
2026-08-15 12:23:06,297 - my_experiment - bat_60_HybridComm_static_46 - my_run - INFO - Estimated time left: 7 hours, 32 minutes, 58 seconds. Time passed: 22 hours, 26 minutes, 41 seconds
2026-08-15 12:40:33,589 - my_experiment - bat_60_HybridComm_static_46 - my_run - INFO - Recent Stats | t_env:    3800753 | Episode:    19005
blue_team_alives_mean:    31.4640	blue_team_win_mean:        0.0000	ep_length_mean:          200.0000	episode_length_mean:     199.0000
epsilon:                   0.0500	grad_norm:                29.7601	info_nce_loss:             0.1025	loss:                      1.0426
q_loss:                    0.9478	red_team_alives_mean:    143.9200	red_team_win_mean:         1.0000	return_mean:               2.3829
return_std:                0.2774	test_blue_team_alives_mean: 34.4000	test_blue_team_win_mean:   0.0000	test_ep_length_mean:     200.0000
test_episode_length_mean:199.0000	test_red_team_alives_mean:144.0000	test_red_team_win_mean:    1.0000	test_return_mean:          2.6378
test_return_std:           0.0000	
2026-08-15 12:40:37,831 - my_experiment - bat_60_HybridComm_static_46 - my_run - INFO - t_env: 3800953 / 5050000
2026-08-15 12:40:37,832 - my_experiment - bat_60_HybridComm_static_46 - my_run - INFO - Estimated time left: 7 hours, 17 minutes, 48 seconds. Time passed: 22 hours, 44 minutes, 13 seconds
2026-08-15 12:58:03,985 - my_experiment - bat_60_HybridComm_static_46 - my_run - INFO - Recent Stats | t_env:    3850753 | Episode:    19255
blue_team_alives_mean:    29.2000	blue_team_win_mean:        0.0000	ep_length_mean:          200.0000	episode_length_mean:     199.0000
epsilon:                   0.0500	grad_norm:                41.5793	info_nce_loss:             0.0577	loss:                      1.1040
q_loss:                    1.0036	red_team_alives_mean:    143.8880	red_team_win_mean:         1.0000	return_mean:               2.4402
return_std:                0.3286	test_blue_team_alives_mean: 33.8000	test_blue_team_win_mean:   0.0000	test_ep_length_mean:     200.0000
test_episode_length_mean:199.0000	test_red_team_alives_mean:144.0000	test_red_team_win_mean:    1.0000	test_return_mean:          2.7582
test_return_std:           0.0000	
2026-08-15 12:58:08,118 - my_experiment - bat_60_HybridComm_static_46 - my_run - INFO - t_env: 3850953 / 5050000
2026-08-15 12:58:08,119 - my_experiment - bat_60_HybridComm_static_46 - my_run - INFO - Estimated time left: 6 hours, 59 minutes, 46 seconds. Time passed: 23 hours, 1 minutes, 43 seconds
2026-08-15 13:15:29,991 - my_experiment - bat_60_HybridComm_static_46 - my_run - INFO - Recent Stats | t_env:    3900753 | Episode:    19505
blue_team_alives_mean:    26.6560	blue_team_win_mean:        0.0000	ep_length_mean:          200.0000	episode_length_mean:     199.0000
epsilon:                   0.0500	grad_norm:               1512.9092	info_nce_loss:             0.1499	loss:                      3.9958
q_loss:                    3.6325	red_team_alives_mean:    143.8480	red_team_win_mean:         1.0000	return_mean:               2.6233
return_std:                0.3602	test_blue_team_alives_mean: 28.6000	test_blue_team_win_mean:   0.0000	test_ep_length_mean:     200.0000
test_episode_length_mean:199.0000	test_red_team_alives_mean:144.0000	test_red_team_win_mean:    1.0000	test_return_mean:          2.9687
test_return_std:           0.0000	
2026-08-15 13:15:34,190 - my_experiment - bat_60_HybridComm_static_46 - my_run - INFO - t_env: 3900953 / 5050000
2026-08-15 13:15:34,191 - my_experiment - bat_60_HybridComm_static_46 - my_run - INFO - Estimated time left: 6 hours, 40 minutes, 39 seconds. Time passed: 23 hours, 19 minutes, 9 seconds
2026-08-15 13:32:48,701 - my_experiment - bat_60_HybridComm_static_46 - my_run - INFO - Recent Stats | t_env:    3950753 | Episode:    19755
blue_team_alives_mean:    26.1320	blue_team_win_mean:        0.0000	ep_length_mean:          200.0000	episode_length_mean:     199.0000
epsilon:                   0.0500	grad_norm:                26.4295	info_nce_loss:             0.1551	loss:                      1.0275
q_loss:                    0.9341	red_team_alives_mean:    143.9640	red_team_win_mean:         1.0000	return_mean:               2.5552
return_std:                0.2992	test_blue_team_alives_mean: 28.2000	test_blue_team_win_mean:   0.0000	test_ep_length_mean:     200.0000
test_episode_length_mean:199.0000	test_red_team_alives_mean:144.0000	test_red_team_win_mean:    1.0000	test_return_mean:          2.8932
test_return_std:           0.0000	
2026-08-15 13:32:52,875 - my_experiment - bat_60_HybridComm_static_46 - my_run - INFO - t_env: 3950953 / 5050000
2026-08-15 13:32:52,875 - my_experiment - bat_60_HybridComm_static_46 - my_run - INFO - Estimated time left: 6 hours, 20 minutes, 31 seconds. Time passed: 23 hours, 36 minutes, 28 seconds
2026-08-15 13:50:02,095 - my_experiment - bat_60_HybridComm_static_46 - my_run - INFO - Saving models to work_dirs/my_experiment/bat_60_HybridComm_static_46/my_run/20260814_135616/models/4000553
2026-08-15 13:50:06,279 - my_experiment - bat_60_HybridComm_static_46 - my_run - INFO - Recent Stats | t_env:    4000753 | Episode:    20005
blue_team_alives_mean:    21.6000	blue_team_win_mean:        0.0000	ep_length_mean:          200.0000	episode_length_mean:     199.0000
epsilon:                   0.0500	grad_norm:                41.8362	info_nce_loss:             0.1771	loss:                      1.1240
q_loss:                    1.0219	red_team_alives_mean:    143.9320	red_team_win_mean:         1.0000	return_mean:               2.6489
return_std:                0.2585	test_blue_team_alives_mean: 24.4000	test_blue_team_win_mean:   0.0000	test_ep_length_mean:     200.0000
test_episode_length_mean:199.0000	test_red_team_alives_mean:144.0000	test_red_team_win_mean:    1.0000	test_return_mean:          3.0021
test_return_std:           0.0000	
2026-08-15 13:50:10,440 - my_experiment - bat_60_HybridComm_static_46 - my_run - INFO - t_env: 4000953 / 5050000
2026-08-15 13:50:10,440 - my_experiment - bat_60_HybridComm_static_46 - my_run - INFO - Estimated time left: 6 hours, 2 minutes, 49 seconds. Time passed: 23 hours, 53 minutes, 45 seconds
2026-08-15 14:07:33,108 - my_experiment - bat_60_HybridComm_static_46 - my_run - INFO - Recent Stats | t_env:    4050753 | Episode:    20255
blue_team_alives_mean:    24.0640	blue_team_win_mean:        0.0000	ep_length_mean:          200.0000	episode_length_mean:     199.0000
epsilon:                   0.0500	grad_norm:                41.6830	info_nce_loss:             0.1537	loss:                      1.0384
q_loss:                    0.9440	red_team_alives_mean:    143.9160	red_team_win_mean:         1.0000	return_mean:               2.5949
return_std:                0.2817	test_blue_team_alives_mean: 23.6000	test_blue_team_win_mean:   0.0000	test_ep_length_mean:     200.0000
test_episode_length_mean:199.0000	test_red_team_alives_mean:144.0000	test_red_team_win_mean:    1.0000	test_return_mean:          3.0485
test_return_std:           0.0000	
2026-08-15 14:07:37,263 - my_experiment - bat_60_HybridComm_static_46 - my_run - INFO - t_env: 4050953 / 5050000
2026-08-15 14:07:37,263 - my_experiment - bat_60_HybridComm_static_46 - my_run - INFO - Estimated time left: 5 hours, 48 minutes, 36 seconds. Time passed: 1 days, 11 minutes, 12 seconds
2026-08-15 14:24:54,414 - my_experiment - bat_60_HybridComm_static_46 - my_run - INFO - Recent Stats | t_env:    4100753 | Episode:    20505
blue_team_alives_mean:    24.0840	blue_team_win_mean:        0.0000	ep_length_mean:          200.0000	episode_length_mean:     199.0000
epsilon:                   0.0500	grad_norm:                49.2855	info_nce_loss:             0.1170	loss:                      1.0864
q_loss:                    0.9876	red_team_alives_mean:    143.9720	red_team_win_mean:         1.0000	return_mean:               2.4152
return_std:                0.4635	test_blue_team_alives_mean: 26.6000	test_blue_team_win_mean:   0.0000	test_ep_length_mean:     200.0000
test_episode_length_mean:199.0000	test_red_team_alives_mean:144.0000	test_red_team_win_mean:    1.0000	test_return_mean:          2.9471
test_return_std:           0.0000	
2026-08-15 14:24:58,487 - my_experiment - bat_60_HybridComm_static_46 - my_run - INFO - t_env: 4100953 / 5050000
2026-08-15 14:24:58,488 - my_experiment - bat_60_HybridComm_static_46 - my_run - INFO - Estimated time left: 5 hours, 29 minutes, 23 seconds. Time passed: 1 days, 28 minutes, 34 seconds
2026-08-15 14:42:15,714 - my_experiment - bat_60_HybridComm_static_46 - my_run - INFO - Recent Stats | t_env:    4150753 | Episode:    20755
blue_team_alives_mean:    24.7280	blue_team_win_mean:        0.0000	ep_length_mean:          200.0000	episode_length_mean:     199.0000
epsilon:                   0.0500	grad_norm:                28.7207	info_nce_loss:             0.0474	loss:                      1.0783
q_loss:                    0.9803	red_team_alives_mean:    143.9480	red_team_win_mean:         1.0000	return_mean:               2.2966
return_std:                0.7838	test_blue_team_alives_mean: 27.0000	test_blue_team_win_mean:   0.0000	test_ep_length_mean:     200.0000
test_episode_length_mean:199.0000	test_red_team_alives_mean:144.0000	test_red_team_win_mean:    1.0000	test_return_mean:          2.9126
test_return_std:           0.0000	
2026-08-15 14:42:19,882 - my_experiment - bat_60_HybridComm_static_46 - my_run - INFO - t_env: 4150953 / 5050000
2026-08-15 14:42:19,883 - my_experiment - bat_60_HybridComm_static_46 - my_run - INFO - Estimated time left: 5 hours, 12 minutes, 5 seconds. Time passed: 1 days, 45 minutes, 55 seconds
2026-08-15 14:59:28,183 - my_experiment - bat_60_HybridComm_static_46 - my_run - INFO - Recent Stats | t_env:    4200753 | Episode:    21005
blue_team_alives_mean:    24.8600	blue_team_win_mean:        0.0000	ep_length_mean:          200.0000	episode_length_mean:     199.0000
epsilon:                   0.0500	grad_norm:                41.5074	info_nce_loss:             0.0367	loss:                      1.1075
q_loss:                    1.0068	red_team_alives_mean:    143.9760	red_team_win_mean:         1.0000	return_mean:               1.9443
return_std:                0.9646	test_blue_team_alives_mean: 25.2000	test_blue_team_win_mean:   0.0000	test_ep_length_mean:     200.0000
test_episode_length_mean:199.0000	test_red_team_alives_mean:144.0000	test_red_team_win_mean:    1.0000	test_return_mean:          2.8925
test_return_std:           0.0000	
2026-08-15 14:59:32,290 - my_experiment - bat_60_HybridComm_static_46 - my_run - INFO - t_env: 4200953 / 5050000
2026-08-15 14:59:32,291 - my_experiment - bat_60_HybridComm_static_46 - my_run - INFO - Estimated time left: 4 hours, 52 minutes, 11 seconds. Time passed: 1 days, 1 hours, 3 minutes, 7 seconds
2026-08-15 15:17:03,099 - my_experiment - bat_60_HybridComm_static_46 - my_run - INFO - Recent Stats | t_env:    4250753 | Episode:    21255
blue_team_alives_mean:    36.9880	blue_team_win_mean:        0.0000	ep_length_mean:          200.0000	episode_length_mean:     199.0000
epsilon:                   0.0500	grad_norm:                50.8357	info_nce_loss:             0.0814	loss:                      1.1662
q_loss:                    1.0602	red_team_alives_mean:    143.9640	red_team_win_mean:         0.9720	return_mean:               1.5394
return_std:                0.8599	test_blue_team_alives_mean: 27.8000	test_blue_team_win_mean:   0.0000	test_ep_length_mean:     200.0000
test_episode_length_mean:199.0000	test_red_team_alives_mean:144.0000	test_red_team_win_mean:    1.0000	test_return_mean:          2.6693
test_return_std:           0.0000	
2026-08-15 15:17:07,207 - my_experiment - bat_60_HybridComm_static_46 - my_run - INFO - t_env: 4250953 / 5050000
2026-08-15 15:17:07,207 - my_experiment - bat_60_HybridComm_static_46 - my_run - INFO - Estimated time left: 4 hours, 40 minutes, 58 seconds. Time passed: 1 days, 1 hours, 20 minutes, 42 seconds
2026-08-15 15:34:33,210 - my_experiment - bat_60_HybridComm_static_46 - my_run - INFO - Recent Stats | t_env:    4300753 | Episode:    21505
blue_team_alives_mean:    39.6800	blue_team_win_mean:        0.0000	ep_length_mean:          200.0000	episode_length_mean:     199.0000
epsilon:                   0.0500	grad_norm:                43.3525	info_nce_loss:             0.2385	loss:                      1.1037
q_loss:                    1.0034	red_team_alives_mean:    143.9560	red_team_win_mean:         0.9960	return_mean:               1.3271
return_std:                0.9887	test_blue_team_alives_mean: 28.0000	test_blue_team_win_mean:   0.0000	test_ep_length_mean:     200.0000
test_episode_length_mean:199.0000	test_red_team_alives_mean:144.0000	test_red_team_win_mean:    1.0000	test_return_mean:          2.3215
test_return_std:           0.0000	
2026-08-15 15:34:37,285 - my_experiment - bat_60_HybridComm_static_46 - my_run - INFO - t_env: 4300953 / 5050000
2026-08-15 15:34:37,286 - my_experiment - bat_60_HybridComm_static_46 - my_run - INFO - Estimated time left: 4 hours, 22 minutes, 11 seconds. Time passed: 1 days, 1 hours, 38 minutes, 12 seconds
2026-08-15 15:51:37,421 - my_experiment - bat_60_HybridComm_static_46 - my_run - INFO - Recent Stats | t_env:    4350753 | Episode:    21755
blue_team_alives_mean:    22.8280	blue_team_win_mean:        0.0000	ep_length_mean:          200.0000	episode_length_mean:     199.0000
epsilon:                   0.0500	grad_norm:                23.9849	info_nce_loss:             0.1667	loss:                      1.0501
q_loss:                    0.9546	red_team_alives_mean:    143.9480	red_team_win_mean:         1.0000	return_mean:               1.7673
return_std:                0.4478	test_blue_team_alives_mean: 24.8000	test_blue_team_win_mean:   0.0000	test_ep_length_mean:     200.0000
test_episode_length_mean:199.0000	test_red_team_alives_mean:144.0000	test_red_team_win_mean:    1.0000	test_return_mean:          2.2144
test_return_std:           0.0000	
2026-08-15 15:51:41,555 - my_experiment - bat_60_HybridComm_static_46 - my_run - INFO - t_env: 4350953 / 5050000
2026-08-15 15:51:41,556 - my_experiment - bat_60_HybridComm_static_46 - my_run - INFO - Estimated time left: 3 hours, 58 minutes, 40 seconds. Time passed: 1 days, 1 hours, 55 minutes, 17 seconds
2026-08-15 16:08:45,597 - my_experiment - bat_60_HybridComm_static_46 - my_run - INFO - Recent Stats | t_env:    4400753 | Episode:    22005
blue_team_alives_mean:    28.0520	blue_team_win_mean:        0.0000	ep_length_mean:          200.0000	episode_length_mean:     199.0000
epsilon:                   0.0500	grad_norm:                31.0832	info_nce_loss:             0.0812	loss:                      1.0591
q_loss:                    0.9628	red_team_alives_mean:    143.8640	red_team_win_mean:         1.0000	return_mean:               1.8528
return_std:                0.4091	test_blue_team_alives_mean: 26.4000	test_blue_team_win_mean:   0.0000	test_ep_length_mean:     200.0000
test_episode_length_mean:199.0000	test_red_team_alives_mean:144.0000	test_red_team_win_mean:    1.0000	test_return_mean:          2.0286
test_return_std:           0.0000	
2026-08-15 16:08:49,796 - my_experiment - bat_60_HybridComm_static_46 - my_run - INFO - t_env: 4400953 / 5050000
2026-08-15 16:08:49,797 - my_experiment - bat_60_HybridComm_static_46 - my_run - INFO - Estimated time left: 3 hours, 42 minutes, 27 seconds. Time passed: 1 days, 2 hours, 12 minutes, 25 seconds
2026-08-15 16:26:03,469 - my_experiment - bat_60_HybridComm_static_46 - my_run - INFO - Recent Stats | t_env:    4450753 | Episode:    22255
blue_team_alives_mean:    32.3480	blue_team_win_mean:        0.0000	ep_length_mean:          200.0000	episode_length_mean:     199.0000
epsilon:                   0.0500	grad_norm:                41.5826	info_nce_loss:             0.0969	loss:                      1.1463
q_loss:                    1.0421	red_team_alives_mean:    143.8400	red_team_win_mean:         1.0000	return_mean:               1.7958
return_std:                0.5448	test_blue_team_alives_mean: 24.8000	test_blue_team_win_mean:   0.0000	test_ep_length_mean:     200.0000
test_episode_length_mean:199.0000	test_red_team_alives_mean:144.0000	test_red_team_win_mean:    1.0000	test_return_mean:          2.0996
test_return_std:           0.0000	
2026-08-15 16:26:07,422 - my_experiment - bat_60_HybridComm_static_46 - my_run - INFO - t_env: 4450953 / 5050000
2026-08-15 16:26:07,423 - my_experiment - bat_60_HybridComm_static_46 - my_run - INFO - Estimated time left: 3 hours, 27 minutes, 11 seconds. Time passed: 1 days, 2 hours, 29 minutes, 42 seconds
2026-08-15 16:42:52,818 - my_experiment - bat_60_HybridComm_static_46 - my_run - INFO - Saving models to work_dirs/my_experiment/bat_60_HybridComm_static_46/my_run/20260814_135616/models/4500553
2026-08-15 16:42:56,886 - my_experiment - bat_60_HybridComm_static_46 - my_run - INFO - Recent Stats | t_env:    4500753 | Episode:    22505
blue_team_alives_mean:    26.4320	blue_team_win_mean:        0.0000	ep_length_mean:          200.0000	episode_length_mean:     199.0000
epsilon:                   0.0500	grad_norm:                40.6303	info_nce_loss:             0.1672	loss:                      1.1622
q_loss:                    1.0566	red_team_alives_mean:    143.9640	red_team_win_mean:         1.0000	return_mean:               1.8270
return_std:                0.4217	test_blue_team_alives_mean: 26.0000	test_blue_team_win_mean:   0.0000	test_ep_length_mean:     200.0000
test_episode_length_mean:199.0000	test_red_team_alives_mean:144.0000	test_red_team_win_mean:    1.0000	test_return_mean:          2.0658
test_return_std:           0.0000	
2026-08-15 16:43:01,028 - my_experiment - bat_60_HybridComm_static_46 - my_run - INFO - t_env: 4500953 / 5050000
2026-08-15 16:43:01,029 - my_experiment - bat_60_HybridComm_static_46 - my_run - INFO - Estimated time left: 3 hours, 5 minutes, 30 seconds. Time passed: 1 days, 2 hours, 46 minutes, 36 seconds
2026-08-15 16:59:43,374 - my_experiment - bat_60_HybridComm_static_46 - my_run - INFO - Recent Stats | t_env:    4550753 | Episode:    22755
blue_team_alives_mean:    23.1360	blue_team_win_mean:        0.0000	ep_length_mean:          200.0000	episode_length_mean:     199.0000
epsilon:                   0.0500	grad_norm:                40.2585	info_nce_loss:             0.0522	loss:                      1.0718
q_loss:                    0.9744	red_team_alives_mean:    143.9880	red_team_win_mean:         1.0000	return_mean:               1.8987
return_std:                0.6021	test_blue_team_alives_mean: 25.8000	test_blue_team_win_mean:   0.0000	test_ep_length_mean:     200.0000
test_episode_length_mean:199.0000	test_red_team_alives_mean:144.0000	test_red_team_win_mean:    1.0000	test_return_mean:          2.1762
test_return_std:           0.0000	
2026-08-15 16:59:47,396 - my_experiment - bat_60_HybridComm_static_46 - my_run - INFO - t_env: 4550953 / 5050000
2026-08-15 16:59:47,397 - my_experiment - bat_60_HybridComm_static_46 - my_run - INFO - Estimated time left: 2 hours, 47 minutes, 24 seconds. Time passed: 1 days, 3 hours, 3 minutes, 22 seconds
2026-08-15 17:16:25,098 - my_experiment - bat_60_HybridComm_static_46 - my_run - INFO - Recent Stats | t_env:    4600753 | Episode:    23005
blue_team_alives_mean:    19.2800	blue_team_win_mean:        0.0000	ep_length_mean:          200.0000	episode_length_mean:     199.0000
epsilon:                   0.0500	grad_norm:                32.0732	info_nce_loss:             0.1533	loss:                      1.0699
q_loss:                    0.9727	red_team_alives_mean:    143.9760	red_team_win_mean:         1.0000	return_mean:               2.2046
return_std:                0.3402	test_blue_team_alives_mean: 25.4000	test_blue_team_win_mean:   0.0000	test_ep_length_mean:     200.0000
test_episode_length_mean:199.0000	test_red_team_alives_mean:144.0000	test_red_team_win_mean:    1.0000	test_return_mean:          2.2499
test_return_std:           0.0000	
2026-08-15 17:16:29,120 - my_experiment - bat_60_HybridComm_static_46 - my_run - INFO - t_env: 4600953 / 5050000
2026-08-15 17:16:29,121 - my_experiment - bat_60_HybridComm_static_46 - my_run - INFO - Estimated time left: 2 hours, 29 minutes, 56 seconds. Time passed: 1 days, 3 hours, 20 minutes, 4 seconds
2026-08-15 17:33:08,503 - my_experiment - bat_60_HybridComm_static_46 - my_run - INFO - Recent Stats | t_env:    4650753 | Episode:    23255
blue_team_alives_mean:    20.7680	blue_team_win_mean:        0.0000	ep_length_mean:          200.0000	episode_length_mean:     199.0000
epsilon:                   0.0500	grad_norm:                24.1652	info_nce_loss:             0.2204	loss:                      1.1262
q_loss:                    1.0238	red_team_alives_mean:    143.9640	red_team_win_mean:         1.0000	return_mean:               2.1797
return_std:                0.4618	test_blue_team_alives_mean: 19.8000	test_blue_team_win_mean:   0.0000	test_ep_length_mean:     200.0000
test_episode_length_mean:199.0000	test_red_team_alives_mean:144.0000	test_red_team_win_mean:    1.0000	test_return_mean:          2.4903
test_return_std:           0.0000	
2026-08-15 17:33:12,593 - my_experiment - bat_60_HybridComm_static_46 - my_run - INFO - t_env: 4650953 / 5050000
2026-08-15 17:33:12,594 - my_experiment - bat_60_HybridComm_static_46 - my_run - INFO - Estimated time left: 2 hours, 13 minutes, 28 seconds. Time passed: 1 days, 3 hours, 36 minutes, 48 seconds
2026-08-15 17:49:56,792 - my_experiment - bat_60_HybridComm_static_46 - my_run - INFO - Recent Stats | t_env:    4700753 | Episode:    23505
blue_team_alives_mean:    21.6160	blue_team_win_mean:        0.0000	ep_length_mean:          200.0000	episode_length_mean:     199.0000
epsilon:                   0.0500	grad_norm:                46.2547	info_nce_loss:             0.0469	loss:                      1.0708
q_loss:                    0.9735	red_team_alives_mean:    143.9600	red_team_win_mean:         1.0000	return_mean:               2.4039
return_std:                0.4223	test_blue_team_alives_mean: 22.4000	test_blue_team_win_mean:   0.0000	test_ep_length_mean:     200.0000
test_episode_length_mean:199.0000	test_red_team_alives_mean:144.0000	test_red_team_win_mean:    1.0000	test_return_mean:          2.4764
test_return_std:           0.0000	
2026-08-15 17:50:00,995 - my_experiment - bat_60_HybridComm_static_46 - my_run - INFO - t_env: 4700953 / 5050000
2026-08-15 17:50:00,995 - my_experiment - bat_60_HybridComm_static_46 - my_run - INFO - Estimated time left: 1 hours, 57 minutes, 19 seconds. Time passed: 1 days, 3 hours, 53 minutes, 36 seconds
2026-08-15 18:06:55,767 - my_experiment - bat_60_HybridComm_static_46 - my_run - INFO - Recent Stats | t_env:    4750753 | Episode:    23755
blue_team_alives_mean:    21.6760	blue_team_win_mean:        0.0000	ep_length_mean:          200.0000	episode_length_mean:     199.0000
epsilon:                   0.0500	grad_norm:                41.8149	info_nce_loss:             0.0591	loss:                      1.1257
q_loss:                    1.0234	red_team_alives_mean:    143.9040	red_team_win_mean:         1.0000	return_mean:               2.5857
return_std:                0.3102	test_blue_team_alives_mean: 20.8000	test_blue_team_win_mean:   0.0000	test_ep_length_mean:     200.0000
test_episode_length_mean:199.0000	test_red_team_alives_mean:144.0000	test_red_team_win_mean:    1.0000	test_return_mean:          2.5669
test_return_std:           0.0000	
2026-08-15 18:06:59,819 - my_experiment - bat_60_HybridComm_static_46 - my_run - INFO - t_env: 4750953 / 5050000
2026-08-15 18:06:59,820 - my_experiment - bat_60_HybridComm_static_46 - my_run - INFO - Estimated time left: 1 hours, 41 minutes, 33 seconds. Time passed: 1 days, 4 hours, 10 minutes, 35 seconds
2026-08-15 18:23:55,296 - my_experiment - bat_60_HybridComm_static_46 - my_run - INFO - Recent Stats | t_env:    4800753 | Episode:    24005
blue_team_alives_mean:    21.2840	blue_team_win_mean:        0.0000	ep_length_mean:          200.0000	episode_length_mean:     199.0000
epsilon:                   0.0500	grad_norm:                42.7439	info_nce_loss:             0.0904	loss:                      1.0842
q_loss:                    0.9857	red_team_alives_mean:    143.9360	red_team_win_mean:         1.0000	return_mean:               2.6572
return_std:                0.2486	test_blue_team_alives_mean: 18.6000	test_blue_team_win_mean:   0.0000	test_ep_length_mean:     200.0000
test_episode_length_mean:199.0000	test_red_team_alives_mean:144.0000	test_red_team_win_mean:    1.0000	test_return_mean:          2.7740
test_return_std:           0.0000	
2026-08-15 18:23:59,325 - my_experiment - bat_60_HybridComm_static_46 - my_run - INFO - t_env: 4800953 / 5050000
2026-08-15 18:23:59,326 - my_experiment - bat_60_HybridComm_static_46 - my_run - INFO - Estimated time left: 1 hours, 24 minutes, 38 seconds. Time passed: 1 days, 4 hours, 27 minutes, 34 seconds
2026-08-15 18:41:03,786 - my_experiment - bat_60_HybridComm_static_46 - my_run - INFO - Recent Stats | t_env:    4850753 | Episode:    24255
blue_team_alives_mean:    23.7600	blue_team_win_mean:        0.0000	ep_length_mean:          200.0000	episode_length_mean:     199.0000
epsilon:                   0.0500	grad_norm:                37.9751	info_nce_loss:             0.1205	loss:                      1.0711
q_loss:                    0.9737	red_team_alives_mean:    143.9240	red_team_win_mean:         1.0000	return_mean:               2.4373
return_std:                0.3036	test_blue_team_alives_mean: 21.2000	test_blue_team_win_mean:   0.0000	test_ep_length_mean:     200.0000
test_episode_length_mean:199.0000	test_red_team_alives_mean:144.0000	test_red_team_win_mean:    1.0000	test_return_mean:          2.8046
test_return_std:           0.0000	
2026-08-15 18:41:07,967 - my_experiment - bat_60_HybridComm_static_46 - my_run - INFO - t_env: 4850953 / 5050000
2026-08-15 18:41:07,968 - my_experiment - bat_60_HybridComm_static_46 - my_run - INFO - Estimated time left: 1 hours, 8 minutes, 14 seconds. Time passed: 1 days, 4 hours, 44 minutes, 43 seconds
2026-08-15 18:58:52,349 - my_experiment - bat_60_HybridComm_static_46 - my_run - INFO - Recent Stats | t_env:    4900753 | Episode:    24505
blue_team_alives_mean:    30.2880	blue_team_win_mean:        0.0000	ep_length_mean:          200.0000	episode_length_mean:     199.0000
epsilon:                   0.0500	grad_norm:                44.8052	info_nce_loss:             0.1627	loss:                      1.0847
q_loss:                    0.9861	red_team_alives_mean:    143.7280	red_team_win_mean:         1.0000	return_mean:               2.1329
return_std:                0.4170	test_blue_team_alives_mean: 21.2000	test_blue_team_win_mean:   0.0000	test_ep_length_mean:     200.0000
test_episode_length_mean:199.0000	test_red_team_alives_mean:144.0000	test_red_team_win_mean:    1.0000	test_return_mean:          2.6986
test_return_std:           0.0000	
2026-08-15 18:58:56,549 - my_experiment - bat_60_HybridComm_static_46 - my_run - INFO - t_env: 4900953 / 5050000
2026-08-15 18:58:56,550 - my_experiment - bat_60_HybridComm_static_46 - my_run - INFO - Estimated time left: 53 minutes, 5 seconds. Time passed: 1 days, 5 hours, 2 minutes, 32 seconds
2026-08-15 19:16:49,902 - my_experiment - bat_60_HybridComm_static_46 - my_run - INFO - Recent Stats | t_env:    4950753 | Episode:    24755
blue_team_alives_mean:    36.1960	blue_team_win_mean:        0.0000	ep_length_mean:          200.0000	episode_length_mean:     199.0000
epsilon:                   0.0500	grad_norm:                51.0378	info_nce_loss:             0.0514	loss:                      1.1043
q_loss:                    1.0039	red_team_alives_mean:    143.6640	red_team_win_mean:         1.0000	return_mean:               2.0566
return_std:                0.4936	test_blue_team_alives_mean: 24.2000	test_blue_team_win_mean:   0.0000	test_ep_length_mean:     200.0000
test_episode_length_mean:199.0000	test_red_team_alives_mean:144.0000	test_red_team_win_mean:    1.0000	test_return_mean:          2.5481
test_return_std:           0.0000	
2026-08-15 19:16:54,281 - my_experiment - bat_60_HybridComm_static_46 - my_run - INFO - t_env: 4950953 / 5050000
2026-08-15 19:16:54,282 - my_experiment - bat_60_HybridComm_static_46 - my_run - INFO - Estimated time left: 35 minutes, 34 seconds. Time passed: 1 days, 5 hours, 20 minutes, 29 seconds
2026-08-15 19:34:37,785 - my_experiment - bat_60_HybridComm_static_46 - my_run - INFO - Saving models to work_dirs/my_experiment/bat_60_HybridComm_static_46/my_run/20260814_135616/models/5000553
2026-08-15 19:34:42,062 - my_experiment - bat_60_HybridComm_static_46 - my_run - INFO - Recent Stats | t_env:    5000753 | Episode:    25005
blue_team_alives_mean:    35.2960	blue_team_win_mean:        0.0000	ep_length_mean:          200.0000	episode_length_mean:     199.0000
epsilon:                   0.0500	grad_norm:                37.4050	info_nce_loss:             0.0753	loss:                      1.0464
q_loss:                    0.9513	red_team_alives_mean:    143.7600	red_team_win_mean:         1.0000	return_mean:               1.9887
return_std:                0.3716	test_blue_team_alives_mean: 25.4000	test_blue_team_win_mean:   0.0000	test_ep_length_mean:     200.0000
test_episode_length_mean:199.0000	test_red_team_alives_mean:144.0000	test_red_team_win_mean:    1.0000	test_return_mean:          2.5999
test_return_std:           0.0000	
2026-08-15 19:34:46,211 - my_experiment - bat_60_HybridComm_static_46 - my_run - INFO - t_env: 5000953 / 5050000
2026-08-15 19:34:46,211 - my_experiment - bat_60_HybridComm_static_46 - my_run - INFO - Estimated time left: 17 minutes, 31 seconds. Time passed: 1 days, 5 hours, 38 minutes, 21 seconds
2026-08-15 19:52:02,689 - my_experiment - bat_60_HybridComm_static_46 - my_run - INFO - Finished Training
