Gym has been unmaintained since 2022 and does not support NumPy 2.0 amongst other critical functionality.
Please upgrade to Gymnasium, the maintained drop-in replacement of Gym, or contact the authors of your software and request that they upgrade.
Users of this version of Gym should be able to simply replace 'import gym' with 'import gymnasium as gym' in the vast majority of cases.
See the migration guide at https://gymnasium.farama.org/introduction/migration_guide/ for additional information.
src/main.py:81: DeprecationWarning: Using or importing the ABCs from 'collections' instead of from 'collections.abc' is deprecated since Python 3.3, and in 3.10 it will stop working
  if isinstance(v, collections.Mapping):
wandb: [wandb.login()] Loaded credentials for https://api.wandb.ai from /home/pparsons/.netrc.
wandb: Currently logged in as: peterparsons02 (peterparsons02-eth-z-rich) to https://api.wandb.ai. Use `wandb login --relogin` to force relogin
wandb: setting up run qtbhgwh7
wandb: Tracking run with wandb version 0.24.1
wandb: Run data is saved locally in /usr/itetnas04/data-scratch-01/pparsons/data/MyExpoComm/wandb/run-20260809_185811-qtbhgwh7
wandb: Run `wandb offline` to turn off syncing.
wandb: Syncing run my_run-bat_HybridComm_static_44-20260809_185810
wandb: ⭐️ View project at https://wandb.ai/peterparsons02-eth-z-rich/my_experiment
wandb: 🚀 View run at https://wandb.ai/peterparsons02-eth-z-rich/my_experiment/runs/qtbhgwh7
2026-08-09 18:58:16,568 - my_experiment - bat_HybridComm_static_44 - my_run - INFO - Current directory: /usr/itetnas04/data-scratch-01/pparsons/data/MyExpoComm.
2026-08-09 18:58:16,569 - my_experiment - bat_HybridComm_static_44 - my_run - INFO - Experiment Parameters:
2026-08-09 18:58:16,570 - my_experiment - bat_HybridComm_static_44 - my_run - INFO - 

{   'action_selector': 'epsilon_greedy',
    'add_value_last_step': True,
    'agent': 'ExpoComm_static_cont',
    'agent_output_type': 'q',
    'attention_dim': 16,
    'aux_coef': 0.1,
    'batch_size': 32,
    'batch_size_run': 1,
    'buffer_cpu_only': True,
    'buffer_size': 2000,
    'checkpoint_path': '',
    'double_q': True,
    'env': 'MAgent_Battle',
    'env_args': {   'global_reward': True,
                    'map_name': 'battle_view7',
                    'map_size': 25,
                    'max_cycles': 200,
                    'minimap_mode': False,
                    'pretrained_ckpt': None,
                    'seed': 44},
    'epsilon_anneal_time': 1000000,
    'epsilon_finish': 0.05,
    'epsilon_start': 1.0,
    'evaluate': False,
    'evaluation_epsilon': 0.0,
    'exp_name': 'my_experiment',
    'gamma': 0.99,
    'global_reward': True,
    'grad_norm_clip': 10,
    'hidden_dim': 64,
    'hypergroup': None,
    'label': 'default_label',
    'learner': 'hybrid_comm_learner',
    'learner_log_interval': 10000,
    'load_step': 0,
    'local_results_path': 'results',
    'log_interval': 50000,
    'lr': 0.0005,
    'mac': 'ExpoComm_mac',
    'mixer': None,
    'name': 'bat_HybridComm_static_44',
    'neg_num': 20,
    'obs_agent_id': True,
    'obs_individual_obs': False,
    'obs_last_action': True,
    'optim_alpha': 0.99,
    'optim_eps': 1e-05,
    'render': False,
    'repeat_id': 1,
    'run_name': 'my_run',
    'runner': 'episode',
    'runner_log_interval': 10000,
    'save_model': True,
    'save_model_interval': 500000,
    'save_replay': False,
    'seed': 44,
    'standardise_returns': False,
    'standardise_rewards': True,
    't_max': 5050000,
    'target_update_interval_or_tau': 200,
    'temperature': 0.07,
    'test_greedy': True,
    'test_interval': 50000,
    'test_nepisode': 1,
    'topk_neighbors': 7,
    'use_cuda': True,
    'use_rnn': True,
    'use_tensorboard': True,
    'work_dir': 'work_dirs/my_experiment/bat_HybridComm_static_44/my_run/20260809_185810'}

/usr/itetnas04/data-scratch-01/pparsons/data/conda_envs/ExpoComm/lib/python3.8/site-packages/pettingzoo/utils/conversions.py:41: UserWarning: The `from_parallel` function is deprecated. Use the `parallel_to_aec` function instead.
  warnings.warn("The `from_parallel` function is deprecated. Use the `parallel_to_aec` function instead.")
/usr/itetnas04/data-scratch-01/pparsons/data/conda_envs/ExpoComm/lib/python3.8/site-packages/pettingzoo/utils/wrappers/base.py:44: UserWarning: The `observation_spaces` dictionary is deprecated. Use the `observation_space` function instead.
  warnings.warn("The `observation_spaces` dictionary is deprecated. Use the `observation_space` function instead.")
/usr/itetnas04/data-scratch-01/pparsons/data/conda_envs/ExpoComm/lib/python3.8/site-packages/pettingzoo/utils/conversions.py:36: UserWarning: The `to_parallel` function is deprecated. Use the `aec_to_parallel` function instead.
  warnings.warn("The `to_parallel` function is deprecated. Use the `aec_to_parallel` function instead.")
/usr/itetnas04/data-scratch-01/pparsons/data/conda_envs/ExpoComm/lib/python3.8/site-packages/pettingzoo/utils/conversions.py:80: UserWarning: The `action_spaces` dictionary is deprecated. Use the `action_space` function instead.
  warnings.warn("The `action_spaces` dictionary is deprecated. Use the `action_space` function instead.")
/usr/itetnas04/data-scratch-01/pparsons/data/conda_envs/ExpoComm/lib/python3.8/site-packages/pettingzoo/utils/wrappers/base.py:52: UserWarning: The `action_spaces` dictionary is deprecated. Use the `action_space` function instead.
  warnings.warn("The `action_spaces` dictionary is deprecated. Use the `action_space` function instead.")
/usr/itetnas04/data-scratch-01/pparsons/data/conda_envs/ExpoComm/lib/python3.8/site-packages/pettingzoo/utils/conversions.py:72: UserWarning: The `observation_spaces` dictionary is deprecated. Use the `observation_space` function instead.
  warnings.warn("The `observation_spaces` dictionary is deprecated. Use the `observation_space` function instead.")
2026-08-09 18:58:30,583 - my_experiment - bat_HybridComm_static_44 - my_run - INFO - Beginning training for 5050000 timesteps
/usr/itetnas04/data-scratch-01/pparsons/data/MyExpoComm/src/envs/battle_wrappers.py:265: UserWarning: To copy construct from a tensor, it is recommended to use sourceTensor.clone().detach() or sourceTensor.clone().detach().requires_grad_(True), rather than torch.tensor(sourceTensor).
  actions = torch.tensor(actions, dtype=torch.long)
2026-08-09 18:58:41,099 - my_experiment - bat_HybridComm_static_44 - my_run - INFO - t_env: 200 / 5050000
2026-08-09 18:58:41,099 - my_experiment - bat_HybridComm_static_44 - my_run - INFO - Estimated time left: 17 minutes, 37 seconds. Time passed: 10 seconds
2026-08-09 18:58:41,882 - my_experiment - bat_HybridComm_static_44 - my_run - INFO - Saving models to work_dirs/my_experiment/bat_HybridComm_static_44/my_run/20260809_185810/models/200
2026-08-09 19:05:05,544 - my_experiment - bat_HybridComm_static_44 - my_run - INFO - Recent Stats | t_env:      50000 | Episode:      250
blue_team_alives_mean:    19.9880	blue_team_win_mean:        0.9360	ep_length_mean:          200.0000	episode_length_mean:     199.0000
epsilon:                   0.9620	grad_norm:                 1.5121	info_nce_loss:             2.8213	loss:                      1.0637
q_loss:                    0.9670	red_team_alives_mean:     17.7320	red_team_win_mean:         0.0000	return_mean:              -7.7121
return_std:                0.3787	test_blue_team_alives_mean: 20.0000	test_blue_team_win_mean:   0.0000	test_ep_length_mean:     200.0000
test_episode_length_mean:199.0000	test_red_team_alives_mean: 20.0000	test_red_team_win_mean:    0.0000	test_return_mean:         -1.0000
test_return_std:           0.0000	
2026-08-09 19:05:07,227 - my_experiment - bat_HybridComm_static_44 - my_run - INFO - t_env: 50200 / 5050000
2026-08-09 19:05:07,229 - my_experiment - bat_HybridComm_static_44 - my_run - INFO - Estimated time left: 10 hours, 43 minutes, 31 seconds. Time passed: 6 minutes, 36 seconds
2026-08-09 19:12:02,212 - my_experiment - bat_HybridComm_static_44 - my_run - INFO - Recent Stats | t_env:     100000 | Episode:      500
blue_team_alives_mean:    19.9960	blue_team_win_mean:        0.8720	ep_length_mean:          200.0000	episode_length_mean:     199.0000
epsilon:                   0.9145	grad_norm:                 0.8348	info_nce_loss:             2.9525	loss:                      1.0346
q_loss:                    0.9406	red_team_alives_mean:     17.7200	red_team_win_mean:         0.0000	return_mean:              -7.4500
return_std:                0.5177	test_blue_team_alives_mean: 20.0000	test_blue_team_win_mean:   0.0000	test_ep_length_mean:     200.0000
test_episode_length_mean:199.0000	test_red_team_alives_mean: 20.0000	test_red_team_win_mean:    0.0000	test_return_mean:         -1.0000
test_return_std:           0.0000	
2026-08-09 19:12:03,842 - my_experiment - bat_HybridComm_static_44 - my_run - INFO - t_env: 100200 / 5050000
2026-08-09 19:12:03,844 - my_experiment - bat_HybridComm_static_44 - my_run - INFO - Estimated time left: 11 hours, 27 minutes, 23 seconds. Time passed: 13 minutes, 33 seconds
2026-08-09 19:18:48,719 - my_experiment - bat_HybridComm_static_44 - my_run - INFO - Recent Stats | t_env:     150000 | Episode:      750
blue_team_alives_mean:    19.9920	blue_team_win_mean:        0.8840	ep_length_mean:          200.0000	episode_length_mean:     199.0000
epsilon:                   0.8670	grad_norm:                 1.5236	info_nce_loss:             2.6831	loss:                      1.0982
q_loss:                    0.9983	red_team_alives_mean:     16.8920	red_team_win_mean:         0.0000	return_mean:              -6.9005
return_std:                0.6213	test_blue_team_alives_mean: 20.0000	test_blue_team_win_mean:   0.3333	test_ep_length_mean:     200.0000
test_episode_length_mean:199.0000	test_red_team_alives_mean: 18.0000	test_red_team_win_mean:    0.0000	test_return_mean:         -0.9524
test_return_std:           0.0000	
2026-08-09 19:18:50,274 - my_experiment - bat_HybridComm_static_44 - my_run - INFO - t_env: 150200 / 5050000
2026-08-09 19:18:50,276 - my_experiment - bat_HybridComm_static_44 - my_run - INFO - Estimated time left: 11 hours, 3 minutes, 48 seconds. Time passed: 20 minutes, 19 seconds
2026-08-09 19:25:32,764 - my_experiment - bat_HybridComm_static_44 - my_run - INFO - Recent Stats | t_env:     200000 | Episode:     1000
blue_team_alives_mean:    19.9920	blue_team_win_mean:        0.9960	ep_length_mean:          200.0000	episode_length_mean:     199.0000
epsilon:                   0.8195	grad_norm:                 4.2453	info_nce_loss:             2.7568	loss:                      1.0880
q_loss:                    0.9891	red_team_alives_mean:     15.1640	red_team_win_mean:         0.0000	return_mean:              -6.3606
return_std:                0.4949	test_blue_team_alives_mean: 20.0000	test_blue_team_win_mean:   0.2500	test_ep_length_mean:     200.0000
test_episode_length_mean:199.0000	test_red_team_alives_mean: 18.5000	test_red_team_win_mean:    0.0000	test_return_mean:         -0.9643
test_return_std:           0.0000	
2026-08-09 19:25:34,371 - my_experiment - bat_HybridComm_static_44 - my_run - INFO - t_env: 200200 / 5050000
2026-08-09 19:25:34,372 - my_experiment - bat_HybridComm_static_44 - my_run - INFO - Estimated time left: 10 hours, 53 minutes, 15 seconds. Time passed: 27 minutes, 3 seconds
2026-08-09 19:32:08,125 - my_experiment - bat_HybridComm_static_44 - my_run - INFO - Recent Stats | t_env:     250000 | Episode:     1250
blue_team_alives_mean:    19.9600	blue_team_win_mean:        0.9720	ep_length_mean:          200.0000	episode_length_mean:     199.0000
epsilon:                   0.7720	grad_norm:                 7.7502	info_nce_loss:             2.2756	loss:                      1.2057
q_loss:                    1.0961	red_team_alives_mean:     14.5600	red_team_win_mean:         0.0000	return_mean:              -5.8603
return_std:                0.5292	test_blue_team_alives_mean: 20.0000	test_blue_team_win_mean:   0.2000	test_ep_length_mean:     200.0000
test_episode_length_mean:199.0000	test_red_team_alives_mean: 18.8000	test_red_team_win_mean:    0.0000	test_return_mean:         -0.9714
test_return_std:           0.0000	
2026-08-09 19:32:09,817 - my_experiment - bat_HybridComm_static_44 - my_run - INFO - t_env: 250200 / 5050000
2026-08-09 19:32:09,819 - my_experiment - bat_HybridComm_static_44 - my_run - INFO - Estimated time left: 10 hours, 32 minutes, 41 seconds. Time passed: 33 minutes, 39 seconds
2026-08-09 19:38:54,335 - my_experiment - bat_HybridComm_static_44 - my_run - INFO - Recent Stats | t_env:     300000 | Episode:     1500
blue_team_alives_mean:    19.9400	blue_team_win_mean:        0.9920	ep_length_mean:          200.0000	episode_length_mean:     199.0000
epsilon:                   0.7245	grad_norm:                 6.8659	info_nce_loss:             0.4044	loss:                      1.1227
q_loss:                    1.0206	red_team_alives_mean:     14.1120	red_team_win_mean:         0.0000	return_mean:              -5.5135
return_std:                0.4461	test_blue_team_alives_mean: 20.0000	test_blue_team_win_mean:   0.2000	test_ep_length_mean:     200.0000
test_episode_length_mean:199.0000	test_red_team_alives_mean: 18.8000	test_red_team_win_mean:    0.0000	test_return_mean:         -0.9714
test_return_std:           0.0000	
2026-08-09 19:38:55,911 - my_experiment - bat_HybridComm_static_44 - my_run - INFO - t_env: 300200 / 5050000
2026-08-09 19:38:55,913 - my_experiment - bat_HybridComm_static_44 - my_run - INFO - Estimated time left: 10 hours, 42 minutes, 57 seconds. Time passed: 40 minutes, 25 seconds
2026-08-09 19:45:37,171 - my_experiment - bat_HybridComm_static_44 - my_run - INFO - Recent Stats | t_env:     350000 | Episode:     1750
blue_team_alives_mean:    19.9000	blue_team_win_mean:        0.9920	ep_length_mean:          200.0000	episode_length_mean:     199.0000
epsilon:                   0.6770	grad_norm:                10.9169	info_nce_loss:             0.3695	loss:                      1.1659
q_loss:                    1.0599	red_team_alives_mean:     13.9040	red_team_win_mean:         0.0000	return_mean:              -5.1572
return_std:                0.4286	test_blue_team_alives_mean: 20.0000	test_blue_team_win_mean:   0.2000	test_ep_length_mean:     200.0000
test_episode_length_mean:199.0000	test_red_team_alives_mean: 18.8000	test_red_team_win_mean:    0.0000	test_return_mean:         -0.9714
test_return_std:           0.0000	
2026-08-09 19:45:38,847 - my_experiment - bat_HybridComm_static_44 - my_run - INFO - t_env: 350200 / 5050000
2026-08-09 19:45:38,849 - my_experiment - bat_HybridComm_static_44 - my_run - INFO - Estimated time left: 10 hours, 31 minutes, 14 seconds. Time passed: 47 minutes, 8 seconds
2026-08-09 19:52:17,477 - my_experiment - bat_HybridComm_static_44 - my_run - INFO - Recent Stats | t_env:     400000 | Episode:     2000
blue_team_alives_mean:    19.9120	blue_team_win_mean:        1.0000	ep_length_mean:          200.0000	episode_length_mean:     199.0000
epsilon:                   0.6295	grad_norm:                14.4936	info_nce_loss:             0.2169	loss:                      1.1948
q_loss:                    1.0862	red_team_alives_mean:     13.5200	red_team_win_mean:         0.0000	return_mean:              -4.7842
return_std:                0.4058	test_blue_team_alives_mean: 20.0000	test_blue_team_win_mean:   0.0000	test_ep_length_mean:     200.0000
test_episode_length_mean:199.0000	test_red_team_alives_mean: 20.0000	test_red_team_win_mean:    0.0000	test_return_mean:         -1.0000
test_return_std:           0.0000	
2026-08-09 19:52:19,127 - my_experiment - bat_HybridComm_static_44 - my_run - INFO - t_env: 400200 / 5050000
2026-08-09 19:52:19,129 - my_experiment - bat_HybridComm_static_44 - my_run - INFO - Estimated time left: 10 hours, 20 minutes, 24 seconds. Time passed: 53 minutes, 48 seconds
2026-08-09 19:58:59,106 - my_experiment - bat_HybridComm_static_44 - my_run - INFO - Recent Stats | t_env:     450000 | Episode:     2250
blue_team_alives_mean:    19.9240	blue_team_win_mean:        1.0000	ep_length_mean:          200.0000	episode_length_mean:     199.0000
epsilon:                   0.5820	grad_norm:                42.9666	info_nce_loss:             0.2386	loss:                      1.6622
q_loss:                    1.5111	red_team_alives_mean:     13.0040	red_team_win_mean:         0.0000	return_mean:              -4.3783
return_std:                0.4300	test_blue_team_alives_mean: 20.0000	test_blue_team_win_mean:   0.0000	test_ep_length_mean:     200.0000
test_episode_length_mean:199.0000	test_red_team_alives_mean: 20.0000	test_red_team_win_mean:    0.0000	test_return_mean:         -1.0000
test_return_std:           0.0000	
2026-08-09 19:59:00,656 - my_experiment - bat_HybridComm_static_44 - my_run - INFO - t_env: 450200 / 5050000
2026-08-09 19:59:00,657 - my_experiment - bat_HybridComm_static_44 - my_run - INFO - Estimated time left: 10 hours, 15 minutes, 38 seconds. Time passed: 1 hours, 30 seconds
2026-08-09 20:05:39,332 - my_experiment - bat_HybridComm_static_44 - my_run - INFO - Recent Stats | t_env:     500000 | Episode:     2500
blue_team_alives_mean:    19.9240	blue_team_win_mean:        1.0000	ep_length_mean:          200.0000	episode_length_mean:     199.0000
epsilon:                   0.5345	grad_norm:                98.3923	info_nce_loss:             0.2154	loss:                      1.5316
q_loss:                    1.3924	red_team_alives_mean:     12.5880	red_team_win_mean:         0.0000	return_mean:              -3.9876
return_std:                0.4421	test_blue_team_alives_mean: 20.0000	test_blue_team_win_mean:   0.0000	test_ep_length_mean:     200.0000
test_episode_length_mean:199.0000	test_red_team_alives_mean: 20.0000	test_red_team_win_mean:    0.0000	test_return_mean:         -1.0000
test_return_std:           0.0000	
2026-08-09 20:05:40,877 - my_experiment - bat_HybridComm_static_44 - my_run - INFO - t_env: 500200 / 5050000
2026-08-09 20:05:40,879 - my_experiment - bat_HybridComm_static_44 - my_run - INFO - Estimated time left: 10 hours, 6 minutes, 58 seconds. Time passed: 1 hours, 7 minutes, 10 seconds
2026-08-09 20:05:41,668 - my_experiment - bat_HybridComm_static_44 - my_run - INFO - Saving models to work_dirs/my_experiment/bat_HybridComm_static_44/my_run/20260809_185810/models/500200
2026-08-09 20:12:07,171 - my_experiment - bat_HybridComm_static_44 - my_run - INFO - Recent Stats | t_env:     550000 | Episode:     2750
blue_team_alives_mean:    19.9520	blue_team_win_mean:        1.0000	ep_length_mean:          200.0000	episode_length_mean:     199.0000
epsilon:                   0.4870	grad_norm:               157.6754	info_nce_loss:             0.2571	loss:                      1.4661
q_loss:                    1.3328	red_team_alives_mean:     12.3760	red_team_win_mean:         0.0000	return_mean:              -3.5826
return_std:                0.4296	test_blue_team_alives_mean: 20.0000	test_blue_team_win_mean:   0.2000	test_ep_length_mean:     200.0000
test_episode_length_mean:199.0000	test_red_team_alives_mean: 19.6000	test_red_team_win_mean:    0.0000	test_return_mean:         -1.0202
test_return_std:           0.0000	
2026-08-09 20:12:08,703 - my_experiment - bat_HybridComm_static_44 - my_run - INFO - t_env: 550200 / 5050000
2026-08-09 20:12:08,705 - my_experiment - bat_HybridComm_static_44 - my_run - INFO - Estimated time left: 9 hours, 41 minutes, 42 seconds. Time passed: 1 hours, 13 minutes, 38 seconds
2026-08-09 20:19:02,453 - my_experiment - bat_HybridComm_static_44 - my_run - INFO - Recent Stats | t_env:     600000 | Episode:     3000
blue_team_alives_mean:    19.9720	blue_team_win_mean:        1.0000	ep_length_mean:          200.0000	episode_length_mean:     199.0000
epsilon:                   0.4395	grad_norm:               460.1511	info_nce_loss:             0.2157	loss:                      2.1457
q_loss:                    1.9507	red_team_alives_mean:     12.3360	red_team_win_mean:         0.0000	return_mean:              -3.2536
return_std:                0.3983	test_blue_team_alives_mean: 20.0000	test_blue_team_win_mean:   0.4000	test_ep_length_mean:     200.0000
test_episode_length_mean:199.0000	test_red_team_alives_mean: 19.0000	test_red_team_win_mean:    0.0000	test_return_mean:         -1.0204
test_return_std:           0.0000	
2026-08-09 20:19:04,234 - my_experiment - bat_HybridComm_static_44 - my_run - INFO - t_env: 600200 / 5050000
2026-08-09 20:19:04,236 - my_experiment - bat_HybridComm_static_44 - my_run - INFO - Estimated time left: 10 hours, 16 minutes, 20 seconds. Time passed: 1 hours, 20 minutes, 33 seconds
2026-08-09 20:25:33,756 - my_experiment - bat_HybridComm_static_44 - my_run - INFO - Recent Stats | t_env:     650000 | Episode:     3250
blue_team_alives_mean:    19.9960	blue_team_win_mean:        1.0000	ep_length_mean:          200.0000	episode_length_mean:     199.0000
epsilon:                   0.3920	grad_norm:               103.3898	info_nce_loss:             0.3097	loss:                      2.4933
q_loss:                    2.2666	red_team_alives_mean:     12.2920	red_team_win_mean:         0.0000	return_mean:              -2.9133
return_std:                0.3717	test_blue_team_alives_mean: 20.0000	test_blue_team_win_mean:   0.6000	test_ep_length_mean:     200.0000
test_episode_length_mean:199.0000	test_red_team_alives_mean: 18.8000	test_red_team_win_mean:    0.0000	test_return_mean:         -1.0184
test_return_std:           0.0000	
2026-08-09 20:25:35,308 - my_experiment - bat_HybridComm_static_44 - my_run - INFO - t_env: 650200 / 5050000
2026-08-09 20:25:35,310 - my_experiment - bat_HybridComm_static_44 - my_run - INFO - Estimated time left: 9 hours, 33 minutes, 32 seconds. Time passed: 1 hours, 27 minutes, 4 seconds
2026-08-09 20:32:24,930 - my_experiment - bat_HybridComm_static_44 - my_run - INFO - Recent Stats | t_env:     700000 | Episode:     3500
blue_team_alives_mean:    19.9920	blue_team_win_mean:        1.0000	ep_length_mean:          200.0000	episode_length_mean:     199.0000
epsilon:                   0.3445	grad_norm:               335.1440	info_nce_loss:             0.2729	loss:                      1.5892
q_loss:                    1.4448	red_team_alives_mean:     12.3840	red_team_win_mean:         0.0000	return_mean:              -2.6149
return_std:                0.3245	test_blue_team_alives_mean: 20.0000	test_blue_team_win_mean:   0.8000	test_ep_length_mean:     200.0000
test_episode_length_mean:199.0000	test_red_team_alives_mean: 18.6000	test_red_team_win_mean:    0.0000	test_return_mean:         -1.0110
test_return_std:           0.0000	
2026-08-09 20:32:26,754 - my_experiment - bat_HybridComm_static_44 - my_run - INFO - t_env: 700200 / 5050000
2026-08-09 20:32:26,756 - my_experiment - bat_HybridComm_static_44 - my_run - INFO - Estimated time left: 9 hours, 56 minutes, 34 seconds. Time passed: 1 hours, 33 minutes, 56 seconds
2026-08-09 20:39:23,353 - my_experiment - bat_HybridComm_static_44 - my_run - INFO - Recent Stats | t_env:     750000 | Episode:     3750
blue_team_alives_mean:    19.9960	blue_team_win_mean:        1.0000	ep_length_mean:          200.0000	episode_length_mean:     199.0000
epsilon:                   0.2970	grad_norm:               447.7775	info_nce_loss:             0.1762	loss:                      1.5002
q_loss:                    1.3638	red_team_alives_mean:     12.2960	red_team_win_mean:         0.0000	return_mean:              -2.2840
return_std:                0.2854	test_blue_team_alives_mean: 20.0000	test_blue_team_win_mean:   1.0000	test_ep_length_mean:     200.0000
test_episode_length_mean:199.0000	test_red_team_alives_mean: 18.2000	test_red_team_win_mean:    0.0000	test_return_mean:         -1.0045
test_return_std:           0.0000	
2026-08-09 20:39:25,035 - my_experiment - bat_HybridComm_static_44 - my_run - INFO - t_env: 750200 / 5050000
2026-08-09 20:39:25,037 - my_experiment - bat_HybridComm_static_44 - my_run - INFO - Estimated time left: 9 hours, 59 minutes, 30 seconds. Time passed: 1 hours, 40 minutes, 54 seconds
2026-08-09 20:46:15,725 - my_experiment - bat_HybridComm_static_44 - my_run - INFO - Recent Stats | t_env:     800000 | Episode:     4000
blue_team_alives_mean:    19.9960	blue_team_win_mean:        1.0000	ep_length_mean:          200.0000	episode_length_mean:     199.0000
epsilon:                   0.2495	grad_norm:               342.2974	info_nce_loss:             0.1964	loss:                      1.1764
q_loss:                    1.0694	red_team_alives_mean:     11.8000	red_team_win_mean:         0.0000	return_mean:              -2.0310
return_std:                0.2194	test_blue_team_alives_mean: 20.0000	test_blue_team_win_mean:   1.0000	test_ep_length_mean:     200.0000
test_episode_length_mean:199.0000	test_red_team_alives_mean: 17.6000	test_red_team_win_mean:    0.0000	test_return_mean:         -0.9760
test_return_std:           0.0000	
2026-08-09 20:46:17,423 - my_experiment - bat_HybridComm_static_44 - my_run - INFO - t_env: 800200 / 5050000
2026-08-09 20:46:17,424 - my_experiment - bat_HybridComm_static_44 - my_run - INFO - Estimated time left: 9 hours, 44 minutes, 11 seconds. Time passed: 1 hours, 47 minutes, 46 seconds
2026-08-09 20:53:00,049 - my_experiment - bat_HybridComm_static_44 - my_run - INFO - Recent Stats | t_env:     850000 | Episode:     4250
blue_team_alives_mean:    19.9800	blue_team_win_mean:        1.0000	ep_length_mean:          200.0000	episode_length_mean:     199.0000
epsilon:                   0.2020	grad_norm:               420.4852	info_nce_loss:             0.1608	loss:                      1.6052
q_loss:                    1.4593	red_team_alives_mean:     12.4240	red_team_win_mean:         0.0000	return_mean:              -1.9189
return_std:                0.2536	test_blue_team_alives_mean: 20.0000	test_blue_team_win_mean:   1.0000	test_ep_length_mean:     200.0000
test_episode_length_mean:199.0000	test_red_team_alives_mean: 18.0000	test_red_team_win_mean:    0.0000	test_return_mean:         -0.9765
test_return_std:           0.0000	
2026-08-09 20:53:01,875 - my_experiment - bat_HybridComm_static_44 - my_run - INFO - t_env: 850200 / 5050000
2026-08-09 20:53:01,876 - my_experiment - bat_HybridComm_static_44 - my_run - INFO - Estimated time left: 9 hours, 26 minutes, 12 seconds. Time passed: 1 hours, 54 minutes, 31 seconds
2026-08-09 20:59:55,238 - my_experiment - bat_HybridComm_static_44 - my_run - INFO - Recent Stats | t_env:     900000 | Episode:     4500
blue_team_alives_mean:    19.9920	blue_team_win_mean:        1.0000	ep_length_mean:          200.0000	episode_length_mean:     199.0000
epsilon:                   0.1545	grad_norm:               586.8352	info_nce_loss:             0.2665	loss:                      1.6986
q_loss:                    1.5441	red_team_alives_mean:     12.5880	red_team_win_mean:         0.0000	return_mean:              -1.6373
return_std:                0.1869	test_blue_team_alives_mean: 20.0000	test_blue_team_win_mean:   1.0000	test_ep_length_mean:     200.0000
test_episode_length_mean:199.0000	test_red_team_alives_mean: 17.2000	test_red_team_win_mean:    0.0000	test_return_mean:         -0.9696
test_return_std:           0.0000	
2026-08-09 20:59:56,773 - my_experiment - bat_HybridComm_static_44 - my_run - INFO - t_env: 900200 / 5050000
2026-08-09 20:59:56,775 - my_experiment - bat_HybridComm_static_44 - my_run - INFO - Estimated time left: 9 hours, 33 minutes, 54 seconds. Time passed: 2 hours, 1 minutes, 26 seconds
2026-08-09 21:06:29,211 - my_experiment - bat_HybridComm_static_44 - my_run - INFO - Recent Stats | t_env:     950000 | Episode:     4750
blue_team_alives_mean:    19.9960	blue_team_win_mean:        1.0000	ep_length_mean:          200.0000	episode_length_mean:     199.0000
epsilon:                   0.1070	grad_norm:               433.8560	info_nce_loss:             0.2239	loss:                      2.1777
q_loss:                    1.9798	red_team_alives_mean:     13.1400	red_team_win_mean:         0.0000	return_mean:              -1.4475
return_std:                0.1664	test_blue_team_alives_mean: 20.0000	test_blue_team_win_mean:   1.0000	test_ep_length_mean:     200.0000
test_episode_length_mean:199.0000	test_red_team_alives_mean: 16.8000	test_red_team_win_mean:    0.0000	test_return_mean:         -0.9734
test_return_std:           0.0000	
2026-08-09 21:06:31,005 - my_experiment - bat_HybridComm_static_44 - my_run - INFO - t_env: 950200 / 5050000
2026-08-09 21:06:31,007 - my_experiment - bat_HybridComm_static_44 - my_run - INFO - Estimated time left: 8 hours, 58 minutes, 45 seconds. Time passed: 2 hours, 8 minutes, 0 seconds
2026-08-09 21:13:06,963 - my_experiment - bat_HybridComm_static_44 - my_run - INFO - Recent Stats | t_env:    1000000 | Episode:     5000
blue_team_alives_mean:    19.9840	blue_team_win_mean:        0.9960	ep_length_mean:          200.0000	episode_length_mean:     199.0000
epsilon:                   0.0595	grad_norm:               1331.8400	info_nce_loss:             0.2053	loss:                      3.7821
q_loss:                    3.4383	red_team_alives_mean:     14.2320	red_team_win_mean:         0.0000	return_mean:              -1.3317
return_std:                0.1638	test_blue_team_alives_mean: 20.0000	test_blue_team_win_mean:   1.0000	test_ep_length_mean:     200.0000
test_episode_length_mean:199.0000	test_red_team_alives_mean: 16.4000	test_red_team_win_mean:    0.0000	test_return_mean:         -0.9495
test_return_std:           0.0000	
2026-08-09 21:13:08,708 - my_experiment - bat_HybridComm_static_44 - my_run - INFO - t_env: 1000200 / 5050000
2026-08-09 21:13:08,710 - my_experiment - bat_HybridComm_static_44 - my_run - INFO - Estimated time left: 8 hours, 56 minutes, 52 seconds. Time passed: 2 hours, 14 minutes, 38 seconds
2026-08-09 21:13:09,617 - my_experiment - bat_HybridComm_static_44 - my_run - INFO - Saving models to work_dirs/my_experiment/bat_HybridComm_static_44/my_run/20260809_185810/models/1000200
2026-08-09 21:19:48,107 - my_experiment - bat_HybridComm_static_44 - my_run - INFO - Recent Stats | t_env:    1050000 | Episode:     5250
blue_team_alives_mean:    19.9880	blue_team_win_mean:        0.9880	ep_length_mean:          200.0000	episode_length_mean:     199.0000
epsilon:                   0.0500	grad_norm:               1130.8495	info_nce_loss:             0.2100	loss:                      3.4920
q_loss:                    3.1745	red_team_alives_mean:     14.5320	red_team_win_mean:         0.0000	return_mean:              -1.1786
return_std:                0.1516	test_blue_team_alives_mean: 20.0000	test_blue_team_win_mean:   1.0000	test_ep_length_mean:     200.0000
test_episode_length_mean:199.0000	test_red_team_alives_mean: 16.8000	test_red_team_win_mean:    0.0000	test_return_mean:         -1.0329
test_return_std:           0.0000	
2026-08-09 21:19:49,771 - my_experiment - bat_HybridComm_static_44 - my_run - INFO - t_env: 1050200 / 5050000
2026-08-09 21:19:49,773 - my_experiment - bat_HybridComm_static_44 - my_run - INFO - Estimated time left: 8 hours, 54 minutes, 43 seconds. Time passed: 2 hours, 21 minutes, 19 seconds
2026-08-09 21:26:35,710 - my_experiment - bat_HybridComm_static_44 - my_run - INFO - Recent Stats | t_env:    1100000 | Episode:     5500
blue_team_alives_mean:    20.0000	blue_team_win_mean:        1.0000	ep_length_mean:          200.0000	episode_length_mean:     199.0000
epsilon:                   0.0500	grad_norm:               793.9707	info_nce_loss:             0.1538	loss:                      2.0019
q_loss:                    1.8199	red_team_alives_mean:     13.7640	red_team_win_mean:         0.0000	return_mean:              -1.0820
return_std:                0.1113	test_blue_team_alives_mean: 20.0000	test_blue_team_win_mean:   1.0000	test_ep_length_mean:     200.0000
test_episode_length_mean:199.0000	test_red_team_alives_mean: 15.8000	test_red_team_win_mean:    0.0000	test_return_mean:         -0.9944
test_return_std:           0.0000	
2026-08-09 21:26:37,490 - my_experiment - bat_HybridComm_static_44 - my_run - INFO - t_env: 1100200 / 5050000
2026-08-09 21:26:37,492 - my_experiment - bat_HybridComm_static_44 - my_run - INFO - Estimated time left: 8 hours, 56 minutes, 48 seconds. Time passed: 2 hours, 28 minutes, 6 seconds
2026-08-09 21:33:27,623 - my_experiment - bat_HybridComm_static_44 - my_run - INFO - Recent Stats | t_env:    1150000 | Episode:     5750
blue_team_alives_mean:    20.0000	blue_team_win_mean:        1.0000	ep_length_mean:          200.0000	episode_length_mean:     199.0000
epsilon:                   0.0500	grad_norm:               687.0914	info_nce_loss:             0.2059	loss:                      1.0433
q_loss:                    0.9485	red_team_alives_mean:     13.5920	red_team_win_mean:         0.0000	return_mean:              -1.1291
return_std:                0.1103	test_blue_team_alives_mean: 20.0000	test_blue_team_win_mean:   1.0000	test_ep_length_mean:     200.0000
test_episode_length_mean:199.0000	test_red_team_alives_mean: 16.0000	test_red_team_win_mean:    0.0000	test_return_mean:         -0.9888
test_return_std:           0.0000	
2026-08-09 21:33:29,260 - my_experiment - bat_HybridComm_static_44 - my_run - INFO - t_env: 1150200 / 5050000
2026-08-09 21:33:29,262 - my_experiment - bat_HybridComm_static_44 - my_run - INFO - Estimated time left: 8 hours, 55 minutes, 16 seconds. Time passed: 2 hours, 34 minutes, 58 seconds
2026-08-09 21:40:18,317 - my_experiment - bat_HybridComm_static_44 - my_run - INFO - Recent Stats | t_env:    1200000 | Episode:     6000
blue_team_alives_mean:    20.0000	blue_team_win_mean:        1.0000	ep_length_mean:          200.0000	episode_length_mean:     199.0000
epsilon:                   0.0500	grad_norm:               587.8416	info_nce_loss:             0.1909	loss:                      0.9345
q_loss:                    0.8495	red_team_alives_mean:     12.7400	red_team_win_mean:         0.0000	return_mean:              -1.0707
return_std:                0.1154	test_blue_team_alives_mean: 20.0000	test_blue_team_win_mean:   1.0000	test_ep_length_mean:     200.0000
test_episode_length_mean:199.0000	test_red_team_alives_mean: 15.8000	test_red_team_win_mean:    0.0000	test_return_mean:         -0.9702
test_return_std:           0.0000	
2026-08-09 21:40:19,970 - my_experiment - bat_HybridComm_static_44 - my_run - INFO - t_env: 1200200 / 5050000
2026-08-09 21:40:19,971 - my_experiment - bat_HybridComm_static_44 - my_run - INFO - Estimated time left: 8 hours, 47 minutes, 2 seconds. Time passed: 2 hours, 41 minutes, 49 seconds
2026-08-09 21:47:41,290 - my_experiment - bat_HybridComm_static_44 - my_run - INFO - Recent Stats | t_env:    1250000 | Episode:     6250
blue_team_alives_mean:    19.9680	blue_team_win_mean:        0.9760	ep_length_mean:          200.0000	episode_length_mean:     199.0000
epsilon:                   0.0500	grad_norm:               1020.4052	info_nce_loss:             0.2578	loss:                      2.5825
q_loss:                    2.3477	red_team_alives_mean:     13.4840	red_team_win_mean:         0.0000	return_mean:              -1.1425
return_std:                0.2195	test_blue_team_alives_mean: 20.0000	test_blue_team_win_mean:   1.0000	test_ep_length_mean:     200.0000
test_episode_length_mean:199.0000	test_red_team_alives_mean: 14.6000	test_red_team_win_mean:    0.0000	test_return_mean:         -0.9502
test_return_std:           0.0000	
2026-08-09 21:47:43,122 - my_experiment - bat_HybridComm_static_44 - my_run - INFO - t_env: 1250200 / 5050000
2026-08-09 21:47:43,124 - my_experiment - bat_HybridComm_static_44 - my_run - INFO - Estimated time left: 9 hours, 21 minutes, 17 seconds. Time passed: 2 hours, 49 minutes, 12 seconds
2026-08-09 21:55:07,075 - my_experiment - bat_HybridComm_static_44 - my_run - INFO - Recent Stats | t_env:    1300000 | Episode:     6500
blue_team_alives_mean:    19.9880	blue_team_win_mean:        0.9400	ep_length_mean:          200.0000	episode_length_mean:     199.0000
epsilon:                   0.0500	grad_norm:               2565.5638	info_nce_loss:             0.1689	loss:                      3.6421
q_loss:                    3.3110	red_team_alives_mean:     15.2280	red_team_win_mean:         0.0000	return_mean:              -1.2252
return_std:                0.1796	test_blue_team_alives_mean: 20.0000	test_blue_team_win_mean:   1.0000	test_ep_length_mean:     200.0000
test_episode_length_mean:199.0000	test_red_team_alives_mean: 13.8000	test_red_team_win_mean:    0.0000	test_return_mean:         -0.8687
test_return_std:           0.0000	
2026-08-09 21:55:08,757 - my_experiment - bat_HybridComm_static_44 - my_run - INFO - t_env: 1300200 / 5050000
2026-08-09 21:55:08,758 - my_experiment - bat_HybridComm_static_44 - my_run - INFO - Estimated time left: 9 hours, 17 minutes, 0 seconds. Time passed: 2 hours, 56 minutes, 38 seconds
2026-08-09 22:02:10,325 - my_experiment - bat_HybridComm_static_44 - my_run - INFO - Recent Stats | t_env:    1350000 | Episode:     6750
blue_team_alives_mean:    20.0000	blue_team_win_mean:        1.0000	ep_length_mean:          200.0000	episode_length_mean:     199.0000
epsilon:                   0.0500	grad_norm:               875.9185	info_nce_loss:             0.1874	loss:                      0.8442
q_loss:                    0.7674	red_team_alives_mean:     11.7360	red_team_win_mean:         0.0000	return_mean:              -0.9567
return_std:                0.1424	test_blue_team_alives_mean: 20.0000	test_blue_team_win_mean:   1.0000	test_ep_length_mean:     200.0000
test_episode_length_mean:199.0000	test_red_team_alives_mean: 13.2000	test_red_team_win_mean:    0.0000	test_return_mean:         -0.8476
test_return_std:           0.0000	
2026-08-09 22:02:12,015 - my_experiment - bat_HybridComm_static_44 - my_run - INFO - t_env: 1350200 / 5050000
2026-08-09 22:02:12,017 - my_experiment - bat_HybridComm_static_44 - my_run - INFO - Estimated time left: 8 hours, 41 minutes, 59 seconds. Time passed: 3 hours, 3 minutes, 41 seconds
2026-08-09 22:09:04,796 - my_experiment - bat_HybridComm_static_44 - my_run - INFO - Recent Stats | t_env:    1400000 | Episode:     7000
blue_team_alives_mean:    19.9960	blue_team_win_mean:        0.9960	ep_length_mean:          200.0000	episode_length_mean:     199.0000
epsilon:                   0.0500	grad_norm:               495.7538	info_nce_loss:             0.1338	loss:                      0.4547
q_loss:                    0.4134	red_team_alives_mean:     11.7160	red_team_win_mean:         0.0000	return_mean:              -0.9951
return_std:                0.1448	test_blue_team_alives_mean: 20.0000	test_blue_team_win_mean:   1.0000	test_ep_length_mean:     200.0000
test_episode_length_mean:199.0000	test_red_team_alives_mean: 12.4000	test_red_team_win_mean:    0.0000	test_return_mean:         -0.8254
test_return_std:           0.0000	
2026-08-09 22:09:06,421 - my_experiment - bat_HybridComm_static_44 - my_run - INFO - t_env: 1400200 / 5050000
2026-08-09 22:09:06,422 - my_experiment - bat_HybridComm_static_44 - my_run - INFO - Estimated time left: 8 hours, 24 minutes, 9 seconds. Time passed: 3 hours, 10 minutes, 35 seconds
2026-08-09 22:16:21,776 - my_experiment - bat_HybridComm_static_44 - my_run - INFO - Recent Stats | t_env:    1450000 | Episode:     7250
blue_team_alives_mean:    20.0000	blue_team_win_mean:        0.9240	ep_length_mean:          200.0000	episode_length_mean:     199.0000
epsilon:                   0.0500	grad_norm:               953.4384	info_nce_loss:             0.1847	loss:                      1.0810
q_loss:                    0.9827	red_team_alives_mean:     14.2600	red_team_win_mean:         0.0000	return_mean:              -1.1187
return_std:                0.1322	test_blue_team_alives_mean: 20.0000	test_blue_team_win_mean:   1.0000	test_ep_length_mean:     200.0000
test_episode_length_mean:199.0000	test_red_team_alives_mean: 11.2000	test_red_team_win_mean:    0.0000	test_return_mean:         -0.8121
test_return_std:           0.0000	
2026-08-09 22:16:23,596 - my_experiment - bat_HybridComm_static_44 - my_run - INFO - t_env: 1450200 / 5050000
2026-08-09 22:16:23,598 - my_experiment - bat_HybridComm_static_44 - my_run - INFO - Estimated time left: 8 hours, 44 minutes, 34 seconds. Time passed: 3 hours, 17 minutes, 53 seconds
2026-08-09 22:23:44,077 - my_experiment - bat_HybridComm_static_44 - my_run - INFO - Recent Stats | t_env:    1500000 | Episode:     7500
blue_team_alives_mean:    19.9680	blue_team_win_mean:        0.8720	ep_length_mean:          200.0000	episode_length_mean:     199.0000
epsilon:                   0.0500	grad_norm:               987.6206	info_nce_loss:             0.2157	loss:                      1.2601
q_loss:                    1.1456	red_team_alives_mean:     14.7600	red_team_win_mean:         0.0000	return_mean:              -1.2385
return_std:                0.2219	test_blue_team_alives_mean: 20.0000	test_blue_team_win_mean:   0.8000	test_ep_length_mean:     200.0000
test_episode_length_mean:199.0000	test_red_team_alives_mean: 13.2000	test_red_team_win_mean:    0.0000	test_return_mean:         -0.8625
test_return_std:           0.0000	
2026-08-09 22:23:45,932 - my_experiment - bat_HybridComm_static_44 - my_run - INFO - t_env: 1500200 / 5050000
2026-08-09 22:23:45,934 - my_experiment - bat_HybridComm_static_44 - my_run - INFO - Estimated time left: 8 hours, 43 minutes, 24 seconds. Time passed: 3 hours, 25 minutes, 15 seconds
2026-08-09 22:23:46,791 - my_experiment - bat_HybridComm_static_44 - my_run - INFO - Saving models to work_dirs/my_experiment/bat_HybridComm_static_44/my_run/20260809_185810/models/1500200
2026-08-09 22:31:03,858 - my_experiment - bat_HybridComm_static_44 - my_run - INFO - Recent Stats | t_env:    1550000 | Episode:     7750
blue_team_alives_mean:    19.9200	blue_team_win_mean:        0.8560	ep_length_mean:          200.0000	episode_length_mean:     199.0000
epsilon:                   0.0500	grad_norm:               2367.5479	info_nce_loss:             0.1967	loss:                      4.1892
q_loss:                    3.8084	red_team_alives_mean:     14.8080	red_team_win_mean:         0.0080	return_mean:              -1.2087
return_std:                0.3316	test_blue_team_alives_mean: 20.0000	test_blue_team_win_mean:   0.8000	test_ep_length_mean:     200.0000
test_episode_length_mean:199.0000	test_red_team_alives_mean: 14.2000	test_red_team_win_mean:    0.0000	test_return_mean:         -0.8680
test_return_std:           0.0000	
2026-08-09 22:31:05,604 - my_experiment - bat_HybridComm_static_44 - my_run - INFO - t_env: 1550200 / 5050000
2026-08-09 22:31:05,605 - my_experiment - bat_HybridComm_static_44 - my_run - INFO - Estimated time left: 8 hours, 32 minutes, 55 seconds. Time passed: 3 hours, 32 minutes, 35 seconds
2026-08-09 22:38:39,727 - my_experiment - bat_HybridComm_static_44 - my_run - INFO - Recent Stats | t_env:    1600000 | Episode:     8000
blue_team_alives_mean:    19.9720	blue_team_win_mean:        0.7560	ep_length_mean:          200.0000	episode_length_mean:     199.0000
epsilon:                   0.0500	grad_norm:               1386.2349	info_nce_loss:             0.1963	loss:                      2.6900
q_loss:                    2.4454	red_team_alives_mean:     16.8120	red_team_win_mean:         0.0040	return_mean:              -1.4489
return_std:                0.3521	test_blue_team_alives_mean: 20.0000	test_blue_team_win_mean:   0.8000	test_ep_length_mean:     200.0000
test_episode_length_mean:199.0000	test_red_team_alives_mean: 14.6000	test_red_team_win_mean:    0.0000	test_return_mean:         -0.9150
test_return_std:           0.0000	
2026-08-09 22:38:41,429 - my_experiment - bat_HybridComm_static_44 - my_run - INFO - t_env: 1600200 / 5050000
2026-08-09 22:38:41,431 - my_experiment - bat_HybridComm_static_44 - my_run - INFO - Estimated time left: 8 hours, 44 minutes, 10 seconds. Time passed: 3 hours, 40 minutes, 10 seconds
2026-08-09 22:45:56,287 - my_experiment - bat_HybridComm_static_44 - my_run - INFO - Recent Stats | t_env:    1650000 | Episode:     8250
blue_team_alives_mean:    19.9680	blue_team_win_mean:        0.7880	ep_length_mean:          200.0000	episode_length_mean:     199.0000
epsilon:                   0.0500	grad_norm:               1420.9578	info_nce_loss:             0.3622	loss:                      4.3208
q_loss:                    3.9280	red_team_alives_mean:     14.9480	red_team_win_mean:         0.0000	return_mean:              -1.3177
return_std:                0.3743	test_blue_team_alives_mean: 20.0000	test_blue_team_win_mean:   0.8000	test_ep_length_mean:     200.0000
test_episode_length_mean:199.0000	test_red_team_alives_mean: 16.0000	test_red_team_win_mean:    0.0000	test_return_mean:         -0.9481
test_return_std:           0.0000	
2026-08-09 22:45:57,952 - my_experiment - bat_HybridComm_static_44 - my_run - INFO - t_env: 1650200 / 5050000
2026-08-09 22:45:57,954 - my_experiment - bat_HybridComm_static_44 - my_run - INFO - Estimated time left: 8 hours, 14 minutes, 41 seconds. Time passed: 3 hours, 47 minutes, 27 seconds
2026-08-09 22:53:14,444 - my_experiment - bat_HybridComm_static_44 - my_run - INFO - Recent Stats | t_env:    1700000 | Episode:     8500
blue_team_alives_mean:    20.0000	blue_team_win_mean:        0.9760	ep_length_mean:          200.0000	episode_length_mean:     199.0000
epsilon:                   0.0500	grad_norm:               1995.5657	info_nce_loss:             0.2061	loss:                      3.3023
q_loss:                    3.0021	red_team_alives_mean:     12.9680	red_team_win_mean:         0.0000	return_mean:              -1.0467
return_std:                0.1952	test_blue_team_alives_mean: 20.0000	test_blue_team_win_mean:   0.8000	test_ep_length_mean:     200.0000
test_episode_length_mean:199.0000	test_red_team_alives_mean: 17.4000	test_red_team_win_mean:    0.0000	test_return_mean:         -0.9833
test_return_std:           0.0000	
2026-08-09 22:53:16,368 - my_experiment - bat_HybridComm_static_44 - my_run - INFO - t_env: 1700200 / 5050000
2026-08-09 22:53:16,369 - my_experiment - bat_HybridComm_static_44 - my_run - INFO - Estimated time left: 8 hours, 9 minutes, 32 seconds. Time passed: 3 hours, 54 minutes, 45 seconds
2026-08-09 23:00:25,982 - my_experiment - bat_HybridComm_static_44 - my_run - INFO - Recent Stats | t_env:    1750000 | Episode:     8750
blue_team_alives_mean:    19.9520	blue_team_win_mean:        0.9400	ep_length_mean:          200.0000	episode_length_mean:     199.0000
epsilon:                   0.0500	grad_norm:               870.1517	info_nce_loss:             0.2959	loss:                      1.2068
q_loss:                    1.0971	red_team_alives_mean:     13.0480	red_team_win_mean:         0.0040	return_mean:              -1.1233
return_std:                0.3208	test_blue_team_alives_mean: 20.0000	test_blue_team_win_mean:   0.8000	test_ep_length_mean:     200.0000
test_episode_length_mean:199.0000	test_red_team_alives_mean: 17.4000	test_red_team_win_mean:    0.0000	test_return_mean:         -0.9833
test_return_std:           0.0000	
2026-08-09 23:00:27,702 - my_experiment - bat_HybridComm_static_44 - my_run - INFO - t_env: 1750200 / 5050000
2026-08-09 23:00:27,703 - my_experiment - bat_HybridComm_static_44 - my_run - INFO - Estimated time left: 7 hours, 54 minutes, 26 seconds. Time passed: 4 hours, 1 minutes, 57 seconds
2026-08-09 23:07:55,661 - my_experiment - bat_HybridComm_static_44 - my_run - INFO - Recent Stats | t_env:    1800000 | Episode:     9000
blue_team_alives_mean:    20.0000	blue_team_win_mean:        0.9640	ep_length_mean:          200.0000	episode_length_mean:     199.0000
epsilon:                   0.0500	grad_norm:               780.2209	info_nce_loss:             0.3455	loss:                      1.0436
q_loss:                    0.9487	red_team_alives_mean:     11.9040	red_team_win_mean:         0.0000	return_mean:              -1.0063
return_std:                0.1856	test_blue_team_alives_mean: 20.0000	test_blue_team_win_mean:   0.8000	test_ep_length_mean:     200.0000
test_episode_length_mean:199.0000	test_red_team_alives_mean: 16.4000	test_red_team_win_mean:    0.0000	test_return_mean:         -0.9358
test_return_std:           0.0000	
2026-08-09 23:07:57,461 - my_experiment - bat_HybridComm_static_44 - my_run - INFO - t_env: 1800200 / 5050000
2026-08-09 23:07:57,463 - my_experiment - bat_HybridComm_static_44 - my_run - INFO - Estimated time left: 8 hours, 7 minutes, 12 seconds. Time passed: 4 hours, 9 minutes, 26 seconds
2026-08-09 23:15:11,199 - my_experiment - bat_HybridComm_static_44 - my_run - INFO - Recent Stats | t_env:    1850000 | Episode:     9250
blue_team_alives_mean:    19.6560	blue_team_win_mean:        0.8000	ep_length_mean:          200.0000	episode_length_mean:     199.0000
epsilon:                   0.0500	grad_norm:               1118.3538	info_nce_loss:             0.1458	loss:                      1.9029
q_loss:                    1.7299	red_team_alives_mean:     14.6280	red_team_win_mean:         0.0400	return_mean:              -1.5244
return_std:                0.8034	test_blue_team_alives_mean: 20.0000	test_blue_team_win_mean:   0.8000	test_ep_length_mean:     200.0000
test_episode_length_mean:199.0000	test_red_team_alives_mean: 16.4000	test_red_team_win_mean:    0.0000	test_return_mean:         -0.9010
test_return_std:           0.0000	
2026-08-09 23:15:12,833 - my_experiment - bat_HybridComm_static_44 - my_run - INFO - t_env: 1850200 / 5050000
2026-08-09 23:15:12,835 - my_experiment - bat_HybridComm_static_44 - my_run - INFO - Estimated time left: 7 hours, 44 minutes, 22 seconds. Time passed: 4 hours, 16 minutes, 42 seconds
2026-08-09 23:21:59,035 - my_experiment - bat_HybridComm_static_44 - my_run - INFO - Recent Stats | t_env:    1900000 | Episode:     9500
blue_team_alives_mean:    19.9720	blue_team_win_mean:        0.8320	ep_length_mean:          200.0000	episode_length_mean:     199.0000
epsilon:                   0.0500	grad_norm:               913.4441	info_nce_loss:             0.3029	loss:                      1.5016
q_loss:                    1.3651	red_team_alives_mean:     15.2320	red_team_win_mean:         0.0040	return_mean:              -1.3604
return_std:                0.5864	test_blue_team_alives_mean: 20.0000	test_blue_team_win_mean:   0.8000	test_ep_length_mean:     200.0000
test_episode_length_mean:199.0000	test_red_team_alives_mean: 15.4000	test_red_team_win_mean:    0.0000	test_return_mean:         -0.9672
test_return_std:           0.0000	
2026-08-09 23:22:00,714 - my_experiment - bat_HybridComm_static_44 - my_run - INFO - t_env: 1900200 / 5050000
2026-08-09 23:22:00,715 - my_experiment - bat_HybridComm_static_44 - my_run - INFO - Estimated time left: 7 hours, 8 minutes, 14 seconds. Time passed: 4 hours, 23 minutes, 30 seconds
2026-08-09 23:28:38,289 - my_experiment - bat_HybridComm_static_44 - my_run - INFO - Recent Stats | t_env:    1950000 | Episode:     9750
blue_team_alives_mean:    19.9880	blue_team_win_mean:        0.9000	ep_length_mean:          200.0000	episode_length_mean:     199.0000
epsilon:                   0.0500	grad_norm:               2069.1586	info_nce_loss:             0.2117	loss:                      4.5726
q_loss:                    4.1569	red_team_alives_mean:     14.5320	red_team_win_mean:         0.0000	return_mean:              -1.3543
return_std:                0.5859	test_blue_team_alives_mean: 20.0000	test_blue_team_win_mean:   0.6000	test_ep_length_mean:     200.0000
test_episode_length_mean:199.0000	test_red_team_alives_mean: 16.0000	test_red_team_win_mean:    0.0000	test_return_mean:         -1.7946
test_return_std:           0.0000	
2026-08-09 23:28:39,859 - my_experiment - bat_HybridComm_static_44 - my_run - INFO - t_env: 1950200 / 5050000
2026-08-09 23:28:39,861 - my_experiment - bat_HybridComm_static_44 - my_run - INFO - Estimated time left: 6 hours, 52 minutes, 25 seconds. Time passed: 4 hours, 30 minutes, 9 seconds
2026-08-09 23:35:16,163 - my_experiment - bat_HybridComm_static_44 - my_run - INFO - Recent Stats | t_env:    2000000 | Episode:    10000
blue_team_alives_mean:    19.9760	blue_team_win_mean:        0.7560	ep_length_mean:          200.0000	episode_length_mean:     199.0000
epsilon:                   0.0500	grad_norm:               1339.0453	info_nce_loss:             0.1946	loss:                      2.7320
q_loss:                    2.4836	red_team_alives_mean:     16.3840	red_team_win_mean:         0.0000	return_mean:              -1.3773
return_std:                0.3435	test_blue_team_alives_mean: 20.0000	test_blue_team_win_mean:   0.8000	test_ep_length_mean:     200.0000
test_episode_length_mean:199.0000	test_red_team_alives_mean: 14.8000	test_red_team_win_mean:    0.0000	test_return_mean:         -1.7832
test_return_std:           0.0000	
2026-08-09 23:35:17,978 - my_experiment - bat_HybridComm_static_44 - my_run - INFO - t_env: 2000200 / 5050000
2026-08-09 23:35:17,979 - my_experiment - bat_HybridComm_static_44 - my_run - INFO - Estimated time left: 6 hours, 44 minutes, 43 seconds. Time passed: 4 hours, 36 minutes, 47 seconds
2026-08-09 23:35:18,767 - my_experiment - bat_HybridComm_static_44 - my_run - INFO - Saving models to work_dirs/my_experiment/bat_HybridComm_static_44/my_run/20260809_185810/models/2000200
2026-08-09 23:41:53,609 - my_experiment - bat_HybridComm_static_44 - my_run - INFO - Recent Stats | t_env:    2050000 | Episode:    10250
blue_team_alives_mean:    20.0000	blue_team_win_mean:        0.9360	ep_length_mean:          200.0000	episode_length_mean:     199.0000
epsilon:                   0.0500	grad_norm:               610.5245	info_nce_loss:             0.1236	loss:                      1.0294
q_loss:                    0.9358	red_team_alives_mean:     14.1160	red_team_win_mean:         0.0000	return_mean:              -1.1182
return_std:                0.1641	test_blue_team_alives_mean: 20.0000	test_blue_team_win_mean:   0.8000	test_ep_length_mean:     200.0000
test_episode_length_mean:199.0000	test_red_team_alives_mean: 14.8000	test_red_team_win_mean:    0.0000	test_return_mean:         -1.8258
test_return_std:           0.0000	
2026-08-09 23:41:55,229 - my_experiment - bat_HybridComm_static_44 - my_run - INFO - t_env: 2050200 / 5050000
2026-08-09 23:41:55,231 - my_experiment - bat_HybridComm_static_44 - my_run - INFO - Estimated time left: 6 hours, 37 minutes, 13 seconds. Time passed: 4 hours, 43 minutes, 24 seconds
2026-08-09 23:48:42,379 - my_experiment - bat_HybridComm_static_44 - my_run - INFO - Recent Stats | t_env:    2100000 | Episode:    10500
blue_team_alives_mean:    19.9800	blue_team_win_mean:        0.8400	ep_length_mean:          200.0000	episode_length_mean:     199.0000
epsilon:                   0.0500	grad_norm:               1689.2145	info_nce_loss:             0.2720	loss:                      3.9574
q_loss:                    3.5976	red_team_alives_mean:     14.6120	red_team_win_mean:         0.0000	return_mean:              -1.1597
return_std:                0.1963	test_blue_team_alives_mean: 20.0000	test_blue_team_win_mean:   0.8000	test_ep_length_mean:     200.0000
test_episode_length_mean:199.0000	test_red_team_alives_mean: 15.6000	test_red_team_win_mean:    0.0000	test_return_mean:         -1.8605
test_return_std:           0.0000	
2026-08-09 23:48:44,111 - my_experiment - bat_HybridComm_static_44 - my_run - INFO - t_env: 2100200 / 5050000
2026-08-09 23:48:44,113 - my_experiment - bat_HybridComm_static_44 - my_run - INFO - Estimated time left: 6 hours, 42 minutes, 2 seconds. Time passed: 4 hours, 50 minutes, 13 seconds
2026-08-09 23:55:41,126 - my_experiment - bat_HybridComm_static_44 - my_run - INFO - Recent Stats | t_env:    2150000 | Episode:    10750
blue_team_alives_mean:    20.0000	blue_team_win_mean:        0.6520	ep_length_mean:          200.0000	episode_length_mean:     199.0000
epsilon:                   0.0500	grad_norm:               1436.0431	info_nce_loss:             0.1871	loss:                      2.6838
q_loss:                    2.4399	red_team_alives_mean:     17.0960	red_team_win_mean:         0.0000	return_mean:              -1.3031
return_std:                0.1756	test_blue_team_alives_mean: 20.0000	test_blue_team_win_mean:   0.8000	test_ep_length_mean:     200.0000
test_episode_length_mean:199.0000	test_red_team_alives_mean: 16.6000	test_red_team_win_mean:    0.0000	test_return_mean:         -1.7986
test_return_std:           0.0000	
2026-08-09 23:55:42,682 - my_experiment - bat_HybridComm_static_44 - my_run - INFO - t_env: 2150200 / 5050000
2026-08-09 23:55:42,684 - my_experiment - bat_HybridComm_static_44 - my_run - INFO - Estimated time left: 6 hours, 44 minutes, 35 seconds. Time passed: 4 hours, 57 minutes, 12 seconds
2026-08-10 00:02:23,476 - my_experiment - bat_HybridComm_static_44 - my_run - INFO - Recent Stats | t_env:    2200000 | Episode:    11000
blue_team_alives_mean:    19.9720	blue_team_win_mean:        0.7000	ep_length_mean:          200.0000	episode_length_mean:     199.0000
epsilon:                   0.0500	grad_norm:               1351.6937	info_nce_loss:             0.2295	loss:                      1.7108
q_loss:                    1.5552	red_team_alives_mean:     16.0480	red_team_win_mean:         0.0000	return_mean:              -1.3045
return_std:                0.2916	test_blue_team_alives_mean: 20.0000	test_blue_team_win_mean:   0.8000	test_ep_length_mean:     200.0000
test_episode_length_mean:199.0000	test_red_team_alives_mean: 16.6000	test_red_team_win_mean:    0.0000	test_return_mean:         -0.9735
test_return_std:           0.0000	
2026-08-10 00:02:25,174 - my_experiment - bat_HybridComm_static_44 - my_run - INFO - t_env: 2200200 / 5050000
2026-08-10 00:02:25,176 - my_experiment - bat_HybridComm_static_44 - my_run - INFO - Estimated time left: 6 hours, 22 minutes, 20 seconds. Time passed: 5 hours, 3 minutes, 54 seconds
2026-08-10 00:08:56,837 - my_experiment - bat_HybridComm_static_44 - my_run - INFO - Recent Stats | t_env:    2250000 | Episode:    11250
blue_team_alives_mean:    19.9680	blue_team_win_mean:        0.8120	ep_length_mean:          200.0000	episode_length_mean:     199.0000
epsilon:                   0.0500	grad_norm:               3241.7150	info_nce_loss:             0.2946	loss:                      5.1782
q_loss:                    4.7075	red_team_alives_mean:     14.9240	red_team_win_mean:         0.0000	return_mean:              -1.2389
return_std:                0.2181	test_blue_team_alives_mean: 20.0000	test_blue_team_win_mean:   0.6000	test_ep_length_mean:     200.0000
test_episode_length_mean:199.0000	test_red_team_alives_mean: 17.8000	test_red_team_win_mean:    0.0000	test_return_mean:         -0.9849
test_return_std:           0.0000	
2026-08-10 00:08:58,377 - my_experiment - bat_HybridComm_static_44 - my_run - INFO - t_env: 2250200 / 5050000
2026-08-10 00:08:58,379 - my_experiment - bat_HybridComm_static_44 - my_run - INFO - Estimated time left: 6 hours, 6 minutes, 57 seconds. Time passed: 5 hours, 10 minutes, 27 seconds
2026-08-10 00:15:34,510 - my_experiment - bat_HybridComm_static_44 - my_run - INFO - Recent Stats | t_env:    2300000 | Episode:    11500
blue_team_alives_mean:    19.9200	blue_team_win_mean:        0.9960	ep_length_mean:          200.0000	episode_length_mean:     199.0000
epsilon:                   0.0500	grad_norm:               6628.9058	info_nce_loss:             0.2556	loss:                     14.9226
q_loss:                   13.5660	red_team_alives_mean:     11.9480	red_team_win_mean:         0.0000	return_mean:              -1.1152
return_std:                0.2532	test_blue_team_alives_mean: 20.0000	test_blue_team_win_mean:   0.6000	test_ep_length_mean:     200.0000
test_episode_length_mean:199.0000	test_red_team_alives_mean: 16.6000	test_red_team_win_mean:    0.0000	test_return_mean:         -0.9451
test_return_std:           0.0000	
2026-08-10 00:15:36,148 - my_experiment - bat_HybridComm_static_44 - my_run - INFO - t_env: 2300200 / 5050000
2026-08-10 00:15:36,149 - my_experiment - bat_HybridComm_static_44 - my_run - INFO - Estimated time left: 6 hours, 4 minutes, 35 seconds. Time passed: 5 hours, 17 minutes, 5 seconds
2026-08-10 00:22:08,079 - my_experiment - bat_HybridComm_static_44 - my_run - INFO - Recent Stats | t_env:    2350000 | Episode:    11750
blue_team_alives_mean:    19.9400	blue_team_win_mean:        0.9720	ep_length_mean:          200.0000	episode_length_mean:     199.0000
epsilon:                   0.0500	grad_norm:               3415.6760	info_nce_loss:             0.1610	loss:                      7.4891
q_loss:                    6.8082	red_team_alives_mean:     12.5480	red_team_win_mean:         0.0000	return_mean:              -1.2118
return_std:                0.3532	test_blue_team_alives_mean: 20.0000	test_blue_team_win_mean:   0.6000	test_ep_length_mean:     200.0000
test_episode_length_mean:199.0000	test_red_team_alives_mean: 15.8000	test_red_team_win_mean:    0.0000	test_return_mean:         -0.9426
test_return_std:           0.0000	
2026-08-10 00:22:09,635 - my_experiment - bat_HybridComm_static_44 - my_run - INFO - t_env: 2350200 / 5050000
2026-08-10 00:22:09,636 - my_experiment - bat_HybridComm_static_44 - my_run - INFO - Estimated time left: 5 hours, 54 minutes, 6 seconds. Time passed: 5 hours, 23 minutes, 39 seconds
2026-08-10 00:28:52,788 - my_experiment - bat_HybridComm_static_44 - my_run - INFO - Recent Stats | t_env:    2400000 | Episode:    12000
blue_team_alives_mean:    19.9840	blue_team_win_mean:        0.8840	ep_length_mean:          200.0000	episode_length_mean:     199.0000
epsilon:                   0.0500	grad_norm:               1257.9343	info_nce_loss:             0.1188	loss:                      1.6914
q_loss:                    1.5376	red_team_alives_mean:     14.1640	red_team_win_mean:         0.0000	return_mean:              -1.1736
return_std:                0.2238	test_blue_team_alives_mean: 20.0000	test_blue_team_win_mean:   0.6000	test_ep_length_mean:     200.0000
test_episode_length_mean:199.0000	test_red_team_alives_mean: 15.6000	test_red_team_win_mean:    0.0000	test_return_mean:         -0.9410
test_return_std:           0.0000	
2026-08-10 00:28:54,617 - my_experiment - bat_HybridComm_static_44 - my_run - INFO - t_env: 2400200 / 5050000
2026-08-10 00:28:54,618 - my_experiment - bat_HybridComm_static_44 - my_run - INFO - Estimated time left: 5 hours, 57 minutes, 42 seconds. Time passed: 5 hours, 30 minutes, 24 seconds
2026-08-10 00:35:42,297 - my_experiment - bat_HybridComm_static_44 - my_run - INFO - Recent Stats | t_env:    2450000 | Episode:    12250
blue_team_alives_mean:    20.0000	blue_team_win_mean:        0.8560	ep_length_mean:          200.0000	episode_length_mean:     199.0000
epsilon:                   0.0500	grad_norm:               2062.8283	info_nce_loss:             0.2016	loss:                      3.6130
q_loss:                    3.2845	red_team_alives_mean:     14.8320	red_team_win_mean:         0.0000	return_mean:              -1.2297
return_std:                0.1840	test_blue_team_alives_mean: 20.0000	test_blue_team_win_mean:   0.8000	test_ep_length_mean:     200.0000
test_episode_length_mean:199.0000	test_red_team_alives_mean: 14.0000	test_red_team_win_mean:    0.0000	test_return_mean:         -0.9055
test_return_std:           0.0000	
2026-08-10 00:35:43,915 - my_experiment - bat_HybridComm_static_44 - my_run - INFO - t_env: 2450200 / 5050000
2026-08-10 00:35:43,917 - my_experiment - bat_HybridComm_static_44 - my_run - INFO - Estimated time left: 5 hours, 54 minutes, 41 seconds. Time passed: 5 hours, 37 minutes, 13 seconds
2026-08-10 00:42:25,198 - my_experiment - bat_HybridComm_static_44 - my_run - INFO - Recent Stats | t_env:    2500000 | Episode:    12500
blue_team_alives_mean:    19.8560	blue_team_win_mean:        0.8800	ep_length_mean:          200.0000	episode_length_mean:     199.0000
epsilon:                   0.0500	grad_norm:               4186.1243	info_nce_loss:             0.1690	loss:                      9.4361
q_loss:                    8.5783	red_team_alives_mean:     14.6360	red_team_win_mean:         0.0040	return_mean:              -1.2311
return_std:                0.2195	test_blue_team_alives_mean: 20.0000	test_blue_team_win_mean:   1.0000	test_ep_length_mean:     200.0000
test_episode_length_mean:199.0000	test_red_team_alives_mean: 12.6000	test_red_team_win_mean:    0.0000	test_return_mean:         -0.8825
test_return_std:           0.0000	
2026-08-10 00:42:26,986 - my_experiment - bat_HybridComm_static_44 - my_run - INFO - t_env: 2500200 / 5050000
2026-08-10 00:42:26,987 - my_experiment - bat_HybridComm_static_44 - my_run - INFO - Estimated time left: 5 hours, 42 minutes, 34 seconds. Time passed: 5 hours, 43 minutes, 56 seconds
2026-08-10 00:42:27,895 - my_experiment - bat_HybridComm_static_44 - my_run - INFO - Saving models to work_dirs/my_experiment/bat_HybridComm_static_44/my_run/20260809_185810/models/2500200
2026-08-10 00:49:16,772 - my_experiment - bat_HybridComm_static_44 - my_run - INFO - Recent Stats | t_env:    2550000 | Episode:    12750
blue_team_alives_mean:    19.9600	blue_team_win_mean:        0.9560	ep_length_mean:          200.0000	episode_length_mean:     199.0000
epsilon:                   0.0500	grad_norm:               1835.2206	info_nce_loss:             0.1990	loss:                      4.2406
q_loss:                    3.8551	red_team_alives_mean:     13.0280	red_team_win_mean:         0.0080	return_mean:              -1.5433
return_std:                1.1673	test_blue_team_alives_mean: 20.0000	test_blue_team_win_mean:   1.0000	test_ep_length_mean:     200.0000
test_episode_length_mean:199.0000	test_red_team_alives_mean: 14.8000	test_red_team_win_mean:    0.0000	test_return_mean:         -0.9296
test_return_std:           0.0000	
2026-08-10 00:49:18,406 - my_experiment - bat_HybridComm_static_44 - my_run - INFO - t_env: 2550200 / 5050000
2026-08-10 00:49:18,408 - my_experiment - bat_HybridComm_static_44 - my_run - INFO - Estimated time left: 5 hours, 42 minutes, 49 seconds. Time passed: 5 hours, 50 minutes, 47 seconds
2026-08-10 00:55:51,689 - my_experiment - bat_HybridComm_static_44 - my_run - INFO - Recent Stats | t_env:    2600000 | Episode:    13000
blue_team_alives_mean:    19.9600	blue_team_win_mean:        0.8200	ep_length_mean:          200.0000	episode_length_mean:     199.0000
epsilon:                   0.0500	grad_norm:               2112.9761	info_nce_loss:             0.1973	loss:                      3.6962
q_loss:                    3.3602	red_team_alives_mean:     14.5360	red_team_win_mean:         0.0040	return_mean:              -1.3135
return_std:                0.4577	test_blue_team_alives_mean: 20.0000	test_blue_team_win_mean:   1.0000	test_ep_length_mean:     200.0000
test_episode_length_mean:199.0000	test_red_team_alives_mean: 15.2000	test_red_team_win_mean:    0.0000	test_return_mean:         -0.9386
test_return_std:           0.0000	
2026-08-10 00:55:53,456 - my_experiment - bat_HybridComm_static_44 - my_run - INFO - t_env: 2600200 / 5050000
2026-08-10 00:55:53,458 - my_experiment - bat_HybridComm_static_44 - my_run - INFO - Estimated time left: 5 hours, 22 minutes, 35 seconds. Time passed: 5 hours, 57 minutes, 22 seconds
2026-08-10 01:02:24,952 - my_experiment - bat_HybridComm_static_44 - my_run - INFO - Recent Stats | t_env:    2650000 | Episode:    13250
blue_team_alives_mean:    19.8520	blue_team_win_mean:        0.8120	ep_length_mean:          200.0000	episode_length_mean:     199.0000
epsilon:                   0.0500	grad_norm:               1196.7660	info_nce_loss:             0.1857	loss:                      2.4719
q_loss:                    2.2472	red_team_alives_mean:     14.2200	red_team_win_mean:         0.0120	return_mean:              -2.0464
return_std:                1.5993	test_blue_team_alives_mean: 20.0000	test_blue_team_win_mean:   1.0000	test_ep_length_mean:     200.0000
test_episode_length_mean:199.0000	test_red_team_alives_mean: 14.2000	test_red_team_win_mean:    0.0000	test_return_mean:         -0.8880
test_return_std:           0.0000	
2026-08-10 01:02:26,554 - my_experiment - bat_HybridComm_static_44 - my_run - INFO - t_env: 2650200 / 5050000
2026-08-10 01:02:26,556 - my_experiment - bat_HybridComm_static_44 - my_run - INFO - Estimated time left: 5 hours, 14 minutes, 27 seconds. Time passed: 6 hours, 3 minutes, 55 seconds
2026-08-10 01:09:19,028 - my_experiment - bat_HybridComm_static_44 - my_run - INFO - Recent Stats | t_env:    2700000 | Episode:    13500
blue_team_alives_mean:    19.9640	blue_team_win_mean:        0.8800	ep_length_mean:          200.0000	episode_length_mean:     199.0000
epsilon:                   0.0500	grad_norm:               1332.8496	info_nce_loss:             0.3222	loss:                      3.2845
q_loss:                    2.9859	red_team_alives_mean:     13.4400	red_team_win_mean:         0.0000	return_mean:              -1.1240
return_std:                0.2842	test_blue_team_alives_mean: 20.0000	test_blue_team_win_mean:   1.0000	test_ep_length_mean:     200.0000
test_episode_length_mean:199.0000	test_red_team_alives_mean: 15.0000	test_red_team_win_mean:    0.0000	test_return_mean:         -0.9218
test_return_std:           0.0000	
2026-08-10 01:09:20,797 - my_experiment - bat_HybridComm_static_44 - my_run - INFO - t_env: 2700200 / 5050000
2026-08-10 01:09:20,799 - my_experiment - bat_HybridComm_static_44 - my_run - INFO - Estimated time left: 5 hours, 24 minutes, 27 seconds. Time passed: 6 hours, 10 minutes, 50 seconds
2026-08-10 01:16:15,057 - my_experiment - bat_HybridComm_static_44 - my_run - INFO - Recent Stats | t_env:    2750000 | Episode:    13750
blue_team_alives_mean:    20.0000	blue_team_win_mean:        0.8480	ep_length_mean:          200.0000	episode_length_mean:     199.0000
epsilon:                   0.0500	grad_norm:               1324.1008	info_nce_loss:             0.2561	loss:                      2.2885
q_loss:                    2.0805	red_team_alives_mean:     14.7960	red_team_win_mean:         0.0000	return_mean:              -1.1813
return_std:                0.1879	test_blue_team_alives_mean: 20.0000	test_blue_team_win_mean:   1.0000	test_ep_length_mean:     200.0000
test_episode_length_mean:199.0000	test_red_team_alives_mean: 16.0000	test_red_team_win_mean:    0.0000	test_return_mean:         -0.9460
test_return_std:           0.0000	
2026-08-10 01:16:16,639 - my_experiment - bat_HybridComm_static_44 - my_run - INFO - t_env: 2750200 / 5050000
2026-08-10 01:16:16,641 - my_experiment - bat_HybridComm_static_44 - my_run - INFO - Estimated time left: 5 hours, 18 minutes, 47 seconds. Time passed: 6 hours, 17 minutes, 46 seconds
2026-08-10 01:22:58,576 - my_experiment - bat_HybridComm_static_44 - my_run - INFO - Recent Stats | t_env:    2800000 | Episode:    14000
blue_team_alives_mean:    19.7640	blue_team_win_mean:        0.4760	ep_length_mean:          200.0000	episode_length_mean:     199.0000
epsilon:                   0.0500	grad_norm:               1106.2056	info_nce_loss:             0.2298	loss:                      2.4717
q_loss:                    2.2470	red_team_alives_mean:     17.4480	red_team_win_mean:         0.0360	return_mean:              -2.4687
return_std:                1.3965	test_blue_team_alives_mean: 20.0000	test_blue_team_win_mean:   1.0000	test_ep_length_mean:     200.0000
test_episode_length_mean:199.0000	test_red_team_alives_mean: 15.6000	test_red_team_win_mean:    0.0000	test_return_mean:         -0.9437
test_return_std:           0.0000	
2026-08-10 01:23:00,420 - my_experiment - bat_HybridComm_static_44 - my_run - INFO - t_env: 2800200 / 5050000
2026-08-10 01:23:00,422 - my_experiment - bat_HybridComm_static_44 - my_run - INFO - Estimated time left: 5 hours, 2 minutes, 48 seconds. Time passed: 6 hours, 24 minutes, 29 seconds
2026-08-10 01:29:38,746 - my_experiment - bat_HybridComm_static_44 - my_run - INFO - Recent Stats | t_env:    2850000 | Episode:    14250
blue_team_alives_mean:    19.9720	blue_team_win_mean:        0.5920	ep_length_mean:          200.0000	episode_length_mean:     199.0000
epsilon:                   0.0500	grad_norm:               2178.4047	info_nce_loss:             0.1980	loss:                      3.5579
q_loss:                    3.2345	red_team_alives_mean:     16.8760	red_team_win_mean:         0.0000	return_mean:              -1.2822
return_std:                0.1709	test_blue_team_alives_mean: 20.0000	test_blue_team_win_mean:   0.8000	test_ep_length_mean:     200.0000
test_episode_length_mean:199.0000	test_red_team_alives_mean: 16.6000	test_red_team_win_mean:    0.0000	test_return_mean:         -0.9493
test_return_std:           0.0000	
2026-08-10 01:29:40,421 - my_experiment - bat_HybridComm_static_44 - my_run - INFO - t_env: 2850200 / 5050000
2026-08-10 01:29:40,422 - my_experiment - bat_HybridComm_static_44 - my_run - INFO - Estimated time left: 4 hours, 53 minutes, 18 seconds. Time passed: 6 hours, 31 minutes, 9 seconds
2026-08-10 01:36:37,963 - my_experiment - bat_HybridComm_static_44 - my_run - INFO - Recent Stats | t_env:    2900000 | Episode:    14500
blue_team_alives_mean:    19.9880	blue_team_win_mean:        0.7080	ep_length_mean:          200.0000	episode_length_mean:     199.0000
epsilon:                   0.0500	grad_norm:               1503.5471	info_nce_loss:             0.2780	loss:                      2.7352
q_loss:                    2.4865	red_team_alives_mean:     15.6360	red_team_win_mean:         0.0040	return_mean:              -1.1865
return_std:                0.2102	test_blue_team_alives_mean: 20.0000	test_blue_team_win_mean:   0.6000	test_ep_length_mean:     200.0000
test_episode_length_mean:199.0000	test_red_team_alives_mean: 18.0000	test_red_team_win_mean:    0.0000	test_return_mean:         -1.0007
test_return_std:           0.0000	
2026-08-10 01:36:39,540 - my_experiment - bat_HybridComm_static_44 - my_run - INFO - t_env: 2900200 / 5050000
2026-08-10 01:36:39,542 - my_experiment - bat_HybridComm_static_44 - my_run - INFO - Estimated time left: 5 hours, 20 seconds. Time passed: 6 hours, 38 minutes, 8 seconds
2026-08-10 01:43:16,842 - my_experiment - bat_HybridComm_static_44 - my_run - INFO - Recent Stats | t_env:    2950000 | Episode:    14750
blue_team_alives_mean:    20.0000	blue_team_win_mean:        0.7280	ep_length_mean:          200.0000	episode_length_mean:     199.0000
epsilon:                   0.0500	grad_norm:               2254.9916	info_nce_loss:             0.1209	loss:                      6.6879
q_loss:                    6.0799	red_team_alives_mean:     16.0600	red_team_win_mean:         0.0000	return_mean:              -1.2197
return_std:                0.1651	test_blue_team_alives_mean: 20.0000	test_blue_team_win_mean:   0.6000	test_ep_length_mean:     200.0000
test_episode_length_mean:199.0000	test_red_team_alives_mean: 17.8000	test_red_team_win_mean:    0.0000	test_return_mean:         -1.0012
test_return_std:           0.0000	
2026-08-10 01:43:18,541 - my_experiment - bat_HybridComm_static_44 - my_run - INFO - t_env: 2950200 / 5050000
2026-08-10 01:43:18,543 - my_experiment - bat_HybridComm_static_44 - my_run - INFO - Estimated time left: 4 hours, 39 minutes, 16 seconds. Time passed: 6 hours, 44 minutes, 47 seconds
2026-08-10 01:50:17,476 - my_experiment - bat_HybridComm_static_44 - my_run - INFO - Recent Stats | t_env:    3000000 | Episode:    15000
blue_team_alives_mean:    19.9840	blue_team_win_mean:        0.5960	ep_length_mean:          200.0000	episode_length_mean:     199.0000
epsilon:                   0.0500	grad_norm:               1091.2646	info_nce_loss:             0.2098	loss:                      2.2443
q_loss:                    2.0403	red_team_alives_mean:     16.7960	red_team_win_mean:         0.0000	return_mean:              -1.3463
return_std:                0.2102	test_blue_team_alives_mean: 20.0000	test_blue_team_win_mean:   0.4000	test_ep_length_mean:     200.0000
test_episode_length_mean:199.0000	test_red_team_alives_mean: 18.2000	test_red_team_win_mean:    0.0000	test_return_mean:         -1.0000
test_return_std:           0.0000	
2026-08-10 01:50:19,117 - my_experiment - bat_HybridComm_static_44 - my_run - INFO - t_env: 3000200 / 5050000
2026-08-10 01:50:19,118 - my_experiment - bat_HybridComm_static_44 - my_run - INFO - Estimated time left: 4 hours, 47 minutes, 21 seconds. Time passed: 6 hours, 51 minutes, 48 seconds
2026-08-10 01:50:19,899 - my_experiment - bat_HybridComm_static_44 - my_run - INFO - Saving models to work_dirs/my_experiment/bat_HybridComm_static_44/my_run/20260809_185810/models/3000200
2026-08-10 01:57:19,942 - my_experiment - bat_HybridComm_static_44 - my_run - INFO - Recent Stats | t_env:    3050000 | Episode:    15250
blue_team_alives_mean:    19.9640	blue_team_win_mean:        0.7440	ep_length_mean:          200.0000	episode_length_mean:     199.0000
epsilon:                   0.0500	grad_norm:               2076.8624	info_nce_loss:             0.1597	loss:                      3.4613
q_loss:                    3.1466	red_team_alives_mean:     15.1120	red_team_win_mean:         0.0000	return_mean:              -1.1977
return_std:                0.2065	test_blue_team_alives_mean: 20.0000	test_blue_team_win_mean:   0.4000	test_ep_length_mean:     200.0000
test_episode_length_mean:199.0000	test_red_team_alives_mean: 17.2000	test_red_team_win_mean:    0.0000	test_return_mean:         -0.9902
test_return_std:           0.0000	
2026-08-10 01:57:21,584 - my_experiment - bat_HybridComm_static_44 - my_run - INFO - t_env: 3050200 / 5050000
2026-08-10 01:57:21,585 - my_experiment - bat_HybridComm_static_44 - my_run - INFO - Estimated time left: 4 hours, 41 minutes, 36 seconds. Time passed: 6 hours, 58 minutes, 51 seconds
2026-08-10 02:04:09,845 - my_experiment - bat_HybridComm_static_44 - my_run - INFO - Recent Stats | t_env:    3100000 | Episode:    15500
blue_team_alives_mean:    19.9840	blue_team_win_mean:        0.5080	ep_length_mean:          200.0000	episode_length_mean:     199.0000
epsilon:                   0.0500	grad_norm:               1778.4451	info_nce_loss:             0.1667	loss:                      3.3738
q_loss:                    3.0671	red_team_alives_mean:     16.5920	red_team_win_mean:         0.0000	return_mean:              -1.2407
return_std:                0.2673	test_blue_team_alives_mean: 20.0000	test_blue_team_win_mean:   0.4000	test_ep_length_mean:     200.0000
test_episode_length_mean:199.0000	test_red_team_alives_mean: 17.2000	test_red_team_win_mean:    0.0000	test_return_mean:         -0.9902
test_return_std:           0.0000	
2026-08-10 02:04:11,428 - my_experiment - bat_HybridComm_static_44 - my_run - INFO - t_env: 3100200 / 5050000
2026-08-10 02:04:11,430 - my_experiment - bat_HybridComm_static_44 - my_run - INFO - Estimated time left: 4 hours, 26 minutes, 22 seconds. Time passed: 7 hours, 5 minutes, 40 seconds
2026-08-10 02:10:43,088 - my_experiment - bat_HybridComm_static_44 - my_run - INFO - Recent Stats | t_env:    3150000 | Episode:    15750
blue_team_alives_mean:    19.9240	blue_team_win_mean:        0.8080	ep_length_mean:          200.0000	episode_length_mean:     199.0000
epsilon:                   0.0500	grad_norm:               4117.3380	info_nce_loss:             0.1990	loss:                      8.5634
q_loss:                    7.7849	red_team_alives_mean:     14.5040	red_team_win_mean:         0.0080	return_mean:              -1.4740
return_std:                0.7826	test_blue_team_alives_mean: 20.0000	test_blue_team_win_mean:   0.4000	test_ep_length_mean:     200.0000
test_episode_length_mean:199.0000	test_red_team_alives_mean: 17.2000	test_red_team_win_mean:    0.0000	test_return_mean:         -0.9902
test_return_std:           0.0000	
2026-08-10 02:10:44,645 - my_experiment - bat_HybridComm_static_44 - my_run - INFO - t_env: 3150200 / 5050000
2026-08-10 02:10:44,647 - my_experiment - bat_HybridComm_static_44 - my_run - INFO - Estimated time left: 4 hours, 9 minutes, 0 seconds. Time passed: 7 hours, 12 minutes, 14 seconds
2026-08-10 02:17:25,670 - my_experiment - bat_HybridComm_static_44 - my_run - INFO - Recent Stats | t_env:    3200000 | Episode:    16000
blue_team_alives_mean:    20.0000	blue_team_win_mean:        0.7200	ep_length_mean:          200.0000	episode_length_mean:     199.0000
epsilon:                   0.0500	grad_norm:               2262.3266	info_nce_loss:             0.2447	loss:                      4.6041
q_loss:                    4.1856	red_team_alives_mean:     15.7040	red_team_win_mean:         0.0000	return_mean:              -1.2238
return_std:                0.2394	test_blue_team_alives_mean: 20.0000	test_blue_team_win_mean:   0.2000	test_ep_length_mean:     200.0000
test_episode_length_mean:199.0000	test_red_team_alives_mean: 18.2000	test_red_team_win_mean:    0.0000	test_return_mean:         -0.9894
test_return_std:           0.0000	
2026-08-10 02:17:27,324 - my_experiment - bat_HybridComm_static_44 - my_run - INFO - t_env: 3200200 / 5050000
2026-08-10 02:17:27,326 - my_experiment - bat_HybridComm_static_44 - my_run - INFO - Estimated time left: 4 hours, 8 minutes, 17 seconds. Time passed: 7 hours, 18 minutes, 56 seconds
2026-08-10 02:24:07,892 - my_experiment - bat_HybridComm_static_44 - my_run - INFO - Recent Stats | t_env:    3250000 | Episode:    16250
blue_team_alives_mean:    19.9800	blue_team_win_mean:        0.7720	ep_length_mean:          200.0000	episode_length_mean:     199.0000
epsilon:                   0.0500	grad_norm:               2847.6887	info_nce_loss:             0.2589	loss:                      7.0634
q_loss:                    6.4212	red_team_alives_mean:     14.3040	red_team_win_mean:         0.0040	return_mean:              -1.1625
return_std:                0.2350	test_blue_team_alives_mean: 20.0000	test_blue_team_win_mean:   0.4000	test_ep_length_mean:     200.0000
test_episode_length_mean:199.0000	test_red_team_alives_mean: 18.0000	test_red_team_win_mean:    0.0000	test_return_mean:         -0.9931
test_return_std:           0.0000	
2026-08-10 02:24:09,466 - my_experiment - bat_HybridComm_static_44 - my_run - INFO - t_env: 3250200 / 5050000
2026-08-10 02:24:09,468 - my_experiment - bat_HybridComm_static_44 - my_run - INFO - Estimated time left: 4 hours, 1 minutes, 15 seconds. Time passed: 7 hours, 25 minutes, 38 seconds
2026-08-10 02:30:57,884 - my_experiment - bat_HybridComm_static_44 - my_run - INFO - Recent Stats | t_env:    3300000 | Episode:    16500
blue_team_alives_mean:    19.9160	blue_team_win_mean:        0.9120	ep_length_mean:          200.0000	episode_length_mean:     199.0000
epsilon:                   0.0500	grad_norm:               3660.1151	info_nce_loss:             0.2407	loss:                      6.0663
q_loss:                    5.5148	red_team_alives_mean:     12.8400	red_team_win_mean:         0.0000	return_mean:              -1.0896
return_std:                0.2131	test_blue_team_alives_mean: 20.0000	test_blue_team_win_mean:   0.4000	test_ep_length_mean:     200.0000
test_episode_length_mean:199.0000	test_red_team_alives_mean: 18.2000	test_red_team_win_mean:    0.0000	test_return_mean:         -0.9602
test_return_std:           0.0000	
2026-08-10 02:30:59,556 - my_experiment - bat_HybridComm_static_44 - my_run - INFO - t_env: 3300200 / 5050000
2026-08-10 02:30:59,558 - my_experiment - bat_HybridComm_static_44 - my_run - INFO - Estimated time left: 3 hours, 59 minutes, 11 seconds. Time passed: 7 hours, 32 minutes, 28 seconds
2026-08-10 02:37:23,458 - my_experiment - bat_HybridComm_static_44 - my_run - INFO - Recent Stats | t_env:    3350000 | Episode:    16750
blue_team_alives_mean:    19.9320	blue_team_win_mean:        0.9200	ep_length_mean:          200.0000	episode_length_mean:     199.0000
epsilon:                   0.0500	grad_norm:               1966.6777	info_nce_loss:             0.2921	loss:                      2.9119
q_loss:                    2.6472	red_team_alives_mean:     12.3680	red_team_win_mean:         0.0040	return_mean:              -1.1069
return_std:                0.2611	test_blue_team_alives_mean: 20.0000	test_blue_team_win_mean:   0.6000	test_ep_length_mean:     200.0000
test_episode_length_mean:199.0000	test_red_team_alives_mean: 17.2000	test_red_team_win_mean:    0.0000	test_return_mean:         -0.9199
test_return_std:           0.0000	
2026-08-10 02:37:25,002 - my_experiment - bat_HybridComm_static_44 - my_run - INFO - t_env: 3350200 / 5050000
2026-08-10 02:37:25,004 - my_experiment - bat_HybridComm_static_44 - my_run - INFO - Estimated time left: 3 hours, 38 minutes, 23 seconds. Time passed: 7 hours, 38 minutes, 54 seconds
2026-08-10 02:44:12,304 - my_experiment - bat_HybridComm_static_44 - my_run - INFO - Recent Stats | t_env:    3400000 | Episode:    17000
blue_team_alives_mean:    19.8320	blue_team_win_mean:        0.8920	ep_length_mean:          200.0000	episode_length_mean:     199.0000
epsilon:                   0.0500	grad_norm:               2001.7484	info_nce_loss:             0.2263	loss:                      3.4725
q_loss:                    3.1569	red_team_alives_mean:     13.8920	red_team_win_mean:         0.0080	return_mean:              -1.3201
return_std:                0.5050	test_blue_team_alives_mean: 19.4000	test_blue_team_win_mean:   0.8000	test_ep_length_mean:     200.0000
test_episode_length_mean:199.0000	test_red_team_alives_mean: 14.8000	test_red_team_win_mean:    0.0000	test_return_mean:         -1.0200
test_return_std:           0.0000	
2026-08-10 02:44:14,008 - my_experiment - bat_HybridComm_static_44 - my_run - INFO - t_env: 3400200 / 5050000
2026-08-10 02:44:14,010 - my_experiment - bat_HybridComm_static_44 - my_run - INFO - Estimated time left: 3 hours, 44 minutes, 55 seconds. Time passed: 7 hours, 45 minutes, 43 seconds
2026-08-10 02:50:53,820 - my_experiment - bat_HybridComm_static_44 - my_run - INFO - Recent Stats | t_env:    3450000 | Episode:    17250
blue_team_alives_mean:    20.0000	blue_team_win_mean:        0.8720	ep_length_mean:          200.0000	episode_length_mean:     199.0000
epsilon:                   0.0500	grad_norm:               1196.5429	info_nce_loss:             0.2378	loss:                      1.6216
q_loss:                    1.4741	red_team_alives_mean:     14.3960	red_team_win_mean:         0.0000	return_mean:              -1.2004
return_std:                0.2202	test_blue_team_alives_mean: 19.4000	test_blue_team_win_mean:   0.8000	test_ep_length_mean:     200.0000
test_episode_length_mean:199.0000	test_red_team_alives_mean: 14.8000	test_red_team_win_mean:    0.0000	test_return_mean:         -1.0200
test_return_std:           0.0000	
2026-08-10 02:50:55,423 - my_experiment - bat_HybridComm_static_44 - my_run - INFO - t_env: 3450200 / 5050000
2026-08-10 02:50:55,425 - my_experiment - bat_HybridComm_static_44 - my_run - INFO - Estimated time left: 3 hours, 34 minutes, 3 seconds. Time passed: 7 hours, 52 minutes, 24 seconds
2026-08-10 02:57:37,776 - my_experiment - bat_HybridComm_static_44 - my_run - INFO - Recent Stats | t_env:    3500000 | Episode:    17500
blue_team_alives_mean:    19.9840	blue_team_win_mean:        1.0000	ep_length_mean:          200.0000	episode_length_mean:     199.0000
epsilon:                   0.0500	grad_norm:               922.3468	info_nce_loss:             0.2473	loss:                      1.5032
q_loss:                    1.3665	red_team_alives_mean:     10.5800	red_team_win_mean:         0.0000	return_mean:              -0.9735
return_std:                0.1492	test_blue_team_alives_mean: 19.4000	test_blue_team_win_mean:   0.8000	test_ep_length_mean:     200.0000
test_episode_length_mean:199.0000	test_red_team_alives_mean: 12.8000	test_red_team_win_mean:    0.0000	test_return_mean:         -0.9754
test_return_std:           0.0000	
2026-08-10 02:57:39,471 - my_experiment - bat_HybridComm_static_44 - my_run - INFO - t_env: 3500200 / 5050000
2026-08-10 02:57:39,473 - my_experiment - bat_HybridComm_static_44 - my_run - INFO - Estimated time left: 3 hours, 28 minutes, 43 seconds. Time passed: 7 hours, 59 minutes, 8 seconds
2026-08-10 02:57:40,256 - my_experiment - bat_HybridComm_static_44 - my_run - INFO - Saving models to work_dirs/my_experiment/bat_HybridComm_static_44/my_run/20260809_185810/models/3500200
2026-08-10 03:04:19,238 - my_experiment - bat_HybridComm_static_44 - my_run - INFO - Recent Stats | t_env:    3550000 | Episode:    17750
blue_team_alives_mean:    20.0000	blue_team_win_mean:        1.0000	ep_length_mean:          200.0000	episode_length_mean:     199.0000
epsilon:                   0.0500	grad_norm:               825.1700	info_nce_loss:             0.3037	loss:                      0.6601
q_loss:                    0.6001	red_team_alives_mean:      9.4480	red_team_win_mean:         0.0000	return_mean:              -0.8776
return_std:                0.1045	test_blue_team_alives_mean: 19.4000	test_blue_team_win_mean:   0.8000	test_ep_length_mean:     200.0000
test_episode_length_mean:199.0000	test_red_team_alives_mean: 12.2000	test_red_team_win_mean:    0.0000	test_return_mean:         -1.0131
test_return_std:           0.0000	
2026-08-10 03:04:20,861 - my_experiment - bat_HybridComm_static_44 - my_run - INFO - t_env: 3550200 / 5050000
2026-08-10 03:04:20,863 - my_experiment - bat_HybridComm_static_44 - my_run - INFO - Estimated time left: 3 hours, 20 minutes, 40 seconds. Time passed: 8 hours, 5 minutes, 50 seconds
2026-08-10 03:11:07,680 - my_experiment - bat_HybridComm_static_44 - my_run - INFO - Recent Stats | t_env:    3600000 | Episode:    18000
blue_team_alives_mean:    20.0000	blue_team_win_mean:        1.0000	ep_length_mean:          200.0000	episode_length_mean:     199.0000
epsilon:                   0.0500	grad_norm:               623.9484	info_nce_loss:             0.1777	loss:                      0.4800
q_loss:                    0.4363	red_team_alives_mean:      9.0840	red_team_win_mean:         0.0000	return_mean:              -0.8024
return_std:                0.0966	test_blue_team_alives_mean: 19.4000	test_blue_team_win_mean:   0.8000	test_ep_length_mean:     200.0000
test_episode_length_mean:199.0000	test_red_team_alives_mean: 11.4000	test_red_team_win_mean:    0.0000	test_return_mean:         -1.0290
test_return_std:           0.0000	
2026-08-10 03:11:09,307 - my_experiment - bat_HybridComm_static_44 - my_run - INFO - t_env: 3600200 / 5050000
2026-08-10 03:11:09,309 - my_experiment - bat_HybridComm_static_44 - my_run - INFO - Estimated time left: 3 hours, 17 minutes, 23 seconds. Time passed: 8 hours, 12 minutes, 38 seconds
2026-08-10 03:17:40,735 - my_experiment - bat_HybridComm_static_44 - my_run - INFO - Recent Stats | t_env:    3650000 | Episode:    18250
blue_team_alives_mean:    19.9960	blue_team_win_mean:        1.0000	ep_length_mean:          200.0000	episode_length_mean:     199.0000
epsilon:                   0.0500	grad_norm:               472.2531	info_nce_loss:             0.2963	loss:                      0.5673
q_loss:                    0.5157	red_team_alives_mean:     10.0600	red_team_win_mean:         0.0000	return_mean:              -0.8529
return_std:                0.1126	test_blue_team_alives_mean: 20.0000	test_blue_team_win_mean:   0.8000	test_ep_length_mean:     200.0000
test_episode_length_mean:199.0000	test_red_team_alives_mean: 12.0000	test_red_team_win_mean:    0.0000	test_return_mean:         -0.8559
test_return_std:           0.0000	
2026-08-10 03:17:42,423 - my_experiment - bat_HybridComm_static_44 - my_run - INFO - t_env: 3650200 / 5050000
2026-08-10 03:17:42,425 - my_experiment - bat_HybridComm_static_44 - my_run - INFO - Estimated time left: 3 hours, 3 minutes, 25 seconds. Time passed: 8 hours, 19 minutes, 11 seconds
2026-08-10 03:24:29,365 - my_experiment - bat_HybridComm_static_44 - my_run - INFO - Recent Stats | t_env:    3700000 | Episode:    18500
blue_team_alives_mean:    19.8840	blue_team_win_mean:        0.9120	ep_length_mean:          200.0000	episode_length_mean:     199.0000
epsilon:                   0.0500	grad_norm:               997.3626	info_nce_loss:             0.1353	loss:                      2.1019
q_loss:                    1.9108	red_team_alives_mean:     12.9560	red_team_win_mean:         0.0160	return_mean:              -1.2659
return_std:                0.5282	test_blue_team_alives_mean: 20.0000	test_blue_team_win_mean:   1.0000	test_ep_length_mean:     200.0000
test_episode_length_mean:199.0000	test_red_team_alives_mean: 11.0000	test_red_team_win_mean:    0.0000	test_return_mean:         -0.8551
test_return_std:           0.0000	
2026-08-10 03:24:30,996 - my_experiment - bat_HybridComm_static_44 - my_run - INFO - t_env: 3700200 / 5050000
2026-08-10 03:24:30,998 - my_experiment - bat_HybridComm_static_44 - my_run - INFO - Estimated time left: 3 hours, 3 minutes, 49 seconds. Time passed: 8 hours, 26 minutes, 0 seconds
2026-08-10 03:31:02,396 - my_experiment - bat_HybridComm_static_44 - my_run - INFO - Recent Stats | t_env:    3750000 | Episode:    18750
blue_team_alives_mean:    19.8320	blue_team_win_mean:        0.8560	ep_length_mean:          200.0000	episode_length_mean:     199.0000
epsilon:                   0.0500	grad_norm:               1264.7415	info_nce_loss:             0.2151	loss:                      2.3768
q_loss:                    2.1608	red_team_alives_mean:     13.7080	red_team_win_mean:         0.0040	return_mean:              -1.1811
return_std:                0.3450	test_blue_team_alives_mean: 20.0000	test_blue_team_win_mean:   1.0000	test_ep_length_mean:     200.0000
test_episode_length_mean:199.0000	test_red_team_alives_mean: 12.8000	test_red_team_win_mean:    0.0000	test_return_mean:         -0.8930
test_return_std:           0.0000	
2026-08-10 03:31:03,936 - my_experiment - bat_HybridComm_static_44 - my_run - INFO - t_env: 3750200 / 5050000
2026-08-10 03:31:03,938 - my_experiment - bat_HybridComm_static_44 - my_run - INFO - Estimated time left: 2 hours, 50 minutes, 14 seconds. Time passed: 8 hours, 32 minutes, 33 seconds
2026-08-10 03:37:49,028 - my_experiment - bat_HybridComm_static_44 - my_run - INFO - Recent Stats | t_env:    3800000 | Episode:    19000
blue_team_alives_mean:    19.7720	blue_team_win_mean:        0.8240	ep_length_mean:          200.0000	episode_length_mean:     199.0000
epsilon:                   0.0500	grad_norm:               3574.9542	info_nce_loss:             0.2479	loss:                      8.1340
q_loss:                    7.3945	red_team_alives_mean:     14.1480	red_team_win_mean:         0.0120	return_mean:              -1.2007
return_std:                0.3353	test_blue_team_alives_mean: 20.0000	test_blue_team_win_mean:   1.0000	test_ep_length_mean:     200.0000
test_episode_length_mean:199.0000	test_red_team_alives_mean: 13.2000	test_red_team_win_mean:    0.0000	test_return_mean:         -0.8771
test_return_std:           0.0000	
2026-08-10 03:37:50,687 - my_experiment - bat_HybridComm_static_44 - my_run - INFO - t_env: 3800200 / 5050000
2026-08-10 03:37:50,688 - my_experiment - bat_HybridComm_static_44 - my_run - INFO - Estimated time left: 2 hours, 49 minutes, 27 seconds. Time passed: 8 hours, 39 minutes, 20 seconds
2026-08-10 03:44:45,914 - my_experiment - bat_HybridComm_static_44 - my_run - INFO - Recent Stats | t_env:    3850000 | Episode:    19250
blue_team_alives_mean:    19.6120	blue_team_win_mean:        0.9160	ep_length_mean:          200.0000	episode_length_mean:     199.0000
epsilon:                   0.0500	grad_norm:               997.1724	info_nce_loss:             0.2190	loss:                      2.0852
q_loss:                    1.8957	red_team_alives_mean:     13.8280	red_team_win_mean:         0.0160	return_mean:              -1.6020
return_std:                0.8369	test_blue_team_alives_mean: 20.0000	test_blue_team_win_mean:   0.8000	test_ep_length_mean:     200.0000
test_episode_length_mean:199.0000	test_red_team_alives_mean: 15.0000	test_red_team_win_mean:    0.0000	test_return_mean:         -0.9015
test_return_std:           0.0000	
2026-08-10 03:44:47,534 - my_experiment - bat_HybridComm_static_44 - my_run - INFO - t_env: 3850200 / 5050000
2026-08-10 03:44:47,536 - my_experiment - bat_HybridComm_static_44 - my_run - INFO - Estimated time left: 2 hours, 46 minutes, 42 seconds. Time passed: 8 hours, 46 minutes, 16 seconds
2026-08-10 03:51:32,772 - my_experiment - bat_HybridComm_static_44 - my_run - INFO - Recent Stats | t_env:    3900000 | Episode:    19500
blue_team_alives_mean:    19.4640	blue_team_win_mean:        0.9720	ep_length_mean:          200.0000	episode_length_mean:     199.0000
epsilon:                   0.0500	grad_norm:               1383.2000	info_nce_loss:             0.2104	loss:                      2.9679
q_loss:                    2.6981	red_team_alives_mean:     11.3520	red_team_win_mean:         0.0280	return_mean:              -1.0905
return_std:                0.4256	test_blue_team_alives_mean: 20.0000	test_blue_team_win_mean:   0.8000	test_ep_length_mean:     200.0000
test_episode_length_mean:199.0000	test_red_team_alives_mean: 15.6000	test_red_team_win_mean:    0.0000	test_return_mean:         -0.9590
test_return_std:           0.0000	
2026-08-10 03:51:34,396 - my_experiment - bat_HybridComm_static_44 - my_run - INFO - t_env: 3900200 / 5050000
2026-08-10 03:51:34,397 - my_experiment - bat_HybridComm_static_44 - my_run - INFO - Estimated time left: 2 hours, 35 minutes, 56 seconds. Time passed: 8 hours, 53 minutes, 3 seconds
2026-08-10 03:58:16,731 - my_experiment - bat_HybridComm_static_44 - my_run - INFO - Recent Stats | t_env:    3950000 | Episode:    19750
blue_team_alives_mean:    19.8680	blue_team_win_mean:        0.8320	ep_length_mean:          200.0000	episode_length_mean:     199.0000
epsilon:                   0.0500	grad_norm:               875.0006	info_nce_loss:             0.2264	loss:                      2.5432
q_loss:                    2.3120	red_team_alives_mean:     13.3960	red_team_win_mean:         0.0080	return_mean:              -1.2042
return_std:                0.3543	test_blue_team_alives_mean: 20.0000	test_blue_team_win_mean:   0.8000	test_ep_length_mean:     200.0000
test_episode_length_mean:199.0000	test_red_team_alives_mean: 16.2000	test_red_team_win_mean:    0.0000	test_return_mean:         -1.0225
test_return_std:           0.0000	
2026-08-10 03:58:18,455 - my_experiment - bat_HybridComm_static_44 - my_run - INFO - t_env: 3950200 / 5050000
2026-08-10 03:58:18,456 - my_experiment - bat_HybridComm_static_44 - my_run - INFO - Estimated time left: 2 hours, 28 minutes, 7 seconds. Time passed: 8 hours, 59 minutes, 47 seconds
2026-08-10 04:05:08,145 - my_experiment - bat_HybridComm_static_44 - my_run - INFO - Recent Stats | t_env:    4000000 | Episode:    20000
blue_team_alives_mean:    19.9880	blue_team_win_mean:        0.9680	ep_length_mean:          200.0000	episode_length_mean:     199.0000
epsilon:                   0.0500	grad_norm:               1255.3365	info_nce_loss:             0.2214	loss:                      2.2832
q_loss:                    2.0756	red_team_alives_mean:     12.1920	red_team_win_mean:         0.0000	return_mean:              -1.0324
return_std:                0.1888	test_blue_team_alives_mean: 20.0000	test_blue_team_win_mean:   0.8000	test_ep_length_mean:     200.0000
test_episode_length_mean:199.0000	test_red_team_alives_mean: 15.2000	test_red_team_win_mean:    0.0000	test_return_mean:         -1.0282
test_return_std:           0.0000	
2026-08-10 04:05:09,716 - my_experiment - bat_HybridComm_static_44 - my_run - INFO - t_env: 4000200 / 5050000
2026-08-10 04:05:09,718 - my_experiment - bat_HybridComm_static_44 - my_run - INFO - Estimated time left: 2 hours, 23 minutes, 54 seconds. Time passed: 9 hours, 6 minutes, 39 seconds
2026-08-10 04:05:10,491 - my_experiment - bat_HybridComm_static_44 - my_run - INFO - Saving models to work_dirs/my_experiment/bat_HybridComm_static_44/my_run/20260809_185810/models/4000200
2026-08-10 04:11:55,281 - my_experiment - bat_HybridComm_static_44 - my_run - INFO - Recent Stats | t_env:    4050000 | Episode:    20250
blue_team_alives_mean:    19.9840	blue_team_win_mean:        0.9080	ep_length_mean:          200.0000	episode_length_mean:     199.0000
epsilon:                   0.0500	grad_norm:               446.9933	info_nce_loss:             0.1229	loss:                      0.7775
q_loss:                    0.7068	red_team_alives_mean:     12.2960	red_team_win_mean:         0.0000	return_mean:              -1.0178
return_std:                0.1812	test_blue_team_alives_mean: 20.0000	test_blue_team_win_mean:   0.8000	test_ep_length_mean:     200.0000
test_episode_length_mean:199.0000	test_red_team_alives_mean: 15.6000	test_red_team_win_mean:    0.0000	test_return_mean:         -1.0151
test_return_std:           0.0000	
2026-08-10 04:11:56,919 - my_experiment - bat_HybridComm_static_44 - my_run - INFO - t_env: 4050200 / 5050000
2026-08-10 04:11:56,921 - my_experiment - bat_HybridComm_static_44 - my_run - INFO - Estimated time left: 2 hours, 15 minutes, 42 seconds. Time passed: 9 hours, 13 minutes, 26 seconds
2026-08-10 04:18:54,616 - my_experiment - bat_HybridComm_static_44 - my_run - INFO - Recent Stats | t_env:    4100000 | Episode:    20500
blue_team_alives_mean:    20.0000	blue_team_win_mean:        1.0000	ep_length_mean:          200.0000	episode_length_mean:     199.0000
epsilon:                   0.0500	grad_norm:               406.5333	info_nce_loss:             0.2693	loss:                      0.7363
q_loss:                    0.6694	red_team_alives_mean:     10.4960	red_team_win_mean:         0.0000	return_mean:              -0.9141
return_std:                0.1209	test_blue_team_alives_mean: 20.0000	test_blue_team_win_mean:   1.0000	test_ep_length_mean:     200.0000
test_episode_length_mean:199.0000	test_red_team_alives_mean: 13.8000	test_red_team_win_mean:    0.0000	test_return_mean:         -0.9535
test_return_std:           0.0000	
2026-08-10 04:18:56,241 - my_experiment - bat_HybridComm_static_44 - my_run - INFO - t_env: 4100200 / 5050000
2026-08-10 04:18:56,242 - my_experiment - bat_HybridComm_static_44 - my_run - INFO - Estimated time left: 2 hours, 12 minutes, 45 seconds. Time passed: 9 hours, 20 minutes, 25 seconds
2026-08-10 04:25:44,364 - my_experiment - bat_HybridComm_static_44 - my_run - INFO - Recent Stats | t_env:    4150000 | Episode:    20750
blue_team_alives_mean:    19.8960	blue_team_win_mean:        0.8240	ep_length_mean:          200.0000	episode_length_mean:     199.0000
epsilon:                   0.0500	grad_norm:               734.0493	info_nce_loss:             0.2210	loss:                      1.9719
q_loss:                    1.7927	red_team_alives_mean:     13.7040	red_team_win_mean:         0.0160	return_mean:              -1.2265
return_std:                0.4277	test_blue_team_alives_mean: 20.0000	test_blue_team_win_mean:   1.0000	test_ep_length_mean:     200.0000
test_episode_length_mean:199.0000	test_red_team_alives_mean: 14.2000	test_red_team_win_mean:    0.0000	test_return_mean:         -0.9458
test_return_std:           0.0000	
2026-08-10 04:25:45,908 - my_experiment - bat_HybridComm_static_44 - my_run - INFO - t_env: 4150200 / 5050000
2026-08-10 04:25:45,909 - my_experiment - bat_HybridComm_static_44 - my_run - INFO - Estimated time left: 2 hours, 2 minutes, 52 seconds. Time passed: 9 hours, 27 minutes, 15 seconds
2026-08-10 04:32:31,394 - my_experiment - bat_HybridComm_static_44 - my_run - INFO - Recent Stats | t_env:    4200000 | Episode:    21000
blue_team_alives_mean:    20.0000	blue_team_win_mean:        0.9360	ep_length_mean:          200.0000	episode_length_mean:     199.0000
epsilon:                   0.0500	grad_norm:               950.0873	info_nce_loss:             0.3091	loss:                      2.6381
q_loss:                    2.3982	red_team_alives_mean:     13.7040	red_team_win_mean:         0.0000	return_mean:              -1.0916
return_std:                0.1718	test_blue_team_alives_mean: 20.0000	test_blue_team_win_mean:   0.8000	test_ep_length_mean:     200.0000
test_episode_length_mean:199.0000	test_red_team_alives_mean: 14.6000	test_red_team_win_mean:    0.0000	test_return_mean:         -0.8831
test_return_std:           0.0000	
2026-08-10 04:32:33,092 - my_experiment - bat_HybridComm_static_44 - my_run - INFO - t_env: 4200200 / 5050000
2026-08-10 04:32:33,094 - my_experiment - bat_HybridComm_static_44 - my_run - INFO - Estimated time left: 1 hours, 55 minutes, 20 seconds. Time passed: 9 hours, 34 minutes, 2 seconds
2026-08-10 04:39:21,619 - my_experiment - bat_HybridComm_static_44 - my_run - INFO - Recent Stats | t_env:    4250000 | Episode:    21250
blue_team_alives_mean:    20.0000	blue_team_win_mean:        0.9800	ep_length_mean:          200.0000	episode_length_mean:     199.0000
epsilon:                   0.0500	grad_norm:               979.0895	info_nce_loss:             0.1661	loss:                      2.2076
q_loss:                    2.0069	red_team_alives_mean:     12.0560	red_team_win_mean:         0.0000	return_mean:              -0.9989
return_std:                0.1524	test_blue_team_alives_mean: 20.0000	test_blue_team_win_mean:   0.8000	test_ep_length_mean:     200.0000
test_episode_length_mean:199.0000	test_red_team_alives_mean: 14.8000	test_red_team_win_mean:    0.0000	test_return_mean:         -0.8656
test_return_std:           0.0000	
2026-08-10 04:39:23,160 - my_experiment - bat_HybridComm_static_44 - my_run - INFO - t_env: 4250200 / 5050000
2026-08-10 04:39:23,161 - my_experiment - bat_HybridComm_static_44 - my_run - INFO - Estimated time left: 1 hours, 49 minutes, 19 seconds. Time passed: 9 hours, 40 minutes, 52 seconds
2026-08-10 04:46:08,156 - my_experiment - bat_HybridComm_static_44 - my_run - INFO - Recent Stats | t_env:    4300000 | Episode:    21500
blue_team_alives_mean:    19.9920	blue_team_win_mean:        0.9480	ep_length_mean:          200.0000	episode_length_mean:     199.0000
epsilon:                   0.0500	grad_norm:               496.1397	info_nce_loss:             0.1796	loss:                      1.5238
q_loss:                    1.3853	red_team_alives_mean:     12.6920	red_team_win_mean:         0.0000	return_mean:              -1.0506
return_std:                0.1810	test_blue_team_alives_mean: 20.0000	test_blue_team_win_mean:   0.8000	test_ep_length_mean:     200.0000
test_episode_length_mean:199.0000	test_red_team_alives_mean: 14.6000	test_red_team_win_mean:    0.0000	test_return_mean:         -0.8669
test_return_std:           0.0000	
2026-08-10 04:46:09,742 - my_experiment - bat_HybridComm_static_44 - my_run - INFO - t_env: 4300200 / 5050000
2026-08-10 04:46:09,743 - my_experiment - bat_HybridComm_static_44 - my_run - INFO - Estimated time left: 1 hours, 41 minutes, 37 seconds. Time passed: 9 hours, 47 minutes, 39 seconds
2026-08-10 04:52:41,006 - my_experiment - bat_HybridComm_static_44 - my_run - INFO - Recent Stats | t_env:    4350000 | Episode:    21750
blue_team_alives_mean:    20.0000	blue_team_win_mean:        0.9200	ep_length_mean:          200.0000	episode_length_mean:     199.0000
epsilon:                   0.0500	grad_norm:               1009.2451	info_nce_loss:             0.2357	loss:                      1.3990
q_loss:                    1.2718	red_team_alives_mean:     12.9840	red_team_win_mean:         0.0000	return_mean:              -1.0415
return_std:                0.1979	test_blue_team_alives_mean: 20.0000	test_blue_team_win_mean:   0.6000	test_ep_length_mean:     200.0000
test_episode_length_mean:199.0000	test_red_team_alives_mean: 16.4000	test_red_team_win_mean:    0.0000	test_return_mean:         -0.9285
test_return_std:           0.0000	
2026-08-10 04:52:42,564 - my_experiment - bat_HybridComm_static_44 - my_run - INFO - t_env: 4350200 / 5050000
2026-08-10 04:52:42,565 - my_experiment - bat_HybridComm_static_44 - my_run - INFO - Estimated time left: 1 hours, 31 minutes, 37 seconds. Time passed: 9 hours, 54 minutes, 11 seconds
2026-08-10 04:59:27,578 - my_experiment - bat_HybridComm_static_44 - my_run - INFO - Recent Stats | t_env:    4400000 | Episode:    22000
blue_team_alives_mean:    19.9480	blue_team_win_mean:        0.7520	ep_length_mean:          200.0000	episode_length_mean:     199.0000
epsilon:                   0.0500	grad_norm:               1527.2308	info_nce_loss:             0.2843	loss:                      2.3884
q_loss:                    2.1713	red_team_alives_mean:     14.6240	red_team_win_mean:         0.0040	return_mean:              -1.2446
return_std:                0.3000	test_blue_team_alives_mean: 20.0000	test_blue_team_win_mean:   0.4000	test_ep_length_mean:     200.0000
test_episode_length_mean:199.0000	test_red_team_alives_mean: 17.2000	test_red_team_win_mean:    0.0000	test_return_mean:         -0.9527
test_return_std:           0.0000	
2026-08-10 04:59:29,372 - my_experiment - bat_HybridComm_static_44 - my_run - INFO - t_env: 4400200 / 5050000
2026-08-10 04:59:29,373 - my_experiment - bat_HybridComm_static_44 - my_run - INFO - Estimated time left: 1 hours, 28 minutes, 6 seconds. Time passed: 10 hours, 58 seconds
2026-08-10 05:06:01,969 - my_experiment - bat_HybridComm_static_44 - my_run - INFO - Recent Stats | t_env:    4450000 | Episode:    22250
blue_team_alives_mean:    19.9600	blue_team_win_mean:        0.6920	ep_length_mean:          200.0000	episode_length_mean:     199.0000
epsilon:                   0.0500	grad_norm:               636.9558	info_nce_loss:             0.2669	loss:                      1.4570
q_loss:                    1.3246	red_team_alives_mean:     15.2040	red_team_win_mean:         0.0040	return_mean:              -1.2060
return_std:                0.2447	test_blue_team_alives_mean: 20.0000	test_blue_team_win_mean:   0.6000	test_ep_length_mean:     200.0000
test_episode_length_mean:199.0000	test_red_team_alives_mean: 16.8000	test_red_team_win_mean:    0.0000	test_return_mean:         -0.9525
test_return_std:           0.0000	
2026-08-10 05:06:03,523 - my_experiment - bat_HybridComm_static_44 - my_run - INFO - t_env: 4450200 / 5050000
2026-08-10 05:06:03,525 - my_experiment - bat_HybridComm_static_44 - my_run - INFO - Estimated time left: 1 hours, 18 minutes, 48 seconds. Time passed: 10 hours, 7 minutes, 32 seconds
2026-08-10 05:12:50,948 - my_experiment - bat_HybridComm_static_44 - my_run - INFO - Recent Stats | t_env:    4500000 | Episode:    22500
blue_team_alives_mean:    19.7480	blue_team_win_mean:        0.6920	ep_length_mean:          200.0000	episode_length_mean:     199.0000
epsilon:                   0.0500	grad_norm:               924.2947	info_nce_loss:             0.1909	loss:                      1.1329
q_loss:                    1.0299	red_team_alives_mean:     15.9840	red_team_win_mean:         0.0200	return_mean:              -1.5644
return_std:                0.6884	test_blue_team_alives_mean: 20.0000	test_blue_team_win_mean:   0.6000	test_ep_length_mean:     200.0000
test_episode_length_mean:199.0000	test_red_team_alives_mean: 16.6000	test_red_team_win_mean:    0.0000	test_return_mean:         -1.0493
test_return_std:           0.0000	
2026-08-10 05:12:52,579 - my_experiment - bat_HybridComm_static_44 - my_run - INFO - t_env: 4500200 / 5050000
2026-08-10 05:12:52,580 - my_experiment - bat_HybridComm_static_44 - my_run - INFO - Estimated time left: 1 hours, 14 minutes, 57 seconds. Time passed: 10 hours, 14 minutes, 21 seconds
2026-08-10 05:12:53,340 - my_experiment - bat_HybridComm_static_44 - my_run - INFO - Saving models to work_dirs/my_experiment/bat_HybridComm_static_44/my_run/20260809_185810/models/4500200
2026-08-10 05:19:38,922 - my_experiment - bat_HybridComm_static_44 - my_run - INFO - Recent Stats | t_env:    4550000 | Episode:    22750
blue_team_alives_mean:    19.9760	blue_team_win_mean:        1.0000	ep_length_mean:          200.0000	episode_length_mean:     199.0000
epsilon:                   0.0500	grad_norm:               660.6725	info_nce_loss:             0.3380	loss:                      0.6167
q_loss:                    0.5607	red_team_alives_mean:     11.2200	red_team_win_mean:         0.0000	return_mean:              -0.9611
return_std:                0.1326	test_blue_team_alives_mean: 20.0000	test_blue_team_win_mean:   0.6000	test_ep_length_mean:     200.0000
test_episode_length_mean:199.0000	test_red_team_alives_mean: 16.2000	test_red_team_win_mean:    0.0000	test_return_mean:         -1.0193
test_return_std:           0.0000	
2026-08-10 05:19:40,540 - my_experiment - bat_HybridComm_static_44 - my_run - INFO - t_env: 4550200 / 5050000
2026-08-10 05:19:40,542 - my_experiment - bat_HybridComm_static_44 - my_run - INFO - Estimated time left: 1 hours, 7 minutes, 57 seconds. Time passed: 10 hours, 21 minutes, 9 seconds
2026-08-10 05:26:31,023 - my_experiment - bat_HybridComm_static_44 - my_run - INFO - Recent Stats | t_env:    4600000 | Episode:    23000
blue_team_alives_mean:    19.9800	blue_team_win_mean:        0.9960	ep_length_mean:          200.0000	episode_length_mean:     199.0000
epsilon:                   0.0500	grad_norm:               509.4696	info_nce_loss:             0.2114	loss:                      0.5588
q_loss:                    0.5080	red_team_alives_mean:     11.1560	red_team_win_mean:         0.0000	return_mean:              -0.9339
return_std:                0.1190	test_blue_team_alives_mean: 20.0000	test_blue_team_win_mean:   0.8000	test_ep_length_mean:     200.0000
test_episode_length_mean:199.0000	test_red_team_alives_mean: 14.0000	test_red_team_win_mean:    0.0000	test_return_mean:         -0.9635
test_return_std:           0.0000	
2026-08-10 05:26:32,576 - my_experiment - bat_HybridComm_static_44 - my_run - INFO - t_env: 4600200 / 5050000
2026-08-10 05:26:32,578 - my_experiment - bat_HybridComm_static_44 - my_run - INFO - Estimated time left: 1 hours, 1 minutes, 46 seconds. Time passed: 10 hours, 28 minutes, 1 seconds
2026-08-10 05:33:18,904 - my_experiment - bat_HybridComm_static_44 - my_run - INFO - Recent Stats | t_env:    4650000 | Episode:    23250
blue_team_alives_mean:    19.9000	blue_team_win_mean:        0.9560	ep_length_mean:          200.0000	episode_length_mean:     199.0000
epsilon:                   0.0500	grad_norm:               918.6825	info_nce_loss:             0.2297	loss:                      1.8619
q_loss:                    1.6927	red_team_alives_mean:     11.2640	red_team_win_mean:         0.0000	return_mean:              -0.9549
return_std:                0.1803	test_blue_team_alives_mean: 20.0000	test_blue_team_win_mean:   1.0000	test_ep_length_mean:     200.0000
test_episode_length_mean:199.0000	test_red_team_alives_mean: 12.8000	test_red_team_win_mean:    0.0000	test_return_mean:         -0.9285
test_return_std:           0.0000	
2026-08-10 05:33:20,588 - my_experiment - bat_HybridComm_static_44 - my_run - INFO - t_env: 4650200 / 5050000
2026-08-10 05:33:20,590 - my_experiment - bat_HybridComm_static_44 - my_run - INFO - Estimated time left: 54 minutes, 22 seconds. Time passed: 10 hours, 34 minutes, 50 seconds
2026-08-10 05:40:18,507 - my_experiment - bat_HybridComm_static_44 - my_run - INFO - Recent Stats | t_env:    4700000 | Episode:    23500
blue_team_alives_mean:    19.8000	blue_team_win_mean:        0.5640	ep_length_mean:          200.0000	episode_length_mean:     199.0000
epsilon:                   0.0500	grad_norm:               852.2900	info_nce_loss:             0.3178	loss:                      3.2227
q_loss:                    2.9297	red_team_alives_mean:     17.2960	red_team_win_mean:         0.0200	return_mean:              -1.6930
return_std:                0.6630	test_blue_team_alives_mean: 20.0000	test_blue_team_win_mean:   0.8000	test_ep_length_mean:     200.0000
test_episode_length_mean:199.0000	test_red_team_alives_mean: 13.2000	test_red_team_win_mean:    0.0000	test_return_mean:         -0.9286
test_return_std:           0.0000	
2026-08-10 05:40:20,050 - my_experiment - bat_HybridComm_static_44 - my_run - INFO - t_env: 4700200 / 5050000
2026-08-10 05:40:20,052 - my_experiment - bat_HybridComm_static_44 - my_run - INFO - Estimated time left: 48 minutes, 54 seconds. Time passed: 10 hours, 41 minutes, 49 seconds
2026-08-10 05:46:55,006 - my_experiment - bat_HybridComm_static_44 - my_run - INFO - Recent Stats | t_env:    4750000 | Episode:    23750
blue_team_alives_mean:    19.9120	blue_team_win_mean:        0.6480	ep_length_mean:          200.0000	episode_length_mean:     199.0000
epsilon:                   0.0500	grad_norm:               2696.4479	info_nce_loss:             0.1469	loss:                      6.0090
q_loss:                    5.4627	red_team_alives_mean:     16.7440	red_team_win_mean:         0.0000	return_mean:              -1.3083
return_std:                0.1981	test_blue_team_alives_mean: 20.0000	test_blue_team_win_mean:   0.6000	test_ep_length_mean:     200.0000
test_episode_length_mean:199.0000	test_red_team_alives_mean: 14.6000	test_red_team_win_mean:    0.0000	test_return_mean:         -0.8467
test_return_std:           0.0000	
2026-08-10 05:46:56,684 - my_experiment - bat_HybridComm_static_44 - my_run - INFO - t_env: 4750200 / 5050000
2026-08-10 05:46:56,686 - my_experiment - bat_HybridComm_static_44 - my_run - INFO - Estimated time left: 39 minutes, 38 seconds. Time passed: 10 hours, 48 minutes, 26 seconds
2026-08-10 05:53:36,076 - my_experiment - bat_HybridComm_static_44 - my_run - INFO - Recent Stats | t_env:    4800000 | Episode:    24000
blue_team_alives_mean:    19.5000	blue_team_win_mean:        0.6640	ep_length_mean:          200.0000	episode_length_mean:     199.0000
epsilon:                   0.0500	grad_norm:               1015.8044	info_nce_loss:             0.3199	loss:                      1.7407
q_loss:                    1.5824	red_team_alives_mean:     16.5120	red_team_win_mean:         0.0320	return_mean:              -1.2269
return_std:                0.2956	test_blue_team_alives_mean: 20.0000	test_blue_team_win_mean:   0.6000	test_ep_length_mean:     200.0000
test_episode_length_mean:199.0000	test_red_team_alives_mean: 16.4000	test_red_team_win_mean:    0.0000	test_return_mean:         -0.9104
test_return_std:           0.0000	
2026-08-10 05:53:37,626 - my_experiment - bat_HybridComm_static_44 - my_run - INFO - t_env: 4800200 / 5050000
2026-08-10 05:53:37,628 - my_experiment - bat_HybridComm_static_44 - my_run - INFO - Estimated time left: 33 minutes, 23 seconds. Time passed: 10 hours, 55 minutes, 7 seconds
2026-08-10 06:00:26,146 - my_experiment - bat_HybridComm_static_44 - my_run - INFO - Recent Stats | t_env:    4850000 | Episode:    24250
blue_team_alives_mean:    19.5320	blue_team_win_mean:        0.5480	ep_length_mean:          200.0000	episode_length_mean:     199.0000
epsilon:                   0.0500	grad_norm:               759.8928	info_nce_loss:             0.0835	loss:                      2.0025
q_loss:                    1.8205	red_team_alives_mean:     16.5600	red_team_win_mean:         0.0520	return_mean:              -1.3857
return_std:                0.4327	test_blue_team_alives_mean: 20.0000	test_blue_team_win_mean:   0.4000	test_ep_length_mean:     200.0000
test_episode_length_mean:199.0000	test_red_team_alives_mean: 18.6000	test_red_team_win_mean:    0.0000	test_return_mean:         -0.9662
test_return_std:           0.0000	
2026-08-10 06:00:27,885 - my_experiment - bat_HybridComm_static_44 - my_run - INFO - t_env: 4850200 / 5050000
2026-08-10 06:00:27,886 - my_experiment - bat_HybridComm_static_44 - my_run - INFO - Estimated time left: 27 minutes, 19 seconds. Time passed: 11 hours, 1 minutes, 57 seconds
2026-08-10 06:07:14,278 - my_experiment - bat_HybridComm_static_44 - my_run - INFO - Recent Stats | t_env:    4900000 | Episode:    24500
blue_team_alives_mean:    19.9280	blue_team_win_mean:        0.4880	ep_length_mean:          200.0000	episode_length_mean:     199.0000
epsilon:                   0.0500	grad_norm:               1514.6861	info_nce_loss:             0.3361	loss:                      3.5040
q_loss:                    3.1854	red_team_alives_mean:     17.3360	red_team_win_mean:         0.0040	return_mean:              -1.2889
return_std:                0.1653	test_blue_team_alives_mean: 20.0000	test_blue_team_win_mean:   0.2000	test_ep_length_mean:     200.0000
test_episode_length_mean:199.0000	test_red_team_alives_mean: 19.8000	test_red_team_win_mean:    0.0000	test_return_mean:         -1.0003
test_return_std:           0.0000	
2026-08-10 06:07:15,954 - my_experiment - bat_HybridComm_static_44 - my_run - INFO - t_env: 4900200 / 5050000
2026-08-10 06:07:15,956 - my_experiment - bat_HybridComm_static_44 - my_run - INFO - Estimated time left: 20 minutes, 22 seconds. Time passed: 11 hours, 8 minutes, 45 seconds
2026-08-10 06:13:48,517 - my_experiment - bat_HybridComm_static_44 - my_run - INFO - Recent Stats | t_env:    4950000 | Episode:    24750
blue_team_alives_mean:    19.4800	blue_team_win_mean:        0.6920	ep_length_mean:          200.0000	episode_length_mean:     199.0000
epsilon:                   0.0500	grad_norm:               846.1277	info_nce_loss:             0.2102	loss:                      1.8843
q_loss:                    1.7130	red_team_alives_mean:     15.3080	red_team_win_mean:         0.0080	return_mean:              -1.2872
return_std:                0.3935	test_blue_team_alives_mean: 20.0000	test_blue_team_win_mean:   0.4000	test_ep_length_mean:     200.0000
test_episode_length_mean:199.0000	test_red_team_alives_mean: 18.8000	test_red_team_win_mean:    0.0000	test_return_mean:         -1.0040
test_return_std:           0.0000	
2026-08-10 06:13:50,020 - my_experiment - bat_HybridComm_static_44 - my_run - INFO - t_env: 4950200 / 5050000
2026-08-10 06:13:50,021 - my_experiment - bat_HybridComm_static_44 - my_run - INFO - Estimated time left: 13 minutes, 6 seconds. Time passed: 11 hours, 15 minutes, 19 seconds
2026-08-10 06:20:22,495 - my_experiment - bat_HybridComm_static_44 - my_run - INFO - Recent Stats | t_env:    5000000 | Episode:    25000
blue_team_alives_mean:    19.7160	blue_team_win_mean:        0.4840	ep_length_mean:          200.0000	episode_length_mean:     199.0000
epsilon:                   0.0500	grad_norm:               1618.4631	info_nce_loss:             0.2403	loss:                      2.7761
q_loss:                    2.5237	red_team_alives_mean:     17.3320	red_team_win_mean:         0.0080	return_mean:              -1.3438
return_std:                0.2709	test_blue_team_alives_mean: 20.0000	test_blue_team_win_mean:   0.4000	test_ep_length_mean:     200.0000
test_episode_length_mean:199.0000	test_red_team_alives_mean: 18.8000	test_red_team_win_mean:    0.0000	test_return_mean:         -1.0040
test_return_std:           0.0000	
2026-08-10 06:20:24,037 - my_experiment - bat_HybridComm_static_44 - my_run - INFO - t_env: 5000200 / 5050000
2026-08-10 06:20:24,038 - my_experiment - bat_HybridComm_static_44 - my_run - INFO - Estimated time left: 6 minutes, 32 seconds. Time passed: 11 hours, 21 minutes, 53 seconds
2026-08-10 06:20:24,810 - my_experiment - bat_HybridComm_static_44 - my_run - INFO - Saving models to work_dirs/my_experiment/bat_HybridComm_static_44/my_run/20260809_185810/models/5000200
2026-08-10 06:26:57,528 - my_experiment - bat_HybridComm_static_44 - my_run - INFO - Recent Stats | t_env:    5050000 | Episode:    25250
blue_team_alives_mean:    19.8280	blue_team_win_mean:        0.8760	ep_length_mean:          200.0000	episode_length_mean:     199.0000
epsilon:                   0.0500	grad_norm:               618.5060	info_nce_loss:             0.2456	loss:                      1.9318
q_loss:                    1.7562	red_team_alives_mean:     14.1240	red_team_win_mean:         0.0000	return_mean:              -1.1453
return_std:                0.2018	test_blue_team_alives_mean: 20.0000	test_blue_team_win_mean:   0.4000	test_ep_length_mean:     200.0000
test_episode_length_mean:199.0000	test_red_team_alives_mean: 17.8000	test_red_team_win_mean:    0.0000	test_return_mean:         -0.9875
test_return_std:           0.0000	
2026-08-10 06:26:59,084 - my_experiment - bat_HybridComm_static_44 - my_run - INFO - t_env: 5050200 / 5050000
2026-08-10 06:26:59,086 - my_experiment - bat_HybridComm_static_44 - my_run - INFO - Estimated time left: -. Time passed: 11 hours, 28 minutes, 28 seconds
2026-08-10 06:26:59,967 - my_experiment - bat_HybridComm_static_44 - my_run - INFO - Finished Training
