Gym has been unmaintained since 2022 and does not support NumPy 2.0 amongst other critical functionality.
Please upgrade to Gymnasium, the maintained drop-in replacement of Gym, or contact the authors of your software and request that they upgrade.
Users of this version of Gym should be able to simply replace 'import gym' with 'import gymnasium as gym' in the vast majority of cases.
See the migration guide at https://gymnasium.farama.org/introduction/migration_guide/ for additional information.
src/main.py:81: DeprecationWarning: Using or importing the ABCs from 'collections' instead of from 'collections.abc' is deprecated since Python 3.3, and in 3.10 it will stop working
  if isinstance(v, collections.Mapping):
wandb: [wandb.login()] Loaded credentials for https://api.wandb.ai from /home/pparsons/.netrc.
wandb: Currently logged in as: peterparsons02 (peterparsons02-eth-z-rich) to https://api.wandb.ai. Use `wandb login --relogin` to force relogin
wandb: setting up run awd65h46
wandb: Tracking run with wandb version 0.24.1
wandb: Run data is saved locally in /usr/itetnas04/data-scratch-01/pparsons/data/MyExpoComm/wandb/run-20260410_150133-awd65h46
wandb: Run `wandb offline` to turn off syncing.
wandb: Syncing run my_run-bat_60_IQL_RNN_5M_42-20260410_150132
wandb: ⭐️ View project at https://wandb.ai/peterparsons02-eth-z-rich/my_experiment
wandb: 🚀 View run at https://wandb.ai/peterparsons02-eth-z-rich/my_experiment/runs/awd65h46
2026-04-10 15:01:34,576 - my_experiment - bat_60_IQL_RNN_5M_42 - my_run - INFO - Current directory: /usr/itetnas04/data-scratch-01/pparsons/data/MyExpoComm.
2026-04-10 15:01:34,577 - my_experiment - bat_60_IQL_RNN_5M_42 - my_run - INFO - Experiment Parameters:
2026-04-10 15:01:34,578 - my_experiment - bat_60_IQL_RNN_5M_42 - my_run - INFO - 

{   'action_selector': 'epsilon_greedy',
    'add_value_last_step': True,
    'agent': 'rnn',
    'agent_output_type': 'q',
    'batch_size': 16,
    'batch_size_run': 1,
    'buffer_cpu_only': True,
    'buffer_size': 1000,
    'checkpoint_path': '',
    'double_q': True,
    'env': 'MAgent_Battle',
    'env_args': {   'global_reward': True,
                    'map_name': 'battle_view7',
                    'map_size': 60,
                    'max_cycles': 200,
                    'minimap_mode': False,
                    'pretrained_ckpt': None,
                    'seed': 42},
    'epsilon_anneal_time': 1000000,
    'epsilon_finish': 0.05,
    'epsilon_start': 1.0,
    'evaluate': False,
    'evaluation_epsilon': 0.0,
    'exp_name': 'my_experiment',
    'gamma': 0.99,
    'global_reward': True,
    'grad_norm_clip': 10,
    'hidden_dim': 64,
    'hypergroup': None,
    'label': 'default_label',
    'learner': 'q_learner',
    'learner_log_interval': 10000,
    'load_step': 0,
    'local_results_path': 'results',
    'log_interval': 50000,
    'lr': 0.0005,
    'mac': 'basic_mac',
    'mixer': None,
    'name': 'bat_60_IQL_RNN_5M_42',
    'obs_agent_id': True,
    'obs_individual_obs': False,
    'obs_last_action': True,
    'optim_alpha': 0.99,
    'optim_eps': 1e-05,
    'render': False,
    'repeat_id': 1,
    'run_name': 'my_run',
    'runner': 'episode',
    'runner_log_interval': 10000,
    'save_model': True,
    'save_model_interval': 500000,
    'save_replay': False,
    'seed': 42,
    'standardise_returns': False,
    'standardise_rewards': True,
    't_max': 5050000,
    'target_update_interval_or_tau': 200,
    'test_greedy': True,
    'test_interval': 50000,
    'test_nepisode': 1,
    'use_cuda': True,
    'use_rnn': True,
    'use_tensorboard': True,
    'work_dir': 'work_dirs/my_experiment/bat_60_IQL_RNN_5M_42/my_run/20260410_150132'}

/usr/itetnas04/data-scratch-01/pparsons/data/conda_envs/ExpoComm/lib/python3.8/site-packages/pettingzoo/utils/conversions.py:41: UserWarning: The `from_parallel` function is deprecated. Use the `parallel_to_aec` function instead.
  warnings.warn("The `from_parallel` function is deprecated. Use the `parallel_to_aec` function instead.")
/usr/itetnas04/data-scratch-01/pparsons/data/conda_envs/ExpoComm/lib/python3.8/site-packages/pettingzoo/utils/wrappers/base.py:44: UserWarning: The `observation_spaces` dictionary is deprecated. Use the `observation_space` function instead.
  warnings.warn("The `observation_spaces` dictionary is deprecated. Use the `observation_space` function instead.")
/usr/itetnas04/data-scratch-01/pparsons/data/conda_envs/ExpoComm/lib/python3.8/site-packages/pettingzoo/utils/conversions.py:36: UserWarning: The `to_parallel` function is deprecated. Use the `aec_to_parallel` function instead.
  warnings.warn("The `to_parallel` function is deprecated. Use the `aec_to_parallel` function instead.")
/usr/itetnas04/data-scratch-01/pparsons/data/conda_envs/ExpoComm/lib/python3.8/site-packages/pettingzoo/utils/conversions.py:80: UserWarning: The `action_spaces` dictionary is deprecated. Use the `action_space` function instead.
  warnings.warn("The `action_spaces` dictionary is deprecated. Use the `action_space` function instead.")
/usr/itetnas04/data-scratch-01/pparsons/data/conda_envs/ExpoComm/lib/python3.8/site-packages/pettingzoo/utils/wrappers/base.py:52: UserWarning: The `action_spaces` dictionary is deprecated. Use the `action_space` function instead.
  warnings.warn("The `action_spaces` dictionary is deprecated. Use the `action_space` function instead.")
/usr/itetnas04/data-scratch-01/pparsons/data/conda_envs/ExpoComm/lib/python3.8/site-packages/pettingzoo/utils/conversions.py:72: UserWarning: The `observation_spaces` dictionary is deprecated. Use the `observation_space` function instead.
  warnings.warn("The `observation_spaces` dictionary is deprecated. Use the `observation_space` function instead.")
2026-04-10 15:01:51,512 - my_experiment - bat_60_IQL_RNN_5M_42 - my_run - INFO - Beginning training for 5050000 timesteps
/usr/itetnas04/data-scratch-01/pparsons/data/MyExpoComm/src/envs/battle_wrappers.py:258: UserWarning: To copy construct from a tensor, it is recommended to use sourceTensor.clone().detach() or sourceTensor.clone().detach().requires_grad_(True), rather than torch.tensor(sourceTensor).
  actions = torch.tensor(actions, dtype=torch.long)
2026-04-10 15:01:57,452 - my_experiment - bat_60_IQL_RNN_5M_42 - my_run - INFO - t_env: 200 / 5050000
2026-04-10 15:01:57,452 - my_experiment - bat_60_IQL_RNN_5M_42 - my_run - INFO - Estimated time left: 9 minutes, 57 seconds. Time passed: 5 seconds
2026-04-10 15:02:02,797 - my_experiment - bat_60_IQL_RNN_5M_42 - my_run - INFO - Saving models to work_dirs/my_experiment/bat_60_IQL_RNN_5M_42/my_run/20260410_150132/models/200
2026-04-10 15:27:01,977 - my_experiment - bat_60_IQL_RNN_5M_42 - my_run - INFO - Recent Stats | t_env:      50000 | Episode:      250
blue_team_alives_mean:   143.9960	blue_team_win_mean:        0.0000	ep_length_mean:          200.0000	episode_length_mean:     199.0000
epsilon:                   0.9620	grad_norm:                 0.0598	loss:                      1.0171	q_taken_mean:              0.0003
red_team_alives_mean:    144.0000	red_team_win_mean:         0.0040	return_mean:              -8.5000	return_std:                0.0513
target_mean:               0.0009	td_error_abs:              0.8021	test_blue_team_alives_mean:144.0000	test_blue_team_win_mean:   0.0000
test_ep_length_mean:     200.0000	test_episode_length_mean:199.0000	test_red_team_alives_mean:144.0000	test_red_team_win_mean:    0.0000
test_return_mean:         -8.1444	test_return_std:           0.0000	
2026-04-10 15:27:08,051 - my_experiment - bat_60_IQL_RNN_5M_42 - my_run - INFO - t_env: 50200 / 5050000
2026-04-10 15:27:08,051 - my_experiment - bat_60_IQL_RNN_5M_42 - my_run - INFO - Estimated time left: 1 days, 17 hours, 57 minutes, 33 seconds. Time passed: 25 minutes, 16 seconds
2026-04-10 15:52:35,266 - my_experiment - bat_60_IQL_RNN_5M_42 - my_run - INFO - Recent Stats | t_env:     100000 | Episode:      500
blue_team_alives_mean:   144.0000	blue_team_win_mean:        0.0000	ep_length_mean:          200.0000	episode_length_mean:     199.0000
epsilon:                   0.9145	grad_norm:                 0.1132	loss:                      1.0285	q_taken_mean:              0.0028
red_team_alives_mean:    144.0000	red_team_win_mean:         0.0000	return_mean:              -8.1346	return_std:                0.0650
target_mean:               0.0031	td_error_abs:              0.8083	test_blue_team_alives_mean:144.0000	test_blue_team_win_mean:   0.0000
test_ep_length_mean:     200.0000	test_episode_length_mean:199.0000	test_red_team_alives_mean:144.0000	test_red_team_win_mean:    0.0000
test_return_mean:         -4.5722	test_return_std:           0.0000	
2026-04-10 15:52:41,367 - my_experiment - bat_60_IQL_RNN_5M_42 - my_run - INFO - t_env: 100200 / 5050000
2026-04-10 15:52:41,367 - my_experiment - bat_60_IQL_RNN_5M_42 - my_run - INFO - Estimated time left: 1 days, 18 hours, 9 minutes, 52 seconds. Time passed: 50 minutes, 49 seconds
2026-04-10 16:17:43,406 - my_experiment - bat_60_IQL_RNN_5M_42 - my_run - INFO - Recent Stats | t_env:     150000 | Episode:      750
blue_team_alives_mean:   143.6760	blue_team_win_mean:        0.0000	ep_length_mean:          200.0000	episode_length_mean:     199.0000
epsilon:                   0.8670	grad_norm:                 0.2096	loss:                      1.0505	q_taken_mean:              0.0061
red_team_alives_mean:    144.0000	red_team_win_mean:         0.2240	return_mean:              -7.7178	return_std:                0.0758
target_mean:               0.0065	td_error_abs:              0.8184	test_blue_team_alives_mean:144.0000	test_blue_team_win_mean:   0.0000
test_ep_length_mean:     200.0000	test_episode_length_mean:199.0000	test_red_team_alives_mean:144.0000	test_red_team_win_mean:    0.0000
test_return_mean:         -3.3815	test_return_std:           0.0000	
2026-04-10 16:17:49,570 - my_experiment - bat_60_IQL_RNN_5M_42 - my_run - INFO - t_env: 150200 / 5050000
2026-04-10 16:17:49,570 - my_experiment - bat_60_IQL_RNN_5M_42 - my_run - INFO - Estimated time left: 1 days, 17 hours, 3 minutes, 17 seconds. Time passed: 1 hours, 15 minutes, 58 seconds
2026-04-10 16:43:31,095 - my_experiment - bat_60_IQL_RNN_5M_42 - my_run - INFO - Recent Stats | t_env:     200000 | Episode:     1000
blue_team_alives_mean:   142.2600	blue_team_win_mean:        0.0000	ep_length_mean:          200.0000	episode_length_mean:     199.0000
epsilon:                   0.8195	grad_norm:                 0.7564	loss:                      1.1850	q_taken_mean:              0.0114
red_team_alives_mean:    144.0000	red_team_win_mean:         0.6720	return_mean:              -7.2249	return_std:                0.1062
target_mean:               0.0127	td_error_abs:              0.8272	test_blue_team_alives_mean:144.0000	test_blue_team_win_mean:   0.0000
test_ep_length_mean:     200.0000	test_episode_length_mean:199.0000	test_red_team_alives_mean:144.0000	test_red_team_win_mean:    0.0000
test_return_mean:         -2.7861	test_return_std:           0.0000	
2026-04-10 16:43:37,267 - my_experiment - bat_60_IQL_RNN_5M_42 - my_run - INFO - t_env: 200200 / 5050000
2026-04-10 16:43:37,267 - my_experiment - bat_60_IQL_RNN_5M_42 - my_run - INFO - Estimated time left: 1 days, 17 hours, 42 minutes, 0 seconds. Time passed: 1 hours, 41 minutes, 45 seconds
2026-04-10 17:09:12,907 - my_experiment - bat_60_IQL_RNN_5M_42 - my_run - INFO - Recent Stats | t_env:     250000 | Episode:     1250
blue_team_alives_mean:   141.7720	blue_team_win_mean:        0.0000	ep_length_mean:          200.0000	episode_length_mean:     199.0000
epsilon:                   0.7720	grad_norm:                 3.1633	loss:                      1.5123	q_taken_mean:              0.0213
red_team_alives_mean:    144.0000	red_team_win_mean:         0.7680	return_mean:              -6.7679	return_std:                0.1377
target_mean:               0.0238	td_error_abs:              0.8973	test_blue_team_alives_mean:139.4000	test_blue_team_win_mean:   0.0000
test_ep_length_mean:     200.0000	test_episode_length_mean:199.0000	test_red_team_alives_mean:144.0000	test_red_team_win_mean:    0.2000
test_return_mean:         -2.3233	test_return_std:           0.0000	
2026-04-10 17:09:19,081 - my_experiment - bat_60_IQL_RNN_5M_42 - my_run - INFO - t_env: 250200 / 5050000
2026-04-10 17:09:19,082 - my_experiment - bat_60_IQL_RNN_5M_42 - my_run - INFO - Estimated time left: 1 days, 17 hours, 6 minutes, 47 seconds. Time passed: 2 hours, 7 minutes, 27 seconds
2026-04-10 17:34:59,655 - my_experiment - bat_60_IQL_RNN_5M_42 - my_run - INFO - Recent Stats | t_env:     300000 | Episode:     1500
blue_team_alives_mean:   134.5720	blue_team_win_mean:        0.0000	ep_length_mean:          200.0000	episode_length_mean:     199.0000
epsilon:                   0.7245	grad_norm:                 2.7858	loss:                      1.8593	q_taken_mean:              0.0351
red_team_alives_mean:    144.0000	red_team_win_mean:         0.9760	return_mean:              -5.8347	return_std:                0.2905
target_mean:               0.0369	td_error_abs:              0.8728	test_blue_team_alives_mean:139.4000	test_blue_team_win_mean:   0.0000
test_ep_length_mean:     200.0000	test_episode_length_mean:199.0000	test_red_team_alives_mean:144.0000	test_red_team_win_mean:    0.2000
test_return_mean:         -0.8944	test_return_std:           0.0000	
2026-04-10 17:35:05,877 - my_experiment - bat_60_IQL_RNN_5M_42 - my_run - INFO - t_env: 300200 / 5050000
2026-04-10 17:35:05,878 - my_experiment - bat_60_IQL_RNN_5M_42 - my_run - INFO - Estimated time left: 1 days, 16 hours, 48 minutes, 59 seconds. Time passed: 2 hours, 33 minutes, 14 seconds
2026-04-10 18:00:32,443 - my_experiment - bat_60_IQL_RNN_5M_42 - my_run - INFO - Recent Stats | t_env:     350000 | Episode:     1750
blue_team_alives_mean:   112.9000	blue_team_win_mean:        0.0000	ep_length_mean:          200.0000	episode_length_mean:     199.0000
epsilon:                   0.6770	grad_norm:                 5.6986	loss:                      2.9336	q_taken_mean:              0.0499
red_team_alives_mean:    144.0000	red_team_win_mean:         1.0000	return_mean:              -4.2809	return_std:                0.3767
target_mean:               0.0517	td_error_abs:              0.9297	test_blue_team_alives_mean:139.4000	test_blue_team_win_mean:   0.0000
test_ep_length_mean:     200.0000	test_episode_length_mean:199.0000	test_red_team_alives_mean:144.0000	test_red_team_win_mean:    0.2000
test_return_mean:         -0.8944	test_return_std:           0.0000	
2026-04-10 18:00:38,598 - my_experiment - bat_60_IQL_RNN_5M_42 - my_run - INFO - t_env: 350200 / 5050000
2026-04-10 18:00:38,599 - my_experiment - bat_60_IQL_RNN_5M_42 - my_run - INFO - Estimated time left: 1 days, 16 hours, 1 minutes, 9 seconds. Time passed: 2 hours, 58 minutes, 47 seconds
2026-04-10 18:26:08,927 - my_experiment - bat_60_IQL_RNN_5M_42 - my_run - INFO - Recent Stats | t_env:     400000 | Episode:     2000
blue_team_alives_mean:   120.4320	blue_team_win_mean:        0.0000	ep_length_mean:          200.0000	episode_length_mean:     199.0000
epsilon:                   0.6295	grad_norm:                 8.7403	loss:                      3.1620	q_taken_mean:              0.0664
red_team_alives_mean:    143.9960	red_team_win_mean:         1.0000	return_mean:              -4.4392	return_std:                0.4740
target_mean:               0.0686	td_error_abs:              0.9451	test_blue_team_alives_mean:139.4000	test_blue_team_win_mean:   0.0000
test_ep_length_mean:     200.0000	test_episode_length_mean:199.0000	test_red_team_alives_mean:144.0000	test_red_team_win_mean:    0.2000
test_return_mean:         -0.8944	test_return_std:           0.0000	
2026-04-10 18:26:15,065 - my_experiment - bat_60_IQL_RNN_5M_42 - my_run - INFO - t_env: 400200 / 5050000
2026-04-10 18:26:15,066 - my_experiment - bat_60_IQL_RNN_5M_42 - my_run - INFO - Estimated time left: 1 days, 15 hours, 41 minutes, 25 seconds. Time passed: 3 hours, 24 minutes, 23 seconds
2026-04-10 18:51:39,045 - my_experiment - bat_60_IQL_RNN_5M_42 - my_run - INFO - Recent Stats | t_env:     450000 | Episode:     2250
blue_team_alives_mean:   122.9680	blue_team_win_mean:        0.0000	ep_length_mean:          200.0000	episode_length_mean:     199.0000
epsilon:                   0.5820	grad_norm:                16.4604	loss:                      3.8809	q_taken_mean:              0.0812
red_team_alives_mean:    144.0000	red_team_win_mean:         0.9960	return_mean:              -4.2967	return_std:                0.5625
target_mean:               0.0850	td_error_abs:              1.0229	test_blue_team_alives_mean:139.4000	test_blue_team_win_mean:   0.0000
test_ep_length_mean:     200.0000	test_episode_length_mean:199.0000	test_red_team_alives_mean:144.0000	test_red_team_win_mean:    0.2000
test_return_mean:         -0.8960	test_return_std:           0.0000	
2026-04-10 18:51:45,021 - my_experiment - bat_60_IQL_RNN_5M_42 - my_run - INFO - t_env: 450200 / 5050000
2026-04-10 18:51:45,021 - my_experiment - bat_60_IQL_RNN_5M_42 - my_run - INFO - Estimated time left: 1 days, 15 hours, 5 minutes, 49 seconds. Time passed: 3 hours, 49 minutes, 53 seconds
2026-04-10 19:17:08,525 - my_experiment - bat_60_IQL_RNN_5M_42 - my_run - INFO - Recent Stats | t_env:     500000 | Episode:     2500
blue_team_alives_mean:   118.2880	blue_team_win_mean:        0.0000	ep_length_mean:          200.0000	episode_length_mean:     199.0000
epsilon:                   0.5345	grad_norm:                 9.4133	loss:                      3.7034	q_taken_mean:              0.0983
red_team_alives_mean:    144.0000	red_team_win_mean:         1.0000	return_mean:              -3.7178	return_std:                0.7195
target_mean:               0.1000	td_error_abs:              0.8643	test_blue_team_alives_mean:144.0000	test_blue_team_win_mean:   0.0000
test_ep_length_mean:     200.0000	test_episode_length_mean:199.0000	test_red_team_alives_mean:144.0000	test_red_team_win_mean:    0.0000
test_return_mean:         -1.0015	test_return_std:           0.0000	
2026-04-10 19:17:14,705 - my_experiment - bat_60_IQL_RNN_5M_42 - my_run - INFO - t_env: 500200 / 5050000
2026-04-10 19:17:14,706 - my_experiment - bat_60_IQL_RNN_5M_42 - my_run - INFO - Estimated time left: 1 days, 14 hours, 39 minutes, 55 seconds. Time passed: 4 hours, 15 minutes, 23 seconds
2026-04-10 19:17:20,224 - my_experiment - bat_60_IQL_RNN_5M_42 - my_run - INFO - Saving models to work_dirs/my_experiment/bat_60_IQL_RNN_5M_42/my_run/20260410_150132/models/500200
2026-04-10 19:42:26,059 - my_experiment - bat_60_IQL_RNN_5M_42 - my_run - INFO - Recent Stats | t_env:     550000 | Episode:     2750
blue_team_alives_mean:   111.6480	blue_team_win_mean:        0.0000	ep_length_mean:          200.0000	episode_length_mean:     199.0000
epsilon:                   0.4870	grad_norm:                 7.0412	loss:                      3.8658	q_taken_mean:              0.1134
red_team_alives_mean:    144.0000	red_team_win_mean:         1.0000	return_mean:              -3.2217	return_std:                0.7088
target_mean:               0.1150	td_error_abs:              0.8220	test_blue_team_alives_mean:143.4000	test_blue_team_win_mean:   0.0000
test_ep_length_mean:     200.0000	test_episode_length_mean:199.0000	test_red_team_alives_mean:144.0000	test_red_team_win_mean:    0.2000
test_return_mean:         -1.1236	test_return_std:           0.0000	
2026-04-10 19:42:32,122 - my_experiment - bat_60_IQL_RNN_5M_42 - my_run - INFO - t_env: 550200 / 5050000
2026-04-10 19:42:32,123 - my_experiment - bat_60_IQL_RNN_5M_42 - my_run - INFO - Estimated time left: 1 days, 13 hours, 56 minutes, 1 seconds. Time passed: 4 hours, 40 minutes, 40 seconds
2026-04-10 20:07:10,919 - my_experiment - bat_60_IQL_RNN_5M_42 - my_run - INFO - Recent Stats | t_env:     600000 | Episode:     3000
blue_team_alives_mean:    91.8760	blue_team_win_mean:        0.0000	ep_length_mean:          200.0000	episode_length_mean:     199.0000
epsilon:                   0.4395	grad_norm:                 7.9995	loss:                      4.2118	q_taken_mean:              0.1256
red_team_alives_mean:    144.0000	red_team_win_mean:         1.0000	return_mean:              -1.7546	return_std:                0.3833
target_mean:               0.1274	td_error_abs:              0.8201	test_blue_team_alives_mean:143.2000	test_blue_team_win_mean:   0.0000
test_ep_length_mean:     200.0000	test_episode_length_mean:199.0000	test_red_team_alives_mean:144.0000	test_red_team_win_mean:    0.4000
test_return_mean:         -1.1822	test_return_std:           0.0000	
2026-04-10 20:07:16,847 - my_experiment - bat_60_IQL_RNN_5M_42 - my_run - INFO - t_env: 600200 / 5050000
2026-04-10 20:07:16,848 - my_experiment - bat_60_IQL_RNN_5M_42 - my_run - INFO - Estimated time left: 1 days, 12 hours, 42 minutes, 14 seconds. Time passed: 5 hours, 5 minutes, 25 seconds
2026-04-10 20:31:46,999 - my_experiment - bat_60_IQL_RNN_5M_42 - my_run - INFO - Recent Stats | t_env:     650000 | Episode:     3250
blue_team_alives_mean:    85.2720	blue_team_win_mean:        0.0000	ep_length_mean:          200.0000	episode_length_mean:     199.0000
epsilon:                   0.3920	grad_norm:                13.0908	loss:                      5.4473	q_taken_mean:              0.1500
red_team_alives_mean:    143.9920	red_team_win_mean:         1.0000	return_mean:              -1.0207	return_std:                0.2812
target_mean:               0.1532	td_error_abs:              1.0252	test_blue_team_alives_mean:138.6000	test_blue_team_win_mean:   0.0000
test_ep_length_mean:     200.0000	test_episode_length_mean:199.0000	test_red_team_alives_mean:144.0000	test_red_team_win_mean:    0.6000
test_return_mean:         -1.1500	test_return_std:           0.0000	
2026-04-10 20:31:52,898 - my_experiment - bat_60_IQL_RNN_5M_42 - my_run - INFO - t_env: 650200 / 5050000
2026-04-10 20:31:52,899 - my_experiment - bat_60_IQL_RNN_5M_42 - my_run - INFO - Estimated time left: 1 days, 12 hours, 4 minutes, 46 seconds. Time passed: 5 hours, 30 minutes, 1 seconds
2026-04-10 20:55:59,347 - my_experiment - bat_60_IQL_RNN_5M_42 - my_run - INFO - Recent Stats | t_env:     700000 | Episode:     3500
blue_team_alives_mean:    78.9880	blue_team_win_mean:        0.0000	ep_length_mean:          200.0000	episode_length_mean:     199.0000
epsilon:                   0.3445	grad_norm:                 8.2870	loss:                      6.0200	q_taken_mean:              0.1787
red_team_alives_mean:    143.9920	red_team_win_mean:         1.0000	return_mean:              -0.7670	return_std:                0.3248
target_mean:               0.1802	td_error_abs:              1.0029	test_blue_team_alives_mean:134.2000	test_blue_team_win_mean:   0.0000
test_ep_length_mean:     200.0000	test_episode_length_mean:199.0000	test_red_team_alives_mean:144.0000	test_red_team_win_mean:    0.8000
test_return_mean:         -1.0454	test_return_std:           0.0000	
2026-04-10 20:56:04,994 - my_experiment - bat_60_IQL_RNN_5M_42 - my_run - INFO - t_env: 700200 / 5050000
2026-04-10 20:56:04,994 - my_experiment - bat_60_IQL_RNN_5M_42 - my_run - INFO - Estimated time left: 1 days, 11 hours, 5 minutes, 26 seconds. Time passed: 5 hours, 54 minutes, 13 seconds
2026-04-10 21:17:23,052 - my_experiment - bat_60_IQL_RNN_5M_42 - my_run - INFO - Recent Stats | t_env:     750000 | Episode:     3750
blue_team_alives_mean:    37.5440	blue_team_win_mean:        0.0000	ep_length_mean:          200.0000	episode_length_mean:     199.0000
epsilon:                   0.2970	grad_norm:                11.7470	loss:                      6.3958	q_taken_mean:              0.1920
red_team_alives_mean:    144.0000	red_team_win_mean:         1.0000	return_mean:              -1.5436	return_std:                0.4747
target_mean:               0.1934	td_error_abs:              1.1023	test_blue_team_alives_mean:115.6000	test_blue_team_win_mean:   0.0000
test_ep_length_mean:     200.0000	test_episode_length_mean:199.0000	test_red_team_alives_mean:144.0000	test_red_team_win_mean:    1.0000
test_return_mean:         -0.8603	test_return_std:           0.0000	
2026-04-10 21:17:28,047 - my_experiment - bat_60_IQL_RNN_5M_42 - my_run - INFO - t_env: 750200 / 5050000
2026-04-10 21:17:28,047 - my_experiment - bat_60_IQL_RNN_5M_42 - my_run - INFO - Estimated time left: 1 days, 6 hours, 38 minutes, 57 seconds. Time passed: 6 hours, 15 minutes, 36 seconds
2026-04-10 21:38:20,007 - my_experiment - bat_60_IQL_RNN_5M_42 - my_run - INFO - Recent Stats | t_env:     800000 | Episode:     4000
blue_team_alives_mean:    29.4680	blue_team_win_mean:        0.0000	ep_length_mean:          200.0000	episode_length_mean:     199.0000
epsilon:                   0.2495	grad_norm:                24.2360	loss:                      6.4149	q_taken_mean:              0.2074
red_team_alives_mean:    144.0000	red_team_win_mean:         1.0000	return_mean:              -1.9706	return_std:                0.5503
target_mean:               0.2087	td_error_abs:              1.1741	test_blue_team_alives_mean: 97.6000	test_blue_team_win_mean:   0.0000
test_ep_length_mean:     200.0000	test_episode_length_mean:199.0000	test_red_team_alives_mean:144.0000	test_red_team_win_mean:    1.0000
test_return_mean:         -1.6064	test_return_std:           0.0000	
2026-04-10 21:38:25,239 - my_experiment - bat_60_IQL_RNN_5M_42 - my_run - INFO - t_env: 800200 / 5050000
2026-04-10 21:38:25,240 - my_experiment - bat_60_IQL_RNN_5M_42 - my_run - INFO - Estimated time left: 1 days, 5 hours, 40 minutes, 56 seconds. Time passed: 6 hours, 36 minutes, 33 seconds
2026-04-10 21:59:40,262 - my_experiment - bat_60_IQL_RNN_5M_42 - my_run - INFO - Recent Stats | t_env:     850000 | Episode:     4250
blue_team_alives_mean:    44.6600	blue_team_win_mean:        0.0000	ep_length_mean:          200.0000	episode_length_mean:     199.0000
epsilon:                   0.2020	grad_norm:                34.7157	loss:                      5.7661	q_taken_mean:              0.2060
red_team_alives_mean:    144.0000	red_team_win_mean:         1.0000	return_mean:              -1.0345	return_std:                0.3398
target_mean:               0.2087	td_error_abs:              1.1905	test_blue_team_alives_mean: 82.4000	test_blue_team_win_mean:   0.0000
test_ep_length_mean:     200.0000	test_episode_length_mean:199.0000	test_red_team_alives_mean:144.0000	test_red_team_win_mean:    1.0000
test_return_mean:         -1.7346	test_return_std:           0.0000	
2026-04-10 21:59:45,521 - my_experiment - bat_60_IQL_RNN_5M_42 - my_run - INFO - t_env: 850200 / 5050000
2026-04-10 21:59:45,522 - my_experiment - bat_60_IQL_RNN_5M_42 - my_run - INFO - Estimated time left: 1 days, 5 hours, 52 minutes, 18 seconds. Time passed: 6 hours, 57 minutes, 54 seconds
2026-04-10 22:21:10,817 - my_experiment - bat_60_IQL_RNN_5M_42 - my_run - INFO - Recent Stats | t_env:     900000 | Episode:     4500
blue_team_alives_mean:    53.3360	blue_team_win_mean:        0.0000	ep_length_mean:          200.0000	episode_length_mean:     199.0000
epsilon:                   0.1545	grad_norm:                37.2237	loss:                      4.6714	q_taken_mean:              0.2069
red_team_alives_mean:    144.0000	red_team_win_mean:         1.0000	return_mean:              -0.6877	return_std:                0.3444
target_mean:               0.2088	td_error_abs:              1.0981	test_blue_team_alives_mean: 87.0000	test_blue_team_win_mean:   0.0000
test_ep_length_mean:     200.0000	test_episode_length_mean:199.0000	test_red_team_alives_mean:144.0000	test_red_team_win_mean:    0.8000
test_return_mean:         -2.4865	test_return_std:           0.0000	
2026-04-10 22:21:15,948 - my_experiment - bat_60_IQL_RNN_5M_42 - my_run - INFO - t_env: 900200 / 5050000
2026-04-10 22:21:15,949 - my_experiment - bat_60_IQL_RNN_5M_42 - my_run - INFO - Estimated time left: 1 days, 5 hours, 45 minutes, 0 seconds. Time passed: 7 hours, 19 minutes, 24 seconds
2026-04-10 22:42:32,549 - my_experiment - bat_60_IQL_RNN_5M_42 - my_run - INFO - Recent Stats | t_env:     950000 | Episode:     4750
blue_team_alives_mean:    54.5240	blue_team_win_mean:        0.0000	ep_length_mean:          200.0000	episode_length_mean:     199.0000
epsilon:                   0.1070	grad_norm:                52.6985	loss:                      4.0976	q_taken_mean:              0.2066
red_team_alives_mean:    144.0000	red_team_win_mean:         1.0000	return_mean:              -0.3070	return_std:                0.2987
target_mean:               0.2082	td_error_abs:              1.0366	test_blue_team_alives_mean: 83.2000	test_blue_team_win_mean:   0.0000
test_ep_length_mean:     200.0000	test_episode_length_mean:199.0000	test_red_team_alives_mean:144.0000	test_red_team_win_mean:    0.8000
test_return_mean:         -2.9908	test_return_std:           0.0000	
2026-04-10 22:42:37,637 - my_experiment - bat_60_IQL_RNN_5M_42 - my_run - INFO - t_env: 950200 / 5050000
2026-04-10 22:42:37,638 - my_experiment - bat_60_IQL_RNN_5M_42 - my_run - INFO - Estimated time left: 1 days, 5 hours, 11 minutes, 33 seconds. Time passed: 7 hours, 40 minutes, 46 seconds
2026-04-10 23:03:44,237 - my_experiment - bat_60_IQL_RNN_5M_42 - my_run - INFO - Recent Stats | t_env:    1000000 | Episode:     5000
blue_team_alives_mean:    53.2840	blue_team_win_mean:        0.0000	ep_length_mean:          200.0000	episode_length_mean:     199.0000
epsilon:                   0.0595	grad_norm:                43.6486	loss:                      3.7797	q_taken_mean:              0.2142
red_team_alives_mean:    144.0000	red_team_win_mean:         1.0000	return_mean:               0.2201	return_std:                0.2617
target_mean:               0.2154	td_error_abs:              0.9801	test_blue_team_alives_mean: 86.4000	test_blue_team_win_mean:   0.0000
test_ep_length_mean:     200.0000	test_episode_length_mean:199.0000	test_red_team_alives_mean:144.0000	test_red_team_win_mean:    0.8000
test_return_mean:         -3.2663	test_return_std:           0.0000	
2026-04-10 23:03:49,253 - my_experiment - bat_60_IQL_RNN_5M_42 - my_run - INFO - t_env: 1000200 / 5050000
2026-04-10 23:03:49,254 - my_experiment - bat_60_IQL_RNN_5M_42 - my_run - INFO - Estimated time left: 1 days, 4 hours, 36 minutes, 35 seconds. Time passed: 8 hours, 1 minutes, 57 seconds
2026-04-10 23:03:54,765 - my_experiment - bat_60_IQL_RNN_5M_42 - my_run - INFO - Saving models to work_dirs/my_experiment/bat_60_IQL_RNN_5M_42/my_run/20260410_150132/models/1000200
2026-04-10 23:25:12,330 - my_experiment - bat_60_IQL_RNN_5M_42 - my_run - INFO - Recent Stats | t_env:    1050000 | Episode:     5250
blue_team_alives_mean:    57.1120	blue_team_win_mean:        0.0000	ep_length_mean:          200.0000	episode_length_mean:     199.0000
epsilon:                   0.0500	grad_norm:                74.6028	loss:                      3.5084	q_taken_mean:              0.2212
red_team_alives_mean:    144.0000	red_team_win_mean:         1.0000	return_mean:               0.0362	return_std:                0.3222
target_mean:               0.2235	td_error_abs:              0.9454	test_blue_team_alives_mean:103.6000	test_blue_team_win_mean:   0.0000
test_ep_length_mean:     200.0000	test_episode_length_mean:199.0000	test_red_team_alives_mean:144.0000	test_red_team_win_mean:    0.8000
test_return_mean:         -3.4367	test_return_std:           0.0000	
2026-04-10 23:25:17,439 - my_experiment - bat_60_IQL_RNN_5M_42 - my_run - INFO - t_env: 1050200 / 5050000
2026-04-10 23:25:17,439 - my_experiment - bat_60_IQL_RNN_5M_42 - my_run - INFO - Estimated time left: 1 days, 4 hours, 37 minutes, 29 seconds. Time passed: 8 hours, 23 minutes, 25 seconds
2026-04-10 23:46:46,855 - my_experiment - bat_60_IQL_RNN_5M_42 - my_run - INFO - Recent Stats | t_env:    1100000 | Episode:     5500
blue_team_alives_mean:    60.0840	blue_team_win_mean:        0.0000	ep_length_mean:          200.0000	episode_length_mean:     199.0000
epsilon:                   0.0500	grad_norm:                61.6745	loss:                      2.7627	q_taken_mean:              0.2262
red_team_alives_mean:    144.0000	red_team_win_mean:         1.0000	return_mean:              -0.3657	return_std:                0.3595
target_mean:               0.2266	td_error_abs:              0.8102	test_blue_team_alives_mean:119.0000	test_blue_team_win_mean:   0.0000
test_ep_length_mean:     200.0000	test_episode_length_mean:199.0000	test_red_team_alives_mean:144.0000	test_red_team_win_mean:    0.6000
test_return_mean:         -4.5563	test_return_std:           0.0000	
2026-04-10 23:46:52,155 - my_experiment - bat_60_IQL_RNN_5M_42 - my_run - INFO - t_env: 1100200 / 5050000
2026-04-10 23:46:52,155 - my_experiment - bat_60_IQL_RNN_5M_42 - my_run - INFO - Estimated time left: 1 days, 4 hours, 24 minutes, 37 seconds. Time passed: 8 hours, 45 minutes, 0 seconds
2026-04-11 00:08:28,259 - my_experiment - bat_60_IQL_RNN_5M_42 - my_run - INFO - Recent Stats | t_env:    1150000 | Episode:     5750
blue_team_alives_mean:    61.6560	blue_team_win_mean:        0.0000	ep_length_mean:          200.0000	episode_length_mean:     199.0000
epsilon:                   0.0500	grad_norm:               121.6549	loss:                      2.7819	q_taken_mean:              0.2296
red_team_alives_mean:    144.0000	red_team_win_mean:         1.0000	return_mean:              -0.7942	return_std:                0.3470
target_mean:               0.2308	td_error_abs:              0.8770	test_blue_team_alives_mean:119.0000	test_blue_team_win_mean:   0.0000
test_ep_length_mean:     200.0000	test_episode_length_mean:199.0000	test_red_team_alives_mean:144.0000	test_red_team_win_mean:    0.6000
test_return_mean:         -5.1365	test_return_std:           0.0000	
2026-04-11 00:08:33,456 - my_experiment - bat_60_IQL_RNN_5M_42 - my_run - INFO - t_env: 1150200 / 5050000
2026-04-11 00:08:33,457 - my_experiment - bat_60_IQL_RNN_5M_42 - my_run - INFO - Estimated time left: 1 days, 4 hours, 11 minutes, 36 seconds. Time passed: 9 hours, 6 minutes, 41 seconds
2026-04-11 00:30:14,672 - my_experiment - bat_60_IQL_RNN_5M_42 - my_run - INFO - Recent Stats | t_env:    1200000 | Episode:     6000
blue_team_alives_mean:    62.1120	blue_team_win_mean:        0.0000	ep_length_mean:          200.0000	episode_length_mean:     199.0000
epsilon:                   0.0500	grad_norm:                96.2795	loss:                      2.5831	q_taken_mean:              0.2343
red_team_alives_mean:    144.0000	red_team_win_mean:         1.0000	return_mean:              -0.6346	return_std:                0.3303
target_mean:               0.2352	td_error_abs:              0.8216	test_blue_team_alives_mean:127.2000	test_blue_team_win_mean:   0.0000
test_ep_length_mean:     200.0000	test_episode_length_mean:199.0000	test_red_team_alives_mean:144.0000	test_red_team_win_mean:    0.4000
test_return_mean:         -5.9932	test_return_std:           0.0000	
2026-04-11 00:30:20,216 - my_experiment - bat_60_IQL_RNN_5M_42 - my_run - INFO - t_env: 1200200 / 5050000
2026-04-11 00:30:20,217 - my_experiment - bat_60_IQL_RNN_5M_42 - my_run - INFO - Estimated time left: 1 days, 3 hours, 56 minutes, 55 seconds. Time passed: 9 hours, 28 minutes, 28 seconds
2026-04-11 00:53:06,847 - my_experiment - bat_60_IQL_RNN_5M_42 - my_run - INFO - Recent Stats | t_env:    1250000 | Episode:     6250
blue_team_alives_mean:    66.8560	blue_team_win_mean:        0.0000	ep_length_mean:          200.0000	episode_length_mean:     199.0000
epsilon:                   0.0500	grad_norm:               103.3570	loss:                      2.5248	q_taken_mean:              0.2395
red_team_alives_mean:    143.9920	red_team_win_mean:         1.0000	return_mean:              -0.9351	return_std:                0.5285
target_mean:               0.2405	td_error_abs:              0.8155	test_blue_team_alives_mean:142.6000	test_blue_team_win_mean:   0.0000
test_ep_length_mean:     200.0000	test_episode_length_mean:199.0000	test_red_team_alives_mean:144.0000	test_red_team_win_mean:    0.2000
test_return_mean:         -7.0803	test_return_std:           0.0000	
2026-04-11 00:53:12,281 - my_experiment - bat_60_IQL_RNN_5M_42 - my_run - INFO - t_env: 1250200 / 5050000
2026-04-11 00:53:12,282 - my_experiment - bat_60_IQL_RNN_5M_42 - my_run - INFO - Estimated time left: 1 days, 4 hours, 57 minutes, 51 seconds. Time passed: 9 hours, 51 minutes, 20 seconds
2026-04-11 01:15:52,999 - my_experiment - bat_60_IQL_RNN_5M_42 - my_run - INFO - Recent Stats | t_env:    1300000 | Episode:     6500
blue_team_alives_mean:    73.1520	blue_team_win_mean:        0.0000	ep_length_mean:          200.0000	episode_length_mean:     199.0000
epsilon:                   0.0500	grad_norm:               131.8862	loss:                      2.5212	q_taken_mean:              0.2439
red_team_alives_mean:    144.0000	red_team_win_mean:         1.0000	return_mean:              -1.4106	return_std:                0.6441
target_mean:               0.2445	td_error_abs:              0.8253	test_blue_team_alives_mean:144.0000	test_blue_team_win_mean:   0.0000
test_ep_length_mean:     200.0000	test_episode_length_mean:199.0000	test_red_team_alives_mean:144.0000	test_red_team_win_mean:    0.0000
test_return_mean:         -7.2876	test_return_std:           0.0000	
2026-04-11 01:15:58,582 - my_experiment - bat_60_IQL_RNN_5M_42 - my_run - INFO - t_env: 1300200 / 5050000
2026-04-11 01:15:58,583 - my_experiment - bat_60_IQL_RNN_5M_42 - my_run - INFO - Estimated time left: 1 days, 4 hours, 27 minutes, 47 seconds. Time passed: 10 hours, 14 minutes, 7 seconds
2026-04-11 01:38:37,911 - my_experiment - bat_60_IQL_RNN_5M_42 - my_run - INFO - Recent Stats | t_env:    1350000 | Episode:     6750
blue_team_alives_mean:    74.2920	blue_team_win_mean:        0.0000	ep_length_mean:          200.0000	episode_length_mean:     199.0000
epsilon:                   0.0500	grad_norm:               139.4603	loss:                      2.6031	q_taken_mean:              0.2491
red_team_alives_mean:    144.0000	red_team_win_mean:         1.0000	return_mean:              -1.3592	return_std:                0.6479
target_mean:               0.2493	td_error_abs:              0.8286	test_blue_team_alives_mean:144.0000	test_blue_team_win_mean:   0.0000
test_ep_length_mean:     200.0000	test_episode_length_mean:199.0000	test_red_team_alives_mean:144.0000	test_red_team_win_mean:    0.0000
test_return_mean:         -7.1713	test_return_std:           0.0000	
2026-04-11 01:38:43,277 - my_experiment - bat_60_IQL_RNN_5M_42 - my_run - INFO - t_env: 1350200 / 5050000
2026-04-11 01:38:43,278 - my_experiment - bat_60_IQL_RNN_5M_42 - my_run - INFO - Estimated time left: 1 days, 4 hours, 3 minutes, 1 seconds. Time passed: 10 hours, 36 minutes, 51 seconds
2026-04-11 02:01:33,277 - my_experiment - bat_60_IQL_RNN_5M_42 - my_run - INFO - Recent Stats | t_env:    1400000 | Episode:     7000
blue_team_alives_mean:    73.7960	blue_team_win_mean:        0.0000	ep_length_mean:          200.0000	episode_length_mean:     199.0000
epsilon:                   0.0500	grad_norm:               183.3919	loss:                      2.4877	q_taken_mean:              0.2519
red_team_alives_mean:    144.0000	red_team_win_mean:         1.0000	return_mean:              -1.1626	return_std:                0.6242
target_mean:               0.2524	td_error_abs:              0.8476	test_blue_team_alives_mean:144.0000	test_blue_team_win_mean:   0.0000
test_ep_length_mean:     200.0000	test_episode_length_mean:199.0000	test_red_team_alives_mean:144.0000	test_red_team_win_mean:    0.0000
test_return_mean:         -6.9910	test_return_std:           0.0000	
2026-04-11 02:01:38,704 - my_experiment - bat_60_IQL_RNN_5M_42 - my_run - INFO - t_env: 1400200 / 5050000
2026-04-11 02:01:38,705 - my_experiment - bat_60_IQL_RNN_5M_42 - my_run - INFO - Estimated time left: 1 days, 3 hours, 53 minutes, 20 seconds. Time passed: 10 hours, 59 minutes, 47 seconds
2026-04-11 02:24:47,494 - my_experiment - bat_60_IQL_RNN_5M_42 - my_run - INFO - Recent Stats | t_env:    1450000 | Episode:     7250
blue_team_alives_mean:    73.0280	blue_team_win_mean:        0.0000	ep_length_mean:          200.0000	episode_length_mean:     199.0000
epsilon:                   0.0500	grad_norm:               208.7715	loss:                      2.5487	q_taken_mean:              0.2560
red_team_alives_mean:    144.0000	red_team_win_mean:         1.0000	return_mean:              -0.9385	return_std:                0.6434
target_mean:               0.2558	td_error_abs:              0.8507	test_blue_team_alives_mean:144.0000	test_blue_team_win_mean:   0.0000
test_ep_length_mean:     200.0000	test_episode_length_mean:199.0000	test_red_team_alives_mean:144.0000	test_red_team_win_mean:    0.0000
test_return_mean:         -6.6678	test_return_std:           0.0000	
2026-04-11 02:24:53,173 - my_experiment - bat_60_IQL_RNN_5M_42 - my_run - INFO - t_env: 1450200 / 5050000
2026-04-11 02:24:53,174 - my_experiment - bat_60_IQL_RNN_5M_42 - my_run - INFO - Estimated time left: 1 days, 3 hours, 53 minutes, 16 seconds. Time passed: 11 hours, 23 minutes, 1 seconds
2026-04-11 02:48:24,244 - my_experiment - bat_60_IQL_RNN_5M_42 - my_run - INFO - Recent Stats | t_env:    1500000 | Episode:     7500
blue_team_alives_mean:    78.6400	blue_team_win_mean:        0.0000	ep_length_mean:          200.0000	episode_length_mean:     199.0000
epsilon:                   0.0500	grad_norm:               218.4219	loss:                      2.2810	q_taken_mean:              0.2571
red_team_alives_mean:    144.0000	red_team_win_mean:         1.0000	return_mean:              -1.1226	return_std:                0.6504
target_mean:               0.2575	td_error_abs:              0.8328	test_blue_team_alives_mean:144.0000	test_blue_team_win_mean:   0.0000
test_ep_length_mean:     200.0000	test_episode_length_mean:199.0000	test_red_team_alives_mean:144.0000	test_red_team_win_mean:    0.0000
test_return_mean:         -6.0919	test_return_std:           0.0000	
2026-04-11 02:48:30,240 - my_experiment - bat_60_IQL_RNN_5M_42 - my_run - INFO - t_env: 1500200 / 5050000
2026-04-11 02:48:30,241 - my_experiment - bat_60_IQL_RNN_5M_42 - my_run - INFO - Estimated time left: 1 days, 3 hours, 56 minutes, 46 seconds. Time passed: 11 hours, 46 minutes, 38 seconds
2026-04-11 02:48:35,816 - my_experiment - bat_60_IQL_RNN_5M_42 - my_run - INFO - Saving models to work_dirs/my_experiment/bat_60_IQL_RNN_5M_42/my_run/20260410_150132/models/1500200
2026-04-11 03:12:20,206 - my_experiment - bat_60_IQL_RNN_5M_42 - my_run - INFO - Recent Stats | t_env:    1550000 | Episode:     7750
blue_team_alives_mean:    84.2360	blue_team_win_mean:        0.0000	ep_length_mean:          200.0000	episode_length_mean:     199.0000
epsilon:                   0.0500	grad_norm:               235.5169	loss:                      2.1474	q_taken_mean:              0.2590
red_team_alives_mean:    144.0000	red_team_win_mean:         1.0000	return_mean:              -1.3609	return_std:                0.6667
target_mean:               0.2590	td_error_abs:              0.8074	test_blue_team_alives_mean:144.0000	test_blue_team_win_mean:   0.0000
test_ep_length_mean:     200.0000	test_episode_length_mean:199.0000	test_red_team_alives_mean:144.0000	test_red_team_win_mean:    0.0000
test_return_mean:         -5.3499	test_return_std:           0.0000	
2026-04-11 03:12:25,902 - my_experiment - bat_60_IQL_RNN_5M_42 - my_run - INFO - t_env: 1550200 / 5050000
2026-04-11 03:12:25,902 - my_experiment - bat_60_IQL_RNN_5M_42 - my_run - INFO - Estimated time left: 1 days, 3 hours, 54 minutes, 50 seconds. Time passed: 12 hours, 10 minutes, 34 seconds
2026-04-11 03:36:26,520 - my_experiment - bat_60_IQL_RNN_5M_42 - my_run - INFO - Recent Stats | t_env:    1600000 | Episode:     8000
blue_team_alives_mean:    87.9920	blue_team_win_mean:        0.0000	ep_length_mean:          200.0000	episode_length_mean:     199.0000
epsilon:                   0.0500	grad_norm:               258.3783	loss:                      2.0691	q_taken_mean:              0.2603
red_team_alives_mean:    144.0000	red_team_win_mean:         1.0000	return_mean:              -1.4195	return_std:                0.6595
target_mean:               0.2606	td_error_abs:              0.7978	test_blue_team_alives_mean:144.0000	test_blue_team_win_mean:   0.0000
test_ep_length_mean:     200.0000	test_episode_length_mean:199.0000	test_red_team_alives_mean:144.0000	test_red_team_win_mean:    0.0000
test_return_mean:         -4.5956	test_return_std:           0.0000	
2026-04-11 03:36:32,168 - my_experiment - bat_60_IQL_RNN_5M_42 - my_run - INFO - t_env: 1600200 / 5050000
2026-04-11 03:36:32,168 - my_experiment - bat_60_IQL_RNN_5M_42 - my_run - INFO - Estimated time left: 1 days, 3 hours, 43 minutes, 6 seconds. Time passed: 12 hours, 34 minutes, 40 seconds
2026-04-11 04:00:28,497 - my_experiment - bat_60_IQL_RNN_5M_42 - my_run - INFO - Recent Stats | t_env:    1650000 | Episode:     8250
blue_team_alives_mean:    92.8000	blue_team_win_mean:        0.0000	ep_length_mean:          200.0000	episode_length_mean:     199.0000
epsilon:                   0.0500	grad_norm:               313.9217	loss:                      2.0787	q_taken_mean:              0.2616
red_team_alives_mean:    144.0000	red_team_win_mean:         1.0000	return_mean:              -1.5055	return_std:                0.5903
target_mean:               0.2616	td_error_abs:              0.8005	test_blue_team_alives_mean:144.0000	test_blue_team_win_mean:   0.0000
test_ep_length_mean:     200.0000	test_episode_length_mean:199.0000	test_red_team_alives_mean:144.0000	test_red_team_win_mean:    0.0000
test_return_mean:         -3.7704	test_return_std:           0.0000	
2026-04-11 04:00:34,148 - my_experiment - bat_60_IQL_RNN_5M_42 - my_run - INFO - t_env: 1650200 / 5050000
2026-04-11 04:00:34,149 - my_experiment - bat_60_IQL_RNN_5M_42 - my_run - INFO - Estimated time left: 1 days, 3 hours, 14 minutes, 8 seconds. Time passed: 12 hours, 58 minutes, 42 seconds
2026-04-11 04:24:16,399 - my_experiment - bat_60_IQL_RNN_5M_42 - my_run - INFO - Recent Stats | t_env:    1700000 | Episode:     8500
blue_team_alives_mean:    96.0920	blue_team_win_mean:        0.0000	ep_length_mean:          200.0000	episode_length_mean:     199.0000
epsilon:                   0.0500	grad_norm:               316.1048	loss:                      1.9376	q_taken_mean:              0.2627
red_team_alives_mean:    144.0000	red_team_win_mean:         1.0000	return_mean:              -1.3739	return_std:                0.6253
target_mean:               0.2632	td_error_abs:              0.7747	test_blue_team_alives_mean:144.0000	test_blue_team_win_mean:   0.0000
test_ep_length_mean:     200.0000	test_episode_length_mean:199.0000	test_red_team_alives_mean:144.0000	test_red_team_win_mean:    0.0000
test_return_mean:         -2.9924	test_return_std:           0.0000	
2026-04-11 04:24:22,310 - my_experiment - bat_60_IQL_RNN_5M_42 - my_run - INFO - t_env: 1700200 / 5050000
2026-04-11 04:24:22,311 - my_experiment - bat_60_IQL_RNN_5M_42 - my_run - INFO - Estimated time left: 1 days, 2 hours, 34 minutes, 41 seconds. Time passed: 13 hours, 22 minutes, 30 seconds
2026-04-11 04:47:50,383 - my_experiment - bat_60_IQL_RNN_5M_42 - my_run - INFO - Recent Stats | t_env:    1750000 | Episode:     8750
blue_team_alives_mean:    90.8040	blue_team_win_mean:        0.0000	ep_length_mean:          200.0000	episode_length_mean:     199.0000
epsilon:                   0.0500	grad_norm:               356.9665	loss:                      1.8795	q_taken_mean:              0.2638
red_team_alives_mean:    144.0000	red_team_win_mean:         1.0000	return_mean:              -0.8566	return_std:                0.5755
target_mean:               0.2636	td_error_abs:              0.7446	test_blue_team_alives_mean:144.0000	test_blue_team_win_mean:   0.0000
test_ep_length_mean:     200.0000	test_episode_length_mean:199.0000	test_red_team_alives_mean:144.0000	test_red_team_win_mean:    0.0000
test_return_mean:         -2.5058	test_return_std:           0.0000	
2026-04-11 04:47:56,116 - my_experiment - bat_60_IQL_RNN_5M_42 - my_run - INFO - t_env: 1750200 / 5050000
2026-04-11 04:47:56,117 - my_experiment - bat_60_IQL_RNN_5M_42 - my_run - INFO - Estimated time left: 1 days, 1 hours, 55 minutes, 5 seconds. Time passed: 13 hours, 46 minutes, 4 seconds
2026-04-11 05:11:13,240 - my_experiment - bat_60_IQL_RNN_5M_42 - my_run - INFO - Recent Stats | t_env:    1800000 | Episode:     9000
blue_team_alives_mean:    84.8000	blue_team_win_mean:        0.0000	ep_length_mean:          200.0000	episode_length_mean:     199.0000
epsilon:                   0.0500	grad_norm:               373.7670	loss:                      1.8104	q_taken_mean:              0.2651
red_team_alives_mean:    144.0000	red_team_win_mean:         1.0000	return_mean:              -0.3145	return_std:                0.4613
target_mean:               0.2654	td_error_abs:              0.7515	test_blue_team_alives_mean:144.0000	test_blue_team_win_mean:   0.0000
test_ep_length_mean:     200.0000	test_episode_length_mean:199.0000	test_red_team_alives_mean:144.0000	test_red_team_win_mean:    0.0000
test_return_mean:         -2.1304	test_return_std:           0.0000	
2026-04-11 05:11:18,966 - my_experiment - bat_60_IQL_RNN_5M_42 - my_run - INFO - t_env: 1800200 / 5050000
2026-04-11 05:11:18,966 - my_experiment - bat_60_IQL_RNN_5M_42 - my_run - INFO - Estimated time left: 1 days, 1 hours, 19 minutes, 39 seconds. Time passed: 14 hours, 9 minutes, 27 seconds
2026-04-11 05:34:34,786 - my_experiment - bat_60_IQL_RNN_5M_42 - my_run - INFO - Recent Stats | t_env:    1850000 | Episode:     9250
blue_team_alives_mean:    85.4920	blue_team_win_mean:        0.0000	ep_length_mean:          200.0000	episode_length_mean:     199.0000
epsilon:                   0.0500	grad_norm:               409.2748	loss:                      1.9037	q_taken_mean:              0.2679
red_team_alives_mean:    143.9960	red_team_win_mean:         1.0000	return_mean:              -0.3839	return_std:                0.4115
target_mean:               0.2679	td_error_abs:              0.7651	test_blue_team_alives_mean:144.0000	test_blue_team_win_mean:   0.0000
test_ep_length_mean:     200.0000	test_episode_length_mean:199.0000	test_red_team_alives_mean:144.0000	test_red_team_win_mean:    0.0000
test_return_mean:         -1.7060	test_return_std:           0.0000	
2026-04-11 05:34:40,461 - my_experiment - bat_60_IQL_RNN_5M_42 - my_run - INFO - t_env: 1850200 / 5050000
2026-04-11 05:34:40,462 - my_experiment - bat_60_IQL_RNN_5M_42 - my_run - INFO - Estimated time left: 1 days, 54 minutes, 50 seconds. Time passed: 14 hours, 32 minutes, 48 seconds
2026-04-11 05:57:49,540 - my_experiment - bat_60_IQL_RNN_5M_42 - my_run - INFO - Recent Stats | t_env:    1900000 | Episode:     9500
blue_team_alives_mean:    82.9880	blue_team_win_mean:        0.0000	ep_length_mean:          200.0000	episode_length_mean:     199.0000
epsilon:                   0.0500	grad_norm:               381.6137	loss:                      1.8768	q_taken_mean:              0.2694
red_team_alives_mean:    143.9920	red_team_win_mean:         1.0000	return_mean:              -0.3609	return_std:                0.4003
target_mean:               0.2701	td_error_abs:              0.7666	test_blue_team_alives_mean:144.0000	test_blue_team_win_mean:   0.0000
test_ep_length_mean:     200.0000	test_episode_length_mean:199.0000	test_red_team_alives_mean:144.0000	test_red_team_win_mean:    0.0000
test_return_mean:         -1.4368	test_return_std:           0.0000	
2026-04-11 05:57:55,070 - my_experiment - bat_60_IQL_RNN_5M_42 - my_run - INFO - t_env: 1900200 / 5050000
2026-04-11 05:57:55,071 - my_experiment - bat_60_IQL_RNN_5M_42 - my_run - INFO - Estimated time left: 1 days, 24 minutes, 14 seconds. Time passed: 14 hours, 56 minutes, 3 seconds
2026-04-11 06:20:48,258 - my_experiment - bat_60_IQL_RNN_5M_42 - my_run - INFO - Recent Stats | t_env:    1950000 | Episode:     9750
blue_team_alives_mean:    78.3880	blue_team_win_mean:        0.0000	ep_length_mean:          200.0000	episode_length_mean:     199.0000
epsilon:                   0.0500	grad_norm:               340.3508	loss:                      1.8589	q_taken_mean:              0.2722
red_team_alives_mean:    143.9960	red_team_win_mean:         1.0000	return_mean:              -0.2448	return_std:                0.3429
target_mean:               0.2722	td_error_abs:              0.7488	test_blue_team_alives_mean:144.0000	test_blue_team_win_mean:   0.0000
test_ep_length_mean:     200.0000	test_episode_length_mean:199.0000	test_red_team_alives_mean:144.0000	test_red_team_win_mean:    0.0000
test_return_mean:         -1.3118	test_return_std:           0.0000	
2026-04-11 06:20:53,844 - my_experiment - bat_60_IQL_RNN_5M_42 - my_run - INFO - t_env: 1950200 / 5050000
2026-04-11 06:20:53,845 - my_experiment - bat_60_IQL_RNN_5M_42 - my_run - INFO - Estimated time left: 23 hours, 44 minutes, 38 seconds. Time passed: 15 hours, 19 minutes, 2 seconds
2026-04-11 06:43:53,186 - my_experiment - bat_60_IQL_RNN_5M_42 - my_run - INFO - Recent Stats | t_env:    2000000 | Episode:    10000
blue_team_alives_mean:    82.1400	blue_team_win_mean:        0.0000	ep_length_mean:          200.0000	episode_length_mean:     199.0000
epsilon:                   0.0500	grad_norm:               432.1428	loss:                      1.9420	q_taken_mean:              0.2735
red_team_alives_mean:    144.0000	red_team_win_mean:         1.0000	return_mean:              -0.2905	return_std:                0.3316
target_mean:               0.2742	td_error_abs:              0.7700	test_blue_team_alives_mean:144.0000	test_blue_team_win_mean:   0.0000
test_ep_length_mean:     200.0000	test_episode_length_mean:199.0000	test_red_team_alives_mean:144.0000	test_red_team_win_mean:    0.0000
test_return_mean:         -1.2560	test_return_std:           0.0000	
2026-04-11 06:43:58,644 - my_experiment - bat_60_IQL_RNN_5M_42 - my_run - INFO - t_env: 2000200 / 5050000
2026-04-11 06:43:58,645 - my_experiment - bat_60_IQL_RNN_5M_42 - my_run - INFO - Estimated time left: 23 hours, 27 minutes, 47 seconds. Time passed: 15 hours, 42 minutes, 7 seconds
2026-04-11 06:44:04,014 - my_experiment - bat_60_IQL_RNN_5M_42 - my_run - INFO - Saving models to work_dirs/my_experiment/bat_60_IQL_RNN_5M_42/my_run/20260410_150132/models/2000200
2026-04-11 07:06:51,663 - my_experiment - bat_60_IQL_RNN_5M_42 - my_run - INFO - Recent Stats | t_env:    2050000 | Episode:    10250
blue_team_alives_mean:    88.1440	blue_team_win_mean:        0.0000	ep_length_mean:          200.0000	episode_length_mean:     199.0000
epsilon:                   0.0500	grad_norm:               373.4947	loss:                      1.7354	q_taken_mean:              0.2755
red_team_alives_mean:    144.0000	red_team_win_mean:         1.0000	return_mean:              -0.5348	return_std:                0.3806
target_mean:               0.2757	td_error_abs:              0.7431	test_blue_team_alives_mean:144.0000	test_blue_team_win_mean:   0.0000
test_ep_length_mean:     200.0000	test_episode_length_mean:199.0000	test_red_team_alives_mean:144.0000	test_red_team_win_mean:    0.0000
test_return_mean:         -1.1835	test_return_std:           0.0000	
2026-04-11 07:06:57,322 - my_experiment - bat_60_IQL_RNN_5M_42 - my_run - INFO - t_env: 2050200 / 5050000
2026-04-11 07:06:57,323 - my_experiment - bat_60_IQL_RNN_5M_42 - my_run - INFO - Estimated time left: 22 hours, 58 minutes, 35 seconds. Time passed: 16 hours, 5 minutes, 5 seconds
2026-04-11 07:29:58,061 - my_experiment - bat_60_IQL_RNN_5M_42 - my_run - INFO - Recent Stats | t_env:    2100000 | Episode:    10500
blue_team_alives_mean:    92.2840	blue_team_win_mean:        0.0000	ep_length_mean:          200.0000	episode_length_mean:     199.0000
epsilon:                   0.0500	grad_norm:               411.3270	loss:                      1.7102	q_taken_mean:              0.2759
red_team_alives_mean:    144.0000	red_team_win_mean:         1.0000	return_mean:              -0.7815	return_std:                0.3559
target_mean:               0.2764	td_error_abs:              0.7284	test_blue_team_alives_mean:144.0000	test_blue_team_win_mean:   0.0000
test_ep_length_mean:     200.0000	test_episode_length_mean:199.0000	test_red_team_alives_mean:144.0000	test_red_team_win_mean:    0.0000
test_return_mean:         -1.2218	test_return_std:           0.0000	
2026-04-11 07:30:03,471 - my_experiment - bat_60_IQL_RNN_5M_42 - my_run - INFO - t_env: 2100200 / 5050000
2026-04-11 07:30:03,472 - my_experiment - bat_60_IQL_RNN_5M_42 - my_run - INFO - Estimated time left: 22 hours, 42 minutes, 57 seconds. Time passed: 16 hours, 28 minutes, 11 seconds
2026-04-11 07:52:53,558 - my_experiment - bat_60_IQL_RNN_5M_42 - my_run - INFO - Recent Stats | t_env:    2150000 | Episode:    10750
blue_team_alives_mean:    91.4360	blue_team_win_mean:        0.0000	ep_length_mean:          200.0000	episode_length_mean:     199.0000
epsilon:                   0.0500	grad_norm:               389.7568	loss:                      1.5811	q_taken_mean:              0.2775
red_team_alives_mean:    144.0000	red_team_win_mean:         1.0000	return_mean:              -0.7247	return_std:                0.3405
target_mean:               0.2774	td_error_abs:              0.6928	test_blue_team_alives_mean:144.0000	test_blue_team_win_mean:   0.0000
test_ep_length_mean:     200.0000	test_episode_length_mean:199.0000	test_red_team_alives_mean:144.0000	test_red_team_win_mean:    0.0000
test_return_mean:         -1.2662	test_return_std:           0.0000	
2026-04-11 07:52:59,196 - my_experiment - bat_60_IQL_RNN_5M_42 - my_run - INFO - t_env: 2150200 / 5050000
2026-04-11 07:52:59,197 - my_experiment - bat_60_IQL_RNN_5M_42 - my_run - INFO - Estimated time left: 22 hours, 9 minutes, 46 seconds. Time passed: 16 hours, 51 minutes, 7 seconds
2026-04-11 08:15:47,767 - my_experiment - bat_60_IQL_RNN_5M_42 - my_run - INFO - Recent Stats | t_env:    2200000 | Episode:    11000
blue_team_alives_mean:    89.8800	blue_team_win_mean:        0.0000	ep_length_mean:          200.0000	episode_length_mean:     199.0000
epsilon:                   0.0500	grad_norm:               457.5844	loss:                      1.6092	q_taken_mean:              0.2778
red_team_alives_mean:    144.0000	red_team_win_mean:         1.0000	return_mean:              -0.5515	return_std:                0.2879
target_mean:               0.2780	td_error_abs:              0.7172	test_blue_team_alives_mean:144.0000	test_blue_team_win_mean:   0.0000
test_ep_length_mean:     200.0000	test_episode_length_mean:199.0000	test_red_team_alives_mean:144.0000	test_red_team_win_mean:    0.0000
test_return_mean:         -1.2975	test_return_std:           0.0000	
2026-04-11 08:15:53,256 - my_experiment - bat_60_IQL_RNN_5M_42 - my_run - INFO - t_env: 2200200 / 5050000
2026-04-11 08:15:53,256 - my_experiment - bat_60_IQL_RNN_5M_42 - my_run - INFO - Estimated time left: 21 hours, 45 minutes, 15 seconds. Time passed: 17 hours, 14 minutes, 1 seconds
2026-04-11 08:38:28,404 - my_experiment - bat_60_IQL_RNN_5M_42 - my_run - INFO - Recent Stats | t_env:    2250000 | Episode:    11250
blue_team_alives_mean:    86.0080	blue_team_win_mean:        0.0000	ep_length_mean:          200.0000	episode_length_mean:     199.0000
epsilon:                   0.0500	grad_norm:               449.3968	loss:                      1.5931	q_taken_mean:              0.2786
red_team_alives_mean:    144.0000	red_team_win_mean:         1.0000	return_mean:              -0.1803	return_std:                0.2658
target_mean:               0.2783	td_error_abs:              0.7174	test_blue_team_alives_mean:144.0000	test_blue_team_win_mean:   0.0000
test_ep_length_mean:     200.0000	test_episode_length_mean:199.0000	test_red_team_alives_mean:144.0000	test_red_team_win_mean:    0.0000
test_return_mean:         -1.3608	test_return_std:           0.0000	
2026-04-11 08:38:33,757 - my_experiment - bat_60_IQL_RNN_5M_42 - my_run - INFO - t_env: 2250200 / 5050000
2026-04-11 08:38:33,758 - my_experiment - bat_60_IQL_RNN_5M_42 - my_run - INFO - Estimated time left: 21 hours, 9 minutes, 42 seconds. Time passed: 17 hours, 36 minutes, 42 seconds
2026-04-11 09:01:00,993 - my_experiment - bat_60_IQL_RNN_5M_42 - my_run - INFO - Recent Stats | t_env:    2300000 | Episode:    11500
blue_team_alives_mean:    83.5920	blue_team_win_mean:        0.0000	ep_length_mean:          200.0000	episode_length_mean:     199.0000
epsilon:                   0.0500	grad_norm:               382.8948	loss:                      1.4520	q_taken_mean:              0.2792
red_team_alives_mean:    143.9920	red_team_win_mean:         1.0000	return_mean:               0.0232	return_std:                0.2776
target_mean:               0.2794	td_error_abs:              0.7077	test_blue_team_alives_mean:144.0000	test_blue_team_win_mean:   0.0000
test_ep_length_mean:     200.0000	test_episode_length_mean:199.0000	test_red_team_alives_mean:144.0000	test_red_team_win_mean:    0.0000
test_return_mean:         -1.3986	test_return_std:           0.0000	
2026-04-11 09:01:06,448 - my_experiment - bat_60_IQL_RNN_5M_42 - my_run - INFO - t_env: 2300200 / 5050000
2026-04-11 09:01:06,448 - my_experiment - bat_60_IQL_RNN_5M_42 - my_run - INFO - Estimated time left: 20 hours, 39 minutes, 52 seconds. Time passed: 17 hours, 59 minutes, 14 seconds
2026-04-11 09:23:36,110 - my_experiment - bat_60_IQL_RNN_5M_42 - my_run - INFO - Recent Stats | t_env:    2350000 | Episode:    11750
blue_team_alives_mean:    83.3800	blue_team_win_mean:        0.0000	ep_length_mean:          200.0000	episode_length_mean:     199.0000
epsilon:                   0.0500	grad_norm:               411.4663	loss:                      1.4554	q_taken_mean:              0.2814
red_team_alives_mean:    144.0000	red_team_win_mean:         1.0000	return_mean:               0.1314	return_std:                0.2717
target_mean:               0.2811	td_error_abs:              0.7182	test_blue_team_alives_mean:144.0000	test_blue_team_win_mean:   0.0000
test_ep_length_mean:     200.0000	test_episode_length_mean:199.0000	test_red_team_alives_mean:144.0000	test_red_team_win_mean:    0.0000
test_return_mean:         -1.4757	test_return_std:           0.0000	
2026-04-11 09:23:41,537 - my_experiment - bat_60_IQL_RNN_5M_42 - my_run - INFO - t_env: 2350200 / 5050000
2026-04-11 09:23:41,538 - my_experiment - bat_60_IQL_RNN_5M_42 - my_run - INFO - Estimated time left: 20 hours, 19 minutes, 29 seconds. Time passed: 18 hours, 21 minutes, 50 seconds
2026-04-11 09:46:20,410 - my_experiment - bat_60_IQL_RNN_5M_42 - my_run - INFO - Recent Stats | t_env:    2400000 | Episode:    12000
blue_team_alives_mean:    82.8680	blue_team_win_mean:        0.0000	ep_length_mean:          200.0000	episode_length_mean:     199.0000
epsilon:                   0.0500	grad_norm:               404.7053	loss:                      1.4374	q_taken_mean:              0.2828
red_team_alives_mean:    144.0000	red_team_win_mean:         1.0000	return_mean:               0.2243	return_std:                0.3004
target_mean:               0.2831	td_error_abs:              0.7232	test_blue_team_alives_mean:144.0000	test_blue_team_win_mean:   0.0000
test_ep_length_mean:     200.0000	test_episode_length_mean:199.0000	test_red_team_alives_mean:144.0000	test_red_team_win_mean:    0.0000
test_return_mean:         -1.5717	test_return_std:           0.0000	
2026-04-11 09:46:26,116 - my_experiment - bat_60_IQL_RNN_5M_42 - my_run - INFO - t_env: 2400200 / 5050000
2026-04-11 09:46:26,117 - my_experiment - bat_60_IQL_RNN_5M_42 - my_run - INFO - Estimated time left: 20 hours, 5 minutes, 17 seconds. Time passed: 18 hours, 44 minutes, 34 seconds
2026-04-11 10:10:22,008 - my_experiment - bat_60_IQL_RNN_5M_42 - my_run - INFO - Recent Stats | t_env:    2450000 | Episode:    12250
blue_team_alives_mean:    85.6280	blue_team_win_mean:        0.0000	ep_length_mean:          200.0000	episode_length_mean:     199.0000
epsilon:                   0.0500	grad_norm:               419.8497	loss:                      1.4242	q_taken_mean:              0.2866
red_team_alives_mean:    144.0000	red_team_win_mean:         1.0000	return_mean:               0.1766	return_std:                0.3252
target_mean:               0.2866	td_error_abs:              0.7424	test_blue_team_alives_mean:144.0000	test_blue_team_win_mean:   0.0000
test_ep_length_mean:     200.0000	test_episode_length_mean:199.0000	test_red_team_alives_mean:144.0000	test_red_team_win_mean:    0.0000
test_return_mean:         -1.7429	test_return_std:           0.0000	
2026-04-11 10:10:27,797 - my_experiment - bat_60_IQL_RNN_5M_42 - my_run - INFO - t_env: 2450200 / 5050000
2026-04-11 10:10:27,798 - my_experiment - bat_60_IQL_RNN_5M_42 - my_run - INFO - Estimated time left: 20 hours, 49 minutes, 21 seconds. Time passed: 19 hours, 8 minutes, 36 seconds
2026-04-11 10:34:01,143 - my_experiment - bat_60_IQL_RNN_5M_42 - my_run - INFO - Recent Stats | t_env:    2500000 | Episode:    12500
blue_team_alives_mean:    87.4440	blue_team_win_mean:        0.0000	ep_length_mean:          200.0000	episode_length_mean:     199.0000
epsilon:                   0.0500	grad_norm:               446.5204	loss:                      1.4943	q_taken_mean:              0.2903
red_team_alives_mean:    144.0000	red_team_win_mean:         1.0000	return_mean:               0.2391	return_std:                0.3887
target_mean:               0.2906	td_error_abs:              0.7517	test_blue_team_alives_mean:143.8000	test_blue_team_win_mean:   0.0000
test_ep_length_mean:     200.0000	test_episode_length_mean:199.0000	test_red_team_alives_mean:144.0000	test_red_team_win_mean:    0.2000
test_return_mean:         -1.7671	test_return_std:           0.0000	
2026-04-11 10:34:06,734 - my_experiment - bat_60_IQL_RNN_5M_42 - my_run - INFO - t_env: 2500200 / 5050000
2026-04-11 10:34:06,735 - my_experiment - bat_60_IQL_RNN_5M_42 - my_run - INFO - Estimated time left: 20 hours, 6 minutes, 0 seconds. Time passed: 19 hours, 32 minutes, 15 seconds
2026-04-11 10:34:12,260 - my_experiment - bat_60_IQL_RNN_5M_42 - my_run - INFO - Saving models to work_dirs/my_experiment/bat_60_IQL_RNN_5M_42/my_run/20260410_150132/models/2500200
2026-04-11 10:57:16,067 - my_experiment - bat_60_IQL_RNN_5M_42 - my_run - INFO - Recent Stats | t_env:    2550000 | Episode:    12750
blue_team_alives_mean:    89.5040	blue_team_win_mean:        0.0000	ep_length_mean:          200.0000	episode_length_mean:     199.0000
epsilon:                   0.0500	grad_norm:               409.9488	loss:                      1.5835	q_taken_mean:              0.2950
red_team_alives_mean:    143.9880	red_team_win_mean:         1.0000	return_mean:               0.4333	return_std:                0.2700
target_mean:               0.2947	td_error_abs:              0.7622	test_blue_team_alives_mean:143.8000	test_blue_team_win_mean:   0.0000
test_ep_length_mean:     200.0000	test_episode_length_mean:199.0000	test_red_team_alives_mean:144.0000	test_red_team_win_mean:    0.2000
test_return_mean:         -2.0279	test_return_std:           0.0000	
2026-04-11 10:57:21,795 - my_experiment - bat_60_IQL_RNN_5M_42 - my_run - INFO - t_env: 2550200 / 5050000
2026-04-11 10:57:21,795 - my_experiment - bat_60_IQL_RNN_5M_42 - my_run - INFO - Estimated time left: 19 hours, 22 minutes, 27 seconds. Time passed: 19 hours, 55 minutes, 30 seconds
2026-04-11 11:20:32,121 - my_experiment - bat_60_IQL_RNN_5M_42 - my_run - INFO - Recent Stats | t_env:    2600000 | Episode:    13000
blue_team_alives_mean:    89.1720	blue_team_win_mean:        0.0000	ep_length_mean:          200.0000	episode_length_mean:     199.0000
epsilon:                   0.0500	grad_norm:               382.3383	loss:                      1.5767	q_taken_mean:              0.2973
red_team_alives_mean:    143.9840	red_team_win_mean:         1.0000	return_mean:               0.4206	return_std:                0.2040
target_mean:               0.2976	td_error_abs:              0.7531	test_blue_team_alives_mean:142.2000	test_blue_team_win_mean:   0.0000
test_ep_length_mean:     200.0000	test_episode_length_mean:199.0000	test_red_team_alives_mean:144.0000	test_red_team_win_mean:    0.4000
test_return_mean:         -2.0136	test_return_std:           0.0000	
2026-04-11 11:20:37,701 - my_experiment - bat_60_IQL_RNN_5M_42 - my_run - INFO - t_env: 2600200 / 5050000
2026-04-11 11:20:37,703 - my_experiment - bat_60_IQL_RNN_5M_42 - my_run - INFO - Estimated time left: 18 hours, 59 minutes, 53 seconds. Time passed: 20 hours, 18 minutes, 46 seconds
2026-04-11 11:43:35,956 - my_experiment - bat_60_IQL_RNN_5M_42 - my_run - INFO - Recent Stats | t_env:    2650000 | Episode:    13250
blue_team_alives_mean:    86.4400	blue_team_win_mean:        0.0000	ep_length_mean:          200.0000	episode_length_mean:     199.0000
epsilon:                   0.0500	grad_norm:               428.0817	loss:                      1.5612	q_taken_mean:              0.2995
red_team_alives_mean:    143.9840	red_team_win_mean:         1.0000	return_mean:               0.3468	return_std:                0.2129
target_mean:               0.2995	td_error_abs:              0.7703	test_blue_team_alives_mean:140.0000	test_blue_team_win_mean:   0.0000
test_ep_length_mean:     200.0000	test_episode_length_mean:199.0000	test_red_team_alives_mean:144.0000	test_red_team_win_mean:    0.6000
test_return_mean:         -1.8915	test_return_std:           0.0000	
2026-04-11 11:43:41,401 - my_experiment - bat_60_IQL_RNN_5M_42 - my_run - INFO - t_env: 2650200 / 5050000
2026-04-11 11:43:41,401 - my_experiment - bat_60_IQL_RNN_5M_42 - my_run - INFO - Estimated time left: 18 hours, 26 minutes, 51 seconds. Time passed: 20 hours, 41 minutes, 49 seconds
2026-04-11 12:06:35,268 - my_experiment - bat_60_IQL_RNN_5M_42 - my_run - INFO - Recent Stats | t_env:    2700000 | Episode:    13500
blue_team_alives_mean:    83.0720	blue_team_win_mean:        0.0000	ep_length_mean:          200.0000	episode_length_mean:     199.0000
epsilon:                   0.0500	grad_norm:               373.3082	loss:                      1.4771	q_taken_mean:              0.2994
red_team_alives_mean:    144.0000	red_team_win_mean:         1.0000	return_mean:               0.3324	return_std:                0.2790
target_mean:               0.2996	td_error_abs:              0.7632	test_blue_team_alives_mean:130.2000	test_blue_team_win_mean:   0.0000
test_ep_length_mean:     200.0000	test_episode_length_mean:199.0000	test_red_team_alives_mean:144.0000	test_red_team_win_mean:    0.8000
test_return_mean:         -1.5793	test_return_std:           0.0000	
2026-04-11 12:06:40,819 - my_experiment - bat_60_IQL_RNN_5M_42 - my_run - INFO - t_env: 2700200 / 5050000
2026-04-11 12:06:40,820 - my_experiment - bat_60_IQL_RNN_5M_42 - my_run - INFO - Estimated time left: 18 hours, 27 seconds. Time passed: 21 hours, 4 minutes, 49 seconds
2026-04-11 12:29:31,418 - my_experiment - bat_60_IQL_RNN_5M_42 - my_run - INFO - Recent Stats | t_env:    2750000 | Episode:    13750
blue_team_alives_mean:    79.9720	blue_team_win_mean:        0.0000	ep_length_mean:          200.0000	episode_length_mean:     199.0000
epsilon:                   0.0500	grad_norm:               335.2963	loss:                      1.3696	q_taken_mean:              0.2982
red_team_alives_mean:    144.0000	red_team_win_mean:         1.0000	return_mean:               0.3465	return_std:                0.2600
target_mean:               0.2979	td_error_abs:              0.7662	test_blue_team_alives_mean:124.6000	test_blue_team_win_mean:   0.0000
test_ep_length_mean:     200.0000	test_episode_length_mean:199.0000	test_red_team_alives_mean:144.0000	test_red_team_win_mean:    0.8000
test_return_mean:         -1.2989	test_return_std:           0.0000	
2026-04-11 12:29:36,883 - my_experiment - bat_60_IQL_RNN_5M_42 - my_run - INFO - t_env: 2750200 / 5050000
2026-04-11 12:29:36,884 - my_experiment - bat_60_IQL_RNN_5M_42 - my_run - INFO - Estimated time left: 17 hours, 34 minutes, 53 seconds. Time passed: 21 hours, 27 minutes, 45 seconds
2026-04-11 12:51:40,144 - my_experiment - bat_60_IQL_RNN_5M_42 - my_run - INFO - Recent Stats | t_env:    2800000 | Episode:    14000
blue_team_alives_mean:    65.7800	blue_team_win_mean:        0.0000	ep_length_mean:          200.0000	episode_length_mean:     199.0000
epsilon:                   0.0500	grad_norm:               298.4164	loss:                      1.2940	q_taken_mean:              0.2953
red_team_alives_mean:    143.9960	red_team_win_mean:         1.0000	return_mean:               0.1966	return_std:                0.2515
target_mean:               0.2956	td_error_abs:              0.7587	test_blue_team_alives_mean:119.0000	test_blue_team_win_mean:   0.0000
test_ep_length_mean:     200.0000	test_episode_length_mean:199.0000	test_red_team_alives_mean:144.0000	test_red_team_win_mean:    1.0000
test_return_mean:         -1.0531	test_return_std:           0.0000	
2026-04-11 12:51:45,416 - my_experiment - bat_60_IQL_RNN_5M_42 - my_run - INFO - t_env: 2800200 / 5050000
2026-04-11 12:51:45,416 - my_experiment - bat_60_IQL_RNN_5M_42 - my_run - INFO - Estimated time left: 16 hours, 36 minutes, 18 seconds. Time passed: 21 hours, 49 minutes, 53 seconds
2026-04-11 13:13:25,026 - my_experiment - bat_60_IQL_RNN_5M_42 - my_run - INFO - Recent Stats | t_env:    2850000 | Episode:    14250
blue_team_alives_mean:    63.0240	blue_team_win_mean:        0.0000	ep_length_mean:          200.0000	episode_length_mean:     199.0000
epsilon:                   0.0500	grad_norm:               331.3653	loss:                      1.4751	q_taken_mean:              0.2931
red_team_alives_mean:    144.0000	red_team_win_mean:         1.0000	return_mean:              -0.1748	return_std:                0.5093
target_mean:               0.2933	td_error_abs:              0.8213	test_blue_team_alives_mean:116.0000	test_blue_team_win_mean:   0.0000
test_ep_length_mean:     200.0000	test_episode_length_mean:199.0000	test_red_team_alives_mean:144.0000	test_red_team_win_mean:    1.0000
test_return_mean:         -1.2375	test_return_std:           0.0000	
2026-04-11 13:13:30,523 - my_experiment - bat_60_IQL_RNN_5M_42 - my_run - INFO - t_env: 2850200 / 5050000
2026-04-11 13:13:30,524 - my_experiment - bat_60_IQL_RNN_5M_42 - my_run - INFO - Estimated time left: 15 hours, 56 minutes, 59 seconds. Time passed: 22 hours, 11 minutes, 39 seconds
2026-04-11 13:35:42,307 - my_experiment - bat_60_IQL_RNN_5M_42 - my_run - INFO - Recent Stats | t_env:    2900000 | Episode:    14500
blue_team_alives_mean:    68.9240	blue_team_win_mean:        0.0000	ep_length_mean:          200.0000	episode_length_mean:     199.0000
epsilon:                   0.0500	grad_norm:               246.1421	loss:                      1.3896	q_taken_mean:              0.2883
red_team_alives_mean:    144.0000	red_team_win_mean:         1.0000	return_mean:              -0.0901	return_std:                0.4571
target_mean:               0.2885	td_error_abs:              0.7861	test_blue_team_alives_mean:113.4000	test_blue_team_win_mean:   0.0000
test_ep_length_mean:     200.0000	test_episode_length_mean:199.0000	test_red_team_alives_mean:144.0000	test_red_team_win_mean:    1.0000
test_return_mean:         -1.7457	test_return_std:           0.0000	
2026-04-11 13:35:47,613 - my_experiment - bat_60_IQL_RNN_5M_42 - my_run - INFO - t_env: 2900200 / 5050000
2026-04-11 13:35:47,613 - my_experiment - bat_60_IQL_RNN_5M_42 - my_run - INFO - Estimated time left: 15 hours, 58 minutes, 9 seconds. Time passed: 22 hours, 33 minutes, 56 seconds
2026-04-11 13:57:55,368 - my_experiment - bat_60_IQL_RNN_5M_42 - my_run - INFO - Recent Stats | t_env:    2950000 | Episode:    14750
blue_team_alives_mean:    70.5280	blue_team_win_mean:        0.0000	ep_length_mean:          200.0000	episode_length_mean:     199.0000
epsilon:                   0.0500	grad_norm:               273.2111	loss:                      1.4277	q_taken_mean:              0.2824
red_team_alives_mean:    144.0000	red_team_win_mean:         1.0000	return_mean:               0.1303	return_std:                0.4129
target_mean:               0.2822	td_error_abs:              0.7927	test_blue_team_alives_mean:123.0000	test_blue_team_win_mean:   0.0000
test_ep_length_mean:     200.0000	test_episode_length_mean:199.0000	test_red_team_alives_mean:144.0000	test_red_team_win_mean:    1.0000
test_return_mean:         -2.5704	test_return_std:           0.0000	
2026-04-11 13:58:00,674 - my_experiment - bat_60_IQL_RNN_5M_42 - my_run - INFO - t_env: 2950200 / 5050000
2026-04-11 13:58:00,675 - my_experiment - bat_60_IQL_RNN_5M_42 - my_run - INFO - Estimated time left: 15 hours, 33 minutes, 3 seconds. Time passed: 22 hours, 56 minutes, 9 seconds
2026-04-11 14:20:24,804 - my_experiment - bat_60_IQL_RNN_5M_42 - my_run - INFO - Recent Stats | t_env:    3000000 | Episode:    15000
blue_team_alives_mean:    67.8600	blue_team_win_mean:        0.0000	ep_length_mean:          200.0000	episode_length_mean:     199.0000
epsilon:                   0.0500	grad_norm:               226.1846	loss:                      1.3328	q_taken_mean:              0.2793
red_team_alives_mean:    144.0000	red_team_win_mean:         1.0000	return_mean:               0.5148	return_std:                0.2562
target_mean:               0.2795	td_error_abs:              0.7570	test_blue_team_alives_mean:125.4000	test_blue_team_win_mean:   0.0000
test_ep_length_mean:     200.0000	test_episode_length_mean:199.0000	test_red_team_alives_mean:144.0000	test_red_team_win_mean:    1.0000
test_return_mean:         -2.9378	test_return_std:           0.0000	
2026-04-11 14:20:30,219 - my_experiment - bat_60_IQL_RNN_5M_42 - my_run - INFO - t_env: 3000200 / 5050000
2026-04-11 14:20:30,219 - my_experiment - bat_60_IQL_RNN_5M_42 - my_run - INFO - Estimated time left: 15 hours, 22 minutes, 5 seconds. Time passed: 23 hours, 18 minutes, 38 seconds
2026-04-11 14:20:35,515 - my_experiment - bat_60_IQL_RNN_5M_42 - my_run - INFO - Saving models to work_dirs/my_experiment/bat_60_IQL_RNN_5M_42/my_run/20260410_150132/models/3000200
2026-04-11 14:43:21,472 - my_experiment - bat_60_IQL_RNN_5M_42 - my_run - INFO - Recent Stats | t_env:    3050000 | Episode:    15250
blue_team_alives_mean:    69.2360	blue_team_win_mean:        0.0000	ep_length_mean:          200.0000	episode_length_mean:     199.0000
epsilon:                   0.0500	grad_norm:               331.9304	loss:                      1.6819	q_taken_mean:              0.2795
red_team_alives_mean:    143.9960	red_team_win_mean:         1.0000	return_mean:               0.8338	return_std:                0.2224
target_mean:               0.2810	td_error_abs:              0.8507	test_blue_team_alives_mean:124.0000	test_blue_team_win_mean:   0.0000
test_ep_length_mean:     200.0000	test_episode_length_mean:199.0000	test_red_team_alives_mean:144.0000	test_red_team_win_mean:    1.0000
test_return_mean:         -2.6467	test_return_std:           0.0000	
2026-04-11 14:43:27,187 - my_experiment - bat_60_IQL_RNN_5M_42 - my_run - INFO - t_env: 3050200 / 5050000
2026-04-11 14:43:27,188 - my_experiment - bat_60_IQL_RNN_5M_42 - my_run - INFO - Estimated time left: 15 hours, 17 minutes, 53 seconds. Time passed: 23 hours, 41 minutes, 35 seconds
2026-04-11 15:06:46,653 - my_experiment - bat_60_IQL_RNN_5M_42 - my_run - INFO - Recent Stats | t_env:    3100000 | Episode:    15500
blue_team_alives_mean:    77.9560	blue_team_win_mean:        0.0000	ep_length_mean:          200.0000	episode_length_mean:     199.0000
epsilon:                   0.0500	grad_norm:               436.4631	loss:                      2.0817	q_taken_mean:              0.2876
red_team_alives_mean:    144.0000	red_team_win_mean:         1.0000	return_mean:               0.5492	return_std:                0.2102
target_mean:               0.2884	td_error_abs:              0.9291	test_blue_team_alives_mean:126.0000	test_blue_team_win_mean:   0.0000
test_ep_length_mean:     200.0000	test_episode_length_mean:199.0000	test_red_team_alives_mean:144.0000	test_red_team_win_mean:    1.0000
test_return_mean:         -2.3218	test_return_std:           0.0000	
2026-04-11 15:06:52,222 - my_experiment - bat_60_IQL_RNN_5M_42 - my_run - INFO - t_env: 3100200 / 5050000
2026-04-11 15:06:52,223 - my_experiment - bat_60_IQL_RNN_5M_42 - my_run - INFO - Estimated time left: 15 hours, 13 minutes, 10 seconds. Time passed: 1 days, 5 minutes, 0 seconds
2026-04-11 15:30:01,692 - my_experiment - bat_60_IQL_RNN_5M_42 - my_run - INFO - Recent Stats | t_env:    3150000 | Episode:    15750
blue_team_alives_mean:    81.4440	blue_team_win_mean:        0.0000	ep_length_mean:          200.0000	episode_length_mean:     199.0000
epsilon:                   0.0500	grad_norm:               279.8655	loss:                      1.5577	q_taken_mean:              0.2912
red_team_alives_mean:    143.9960	red_team_win_mean:         1.0000	return_mean:               0.4505	return_std:                0.1957
target_mean:               0.2903	td_error_abs:              0.8348	test_blue_team_alives_mean:118.0000	test_blue_team_win_mean:   0.0000
test_ep_length_mean:     200.0000	test_episode_length_mean:199.0000	test_red_team_alives_mean:144.0000	test_red_team_win_mean:    1.0000
test_return_mean:         -1.4075	test_return_std:           0.0000	
2026-04-11 15:30:07,334 - my_experiment - bat_60_IQL_RNN_5M_42 - my_run - INFO - t_env: 3150200 / 5050000
2026-04-11 15:30:07,335 - my_experiment - bat_60_IQL_RNN_5M_42 - my_run - INFO - Estimated time left: 14 hours, 43 minutes, 28 seconds. Time passed: 1 days, 28 minutes, 15 seconds
2026-04-11 15:53:11,179 - my_experiment - bat_60_IQL_RNN_5M_42 - my_run - INFO - Recent Stats | t_env:    3200000 | Episode:    16000
blue_team_alives_mean:    82.5200	blue_team_win_mean:        0.0000	ep_length_mean:          200.0000	episode_length_mean:     199.0000
epsilon:                   0.0500	grad_norm:               145.9094	loss:                      1.4247	q_taken_mean:              0.2934
red_team_alives_mean:    143.9960	red_team_win_mean:         1.0000	return_mean:               0.3920	return_std:                0.1897
target_mean:               0.2935	td_error_abs:              0.7681	test_blue_team_alives_mean:105.6000	test_blue_team_win_mean:   0.0000
test_ep_length_mean:     200.0000	test_episode_length_mean:199.0000	test_red_team_alives_mean:144.0000	test_red_team_win_mean:    1.0000
test_return_mean:         -0.2990	test_return_std:           0.0000	
2026-04-11 15:53:16,546 - my_experiment - bat_60_IQL_RNN_5M_42 - my_run - INFO - t_env: 3200200 / 5050000
2026-04-11 15:53:16,547 - my_experiment - bat_60_IQL_RNN_5M_42 - my_run - INFO - Estimated time left: 14 hours, 16 minutes, 35 seconds. Time passed: 1 days, 51 minutes, 25 seconds
2026-04-11 16:15:53,430 - my_experiment - bat_60_IQL_RNN_5M_42 - my_run - INFO - Recent Stats | t_env:    3250000 | Episode:    16250
blue_team_alives_mean:    83.1840	blue_team_win_mean:        0.0000	ep_length_mean:          200.0000	episode_length_mean:     199.0000
epsilon:                   0.0500	grad_norm:               203.6047	loss:                      1.2262	q_taken_mean:              0.2945
red_team_alives_mean:    144.0000	red_team_win_mean:         1.0000	return_mean:               0.4160	return_std:                0.1876
target_mean:               0.2945	td_error_abs:              0.7297	test_blue_team_alives_mean: 98.8000	test_blue_team_win_mean:   0.0000
test_ep_length_mean:     200.0000	test_episode_length_mean:199.0000	test_red_team_alives_mean:144.0000	test_red_team_win_mean:    1.0000
test_return_mean:          0.2196	test_return_std:           0.0000	
2026-04-11 16:15:58,899 - my_experiment - bat_60_IQL_RNN_5M_42 - my_run - INFO - t_env: 3250200 / 5050000
2026-04-11 16:15:58,899 - my_experiment - bat_60_IQL_RNN_5M_42 - my_run - INFO - Estimated time left: 13 hours, 37 minutes, 19 seconds. Time passed: 1 days, 1 hours, 14 minutes, 7 seconds
2026-04-11 16:38:47,997 - my_experiment - bat_60_IQL_RNN_5M_42 - my_run - INFO - Recent Stats | t_env:    3300000 | Episode:    16500
blue_team_alives_mean:    84.4680	blue_team_win_mean:        0.0000	ep_length_mean:          200.0000	episode_length_mean:     199.0000
epsilon:                   0.0500	grad_norm:               205.3567	loss:                      1.1576	q_taken_mean:              0.2959
red_team_alives_mean:    143.9960	red_team_win_mean:         1.0000	return_mean:               0.3433	return_std:                0.1926
target_mean:               0.2962	td_error_abs:              0.7020	test_blue_team_alives_mean: 97.8000	test_blue_team_win_mean:   0.0000
test_ep_length_mean:     200.0000	test_episode_length_mean:199.0000	test_red_team_alives_mean:144.0000	test_red_team_win_mean:    1.0000
test_return_mean:          0.1817	test_return_std:           0.0000	
2026-04-11 16:38:53,416 - my_experiment - bat_60_IQL_RNN_5M_42 - my_run - INFO - t_env: 3300200 / 5050000
2026-04-11 16:38:53,417 - my_experiment - bat_60_IQL_RNN_5M_42 - my_run - INFO - Estimated time left: 13 hours, 21 minutes, 42 seconds. Time passed: 1 days, 1 hours, 37 minutes, 1 seconds
2026-04-11 17:01:33,682 - my_experiment - bat_60_IQL_RNN_5M_42 - my_run - INFO - Recent Stats | t_env:    3350000 | Episode:    16750
blue_team_alives_mean:    84.5480	blue_team_win_mean:        0.0000	ep_length_mean:          200.0000	episode_length_mean:     199.0000
epsilon:                   0.0500	grad_norm:               197.1662	loss:                      1.1502	q_taken_mean:              0.2977
red_team_alives_mean:    143.9920	red_team_win_mean:         1.0000	return_mean:               0.3591	return_std:                0.2041
target_mean:               0.2977	td_error_abs:              0.6984	test_blue_team_alives_mean: 88.2000	test_blue_team_win_mean:   0.0000
test_ep_length_mean:     200.0000	test_episode_length_mean:199.0000	test_red_team_alives_mean:144.0000	test_red_team_win_mean:    1.0000
test_return_mean:          0.5260	test_return_std:           0.0000	
2026-04-11 17:01:39,043 - my_experiment - bat_60_IQL_RNN_5M_42 - my_run - INFO - t_env: 3350200 / 5050000
2026-04-11 17:01:39,044 - my_experiment - bat_60_IQL_RNN_5M_42 - my_run - INFO - Estimated time left: 12 hours, 53 minutes, 45 seconds. Time passed: 1 days, 1 hours, 59 minutes, 47 seconds
2026-04-11 17:24:26,338 - my_experiment - bat_60_IQL_RNN_5M_42 - my_run - INFO - Recent Stats | t_env:    3400000 | Episode:    17000
blue_team_alives_mean:    85.0360	blue_team_win_mean:        0.0000	ep_length_mean:          200.0000	episode_length_mean:     199.0000
epsilon:                   0.0500	grad_norm:               188.2660	loss:                      1.1383	q_taken_mean:              0.3010
red_team_alives_mean:    144.0000	red_team_win_mean:         1.0000	return_mean:               0.3473	return_std:                0.1944
target_mean:               0.3011	td_error_abs:              0.6879	test_blue_team_alives_mean: 88.2000	test_blue_team_win_mean:   0.0000
test_ep_length_mean:     200.0000	test_episode_length_mean:199.0000	test_red_team_alives_mean:144.0000	test_red_team_win_mean:    1.0000
test_return_mean:          0.4387	test_return_std:           0.0000	
2026-04-11 17:24:31,886 - my_experiment - bat_60_IQL_RNN_5M_42 - my_run - INFO - t_env: 3400200 / 5050000
2026-04-11 17:24:31,887 - my_experiment - bat_60_IQL_RNN_5M_42 - my_run - INFO - Estimated time left: 12 hours, 34 minutes, 58 seconds. Time passed: 1 days, 2 hours, 22 minutes, 40 seconds
2026-04-11 17:47:57,229 - my_experiment - bat_60_IQL_RNN_5M_42 - my_run - INFO - Recent Stats | t_env:    3450000 | Episode:    17250
blue_team_alives_mean:    87.1080	blue_team_win_mean:        0.0000	ep_length_mean:          200.0000	episode_length_mean:     199.0000
epsilon:                   0.0500	grad_norm:               227.3267	loss:                      1.2429	q_taken_mean:              0.3013
red_team_alives_mean:    143.9960	red_team_win_mean:         1.0000	return_mean:               0.3129	return_std:                0.1990
target_mean:               0.3009	td_error_abs:              0.7419	test_blue_team_alives_mean: 90.0000	test_blue_team_win_mean:   0.0000
test_ep_length_mean:     200.0000	test_episode_length_mean:199.0000	test_red_team_alives_mean:144.0000	test_red_team_win_mean:    1.0000
test_return_mean:          0.3589	test_return_std:           0.0000	
2026-04-11 17:48:02,876 - my_experiment - bat_60_IQL_RNN_5M_42 - my_run - INFO - t_env: 3450200 / 5050000
2026-04-11 17:48:02,877 - my_experiment - bat_60_IQL_RNN_5M_42 - my_run - INFO - Estimated time left: 12 hours, 32 minutes, 26 seconds. Time passed: 1 days, 2 hours, 46 minutes, 11 seconds
2026-04-11 18:11:35,270 - my_experiment - bat_60_IQL_RNN_5M_42 - my_run - INFO - Recent Stats | t_env:    3500000 | Episode:    17500
blue_team_alives_mean:    89.2920	blue_team_win_mean:        0.0000	ep_length_mean:          200.0000	episode_length_mean:     199.0000
epsilon:                   0.0500	grad_norm:               264.4058	loss:                      1.2778	q_taken_mean:              0.3005
red_team_alives_mean:    143.9920	red_team_win_mean:         1.0000	return_mean:               0.2727	return_std:                0.2158
target_mean:               0.3008	td_error_abs:              0.7398	test_blue_team_alives_mean: 91.0000	test_blue_team_win_mean:   0.0000
test_ep_length_mean:     200.0000	test_episode_length_mean:199.0000	test_red_team_alives_mean:144.0000	test_red_team_win_mean:    1.0000
test_return_mean:          0.2903	test_return_std:           0.0000	
2026-04-11 18:11:40,926 - my_experiment - bat_60_IQL_RNN_5M_42 - my_run - INFO - t_env: 3500200 / 5050000
2026-04-11 18:11:40,927 - my_experiment - bat_60_IQL_RNN_5M_42 - my_run - INFO - Estimated time left: 12 hours, 12 minutes, 33 seconds. Time passed: 1 days, 3 hours, 9 minutes, 49 seconds
2026-04-11 18:11:45,959 - my_experiment - bat_60_IQL_RNN_5M_42 - my_run - INFO - Saving models to work_dirs/my_experiment/bat_60_IQL_RNN_5M_42/my_run/20260410_150132/models/3500200
2026-04-11 18:35:26,963 - my_experiment - bat_60_IQL_RNN_5M_42 - my_run - INFO - Recent Stats | t_env:    3550000 | Episode:    17750
blue_team_alives_mean:    93.5560	blue_team_win_mean:        0.0000	ep_length_mean:          200.0000	episode_length_mean:     199.0000
epsilon:                   0.0500	grad_norm:               229.8269	loss:                      1.2257	q_taken_mean:              0.3021
red_team_alives_mean:    144.0000	red_team_win_mean:         1.0000	return_mean:               0.1882	return_std:                0.1978
target_mean:               0.3019	td_error_abs:              0.7112	test_blue_team_alives_mean: 88.0000	test_blue_team_win_mean:   0.0000
test_ep_length_mean:     200.0000	test_episode_length_mean:199.0000	test_red_team_alives_mean:144.0000	test_red_team_win_mean:    1.0000
test_return_mean:          0.4821	test_return_std:           0.0000	
2026-04-11 18:35:32,700 - my_experiment - bat_60_IQL_RNN_5M_42 - my_run - INFO - t_env: 3550200 / 5050000
2026-04-11 18:35:32,701 - my_experiment - bat_60_IQL_RNN_5M_42 - my_run - INFO - Estimated time left: 11 hours, 55 minutes, 47 seconds. Time passed: 1 days, 3 hours, 33 minutes, 41 seconds
2026-04-11 18:59:06,678 - my_experiment - bat_60_IQL_RNN_5M_42 - my_run - INFO - Recent Stats | t_env:    3600000 | Episode:    18000
blue_team_alives_mean:    94.9040	blue_team_win_mean:        0.0000	ep_length_mean:          200.0000	episode_length_mean:     199.0000
epsilon:                   0.0500	grad_norm:               245.0113	loss:                      1.1961	q_taken_mean:              0.3033
red_team_alives_mean:    143.9920	red_team_win_mean:         1.0000	return_mean:               0.1951	return_std:                0.1996
target_mean:               0.3035	td_error_abs:              0.7102	test_blue_team_alives_mean: 90.0000	test_blue_team_win_mean:   0.0000
test_ep_length_mean:     200.0000	test_episode_length_mean:199.0000	test_red_team_alives_mean:144.0000	test_red_team_win_mean:    1.0000
test_return_mean:          0.3935	test_return_std:           0.0000	
2026-04-11 18:59:12,361 - my_experiment - bat_60_IQL_RNN_5M_42 - my_run - INFO - t_env: 3600200 / 5050000
2026-04-11 18:59:12,362 - my_experiment - bat_60_IQL_RNN_5M_42 - my_run - INFO - Estimated time left: 11 hours, 26 minutes, 4 seconds. Time passed: 1 days, 3 hours, 57 minutes, 20 seconds
2026-04-11 19:22:48,065 - my_experiment - bat_60_IQL_RNN_5M_42 - my_run - INFO - Recent Stats | t_env:    3650000 | Episode:    18250
blue_team_alives_mean:    97.5360	blue_team_win_mean:        0.0000	ep_length_mean:          200.0000	episode_length_mean:     199.0000
epsilon:                   0.0500	grad_norm:               285.1741	loss:                      1.3079	q_taken_mean:              0.3073
red_team_alives_mean:    143.9960	red_team_win_mean:         1.0000	return_mean:               0.1614	return_std:                0.1820
target_mean:               0.3069	td_error_abs:              0.7621	test_blue_team_alives_mean: 92.6000	test_blue_team_win_mean:   0.0000
test_ep_length_mean:     200.0000	test_episode_length_mean:199.0000	test_red_team_alives_mean:144.0000	test_red_team_win_mean:    1.0000
test_return_mean:          0.4387	test_return_std:           0.0000	
2026-04-11 19:22:53,833 - my_experiment - bat_60_IQL_RNN_5M_42 - my_run - INFO - t_env: 3650200 / 5050000
2026-04-11 19:22:53,834 - my_experiment - bat_60_IQL_RNN_5M_42 - my_run - INFO - Estimated time left: 11 hours, 3 minutes, 15 seconds. Time passed: 1 days, 4 hours, 21 minutes, 2 seconds
2026-04-11 19:46:30,439 - my_experiment - bat_60_IQL_RNN_5M_42 - my_run - INFO - Recent Stats | t_env:    3700000 | Episode:    18500
blue_team_alives_mean:    98.4840	blue_team_win_mean:        0.0000	ep_length_mean:          200.0000	episode_length_mean:     199.0000
epsilon:                   0.0500	grad_norm:               271.9591	loss:                      1.2179	q_taken_mean:              0.3088
red_team_alives_mean:    143.9960	red_team_win_mean:         1.0000	return_mean:               0.1312	return_std:                0.1851
target_mean:               0.3089	td_error_abs:              0.7226	test_blue_team_alives_mean: 95.0000	test_blue_team_win_mean:   0.0000
test_ep_length_mean:     200.0000	test_episode_length_mean:199.0000	test_red_team_alives_mean:144.0000	test_red_team_win_mean:    1.0000
test_return_mean:          0.3587	test_return_std:           0.0000	
2026-04-11 19:46:36,189 - my_experiment - bat_60_IQL_RNN_5M_42 - my_run - INFO - t_env: 3700200 / 5050000
2026-04-11 19:46:36,189 - my_experiment - bat_60_IQL_RNN_5M_42 - my_run - INFO - Estimated time left: 10 hours, 39 minutes, 57 seconds. Time passed: 1 days, 4 hours, 44 minutes, 44 seconds
2026-04-11 20:10:18,724 - my_experiment - bat_60_IQL_RNN_5M_42 - my_run - INFO - Recent Stats | t_env:    3750000 | Episode:    18750
blue_team_alives_mean:    97.8960	blue_team_win_mean:        0.0000	ep_length_mean:          200.0000	episode_length_mean:     199.0000
epsilon:                   0.0500	grad_norm:               281.1037	loss:                      1.2000	q_taken_mean:              0.3117
red_team_alives_mean:    143.9960	red_team_win_mean:         1.0000	return_mean:               0.2026	return_std:                0.1828
target_mean:               0.3113	td_error_abs:              0.7219	test_blue_team_alives_mean: 94.8000	test_blue_team_win_mean:   0.0000
test_ep_length_mean:     200.0000	test_episode_length_mean:199.0000	test_red_team_alives_mean:144.0000	test_red_team_win_mean:    1.0000
test_return_mean:          0.4450	test_return_std:           0.0000	
2026-04-11 20:10:24,391 - my_experiment - bat_60_IQL_RNN_5M_42 - my_run - INFO - t_env: 3750200 / 5050000
2026-04-11 20:10:24,391 - my_experiment - bat_60_IQL_RNN_5M_42 - my_run - INFO - Estimated time left: 10 hours, 18 minutes, 47 seconds. Time passed: 1 days, 5 hours, 8 minutes, 32 seconds
2026-04-11 20:34:22,846 - my_experiment - bat_60_IQL_RNN_5M_42 - my_run - INFO - Recent Stats | t_env:    3800000 | Episode:    19000
blue_team_alives_mean:    97.9880	blue_team_win_mean:        0.0000	ep_length_mean:          200.0000	episode_length_mean:     199.0000
epsilon:                   0.0500	grad_norm:               287.1464	loss:                      1.1706	q_taken_mean:              0.3111
red_team_alives_mean:    144.0000	red_team_win_mean:         1.0000	return_mean:               0.2530	return_std:                0.1793
target_mean:               0.3114	td_error_abs:              0.7099	test_blue_team_alives_mean: 96.2000	test_blue_team_win_mean:   0.0000
test_ep_length_mean:     200.0000	test_episode_length_mean:199.0000	test_red_team_alives_mean:144.0000	test_red_team_win_mean:    1.0000
test_return_mean:          0.4260	test_return_std:           0.0000	
2026-04-11 20:34:28,599 - my_experiment - bat_60_IQL_RNN_5M_42 - my_run - INFO - t_env: 3800200 / 5050000
2026-04-11 20:34:28,600 - my_experiment - bat_60_IQL_RNN_5M_42 - my_run - INFO - Estimated time left: 10 hours, 1 minutes, 39 seconds. Time passed: 1 days, 5 hours, 32 minutes, 37 seconds
2026-04-11 20:58:25,472 - my_experiment - bat_60_IQL_RNN_5M_42 - my_run - INFO - Recent Stats | t_env:    3850000 | Episode:    19250
blue_team_alives_mean:    96.2480	blue_team_win_mean:        0.0000	ep_length_mean:          200.0000	episode_length_mean:     199.0000
epsilon:                   0.0500	grad_norm:               281.7349	loss:                      1.1936	q_taken_mean:              0.3113
red_team_alives_mean:    143.9880	red_team_win_mean:         1.0000	return_mean:               0.2638	return_std:                0.2020
target_mean:               0.3108	td_error_abs:              0.7393	test_blue_team_alives_mean: 98.4000	test_blue_team_win_mean:   0.0000
test_ep_length_mean:     200.0000	test_episode_length_mean:199.0000	test_red_team_alives_mean:144.0000	test_red_team_win_mean:    1.0000
test_return_mean:          0.4042	test_return_std:           0.0000	
2026-04-11 20:58:31,166 - my_experiment - bat_60_IQL_RNN_5M_42 - my_run - INFO - t_env: 3850200 / 5050000
2026-04-11 20:58:31,167 - my_experiment - bat_60_IQL_RNN_5M_42 - my_run - INFO - Estimated time left: 9 hours, 36 minutes, 55 seconds. Time passed: 1 days, 5 hours, 56 minutes, 39 seconds
2026-04-11 21:22:23,916 - my_experiment - bat_60_IQL_RNN_5M_42 - my_run - INFO - Recent Stats | t_env:    3900000 | Episode:    19500
blue_team_alives_mean:    94.6040	blue_team_win_mean:        0.0000	ep_length_mean:          200.0000	episode_length_mean:     199.0000
epsilon:                   0.0500	grad_norm:               276.3813	loss:                      1.1453	q_taken_mean:              0.3099
red_team_alives_mean:    143.9960	red_team_win_mean:         1.0000	return_mean:               0.1974	return_std:                0.2529
target_mean:               0.3099	td_error_abs:              0.7014	test_blue_team_alives_mean: 97.4000	test_blue_team_win_mean:   0.0000
test_ep_length_mean:     200.0000	test_episode_length_mean:199.0000	test_red_team_alives_mean:144.0000	test_red_team_win_mean:    1.0000
test_return_mean:          0.3739	test_return_std:           0.0000	
2026-04-11 21:22:29,599 - my_experiment - bat_60_IQL_RNN_5M_42 - my_run - INFO - t_env: 3900200 / 5050000
2026-04-11 21:22:29,600 - my_experiment - bat_60_IQL_RNN_5M_42 - my_run - INFO - Estimated time left: 9 hours, 11 minutes, 18 seconds. Time passed: 1 days, 6 hours, 20 minutes, 38 seconds
2026-04-11 21:45:27,103 - my_experiment - bat_60_IQL_RNN_5M_42 - my_run - INFO - Recent Stats | t_env:    3950000 | Episode:    19750
blue_team_alives_mean:    77.9320	blue_team_win_mean:        0.0000	ep_length_mean:          200.0000	episode_length_mean:     199.0000
epsilon:                   0.0500	grad_norm:               269.2608	loss:                      1.1674	q_taken_mean:              0.3060
red_team_alives_mean:    144.0000	red_team_win_mean:         1.0000	return_mean:               0.4296	return_std:                0.3792
target_mean:               0.3057	td_error_abs:              0.7089	test_blue_team_alives_mean: 94.0000	test_blue_team_win_mean:   0.0000
test_ep_length_mean:     200.0000	test_episode_length_mean:199.0000	test_red_team_alives_mean:144.0000	test_red_team_win_mean:    1.0000
test_return_mean:          0.5169	test_return_std:           0.0000	
2026-04-11 21:45:32,427 - my_experiment - bat_60_IQL_RNN_5M_42 - my_run - INFO - t_env: 3950200 / 5050000
2026-04-11 21:45:32,427 - my_experiment - bat_60_IQL_RNN_5M_42 - my_run - INFO - Estimated time left: 8 hours, 26 minutes, 56 seconds. Time passed: 1 days, 6 hours, 43 minutes, 40 seconds
2026-04-11 22:08:25,802 - my_experiment - bat_60_IQL_RNN_5M_42 - my_run - INFO - Recent Stats | t_env:    4000000 | Episode:    20000
blue_team_alives_mean:    77.1560	blue_team_win_mean:        0.0000	ep_length_mean:          200.0000	episode_length_mean:     199.0000
epsilon:                   0.0500	grad_norm:               215.8501	loss:                      1.2593	q_taken_mean:              0.2986
red_team_alives_mean:    143.9960	red_team_win_mean:         1.0000	return_mean:               0.2667	return_std:                0.5840
target_mean:               0.2987	td_error_abs:              0.7034	test_blue_team_alives_mean: 91.4000	test_blue_team_win_mean:   0.0000
test_ep_length_mean:     200.0000	test_episode_length_mean:199.0000	test_red_team_alives_mean:144.0000	test_red_team_win_mean:    1.0000
test_return_mean:          0.5751	test_return_std:           0.0000	
2026-04-11 22:08:31,773 - my_experiment - bat_60_IQL_RNN_5M_42 - my_run - INFO - t_env: 4000200 / 5050000
2026-04-11 22:08:31,773 - my_experiment - bat_60_IQL_RNN_5M_42 - my_run - INFO - Estimated time left: 8 hours, 2 minutes, 40 seconds. Time passed: 1 days, 7 hours, 6 minutes, 40 seconds
2026-04-11 22:08:37,168 - my_experiment - bat_60_IQL_RNN_5M_42 - my_run - INFO - Saving models to work_dirs/my_experiment/bat_60_IQL_RNN_5M_42/my_run/20260410_150132/models/4000200
2026-04-11 22:32:12,755 - my_experiment - bat_60_IQL_RNN_5M_42 - my_run - INFO - Recent Stats | t_env:    4050000 | Episode:    20250
blue_team_alives_mean:    87.5200	blue_team_win_mean:        0.0000	ep_length_mean:          200.0000	episode_length_mean:     199.0000
epsilon:                   0.0500	grad_norm:               199.6644	loss:                      1.3592	q_taken_mean:              0.2936
red_team_alives_mean:    144.0000	red_team_win_mean:         1.0000	return_mean:              -0.0019	return_std:                0.5259
target_mean:               0.2932	td_error_abs:              0.7615	test_blue_team_alives_mean: 94.0000	test_blue_team_win_mean:   0.0000
test_ep_length_mean:     200.0000	test_episode_length_mean:199.0000	test_red_team_alives_mean:144.0000	test_red_team_win_mean:    1.0000
test_return_mean:          0.0710	test_return_std:           0.0000	
2026-04-11 22:32:18,403 - my_experiment - bat_60_IQL_RNN_5M_42 - my_run - INFO - t_env: 4050200 / 5050000
2026-04-11 22:32:18,404 - my_experiment - bat_60_IQL_RNN_5M_42 - my_run - INFO - Estimated time left: 7 hours, 55 minutes, 26 seconds. Time passed: 1 days, 7 hours, 30 minutes, 26 seconds
2026-04-11 22:56:00,601 - my_experiment - bat_60_IQL_RNN_5M_42 - my_run - INFO - Recent Stats | t_env:    4100000 | Episode:    20500
blue_team_alives_mean:    92.7280	blue_team_win_mean:        0.0000	ep_length_mean:          200.0000	episode_length_mean:     199.0000
epsilon:                   0.0500	grad_norm:               151.5877	loss:                      1.4114	q_taken_mean:              0.2862
red_team_alives_mean:    143.9880	red_team_win_mean:         1.0000	return_mean:               0.2557	return_std:                0.3090
target_mean:               0.2861	td_error_abs:              0.7310	test_blue_team_alives_mean: 92.2000	test_blue_team_win_mean:   0.0000
test_ep_length_mean:     200.0000	test_episode_length_mean:199.0000	test_red_team_alives_mean:144.0000	test_red_team_win_mean:    1.0000
test_return_mean:          0.1236	test_return_std:           0.0000	
2026-04-11 22:56:06,288 - my_experiment - bat_60_IQL_RNN_5M_42 - my_run - INFO - t_env: 4100200 / 5050000
2026-04-11 22:56:06,289 - my_experiment - bat_60_IQL_RNN_5M_42 - my_run - INFO - Estimated time left: 7 hours, 32 minutes, 4 seconds. Time passed: 1 days, 7 hours, 54 minutes, 14 seconds
2026-04-11 23:19:36,292 - my_experiment - bat_60_IQL_RNN_5M_42 - my_run - INFO - Recent Stats | t_env:    4150000 | Episode:    20750
blue_team_alives_mean:    78.3720	blue_team_win_mean:        0.0000	ep_length_mean:          200.0000	episode_length_mean:     199.0000
epsilon:                   0.0500	grad_norm:               136.7329	loss:                      1.4040	q_taken_mean:              0.2845
red_team_alives_mean:    143.9840	red_team_win_mean:         1.0000	return_mean:               0.6490	return_std:                0.2973
target_mean:               0.2842	td_error_abs:              0.7343	test_blue_team_alives_mean: 93.6000	test_blue_team_win_mean:   0.0000
test_ep_length_mean:     200.0000	test_episode_length_mean:199.0000	test_red_team_alives_mean:144.0000	test_red_team_win_mean:    1.0000
test_return_mean:          0.0832	test_return_std:           0.0000	
2026-04-11 23:19:41,882 - my_experiment - bat_60_IQL_RNN_5M_42 - my_run - INFO - t_env: 4150200 / 5050000
2026-04-11 23:19:41,883 - my_experiment - bat_60_IQL_RNN_5M_42 - my_run - INFO - Estimated time left: 7 hours, 4 minutes, 35 seconds. Time passed: 1 days, 8 hours, 17 minutes, 50 seconds
2026-04-11 23:43:06,789 - my_experiment - bat_60_IQL_RNN_5M_42 - my_run - INFO - Recent Stats | t_env:    4200000 | Episode:    21000
blue_team_alives_mean:    88.5640	blue_team_win_mean:        0.0000	ep_length_mean:          200.0000	episode_length_mean:     199.0000
epsilon:                   0.0500	grad_norm:               181.4798	loss:                      1.5107	q_taken_mean:              0.2865
red_team_alives_mean:    143.9880	red_team_win_mean:         1.0000	return_mean:               0.4586	return_std:                0.1727
target_mean:               0.2864	td_error_abs:              0.7806	test_blue_team_alives_mean: 89.8000	test_blue_team_win_mean:   0.0000
test_ep_length_mean:     200.0000	test_episode_length_mean:199.0000	test_red_team_alives_mean:144.0000	test_red_team_win_mean:    1.0000
test_return_mean:          0.0944	test_return_std:           0.0000	
2026-04-11 23:43:12,517 - my_experiment - bat_60_IQL_RNN_5M_42 - my_run - INFO - t_env: 4200200 / 5050000
2026-04-11 23:43:12,518 - my_experiment - bat_60_IQL_RNN_5M_42 - my_run - INFO - Estimated time left: 6 hours, 39 minutes, 35 seconds. Time passed: 1 days, 8 hours, 41 minutes, 21 seconds
2026-04-12 00:06:54,519 - my_experiment - bat_60_IQL_RNN_5M_42 - my_run - INFO - Recent Stats | t_env:    4250000 | Episode:    21250
blue_team_alives_mean:    96.0800	blue_team_win_mean:        0.0000	ep_length_mean:          200.0000	episode_length_mean:     199.0000
epsilon:                   0.0500	grad_norm:               176.5912	loss:                      1.4739	q_taken_mean:              0.2835
red_team_alives_mean:    143.9720	red_team_win_mean:         1.0000	return_mean:               0.3874	return_std:                0.1815
target_mean:               0.2829	td_error_abs:              0.8048	test_blue_team_alives_mean: 92.4000	test_blue_team_win_mean:   0.0000
test_ep_length_mean:     200.0000	test_episode_length_mean:199.0000	test_red_team_alives_mean:144.0000	test_red_team_win_mean:    1.0000
test_return_mean:          0.0451	test_return_std:           0.0000	
2026-04-12 00:07:00,124 - my_experiment - bat_60_IQL_RNN_5M_42 - my_run - INFO - t_env: 4250200 / 5050000
2026-04-12 00:07:00,124 - my_experiment - bat_60_IQL_RNN_5M_42 - my_run - INFO - Estimated time left: 6 hours, 20 minutes, 35 seconds. Time passed: 1 days, 9 hours, 5 minutes, 8 seconds
2026-04-12 00:30:34,389 - my_experiment - bat_60_IQL_RNN_5M_42 - my_run - INFO - Recent Stats | t_env:    4300000 | Episode:    21500
blue_team_alives_mean:    92.6120	blue_team_win_mean:        0.0000	ep_length_mean:          200.0000	episode_length_mean:     199.0000
epsilon:                   0.0500	grad_norm:               320.5230	loss:                      1.9320	q_taken_mean:              0.2872
red_team_alives_mean:    143.9880	red_team_win_mean:         1.0000	return_mean:               0.3950	return_std:                0.2389
target_mean:               0.2867	td_error_abs:              0.9583	test_blue_team_alives_mean: 89.4000	test_blue_team_win_mean:   0.0000
test_ep_length_mean:     200.0000	test_episode_length_mean:199.0000	test_red_team_alives_mean:144.0000	test_red_team_win_mean:    1.0000
test_return_mean:          0.4878	test_return_std:           0.0000	
2026-04-12 00:30:40,074 - my_experiment - bat_60_IQL_RNN_5M_42 - my_run - INFO - t_env: 4300200 / 5050000
2026-04-12 00:30:40,074 - my_experiment - bat_60_IQL_RNN_5M_42 - my_run - INFO - Estimated time left: 5 hours, 54 minutes, 53 seconds. Time passed: 1 days, 9 hours, 28 minutes, 48 seconds
2026-04-12 00:54:33,217 - my_experiment - bat_60_IQL_RNN_5M_42 - my_run - INFO - Recent Stats | t_env:    4350000 | Episode:    21750
blue_team_alives_mean:    81.9760	blue_team_win_mean:        0.0000	ep_length_mean:          200.0000	episode_length_mean:     199.0000
epsilon:                   0.0500	grad_norm:               187.9155	loss:                      1.5041	q_taken_mean:              0.2905
red_team_alives_mean:    143.9880	red_team_win_mean:         1.0000	return_mean:               0.6529	return_std:                0.2909
target_mean:               0.2908	td_error_abs:              0.8087	test_blue_team_alives_mean: 88.8000	test_blue_team_win_mean:   0.0000
test_ep_length_mean:     200.0000	test_episode_length_mean:199.0000	test_red_team_alives_mean:144.0000	test_red_team_win_mean:    1.0000
test_return_mean:          0.5478	test_return_std:           0.0000	
2026-04-12 00:54:39,014 - my_experiment - bat_60_IQL_RNN_5M_42 - my_run - INFO - t_env: 4350200 / 5050000
2026-04-12 00:54:39,015 - my_experiment - bat_60_IQL_RNN_5M_42 - my_run - INFO - Estimated time left: 5 hours, 35 minutes, 39 seconds. Time passed: 1 days, 9 hours, 52 minutes, 47 seconds
2026-04-12 01:18:44,553 - my_experiment - bat_60_IQL_RNN_5M_42 - my_run - INFO - Recent Stats | t_env:    4400000 | Episode:    22000
blue_team_alives_mean:    67.0240	blue_team_win_mean:        0.0000	ep_length_mean:          200.0000	episode_length_mean:     199.0000
epsilon:                   0.0500	grad_norm:               158.6858	loss:                      1.5050	q_taken_mean:              0.2960
red_team_alives_mean:    143.9880	red_team_win_mean:         1.0000	return_mean:               0.6160	return_std:                0.3692
target_mean:               0.2950	td_error_abs:              0.8127	test_blue_team_alives_mean: 86.6000	test_blue_team_win_mean:   0.0000
test_ep_length_mean:     200.0000	test_episode_length_mean:199.0000	test_red_team_alives_mean:144.0000	test_red_team_win_mean:    1.0000
test_return_mean:          0.6267	test_return_std:           0.0000	
2026-04-12 01:18:50,293 - my_experiment - bat_60_IQL_RNN_5M_42 - my_run - INFO - t_env: 4400200 / 5050000
2026-04-12 01:18:50,294 - my_experiment - bat_60_IQL_RNN_5M_42 - my_run - INFO - Estimated time left: 5 hours, 14 minutes, 20 seconds. Time passed: 1 days, 10 hours, 16 minutes, 58 seconds
2026-04-12 01:42:47,224 - my_experiment - bat_60_IQL_RNN_5M_42 - my_run - INFO - Recent Stats | t_env:    4450000 | Episode:    22250
blue_team_alives_mean:    80.9320	blue_team_win_mean:        0.0000	ep_length_mean:          200.0000	episode_length_mean:     199.0000
epsilon:                   0.0500	grad_norm:               141.0203	loss:                      1.6096	q_taken_mean:              0.2948
red_team_alives_mean:    143.9880	red_team_win_mean:         1.0000	return_mean:               0.3795	return_std:                0.3609
target_mean:               0.2935	td_error_abs:              0.8588	test_blue_team_alives_mean: 88.0000	test_blue_team_win_mean:   0.0000
test_ep_length_mean:     200.0000	test_episode_length_mean:199.0000	test_red_team_alives_mean:144.0000	test_red_team_win_mean:    1.0000
test_return_mean:          0.6394	test_return_std:           0.0000	
2026-04-12 01:42:53,086 - my_experiment - bat_60_IQL_RNN_5M_42 - my_run - INFO - t_env: 4450200 / 5050000
2026-04-12 01:42:53,086 - my_experiment - bat_60_IQL_RNN_5M_42 - my_run - INFO - Estimated time left: 4 hours, 48 minutes, 27 seconds. Time passed: 1 days, 10 hours, 41 minutes, 1 seconds
2026-04-12 02:06:35,066 - my_experiment - bat_60_IQL_RNN_5M_42 - my_run - INFO - Recent Stats | t_env:    4500000 | Episode:    22500
blue_team_alives_mean:    82.1200	blue_team_win_mean:        0.0000	ep_length_mean:          200.0000	episode_length_mean:     199.0000
epsilon:                   0.0500	grad_norm:               163.3227	loss:                      1.6356	q_taken_mean:              0.2938
red_team_alives_mean:    143.9960	red_team_win_mean:         1.0000	return_mean:               0.2156	return_std:                0.4415
target_mean:               0.2936	td_error_abs:              0.8527	test_blue_team_alives_mean: 88.8000	test_blue_team_win_mean:   0.0000
test_ep_length_mean:     200.0000	test_episode_length_mean:199.0000	test_red_team_alives_mean:144.0000	test_red_team_win_mean:    1.0000
test_return_mean:          0.5858	test_return_std:           0.0000	
2026-04-12 02:06:40,763 - my_experiment - bat_60_IQL_RNN_5M_42 - my_run - INFO - t_env: 4500200 / 5050000
2026-04-12 02:06:40,763 - my_experiment - bat_60_IQL_RNN_5M_42 - my_run - INFO - Estimated time left: 4 hours, 21 minutes, 38 seconds. Time passed: 1 days, 11 hours, 4 minutes, 49 seconds
2026-04-12 02:06:46,040 - my_experiment - bat_60_IQL_RNN_5M_42 - my_run - INFO - Saving models to work_dirs/my_experiment/bat_60_IQL_RNN_5M_42/my_run/20260410_150132/models/4500200
2026-04-12 02:29:48,242 - my_experiment - bat_60_IQL_RNN_5M_42 - my_run - INFO - Recent Stats | t_env:    4550000 | Episode:    22750
blue_team_alives_mean:    77.0600	blue_team_win_mean:        0.0000	ep_length_mean:          200.0000	episode_length_mean:     199.0000
epsilon:                   0.0500	grad_norm:                91.7383	loss:                      1.4819	q_taken_mean:              0.2924
red_team_alives_mean:    144.0000	red_team_win_mean:         1.0000	return_mean:               0.4099	return_std:                0.4375
target_mean:               0.2916	td_error_abs:              0.7930	test_blue_team_alives_mean: 92.4000	test_blue_team_win_mean:   0.0000
test_ep_length_mean:     200.0000	test_episode_length_mean:199.0000	test_red_team_alives_mean:144.0000	test_red_team_win_mean:    1.0000
test_return_mean:          0.4374	test_return_std:           0.0000	
2026-04-12 02:29:53,882 - my_experiment - bat_60_IQL_RNN_5M_42 - my_run - INFO - t_env: 4550200 / 5050000
2026-04-12 02:29:53,883 - my_experiment - bat_60_IQL_RNN_5M_42 - my_run - INFO - Estimated time left: 3 hours, 52 minutes, 5 seconds. Time passed: 1 days, 11 hours, 28 minutes, 2 seconds
2026-04-12 02:53:21,446 - my_experiment - bat_60_IQL_RNN_5M_42 - my_run - INFO - Recent Stats | t_env:    4600000 | Episode:    23000
blue_team_alives_mean:    87.4760	blue_team_win_mean:        0.0000	ep_length_mean:          200.0000	episode_length_mean:     199.0000
epsilon:                   0.0500	grad_norm:               105.5190	loss:                      1.5088	q_taken_mean:              0.2846
red_team_alives_mean:    144.0000	red_team_win_mean:         1.0000	return_mean:               0.1077	return_std:                0.3922
target_mean:               0.2850	td_error_abs:              0.8067	test_blue_team_alives_mean: 92.8000	test_blue_team_win_mean:   0.0000
test_ep_length_mean:     200.0000	test_episode_length_mean:199.0000	test_red_team_alives_mean:144.0000	test_red_team_win_mean:    1.0000
test_return_mean:          0.3440	test_return_std:           0.0000	
2026-04-12 02:53:27,075 - my_experiment - bat_60_IQL_RNN_5M_42 - my_run - INFO - t_env: 4600200 / 5050000
2026-04-12 02:53:27,075 - my_experiment - bat_60_IQL_RNN_5M_42 - my_run - INFO - Estimated time left: 3 hours, 31 minutes, 53 seconds. Time passed: 1 days, 11 hours, 51 minutes, 35 seconds
2026-04-12 03:17:30,854 - my_experiment - bat_60_IQL_RNN_5M_42 - my_run - INFO - Recent Stats | t_env:    4650000 | Episode:    23250
blue_team_alives_mean:    90.0160	blue_team_win_mean:        0.0000	ep_length_mean:          200.0000	episode_length_mean:     199.0000
epsilon:                   0.0500	grad_norm:               130.0092	loss:                      1.5444	q_taken_mean:              0.2832
red_team_alives_mean:    143.9920	red_team_win_mean:         1.0000	return_mean:               0.1151	return_std:                0.3629
target_mean:               0.2821	td_error_abs:              0.8529	test_blue_team_alives_mean: 93.6000	test_blue_team_win_mean:   0.0000
test_ep_length_mean:     200.0000	test_episode_length_mean:199.0000	test_red_team_alives_mean:144.0000	test_red_team_win_mean:    1.0000
test_return_mean:          0.2428	test_return_std:           0.0000	
2026-04-12 03:17:36,929 - my_experiment - bat_60_IQL_RNN_5M_42 - my_run - INFO - t_env: 4650200 / 5050000
2026-04-12 03:17:36,930 - my_experiment - bat_60_IQL_RNN_5M_42 - my_run - INFO - Estimated time left: 3 hours, 13 minutes, 13 seconds. Time passed: 1 days, 12 hours, 15 minutes, 45 seconds
2026-04-12 03:41:54,932 - my_experiment - bat_60_IQL_RNN_5M_42 - my_run - INFO - Recent Stats | t_env:    4700000 | Episode:    23500
blue_team_alives_mean:    98.1240	blue_team_win_mean:        0.0000	ep_length_mean:          200.0000	episode_length_mean:     199.0000
epsilon:                   0.0500	grad_norm:                91.3782	loss:                      1.3692	q_taken_mean:              0.2794
red_team_alives_mean:    143.9760	red_team_win_mean:         1.0000	return_mean:              -0.1123	return_std:                0.3662
target_mean:               0.2788	td_error_abs:              0.7759	test_blue_team_alives_mean: 97.6000	test_blue_team_win_mean:   0.0000
test_ep_length_mean:     200.0000	test_episode_length_mean:199.0000	test_red_team_alives_mean:144.0000	test_red_team_win_mean:    1.0000
test_return_mean:          0.1928	test_return_std:           0.0000	
2026-04-12 03:42:00,617 - my_experiment - bat_60_IQL_RNN_5M_42 - my_run - INFO - t_env: 4700200 / 5050000
2026-04-12 03:42:00,618 - my_experiment - bat_60_IQL_RNN_5M_42 - my_run - INFO - Estimated time left: 2 hours, 50 minutes, 39 seconds. Time passed: 1 days, 12 hours, 40 minutes, 9 seconds
2026-04-12 04:05:49,228 - my_experiment - bat_60_IQL_RNN_5M_42 - my_run - INFO - Recent Stats | t_env:    4750000 | Episode:    23750
blue_team_alives_mean:    82.9440	blue_team_win_mean:        0.0000	ep_length_mean:          200.0000	episode_length_mean:     199.0000
epsilon:                   0.0500	grad_norm:                90.9242	loss:                      1.3149	q_taken_mean:              0.2760
red_team_alives_mean:    143.9960	red_team_win_mean:         1.0000	return_mean:              -0.0359	return_std:                0.4478
target_mean:               0.2758	td_error_abs:              0.7366	test_blue_team_alives_mean: 96.6000	test_blue_team_win_mean:   0.0000
test_ep_length_mean:     200.0000	test_episode_length_mean:199.0000	test_red_team_alives_mean:144.0000	test_red_team_win_mean:    1.0000
test_return_mean:          0.0965	test_return_std:           0.0000	
2026-04-12 04:05:54,821 - my_experiment - bat_60_IQL_RNN_5M_42 - my_run - INFO - t_env: 4750200 / 5050000
2026-04-12 04:05:54,821 - my_experiment - bat_60_IQL_RNN_5M_42 - my_run - INFO - Estimated time left: 2 hours, 23 minutes, 19 seconds. Time passed: 1 days, 13 hours, 4 minutes, 3 seconds
2026-04-12 04:29:42,064 - my_experiment - bat_60_IQL_RNN_5M_42 - my_run - INFO - Recent Stats | t_env:    4800000 | Episode:    24000
blue_team_alives_mean:    71.8480	blue_team_win_mean:        0.0000	ep_length_mean:          200.0000	episode_length_mean:     199.0000
epsilon:                   0.0500	grad_norm:               118.5413	loss:                      1.3076	q_taken_mean:              0.2743
red_team_alives_mean:    144.0000	red_team_win_mean:         1.0000	return_mean:               0.2176	return_std:                0.4664
target_mean:               0.2741	td_error_abs:              0.7594	test_blue_team_alives_mean: 87.4000	test_blue_team_win_mean:   0.0000
test_ep_length_mean:     200.0000	test_episode_length_mean:199.0000	test_red_team_alives_mean:144.0000	test_red_team_win_mean:    1.0000
test_return_mean:          0.2399	test_return_std:           0.0000	
2026-04-12 04:29:47,910 - my_experiment - bat_60_IQL_RNN_5M_42 - my_run - INFO - t_env: 4800200 / 5050000
2026-04-12 04:29:47,911 - my_experiment - bat_60_IQL_RNN_5M_42 - my_run - INFO - Estimated time left: 1 hours, 59 minutes, 19 seconds. Time passed: 1 days, 13 hours, 27 minutes, 56 seconds
2026-04-12 04:53:26,279 - my_experiment - bat_60_IQL_RNN_5M_42 - my_run - INFO - Recent Stats | t_env:    4850000 | Episode:    24250
blue_team_alives_mean:    70.1280	blue_team_win_mean:        0.0000	ep_length_mean:          200.0000	episode_length_mean:     199.0000
epsilon:                   0.0500	grad_norm:               129.1868	loss:                      1.4441	q_taken_mean:              0.2705
red_team_alives_mean:    144.0000	red_team_win_mean:         1.0000	return_mean:               0.2032	return_std:                0.4840
target_mean:               0.2707	td_error_abs:              0.8154	test_blue_team_alives_mean: 79.6000	test_blue_team_win_mean:   0.0000
test_ep_length_mean:     200.0000	test_episode_length_mean:199.0000	test_red_team_alives_mean:144.0000	test_red_team_win_mean:    1.0000
test_return_mean:          0.3540	test_return_std:           0.0000	
2026-04-12 04:53:32,167 - my_experiment - bat_60_IQL_RNN_5M_42 - my_run - INFO - t_env: 4850200 / 5050000
2026-04-12 04:53:32,168 - my_experiment - bat_60_IQL_RNN_5M_42 - my_run - INFO - Estimated time left: 1 hours, 34 minutes, 51 seconds. Time passed: 1 days, 13 hours, 51 minutes, 40 seconds
2026-04-12 05:16:52,975 - my_experiment - bat_60_IQL_RNN_5M_42 - my_run - INFO - Recent Stats | t_env:    4900000 | Episode:    24500
blue_team_alives_mean:    63.9800	blue_team_win_mean:        0.0000	ep_length_mean:          200.0000	episode_length_mean:     199.0000
epsilon:                   0.0500	grad_norm:                59.5372	loss:                      1.3210	q_taken_mean:              0.2661
red_team_alives_mean:    144.0000	red_team_win_mean:         1.0000	return_mean:               0.1614	return_std:                0.5038
target_mean:               0.2653	td_error_abs:              0.7888	test_blue_team_alives_mean: 73.0000	test_blue_team_win_mean:   0.0000
test_ep_length_mean:     200.0000	test_episode_length_mean:199.0000	test_red_team_alives_mean:144.0000	test_red_team_win_mean:    1.0000
test_return_mean:          0.4192	test_return_std:           0.0000	
2026-04-12 05:16:58,431 - my_experiment - bat_60_IQL_RNN_5M_42 - my_run - INFO - t_env: 4900200 / 5050000
2026-04-12 05:16:58,431 - my_experiment - bat_60_IQL_RNN_5M_42 - my_run - INFO - Estimated time left: 1 hours, 10 minutes, 13 seconds. Time passed: 1 days, 14 hours, 15 minutes, 6 seconds
2026-04-12 05:39:47,851 - my_experiment - bat_60_IQL_RNN_5M_42 - my_run - INFO - Recent Stats | t_env:    4950000 | Episode:    24750
blue_team_alives_mean:    60.3720	blue_team_win_mean:        0.0000	ep_length_mean:          200.0000	episode_length_mean:     199.0000
epsilon:                   0.0500	grad_norm:                56.1396	loss:                      1.4115	q_taken_mean:              0.2618
red_team_alives_mean:    143.9960	red_team_win_mean:         1.0000	return_mean:               0.2748	return_std:                0.4648
target_mean:               0.2610	td_error_abs:              0.8282	test_blue_team_alives_mean: 62.0000	test_blue_team_win_mean:   0.0000
test_ep_length_mean:     200.0000	test_episode_length_mean:199.0000	test_red_team_alives_mean:144.0000	test_red_team_win_mean:    1.0000
test_return_mean:          0.3437	test_return_std:           0.0000	
2026-04-12 05:39:53,235 - my_experiment - bat_60_IQL_RNN_5M_42 - my_run - INFO - t_env: 4950200 / 5050000
2026-04-12 05:39:53,236 - my_experiment - bat_60_IQL_RNN_5M_42 - my_run - INFO - Estimated time left: 45 minutes, 44 seconds. Time passed: 1 days, 14 hours, 38 minutes, 1 seconds
2026-04-12 06:00:25,158 - my_experiment - bat_60_IQL_RNN_5M_42 - my_run - INFO - Recent Stats | t_env:    5000000 | Episode:    25000
blue_team_alives_mean:    50.9440	blue_team_win_mean:        0.0000	ep_length_mean:          200.0000	episode_length_mean:     199.0000
epsilon:                   0.0500	grad_norm:                86.7214	loss:                      1.5351	q_taken_mean:              0.2601
red_team_alives_mean:    144.0000	red_team_win_mean:         1.0000	return_mean:               0.5575	return_std:                0.4286
target_mean:               0.2600	td_error_abs:              0.8483	test_blue_team_alives_mean: 51.0000	test_blue_team_win_mean:   0.0000
test_ep_length_mean:     200.0000	test_episode_length_mean:199.0000	test_red_team_alives_mean:144.0000	test_red_team_win_mean:    1.0000
test_return_mean:          0.6904	test_return_std:           0.0000	
2026-04-12 06:00:29,902 - my_experiment - bat_60_IQL_RNN_5M_42 - my_run - INFO - t_env: 5000200 / 5050000
2026-04-12 06:00:29,903 - my_experiment - bat_60_IQL_RNN_5M_42 - my_run - INFO - Estimated time left: 20 minutes, 31 seconds. Time passed: 1 days, 14 hours, 58 minutes, 38 seconds
2026-04-12 06:00:34,090 - my_experiment - bat_60_IQL_RNN_5M_42 - my_run - INFO - Saving models to work_dirs/my_experiment/bat_60_IQL_RNN_5M_42/my_run/20260410_150132/models/5000200
2026-04-12 06:21:24,979 - my_experiment - bat_60_IQL_RNN_5M_42 - my_run - INFO - Recent Stats | t_env:    5050000 | Episode:    25250
blue_team_alives_mean:    61.8520	blue_team_win_mean:        0.0000	ep_length_mean:          200.0000	episode_length_mean:     199.0000
epsilon:                   0.0500	grad_norm:                89.4479	loss:                      1.5274	q_taken_mean:              0.2545
red_team_alives_mean:    144.0000	red_team_win_mean:         1.0000	return_mean:               0.6952	return_std:                0.4096
target_mean:               0.2538	td_error_abs:              0.8797	test_blue_team_alives_mean: 47.8000	test_blue_team_win_mean:   0.0000
test_ep_length_mean:     200.0000	test_episode_length_mean:199.0000	test_red_team_alives_mean:144.0000	test_red_team_win_mean:    1.0000
test_return_mean:          0.8176	test_return_std:           0.0000	
2026-04-12 06:21:30,362 - my_experiment - bat_60_IQL_RNN_5M_42 - my_run - INFO - t_env: 5050200 / 5050000
2026-04-12 06:21:30,363 - my_experiment - bat_60_IQL_RNN_5M_42 - my_run - INFO - Estimated time left: -. Time passed: 1 days, 15 hours, 19 minutes, 38 seconds
2026-04-12 06:21:34,850 - my_experiment - bat_60_IQL_RNN_5M_42 - my_run - INFO - Finished Training
