Gym has been unmaintained since 2022 and does not support NumPy 2.0 amongst other critical functionality.
Please upgrade to Gymnasium, the maintained drop-in replacement of Gym, or contact the authors of your software and request that they upgrade.
Users of this version of Gym should be able to simply replace 'import gym' with 'import gymnasium as gym' in the vast majority of cases.
See the migration guide at https://gymnasium.farama.org/introduction/migration_guide/ for additional information.
src/main.py:81: DeprecationWarning: Using or importing the ABCs from 'collections' instead of from 'collections.abc' is deprecated since Python 3.3, and in 3.10 it will stop working
  if isinstance(v, collections.Mapping):
wandb: [wandb.login()] Loaded credentials for https://api.wandb.ai from /home/pparsons/.netrc.
wandb: Currently logged in as: peterparsons02 (peterparsons02-eth-z-rich) to https://api.wandb.ai. Use `wandb login --relogin` to force relogin
wandb: setting up run 34jbfj7p
wandb: Tracking run with wandb version 0.24.1
wandb: Run data is saved locally in /usr/itetnas04/data-scratch-01/pparsons/data/MyExpoComm/wandb/run-20260414_142059-34jbfj7p
wandb: Run `wandb offline` to turn off syncing.
wandb: Syncing run my_run-bat_60_ExpoComm_5M_44-20260414_142059
wandb: ⭐️ View project at https://wandb.ai/peterparsons02-eth-z-rich/my_experiment
wandb: 🚀 View run at https://wandb.ai/peterparsons02-eth-z-rich/my_experiment/runs/34jbfj7p
2026-04-14 14:21:01,696 - my_experiment - bat_60_ExpoComm_5M_44 - my_run - INFO - Current directory: /usr/itetnas04/data-scratch-01/pparsons/data/MyExpoComm.
2026-04-14 14:21:01,697 - my_experiment - bat_60_ExpoComm_5M_44 - my_run - INFO - Experiment Parameters:
2026-04-14 14:21:01,699 - my_experiment - bat_60_ExpoComm_5M_44 - my_run - INFO - 

{   'action_selector': 'epsilon_greedy',
    'add_value_last_step': True,
    'agent': 'ExpoComm_one_peer_cont',
    'agent_output_type': 'q',
    'aux_coef': 0.1,
    'batch_size': 16,
    'batch_size_run': 1,
    'buffer_cpu_only': True,
    'buffer_size': 1000,
    'checkpoint_path': '',
    'double_q': True,
    'env': 'MAgent_Battle',
    'env_args': {   'global_reward': True,
                    'map_name': 'battle_view7',
                    'map_size': 60,
                    'max_cycles': 200,
                    'minimap_mode': False,
                    'pretrained_ckpt': None,
                    'seed': 44},
    'epsilon_anneal_time': 1000000,
    'epsilon_finish': 0.05,
    'epsilon_start': 1.0,
    'evaluate': False,
    'evaluation_epsilon': 0.0,
    'exp_name': 'my_experiment',
    'gamma': 0.99,
    'global_reward': True,
    'grad_norm_clip': 10,
    'hidden_dim': 64,
    'hypergroup': None,
    'hypernet_embed': 64,
    'hypernet_layers': 2,
    'label': 'default_label',
    'learner': 'cont_q_learner',
    'learner_log_interval': 10000,
    'load_step': 0,
    'local_results_path': 'results',
    'log_interval': 50000,
    'lr': 0.0005,
    'mac': 'ExpoComm_mac',
    'mixer': 'qmix',
    'mixing_embed_dim': 64,
    'name': 'bat_60_ExpoComm_5M_44',
    'neg_num': 20,
    'obs_agent_id': True,
    'obs_individual_obs': False,
    'obs_last_action': True,
    'one_peer': True,
    'optim_alpha': 0.99,
    'optim_eps': 1e-05,
    'pos_flag': False,
    'render': False,
    'repeat_id': 1,
    'run_name': 'my_run',
    'runner': 'episode',
    'runner_log_interval': 10000,
    'save_model': True,
    'save_model_interval': 500000,
    'save_replay': False,
    'seed': 44,
    'standardise_returns': False,
    'standardise_rewards': True,
    't_max': 5050000,
    'target_update_interval_or_tau': 200,
    'temperature': 0.07,
    'test_greedy': True,
    'test_interval': 50000,
    'test_nepisode': 1,
    'topk_neighbors': 7,
    'use_cuda': True,
    'use_rnn': True,
    'use_tensorboard': True,
    'work_dir': 'work_dirs/my_experiment/bat_60_ExpoComm_5M_44/my_run/20260414_142059'}

/usr/itetnas04/data-scratch-01/pparsons/data/conda_envs/ExpoComm/lib/python3.8/site-packages/pettingzoo/utils/conversions.py:41: UserWarning: The `from_parallel` function is deprecated. Use the `parallel_to_aec` function instead.
  warnings.warn("The `from_parallel` function is deprecated. Use the `parallel_to_aec` function instead.")
/usr/itetnas04/data-scratch-01/pparsons/data/conda_envs/ExpoComm/lib/python3.8/site-packages/pettingzoo/utils/wrappers/base.py:44: UserWarning: The `observation_spaces` dictionary is deprecated. Use the `observation_space` function instead.
  warnings.warn("The `observation_spaces` dictionary is deprecated. Use the `observation_space` function instead.")
/usr/itetnas04/data-scratch-01/pparsons/data/conda_envs/ExpoComm/lib/python3.8/site-packages/pettingzoo/utils/conversions.py:36: UserWarning: The `to_parallel` function is deprecated. Use the `aec_to_parallel` function instead.
  warnings.warn("The `to_parallel` function is deprecated. Use the `aec_to_parallel` function instead.")
/usr/itetnas04/data-scratch-01/pparsons/data/conda_envs/ExpoComm/lib/python3.8/site-packages/pettingzoo/utils/conversions.py:80: UserWarning: The `action_spaces` dictionary is deprecated. Use the `action_space` function instead.
  warnings.warn("The `action_spaces` dictionary is deprecated. Use the `action_space` function instead.")
/usr/itetnas04/data-scratch-01/pparsons/data/conda_envs/ExpoComm/lib/python3.8/site-packages/pettingzoo/utils/wrappers/base.py:52: UserWarning: The `action_spaces` dictionary is deprecated. Use the `action_space` function instead.
  warnings.warn("The `action_spaces` dictionary is deprecated. Use the `action_space` function instead.")
/usr/itetnas04/data-scratch-01/pparsons/data/conda_envs/ExpoComm/lib/python3.8/site-packages/pettingzoo/utils/conversions.py:72: UserWarning: The `observation_spaces` dictionary is deprecated. Use the `observation_space` function instead.
  warnings.warn("The `observation_spaces` dictionary is deprecated. Use the `observation_space` function instead.")
2026-04-14 14:21:16,032 - my_experiment - bat_60_ExpoComm_5M_44 - my_run - INFO - Beginning training for 5050000 timesteps
/usr/itetnas04/data-scratch-01/pparsons/data/MyExpoComm/src/envs/battle_wrappers.py:258: UserWarning: To copy construct from a tensor, it is recommended to use sourceTensor.clone().detach() or sourceTensor.clone().detach().requires_grad_(True), rather than torch.tensor(sourceTensor).
  actions = torch.tensor(actions, dtype=torch.long)
2026-04-14 14:21:22,264 - my_experiment - bat_60_ExpoComm_5M_44 - my_run - INFO - t_env: 200 / 5050000
2026-04-14 14:21:22,265 - my_experiment - bat_60_ExpoComm_5M_44 - my_run - INFO - Estimated time left: 10 minutes, 26 seconds. Time passed: 6 seconds
2026-04-14 14:21:27,969 - my_experiment - bat_60_ExpoComm_5M_44 - my_run - INFO - Saving models to work_dirs/my_experiment/bat_60_ExpoComm_5M_44/my_run/20260414_142059/models/200
2026-04-14 14:50:24,031 - my_experiment - bat_60_ExpoComm_5M_44 - my_run - INFO - Recent Stats | t_env:      50000 | Episode:      250
blue_team_alives_mean:   143.9280	blue_team_win_mean:        1.0000	ep_length_mean:          200.0000	episode_length_mean:     199.0000
epsilon:                   0.9620	grad_norm:               1526912.1556	info_nce_loss:             2.4998	loss:                    565493.3852
q_loss:                  514084.8727	q_taken_mean:              0.1968	red_team_alives_mean:    134.2120	red_team_win_mean:         0.0000
return_mean:              -8.0515	return_std:                0.0995	target_mean:               2.3143	td_error_abs:            376.5324
test_blue_team_alives_mean:144.0000	test_blue_team_win_mean:   0.0000	test_ep_length_mean:     200.0000	test_episode_length_mean:199.0000
test_red_team_alives_mean:144.0000	test_red_team_win_mean:    0.0000	test_return_mean:         -1.0000	test_return_std:           0.0000

2026-04-14 14:50:31,466 - my_experiment - bat_60_ExpoComm_5M_44 - my_run - INFO - t_env: 50200 / 5050000
2026-04-14 14:50:31,468 - my_experiment - bat_60_ExpoComm_5M_44 - my_run - INFO - Estimated time left: 2 days, 35 minutes, 13 seconds. Time passed: 29 minutes, 15 seconds
2026-04-14 15:20:07,110 - my_experiment - bat_60_ExpoComm_5M_44 - my_run - INFO - Recent Stats | t_env:     100000 | Episode:      500
blue_team_alives_mean:   143.9480	blue_team_win_mean:        0.9040	ep_length_mean:          200.0000	episode_length_mean:     199.0000
epsilon:                   0.9145	grad_norm:               2769356.0438	info_nce_loss:             1.3924	loss:                    541764.4047
q_loss:                  492513.0766	q_taken_mean:             12.7837	red_team_alives_mean:    136.7840	red_team_win_mean:         0.0000
return_mean:              -7.8585	return_std:                0.2055	target_mean:              14.6777	td_error_abs:            406.6006
test_blue_team_alives_mean:144.0000	test_blue_team_win_mean:   0.0000	test_ep_length_mean:     200.0000	test_episode_length_mean:199.0000
test_red_team_alives_mean:144.0000	test_red_team_win_mean:    0.0000	test_return_mean:         -1.0000	test_return_std:           0.0000

2026-04-14 15:20:14,359 - my_experiment - bat_60_ExpoComm_5M_44 - my_run - INFO - t_env: 100200 / 5050000
2026-04-14 15:20:14,360 - my_experiment - bat_60_ExpoComm_5M_44 - my_run - INFO - Estimated time left: 2 days, 1 hours, 1 minutes, 39 seconds. Time passed: 58 minutes, 58 seconds
2026-04-14 15:50:16,038 - my_experiment - bat_60_ExpoComm_5M_44 - my_run - INFO - Recent Stats | t_env:     150000 | Episode:      750
blue_team_alives_mean:   144.0000	blue_team_win_mean:        0.8080	ep_length_mean:          200.0000	episode_length_mean:     199.0000
epsilon:                   0.8670	grad_norm:               3903302.8125	info_nce_loss:             1.0444	loss:                    570716.0969
q_loss:                  518832.8250	q_taken_mean:             25.8037	red_team_alives_mean:    141.7000	red_team_win_mean:         0.0000
return_mean:              -7.6867	return_std:                0.1007	target_mean:              27.7084	td_error_abs:            434.4695
test_blue_team_alives_mean:144.0000	test_blue_team_win_mean:   0.0000	test_ep_length_mean:     200.0000	test_episode_length_mean:199.0000
test_red_team_alives_mean:144.0000	test_red_team_win_mean:    0.0000	test_return_mean:         -1.0000	test_return_std:           0.0000

2026-04-14 15:50:22,994 - my_experiment - bat_60_ExpoComm_5M_44 - my_run - INFO - t_env: 150200 / 5050000
2026-04-14 15:50:22,996 - my_experiment - bat_60_ExpoComm_5M_44 - my_run - INFO - Estimated time left: 2 days, 1 hours, 13 minutes, 59 seconds. Time passed: 1 hours, 29 minutes, 6 seconds
2026-04-14 16:19:19,409 - my_experiment - bat_60_ExpoComm_5M_44 - my_run - INFO - Recent Stats | t_env:     200000 | Episode:     1000
blue_team_alives_mean:   144.0000	blue_team_win_mean:        0.4360	ep_length_mean:          200.0000	episode_length_mean:     199.0000
epsilon:                   0.8195	grad_norm:               7856883.2625	info_nce_loss:             0.9658	loss:                    1007925.6250
q_loss:                  916296.0094	q_taken_mean:             44.4682	red_team_alives_mean:    143.4120	red_team_win_mean:         0.0000
return_mean:              -7.3888	return_std:                0.0660	target_mean:              46.7716	td_error_abs:            586.9622
test_blue_team_alives_mean:144.0000	test_blue_team_win_mean:   0.0000	test_ep_length_mean:     200.0000	test_episode_length_mean:199.0000
test_red_team_alives_mean:144.0000	test_red_team_win_mean:    0.0000	test_return_mean:         -1.0000	test_return_std:           0.0000

2026-04-14 16:19:26,324 - my_experiment - bat_60_ExpoComm_5M_44 - my_run - INFO - t_env: 200200 / 5050000
2026-04-14 16:19:26,325 - my_experiment - bat_60_ExpoComm_5M_44 - my_run - INFO - Estimated time left: 1 days, 22 hours, 58 minutes, 15 seconds. Time passed: 1 hours, 58 minutes, 10 seconds
2026-04-14 16:48:34,629 - my_experiment - bat_60_ExpoComm_5M_44 - my_run - INFO - Recent Stats | t_env:     250000 | Episode:     1250
blue_team_alives_mean:   144.0000	blue_team_win_mean:        0.1880	ep_length_mean:          200.0000	episode_length_mean:     199.0000
epsilon:                   0.7720	grad_norm:               26175554.9500	info_nce_loss:             1.0913	loss:                    1886338.7437
q_loss:                  1714853.4000	q_taken_mean:             62.4282	red_team_alives_mean:    143.8040	red_team_win_mean:         0.0000
return_mean:              -7.0505	return_std:                0.0600	target_mean:              67.1246	td_error_abs:            937.7570
test_blue_team_alives_mean:144.0000	test_blue_team_win_mean:   0.0000	test_ep_length_mean:     200.0000	test_episode_length_mean:199.0000
test_red_team_alives_mean:144.0000	test_red_team_win_mean:    0.0000	test_return_mean:         -1.0000	test_return_std:           0.0000

2026-04-14 16:48:41,633 - my_experiment - bat_60_ExpoComm_5M_44 - my_run - INFO - t_env: 250200 / 5050000
2026-04-14 16:48:41,634 - my_experiment - bat_60_ExpoComm_5M_44 - my_run - INFO - Estimated time left: 1 days, 22 hours, 48 minutes, 22 seconds. Time passed: 2 hours, 27 minutes, 25 seconds
2026-04-14 17:18:00,169 - my_experiment - bat_60_ExpoComm_5M_44 - my_run - INFO - Recent Stats | t_env:     300000 | Episode:     1500
blue_team_alives_mean:   144.0000	blue_team_win_mean:        0.1360	ep_length_mean:          200.0000	episode_length_mean:     199.0000
epsilon:                   0.7245	grad_norm:               40148017.6000	info_nce_loss:             0.6308	loss:                    1572060.3250
q_loss:                  1429145.7750	q_taken_mean:             85.3737	red_team_alives_mean:    143.8600	red_team_win_mean:         0.0000
return_mean:              -6.6930	return_std:                0.0554	target_mean:              88.8602	td_error_abs:            824.9206
test_blue_team_alives_mean:144.0000	test_blue_team_win_mean:   0.0000	test_ep_length_mean:     200.0000	test_episode_length_mean:199.0000
test_red_team_alives_mean:144.0000	test_red_team_win_mean:    0.0000	test_return_mean:         -1.0000	test_return_std:           0.0000

2026-04-14 17:18:07,161 - my_experiment - bat_60_ExpoComm_5M_44 - my_run - INFO - t_env: 300200 / 5050000
2026-04-14 17:18:07,162 - my_experiment - bat_60_ExpoComm_5M_44 - my_run - INFO - Estimated time left: 1 days, 22 hours, 35 minutes, 18 seconds. Time passed: 2 hours, 56 minutes, 51 seconds
2026-04-14 17:47:05,790 - my_experiment - bat_60_ExpoComm_5M_44 - my_run - INFO - Recent Stats | t_env:     350000 | Episode:     1750
blue_team_alives_mean:   144.0000	blue_team_win_mean:        0.0400	ep_length_mean:          200.0000	episode_length_mean:     199.0000
epsilon:                   0.6770	grad_norm:               42212184.5000	info_nce_loss:             0.7478	loss:                    1908452.7625
q_loss:                  1734957.0750	q_taken_mean:            103.5149	red_team_alives_mean:    143.9560	red_team_win_mean:         0.0000
return_mean:              -6.3420	return_std:                0.0575	target_mean:             105.2747	td_error_abs:            882.3986
test_blue_team_alives_mean:144.0000	test_blue_team_win_mean:   0.0000	test_ep_length_mean:     200.0000	test_episode_length_mean:199.0000
test_red_team_alives_mean:144.0000	test_red_team_win_mean:    0.0000	test_return_mean:         -1.0000	test_return_std:           0.0000

2026-04-14 17:47:12,761 - my_experiment - bat_60_ExpoComm_5M_44 - my_run - INFO - t_env: 350200 / 5050000
2026-04-14 17:47:12,762 - my_experiment - bat_60_ExpoComm_5M_44 - my_run - INFO - Estimated time left: 1 days, 21 hours, 34 minutes, 39 seconds. Time passed: 3 hours, 25 minutes, 56 seconds
2026-04-14 18:16:11,689 - my_experiment - bat_60_ExpoComm_5M_44 - my_run - INFO - Recent Stats | t_env:     400000 | Episode:     2000
blue_team_alives_mean:   144.0000	blue_team_win_mean:        0.0200	ep_length_mean:          200.0000	episode_length_mean:     199.0000
epsilon:                   0.6295	grad_norm:               70983139.6000	info_nce_loss:             0.7728	loss:                    2502406.0250
q_loss:                  2274914.5250	q_taken_mean:            125.8390	red_team_alives_mean:    143.9800	red_team_win_mean:         0.0000
return_mean:              -5.9719	return_std:                0.0551	target_mean:             129.0672	td_error_abs:            1017.5836
test_blue_team_alives_mean:144.0000	test_blue_team_win_mean:   0.0000	test_ep_length_mean:     200.0000	test_episode_length_mean:199.0000
test_red_team_alives_mean:144.0000	test_red_team_win_mean:    0.0000	test_return_mean:         -1.0000	test_return_std:           0.0000

2026-04-14 18:16:18,734 - my_experiment - bat_60_ExpoComm_5M_44 - my_run - INFO - t_env: 400200 / 5050000
2026-04-14 18:16:18,735 - my_experiment - bat_60_ExpoComm_5M_44 - my_run - INFO - Estimated time left: 1 days, 21 hours, 6 minutes, 8 seconds. Time passed: 3 hours, 55 minutes, 2 seconds
2026-04-14 18:45:19,051 - my_experiment - bat_60_ExpoComm_5M_44 - my_run - INFO - Recent Stats | t_env:     450000 | Episode:     2250
blue_team_alives_mean:   144.0000	blue_team_win_mean:        0.0080	ep_length_mean:          200.0000	episode_length_mean:     199.0000
epsilon:                   0.5820	grad_norm:               159439582.4000	info_nce_loss:             0.6752	loss:                    3929324.6250
q_loss:                  3572113.2500	q_taken_mean:            149.8194	red_team_alives_mean:    143.9920	red_team_win_mean:         0.0000
return_mean:              -5.6122	return_std:                0.0524	target_mean:             153.4548	td_error_abs:            1271.1581
test_blue_team_alives_mean:144.0000	test_blue_team_win_mean:   0.0000	test_ep_length_mean:     200.0000	test_episode_length_mean:199.0000
test_red_team_alives_mean:144.0000	test_red_team_win_mean:    0.0000	test_return_mean:         -1.0000	test_return_std:           0.0000

2026-04-14 18:45:26,040 - my_experiment - bat_60_ExpoComm_5M_44 - my_run - INFO - t_env: 450200 / 5050000
2026-04-14 18:45:26,041 - my_experiment - bat_60_ExpoComm_5M_44 - my_run - INFO - Estimated time left: 1 days, 20 hours, 39 minutes, 5 seconds. Time passed: 4 hours, 24 minutes, 10 seconds
2026-04-14 19:14:23,404 - my_experiment - bat_60_ExpoComm_5M_44 - my_run - INFO - Recent Stats | t_env:     500000 | Episode:     2500
blue_team_alives_mean:   144.0000	blue_team_win_mean:        0.0000	ep_length_mean:          200.0000	episode_length_mean:     199.0000
epsilon:                   0.5345	grad_norm:               216617241.6000	info_nce_loss:             0.5935	loss:                    4061612.2500
q_loss:                  3692374.7500	q_taken_mean:            171.1806	red_team_alives_mean:    144.0000	red_team_win_mean:         0.0000
return_mean:              -5.4226	return_std:                0.0748	target_mean:             174.6030	td_error_abs:            1113.8607
test_blue_team_alives_mean:144.0000	test_blue_team_win_mean:   0.0000	test_ep_length_mean:     200.0000	test_episode_length_mean:199.0000
test_red_team_alives_mean:144.0000	test_red_team_win_mean:    0.0000	test_return_mean:         -1.0000	test_return_std:           0.0000

2026-04-14 19:14:30,362 - my_experiment - bat_60_ExpoComm_5M_44 - my_run - INFO - t_env: 500200 / 5050000
2026-04-14 19:14:30,363 - my_experiment - bat_60_ExpoComm_5M_44 - my_run - INFO - Estimated time left: 1 days, 20 hours, 5 minutes, 26 seconds. Time passed: 4 hours, 53 minutes, 14 seconds
2026-04-14 19:14:36,148 - my_experiment - bat_60_ExpoComm_5M_44 - my_run - INFO - Saving models to work_dirs/my_experiment/bat_60_ExpoComm_5M_44/my_run/20260414_142059/models/500200
2026-04-14 19:43:12,234 - my_experiment - bat_60_ExpoComm_5M_44 - my_run - INFO - Recent Stats | t_env:     550000 | Episode:     2750
blue_team_alives_mean:   144.0000	blue_team_win_mean:        0.0000	ep_length_mean:          200.0000	episode_length_mean:     199.0000
epsilon:                   0.4870	grad_norm:               255977267.2000	info_nce_loss:             0.6872	loss:                    4481410.2500
q_loss:                  4074009.3500	q_taken_mean:            189.6784	red_team_alives_mean:    144.0000	red_team_win_mean:         0.0000
return_mean:              -5.0520	return_std:                0.1076	target_mean:             189.3493	td_error_abs:            1214.6105
test_blue_team_alives_mean:144.0000	test_blue_team_win_mean:   0.0000	test_ep_length_mean:     200.0000	test_episode_length_mean:199.0000
test_red_team_alives_mean:144.0000	test_red_team_win_mean:    0.0000	test_return_mean:         -1.0000	test_return_std:           0.0000

2026-04-14 19:43:19,105 - my_experiment - bat_60_ExpoComm_5M_44 - my_run - INFO - t_env: 550200 / 5050000
2026-04-14 19:43:19,106 - my_experiment - bat_60_ExpoComm_5M_44 - my_run - INFO - Estimated time left: 1 days, 19 hours, 12 minutes, 59 seconds. Time passed: 5 hours, 22 minutes, 3 seconds
2026-04-14 20:12:00,921 - my_experiment - bat_60_ExpoComm_5M_44 - my_run - INFO - Recent Stats | t_env:     600000 | Episode:     3000
blue_team_alives_mean:   144.0000	blue_team_win_mean:        0.0040	ep_length_mean:          200.0000	episode_length_mean:     199.0000
epsilon:                   0.4395	grad_norm:               312632608.0000	info_nce_loss:             0.4179	loss:                    4738669.5500
q_loss:                  4307881.3500	q_taken_mean:            198.9179	red_team_alives_mean:    143.9960	red_team_win_mean:         0.0000
return_mean:              -4.6637	return_std:                0.0728	target_mean:             202.1359	td_error_abs:            1272.9822
test_blue_team_alives_mean:144.0000	test_blue_team_win_mean:   0.0000	test_ep_length_mean:     200.0000	test_episode_length_mean:199.0000
test_red_team_alives_mean:144.0000	test_red_team_win_mean:    0.0000	test_return_mean:         -1.0000	test_return_std:           0.0000

2026-04-14 20:12:07,873 - my_experiment - bat_60_ExpoComm_5M_44 - my_run - INFO - t_env: 600200 / 5050000
2026-04-14 20:12:07,874 - my_experiment - bat_60_ExpoComm_5M_44 - my_run - INFO - Estimated time left: 1 days, 18 hours, 44 minutes, 13 seconds. Time passed: 5 hours, 50 minutes, 51 seconds
2026-04-14 20:40:38,756 - my_experiment - bat_60_ExpoComm_5M_44 - my_run - INFO - Recent Stats | t_env:     650000 | Episode:     3250
blue_team_alives_mean:   144.0000	blue_team_win_mean:        0.0000	ep_length_mean:          200.0000	episode_length_mean:     199.0000
epsilon:                   0.3920	grad_norm:               208367451.2000	info_nce_loss:             0.3472	loss:                    3238211.0500
q_loss:                  2943828.2000	q_taken_mean:            209.1712	red_team_alives_mean:    144.0000	red_team_win_mean:         0.0000
return_mean:              -4.4786	return_std:                0.1014	target_mean:             212.1595	td_error_abs:            1112.6801
test_blue_team_alives_mean:144.0000	test_blue_team_win_mean:   0.0000	test_ep_length_mean:     200.0000	test_episode_length_mean:199.0000
test_red_team_alives_mean:144.0000	test_red_team_win_mean:    0.0000	test_return_mean:         -1.0017	test_return_std:           0.0000

2026-04-14 20:40:45,577 - my_experiment - bat_60_ExpoComm_5M_44 - my_run - INFO - t_env: 650200 / 5050000
2026-04-14 20:40:45,579 - my_experiment - bat_60_ExpoComm_5M_44 - my_run - INFO - Estimated time left: 1 days, 17 hours, 59 minutes, 11 seconds. Time passed: 6 hours, 19 minutes, 29 seconds
2026-04-14 21:08:37,553 - my_experiment - bat_60_ExpoComm_5M_44 - my_run - INFO - Recent Stats | t_env:     700000 | Episode:     3500
blue_team_alives_mean:   144.0000	blue_team_win_mean:        0.0000	ep_length_mean:          200.0000	episode_length_mean:     199.0000
epsilon:                   0.3445	grad_norm:               299249377.6000	info_nce_loss:             0.3789	loss:                    2806076.6750
q_loss:                  2550978.7500	q_taken_mean:            226.7902	red_team_alives_mean:    144.0000	red_team_win_mean:         0.0000
return_mean:              -4.1734	return_std:                0.1789	target_mean:             227.6732	td_error_abs:            1073.2779
test_blue_team_alives_mean:144.0000	test_blue_team_win_mean:   0.0000	test_ep_length_mean:     200.0000	test_episode_length_mean:199.0000
test_red_team_alives_mean:144.0000	test_red_team_win_mean:    0.0000	test_return_mean:         -1.0017	test_return_std:           0.0000

2026-04-14 21:08:44,273 - my_experiment - bat_60_ExpoComm_5M_44 - my_run - INFO - t_env: 700200 / 5050000
2026-04-14 21:08:44,274 - my_experiment - bat_60_ExpoComm_5M_44 - my_run - INFO - Estimated time left: 1 days, 16 hours, 33 minutes, 59 seconds. Time passed: 6 hours, 47 minutes, 28 seconds
2026-04-14 21:36:23,348 - my_experiment - bat_60_ExpoComm_5M_44 - my_run - INFO - Recent Stats | t_env:     750000 | Episode:     3750
blue_team_alives_mean:   144.0000	blue_team_win_mean:        0.0000	ep_length_mean:          200.0000	episode_length_mean:     199.0000
epsilon:                   0.2970	grad_norm:               326174755.2000	info_nce_loss:             0.4460	loss:                    2563406.6750
q_loss:                  2330369.7000	q_taken_mean:            233.1595	red_team_alives_mean:    144.0000	red_team_win_mean:         0.0000
return_mean:              -3.7677	return_std:                0.0961	target_mean:             234.4848	td_error_abs:            1018.8911
test_blue_team_alives_mean:144.0000	test_blue_team_win_mean:   0.0000	test_ep_length_mean:     200.0000	test_episode_length_mean:199.0000
test_red_team_alives_mean:144.0000	test_red_team_win_mean:    0.0000	test_return_mean:         -1.0737	test_return_std:           0.0000

2026-04-14 21:36:29,998 - my_experiment - bat_60_ExpoComm_5M_44 - my_run - INFO - t_env: 750200 / 5050000
2026-04-14 21:36:29,999 - my_experiment - bat_60_ExpoComm_5M_44 - my_run - INFO - Estimated time left: 1 days, 15 hours, 47 minutes, 25 seconds. Time passed: 7 hours, 15 minutes, 13 seconds
2026-04-14 22:04:17,164 - my_experiment - bat_60_ExpoComm_5M_44 - my_run - INFO - Recent Stats | t_env:     800000 | Episode:     4000
blue_team_alives_mean:   144.0000	blue_team_win_mean:        0.0000	ep_length_mean:          200.0000	episode_length_mean:     199.0000
epsilon:                   0.2495	grad_norm:               233149046.4000	info_nce_loss:             0.3233	loss:                    1776708.3750
q_loss:                  1615189.4250	q_taken_mean:            244.9511	red_team_alives_mean:    144.0000	red_team_win_mean:         0.0000
return_mean:              -3.5498	return_std:                0.1602	target_mean:             246.2332	td_error_abs:            847.1828
test_blue_team_alives_mean:144.0000	test_blue_team_win_mean:   0.0000	test_ep_length_mean:     200.0000	test_episode_length_mean:199.0000
test_red_team_alives_mean:144.0000	test_red_team_win_mean:    0.0000	test_return_mean:         -1.1982	test_return_std:           0.0000

2026-04-14 22:04:23,855 - my_experiment - bat_60_ExpoComm_5M_44 - my_run - INFO - t_env: 800200 / 5050000
2026-04-14 22:04:23,856 - my_experiment - bat_60_ExpoComm_5M_44 - my_run - INFO - Estimated time left: 1 days, 15 hours, 31 minutes, 11 seconds. Time passed: 7 hours, 43 minutes, 7 seconds
2026-04-14 22:32:08,157 - my_experiment - bat_60_ExpoComm_5M_44 - my_run - INFO - Recent Stats | t_env:     850000 | Episode:     4250
blue_team_alives_mean:   144.0000	blue_team_win_mean:        0.0000	ep_length_mean:          200.0000	episode_length_mean:     199.0000
epsilon:                   0.2020	grad_norm:               219602323.2000	info_nce_loss:             0.2685	loss:                    1579007.6500
q_loss:                  1435461.5250	q_taken_mean:            250.0518	red_team_alives_mean:    144.0000	red_team_win_mean:         0.0000
return_mean:              -3.2940	return_std:                0.1567	target_mean:             251.3886	td_error_abs:            788.4826
test_blue_team_alives_mean:144.0000	test_blue_team_win_mean:   0.0000	test_ep_length_mean:     200.0000	test_episode_length_mean:199.0000
test_red_team_alives_mean:144.0000	test_red_team_win_mean:    0.0000	test_return_mean:         -1.3087	test_return_std:           0.0000

2026-04-14 22:32:14,821 - my_experiment - bat_60_ExpoComm_5M_44 - my_run - INFO - t_env: 850200 / 5050000
2026-04-14 22:32:14,822 - my_experiment - bat_60_ExpoComm_5M_44 - my_run - INFO - Estimated time left: 1 days, 14 hours, 59 minutes, 14 seconds. Time passed: 8 hours, 10 minutes, 58 seconds
2026-04-14 22:59:57,185 - my_experiment - bat_60_ExpoComm_5M_44 - my_run - INFO - Recent Stats | t_env:     900000 | Episode:     4500
blue_team_alives_mean:   144.0000	blue_team_win_mean:        0.0000	ep_length_mean:          200.0000	episode_length_mean:     199.0000
epsilon:                   0.1545	grad_norm:               252933708.8000	info_nce_loss:             0.4618	loss:                    1455544.7750
q_loss:                  1323222.5250	q_taken_mean:            248.1210	red_team_alives_mean:    144.0000	red_team_win_mean:         0.0000
return_mean:              -2.8460	return_std:                0.2214	target_mean:             249.3188	td_error_abs:            732.0503
test_blue_team_alives_mean:144.0000	test_blue_team_win_mean:   0.0000	test_ep_length_mean:     200.0000	test_episode_length_mean:199.0000
test_red_team_alives_mean:144.0000	test_red_team_win_mean:    0.0000	test_return_mean:         -1.3296	test_return_std:           0.0000

2026-04-14 23:00:03,921 - my_experiment - bat_60_ExpoComm_5M_44 - my_run - INFO - t_env: 900200 / 5050000
2026-04-14 23:00:03,923 - my_experiment - bat_60_ExpoComm_5M_44 - my_run - INFO - Estimated time left: 1 days, 14 hours, 28 minutes, 48 seconds. Time passed: 8 hours, 38 minutes, 47 seconds
2026-04-14 23:27:21,980 - my_experiment - bat_60_ExpoComm_5M_44 - my_run - INFO - Recent Stats | t_env:     950000 | Episode:     4750
blue_team_alives_mean:   144.0000	blue_team_win_mean:        0.0000	ep_length_mean:          200.0000	episode_length_mean:     199.0000
epsilon:                   0.1070	grad_norm:               289768611.2000	info_nce_loss:             0.5194	loss:                    1593007.7500
q_loss:                  1448188.9000	q_taken_mean:            259.4038	red_team_alives_mean:    144.0000	red_team_win_mean:         0.0000
return_mean:              -2.7777	return_std:                0.2130	target_mean:             259.9163	td_error_abs:            736.4126
test_blue_team_alives_mean:144.0000	test_blue_team_win_mean:   0.0000	test_ep_length_mean:     200.0000	test_episode_length_mean:199.0000
test_red_team_alives_mean:144.0000	test_red_team_win_mean:    0.0000	test_return_mean:         -1.5092	test_return_std:           0.0000

2026-04-14 23:27:28,349 - my_experiment - bat_60_ExpoComm_5M_44 - my_run - INFO - t_env: 950200 / 5050000
2026-04-14 23:27:28,350 - my_experiment - bat_60_ExpoComm_5M_44 - my_run - INFO - Estimated time left: 1 days, 13 hours, 27 minutes, 16 seconds. Time passed: 9 hours, 6 minutes, 12 seconds
2026-04-14 23:55:14,633 - my_experiment - bat_60_ExpoComm_5M_44 - my_run - INFO - Recent Stats | t_env:    1000000 | Episode:     5000
blue_team_alives_mean:   144.0000	blue_team_win_mean:        0.0000	ep_length_mean:          200.0000	episode_length_mean:     199.0000
epsilon:                   0.0595	grad_norm:               253762144.0000	info_nce_loss:             0.0720	loss:                    1427143.6000
q_loss:                  1297403.5500	q_taken_mean:            245.3031	red_team_alives_mean:    144.0000	red_team_win_mean:         0.0000
return_mean:              -2.2726	return_std:                0.1333	target_mean:             245.7033	td_error_abs:            695.3369
test_blue_team_alives_mean:144.0000	test_blue_team_win_mean:   0.0000	test_ep_length_mean:     200.0000	test_episode_length_mean:199.0000
test_red_team_alives_mean:144.0000	test_red_team_win_mean:    0.0000	test_return_mean:         -1.7569	test_return_std:           0.0000

2026-04-14 23:55:21,388 - my_experiment - bat_60_ExpoComm_5M_44 - my_run - INFO - t_env: 1000200 / 5050000
2026-04-14 23:55:21,389 - my_experiment - bat_60_ExpoComm_5M_44 - my_run - INFO - Estimated time left: 1 days, 13 hours, 38 minutes, 29 seconds. Time passed: 9 hours, 34 minutes, 5 seconds
2026-04-14 23:55:27,034 - my_experiment - bat_60_ExpoComm_5M_44 - my_run - INFO - Saving models to work_dirs/my_experiment/bat_60_ExpoComm_5M_44/my_run/20260414_142059/models/1000200
2026-04-15 00:23:33,546 - my_experiment - bat_60_ExpoComm_5M_44 - my_run - INFO - Recent Stats | t_env:    1050000 | Episode:     5250
blue_team_alives_mean:   144.0000	blue_team_win_mean:        0.0000	ep_length_mean:          200.0000	episode_length_mean:     199.0000
epsilon:                   0.0500	grad_norm:               276721494.4000	info_nce_loss:             0.4083	loss:                    1646785.3250
q_loss:                  1497077.5750	q_taken_mean:            243.9050	red_team_alives_mean:    144.0000	red_team_win_mean:         0.0000
return_mean:              -1.8692	return_std:                0.1960	target_mean:             242.9428	td_error_abs:            756.5475
test_blue_team_alives_mean:144.0000	test_blue_team_win_mean:   0.0000	test_ep_length_mean:     200.0000	test_episode_length_mean:199.0000
test_red_team_alives_mean:144.0000	test_red_team_win_mean:    0.0000	test_return_mean:         -2.0765	test_return_std:           0.0000

2026-04-15 00:23:40,509 - my_experiment - bat_60_ExpoComm_5M_44 - my_run - INFO - t_env: 1050200 / 5050000
2026-04-15 00:23:40,510 - my_experiment - bat_60_ExpoComm_5M_44 - my_run - INFO - Estimated time left: 1 days, 13 hours, 45 minutes, 22 seconds. Time passed: 10 hours, 2 minutes, 24 seconds
2026-04-15 00:52:15,886 - my_experiment - bat_60_ExpoComm_5M_44 - my_run - INFO - Recent Stats | t_env:    1100000 | Episode:     5500
blue_team_alives_mean:   144.0000	blue_team_win_mean:        0.0000	ep_length_mean:          200.0000	episode_length_mean:     199.0000
epsilon:                   0.0500	grad_norm:               324986928.0000	info_nce_loss:             0.3387	loss:                    1343147.7750
q_loss:                  1221043.4250	q_taken_mean:            235.2013	red_team_alives_mean:    144.0000	red_team_win_mean:         0.0000
return_mean:              -2.1263	return_std:                0.2028	target_mean:             235.6865	td_error_abs:            645.4437
test_blue_team_alives_mean:144.0000	test_blue_team_win_mean:   0.0000	test_ep_length_mean:     200.0000	test_episode_length_mean:199.0000
test_red_team_alives_mean:144.0000	test_red_team_win_mean:    0.0000	test_return_mean:         -2.8661	test_return_std:           0.0000

2026-04-15 00:52:22,934 - my_experiment - bat_60_ExpoComm_5M_44 - my_run - INFO - t_env: 1100200 / 5050000
2026-04-15 00:52:22,935 - my_experiment - bat_60_ExpoComm_5M_44 - my_run - INFO - Estimated time left: 1 days, 13 hours, 47 minutes, 44 seconds. Time passed: 10 hours, 31 minutes, 6 seconds
2026-04-15 01:21:33,267 - my_experiment - bat_60_ExpoComm_5M_44 - my_run - INFO - Recent Stats | t_env:    1150000 | Episode:     5750
blue_team_alives_mean:   144.0000	blue_team_win_mean:        0.0000	ep_length_mean:          200.0000	episode_length_mean:     199.0000
epsilon:                   0.0500	grad_norm:               297367948.8000	info_nce_loss:             0.5685	loss:                    1302179.0125
q_loss:                  1183799.0875	q_taken_mean:            235.2449	red_team_alives_mean:    144.0000	red_team_win_mean:         0.0000
return_mean:              -1.7782	return_std:                0.0900	target_mean:             234.9409	td_error_abs:            570.9930
test_blue_team_alives_mean:144.0000	test_blue_team_win_mean:   0.0000	test_ep_length_mean:     200.0000	test_episode_length_mean:199.0000
test_red_team_alives_mean:144.0000	test_red_team_win_mean:    0.0000	test_return_mean:         -3.0122	test_return_std:           0.0000

2026-04-15 01:21:40,304 - my_experiment - bat_60_ExpoComm_5M_44 - my_run - INFO - t_env: 1150200 / 5050000
2026-04-15 01:21:40,305 - my_experiment - bat_60_ExpoComm_5M_44 - my_run - INFO - Estimated time left: 1 days, 14 hours, 4 minutes, 27 seconds. Time passed: 11 hours, 24 seconds
2026-04-15 01:50:49,841 - my_experiment - bat_60_ExpoComm_5M_44 - my_run - INFO - Recent Stats | t_env:    1200000 | Episode:     6000
blue_team_alives_mean:   144.0000	blue_team_win_mean:        0.0000	ep_length_mean:          200.0000	episode_length_mean:     199.0000
epsilon:                   0.0500	grad_norm:               348687232.0000	info_nce_loss:             0.4984	loss:                    1327254.9500
q_loss:                  1206595.3875	q_taken_mean:            237.4537	red_team_alives_mean:    144.0000	red_team_win_mean:         0.0000
return_mean:              -1.6849	return_std:                0.0818	target_mean:             237.8934	td_error_abs:            565.9664
test_blue_team_alives_mean:144.0000	test_blue_team_win_mean:   0.0000	test_ep_length_mean:     200.0000	test_episode_length_mean:199.0000
test_red_team_alives_mean:144.0000	test_red_team_win_mean:    0.0000	test_return_mean:         -2.9106	test_return_std:           0.0000

2026-04-15 01:50:56,825 - my_experiment - bat_60_ExpoComm_5M_44 - my_run - INFO - t_env: 1200200 / 5050000
2026-04-15 01:50:56,826 - my_experiment - bat_60_ExpoComm_5M_44 - my_run - INFO - Estimated time left: 1 days, 13 hours, 34 minutes, 5 seconds. Time passed: 11 hours, 29 minutes, 40 seconds
2026-04-15 02:19:55,755 - my_experiment - bat_60_ExpoComm_5M_44 - my_run - INFO - Recent Stats | t_env:    1250000 | Episode:     6250
blue_team_alives_mean:   144.0000	blue_team_win_mean:        0.0000	ep_length_mean:          200.0000	episode_length_mean:     199.0000
epsilon:                   0.0500	grad_norm:               401882732.8000	info_nce_loss:             0.5061	loss:                    1630353.7250
q_loss:                  1482139.7625	q_taken_mean:            251.4343	red_team_alives_mean:    144.0000	red_team_win_mean:         0.0000
return_mean:              -1.5686	return_std:                0.0633	target_mean:             251.1538	td_error_abs:            595.4500
test_blue_team_alives_mean:144.0000	test_blue_team_win_mean:   0.0000	test_ep_length_mean:     200.0000	test_episode_length_mean:199.0000
test_red_team_alives_mean:144.0000	test_red_team_win_mean:    0.0000	test_return_mean:         -2.6279	test_return_std:           0.0000

2026-04-15 02:20:02,772 - my_experiment - bat_60_ExpoComm_5M_44 - my_run - INFO - t_env: 1250200 / 5050000
2026-04-15 02:20:02,773 - my_experiment - bat_60_ExpoComm_5M_44 - my_run - INFO - Estimated time left: 1 days, 12 hours, 51 minutes, 24 seconds. Time passed: 11 hours, 58 minutes, 46 seconds
2026-04-15 02:49:07,732 - my_experiment - bat_60_ExpoComm_5M_44 - my_run - INFO - Recent Stats | t_env:    1300000 | Episode:     6500
blue_team_alives_mean:   144.0000	blue_team_win_mean:        0.0000	ep_length_mean:          200.0000	episode_length_mean:     199.0000
epsilon:                   0.0500	grad_norm:               422103148.8000	info_nce_loss:             0.5672	loss:                    1486907.3500
q_loss:                  1351733.9500	q_taken_mean:            255.8954	red_team_alives_mean:    144.0000	red_team_win_mean:         0.0000
return_mean:              -1.5767	return_std:                0.0575	target_mean:             256.2625	td_error_abs:            568.1837
test_blue_team_alives_mean:144.0000	test_blue_team_win_mean:   0.0000	test_ep_length_mean:     200.0000	test_episode_length_mean:199.0000
test_red_team_alives_mean:144.0000	test_red_team_win_mean:    0.0000	test_return_mean:         -2.2286	test_return_std:           0.0000

2026-04-15 02:49:14,734 - my_experiment - bat_60_ExpoComm_5M_44 - my_run - INFO - t_env: 1300200 / 5050000
2026-04-15 02:49:14,735 - my_experiment - bat_60_ExpoComm_5M_44 - my_run - INFO - Estimated time left: 1 days, 12 hours, 29 minutes, 50 seconds. Time passed: 12 hours, 27 minutes, 58 seconds
2026-04-15 03:18:19,599 - my_experiment - bat_60_ExpoComm_5M_44 - my_run - INFO - Recent Stats | t_env:    1350000 | Episode:     6750
blue_team_alives_mean:   144.0000	blue_team_win_mean:        0.0000	ep_length_mean:          200.0000	episode_length_mean:     199.0000
epsilon:                   0.0500	grad_norm:               504626822.4000	info_nce_loss:             0.3002	loss:                    1713494.4500
q_loss:                  1557722.2250	q_taken_mean:            270.2516	red_team_alives_mean:    144.0000	red_team_win_mean:         0.0000
return_mean:              -1.7189	return_std:                0.0848	target_mean:             270.1866	td_error_abs:            578.8054
test_blue_team_alives_mean:144.0000	test_blue_team_win_mean:   0.0000	test_ep_length_mean:     200.0000	test_episode_length_mean:199.0000
test_red_team_alives_mean:144.0000	test_red_team_win_mean:    0.0000	test_return_mean:         -1.3860	test_return_std:           0.0000

2026-04-15 03:18:26,584 - my_experiment - bat_60_ExpoComm_5M_44 - my_run - INFO - t_env: 1350200 / 5050000
2026-04-15 03:18:26,585 - my_experiment - bat_60_ExpoComm_5M_44 - my_run - INFO - Estimated time left: 1 days, 12 hours, 29 seconds. Time passed: 12 hours, 57 minutes, 10 seconds
2026-04-15 03:47:04,022 - my_experiment - bat_60_ExpoComm_5M_44 - my_run - INFO - Recent Stats | t_env:    1400000 | Episode:     7000
blue_team_alives_mean:   144.0000	blue_team_win_mean:        0.0000	ep_length_mean:          200.0000	episode_length_mean:     199.0000
epsilon:                   0.0500	grad_norm:               596041222.4000	info_nce_loss:             0.6391	loss:                    1810137.6250
q_loss:                  1645579.6750	q_taken_mean:            281.4562	red_team_alives_mean:    144.0000	red_team_win_mean:         0.0000
return_mean:              -1.8813	return_std:                0.0970	target_mean:             281.5696	td_error_abs:            588.9536
test_blue_team_alives_mean:144.0000	test_blue_team_win_mean:   0.0000	test_ep_length_mean:     200.0000	test_episode_length_mean:199.0000
test_red_team_alives_mean:144.0000	test_red_team_win_mean:    0.0000	test_return_mean:         -1.3687	test_return_std:           0.0000

2026-04-15 03:47:10,854 - my_experiment - bat_60_ExpoComm_5M_44 - my_run - INFO - t_env: 1400200 / 5050000
2026-04-15 03:47:10,855 - my_experiment - bat_60_ExpoComm_5M_44 - my_run - INFO - Estimated time left: 1 days, 10 hours, 57 minutes, 44 seconds. Time passed: 13 hours, 25 minutes, 54 seconds
2026-04-15 04:15:22,055 - my_experiment - bat_60_ExpoComm_5M_44 - my_run - INFO - Recent Stats | t_env:    1450000 | Episode:     7250
blue_team_alives_mean:   144.0000	blue_team_win_mean:        0.0000	ep_length_mean:          200.0000	episode_length_mean:     199.0000
epsilon:                   0.0500	grad_norm:               614229491.2000	info_nce_loss:             0.4780	loss:                    1700881.7250
q_loss:                  1546256.1250	q_taken_mean:            279.7226	red_team_alives_mean:    144.0000	red_team_win_mean:         0.0000
return_mean:              -1.8299	return_std:                0.1116	target_mean:             279.3317	td_error_abs:            573.3538
test_blue_team_alives_mean:144.0000	test_blue_team_win_mean:   0.0000	test_ep_length_mean:     200.0000	test_episode_length_mean:199.0000
test_red_team_alives_mean:144.0000	test_red_team_win_mean:    0.0000	test_return_mean:         -1.3639	test_return_std:           0.0000

2026-04-15 04:15:28,852 - my_experiment - bat_60_ExpoComm_5M_44 - my_run - INFO - t_env: 1450200 / 5050000
2026-04-15 04:15:28,853 - my_experiment - bat_60_ExpoComm_5M_44 - my_run - INFO - Estimated time left: 1 days, 9 hours, 57 minutes, 29 seconds. Time passed: 13 hours, 54 minutes, 12 seconds
2026-04-15 04:43:29,753 - my_experiment - bat_60_ExpoComm_5M_44 - my_run - INFO - Recent Stats | t_env:    1500000 | Episode:     7500
blue_team_alives_mean:   144.0000	blue_team_win_mean:        0.0000	ep_length_mean:          200.0000	episode_length_mean:     199.0000
epsilon:                   0.0500	grad_norm:               561232262.4000	info_nce_loss:             0.3721	loss:                    1226016.0875
q_loss:                  1114560.1125	q_taken_mean:            280.6015	red_team_alives_mean:    144.0000	red_team_win_mean:         0.0000
return_mean:              -1.7222	return_std:                0.1177	target_mean:             280.7455	td_error_abs:            529.5459
test_blue_team_alives_mean:144.0000	test_blue_team_win_mean:   0.0000	test_ep_length_mean:     200.0000	test_episode_length_mean:199.0000
test_red_team_alives_mean:144.0000	test_red_team_win_mean:    0.0000	test_return_mean:         -1.4110	test_return_std:           0.0000

2026-04-15 04:43:36,445 - my_experiment - bat_60_ExpoComm_5M_44 - my_run - INFO - t_env: 1500200 / 5050000
2026-04-15 04:43:36,446 - my_experiment - bat_60_ExpoComm_5M_44 - my_run - INFO - Estimated time left: 1 days, 9 hours, 16 minutes, 52 seconds. Time passed: 14 hours, 22 minutes, 20 seconds
2026-04-15 04:43:42,072 - my_experiment - bat_60_ExpoComm_5M_44 - my_run - INFO - Saving models to work_dirs/my_experiment/bat_60_ExpoComm_5M_44/my_run/20260414_142059/models/1500200
2026-04-15 05:11:31,258 - my_experiment - bat_60_ExpoComm_5M_44 - my_run - INFO - Recent Stats | t_env:    1550000 | Episode:     7750
blue_team_alives_mean:   144.0000	blue_team_win_mean:        0.0000	ep_length_mean:          200.0000	episode_length_mean:     199.0000
epsilon:                   0.0500	grad_norm:               480676672.0000	info_nce_loss:             0.4667	loss:                    1089603.1625
q_loss:                  990548.3250	q_taken_mean:            292.9461	red_team_alives_mean:    144.0000	red_team_win_mean:         0.0000
return_mean:              -1.6336	return_std:                0.1051	target_mean:             292.7733	td_error_abs:            508.2657
test_blue_team_alives_mean:144.0000	test_blue_team_win_mean:   0.0000	test_ep_length_mean:     200.0000	test_episode_length_mean:199.0000
test_red_team_alives_mean:144.0000	test_red_team_win_mean:    0.0000	test_return_mean:         -1.4437	test_return_std:           0.0000

2026-04-15 05:11:38,011 - my_experiment - bat_60_ExpoComm_5M_44 - my_run - INFO - t_env: 1550200 / 5050000
2026-04-15 05:11:38,012 - my_experiment - bat_60_ExpoComm_5M_44 - my_run - INFO - Estimated time left: 1 days, 8 hours, 41 minutes, 42 seconds. Time passed: 14 hours, 50 minutes, 21 seconds
2026-04-15 05:39:31,954 - my_experiment - bat_60_ExpoComm_5M_44 - my_run - INFO - Recent Stats | t_env:    1600000 | Episode:     8000
blue_team_alives_mean:   144.0000	blue_team_win_mean:        0.0000	ep_length_mean:          200.0000	episode_length_mean:     199.0000
epsilon:                   0.0500	grad_norm:               370980361.6000	info_nce_loss:             0.7843	loss:                    964059.4375
q_loss:                  876417.6500	q_taken_mean:            289.7942	red_team_alives_mean:    144.0000	red_team_win_mean:         0.0000
return_mean:              -1.8519	return_std:                0.1477	target_mean:             289.0530	td_error_abs:            495.5573
test_blue_team_alives_mean:144.0000	test_blue_team_win_mean:   0.0000	test_ep_length_mean:     200.0000	test_episode_length_mean:199.0000
test_red_team_alives_mean:144.0000	test_red_team_win_mean:    0.0000	test_return_mean:         -1.4172	test_return_std:           0.0000

2026-04-15 05:39:38,679 - my_experiment - bat_60_ExpoComm_5M_44 - my_run - INFO - t_env: 1600200 / 5050000
2026-04-15 05:39:38,680 - my_experiment - bat_60_ExpoComm_5M_44 - my_run - INFO - Estimated time left: 1 days, 8 hours, 12 minutes, 39 seconds. Time passed: 15 hours, 18 minutes, 22 seconds
2026-04-15 06:07:34,723 - my_experiment - bat_60_ExpoComm_5M_44 - my_run - INFO - Recent Stats | t_env:    1650000 | Episode:     8250
blue_team_alives_mean:   144.0000	blue_team_win_mean:        0.0000	ep_length_mean:          200.0000	episode_length_mean:     199.0000
epsilon:                   0.0500	grad_norm:               505059680.0000	info_nce_loss:             0.4475	loss:                    1555361.9625
q_loss:                  1413965.4250	q_taken_mean:            291.1893	red_team_alives_mean:    144.0000	red_team_win_mean:         0.0000
return_mean:              -1.9310	return_std:                0.4300	target_mean:             290.8669	td_error_abs:            572.3570
test_blue_team_alives_mean:144.0000	test_blue_team_win_mean:   0.0000	test_ep_length_mean:     200.0000	test_episode_length_mean:199.0000
test_red_team_alives_mean:144.0000	test_red_team_win_mean:    0.0000	test_return_mean:         -1.2872	test_return_std:           0.0000

2026-04-15 06:07:41,392 - my_experiment - bat_60_ExpoComm_5M_44 - my_run - INFO - t_env: 1650200 / 5050000
2026-04-15 06:07:41,393 - my_experiment - bat_60_ExpoComm_5M_44 - my_run - INFO - Estimated time left: 1 days, 7 hours, 46 minutes, 57 seconds. Time passed: 15 hours, 46 minutes, 25 seconds
2026-04-15 06:35:35,535 - my_experiment - bat_60_ExpoComm_5M_44 - my_run - INFO - Recent Stats | t_env:    1700000 | Episode:     8500
blue_team_alives_mean:   144.0000	blue_team_win_mean:        0.0000	ep_length_mean:          200.0000	episode_length_mean:     199.0000
epsilon:                   0.0500	grad_norm:               454555756.8000	info_nce_loss:             0.7861	loss:                    1397646.1875
q_loss:                  1270587.4375	q_taken_mean:            289.4351	red_team_alives_mean:    144.0000	red_team_win_mean:         0.0000
return_mean:              -1.8099	return_std:                0.2552	target_mean:             289.7180	td_error_abs:            498.3959
test_blue_team_alives_mean:144.0000	test_blue_team_win_mean:   0.0000	test_ep_length_mean:     200.0000	test_episode_length_mean:199.0000
test_red_team_alives_mean:144.0000	test_red_team_win_mean:    0.0000	test_return_mean:         -1.3090	test_return_std:           0.0000

2026-04-15 06:35:42,240 - my_experiment - bat_60_ExpoComm_5M_44 - my_run - INFO - t_env: 1700200 / 5050000
2026-04-15 06:35:42,241 - my_experiment - bat_60_ExpoComm_5M_44 - my_run - INFO - Estimated time left: 1 days, 7 hours, 16 minutes, 50 seconds. Time passed: 16 hours, 14 minutes, 26 seconds
2026-04-15 07:03:37,956 - my_experiment - bat_60_ExpoComm_5M_44 - my_run - INFO - Recent Stats | t_env:    1750000 | Episode:     8750
blue_team_alives_mean:   144.0000	blue_team_win_mean:        0.0000	ep_length_mean:          200.0000	episode_length_mean:     199.0000
epsilon:                   0.0500	grad_norm:               694592972.8000	info_nce_loss:             0.6685	loss:                    1996867.7500
q_loss:                  1815334.3250	q_taken_mean:            283.7686	red_team_alives_mean:    144.0000	red_team_win_mean:         0.0000
return_mean:              -1.6477	return_std:                0.1270	target_mean:             283.5752	td_error_abs:            556.6828
test_blue_team_alives_mean:144.0000	test_blue_team_win_mean:   0.0000	test_ep_length_mean:     200.0000	test_episode_length_mean:199.0000
test_red_team_alives_mean:144.0000	test_red_team_win_mean:    0.0000	test_return_mean:         -1.2839	test_return_std:           0.0000

2026-04-15 07:03:44,663 - my_experiment - bat_60_ExpoComm_5M_44 - my_run - INFO - t_env: 1750200 / 5050000
2026-04-15 07:03:44,664 - my_experiment - bat_60_ExpoComm_5M_44 - my_run - INFO - Estimated time left: 1 days, 6 hours, 50 minutes, 33 seconds. Time passed: 16 hours, 42 minutes, 28 seconds
2026-04-15 07:31:41,753 - my_experiment - bat_60_ExpoComm_5M_44 - my_run - INFO - Recent Stats | t_env:    1800000 | Episode:     9000
blue_team_alives_mean:   144.0000	blue_team_win_mean:        0.0040	ep_length_mean:          200.0000	episode_length_mean:     199.0000
epsilon:                   0.0500	grad_norm:               536050732.8000	info_nce_loss:             0.5027	loss:                    2538581.8250
q_loss:                  2307801.6500	q_taken_mean:            285.9462	red_team_alives_mean:    143.9960	red_team_win_mean:         0.0000
return_mean:              -1.7202	return_std:                0.2372	target_mean:             283.7971	td_error_abs:            862.9211
test_blue_team_alives_mean:144.0000	test_blue_team_win_mean:   0.0000	test_ep_length_mean:     200.0000	test_episode_length_mean:199.0000
test_red_team_alives_mean:144.0000	test_red_team_win_mean:    0.0000	test_return_mean:         -1.2340	test_return_std:           0.0000

2026-04-15 07:31:48,475 - my_experiment - bat_60_ExpoComm_5M_44 - my_run - INFO - t_env: 1800200 / 5050000
2026-04-15 07:31:48,476 - my_experiment - bat_60_ExpoComm_5M_44 - my_run - INFO - Estimated time left: 1 days, 6 hours, 24 minutes, 1 seconds. Time passed: 17 hours, 10 minutes, 32 seconds
2026-04-15 07:59:43,654 - my_experiment - bat_60_ExpoComm_5M_44 - my_run - INFO - Recent Stats | t_env:    1850000 | Episode:     9250
blue_team_alives_mean:   144.0000	blue_team_win_mean:        0.0160	ep_length_mean:          200.0000	episode_length_mean:     199.0000
epsilon:                   0.0500	grad_norm:               1912450555.2000	info_nce_loss:             0.4931	loss:                    10250663.9500
q_loss:                  9318785.4750	q_taken_mean:            267.3766	red_team_alives_mean:    143.9320	red_team_win_mean:         0.0000
return_mean:              -1.5572	return_std:                0.1291	target_mean:             268.0409	td_error_abs:            992.4624
test_blue_team_alives_mean:144.0000	test_blue_team_win_mean:   0.0000	test_ep_length_mean:     200.0000	test_episode_length_mean:199.0000
test_red_team_alives_mean:144.0000	test_red_team_win_mean:    0.0000	test_return_mean:         -1.2147	test_return_std:           0.0000

2026-04-15 07:59:50,360 - my_experiment - bat_60_ExpoComm_5M_44 - my_run - INFO - t_env: 1850200 / 5050000
2026-04-15 07:59:50,361 - my_experiment - bat_60_ExpoComm_5M_44 - my_run - INFO - Estimated time left: 1 days, 5 hours, 53 minutes, 53 seconds. Time passed: 17 hours, 38 minutes, 34 seconds
2026-04-15 08:27:45,011 - my_experiment - bat_60_ExpoComm_5M_44 - my_run - INFO - Recent Stats | t_env:    1900000 | Episode:     9500
blue_team_alives_mean:   143.9960	blue_team_win_mean:        0.1080	ep_length_mean:          200.0000	episode_length_mean:     199.0000
epsilon:                   0.0500	grad_norm:               982907198.4000	info_nce_loss:             0.6966	loss:                    4063596.5000
q_loss:                  3694178.7000	q_taken_mean:            263.2127	red_team_alives_mean:    143.7560	red_team_win_mean:         0.0040
return_mean:              -1.9982	return_std:                0.4288	target_mean:             265.5151	td_error_abs:            960.4425
test_blue_team_alives_mean:144.0000	test_blue_team_win_mean:   0.0000	test_ep_length_mean:     200.0000	test_episode_length_mean:199.0000
test_red_team_alives_mean:144.0000	test_red_team_win_mean:    0.0000	test_return_mean:         -1.3876	test_return_std:           0.0000

2026-04-15 08:27:51,748 - my_experiment - bat_60_ExpoComm_5M_44 - my_run - INFO - t_env: 1900200 / 5050000
2026-04-15 08:27:51,749 - my_experiment - bat_60_ExpoComm_5M_44 - my_run - INFO - Estimated time left: 1 days, 5 hours, 25 minutes, 20 seconds. Time passed: 18 hours, 6 minutes, 35 seconds
2026-04-15 08:55:50,267 - my_experiment - bat_60_ExpoComm_5M_44 - my_run - INFO - Recent Stats | t_env:    1950000 | Episode:     9750
blue_team_alives_mean:   144.0000	blue_team_win_mean:        0.4280	ep_length_mean:          200.0000	episode_length_mean:     199.0000
epsilon:                   0.0500	grad_norm:               296687948.8000	info_nce_loss:             0.6871	loss:                    1544933.5000
q_loss:                  1404485.0000	q_taken_mean:            268.5689	red_team_alives_mean:    142.2320	red_team_win_mean:         0.0000
return_mean:              -1.9170	return_std:                0.4963	target_mean:             268.1612	td_error_abs:            682.9048
test_blue_team_alives_mean:144.0000	test_blue_team_win_mean:   0.2000	test_ep_length_mean:     200.0000	test_episode_length_mean:199.0000
test_red_team_alives_mean:143.2000	test_red_team_win_mean:    0.0000	test_return_mean:         -1.3279	test_return_std:           0.0000

2026-04-15 08:55:56,949 - my_experiment - bat_60_ExpoComm_5M_44 - my_run - INFO - t_env: 1950200 / 5050000
2026-04-15 08:55:56,950 - my_experiment - bat_60_ExpoComm_5M_44 - my_run - INFO - Estimated time left: 1 days, 5 hours, 1 minutes, 15 seconds. Time passed: 18 hours, 34 minutes, 40 seconds
2026-04-15 09:23:54,589 - my_experiment - bat_60_ExpoComm_5M_44 - my_run - INFO - Recent Stats | t_env:    2000000 | Episode:    10000
blue_team_alives_mean:   143.9920	blue_team_win_mean:        0.8000	ep_length_mean:          200.0000	episode_length_mean:     199.0000
epsilon:                   0.0500	grad_norm:               555467865.6000	info_nce_loss:             0.3612	loss:                    2652783.4750
q_loss:                  2411621.3000	q_taken_mean:            270.7411	red_team_alives_mean:    141.0880	red_team_win_mean:         0.0000
return_mean:              -1.6385	return_std:                0.2283	target_mean:             272.2113	td_error_abs:            787.7540
test_blue_team_alives_mean:144.0000	test_blue_team_win_mean:   0.4000	test_ep_length_mean:     200.0000	test_episode_length_mean:199.0000
test_red_team_alives_mean:142.4000	test_red_team_win_mean:    0.0000	test_return_mean:         -1.6472	test_return_std:           0.0000

2026-04-15 09:24:01,380 - my_experiment - bat_60_ExpoComm_5M_44 - my_run - INFO - t_env: 2000200 / 5050000
2026-04-15 09:24:01,381 - my_experiment - bat_60_ExpoComm_5M_44 - my_run - INFO - Estimated time left: 1 days, 4 hours, 32 minutes, 23 seconds. Time passed: 19 hours, 2 minutes, 45 seconds
2026-04-15 09:24:06,957 - my_experiment - bat_60_ExpoComm_5M_44 - my_run - INFO - Saving models to work_dirs/my_experiment/bat_60_ExpoComm_5M_44/my_run/20260414_142059/models/2000200
2026-04-15 09:51:59,520 - my_experiment - bat_60_ExpoComm_5M_44 - my_run - INFO - Recent Stats | t_env:    2050000 | Episode:    10250
blue_team_alives_mean:   144.0000	blue_team_win_mean:        0.7040	ep_length_mean:          200.0000	episode_length_mean:     199.0000
epsilon:                   0.0500	grad_norm:               760256076.8000	info_nce_loss:             0.5311	loss:                    2981637.7500
q_loss:                  2710579.7250	q_taken_mean:            293.9329	red_team_alives_mean:    141.6680	red_team_win_mean:         0.0000
return_mean:              -1.5813	return_std:                0.2305	target_mean:             294.1729	td_error_abs:            875.9388
test_blue_team_alives_mean:144.0000	test_blue_team_win_mean:   0.6000	test_ep_length_mean:     200.0000	test_episode_length_mean:199.0000
test_red_team_alives_mean:141.8000	test_red_team_win_mean:    0.0000	test_return_mean:         -1.6198	test_return_std:           0.0000

2026-04-15 09:52:06,239 - my_experiment - bat_60_ExpoComm_5M_44 - my_run - INFO - t_env: 2050200 / 5050000
2026-04-15 09:52:06,240 - my_experiment - bat_60_ExpoComm_5M_44 - my_run - INFO - Estimated time left: 1 days, 4 hours, 4 minutes, 44 seconds. Time passed: 19 hours, 30 minutes, 50 seconds
2026-04-15 10:20:04,223 - my_experiment - bat_60_ExpoComm_5M_44 - my_run - INFO - Recent Stats | t_env:    2100000 | Episode:    10500
blue_team_alives_mean:   143.9960	blue_team_win_mean:        0.3480	ep_length_mean:          200.0000	episode_length_mean:     199.0000
epsilon:                   0.0500	grad_norm:               1178334121.6000	info_nce_loss:             0.6020	loss:                    7273805.7250
q_loss:                  6612550.7500	q_taken_mean:            301.0508	red_team_alives_mean:    142.8520	red_team_win_mean:         0.0000
return_mean:              -1.9054	return_std:                0.2323	target_mean:             306.4134	td_error_abs:            1423.5875
test_blue_team_alives_mean:144.0000	test_blue_team_win_mean:   0.6000	test_ep_length_mean:     200.0000	test_episode_length_mean:199.0000
test_red_team_alives_mean:141.8000	test_red_team_win_mean:    0.0000	test_return_mean:         -1.6480	test_return_std:           0.0000

2026-04-15 10:20:10,914 - my_experiment - bat_60_ExpoComm_5M_44 - my_run - INFO - t_env: 2100200 / 5050000
2026-04-15 10:20:10,915 - my_experiment - bat_60_ExpoComm_5M_44 - my_run - INFO - Estimated time left: 1 days, 3 hours, 36 minutes, 29 seconds. Time passed: 19 hours, 58 minutes, 54 seconds
2026-04-15 10:48:10,240 - my_experiment - bat_60_ExpoComm_5M_44 - my_run - INFO - Recent Stats | t_env:    2150000 | Episode:    10750
blue_team_alives_mean:   143.8280	blue_team_win_mean:        0.8960	ep_length_mean:          200.0000	episode_length_mean:     199.0000
epsilon:                   0.0500	grad_norm:               3143745356.8000	info_nce_loss:             0.7249	loss:                    19023401.1000
q_loss:                  17294000.7000	q_taken_mean:            326.7555	red_team_alives_mean:    135.0600	red_team_win_mean:         0.0000
return_mean:              -5.1788	return_std:                2.7336	target_mean:             327.3284	td_error_abs:            1850.0812
test_blue_team_alives_mean:144.0000	test_blue_team_win_mean:   0.6000	test_ep_length_mean:     200.0000	test_episode_length_mean:199.0000
test_red_team_alives_mean:141.8000	test_red_team_win_mean:    0.0000	test_return_mean:         -2.3606	test_return_std:           0.0000

2026-04-15 10:48:16,923 - my_experiment - bat_60_ExpoComm_5M_44 - my_run - INFO - t_env: 2150200 / 5050000
2026-04-15 10:48:16,924 - my_experiment - bat_60_ExpoComm_5M_44 - my_run - INFO - Estimated time left: 1 days, 3 hours, 9 minutes, 41 seconds. Time passed: 20 hours, 27 minutes, 0 seconds
2026-04-15 11:16:17,908 - my_experiment - bat_60_ExpoComm_5M_44 - my_run - INFO - Recent Stats | t_env:    2200000 | Episode:    11000
blue_team_alives_mean:   143.9960	blue_team_win_mean:        0.8760	ep_length_mean:          200.0000	episode_length_mean:     199.0000
epsilon:                   0.0500	grad_norm:               1123309478.4000	info_nce_loss:             0.3652	loss:                    6639944.6000
q_loss:                  6036313.4000	q_taken_mean:            352.3447	red_team_alives_mean:    137.7640	red_team_win_mean:         0.0000
return_mean:              -2.3614	return_std:                0.9040	target_mean:             352.4946	td_error_abs:            1717.5640
test_blue_team_alives_mean:144.0000	test_blue_team_win_mean:   0.6000	test_ep_length_mean:     200.0000	test_episode_length_mean:199.0000
test_red_team_alives_mean:141.8000	test_red_team_win_mean:    0.0000	test_return_mean:         -2.3883	test_return_std:           0.0000

2026-04-15 11:16:24,664 - my_experiment - bat_60_ExpoComm_5M_44 - my_run - INFO - t_env: 2200200 / 5050000
2026-04-15 11:16:24,665 - my_experiment - bat_60_ExpoComm_5M_44 - my_run - INFO - Estimated time left: 1 days, 2 hours, 43 minutes, 14 seconds. Time passed: 20 hours, 55 minutes, 8 seconds
2026-04-15 11:44:23,451 - my_experiment - bat_60_ExpoComm_5M_44 - my_run - INFO - Recent Stats | t_env:    2250000 | Episode:    11250
blue_team_alives_mean:   143.9480	blue_team_win_mean:        0.5400	ep_length_mean:          200.0000	episode_length_mean:     199.0000
epsilon:                   0.0500	grad_norm:               1476029184.0000	info_nce_loss:             0.5097	loss:                    5017821.4000
q_loss:                  4561655.7000	q_taken_mean:            368.3152	red_team_alives_mean:    142.1560	red_team_win_mean:         0.0000
return_mean:              -2.1814	return_std:                0.7791	target_mean:             368.2964	td_error_abs:            1186.3854
test_blue_team_alives_mean:144.0000	test_blue_team_win_mean:   0.4000	test_ep_length_mean:     200.0000	test_episode_length_mean:199.0000
test_red_team_alives_mean:142.6000	test_red_team_win_mean:    0.0000	test_return_mean:         -2.0461	test_return_std:           0.0000

2026-04-15 11:44:29,998 - my_experiment - bat_60_ExpoComm_5M_44 - my_run - INFO - t_env: 2250200 / 5050000
2026-04-15 11:44:29,998 - my_experiment - bat_60_ExpoComm_5M_44 - my_run - INFO - Estimated time left: 1 days, 2 hours, 12 minutes, 51 seconds. Time passed: 21 hours, 23 minutes, 13 seconds
2026-04-15 12:12:24,919 - my_experiment - bat_60_ExpoComm_5M_44 - my_run - INFO - Recent Stats | t_env:    2300000 | Episode:    11500
blue_team_alives_mean:   143.6880	blue_team_win_mean:        0.9760	ep_length_mean:          200.0000	episode_length_mean:     199.0000
epsilon:                   0.0500	grad_norm:               1473131993.6000	info_nce_loss:             0.3827	loss:                    4718933.0000
q_loss:                  4289939.1500	q_taken_mean:            357.4185	red_team_alives_mean:    133.8000	red_team_win_mean:         0.0000
return_mean:              -1.9050	return_std:                0.4815	target_mean:             356.0317	td_error_abs:            1143.7262
test_blue_team_alives_mean:143.0000	test_blue_team_win_mean:   0.4000	test_ep_length_mean:     200.0000	test_episode_length_mean:199.0000
test_red_team_alives_mean:140.2000	test_red_team_win_mean:    0.0000	test_return_mean:         -2.8233	test_return_std:           0.0000

2026-04-15 12:12:31,677 - my_experiment - bat_60_ExpoComm_5M_44 - my_run - INFO - t_env: 2300200 / 5050000
2026-04-15 12:12:31,678 - my_experiment - bat_60_ExpoComm_5M_44 - my_run - INFO - Estimated time left: 1 days, 1 hours, 41 minutes, 25 seconds. Time passed: 21 hours, 51 minutes, 15 seconds
2026-04-15 12:40:28,994 - my_experiment - bat_60_ExpoComm_5M_44 - my_run - INFO - Recent Stats | t_env:    2350000 | Episode:    11750
blue_team_alives_mean:   143.7600	blue_team_win_mean:        0.9640	ep_length_mean:          200.0000	episode_length_mean:     199.0000
epsilon:                   0.0500	grad_norm:               2004562867.2000	info_nce_loss:             0.3782	loss:                    6535726.2000
q_loss:                  5941569.3000	q_taken_mean:            361.7713	red_team_alives_mean:    135.4360	red_team_win_mean:         0.0040
return_mean:              -2.3779	return_std:                0.9616	target_mean:             362.9436	td_error_abs:            1184.0865
test_blue_team_alives_mean:143.0000	test_blue_team_win_mean:   0.4000	test_ep_length_mean:     200.0000	test_episode_length_mean:199.0000
test_red_team_alives_mean:140.2000	test_red_team_win_mean:    0.0000	test_return_mean:         -3.3371	test_return_std:           0.0000

2026-04-15 12:40:35,757 - my_experiment - bat_60_ExpoComm_5M_44 - my_run - INFO - t_env: 2350200 / 5050000
2026-04-15 12:40:35,758 - my_experiment - bat_60_ExpoComm_5M_44 - my_run - INFO - Estimated time left: 1 days, 1 hours, 15 minutes, 33 seconds. Time passed: 22 hours, 19 minutes, 19 seconds
2026-04-15 13:08:35,408 - my_experiment - bat_60_ExpoComm_5M_44 - my_run - INFO - Recent Stats | t_env:    2400000 | Episode:    12000
blue_team_alives_mean:   143.9800	blue_team_win_mean:        0.8600	ep_length_mean:          200.0000	episode_length_mean:     199.0000
epsilon:                   0.0500	grad_norm:               825989113.6000	info_nce_loss:             0.5216	loss:                    3707594.6000
q_loss:                  3370540.5500	q_taken_mean:            351.5786	red_team_alives_mean:    139.6720	red_team_win_mean:         0.0000
return_mean:              -2.0283	return_std:                0.5944	target_mean:             352.3249	td_error_abs:            1067.5386
test_blue_team_alives_mean:143.0000	test_blue_team_win_mean:   0.6000	test_ep_length_mean:     200.0000	test_episode_length_mean:199.0000
test_red_team_alives_mean:140.0000	test_red_team_win_mean:    0.0000	test_return_mean:         -2.4504	test_return_std:           0.0000

2026-04-15 13:08:42,027 - my_experiment - bat_60_ExpoComm_5M_44 - my_run - INFO - t_env: 2400200 / 5050000
2026-04-15 13:08:42,028 - my_experiment - bat_60_ExpoComm_5M_44 - my_run - INFO - Estimated time left: 1 days, 49 minutes, 25 seconds. Time passed: 22 hours, 47 minutes, 25 seconds
2026-04-15 13:36:40,589 - my_experiment - bat_60_ExpoComm_5M_44 - my_run - INFO - Recent Stats | t_env:    2450000 | Episode:    12250
blue_team_alives_mean:   143.4240	blue_team_win_mean:        0.9120	ep_length_mean:          200.0000	episode_length_mean:     199.0000
epsilon:                   0.0500	grad_norm:               1797565286.4000	info_nce_loss:             0.6907	loss:                    6318427.6500
q_loss:                  5744025.0500	q_taken_mean:            364.3428	red_team_alives_mean:    137.6360	red_team_win_mean:         0.0000
return_mean:              -2.9154	return_std:                1.5603	target_mean:             360.8876	td_error_abs:            1393.4833
test_blue_team_alives_mean:141.2000	test_blue_team_win_mean:   0.6000	test_ep_length_mean:     200.0000	test_episode_length_mean:199.0000
test_red_team_alives_mean:138.4000	test_red_team_win_mean:    0.0000	test_return_mean:         -3.6430	test_return_std:           0.0000

2026-04-15 13:36:47,359 - my_experiment - bat_60_ExpoComm_5M_44 - my_run - INFO - t_env: 2450200 / 5050000
2026-04-15 13:36:47,360 - my_experiment - bat_60_ExpoComm_5M_44 - my_run - INFO - Estimated time left: 1 days, 20 minutes, 30 seconds. Time passed: 23 hours, 15 minutes, 31 seconds
2026-04-15 14:04:43,029 - my_experiment - bat_60_ExpoComm_5M_44 - my_run - INFO - Recent Stats | t_env:    2500000 | Episode:    12500
blue_team_alives_mean:   143.9960	blue_team_win_mean:        1.0000	ep_length_mean:          200.0000	episode_length_mean:     199.0000
epsilon:                   0.0500	grad_norm:               713766840.0000	info_nce_loss:             0.2872	loss:                    2844474.9500
q_loss:                  2585886.3000	q_taken_mean:            350.8955	red_team_alives_mean:    134.3520	red_team_win_mean:         0.0000
return_mean:              -1.6166	return_std:                0.1624	target_mean:             352.0995	td_error_abs:            974.5816
test_blue_team_alives_mean:141.2000	test_blue_team_win_mean:   0.8000	test_ep_length_mean:     200.0000	test_episode_length_mean:199.0000
test_red_team_alives_mean:136.6000	test_red_team_win_mean:    0.0000	test_return_mean:         -3.6327	test_return_std:           0.0000

2026-04-15 14:04:49,822 - my_experiment - bat_60_ExpoComm_5M_44 - my_run - INFO - t_env: 2500200 / 5050000
2026-04-15 14:04:49,823 - my_experiment - bat_60_ExpoComm_5M_44 - my_run - INFO - Estimated time left: 23 hours, 49 minutes, 58 seconds. Time passed: 23 hours, 43 minutes, 33 seconds
2026-04-15 14:04:55,446 - my_experiment - bat_60_ExpoComm_5M_44 - my_run - INFO - Saving models to work_dirs/my_experiment/bat_60_ExpoComm_5M_44/my_run/20260414_142059/models/2500200
2026-04-15 14:32:44,211 - my_experiment - bat_60_ExpoComm_5M_44 - my_run - INFO - Recent Stats | t_env:    2550000 | Episode:    12750
blue_team_alives_mean:   143.9840	blue_team_win_mean:        1.0000	ep_length_mean:          200.0000	episode_length_mean:     199.0000
epsilon:                   0.0500	grad_norm:               918925120.0000	info_nce_loss:             0.3172	loss:                    4689342.7000
q_loss:                  4263038.8000	q_taken_mean:            355.9289	red_team_alives_mean:    134.4600	red_team_win_mean:         0.0000
return_mean:              -1.8771	return_std:                0.4081	target_mean:             359.2783	td_error_abs:            1324.7011
test_blue_team_alives_mean:142.2000	test_blue_team_win_mean:   0.8000	test_ep_length_mean:     200.0000	test_episode_length_mean:199.0000
test_red_team_alives_mean:138.2000	test_red_team_win_mean:    0.0000	test_return_mean:         -2.8647	test_return_std:           0.0000

2026-04-15 14:32:50,936 - my_experiment - bat_60_ExpoComm_5M_44 - my_run - INFO - t_env: 2550200 / 5050000
2026-04-15 14:32:50,937 - my_experiment - bat_60_ExpoComm_5M_44 - my_run - INFO - Estimated time left: 23 hours, 20 minutes, 48 seconds. Time passed: 1 days, 11 minutes, 34 seconds
2026-04-15 15:00:41,593 - my_experiment - bat_60_ExpoComm_5M_44 - my_run - INFO - Recent Stats | t_env:    2600000 | Episode:    13000
blue_team_alives_mean:   143.9880	blue_team_win_mean:        0.9960	ep_length_mean:          200.0000	episode_length_mean:     199.0000
epsilon:                   0.0500	grad_norm:               867291296.0000	info_nce_loss:             0.5053	loss:                    4454167.0000
q_loss:                  4049242.8000	q_taken_mean:            354.3622	red_team_alives_mean:    131.7680	red_team_win_mean:         0.0000
return_mean:              -1.7720	return_std:                0.3446	target_mean:             355.8865	td_error_abs:            1413.3729
test_blue_team_alives_mean:142.2000	test_blue_team_win_mean:   1.0000	test_ep_length_mean:     200.0000	test_episode_length_mean:199.0000
test_red_team_alives_mean:137.2000	test_red_team_win_mean:    0.0000	test_return_mean:         -2.4143	test_return_std:           0.0000

2026-04-15 15:00:48,265 - my_experiment - bat_60_ExpoComm_5M_44 - my_run - INFO - t_env: 2600200 / 5050000
2026-04-15 15:00:48,266 - my_experiment - bat_60_ExpoComm_5M_44 - my_run - INFO - Estimated time left: 22 hours, 49 minutes, 42 seconds. Time passed: 1 days, 39 minutes, 32 seconds
2026-04-15 15:28:39,846 - my_experiment - bat_60_ExpoComm_5M_44 - my_run - INFO - Recent Stats | t_env:    2650000 | Episode:    13250
blue_team_alives_mean:   143.9760	blue_team_win_mean:        0.9960	ep_length_mean:          200.0000	episode_length_mean:     199.0000
epsilon:                   0.0500	grad_norm:               909096902.4000	info_nce_loss:             0.3724	loss:                    2521566.2000
q_loss:                  2292332.8750	q_taken_mean:            348.5827	red_team_alives_mean:    129.8920	red_team_win_mean:         0.0000
return_mean:              -1.7319	return_std:                0.1919	target_mean:             348.4237	td_error_abs:            898.9928
test_blue_team_alives_mean:142.2000	test_blue_team_win_mean:   1.0000	test_ep_length_mean:     200.0000	test_episode_length_mean:199.0000
test_red_team_alives_mean:133.8000	test_red_team_win_mean:    0.0000	test_return_mean:         -2.5485	test_return_std:           0.0000

2026-04-15 15:28:46,576 - my_experiment - bat_60_ExpoComm_5M_44 - my_run - INFO - t_env: 2650200 / 5050000
2026-04-15 15:28:46,577 - my_experiment - bat_60_ExpoComm_5M_44 - my_run - INFO - Estimated time left: 22 hours, 22 minutes, 32 seconds. Time passed: 1 days, 1 hours, 7 minutes, 30 seconds
2026-04-15 15:56:45,746 - my_experiment - bat_60_ExpoComm_5M_44 - my_run - INFO - Recent Stats | t_env:    2700000 | Episode:    13500
blue_team_alives_mean:   143.8680	blue_team_win_mean:        0.9840	ep_length_mean:          200.0000	episode_length_mean:     199.0000
epsilon:                   0.0500	grad_norm:               541568864.0000	info_nce_loss:             0.3184	loss:                    1964697.4000
q_loss:                  1786088.5250	q_taken_mean:            349.4442	red_team_alives_mean:    135.1800	red_team_win_mean:         0.0120
return_mean:              -1.5209	return_std:                0.0838	target_mean:             349.6848	td_error_abs:            810.2117
test_blue_team_alives_mean:144.0000	test_blue_team_win_mean:   1.0000	test_ep_length_mean:     200.0000	test_episode_length_mean:199.0000
test_red_team_alives_mean:135.4000	test_red_team_win_mean:    0.0000	test_return_mean:         -1.3201	test_return_std:           0.0000

2026-04-15 15:56:52,504 - my_experiment - bat_60_ExpoComm_5M_44 - my_run - INFO - t_env: 2700200 / 5050000
2026-04-15 15:56:52,506 - my_experiment - bat_60_ExpoComm_5M_44 - my_run - INFO - Estimated time left: 22 hours, 31 seconds. Time passed: 1 days, 1 hours, 35 minutes, 36 seconds
2026-04-15 16:24:45,923 - my_experiment - bat_60_ExpoComm_5M_44 - my_run - INFO - Recent Stats | t_env:    2750000 | Episode:    13750
blue_team_alives_mean:   142.9240	blue_team_win_mean:        0.9440	ep_length_mean:          200.0000	episode_length_mean:     199.0000
epsilon:                   0.0500	grad_norm:               370355206.4000	info_nce_loss:             0.5645	loss:                    1755415.7000
q_loss:                  1595832.4250	q_taken_mean:            359.6343	red_team_alives_mean:    135.7760	red_team_win_mean:         0.0360
return_mean:              -1.6600	return_std:                0.1827	target_mean:             358.4126	td_error_abs:            806.3468
test_blue_team_alives_mean:143.4000	test_blue_team_win_mean:   0.8000	test_ep_length_mean:     200.0000	test_episode_length_mean:199.0000
test_red_team_alives_mean:136.6000	test_red_team_win_mean:    0.0000	test_return_mean:         -1.3710	test_return_std:           0.0000

2026-04-15 16:24:52,609 - my_experiment - bat_60_ExpoComm_5M_44 - my_run - INFO - t_env: 2750200 / 5050000
2026-04-15 16:24:52,610 - my_experiment - bat_60_ExpoComm_5M_44 - my_run - INFO - Estimated time left: 21 hours, 27 minutes, 58 seconds. Time passed: 1 days, 2 hours, 3 minutes, 36 seconds
2026-04-15 16:52:36,727 - my_experiment - bat_60_ExpoComm_5M_44 - my_run - INFO - Recent Stats | t_env:    2800000 | Episode:    14000
blue_team_alives_mean:   143.5600	blue_team_win_mean:        0.9320	ep_length_mean:          200.0000	episode_length_mean:     199.0000
epsilon:                   0.0500	grad_norm:               1062979481.6000	info_nce_loss:             0.3749	loss:                    3560714.2500
q_loss:                  3237014.7000	q_taken_mean:            364.3266	red_team_alives_mean:    131.5440	red_team_win_mean:         0.0280
return_mean:              -1.6098	return_std:                0.2088	target_mean:             362.6990	td_error_abs:            1103.2046
test_blue_team_alives_mean:143.4000	test_blue_team_win_mean:   0.8000	test_ep_length_mean:     200.0000	test_episode_length_mean:199.0000
test_red_team_alives_mean:136.0000	test_red_team_win_mean:    0.0000	test_return_mean:         -1.3561	test_return_std:           0.0000

2026-04-15 16:52:43,595 - my_experiment - bat_60_ExpoComm_5M_44 - my_run - INFO - t_env: 2800200 / 5050000
2026-04-15 16:52:43,596 - my_experiment - bat_60_ExpoComm_5M_44 - my_run - INFO - Estimated time left: 20 hours, 53 minutes, 7 seconds. Time passed: 1 days, 2 hours, 31 minutes, 27 seconds
2026-04-15 17:20:24,095 - my_experiment - bat_60_ExpoComm_5M_44 - my_run - INFO - Recent Stats | t_env:    2850000 | Episode:    14250
blue_team_alives_mean:   143.0160	blue_team_win_mean:        0.9480	ep_length_mean:          200.0000	episode_length_mean:     199.0000
epsilon:                   0.0500	grad_norm:               569137750.4000	info_nce_loss:             0.2611	loss:                    2442256.2250
q_loss:                  2220233.1250	q_taken_mean:            372.2887	red_team_alives_mean:    131.2120	red_team_win_mean:         0.0200
return_mean:              -1.6848	return_std:                0.2432	target_mean:             370.4040	td_error_abs:            928.3424
test_blue_team_alives_mean:143.4000	test_blue_team_win_mean:   0.6000	test_ep_length_mean:     200.0000	test_episode_length_mean:199.0000
test_red_team_alives_mean:137.0000	test_red_team_win_mean:    0.0000	test_return_mean:         -1.2992	test_return_std:           0.0000

2026-04-15 17:20:30,837 - my_experiment - bat_60_ExpoComm_5M_44 - my_run - INFO - t_env: 2850200 / 5050000
2026-04-15 17:20:30,838 - my_experiment - bat_60_ExpoComm_5M_44 - my_run - INFO - Estimated time left: 20 hours, 22 minutes, 31 seconds. Time passed: 1 days, 2 hours, 59 minutes, 14 seconds
2026-04-15 17:48:20,059 - my_experiment - bat_60_ExpoComm_5M_44 - my_run - INFO - Recent Stats | t_env:    2900000 | Episode:    14500
blue_team_alives_mean:   142.9960	blue_team_win_mean:        0.9360	ep_length_mean:          200.0000	episode_length_mean:     199.0000
epsilon:                   0.0500	grad_norm:               669831059.2000	info_nce_loss:             0.3981	loss:                    2776354.4500
q_loss:                  2523958.6000	q_taken_mean:            372.7473	red_team_alives_mean:    132.0760	red_team_win_mean:         0.0280
return_mean:              -1.7443	return_std:                0.5112	target_mean:             372.6673	td_error_abs:            997.5795
test_blue_team_alives_mean:143.4000	test_blue_team_win_mean:   0.6000	test_ep_length_mean:     200.0000	test_episode_length_mean:199.0000
test_red_team_alives_mean:140.0000	test_red_team_win_mean:    0.0000	test_return_mean:         -1.6730	test_return_std:           0.0000

2026-04-15 17:48:26,766 - my_experiment - bat_60_ExpoComm_5M_44 - my_run - INFO - t_env: 2900200 / 5050000
2026-04-15 17:48:26,767 - my_experiment - bat_60_ExpoComm_5M_44 - my_run - INFO - Estimated time left: 20 hours, 58 seconds. Time passed: 1 days, 3 hours, 27 minutes, 10 seconds
2026-04-15 18:16:30,813 - my_experiment - bat_60_ExpoComm_5M_44 - my_run - INFO - Recent Stats | t_env:    2950000 | Episode:    14750
blue_team_alives_mean:   143.4840	blue_team_win_mean:        0.8920	ep_length_mean:          200.0000	episode_length_mean:     199.0000
epsilon:                   0.0500	grad_norm:               1202673875.2000	info_nce_loss:             0.3380	loss:                    6327237.7000
q_loss:                  5752034.4250	q_taken_mean:            362.4203	red_team_alives_mean:    135.2720	red_team_win_mean:         0.0080
return_mean:              -1.8927	return_std:                0.4802	target_mean:             362.6643	td_error_abs:            1466.3685
test_blue_team_alives_mean:143.4000	test_blue_team_win_mean:   0.6000	test_ep_length_mean:     200.0000	test_episode_length_mean:199.0000
test_red_team_alives_mean:140.2000	test_red_team_win_mean:    0.0000	test_return_mean:         -2.0406	test_return_std:           0.0000

2026-04-15 18:16:37,692 - my_experiment - bat_60_ExpoComm_5M_44 - my_run - INFO - t_env: 2950200 / 5050000
2026-04-15 18:16:37,693 - my_experiment - bat_60_ExpoComm_5M_44 - my_run - INFO - Estimated time left: 19 hours, 43 minutes, 32 seconds. Time passed: 1 days, 3 hours, 55 minutes, 21 seconds
2026-04-15 18:45:49,966 - my_experiment - bat_60_ExpoComm_5M_44 - my_run - INFO - Recent Stats | t_env:    3000000 | Episode:    15000
blue_team_alives_mean:   143.3600	blue_team_win_mean:        0.8720	ep_length_mean:          200.0000	episode_length_mean:     199.0000
epsilon:                   0.0500	grad_norm:               713131910.4000	info_nce_loss:             0.5446	loss:                    2677583.0000
q_loss:                  2434166.3250	q_taken_mean:            361.9033	red_team_alives_mean:    138.4720	red_team_win_mean:         0.0160
return_mean:              -1.8058	return_std:                0.3176	target_mean:             361.0067	td_error_abs:            929.6872
test_blue_team_alives_mean:142.2000	test_blue_team_win_mean:   0.8000	test_ep_length_mean:     200.0000	test_episode_length_mean:199.0000
test_red_team_alives_mean:136.4000	test_red_team_win_mean:    0.0000	test_return_mean:         -2.0665	test_return_std:           0.0000

2026-04-15 18:45:56,704 - my_experiment - bat_60_ExpoComm_5M_44 - my_run - INFO - t_env: 3000200 / 5050000
2026-04-15 18:45:56,705 - my_experiment - bat_60_ExpoComm_5M_44 - my_run - INFO - Estimated time left: 20 hours, 1 minutes, 52 seconds. Time passed: 1 days, 4 hours, 24 minutes, 40 seconds
2026-04-15 18:46:02,429 - my_experiment - bat_60_ExpoComm_5M_44 - my_run - INFO - Saving models to work_dirs/my_experiment/bat_60_ExpoComm_5M_44/my_run/20260414_142059/models/3000200
2026-04-15 19:14:11,393 - my_experiment - bat_60_ExpoComm_5M_44 - my_run - INFO - Recent Stats | t_env:    3050000 | Episode:    15250
blue_team_alives_mean:   143.9800	blue_team_win_mean:        0.9040	ep_length_mean:          200.0000	episode_length_mean:     199.0000
epsilon:                   0.0500	grad_norm:               729463552.0000	info_nce_loss:             0.3101	loss:                    2982146.4500
q_loss:                  2711045.3750	q_taken_mean:            354.4297	red_team_alives_mean:    140.8200	red_team_win_mean:         0.0000
return_mean:              -1.9712	return_std:                0.3273	target_mean:             352.0193	td_error_abs:            1059.6637
test_blue_team_alives_mean:142.2000	test_blue_team_win_mean:   0.8000	test_ep_length_mean:     200.0000	test_episode_length_mean:199.0000
test_red_team_alives_mean:138.2000	test_red_team_win_mean:    0.0000	test_return_mean:         -2.1593	test_return_std:           0.0000

2026-04-15 19:14:18,199 - my_experiment - bat_60_ExpoComm_5M_44 - my_run - INFO - t_env: 3050200 / 5050000
2026-04-15 19:14:18,200 - my_experiment - bat_60_ExpoComm_5M_44 - my_run - INFO - Estimated time left: 18 hours, 54 minutes, 13 seconds. Time passed: 1 days, 4 hours, 53 minutes, 2 seconds
2026-04-15 19:42:38,146 - my_experiment - bat_60_ExpoComm_5M_44 - my_run - INFO - Recent Stats | t_env:    3100000 | Episode:    15500
blue_team_alives_mean:   143.9480	blue_team_win_mean:        0.8000	ep_length_mean:          200.0000	episode_length_mean:     199.0000
epsilon:                   0.0500	grad_norm:               929576467.2000	info_nce_loss:             0.3892	loss:                    4871196.5000
q_loss:                  4428360.3250	q_taken_mean:            345.7239	red_team_alives_mean:    141.4960	red_team_win_mean:         0.0000
return_mean:              -1.6407	return_std:                0.1340	target_mean:             346.9234	td_error_abs:            1059.8087
test_blue_team_alives_mean:142.2000	test_blue_team_win_mean:   0.8000	test_ep_length_mean:     200.0000	test_episode_length_mean:199.0000
test_red_team_alives_mean:138.2000	test_red_team_win_mean:    0.0000	test_return_mean:         -2.1228	test_return_std:           0.0000

2026-04-15 19:42:45,066 - my_experiment - bat_60_ExpoComm_5M_44 - my_run - INFO - t_env: 3100200 / 5050000
2026-04-15 19:42:45,067 - my_experiment - bat_60_ExpoComm_5M_44 - my_run - INFO - Estimated time left: 18 hours, 29 minutes, 20 seconds. Time passed: 1 days, 5 hours, 21 minutes, 29 seconds
2026-04-15 20:11:00,683 - my_experiment - bat_60_ExpoComm_5M_44 - my_run - INFO - Recent Stats | t_env:    3150000 | Episode:    15750
blue_team_alives_mean:   143.9680	blue_team_win_mean:        0.7960	ep_length_mean:          200.0000	episode_length_mean:     199.0000
epsilon:                   0.0500	grad_norm:               1188965395.2000	info_nce_loss:             0.4146	loss:                    6044284.1000
q_loss:                  5494803.7250	q_taken_mean:            351.5157	red_team_alives_mean:    141.8520	red_team_win_mean:         0.0000
return_mean:              -1.7032	return_std:                0.2458	target_mean:             352.7547	td_error_abs:            1223.2778
test_blue_team_alives_mean:142.2000	test_blue_team_win_mean:   0.6000	test_ep_length_mean:     200.0000	test_episode_length_mean:199.0000
test_red_team_alives_mean:138.8000	test_red_team_win_mean:    0.0000	test_return_mean:         -1.9904	test_return_std:           0.0000

2026-04-15 20:11:07,441 - my_experiment - bat_60_ExpoComm_5M_44 - my_run - INFO - t_env: 3150200 / 5050000
2026-04-15 20:11:07,442 - my_experiment - bat_60_ExpoComm_5M_44 - my_run - INFO - Estimated time left: 17 hours, 58 minutes, 3 seconds. Time passed: 1 days, 5 hours, 49 minutes, 51 seconds
2026-04-15 20:39:06,322 - my_experiment - bat_60_ExpoComm_5M_44 - my_run - INFO - Recent Stats | t_env:    3200000 | Episode:    16000
blue_team_alives_mean:   143.6440	blue_team_win_mean:        0.4720	ep_length_mean:          200.0000	episode_length_mean:     199.0000
epsilon:                   0.0500	grad_norm:               1462440262.4000	info_nce_loss:             0.4154	loss:                    7052826.4000
q_loss:                  6411660.1250	q_taken_mean:            355.2077	red_team_alives_mean:    142.3840	red_team_win_mean:         0.0440
return_mean:              -1.5984	return_std:                0.1413	target_mean:             354.4322	td_error_abs:            1315.7954
test_blue_team_alives_mean:141.8000	test_blue_team_win_mean:   0.6000	test_ep_length_mean:     200.0000	test_episode_length_mean:199.0000
test_red_team_alives_mean:138.8000	test_red_team_win_mean:    0.0000	test_return_mean:         -1.6219	test_return_std:           0.0000

2026-04-15 20:39:13,047 - my_experiment - bat_60_ExpoComm_5M_44 - my_run - INFO - t_env: 3200200 / 5050000
2026-04-15 20:39:13,048 - my_experiment - bat_60_ExpoComm_5M_44 - my_run - INFO - Estimated time left: 17 hours, 19 minutes, 20 seconds. Time passed: 1 days, 6 hours, 17 minutes, 57 seconds
2026-04-15 21:07:10,515 - my_experiment - bat_60_ExpoComm_5M_44 - my_run - INFO - Recent Stats | t_env:    3250000 | Episode:    16250
blue_team_alives_mean:   143.7440	blue_team_win_mean:        0.5120	ep_length_mean:          200.0000	episode_length_mean:     199.0000
epsilon:                   0.0500	grad_norm:               1147882169.6000	info_nce_loss:             0.2216	loss:                    4841670.2250
q_loss:                  4401518.4750	q_taken_mean:            354.4127	red_team_alives_mean:    142.0280	red_team_win_mean:         0.0120
return_mean:              -1.4376	return_std:                0.0446	target_mean:             355.0989	td_error_abs:            1107.8436
test_blue_team_alives_mean:143.6000	test_blue_team_win_mean:   0.4000	test_ep_length_mean:     200.0000	test_episode_length_mean:199.0000
test_red_team_alives_mean:143.2000	test_red_team_win_mean:    0.0000	test_return_mean:         -1.5228	test_return_std:           0.0000

2026-04-15 21:07:17,178 - my_experiment - bat_60_ExpoComm_5M_44 - my_run - INFO - t_env: 3250200 / 5050000
2026-04-15 21:07:17,179 - my_experiment - bat_60_ExpoComm_5M_44 - my_run - INFO - Estimated time left: 16 hours, 50 minutes, 21 seconds. Time passed: 1 days, 6 hours, 46 minutes, 1 seconds
2026-04-15 21:35:18,742 - my_experiment - bat_60_ExpoComm_5M_44 - my_run - INFO - Recent Stats | t_env:    3300000 | Episode:    16500
blue_team_alives_mean:   144.0000	blue_team_win_mean:        0.4240	ep_length_mean:          200.0000	episode_length_mean:     199.0000
epsilon:                   0.0500	grad_norm:               1568958022.4000	info_nce_loss:             0.3212	loss:                    7332423.4750
q_loss:                  6665839.6500	q_taken_mean:            353.4816	red_team_alives_mean:    143.1120	red_team_win_mean:         0.0000
return_mean:              -1.4644	return_std:                0.0372	target_mean:             356.0951	td_error_abs:            1342.8339
test_blue_team_alives_mean:143.6000	test_blue_team_win_mean:   0.2000	test_ep_length_mean:     200.0000	test_episode_length_mean:199.0000
test_red_team_alives_mean:143.4000	test_red_team_win_mean:    0.0000	test_return_mean:         -1.4435	test_return_std:           0.0000

2026-04-15 21:35:25,436 - my_experiment - bat_60_ExpoComm_5M_44 - my_run - INFO - t_env: 3300200 / 5050000
2026-04-15 21:35:25,437 - my_experiment - bat_60_ExpoComm_5M_44 - my_run - INFO - Estimated time left: 16 hours, 24 minutes, 42 seconds. Time passed: 1 days, 7 hours, 14 minutes, 9 seconds
2026-04-15 22:03:21,231 - my_experiment - bat_60_ExpoComm_5M_44 - my_run - INFO - Recent Stats | t_env:    3350000 | Episode:    16750
blue_team_alives_mean:   143.9160	blue_team_win_mean:        0.7120	ep_length_mean:          200.0000	episode_length_mean:     199.0000
epsilon:                   0.0500	grad_norm:               804735084.8000	info_nce_loss:             0.4758	loss:                    3547779.5000
q_loss:                  3225334.8250	q_taken_mean:            361.9703	red_team_alives_mean:    141.2640	red_team_win_mean:         0.0160
return_mean:              -1.6369	return_std:                0.2295	target_mean:             362.1097	td_error_abs:            1045.2110
test_blue_team_alives_mean:143.6000	test_blue_team_win_mean:   0.4000	test_ep_length_mean:     200.0000	test_episode_length_mean:199.0000
test_red_team_alives_mean:143.0000	test_red_team_win_mean:    0.0000	test_return_mean:         -1.6371	test_return_std:           0.0000

2026-04-15 22:03:27,949 - my_experiment - bat_60_ExpoComm_5M_44 - my_run - INFO - t_env: 3350200 / 5050000
2026-04-15 22:03:27,950 - my_experiment - bat_60_ExpoComm_5M_44 - my_run - INFO - Estimated time left: 15 hours, 53 minutes, 18 seconds. Time passed: 1 days, 7 hours, 42 minutes, 11 seconds
2026-04-15 22:31:12,297 - my_experiment - bat_60_ExpoComm_5M_44 - my_run - INFO - Recent Stats | t_env:    3400000 | Episode:    17000
blue_team_alives_mean:   143.2600	blue_team_win_mean:        0.9880	ep_length_mean:          200.0000	episode_length_mean:     199.0000
epsilon:                   0.0500	grad_norm:               612304678.4000	info_nce_loss:             0.4896	loss:                    2235699.4500
q_loss:                  2032454.0125	q_taken_mean:            361.4783	red_team_alives_mean:    132.4040	red_team_win_mean:         0.0040
return_mean:              -1.6214	return_std:                0.1379	target_mean:             361.4219	td_error_abs:            802.1044
test_blue_team_alives_mean:143.6000	test_blue_team_win_mean:   0.6000	test_ep_length_mean:     200.0000	test_episode_length_mean:199.0000
test_red_team_alives_mean:142.0000	test_red_team_win_mean:    0.0000	test_return_mean:         -1.2869	test_return_std:           0.0000

2026-04-15 22:31:18,920 - my_experiment - bat_60_ExpoComm_5M_44 - my_run - INFO - t_env: 3400200 / 5050000
2026-04-15 22:31:18,921 - my_experiment - bat_60_ExpoComm_5M_44 - my_run - INFO - Estimated time left: 15 hours, 18 minutes, 55 seconds. Time passed: 1 days, 8 hours, 10 minutes, 2 seconds
2026-04-15 22:59:15,227 - my_experiment - bat_60_ExpoComm_5M_44 - my_run - INFO - Recent Stats | t_env:    3450000 | Episode:    17250
blue_team_alives_mean:   143.4640	blue_team_win_mean:        0.9640	ep_length_mean:          200.0000	episode_length_mean:     199.0000
epsilon:                   0.0500	grad_norm:               503649792.0000	info_nce_loss:             0.2174	loss:                    1798919.1875
q_loss:                  1635381.0750	q_taken_mean:            356.5834	red_team_alives_mean:    133.3920	red_team_win_mean:         0.0040
return_mean:              -1.5418	return_std:                0.1008	target_mean:             356.7138	td_error_abs:            852.2685
test_blue_team_alives_mean:144.0000	test_blue_team_win_mean:   0.6000	test_ep_length_mean:     200.0000	test_episode_length_mean:199.0000
test_red_team_alives_mean:140.6000	test_red_team_win_mean:    0.0000	test_return_mean:         -1.3121	test_return_std:           0.0000

2026-04-15 22:59:21,965 - my_experiment - bat_60_ExpoComm_5M_44 - my_run - INFO - t_env: 3450200 / 5050000
2026-04-15 22:59:21,966 - my_experiment - bat_60_ExpoComm_5M_44 - my_run - INFO - Estimated time left: 14 hours, 57 minutes, 30 seconds. Time passed: 1 days, 8 hours, 38 minutes, 5 seconds
2026-04-15 23:27:20,364 - my_experiment - bat_60_ExpoComm_5M_44 - my_run - INFO - Recent Stats | t_env:    3500000 | Episode:    17500
blue_team_alives_mean:   142.3560	blue_team_win_mean:        0.7960	ep_length_mean:          200.0000	episode_length_mean:     199.0000
epsilon:                   0.0500	grad_norm:               664442086.4000	info_nce_loss:             0.6526	loss:                    2526396.2000
q_loss:                  2296723.8000	q_taken_mean:            347.0322	red_team_alives_mean:    138.9720	red_team_win_mean:         0.1200
return_mean:              -1.3563	return_std:                0.0792	target_mean:             347.9553	td_error_abs:            922.5240
test_blue_team_alives_mean:144.0000	test_blue_team_win_mean:   0.6000	test_ep_length_mean:     200.0000	test_episode_length_mean:199.0000
test_red_team_alives_mean:140.6000	test_red_team_win_mean:    0.0000	test_return_mean:         -1.3200	test_return_std:           0.0000

2026-04-15 23:27:27,128 - my_experiment - bat_60_ExpoComm_5M_44 - my_run - INFO - t_env: 3500200 / 5050000
2026-04-15 23:27:27,130 - my_experiment - bat_60_ExpoComm_5M_44 - my_run - INFO - Estimated time left: 14 hours, 30 minutes, 33 seconds. Time passed: 1 days, 9 hours, 6 minutes, 11 seconds
2026-04-15 23:27:32,740 - my_experiment - bat_60_ExpoComm_5M_44 - my_run - INFO - Saving models to work_dirs/my_experiment/bat_60_ExpoComm_5M_44/my_run/20260414_142059/models/3500200
2026-04-15 23:55:25,669 - my_experiment - bat_60_ExpoComm_5M_44 - my_run - INFO - Recent Stats | t_env:    3550000 | Episode:    17750
blue_team_alives_mean:   142.8360	blue_team_win_mean:        0.8720	ep_length_mean:          200.0000	episode_length_mean:     199.0000
epsilon:                   0.0500	grad_norm:               447795724.8000	info_nce_loss:             0.4159	loss:                    1789660.8250
q_loss:                  1626964.3875	q_taken_mean:            347.1333	red_team_alives_mean:    138.2720	red_team_win_mean:         0.0400
return_mean:              -1.5989	return_std:                0.1629	target_mean:             346.3996	td_error_abs:            833.5602
test_blue_team_alives_mean:144.0000	test_blue_team_win_mean:   0.8000	test_ep_length_mean:     200.0000	test_episode_length_mean:199.0000
test_red_team_alives_mean:138.8000	test_red_team_win_mean:    0.0000	test_return_mean:         -1.3653	test_return_std:           0.0000

2026-04-15 23:55:32,336 - my_experiment - bat_60_ExpoComm_5M_44 - my_run - INFO - t_env: 3550200 / 5050000
2026-04-15 23:55:32,337 - my_experiment - bat_60_ExpoComm_5M_44 - my_run - INFO - Estimated time left: 14 hours, 2 minutes, 29 seconds. Time passed: 1 days, 9 hours, 34 minutes, 16 seconds
2026-04-16 00:23:36,648 - my_experiment - bat_60_ExpoComm_5M_44 - my_run - INFO - Recent Stats | t_env:    3600000 | Episode:    18000
blue_team_alives_mean:   142.2320	blue_team_win_mean:        0.8720	ep_length_mean:          200.0000	episode_length_mean:     199.0000
epsilon:                   0.0500	grad_norm:               425963206.4000	info_nce_loss:             0.3331	loss:                    1149216.0875
q_loss:                  1044741.9000	q_taken_mean:            357.9244	red_team_alives_mean:    139.0600	red_team_win_mean:         0.0600
return_mean:              -1.4325	return_std:                0.0755	target_mean:             358.3241	td_error_abs:            635.7794
test_blue_team_alives_mean:143.6000	test_blue_team_win_mean:   0.8000	test_ep_length_mean:     200.0000	test_episode_length_mean:199.0000
test_red_team_alives_mean:137.8000	test_red_team_win_mean:    0.0000	test_return_mean:         -1.1667	test_return_std:           0.0000

2026-04-16 00:23:43,325 - my_experiment - bat_60_ExpoComm_5M_44 - my_run - INFO - t_env: 3600200 / 5050000
2026-04-16 00:23:43,326 - my_experiment - bat_60_ExpoComm_5M_44 - my_run - INFO - Estimated time left: 13 hours, 37 minutes, 11 seconds. Time passed: 1 days, 10 hours, 2 minutes, 27 seconds
2026-04-16 00:51:44,306 - my_experiment - bat_60_ExpoComm_5M_44 - my_run - INFO - Recent Stats | t_env:    3650000 | Episode:    18250
blue_team_alives_mean:   143.6640	blue_team_win_mean:        0.7440	ep_length_mean:          200.0000	episode_length_mean:     199.0000
epsilon:                   0.0500	grad_norm:               500257868.8000	info_nce_loss:             0.2675	loss:                    1232050.0750
q_loss:                  1120045.5375	q_taken_mean:            370.8454	red_team_alives_mean:    141.4840	red_team_win_mean:         0.0280
return_mean:              -1.4434	return_std:                0.0543	target_mean:             370.1139	td_error_abs:            648.4945
test_blue_team_alives_mean:143.4000	test_blue_team_win_mean:   0.8000	test_ep_length_mean:     200.0000	test_episode_length_mean:199.0000
test_red_team_alives_mean:137.0000	test_red_team_win_mean:    0.0000	test_return_mean:         -1.1274	test_return_std:           0.0000

2026-04-16 00:51:51,015 - my_experiment - bat_60_ExpoComm_5M_44 - my_run - INFO - t_env: 3650200 / 5050000
2026-04-16 00:51:51,016 - my_experiment - bat_60_ExpoComm_5M_44 - my_run - INFO - Estimated time left: 13 hours, 7 minutes, 28 seconds. Time passed: 1 days, 10 hours, 30 minutes, 34 seconds
2026-04-16 01:19:50,657 - my_experiment - bat_60_ExpoComm_5M_44 - my_run - INFO - Recent Stats | t_env:    3700000 | Episode:    18500
blue_team_alives_mean:   143.9920	blue_team_win_mean:        0.4640	ep_length_mean:          200.0000	episode_length_mean:     199.0000
epsilon:                   0.0500	grad_norm:               492069657.6000	info_nce_loss:             0.3961	loss:                    1111473.1875
q_loss:                  1010430.1750	q_taken_mean:            371.0965	red_team_alives_mean:    143.2520	red_team_win_mean:         0.0000
return_mean:              -1.4170	return_std:                0.0285	target_mean:             371.6226	td_error_abs:            618.3324
test_blue_team_alives_mean:143.4000	test_blue_team_win_mean:   0.6000	test_ep_length_mean:     200.0000	test_episode_length_mean:199.0000
test_red_team_alives_mean:139.0000	test_red_team_win_mean:    0.0000	test_return_mean:         -1.0816	test_return_std:           0.0000

2026-04-16 01:19:57,386 - my_experiment - bat_60_ExpoComm_5M_44 - my_run - INFO - t_env: 3700200 / 5050000
2026-04-16 01:19:57,387 - my_experiment - bat_60_ExpoComm_5M_44 - my_run - INFO - Estimated time left: 12 hours, 38 minutes, 45 seconds. Time passed: 1 days, 10 hours, 58 minutes, 41 seconds
2026-04-16 01:47:55,347 - my_experiment - bat_60_ExpoComm_5M_44 - my_run - INFO - Recent Stats | t_env:    3750000 | Episode:    18750
blue_team_alives_mean:   144.0000	blue_team_win_mean:        0.1360	ep_length_mean:          200.0000	episode_length_mean:     199.0000
epsilon:                   0.0500	grad_norm:               517059692.8000	info_nce_loss:             0.4913	loss:                    1280427.3375
q_loss:                  1164024.8500	q_taken_mean:            377.9681	red_team_alives_mean:    143.8280	red_team_win_mean:         0.0000
return_mean:              -1.8384	return_std:                0.3164	target_mean:             376.9868	td_error_abs:            662.0317
test_blue_team_alives_mean:143.4000	test_blue_team_win_mean:   0.6000	test_ep_length_mean:     200.0000	test_episode_length_mean:199.0000
test_red_team_alives_mean:139.0000	test_red_team_win_mean:    0.0000	test_return_mean:         -1.2357	test_return_std:           0.0000

2026-04-16 01:48:02,063 - my_experiment - bat_60_ExpoComm_5M_44 - my_run - INFO - t_env: 3750200 / 5050000
2026-04-16 01:48:02,064 - my_experiment - bat_60_ExpoComm_5M_44 - my_run - INFO - Estimated time left: 12 hours, 9 minutes, 54 seconds. Time passed: 1 days, 11 hours, 26 minutes, 46 seconds
2026-04-16 02:15:57,482 - my_experiment - bat_60_ExpoComm_5M_44 - my_run - INFO - Recent Stats | t_env:    3800000 | Episode:    19000
blue_team_alives_mean:   144.0000	blue_team_win_mean:        0.0280	ep_length_mean:          200.0000	episode_length_mean:     199.0000
epsilon:                   0.0500	grad_norm:               454196726.4000	info_nce_loss:             0.4241	loss:                    1101788.0000
q_loss:                  1001625.4563	q_taken_mean:            371.7300	red_team_alives_mean:    143.9640	red_team_win_mean:         0.0000
return_mean:              -1.6126	return_std:                0.2061	target_mean:             371.8658	td_error_abs:            607.1337
test_blue_team_alives_mean:143.4000	test_blue_team_win_mean:   0.4000	test_ep_length_mean:     200.0000	test_episode_length_mean:199.0000
test_red_team_alives_mean:140.8000	test_red_team_win_mean:    0.0000	test_return_mean:         -1.2392	test_return_std:           0.0000

2026-04-16 02:16:04,167 - my_experiment - bat_60_ExpoComm_5M_44 - my_run - INFO - t_env: 3800200 / 5050000
2026-04-16 02:16:04,168 - my_experiment - bat_60_ExpoComm_5M_44 - my_run - INFO - Estimated time left: 11 hours, 40 minutes, 45 seconds. Time passed: 1 days, 11 hours, 54 minutes, 48 seconds
2026-04-16 02:43:58,461 - my_experiment - bat_60_ExpoComm_5M_44 - my_run - INFO - Recent Stats | t_env:    3850000 | Episode:    19250
blue_team_alives_mean:   143.9120	blue_team_win_mean:        0.0360	ep_length_mean:          200.0000	episode_length_mean:     199.0000
epsilon:                   0.0500	grad_norm:               949539763.2000	info_nce_loss:             0.2946	loss:                    3984673.4250
q_loss:                  3622430.3750	q_taken_mean:            361.2497	red_team_alives_mean:    143.9600	red_team_win_mean:         0.0360
return_mean:              -2.5178	return_std:                1.2005	target_mean:             361.3507	td_error_abs:            1108.4479
test_blue_team_alives_mean:143.8000	test_blue_team_win_mean:   0.2000	test_ep_length_mean:     200.0000	test_episode_length_mean:199.0000
test_red_team_alives_mean:142.2000	test_red_team_win_mean:    0.0000	test_return_mean:         -1.2813	test_return_std:           0.0000

2026-04-16 02:44:05,136 - my_experiment - bat_60_ExpoComm_5M_44 - my_run - INFO - t_env: 3850200 / 5050000
2026-04-16 02:44:05,137 - my_experiment - bat_60_ExpoComm_5M_44 - my_run - INFO - Estimated time left: 11 hours, 12 minutes, 16 seconds. Time passed: 1 days, 12 hours, 22 minutes, 49 seconds
2026-04-16 03:12:00,366 - my_experiment - bat_60_ExpoComm_5M_44 - my_run - INFO - Recent Stats | t_env:    3900000 | Episode:    19500
blue_team_alives_mean:   143.9400	blue_team_win_mean:        0.0560	ep_length_mean:          200.0000	episode_length_mean:     199.0000
epsilon:                   0.0500	grad_norm:               486666083.2000	info_nce_loss:             0.2598	loss:                    1927916.9625
q_loss:                  1752652.0000	q_taken_mean:            350.7014	red_team_alives_mean:    143.9120	red_team_win_mean:         0.0120
return_mean:              -2.5686	return_std:                1.3918	target_mean:             349.7790	td_error_abs:            828.8690
test_blue_team_alives_mean:144.0000	test_blue_team_win_mean:   0.2000	test_ep_length_mean:     200.0000	test_episode_length_mean:199.0000
test_red_team_alives_mean:143.6000	test_red_team_win_mean:    0.0000	test_return_mean:         -1.3140	test_return_std:           0.0000

2026-04-16 03:12:07,031 - my_experiment - bat_60_ExpoComm_5M_44 - my_run - INFO - t_env: 3900200 / 5050000
2026-04-16 03:12:07,032 - my_experiment - bat_60_ExpoComm_5M_44 - my_run - INFO - Estimated time left: 10 hours, 44 minutes, 36 seconds. Time passed: 1 days, 12 hours, 50 minutes, 51 seconds
2026-04-16 03:38:57,146 - my_experiment - bat_60_ExpoComm_5M_44 - my_run - INFO - Recent Stats | t_env:    3950000 | Episode:    19750
blue_team_alives_mean:   144.0000	blue_team_win_mean:        0.2000	ep_length_mean:          200.0000	episode_length_mean:     199.0000
epsilon:                   0.0500	grad_norm:               502913702.4000	info_nce_loss:             0.2863	loss:                    2361794.6750
q_loss:                  2147086.0875	q_taken_mean:            339.0434	red_team_alives_mean:    143.7160	red_team_win_mean:         0.0000
return_mean:              -1.8824	return_std:                0.6942	target_mean:             336.6703	td_error_abs:            950.6724
test_blue_team_alives_mean:144.0000	test_blue_team_win_mean:   0.2000	test_ep_length_mean:     200.0000	test_episode_length_mean:199.0000
test_red_team_alives_mean:143.6000	test_red_team_win_mean:    0.0000	test_return_mean:         -1.3186	test_return_std:           0.0000

2026-04-16 03:39:03,798 - my_experiment - bat_60_ExpoComm_5M_44 - my_run - INFO - t_env: 3950200 / 5050000
2026-04-16 03:39:03,799 - my_experiment - bat_60_ExpoComm_5M_44 - my_run - INFO - Estimated time left: 9 hours, 52 minutes, 42 seconds. Time passed: 1 days, 13 hours, 17 minutes, 47 seconds
2026-04-16 04:06:30,292 - my_experiment - bat_60_ExpoComm_5M_44 - my_run - INFO - Recent Stats | t_env:    4000000 | Episode:    20000
blue_team_alives_mean:   143.8120	blue_team_win_mean:        0.1920	ep_length_mean:          200.0000	episode_length_mean:     199.0000
epsilon:                   0.0500	grad_norm:               470755001.6000	info_nce_loss:             0.2110	loss:                    1817493.7000
q_loss:                  1652267.0875	q_taken_mean:            318.0104	red_team_alives_mean:    143.6400	red_team_win_mean:         0.0600
return_mean:              -2.0092	return_std:                0.6237	target_mean:             317.7173	td_error_abs:            786.7707
test_blue_team_alives_mean:144.0000	test_blue_team_win_mean:   0.2000	test_ep_length_mean:     200.0000	test_episode_length_mean:199.0000
test_red_team_alives_mean:143.6000	test_red_team_win_mean:    0.0000	test_return_mean:         -1.1968	test_return_std:           0.0000

2026-04-16 04:06:36,898 - my_experiment - bat_60_ExpoComm_5M_44 - my_run - INFO - t_env: 4000200 / 5050000
2026-04-16 04:06:36,899 - my_experiment - bat_60_ExpoComm_5M_44 - my_run - INFO - Estimated time left: 9 hours, 38 minutes, 28 seconds. Time passed: 1 days, 13 hours, 45 minutes, 20 seconds
2026-04-16 04:06:42,366 - my_experiment - bat_60_ExpoComm_5M_44 - my_run - INFO - Saving models to work_dirs/my_experiment/bat_60_ExpoComm_5M_44/my_run/20260414_142059/models/4000200
2026-04-16 04:34:01,875 - my_experiment - bat_60_ExpoComm_5M_44 - my_run - INFO - Recent Stats | t_env:    4050000 | Episode:    20250
blue_team_alives_mean:   143.9000	blue_team_win_mean:        0.3440	ep_length_mean:          200.0000	episode_length_mean:     199.0000
epsilon:                   0.0500	grad_norm:               318384332.8000	info_nce_loss:             0.5130	loss:                    1289042.3500
q_loss:                  1171856.6875	q_taken_mean:            314.7406	red_team_alives_mean:    143.1320	red_team_win_mean:         0.0200
return_mean:              -3.2150	return_std:                1.8597	target_mean:             313.0783	td_error_abs:            767.4636
test_blue_team_alives_mean:144.0000	test_blue_team_win_mean:   0.2000	test_ep_length_mean:     200.0000	test_episode_length_mean:199.0000
test_red_team_alives_mean:143.6000	test_red_team_win_mean:    0.0000	test_return_mean:         -1.2545	test_return_std:           0.0000

2026-04-16 04:34:08,484 - my_experiment - bat_60_ExpoComm_5M_44 - my_run - INFO - t_env: 4050200 / 5050000
2026-04-16 04:34:08,485 - my_experiment - bat_60_ExpoComm_5M_44 - my_run - INFO - Estimated time left: 9 hours, 10 minutes, 25 seconds. Time passed: 1 days, 14 hours, 12 minutes, 52 seconds
2026-04-16 05:01:35,122 - my_experiment - bat_60_ExpoComm_5M_44 - my_run - INFO - Recent Stats | t_env:    4100000 | Episode:    20500
blue_team_alives_mean:   143.5440	blue_team_win_mean:        0.7640	ep_length_mean:          200.0000	episode_length_mean:     199.0000
epsilon:                   0.0500	grad_norm:               319946748.8000	info_nce_loss:             0.4166	loss:                    1065775.8875
q_loss:                  968887.1625	q_taken_mean:            303.6773	red_team_alives_mean:    140.4120	red_team_win_mean:         0.0760
return_mean:              -2.1598	return_std:                0.8874	target_mean:             303.7551	td_error_abs:            640.3597
test_blue_team_alives_mean:144.0000	test_blue_team_win_mean:   0.2000	test_ep_length_mean:     200.0000	test_episode_length_mean:199.0000
test_red_team_alives_mean:143.6000	test_red_team_win_mean:    0.0000	test_return_mean:         -1.4202	test_return_std:           0.0000

2026-04-16 05:01:41,708 - my_experiment - bat_60_ExpoComm_5M_44 - my_run - INFO - t_env: 4100200 / 5050000
2026-04-16 05:01:41,709 - my_experiment - bat_60_ExpoComm_5M_44 - my_run - INFO - Estimated time left: 8 hours, 43 minutes, 24 seconds. Time passed: 1 days, 14 hours, 40 minutes, 25 seconds
2026-04-16 05:29:09,721 - my_experiment - bat_60_ExpoComm_5M_44 - my_run - INFO - Recent Stats | t_env:    4150000 | Episode:    20750
blue_team_alives_mean:   143.8080	blue_team_win_mean:        0.5240	ep_length_mean:          200.0000	episode_length_mean:     199.0000
epsilon:                   0.0500	grad_norm:               471330566.4000	info_nce_loss:             0.2390	loss:                    2420221.0250
q_loss:                  2200200.9125	q_taken_mean:            299.8779	red_team_alives_mean:    142.0240	red_team_win_mean:         0.0240
return_mean:              -2.0745	return_std:                0.6764	target_mean:             302.7080	td_error_abs:            897.2584
test_blue_team_alives_mean:144.0000	test_blue_team_win_mean:   0.2000	test_ep_length_mean:     200.0000	test_episode_length_mean:199.0000
test_red_team_alives_mean:143.6000	test_red_team_win_mean:    0.0000	test_return_mean:         -1.9798	test_return_std:           0.0000

2026-04-16 05:29:16,330 - my_experiment - bat_60_ExpoComm_5M_44 - my_run - INFO - t_env: 4150200 / 5050000
2026-04-16 05:29:16,331 - my_experiment - bat_60_ExpoComm_5M_44 - my_run - INFO - Estimated time left: 8 hours, 16 minutes, 16 seconds. Time passed: 1 days, 15 hours, 8 minutes, 0 seconds
2026-04-16 05:56:42,853 - my_experiment - bat_60_ExpoComm_5M_44 - my_run - INFO - Recent Stats | t_env:    4200000 | Episode:    21000
blue_team_alives_mean:   142.9920	blue_team_win_mean:        0.6640	ep_length_mean:          200.0000	episode_length_mean:     199.0000
epsilon:                   0.0500	grad_norm:               234600019.2000	info_nce_loss:             0.1675	loss:                    839492.8750
q_loss:                  763175.3812	q_taken_mean:            308.4882	red_team_alives_mean:    141.1240	red_team_win_mean:         0.0800
return_mean:              -2.4109	return_std:                0.8312	target_mean:             308.1599	td_error_abs:            559.0496
test_blue_team_alives_mean:144.0000	test_blue_team_win_mean:   0.4000	test_ep_length_mean:     200.0000	test_episode_length_mean:199.0000
test_red_team_alives_mean:143.0000	test_red_team_win_mean:    0.0000	test_return_mean:         -2.5144	test_return_std:           0.0000

2026-04-16 05:56:49,538 - my_experiment - bat_60_ExpoComm_5M_44 - my_run - INFO - t_env: 4200200 / 5050000
2026-04-16 05:56:49,539 - my_experiment - bat_60_ExpoComm_5M_44 - my_run - INFO - Estimated time left: 7 hours, 48 minutes, 17 seconds. Time passed: 1 days, 15 hours, 35 minutes, 33 seconds
2026-04-16 06:24:12,424 - my_experiment - bat_60_ExpoComm_5M_44 - my_run - INFO - Recent Stats | t_env:    4250000 | Episode:    21250
blue_team_alives_mean:   141.8240	blue_team_win_mean:        0.6160	ep_length_mean:          200.0000	episode_length_mean:     199.0000
epsilon:                   0.0500	grad_norm:               333689481.6000	info_nce_loss:             0.3647	loss:                    1245921.0375
q_loss:                  1132655.5000	q_taken_mean:            305.5684	red_team_alives_mean:    139.4920	red_team_win_mean:         0.1480
return_mean:              -2.7654	return_std:                1.2964	target_mean:             304.1451	td_error_abs:            661.7597
test_blue_team_alives_mean:144.0000	test_blue_team_win_mean:   0.4000	test_ep_length_mean:     200.0000	test_episode_length_mean:199.0000
test_red_team_alives_mean:143.0000	test_red_team_win_mean:    0.0000	test_return_mean:         -2.5142	test_return_std:           0.0000

2026-04-16 06:24:18,999 - my_experiment - bat_60_ExpoComm_5M_44 - my_run - INFO - t_env: 4250200 / 5050000
2026-04-16 06:24:18,999 - my_experiment - bat_60_ExpoComm_5M_44 - my_run - INFO - Estimated time left: 7 hours, 19 minutes, 44 seconds. Time passed: 1 days, 16 hours, 3 minutes, 2 seconds
2026-04-16 06:51:44,817 - my_experiment - bat_60_ExpoComm_5M_44 - my_run - INFO - Recent Stats | t_env:    4300000 | Episode:    21500
blue_team_alives_mean:   142.6800	blue_team_win_mean:        0.6880	ep_length_mean:          200.0000	episode_length_mean:     199.0000
epsilon:                   0.0500	grad_norm:               367821971.2000	info_nce_loss:             0.5995	loss:                    1809236.5000
q_loss:                  1644760.4500	q_taken_mean:            308.1158	red_team_alives_mean:    138.6280	red_team_win_mean:         0.0960
return_mean:              -2.8325	return_std:                1.4090	target_mean:             310.0558	td_error_abs:            765.7981
test_blue_team_alives_mean:143.2000	test_blue_team_win_mean:   0.4000	test_ep_length_mean:     200.0000	test_episode_length_mean:199.0000
test_red_team_alives_mean:142.4000	test_red_team_win_mean:    0.2000	test_return_mean:         -2.6157	test_return_std:           0.0000

2026-04-16 06:51:51,466 - my_experiment - bat_60_ExpoComm_5M_44 - my_run - INFO - t_env: 4300200 / 5050000
2026-04-16 06:51:51,467 - my_experiment - bat_60_ExpoComm_5M_44 - my_run - INFO - Estimated time left: 6 hours, 53 minutes, 0 seconds. Time passed: 1 days, 16 hours, 30 minutes, 35 seconds
2026-04-16 07:19:11,758 - my_experiment - bat_60_ExpoComm_5M_44 - my_run - INFO - Recent Stats | t_env:    4350000 | Episode:    21750
blue_team_alives_mean:   143.6600	blue_team_win_mean:        1.0000	ep_length_mean:          200.0000	episode_length_mean:     199.0000
epsilon:                   0.0500	grad_norm:               358170208.0000	info_nce_loss:             0.2871	loss:                    1594170.5500
q_loss:                  1449245.9625	q_taken_mean:            318.6794	red_team_alives_mean:    130.5840	red_team_win_mean:         0.0000
return_mean:              -1.9983	return_std:                0.4515	target_mean:             315.4499	td_error_abs:            803.4072
test_blue_team_alives_mean:143.2000	test_blue_team_win_mean:   0.6000	test_ep_length_mean:     200.0000	test_episode_length_mean:199.0000
test_red_team_alives_mean:141.2000	test_red_team_win_mean:    0.2000	test_return_mean:         -2.5440	test_return_std:           0.0000

2026-04-16 07:19:18,216 - my_experiment - bat_60_ExpoComm_5M_44 - my_run - INFO - t_env: 4350200 / 5050000
2026-04-16 07:19:18,217 - my_experiment - bat_60_ExpoComm_5M_44 - my_run - INFO - Estimated time left: 6 hours, 24 minutes, 7 seconds. Time passed: 1 days, 16 hours, 58 minutes, 2 seconds
2026-04-16 07:46:36,579 - my_experiment - bat_60_ExpoComm_5M_44 - my_run - INFO - Recent Stats | t_env:    4400000 | Episode:    22000
blue_team_alives_mean:   143.3080	blue_team_win_mean:        0.9800	ep_length_mean:          200.0000	episode_length_mean:     199.0000
epsilon:                   0.0500	grad_norm:               271507953.6000	info_nce_loss:             0.1706	loss:                    1009138.1125
q_loss:                  917399.5312	q_taken_mean:            307.3751	red_team_alives_mean:    131.0120	red_team_win_mean:         0.0120
return_mean:              -2.4018	return_std:                0.9850	target_mean:             307.2303	td_error_abs:            630.3173
test_blue_team_alives_mean:143.2000	test_blue_team_win_mean:   0.6000	test_ep_length_mean:     200.0000	test_episode_length_mean:199.0000
test_red_team_alives_mean:138.2000	test_red_team_win_mean:    0.2000	test_return_mean:         -2.2258	test_return_std:           0.0000

2026-04-16 07:46:43,055 - my_experiment - bat_60_ExpoComm_5M_44 - my_run - INFO - t_env: 4400200 / 5050000
2026-04-16 07:46:43,056 - my_experiment - bat_60_ExpoComm_5M_44 - my_run - INFO - Estimated time left: 5 hours, 56 minutes, 16 seconds. Time passed: 1 days, 17 hours, 25 minutes, 27 seconds
2026-04-16 08:14:01,760 - my_experiment - bat_60_ExpoComm_5M_44 - my_run - INFO - Recent Stats | t_env:    4450000 | Episode:    22250
blue_team_alives_mean:   142.6480	blue_team_win_mean:        0.9720	ep_length_mean:          200.0000	episode_length_mean:     199.0000
epsilon:                   0.0500	grad_norm:               250364704.8000	info_nce_loss:             0.4831	loss:                    854524.5250
q_loss:                  776840.4563	q_taken_mean:            307.5992	red_team_alives_mean:    132.4840	red_team_win_mean:         0.0200
return_mean:              -1.9881	return_std:                0.6030	target_mean:             306.5245	td_error_abs:            542.0757
test_blue_team_alives_mean:142.0000	test_blue_team_win_mean:   0.6000	test_ep_length_mean:     200.0000	test_episode_length_mean:199.0000
test_red_team_alives_mean:137.0000	test_red_team_win_mean:    0.2000	test_return_mean:         -1.7107	test_return_std:           0.0000

2026-04-16 08:14:08,328 - my_experiment - bat_60_ExpoComm_5M_44 - my_run - INFO - t_env: 4450200 / 5050000
2026-04-16 08:14:08,329 - my_experiment - bat_60_ExpoComm_5M_44 - my_run - INFO - Estimated time left: 5 hours, 28 minutes, 56 seconds. Time passed: 1 days, 17 hours, 52 minutes, 52 seconds
2026-04-16 08:41:33,010 - my_experiment - bat_60_ExpoComm_5M_44 - my_run - INFO - Recent Stats | t_env:    4500000 | Episode:    22500
blue_team_alives_mean:   143.1760	blue_team_win_mean:        0.9680	ep_length_mean:          200.0000	episode_length_mean:     199.0000
epsilon:                   0.0500	grad_norm:               279793689.6000	info_nce_loss:             0.2631	loss:                    1295536.3250
q_loss:                  1177763.7625	q_taken_mean:            299.4708	red_team_alives_mean:    134.8400	red_team_win_mean:         0.0040
return_mean:              -1.9937	return_std:                0.5964	target_mean:             299.0625	td_error_abs:            653.3383
test_blue_team_alives_mean:142.0000	test_blue_team_win_mean:   0.8000	test_ep_length_mean:     200.0000	test_episode_length_mean:199.0000
test_red_team_alives_mean:135.0000	test_red_team_win_mean:    0.2000	test_return_mean:         -1.8855	test_return_std:           0.0000

2026-04-16 08:41:39,559 - my_experiment - bat_60_ExpoComm_5M_44 - my_run - INFO - t_env: 4500200 / 5050000
2026-04-16 08:41:39,560 - my_experiment - bat_60_ExpoComm_5M_44 - my_run - INFO - Estimated time left: 5 hours, 2 minutes, 36 seconds. Time passed: 1 days, 18 hours, 20 minutes, 23 seconds
2026-04-16 08:41:45,111 - my_experiment - bat_60_ExpoComm_5M_44 - my_run - INFO - Saving models to work_dirs/my_experiment/bat_60_ExpoComm_5M_44/my_run/20260414_142059/models/4500200
2026-04-16 09:09:04,345 - my_experiment - bat_60_ExpoComm_5M_44 - my_run - INFO - Recent Stats | t_env:    4550000 | Episode:    22750
blue_team_alives_mean:   143.7800	blue_team_win_mean:        0.9520	ep_length_mean:          200.0000	episode_length_mean:     199.0000
epsilon:                   0.0500	grad_norm:               372109603.2000	info_nce_loss:             0.3174	loss:                    1829897.5125
q_loss:                  1663543.1875	q_taken_mean:            303.1200	red_team_alives_mean:    138.3760	red_team_win_mean:         0.0000
return_mean:              -1.6988	return_std:                0.1973	target_mean:             299.3308	td_error_abs:            853.9782
test_blue_team_alives_mean:142.8000	test_blue_team_win_mean:   1.0000	test_ep_length_mean:     200.0000	test_episode_length_mean:199.0000
test_red_team_alives_mean:133.0000	test_red_team_win_mean:    0.0000	test_return_mean:         -1.7309	test_return_std:           0.0000

2026-04-16 09:09:10,996 - my_experiment - bat_60_ExpoComm_5M_44 - my_run - INFO - t_env: 4550200 / 5050000
2026-04-16 09:09:10,997 - my_experiment - bat_60_ExpoComm_5M_44 - my_run - INFO - Estimated time left: 4 hours, 35 minutes, 7 seconds. Time passed: 1 days, 18 hours, 47 minutes, 54 seconds
2026-04-16 09:36:29,489 - my_experiment - bat_60_ExpoComm_5M_44 - my_run - INFO - Recent Stats | t_env:    4600000 | Episode:    23000
blue_team_alives_mean:   143.1920	blue_team_win_mean:        0.9200	ep_length_mean:          200.0000	episode_length_mean:     199.0000
epsilon:                   0.0500	grad_norm:               289419763.2000	info_nce_loss:             0.0897	loss:                    1042580.8250
q_loss:                  947803.4062	q_taken_mean:            296.1471	red_team_alives_mean:    136.8240	red_team_win_mean:         0.0160
return_mean:              -1.8092	return_std:                0.1794	target_mean:             295.4033	td_error_abs:            611.9852
test_blue_team_alives_mean:142.6000	test_blue_team_win_mean:   1.0000	test_ep_length_mean:     200.0000	test_episode_length_mean:199.0000
test_red_team_alives_mean:133.0000	test_red_team_win_mean:    0.0000	test_return_mean:         -1.6223	test_return_std:           0.0000

2026-04-16 09:36:36,026 - my_experiment - bat_60_ExpoComm_5M_44 - my_run - INFO - t_env: 4600200 / 5050000
2026-04-16 09:36:36,027 - my_experiment - bat_60_ExpoComm_5M_44 - my_run - INFO - Estimated time left: 4 hours, 6 minutes, 38 seconds. Time passed: 1 days, 19 hours, 15 minutes, 19 seconds
2026-04-16 10:03:44,519 - my_experiment - bat_60_ExpoComm_5M_44 - my_run - INFO - Recent Stats | t_env:    4650000 | Episode:    23250
blue_team_alives_mean:   141.5880	blue_team_win_mean:        0.9000	ep_length_mean:          200.0000	episode_length_mean:     199.0000
epsilon:                   0.0500	grad_norm:               325708800.0000	info_nce_loss:             0.1387	loss:                    1096076.0750
q_loss:                  996432.7875	q_taken_mean:            299.4240	red_team_alives_mean:    132.7400	red_team_win_mean:         0.0760
return_mean:              -1.6897	return_std:                0.1454	target_mean:             297.9535	td_error_abs:            631.3360
test_blue_team_alives_mean:142.4000	test_blue_team_win_mean:   1.0000	test_ep_length_mean:     200.0000	test_episode_length_mean:199.0000
test_red_team_alives_mean:134.6000	test_red_team_win_mean:    0.0000	test_return_mean:         -1.3960	test_return_std:           0.0000

2026-04-16 10:03:51,031 - my_experiment - bat_60_ExpoComm_5M_44 - my_run - INFO - t_env: 4650200 / 5050000
2026-04-16 10:03:51,031 - my_experiment - bat_60_ExpoComm_5M_44 - my_run - INFO - Estimated time left: 3 hours, 37 minutes, 53 seconds. Time passed: 1 days, 19 hours, 42 minutes, 34 seconds
2026-04-16 10:30:55,097 - my_experiment - bat_60_ExpoComm_5M_44 - my_run - INFO - Recent Stats | t_env:    4700000 | Episode:    23500
blue_team_alives_mean:   140.1120	blue_team_win_mean:        0.9280	ep_length_mean:          200.0000	episode_length_mean:     199.0000
epsilon:                   0.0500	grad_norm:               236823789.6000	info_nce_loss:             0.2686	loss:                    803798.4187
q_loss:                  730725.8344	q_taken_mean:            294.6667	red_team_alives_mean:    130.4840	red_team_win_mean:         0.0600
return_mean:              -1.8364	return_std:                0.3253	target_mean:             295.1057	td_error_abs:            539.8813
test_blue_team_alives_mean:143.2000	test_blue_team_win_mean:   1.0000	test_ep_length_mean:     200.0000	test_episode_length_mean:199.0000
test_red_team_alives_mean:134.2000	test_red_team_win_mean:    0.0000	test_return_mean:         -1.6615	test_return_std:           0.0000

2026-04-16 10:31:01,561 - my_experiment - bat_60_ExpoComm_5M_44 - my_run - INFO - t_env: 4700200 / 5050000
2026-04-16 10:31:01,562 - my_experiment - bat_60_ExpoComm_5M_44 - my_run - INFO - Estimated time left: 3 hours, 10 minutes, 7 seconds. Time passed: 1 days, 20 hours, 9 minutes, 45 seconds
2026-04-16 11:00:26,074 - my_experiment - bat_60_ExpoComm_5M_44 - my_run - INFO - Recent Stats | t_env:    4750000 | Episode:    23750
blue_team_alives_mean:   141.4760	blue_team_win_mean:        0.9880	ep_length_mean:          200.0000	episode_length_mean:     199.0000
epsilon:                   0.0500	grad_norm:               144563779.2000	info_nce_loss:             0.3227	loss:                    540284.4062
q_loss:                  491167.6375	q_taken_mean:            285.6080	red_team_alives_mean:    127.6840	red_team_win_mean:         0.0080
return_mean:              -1.6280	return_std:                0.3052	target_mean:             284.7962	td_error_abs:            438.5002
test_blue_team_alives_mean:142.6000	test_blue_team_win_mean:   1.0000	test_ep_length_mean:     200.0000	test_episode_length_mean:199.0000
test_red_team_alives_mean:134.4000	test_red_team_win_mean:    0.0000	test_return_mean:         -1.4499	test_return_std:           0.0000

2026-04-16 11:00:33,063 - my_experiment - bat_60_ExpoComm_5M_44 - my_run - INFO - t_env: 4750200 / 5050000
2026-04-16 11:00:33,064 - my_experiment - bat_60_ExpoComm_5M_44 - my_run - INFO - Estimated time left: 2 hours, 57 minutes, 1 seconds. Time passed: 1 days, 20 hours, 39 minutes, 17 seconds
2026-04-16 11:28:34,823 - my_experiment - bat_60_ExpoComm_5M_44 - my_run - INFO - Recent Stats | t_env:    4800000 | Episode:    24000
blue_team_alives_mean:   142.4400	blue_team_win_mean:        1.0000	ep_length_mean:          200.0000	episode_length_mean:     199.0000
epsilon:                   0.0500	grad_norm:               204187760.0000	info_nce_loss:             0.4798	loss:                    777444.2188
q_loss:                  706767.4750	q_taken_mean:            273.2368	red_team_alives_mean:    127.5400	red_team_win_mean:         0.0000
return_mean:              -1.8625	return_std:                0.3450	target_mean:             273.4688	td_error_abs:            539.4193
test_blue_team_alives_mean:141.4000	test_blue_team_win_mean:   1.0000	test_ep_length_mean:     200.0000	test_episode_length_mean:199.0000
test_red_team_alives_mean:132.6000	test_red_team_win_mean:    0.0000	test_return_mean:         -1.4889	test_return_std:           0.0000

2026-04-16 11:28:41,429 - my_experiment - bat_60_ExpoComm_5M_44 - my_run - INFO - t_env: 4800200 / 5050000
2026-04-16 11:28:41,431 - my_experiment - bat_60_ExpoComm_5M_44 - my_run - INFO - Estimated time left: 2 hours, 20 minutes, 35 seconds. Time passed: 1 days, 21 hours, 7 minutes, 25 seconds
2026-04-16 11:55:51,809 - my_experiment - bat_60_ExpoComm_5M_44 - my_run - INFO - Recent Stats | t_env:    4850000 | Episode:    24250
blue_team_alives_mean:   142.7120	blue_team_win_mean:        1.0000	ep_length_mean:          200.0000	episode_length_mean:     199.0000
epsilon:                   0.0500	grad_norm:               184298747.2000	info_nce_loss:             0.2175	loss:                    723954.7750
q_loss:                  658140.7125	q_taken_mean:            268.6095	red_team_alives_mean:    130.0560	red_team_win_mean:         0.0000
return_mean:              -1.7267	return_std:                0.3231	target_mean:             267.9777	td_error_abs:            508.0144
test_blue_team_alives_mean:140.0000	test_blue_team_win_mean:   0.8000	test_ep_length_mean:     200.0000	test_episode_length_mean:199.0000
test_red_team_alives_mean:132.2000	test_red_team_win_mean:    0.0000	test_return_mean:         -1.5933	test_return_std:           0.0000

2026-04-16 11:55:58,297 - my_experiment - bat_60_ExpoComm_5M_44 - my_run - INFO - t_env: 4850200 / 5050000
2026-04-16 11:55:58,298 - my_experiment - bat_60_ExpoComm_5M_44 - my_run - INFO - Estimated time left: 1 hours, 49 minutes, 0 seconds. Time passed: 1 days, 21 hours, 34 minutes, 42 seconds
2026-04-16 12:23:11,100 - my_experiment - bat_60_ExpoComm_5M_44 - my_run - INFO - Recent Stats | t_env:    4900000 | Episode:    24500
blue_team_alives_mean:   141.9360	blue_team_win_mean:        0.9920	ep_length_mean:          200.0000	episode_length_mean:     199.0000
epsilon:                   0.0500	grad_norm:               196235384.0000	info_nce_loss:             0.2157	loss:                    1112175.8813
q_loss:                  1011068.9938	q_taken_mean:            262.9990	red_team_alives_mean:    127.7840	red_team_win_mean:         0.0040
return_mean:              -1.7752	return_std:                0.3781	target_mean:             262.1192	td_error_abs:            569.0132
test_blue_team_alives_mean:140.0000	test_blue_team_win_mean:   0.8000	test_ep_length_mean:     200.0000	test_episode_length_mean:199.0000
test_red_team_alives_mean:131.2000	test_red_team_win_mean:    0.0000	test_return_mean:         -1.5822	test_return_std:           0.0000

2026-04-16 12:23:17,643 - my_experiment - bat_60_ExpoComm_5M_44 - my_run - INFO - t_env: 4900200 / 5050000
2026-04-16 12:23:17,644 - my_experiment - bat_60_ExpoComm_5M_44 - my_run - INFO - Estimated time left: 1 hours, 21 minutes, 51 seconds. Time passed: 1 days, 22 hours, 2 minutes, 1 seconds
2026-04-16 12:52:10,478 - my_experiment - bat_60_ExpoComm_5M_44 - my_run - INFO - Recent Stats | t_env:    4950000 | Episode:    24750
blue_team_alives_mean:   142.9320	blue_team_win_mean:        0.8760	ep_length_mean:          200.0000	episode_length_mean:     199.0000
epsilon:                   0.0500	grad_norm:               159592963.2000	info_nce_loss:             0.2398	loss:                    851894.2438
q_loss:                  774449.3000	q_taken_mean:            260.3134	red_team_alives_mean:    133.2920	red_team_win_mean:         0.0280
return_mean:              -1.5947	return_std:                0.2988	target_mean:             259.4359	td_error_abs:            578.2536
test_blue_team_alives_mean:140.0000	test_blue_team_win_mean:   0.8000	test_ep_length_mean:     200.0000	test_episode_length_mean:199.0000
test_red_team_alives_mean:130.6000	test_red_team_win_mean:    0.0000	test_return_mean:         -1.3174	test_return_std:           0.0000

2026-04-16 12:52:17,434 - my_experiment - bat_60_ExpoComm_5M_44 - my_run - INFO - t_env: 4950200 / 5050000
2026-04-16 12:52:17,434 - my_experiment - bat_60_ExpoComm_5M_44 - my_run - INFO - Estimated time left: 57 minutes, 52 seconds. Time passed: 1 days, 22 hours, 31 minutes, 1 seconds
2026-04-16 13:19:53,973 - my_experiment - bat_60_ExpoComm_5M_44 - my_run - INFO - Recent Stats | t_env:    5000000 | Episode:    25000
blue_team_alives_mean:   142.7560	blue_team_win_mean:        0.9680	ep_length_mean:          200.0000	episode_length_mean:     199.0000
epsilon:                   0.0500	grad_norm:               95392588.8000	info_nce_loss:             0.2536	loss:                    428288.7281
q_loss:                  389353.3937	q_taken_mean:            256.8616	red_team_alives_mean:    133.5840	red_team_win_mean:         0.0200
return_mean:              -2.0399	return_std:                0.3528	target_mean:             256.7237	td_error_abs:            394.8923
test_blue_team_alives_mean:140.6000	test_blue_team_win_mean:   0.8000	test_ep_length_mean:     200.0000	test_episode_length_mean:199.0000
test_red_team_alives_mean:131.0000	test_red_team_win_mean:    0.0000	test_return_mean:         -1.3336	test_return_std:           0.0000

2026-04-16 13:20:00,543 - my_experiment - bat_60_ExpoComm_5M_44 - my_run - INFO - t_env: 5000200 / 5050000
2026-04-16 13:20:00,545 - my_experiment - bat_60_ExpoComm_5M_44 - my_run - INFO - Estimated time left: 27 minutes, 36 seconds. Time passed: 1 days, 22 hours, 58 minutes, 44 seconds
2026-04-16 13:20:06,070 - my_experiment - bat_60_ExpoComm_5M_44 - my_run - INFO - Saving models to work_dirs/my_experiment/bat_60_ExpoComm_5M_44/my_run/20260414_142059/models/5000200
2026-04-16 13:47:10,136 - my_experiment - bat_60_ExpoComm_5M_44 - my_run - INFO - Recent Stats | t_env:    5050000 | Episode:    25250
blue_team_alives_mean:   140.8520	blue_team_win_mean:        0.9520	ep_length_mean:          200.0000	episode_length_mean:     199.0000
epsilon:                   0.0500	grad_norm:               111832674.4000	info_nce_loss:             0.1675	loss:                    526209.5094
q_loss:                  478372.2875	q_taken_mean:            252.6392	red_team_alives_mean:    130.9960	red_team_win_mean:         0.0360
return_mean:              -2.5737	return_std:                0.3488	target_mean:             252.3511	td_error_abs:            429.7481
test_blue_team_alives_mean:141.0000	test_blue_team_win_mean:   0.8000	test_ep_length_mean:     200.0000	test_episode_length_mean:199.0000
test_red_team_alives_mean:133.8000	test_red_team_win_mean:    0.0000	test_return_mean:         -1.3844	test_return_std:           0.0000

2026-04-16 13:47:16,714 - my_experiment - bat_60_ExpoComm_5M_44 - my_run - INFO - t_env: 5050200 / 5050000
2026-04-16 13:47:16,715 - my_experiment - bat_60_ExpoComm_5M_44 - my_run - INFO - Estimated time left: -. Time passed: 1 days, 23 hours, 26 minutes, 0 seconds
2026-04-16 13:47:22,138 - my_experiment - bat_60_ExpoComm_5M_44 - my_run - INFO - Finished Training
