Gym has been unmaintained since 2022 and does not support NumPy 2.0 amongst other critical functionality.
Please upgrade to Gymnasium, the maintained drop-in replacement of Gym, or contact the authors of your software and request that they upgrade.
Users of this version of Gym should be able to simply replace 'import gym' with 'import gymnasium as gym' in the vast majority of cases.
See the migration guide at https://gymnasium.farama.org/introduction/migration_guide/ for additional information.
src/main.py:81: DeprecationWarning: Using or importing the ABCs from 'collections' instead of from 'collections.abc' is deprecated since Python 3.3, and in 3.10 it will stop working
  if isinstance(v, collections.Mapping):
wandb: [wandb.login()] Loaded credentials for https://api.wandb.ai from /home/pparsons/.netrc.
wandb: Currently logged in as: peterparsons02 (peterparsons02-eth-z-rich) to https://api.wandb.ai. Use `wandb login --relogin` to force relogin
wandb: setting up run is8rinlq
wandb: Tracking run with wandb version 0.24.1
wandb: Run data is saved locally in /usr/itetnas04/data-scratch-01/pparsons/data/MyExpoComm/wandb/run-20260313_032155-is8rinlq
wandb: Run `wandb offline` to turn off syncing.
wandb: Syncing run my_run-bat_60_HybridComm_5M-20260313_032154
wandb: ⭐️ View project at https://wandb.ai/peterparsons02-eth-z-rich/my_experiment
wandb: 🚀 View run at https://wandb.ai/peterparsons02-eth-z-rich/my_experiment/runs/is8rinlq
2026-03-13 03:21:57,717 - my_experiment - bat_60_HybridComm_5M - my_run - INFO - Current directory: /usr/itetnas04/data-scratch-01/pparsons/data/MyExpoComm.
2026-03-13 03:21:57,718 - my_experiment - bat_60_HybridComm_5M - my_run - INFO - Experiment Parameters:
2026-03-13 03:21:57,719 - my_experiment - bat_60_HybridComm_5M - my_run - INFO - 

{   'action_selector': 'epsilon_greedy',
    'add_value_last_step': True,
    'agent': 'ExpoComm_one_peer_cont',
    'agent_output_type': 'q',
    'attention_dim': 32,
    'aux_coef': 0.1,
    'batch_size': 16,
    'batch_size_run': 1,
    'buffer_cpu_only': True,
    'buffer_size': 1000,
    'checkpoint_path': '',
    'double_q': True,
    'env': 'MAgent_Battle',
    'env_args': {   'global_reward': True,
                    'map_name': 'battle_view7',
                    'map_size': 60,
                    'max_cycles': 200,
                    'minimap_mode': False,
                    'pretrained_ckpt': None,
                    'seed': 42},
    'epsilon_anneal_time': 1000000,
    'epsilon_finish': 0.05,
    'epsilon_start': 1.0,
    'evaluate': False,
    'evaluation_epsilon': 0.0,
    'exp_name': 'my_experiment',
    'gamma': 0.99,
    'global_reward': True,
    'grad_norm_clip': 10,
    'hidden_dim': 64,
    'hypergroup': None,
    'label': 'default_label',
    'learner': 'hybrid_comm_learner',
    'learner_log_interval': 10000,
    'load_step': 0,
    'local_results_path': 'results',
    'log_interval': 50000,
    'lr': 0.0005,
    'mac': 'ExpoComm_mac',
    'mixer': None,
    'name': 'bat_60_HybridComm_5M',
    'neg_num': 20,
    'obs_agent_id': True,
    'obs_individual_obs': False,
    'obs_last_action': True,
    'one_peer': True,
    'optim_alpha': 0.99,
    'optim_eps': 1e-05,
    'render': False,
    'repeat_id': 1,
    'run_name': 'my_run',
    'runner': 'episode',
    'runner_log_interval': 10000,
    'save_model': True,
    'save_model_interval': 500000,
    'save_replay': False,
    'seed': 42,
    'standardise_returns': False,
    'standardise_rewards': True,
    't_max': 5050000,
    'target_update_interval_or_tau': 200,
    'temperature': 0.07,
    'test_greedy': True,
    'test_interval': 50000,
    'test_nepisode': 32,
    'topk_neighbors': 7,
    'use_cuda': True,
    'use_rnn': True,
    'use_tensorboard': True,
    'work_dir': 'work_dirs/my_experiment/bat_60_HybridComm_5M/my_run/20260313_032154'}

/usr/itetnas04/data-scratch-01/pparsons/data/conda_envs/ExpoComm/lib/python3.8/site-packages/pettingzoo/utils/conversions.py:41: UserWarning: The `from_parallel` function is deprecated. Use the `parallel_to_aec` function instead.
  warnings.warn("The `from_parallel` function is deprecated. Use the `parallel_to_aec` function instead.")
/usr/itetnas04/data-scratch-01/pparsons/data/conda_envs/ExpoComm/lib/python3.8/site-packages/pettingzoo/utils/wrappers/base.py:44: UserWarning: The `observation_spaces` dictionary is deprecated. Use the `observation_space` function instead.
  warnings.warn("The `observation_spaces` dictionary is deprecated. Use the `observation_space` function instead.")
/usr/itetnas04/data-scratch-01/pparsons/data/conda_envs/ExpoComm/lib/python3.8/site-packages/pettingzoo/utils/conversions.py:36: UserWarning: The `to_parallel` function is deprecated. Use the `aec_to_parallel` function instead.
  warnings.warn("The `to_parallel` function is deprecated. Use the `aec_to_parallel` function instead.")
/usr/itetnas04/data-scratch-01/pparsons/data/conda_envs/ExpoComm/lib/python3.8/site-packages/pettingzoo/utils/conversions.py:80: UserWarning: The `action_spaces` dictionary is deprecated. Use the `action_space` function instead.
  warnings.warn("The `action_spaces` dictionary is deprecated. Use the `action_space` function instead.")
/usr/itetnas04/data-scratch-01/pparsons/data/conda_envs/ExpoComm/lib/python3.8/site-packages/pettingzoo/utils/wrappers/base.py:52: UserWarning: The `action_spaces` dictionary is deprecated. Use the `action_space` function instead.
  warnings.warn("The `action_spaces` dictionary is deprecated. Use the `action_space` function instead.")
/usr/itetnas04/data-scratch-01/pparsons/data/conda_envs/ExpoComm/lib/python3.8/site-packages/pettingzoo/utils/conversions.py:72: UserWarning: The `observation_spaces` dictionary is deprecated. Use the `observation_space` function instead.
  warnings.warn("The `observation_spaces` dictionary is deprecated. Use the `observation_space` function instead.")
2026-03-13 03:22:20,780 - my_experiment - bat_60_HybridComm_5M - my_run - INFO - Beginning training for 5050000 timesteps
/usr/itetnas04/data-scratch-01/pparsons/data/MyExpoComm/src/envs/battle_wrappers.py:258: UserWarning: To copy construct from a tensor, it is recommended to use sourceTensor.clone().detach() or sourceTensor.clone().detach().requires_grad_(True), rather than torch.tensor(sourceTensor).
  actions = torch.tensor(actions, dtype=torch.long)
2026-03-13 03:22:31,216 - my_experiment - bat_60_HybridComm_5M - my_run - INFO - t_env: 200 / 5050000
2026-03-13 03:22:31,216 - my_experiment - bat_60_HybridComm_5M - my_run - INFO - Estimated time left: 17 minutes, 29 seconds. Time passed: 10 seconds
2026-03-13 03:25:33,937 - my_experiment - bat_60_HybridComm_5M - my_run - INFO - Saving models to work_dirs/my_experiment/bat_60_HybridComm_5M/my_run/20260313_032154/models/200
2026-03-13 03:53:43,891 - my_experiment - bat_60_HybridComm_5M - my_run - INFO - Recent Stats | t_env:      50000 | Episode:      250
blue_team_alives_mean:   143.9920	blue_team_win_mean:        0.0000	ep_length_mean:          200.0000	episode_length_mean:     199.0000
epsilon:                   0.9620	grad_norm:                 0.1241	info_nce_loss:             2.9300	loss:                      0.9388
q_loss:                    0.8535	red_team_alives_mean:    144.0000	red_team_win_mean:         0.0080	return_mean:              -1.7234
return_std:                0.0263	test_blue_team_alives_mean:144.0000	test_blue_team_win_mean:   0.0000	test_ep_length_mean:     200.0000
test_episode_length_mean:199.0000	test_red_team_alives_mean:144.0000	test_red_team_win_mean:    0.0000	test_return_mean:         -3.0000
test_return_std:           0.0000	
2026-03-13 03:53:50,287 - my_experiment - bat_60_HybridComm_5M - my_run - INFO - t_env: 50200 / 5050000
2026-03-13 03:53:50,288 - my_experiment - bat_60_HybridComm_5M - my_run - INFO - Estimated time left: 2 days, 4 hours, 11 minutes, 39 seconds. Time passed: 31 minutes, 29 seconds
2026-03-13 04:24:05,596 - my_experiment - bat_60_HybridComm_5M - my_run - INFO - Recent Stats | t_env:     100000 | Episode:      500
blue_team_alives_mean:   143.9880	blue_team_win_mean:        0.0000	ep_length_mean:          200.0000	episode_length_mean:     199.0000
epsilon:                   0.9145	grad_norm:                 0.5825	info_nce_loss:             2.4336	loss:                      1.2035
q_loss:                    1.0941	red_team_alives_mean:    144.0000	red_team_win_mean:         0.0120	return_mean:              -1.6881
return_std:                0.0487	test_blue_team_alives_mean:144.0000	test_blue_team_win_mean:   0.0000	test_ep_length_mean:     200.0000
test_episode_length_mean:199.0000	test_red_team_alives_mean:144.0000	test_red_team_win_mean:    0.0000	test_return_mean:         -2.0381
test_return_std:           0.0000	
2026-03-13 04:24:12,425 - my_experiment - bat_60_HybridComm_5M - my_run - INFO - t_env: 100200 / 5050000
2026-03-13 04:24:12,426 - my_experiment - bat_60_HybridComm_5M - my_run - INFO - Estimated time left: 2 days, 2 hours, 6 minutes, 24 seconds. Time passed: 1 hours, 1 minutes, 51 seconds
2026-03-13 04:55:15,817 - my_experiment - bat_60_HybridComm_5M - my_run - INFO - Recent Stats | t_env:     150000 | Episode:      750
blue_team_alives_mean:   141.5360	blue_team_win_mean:        0.0000	ep_length_mean:          200.0000	episode_length_mean:     199.0000
epsilon:                   0.8670	grad_norm:                 9.7285	info_nce_loss:             1.3840	loss:                      3.0654
q_loss:                    2.7867	red_team_alives_mean:    144.0000	red_team_win_mean:         0.5920	return_mean:              -1.0071
return_std:                0.3794	test_blue_team_alives_mean:144.0000	test_blue_team_win_mean:   0.0000	test_ep_length_mean:     200.0000
test_episode_length_mean:199.0000	test_red_team_alives_mean:144.0000	test_red_team_win_mean:    0.0000	test_return_mean:         -1.7353
test_return_std:           0.0000	
2026-03-13 04:55:22,515 - my_experiment - bat_60_HybridComm_5M - my_run - INFO - t_env: 150200 / 5050000
2026-03-13 04:55:22,516 - my_experiment - bat_60_HybridComm_5M - my_run - INFO - Estimated time left: 2 days, 2 hours, 54 minutes, 21 seconds. Time passed: 1 hours, 33 minutes, 1 seconds
2026-03-13 05:25:24,320 - my_experiment - bat_60_HybridComm_5M - my_run - INFO - Recent Stats | t_env:     200000 | Episode:     1000
blue_team_alives_mean:   107.0600	blue_team_win_mean:        0.0000	ep_length_mean:          200.0000	episode_length_mean:     199.0000
epsilon:                   0.8195	grad_norm:                15.0545	info_nce_loss:             1.0356	loss:                      4.0255
q_loss:                    3.6596	red_team_alives_mean:    144.0000	red_team_win_mean:         1.0000	return_mean:               1.5998
return_std:                0.5402	test_blue_team_alives_mean:140.0000	test_blue_team_win_mean:   0.0000	test_ep_length_mean:     200.0000
test_episode_length_mean:199.0000	test_red_team_alives_mean:144.0000	test_red_team_win_mean:    0.2500	test_return_mean:         -1.5873
test_return_std:           0.0000	
2026-03-13 05:25:30,659 - my_experiment - bat_60_HybridComm_5M - my_run - INFO - t_env: 200200 / 5050000
2026-03-13 05:25:30,660 - my_experiment - bat_60_HybridComm_5M - my_run - INFO - Estimated time left: 2 days, 43 minutes, 2 seconds. Time passed: 2 hours, 3 minutes, 9 seconds
2026-03-13 05:53:49,533 - my_experiment - bat_60_HybridComm_5M - my_run - INFO - Recent Stats | t_env:     250000 | Episode:     1250
blue_team_alives_mean:    54.9640	blue_team_win_mean:        0.0000	ep_length_mean:          200.0000	episode_length_mean:     199.0000
epsilon:                   0.7720	grad_norm:                59.2651	info_nce_loss:             0.8742	loss:                      7.2612
q_loss:                    6.6011	red_team_alives_mean:    144.0000	red_team_win_mean:         1.0000	return_mean:               4.5840
return_std:                0.4030	test_blue_team_alives_mean:129.8000	test_blue_team_win_mean:   0.0000	test_ep_length_mean:     200.0000
test_episode_length_mean:199.0000	test_red_team_alives_mean:144.0000	test_red_team_win_mean:    0.4000	test_return_mean:         -0.9638
test_return_std:           0.0000	
2026-03-13 05:53:55,561 - my_experiment - bat_60_HybridComm_5M - my_run - INFO - t_env: 250200 / 5050000
2026-03-13 05:53:55,562 - my_experiment - bat_60_HybridComm_5M - my_run - INFO - Estimated time left: 1 days, 21 hours, 27 minutes, 43 seconds. Time passed: 2 hours, 31 minutes, 34 seconds
2026-03-13 06:21:23,335 - my_experiment - bat_60_HybridComm_5M - my_run - INFO - Recent Stats | t_env:     300000 | Episode:     1500
blue_team_alives_mean:    31.8360	blue_team_win_mean:        0.0000	ep_length_mean:          200.0000	episode_length_mean:     199.0000
epsilon:                   0.7245	grad_norm:                66.2765	info_nce_loss:             0.7547	loss:                      6.0929
q_loss:                    5.5390	red_team_alives_mean:    144.0000	red_team_win_mean:         1.0000	return_mean:               5.6985
return_std:                0.2629	test_blue_team_alives_mean:128.2000	test_blue_team_win_mean:   0.0000	test_ep_length_mean:     200.0000
test_episode_length_mean:199.0000	test_red_team_alives_mean:144.0000	test_red_team_win_mean:    0.6000	test_return_mean:         -0.5905
test_return_std:           0.0000	
2026-03-13 06:21:29,127 - my_experiment - bat_60_HybridComm_5M - my_run - INFO - t_env: 300200 / 5050000
2026-03-13 06:21:29,128 - my_experiment - bat_60_HybridComm_5M - my_run - INFO - Estimated time left: 1 days, 19 hours, 38 minutes, 2 seconds. Time passed: 2 hours, 59 minutes, 8 seconds
2026-03-13 06:48:16,224 - my_experiment - bat_60_HybridComm_5M - my_run - INFO - Recent Stats | t_env:     350000 | Episode:     1750
blue_team_alives_mean:    17.3120	blue_team_win_mean:        0.0000	ep_length_mean:          200.0000	episode_length_mean:     199.0000
epsilon:                   0.6770	grad_norm:                58.1610	info_nce_loss:             0.5497	loss:                      6.4805
q_loss:                    5.8914	red_team_alives_mean:    144.0000	red_team_win_mean:         1.0000	return_mean:               6.2555
return_std:                0.1946	test_blue_team_alives_mean:128.2000	test_blue_team_win_mean:   0.0000	test_ep_length_mean:     200.0000
test_episode_length_mean:199.0000	test_red_team_alives_mean:144.0000	test_red_team_win_mean:    0.6000	test_return_mean:         -0.6107
test_return_std:           0.0000	
2026-03-13 06:48:21,960 - my_experiment - bat_60_HybridComm_5M - my_run - INFO - t_env: 350200 / 5050000
2026-03-13 06:48:21,961 - my_experiment - bat_60_HybridComm_5M - my_run - INFO - Estimated time left: 1 days, 18 hours, 6 minutes, 39 seconds. Time passed: 3 hours, 26 minutes, 1 seconds
2026-03-13 07:14:45,459 - my_experiment - bat_60_HybridComm_5M - my_run - INFO - Recent Stats | t_env:     400000 | Episode:     2000
blue_team_alives_mean:    19.3520	blue_team_win_mean:        0.0000	ep_length_mean:          200.0000	episode_length_mean:     199.0000
epsilon:                   0.6295	grad_norm:                65.1591	info_nce_loss:             0.9283	loss:                      5.6051
q_loss:                    5.0956	red_team_alives_mean:    144.0000	red_team_win_mean:         1.0000	return_mean:               6.1236
return_std:                0.1714	test_blue_team_alives_mean:128.2000	test_blue_team_win_mean:   0.0000	test_ep_length_mean:     200.0000
test_episode_length_mean:199.0000	test_red_team_alives_mean:144.0000	test_red_team_win_mean:    0.6000	test_return_mean:         -0.5920
test_return_std:           0.0000	
2026-03-13 07:14:51,056 - my_experiment - bat_60_HybridComm_5M - my_run - INFO - t_env: 400200 / 5050000
2026-03-13 07:14:51,057 - my_experiment - bat_60_HybridComm_5M - my_run - INFO - Estimated time left: 1 days, 17 hours, 2 minutes, 59 seconds. Time passed: 3 hours, 52 minutes, 30 seconds
2026-03-13 07:40:54,645 - my_experiment - bat_60_HybridComm_5M - my_run - INFO - Recent Stats | t_env:     450000 | Episode:     2250
blue_team_alives_mean:    21.2440	blue_team_win_mean:        0.0000	ep_length_mean:          200.0000	episode_length_mean:     199.0000
epsilon:                   0.5820	grad_norm:               119.6426	info_nce_loss:             0.5218	loss:                      4.8415
q_loss:                    4.4013	red_team_alives_mean:    144.0000	red_team_win_mean:         1.0000	return_mean:               5.9938
return_std:                0.1872	test_blue_team_alives_mean:124.4000	test_blue_team_win_mean:   0.0000	test_ep_length_mean:     200.0000
test_episode_length_mean:199.0000	test_red_team_alives_mean:144.0000	test_red_team_win_mean:    0.6000	test_return_mean:         -0.2072
test_return_std:           0.0000	
2026-03-13 07:41:00,293 - my_experiment - bat_60_HybridComm_5M - my_run - INFO - t_env: 450200 / 5050000
2026-03-13 07:41:00,294 - my_experiment - bat_60_HybridComm_5M - my_run - INFO - Estimated time left: 1 days, 16 hours, 6 minutes, 3 seconds. Time passed: 4 hours, 18 minutes, 39 seconds
2026-03-13 08:06:37,640 - my_experiment - bat_60_HybridComm_5M - my_run - INFO - Recent Stats | t_env:     500000 | Episode:     2500
blue_team_alives_mean:    21.0640	blue_team_win_mean:        0.0000	ep_length_mean:          200.0000	episode_length_mean:     199.0000
epsilon:                   0.5345	grad_norm:               158.4869	info_nce_loss:             0.2689	loss:                      3.5057
q_loss:                    3.1870	red_team_alives_mean:    144.0000	red_team_win_mean:         1.0000	return_mean:               5.9484
return_std:                0.1713	test_blue_team_alives_mean:123.6000	test_blue_team_win_mean:   0.0000	test_ep_length_mean:     200.0000
test_episode_length_mean:199.0000	test_red_team_alives_mean:144.0000	test_red_team_win_mean:    0.6000	test_return_mean:         -0.0341
test_return_std:           0.0000	
2026-03-13 08:06:43,208 - my_experiment - bat_60_HybridComm_5M - my_run - INFO - t_env: 500200 / 5050000
2026-03-13 08:06:43,209 - my_experiment - bat_60_HybridComm_5M - my_run - INFO - Estimated time left: 1 days, 14 hours, 59 minutes, 59 seconds. Time passed: 4 hours, 44 minutes, 22 seconds
2026-03-13 08:09:07,909 - my_experiment - bat_60_HybridComm_5M - my_run - INFO - Saving models to work_dirs/my_experiment/bat_60_HybridComm_5M/my_run/20260313_032154/models/500200
2026-03-13 08:32:04,638 - my_experiment - bat_60_HybridComm_5M - my_run - INFO - Recent Stats | t_env:     550000 | Episode:     2750
blue_team_alives_mean:    23.5440	blue_team_win_mean:        0.0000	ep_length_mean:          200.0000	episode_length_mean:     199.0000
epsilon:                   0.4870	grad_norm:               130.1639	info_nce_loss:             0.4828	loss:                      2.8309
q_loss:                    2.5735	red_team_alives_mean:    144.0000	red_team_win_mean:         1.0000	return_mean:               5.8584
return_std:                0.2201	test_blue_team_alives_mean:106.0000	test_blue_team_win_mean:   0.0000	test_ep_length_mean:     200.0000
test_episode_length_mean:199.0000	test_red_team_alives_mean:144.0000	test_red_team_win_mean:    0.6000	test_return_mean:          1.0826
test_return_std:           0.0000	
2026-03-13 08:32:10,161 - my_experiment - bat_60_HybridComm_5M - my_run - INFO - t_env: 550200 / 5050000
2026-03-13 08:32:10,161 - my_experiment - bat_60_HybridComm_5M - my_run - INFO - Estimated time left: 1 days, 14 hours, 10 minutes, 19 seconds. Time passed: 5 hours, 9 minutes, 49 seconds
2026-03-13 08:57:15,059 - my_experiment - bat_60_HybridComm_5M - my_run - INFO - Recent Stats | t_env:     600000 | Episode:     3000
blue_team_alives_mean:    22.0120	blue_team_win_mean:        0.0000	ep_length_mean:          200.0000	episode_length_mean:     199.0000
epsilon:                   0.4395	grad_norm:               106.9804	info_nce_loss:             0.7609	loss:                      2.1140
q_loss:                    1.9218	red_team_alives_mean:    144.0000	red_team_win_mean:         1.0000	return_mean:               5.8310
return_std:                0.2963	test_blue_team_alives_mean: 82.8000	test_blue_team_win_mean:   0.0000	test_ep_length_mean:     200.0000
test_episode_length_mean:199.0000	test_red_team_alives_mean:144.0000	test_red_team_win_mean:    0.8000	test_return_mean:          2.3963
test_return_std:           0.0000	
2026-03-13 08:57:20,606 - my_experiment - bat_60_HybridComm_5M - my_run - INFO - t_env: 600200 / 5050000
2026-03-13 08:57:20,606 - my_experiment - bat_60_HybridComm_5M - my_run - INFO - Estimated time left: 1 days, 13 hours, 20 minutes, 23 seconds. Time passed: 5 hours, 34 minutes, 59 seconds
2026-03-13 09:22:26,792 - my_experiment - bat_60_HybridComm_5M - my_run - INFO - Recent Stats | t_env:     650000 | Episode:     3250
blue_team_alives_mean:    25.4200	blue_team_win_mean:        0.0000	ep_length_mean:          200.0000	episode_length_mean:     199.0000
epsilon:                   0.3920	grad_norm:               174.6629	info_nce_loss:             0.3542	loss:                      2.4299
q_loss:                    2.2090	red_team_alives_mean:    144.0000	red_team_win_mean:         1.0000	return_mean:               5.7146
return_std:                0.2229	test_blue_team_alives_mean: 59.2000	test_blue_team_win_mean:   0.0000	test_ep_length_mean:     200.0000
test_episode_length_mean:199.0000	test_red_team_alives_mean:144.0000	test_red_team_win_mean:    1.0000	test_return_mean:          3.7073
test_return_std:           0.0000	
2026-03-13 09:22:32,127 - my_experiment - bat_60_HybridComm_5M - my_run - INFO - t_env: 650200 / 5050000
2026-03-13 09:22:32,128 - my_experiment - bat_60_HybridComm_5M - my_run - INFO - Estimated time left: 1 days, 12 hours, 56 minutes, 47 seconds. Time passed: 6 hours, 11 seconds
2026-03-13 09:47:25,226 - my_experiment - bat_60_HybridComm_5M - my_run - INFO - Recent Stats | t_env:     700000 | Episode:     3500
blue_team_alives_mean:    26.0720	blue_team_win_mean:        0.0000	ep_length_mean:          200.0000	episode_length_mean:     199.0000
epsilon:                   0.3445	grad_norm:               116.6310	info_nce_loss:             0.3351	loss:                      1.7441
q_loss:                    1.5856	red_team_alives_mean:    144.0000	red_team_win_mean:         1.0000	return_mean:               5.5725
return_std:                0.3233	test_blue_team_alives_mean: 45.8000	test_blue_team_win_mean:   0.0000	test_ep_length_mean:     200.0000
test_episode_length_mean:199.0000	test_red_team_alives_mean:144.0000	test_red_team_win_mean:    1.0000	test_return_mean:          4.4385
test_return_std:           0.0000	
2026-03-13 09:47:30,760 - my_experiment - bat_60_HybridComm_5M - my_run - INFO - t_env: 700200 / 5050000
2026-03-13 09:47:30,761 - my_experiment - bat_60_HybridComm_5M - my_run - INFO - Estimated time left: 1 days, 12 hours, 12 minutes, 55 seconds. Time passed: 6 hours, 25 minutes, 9 seconds
2026-03-13 10:12:07,866 - my_experiment - bat_60_HybridComm_5M - my_run - INFO - Recent Stats | t_env:     750000 | Episode:     3750
blue_team_alives_mean:    22.4080	blue_team_win_mean:        0.0000	ep_length_mean:          200.0000	episode_length_mean:     199.0000
epsilon:                   0.2970	grad_norm:               117.5069	info_nce_loss:             0.7879	loss:                      1.8742
q_loss:                    1.7038	red_team_alives_mean:    144.0000	red_team_win_mean:         1.0000	return_mean:               5.6069
return_std:                0.2530	test_blue_team_alives_mean: 34.8000	test_blue_team_win_mean:   0.0000	test_ep_length_mean:     200.0000
test_episode_length_mean:199.0000	test_red_team_alives_mean:144.0000	test_red_team_win_mean:    1.0000	test_return_mean:          4.9803
test_return_std:           0.0000	
2026-03-13 10:12:13,176 - my_experiment - bat_60_HybridComm_5M - my_run - INFO - t_env: 750200 / 5050000
2026-03-13 10:12:13,177 - my_experiment - bat_60_HybridComm_5M - my_run - INFO - Estimated time left: 1 days, 11 hours, 24 minutes, 41 seconds. Time passed: 6 hours, 49 minutes, 52 seconds
2026-03-13 10:37:00,005 - my_experiment - bat_60_HybridComm_5M - my_run - INFO - Recent Stats | t_env:     800000 | Episode:     4000
blue_team_alives_mean:    24.0440	blue_team_win_mean:        0.0000	ep_length_mean:          200.0000	episode_length_mean:     199.0000
epsilon:                   0.2495	grad_norm:               102.8279	info_nce_loss:             0.6789	loss:                      1.6225
q_loss:                    1.4750	red_team_alives_mean:    144.0000	red_team_win_mean:         1.0000	return_mean:               5.4646
return_std:                0.3260	test_blue_team_alives_mean: 32.0000	test_blue_team_win_mean:   0.0000	test_ep_length_mean:     200.0000
test_episode_length_mean:199.0000	test_red_team_alives_mean:144.0000	test_red_team_win_mean:    1.0000	test_return_mean:          5.0605
test_return_std:           0.0000	
2026-03-13 10:37:05,615 - my_experiment - bat_60_HybridComm_5M - my_run - INFO - t_env: 800200 / 5050000
2026-03-13 10:37:05,616 - my_experiment - bat_60_HybridComm_5M - my_run - INFO - Estimated time left: 1 days, 11 hours, 14 minutes, 11 seconds. Time passed: 7 hours, 14 minutes, 44 seconds
2026-03-13 11:02:00,993 - my_experiment - bat_60_HybridComm_5M - my_run - INFO - Recent Stats | t_env:     850000 | Episode:     4250
blue_team_alives_mean:    29.8720	blue_team_win_mean:        0.0000	ep_length_mean:          200.0000	episode_length_mean:     199.0000
epsilon:                   0.2020	grad_norm:               183.4878	info_nce_loss:             0.5064	loss:                      2.4731
q_loss:                    2.2483	red_team_alives_mean:    144.0000	red_team_win_mean:         1.0000	return_mean:               5.0890
return_std:                0.4024	test_blue_team_alives_mean: 32.8000	test_blue_team_win_mean:   0.0000	test_ep_length_mean:     200.0000
test_episode_length_mean:199.0000	test_red_team_alives_mean:144.0000	test_red_team_win_mean:    1.0000	test_return_mean:          4.9418
test_return_std:           0.0000	
2026-03-13 11:02:06,314 - my_experiment - bat_60_HybridComm_5M - my_run - INFO - t_env: 850200 / 5050000
2026-03-13 11:02:06,315 - my_experiment - bat_60_HybridComm_5M - my_run - INFO - Estimated time left: 1 days, 11 hours, 52 seconds. Time passed: 7 hours, 39 minutes, 45 seconds
2026-03-13 11:27:06,387 - my_experiment - bat_60_HybridComm_5M - my_run - INFO - Recent Stats | t_env:     900000 | Episode:     4500
blue_team_alives_mean:    27.8280	blue_team_win_mean:        0.0000	ep_length_mean:          200.0000	episode_length_mean:     199.0000
epsilon:                   0.1545	grad_norm:               103.9090	info_nce_loss:             0.5429	loss:                      1.6174
q_loss:                    1.4704	red_team_alives_mean:    144.0000	red_team_win_mean:         1.0000	return_mean:               5.1710
return_std:                0.2629	test_blue_team_alives_mean: 41.2000	test_blue_team_win_mean:   0.0000	test_ep_length_mean:     200.0000
test_episode_length_mean:199.0000	test_red_team_alives_mean:144.0000	test_red_team_win_mean:    1.0000	test_return_mean:          4.4023
test_return_std:           0.0000	
2026-03-13 11:27:11,951 - my_experiment - bat_60_HybridComm_5M - my_run - INFO - t_env: 900200 / 5050000
2026-03-13 11:27:11,952 - my_experiment - bat_60_HybridComm_5M - my_run - INFO - Estimated time left: 1 days, 10 hours, 42 minutes, 41 seconds. Time passed: 8 hours, 4 minutes, 51 seconds
2026-03-13 11:50:39,689 - my_experiment - bat_60_HybridComm_5M - my_run - INFO - Recent Stats | t_env:     950000 | Episode:     4750
blue_team_alives_mean:    28.5040	blue_team_win_mean:        0.0000	ep_length_mean:          200.0000	episode_length_mean:     199.0000
epsilon:                   0.1070	grad_norm:                73.3859	info_nce_loss:             0.6450	loss:                      1.4334
q_loss:                    1.3031	red_team_alives_mean:    144.0000	red_team_win_mean:         1.0000	return_mean:               5.1170
return_std:                0.3237	test_blue_team_alives_mean: 42.4000	test_blue_team_win_mean:   0.0000	test_ep_length_mean:     200.0000
test_episode_length_mean:199.0000	test_red_team_alives_mean:144.0000	test_red_team_win_mean:    1.0000	test_return_mean:          4.2833
test_return_std:           0.0000	
2026-03-13 11:50:44,635 - my_experiment - bat_60_HybridComm_5M - my_run - INFO - t_env: 950200 / 5050000
2026-03-13 11:50:44,636 - my_experiment - bat_60_HybridComm_5M - my_run - INFO - Estimated time left: 1 days, 8 hours, 10 minutes, 34 seconds. Time passed: 8 hours, 28 minutes, 23 seconds
2026-03-13 12:13:13,416 - my_experiment - bat_60_HybridComm_5M - my_run - INFO - Recent Stats | t_env:    1000000 | Episode:     5000
blue_team_alives_mean:    28.3760	blue_team_win_mean:        0.0000	ep_length_mean:          200.0000	episode_length_mean:     199.0000
epsilon:                   0.0595	grad_norm:               130.0940	info_nce_loss:             0.8587	loss:                      1.6933
q_loss:                    1.5394	red_team_alives_mean:    144.0000	red_team_win_mean:         1.0000	return_mean:               5.0776
return_std:                0.3347	test_blue_team_alives_mean: 40.8000	test_blue_team_win_mean:   0.0000	test_ep_length_mean:     200.0000
test_episode_length_mean:199.0000	test_red_team_alives_mean:144.0000	test_red_team_win_mean:    1.0000	test_return_mean:          4.3189
test_return_std:           0.0000	
2026-03-13 12:13:18,341 - my_experiment - bat_60_HybridComm_5M - my_run - INFO - t_env: 1000200 / 5050000
2026-03-13 12:13:18,341 - my_experiment - bat_60_HybridComm_5M - my_run - INFO - Estimated time left: 1 days, 6 hours, 27 minutes, 24 seconds. Time passed: 8 hours, 50 minutes, 57 seconds
2026-03-13 12:15:32,106 - my_experiment - bat_60_HybridComm_5M - my_run - INFO - Saving models to work_dirs/my_experiment/bat_60_HybridComm_5M/my_run/20260313_032154/models/1000200
2026-03-13 12:35:48,383 - my_experiment - bat_60_HybridComm_5M - my_run - INFO - Recent Stats | t_env:    1050000 | Episode:     5250
blue_team_alives_mean:    25.5600	blue_team_win_mean:        0.0000	ep_length_mean:          200.0000	episode_length_mean:     199.0000
epsilon:                   0.0500	grad_norm:               103.3109	info_nce_loss:             0.5501	loss:                      1.8147
q_loss:                    1.6498	red_team_alives_mean:    144.0000	red_team_win_mean:         1.0000	return_mean:               5.2248
return_std:                0.2785	test_blue_team_alives_mean: 40.4000	test_blue_team_win_mean:   0.0000	test_ep_length_mean:     200.0000
test_episode_length_mean:199.0000	test_red_team_alives_mean:144.0000	test_red_team_win_mean:    1.0000	test_return_mean:          4.3084
test_return_std:           0.0000	
2026-03-13 12:35:53,226 - my_experiment - bat_60_HybridComm_5M - my_run - INFO - t_env: 1050200 / 5050000
2026-03-13 12:35:53,227 - my_experiment - bat_60_HybridComm_5M - my_run - INFO - Estimated time left: 1 days, 6 hours, 6 minutes, 25 seconds. Time passed: 9 hours, 13 minutes, 32 seconds
2026-03-13 12:57:58,024 - my_experiment - bat_60_HybridComm_5M - my_run - INFO - Recent Stats | t_env:    1100000 | Episode:     5500
blue_team_alives_mean:    21.5400	blue_team_win_mean:        0.0000	ep_length_mean:          200.0000	episode_length_mean:     199.0000
epsilon:                   0.0500	grad_norm:                95.7175	info_nce_loss:             0.4444	loss:                      1.5807
q_loss:                    1.4370	red_team_alives_mean:    144.0000	red_team_win_mean:         1.0000	return_mean:               5.3597
return_std:                0.2546	test_blue_team_alives_mean: 40.2000	test_blue_team_win_mean:   0.0000	test_ep_length_mean:     200.0000
test_episode_length_mean:199.0000	test_red_team_alives_mean:144.0000	test_red_team_win_mean:    1.0000	test_return_mean:          4.3024
test_return_std:           0.0000	
2026-03-13 12:58:02,840 - my_experiment - bat_60_HybridComm_5M - my_run - INFO - t_env: 1100200 / 5050000
2026-03-13 12:58:02,840 - my_experiment - bat_60_HybridComm_5M - my_run - INFO - Estimated time left: 1 days, 5 hours, 10 minutes, 34 seconds. Time passed: 9 hours, 35 minutes, 42 seconds
2026-03-13 13:20:09,421 - my_experiment - bat_60_HybridComm_5M - my_run - INFO - Recent Stats | t_env:    1150000 | Episode:     5750
blue_team_alives_mean:    21.5520	blue_team_win_mean:        0.0000	ep_length_mean:          200.0000	episode_length_mean:     199.0000
epsilon:                   0.0500	grad_norm:                73.5206	info_nce_loss:             0.5673	loss:                      1.4408
q_loss:                    1.3098	red_team_alives_mean:    144.0000	red_team_win_mean:         1.0000	return_mean:               5.3728
return_std:                0.2451	test_blue_team_alives_mean: 31.8000	test_blue_team_win_mean:   0.0000	test_ep_length_mean:     200.0000
test_episode_length_mean:199.0000	test_red_team_alives_mean:144.0000	test_red_team_win_mean:    1.0000	test_return_mean:          4.7806
test_return_std:           0.0000	
2026-03-13 13:20:14,278 - my_experiment - bat_60_HybridComm_5M - my_run - INFO - t_env: 1150200 / 5050000
2026-03-13 13:20:14,279 - my_experiment - bat_60_HybridComm_5M - my_run - INFO - Estimated time left: 1 days, 4 hours, 50 minutes, 46 seconds. Time passed: 9 hours, 57 minutes, 53 seconds
2026-03-13 13:43:57,655 - my_experiment - bat_60_HybridComm_5M - my_run - INFO - Recent Stats | t_env:    1200000 | Episode:     6000
blue_team_alives_mean:    24.7360	blue_team_win_mean:        0.0000	ep_length_mean:          200.0000	episode_length_mean:     199.0000
epsilon:                   0.0500	grad_norm:                81.6572	info_nce_loss:             0.6024	loss:                      1.4414
q_loss:                    1.3104	red_team_alives_mean:    144.0000	red_team_win_mean:         1.0000	return_mean:               5.3219
return_std:                0.3076	test_blue_team_alives_mean: 27.2000	test_blue_team_win_mean:   0.0000	test_ep_length_mean:     200.0000
test_episode_length_mean:199.0000	test_red_team_alives_mean:144.0000	test_red_team_win_mean:    1.0000	test_return_mean:          5.0311
test_return_std:           0.0000	
2026-03-13 13:44:02,879 - my_experiment - bat_60_HybridComm_5M - my_run - INFO - t_env: 1200200 / 5050000
2026-03-13 13:44:02,880 - my_experiment - bat_60_HybridComm_5M - my_run - INFO - Estimated time left: 1 days, 6 hours, 33 minutes, 16 seconds. Time passed: 10 hours, 21 minutes, 42 seconds
2026-03-13 14:08:39,612 - my_experiment - bat_60_HybridComm_5M - my_run - INFO - Recent Stats | t_env:    1250000 | Episode:     6250
blue_team_alives_mean:    27.2440	blue_team_win_mean:        0.0000	ep_length_mean:          200.0000	episode_length_mean:     199.0000
epsilon:                   0.0500	grad_norm:                77.8522	info_nce_loss:             0.3666	loss:                      1.7782
q_loss:                    1.6166	red_team_alives_mean:    144.0000	red_team_win_mean:         1.0000	return_mean:               5.2075
return_std:                0.6453	test_blue_team_alives_mean: 27.8000	test_blue_team_win_mean:   0.0000	test_ep_length_mean:     200.0000
test_episode_length_mean:199.0000	test_red_team_alives_mean:144.0000	test_red_team_win_mean:    1.0000	test_return_mean:          5.0128
test_return_std:           0.0000	
2026-03-13 14:08:44,915 - my_experiment - bat_60_HybridComm_5M - my_run - INFO - t_env: 1250200 / 5050000
2026-03-13 14:08:44,917 - my_experiment - bat_60_HybridComm_5M - my_run - INFO - Estimated time left: 1 days, 7 hours, 17 minutes, 8 seconds. Time passed: 10 hours, 46 minutes, 24 seconds
2026-03-13 14:32:54,825 - my_experiment - bat_60_HybridComm_5M - my_run - INFO - Recent Stats | t_env:    1300000 | Episode:     6500
blue_team_alives_mean:    19.7160	blue_team_win_mean:        0.0000	ep_length_mean:          200.0000	episode_length_mean:     199.0000
epsilon:                   0.0500	grad_norm:                62.2811	info_nce_loss:             0.7572	loss:                      1.4376
q_loss:                    1.3069	red_team_alives_mean:    144.0000	red_team_win_mean:         1.0000	return_mean:               5.4736
return_std:                0.3498	test_blue_team_alives_mean: 23.6000	test_blue_team_win_mean:   0.0000	test_ep_length_mean:     200.0000
test_episode_length_mean:199.0000	test_red_team_alives_mean:144.0000	test_red_team_win_mean:    1.0000	test_return_mean:          5.2067
test_return_std:           0.0000	
2026-03-13 14:33:00,015 - my_experiment - bat_60_HybridComm_5M - my_run - INFO - t_env: 1300200 / 5050000
2026-03-13 14:33:00,016 - my_experiment - bat_60_HybridComm_5M - my_run - INFO - Estimated time left: 1 days, 6 hours, 18 minutes, 46 seconds. Time passed: 11 hours, 10 minutes, 39 seconds
2026-03-13 14:57:07,647 - my_experiment - bat_60_HybridComm_5M - my_run - INFO - Recent Stats | t_env:    1350000 | Episode:     6750
blue_team_alives_mean:    19.9960	blue_team_win_mean:        0.0000	ep_length_mean:          200.0000	episode_length_mean:     199.0000
epsilon:                   0.0500	grad_norm:                96.6404	info_nce_loss:             0.5209	loss:                      1.5825
q_loss:                    1.4387	red_team_alives_mean:    144.0000	red_team_win_mean:         1.0000	return_mean:               5.4148
return_std:                0.3563	test_blue_team_alives_mean: 25.6000	test_blue_team_win_mean:   0.0000	test_ep_length_mean:     200.0000
test_episode_length_mean:199.0000	test_red_team_alives_mean:144.0000	test_red_team_win_mean:    1.0000	test_return_mean:          5.1483
test_return_std:           0.0000	
2026-03-13 14:57:12,876 - my_experiment - bat_60_HybridComm_5M - my_run - INFO - t_env: 1350200 / 5050000
2026-03-13 14:57:12,877 - my_experiment - bat_60_HybridComm_5M - my_run - INFO - Estimated time left: 1 days, 5 hours, 51 minutes, 45 seconds. Time passed: 11 hours, 34 minutes, 52 seconds
2026-03-13 15:20:51,098 - my_experiment - bat_60_HybridComm_5M - my_run - INFO - Recent Stats | t_env:    1400000 | Episode:     7000
blue_team_alives_mean:    18.5160	blue_team_win_mean:        0.0000	ep_length_mean:          200.0000	episode_length_mean:     199.0000
epsilon:                   0.0500	grad_norm:                59.9467	info_nce_loss:             0.7178	loss:                      1.4542
q_loss:                    1.3220	red_team_alives_mean:    144.0000	red_team_win_mean:         1.0000	return_mean:               5.5250
return_std:                0.4152	test_blue_team_alives_mean: 25.8000	test_blue_team_win_mean:   0.0000	test_ep_length_mean:     200.0000
test_episode_length_mean:199.0000	test_red_team_alives_mean:144.0000	test_red_team_win_mean:    1.0000	test_return_mean:          5.1400
test_return_std:           0.0000	
2026-03-13 15:20:56,477 - my_experiment - bat_60_HybridComm_5M - my_run - INFO - t_env: 1400200 / 5050000
2026-03-13 15:20:56,478 - my_experiment - bat_60_HybridComm_5M - my_run - INFO - Estimated time left: 1 days, 4 hours, 51 minutes, 57 seconds. Time passed: 11 hours, 58 minutes, 35 seconds
2026-03-13 15:44:22,744 - my_experiment - bat_60_HybridComm_5M - my_run - INFO - Recent Stats | t_env:    1450000 | Episode:     7250
blue_team_alives_mean:    17.1280	blue_team_win_mean:        0.0000	ep_length_mean:          200.0000	episode_length_mean:     199.0000
epsilon:                   0.0500	grad_norm:                64.3660	info_nce_loss:             0.6966	loss:                      1.6556
q_loss:                    1.5050	red_team_alives_mean:    144.0000	red_team_win_mean:         1.0000	return_mean:               5.6537
return_std:                0.3342	test_blue_team_alives_mean: 27.0000	test_blue_team_win_mean:   0.0000	test_ep_length_mean:     200.0000
test_episode_length_mean:199.0000	test_red_team_alives_mean:144.0000	test_red_team_win_mean:    1.0000	test_return_mean:          5.0976
test_return_std:           0.0000	
2026-03-13 15:44:27,961 - my_experiment - bat_60_HybridComm_5M - my_run - INFO - t_env: 1450200 / 5050000
2026-03-13 15:44:27,963 - my_experiment - bat_60_HybridComm_5M - my_run - INFO - Estimated time left: 1 days, 4 hours, 13 minutes, 41 seconds. Time passed: 12 hours, 22 minutes, 7 seconds
2026-03-13 16:07:38,924 - my_experiment - bat_60_HybridComm_5M - my_run - INFO - Recent Stats | t_env:    1500000 | Episode:     7500
blue_team_alives_mean:    13.6600	blue_team_win_mean:        0.0000	ep_length_mean:          200.0000	episode_length_mean:     199.0000
epsilon:                   0.0500	grad_norm:                84.4662	info_nce_loss:             0.5306	loss:                      1.4176
q_loss:                    1.2887	red_team_alives_mean:    144.0000	red_team_win_mean:         1.0000	return_mean:               5.8331
return_std:                0.2429	test_blue_team_alives_mean: 26.0000	test_blue_team_win_mean:   0.0000	test_ep_length_mean:     200.0000
test_episode_length_mean:199.0000	test_red_team_alives_mean:144.0000	test_red_team_win_mean:    1.0000	test_return_mean:          5.2130
test_return_std:           0.0000	
2026-03-13 16:07:44,053 - my_experiment - bat_60_HybridComm_5M - my_run - INFO - t_env: 1500200 / 5050000
2026-03-13 16:07:44,054 - my_experiment - bat_60_HybridComm_5M - my_run - INFO - Estimated time left: 1 days, 3 hours, 31 minutes, 56 seconds. Time passed: 12 hours, 45 minutes, 23 seconds
2026-03-13 16:09:54,262 - my_experiment - bat_60_HybridComm_5M - my_run - INFO - Saving models to work_dirs/my_experiment/bat_60_HybridComm_5M/my_run/20260313_032154/models/1500200
2026-03-13 16:30:56,435 - my_experiment - bat_60_HybridComm_5M - my_run - INFO - Recent Stats | t_env:    1550000 | Episode:     7750
blue_team_alives_mean:    15.7960	blue_team_win_mean:        0.0000	ep_length_mean:          200.0000	episode_length_mean:     199.0000
epsilon:                   0.0500	grad_norm:                70.6881	info_nce_loss:             0.2672	loss:                      1.3316
q_loss:                    1.2105	red_team_alives_mean:    143.9960	red_team_win_mean:         1.0000	return_mean:               5.7028
return_std:                0.2436	test_blue_team_alives_mean: 28.6000	test_blue_team_win_mean:   0.0000	test_ep_length_mean:     200.0000
test_episode_length_mean:199.0000	test_red_team_alives_mean:144.0000	test_red_team_win_mean:    1.0000	test_return_mean:          5.0999
test_return_std:           0.0000	
2026-03-13 16:31:01,497 - my_experiment - bat_60_HybridComm_5M - my_run - INFO - t_env: 1550200 / 5050000
2026-03-13 16:31:01,498 - my_experiment - bat_60_HybridComm_5M - my_run - INFO - Estimated time left: 1 days, 3 hours, 10 minutes, 15 seconds. Time passed: 13 hours, 8 minutes, 40 seconds
2026-03-13 16:54:28,624 - my_experiment - bat_60_HybridComm_5M - my_run - INFO - Recent Stats | t_env:    1600000 | Episode:     8000
blue_team_alives_mean:    14.7240	blue_team_win_mean:        0.0000	ep_length_mean:          200.0000	episode_length_mean:     199.0000
epsilon:                   0.0500	grad_norm:                69.8067	info_nce_loss:             0.4994	loss:                      1.2408
q_loss:                    1.1280	red_team_alives_mean:    144.0000	red_team_win_mean:         1.0000	return_mean:               5.7486
return_std:                0.2058	test_blue_team_alives_mean: 23.4000	test_blue_team_win_mean:   0.0000	test_ep_length_mean:     200.0000
test_episode_length_mean:199.0000	test_red_team_alives_mean:144.0000	test_red_team_win_mean:    1.0000	test_return_mean:          5.3330
test_return_std:           0.0000	
2026-03-13 16:54:33,720 - my_experiment - bat_60_HybridComm_5M - my_run - INFO - t_env: 1600200 / 5050000
2026-03-13 16:54:33,721 - my_experiment - bat_60_HybridComm_5M - my_run - INFO - Estimated time left: 1 days, 3 hours, 3 minutes, 57 seconds. Time passed: 13 hours, 32 minutes, 12 seconds
2026-03-13 17:18:03,568 - my_experiment - bat_60_HybridComm_5M - my_run - INFO - Recent Stats | t_env:    1650000 | Episode:     8250
blue_team_alives_mean:    14.8720	blue_team_win_mean:        0.0000	ep_length_mean:          200.0000	episode_length_mean:     199.0000
epsilon:                   0.0500	grad_norm:                65.6521	info_nce_loss:             0.5799	loss:                      1.3391
q_loss:                    1.2174	red_team_alives_mean:    144.0000	red_team_win_mean:         1.0000	return_mean:               5.7422
return_std:                0.2078	test_blue_team_alives_mean: 21.8000	test_blue_team_win_mean:   0.0000	test_ep_length_mean:     200.0000
test_episode_length_mean:199.0000	test_red_team_alives_mean:144.0000	test_red_team_win_mean:    1.0000	test_return_mean:          5.3896
test_return_std:           0.0000	
2026-03-13 17:18:09,246 - my_experiment - bat_60_HybridComm_5M - my_run - INFO - t_env: 1650200 / 5050000
2026-03-13 17:18:09,247 - my_experiment - bat_60_HybridComm_5M - my_run - INFO - Estimated time left: 1 days, 2 hours, 44 minutes, 10 seconds. Time passed: 13 hours, 55 minutes, 48 seconds
2026-03-13 17:42:24,664 - my_experiment - bat_60_HybridComm_5M - my_run - INFO - Recent Stats | t_env:    1700000 | Episode:     8500
blue_team_alives_mean:    22.1560	blue_team_win_mean:        0.0000	ep_length_mean:          200.0000	episode_length_mean:     199.0000
epsilon:                   0.0500	grad_norm:                47.0959	info_nce_loss:             0.4200	loss:                      1.1143
q_loss:                    1.0130	red_team_alives_mean:    144.0000	red_team_win_mean:         1.0000	return_mean:               5.4354
return_std:                0.6295	test_blue_team_alives_mean: 22.2000	test_blue_team_win_mean:   0.0000	test_ep_length_mean:     200.0000
test_episode_length_mean:199.0000	test_red_team_alives_mean:144.0000	test_red_team_win_mean:    1.0000	test_return_mean:          5.4428
test_return_std:           0.0000	
2026-03-13 17:42:29,811 - my_experiment - bat_60_HybridComm_5M - my_run - INFO - t_env: 1700200 / 5050000
2026-03-13 17:42:29,811 - my_experiment - bat_60_HybridComm_5M - my_run - INFO - Estimated time left: 1 days, 3 hours, 10 minutes, 51 seconds. Time passed: 14 hours, 20 minutes, 9 seconds
2026-03-13 18:06:03,040 - my_experiment - bat_60_HybridComm_5M - my_run - INFO - Recent Stats | t_env:    1750000 | Episode:     8750
blue_team_alives_mean:    21.8440	blue_team_win_mean:        0.0000	ep_length_mean:          200.0000	episode_length_mean:     199.0000
epsilon:                   0.0500	grad_norm:                58.6662	info_nce_loss:             0.5010	loss:                      1.2932
q_loss:                    1.1756	red_team_alives_mean:    144.0000	red_team_win_mean:         1.0000	return_mean:               5.4920
return_std:                0.4033	test_blue_team_alives_mean: 23.8000	test_blue_team_win_mean:   0.0000	test_ep_length_mean:     200.0000
test_episode_length_mean:199.0000	test_red_team_alives_mean:144.0000	test_red_team_win_mean:    1.0000	test_return_mean:          5.3628
test_return_std:           0.0000	
2026-03-13 18:06:08,016 - my_experiment - bat_60_HybridComm_5M - my_run - INFO - t_env: 1750200 / 5050000
2026-03-13 18:06:08,017 - my_experiment - bat_60_HybridComm_5M - my_run - INFO - Estimated time left: 1 days, 1 hours, 59 minutes, 55 seconds. Time passed: 14 hours, 43 minutes, 47 seconds
2026-03-13 18:29:31,072 - my_experiment - bat_60_HybridComm_5M - my_run - INFO - Recent Stats | t_env:    1800000 | Episode:     9000
blue_team_alives_mean:    18.8160	blue_team_win_mean:        0.0000	ep_length_mean:          200.0000	episode_length_mean:     199.0000
epsilon:                   0.0500	grad_norm:                69.3406	info_nce_loss:             0.7750	loss:                      1.2404
q_loss:                    1.1276	red_team_alives_mean:    144.0000	red_team_win_mean:         1.0000	return_mean:               5.5809
return_std:                0.3265	test_blue_team_alives_mean: 23.4000	test_blue_team_win_mean:   0.0000	test_ep_length_mean:     200.0000
test_episode_length_mean:199.0000	test_red_team_alives_mean:144.0000	test_red_team_win_mean:    1.0000	test_return_mean:          5.4510
test_return_std:           0.0000	
2026-03-13 18:29:36,129 - my_experiment - bat_60_HybridComm_5M - my_run - INFO - t_env: 1800200 / 5050000
2026-03-13 18:29:36,130 - my_experiment - bat_60_HybridComm_5M - my_run - INFO - Estimated time left: 1 days, 1 hours, 25 minutes, 21 seconds. Time passed: 15 hours, 7 minutes, 15 seconds
2026-03-13 18:53:15,446 - my_experiment - bat_60_HybridComm_5M - my_run - INFO - Recent Stats | t_env:    1850000 | Episode:     9250
blue_team_alives_mean:    16.6640	blue_team_win_mean:        0.0000	ep_length_mean:          200.0000	episode_length_mean:     199.0000
epsilon:                   0.0500	grad_norm:                51.1103	info_nce_loss:             0.6616	loss:                      1.1592
q_loss:                    1.0538	red_team_alives_mean:    144.0000	red_team_win_mean:         1.0000	return_mean:               5.5911
return_std:                0.2683	test_blue_team_alives_mean: 24.0000	test_blue_team_win_mean:   0.0000	test_ep_length_mean:     200.0000
test_episode_length_mean:199.0000	test_red_team_alives_mean:144.0000	test_red_team_win_mean:    1.0000	test_return_mean:          5.4113
test_return_std:           0.0000	
2026-03-13 18:53:20,483 - my_experiment - bat_60_HybridComm_5M - my_run - INFO - t_env: 1850200 / 5050000
2026-03-13 18:53:20,484 - my_experiment - bat_60_HybridComm_5M - my_run - INFO - Estimated time left: 1 days, 1 hours, 19 minutes, 12 seconds. Time passed: 15 hours, 30 minutes, 59 seconds
2026-03-13 19:17:33,414 - my_experiment - bat_60_HybridComm_5M - my_run - INFO - Recent Stats | t_env:    1900000 | Episode:     9500
blue_team_alives_mean:    28.8920	blue_team_win_mean:        0.0000	ep_length_mean:          200.0000	episode_length_mean:     199.0000
epsilon:                   0.0500	grad_norm:                52.3629	info_nce_loss:             0.5878	loss:                      1.0400
q_loss:                    0.9455	red_team_alives_mean:    144.0000	red_team_win_mean:         0.9920	return_mean:               5.0797
return_std:                0.7605	test_blue_team_alives_mean: 22.2000	test_blue_team_win_mean:   0.0000	test_ep_length_mean:     200.0000
test_episode_length_mean:199.0000	test_red_team_alives_mean:144.0000	test_red_team_win_mean:    1.0000	test_return_mean:          5.4700
test_return_std:           0.0000	
2026-03-13 19:17:38,689 - my_experiment - bat_60_HybridComm_5M - my_run - INFO - t_env: 1900200 / 5050000
2026-03-13 19:17:38,690 - my_experiment - bat_60_HybridComm_5M - my_run - INFO - Estimated time left: 1 days, 1 hours, 31 minutes, 1 seconds. Time passed: 15 hours, 55 minutes, 17 seconds
2026-03-13 19:41:33,459 - my_experiment - bat_60_HybridComm_5M - my_run - INFO - Recent Stats | t_env:    1950000 | Episode:     9750
blue_team_alives_mean:    22.6400	blue_team_win_mean:        0.0000	ep_length_mean:          200.0000	episode_length_mean:     199.0000
epsilon:                   0.0500	grad_norm:                45.2931	info_nce_loss:             0.2593	loss:                      1.0277
q_loss:                    0.9342	red_team_alives_mean:    144.0000	red_team_win_mean:         1.0000	return_mean:               5.4256
return_std:                0.3594	test_blue_team_alives_mean: 21.4000	test_blue_team_win_mean:   0.0000	test_ep_length_mean:     200.0000
test_episode_length_mean:199.0000	test_red_team_alives_mean:144.0000	test_red_team_win_mean:    1.0000	test_return_mean:          5.4550
test_return_std:           0.0000	
2026-03-13 19:41:38,650 - my_experiment - bat_60_HybridComm_5M - my_run - INFO - t_env: 1950200 / 5050000
2026-03-13 19:41:38,651 - my_experiment - bat_60_HybridComm_5M - my_run - INFO - Estimated time left: 1 days, 47 minutes, 51 seconds. Time passed: 16 hours, 19 minutes, 17 seconds
2026-03-13 20:05:18,168 - my_experiment - bat_60_HybridComm_5M - my_run - INFO - Recent Stats | t_env:    2000000 | Episode:    10000
blue_team_alives_mean:    17.3600	blue_team_win_mean:        0.0000	ep_length_mean:          200.0000	episode_length_mean:     199.0000
epsilon:                   0.0500	grad_norm:                46.5393	info_nce_loss:             0.0802	loss:                      0.9983
q_loss:                    0.9075	red_team_alives_mean:    144.0000	red_team_win_mean:         1.0000	return_mean:               5.6442
return_std:                0.2626	test_blue_team_alives_mean: 18.2000	test_blue_team_win_mean:   0.0000	test_ep_length_mean:     200.0000
test_episode_length_mean:199.0000	test_red_team_alives_mean:144.0000	test_red_team_win_mean:    1.0000	test_return_mean:          5.5406
test_return_std:           0.0000	
2026-03-13 20:05:23,285 - my_experiment - bat_60_HybridComm_5M - my_run - INFO - t_env: 2000200 / 5050000
2026-03-13 20:05:23,286 - my_experiment - bat_60_HybridComm_5M - my_run - INFO - Estimated time left: 1 days, 8 minutes, 17 seconds. Time passed: 16 hours, 43 minutes, 2 seconds
2026-03-13 20:07:32,526 - my_experiment - bat_60_HybridComm_5M - my_run - INFO - Saving models to work_dirs/my_experiment/bat_60_HybridComm_5M/my_run/20260313_032154/models/2000200
2026-03-13 20:29:02,234 - my_experiment - bat_60_HybridComm_5M - my_run - INFO - Recent Stats | t_env:    2050000 | Episode:    10250
blue_team_alives_mean:    16.2880	blue_team_win_mean:        0.0000	ep_length_mean:          200.0000	episode_length_mean:     199.0000
epsilon:                   0.0500	grad_norm:                59.4785	info_nce_loss:             0.2919	loss:                      0.9744
q_loss:                    0.8858	red_team_alives_mean:    144.0000	red_team_win_mean:         1.0000	return_mean:               5.6732
return_std:                0.2778	test_blue_team_alives_mean: 17.2000	test_blue_team_win_mean:   0.0000	test_ep_length_mean:     200.0000
test_episode_length_mean:199.0000	test_red_team_alives_mean:144.0000	test_red_team_win_mean:    1.0000	test_return_mean:          5.5097
test_return_std:           0.0000	
2026-03-13 20:29:07,283 - my_experiment - bat_60_HybridComm_5M - my_run - INFO - t_env: 2050200 / 5050000
2026-03-13 20:29:07,284 - my_experiment - bat_60_HybridComm_5M - my_run - INFO - Estimated time left: 23 hours, 43 minutes, 54 seconds. Time passed: 17 hours, 6 minutes, 46 seconds
2026-03-13 20:52:43,024 - my_experiment - bat_60_HybridComm_5M - my_run - INFO - Recent Stats | t_env:    2100000 | Episode:    10500
blue_team_alives_mean:    14.8440	blue_team_win_mean:        0.0000	ep_length_mean:          200.0000	episode_length_mean:     199.0000
epsilon:                   0.0500	grad_norm:                41.9885	info_nce_loss:             0.3291	loss:                      0.8177
q_loss:                    0.7434	red_team_alives_mean:    144.0000	red_team_win_mean:         1.0000	return_mean:               5.6939
return_std:                0.3100	test_blue_team_alives_mean: 16.0000	test_blue_team_win_mean:   0.0000	test_ep_length_mean:     200.0000
test_episode_length_mean:199.0000	test_red_team_alives_mean:144.0000	test_red_team_win_mean:    1.0000	test_return_mean:          5.5951
test_return_std:           0.0000	
2026-03-13 20:52:48,062 - my_experiment - bat_60_HybridComm_5M - my_run - INFO - t_env: 2100200 / 5050000
2026-03-13 20:52:48,063 - my_experiment - bat_60_HybridComm_5M - my_run - INFO - Estimated time left: 23 hours, 17 minutes, 0 seconds. Time passed: 17 hours, 30 minutes, 27 seconds
2026-03-13 21:16:22,476 - my_experiment - bat_60_HybridComm_5M - my_run - INFO - Recent Stats | t_env:    2150000 | Episode:    10750
blue_team_alives_mean:    16.7280	blue_team_win_mean:        0.0000	ep_length_mean:          200.0000	episode_length_mean:     199.0000
epsilon:                   0.0500	grad_norm:                52.8140	info_nce_loss:             0.7284	loss:                      0.8808
q_loss:                    0.8007	red_team_alives_mean:    144.0000	red_team_win_mean:         1.0000	return_mean:               5.6652
return_std:                0.2598	test_blue_team_alives_mean: 16.6000	test_blue_team_win_mean:   0.0000	test_ep_length_mean:     200.0000
test_episode_length_mean:199.0000	test_red_team_alives_mean:144.0000	test_red_team_win_mean:    1.0000	test_return_mean:          5.6021
test_return_std:           0.0000	
2026-03-13 21:16:28,049 - my_experiment - bat_60_HybridComm_5M - my_run - INFO - t_env: 2150200 / 5050000
2026-03-13 21:16:28,050 - my_experiment - bat_60_HybridComm_5M - my_run - INFO - Estimated time left: 22 hours, 52 minutes, 33 seconds. Time passed: 17 hours, 54 minutes, 7 seconds
2026-03-13 21:39:58,464 - my_experiment - bat_60_HybridComm_5M - my_run - INFO - Recent Stats | t_env:    2200000 | Episode:    11000
blue_team_alives_mean:    16.1280	blue_team_win_mean:        0.0000	ep_length_mean:          200.0000	episode_length_mean:     199.0000
epsilon:                   0.0500	grad_norm:                40.5436	info_nce_loss:             0.4407	loss:                      0.8303
q_loss:                    0.7548	red_team_alives_mean:    144.0000	red_team_win_mean:         1.0000	return_mean:               5.7149
return_std:                0.2297	test_blue_team_alives_mean: 13.6000	test_blue_team_win_mean:   0.0000	test_ep_length_mean:     200.0000
test_episode_length_mean:199.0000	test_red_team_alives_mean:144.0000	test_red_team_win_mean:    1.0000	test_return_mean:          5.7522
test_return_std:           0.0000	
2026-03-13 21:40:03,726 - my_experiment - bat_60_HybridComm_5M - my_run - INFO - t_env: 2200200 / 5050000
2026-03-13 21:40:03,728 - my_experiment - bat_60_HybridComm_5M - my_run - INFO - Estimated time left: 22 hours, 24 minutes, 47 seconds. Time passed: 18 hours, 17 minutes, 42 seconds
2026-03-13 22:03:58,303 - my_experiment - bat_60_HybridComm_5M - my_run - INFO - Recent Stats | t_env:    2250000 | Episode:    11250
blue_team_alives_mean:    18.4200	blue_team_win_mean:        0.0000	ep_length_mean:          200.0000	episode_length_mean:     199.0000
epsilon:                   0.0500	grad_norm:                43.4091	info_nce_loss:             0.4116	loss:                      0.8624
q_loss:                    0.7840	red_team_alives_mean:    144.0000	red_team_win_mean:         1.0000	return_mean:               5.6396
return_std:                0.4008	test_blue_team_alives_mean: 14.4000	test_blue_team_win_mean:   0.0000	test_ep_length_mean:     200.0000
test_episode_length_mean:199.0000	test_red_team_alives_mean:144.0000	test_red_team_win_mean:    1.0000	test_return_mean:          5.7318
test_return_std:           0.0000	
2026-03-13 22:04:03,388 - my_experiment - bat_60_HybridComm_5M - my_run - INFO - t_env: 2250200 / 5050000
2026-03-13 22:04:03,389 - my_experiment - bat_60_HybridComm_5M - my_run - INFO - Estimated time left: 22 hours, 23 minutes, 35 seconds. Time passed: 18 hours, 41 minutes, 42 seconds
2026-03-13 22:28:01,779 - my_experiment - bat_60_HybridComm_5M - my_run - INFO - Recent Stats | t_env:    2300000 | Episode:    11500
blue_team_alives_mean:    22.2840	blue_team_win_mean:        0.0000	ep_length_mean:          200.0000	episode_length_mean:     199.0000
epsilon:                   0.0500	grad_norm:                44.7130	info_nce_loss:             0.5012	loss:                      0.8506
q_loss:                    0.7733	red_team_alives_mean:    144.0000	red_team_win_mean:         1.0000	return_mean:               5.5137
return_std:                0.3638	test_blue_team_alives_mean: 14.8000	test_blue_team_win_mean:   0.0000	test_ep_length_mean:     200.0000
test_episode_length_mean:199.0000	test_red_team_alives_mean:144.0000	test_red_team_win_mean:    1.0000	test_return_mean:          5.7752
test_return_std:           0.0000	
2026-03-13 22:28:06,954 - my_experiment - bat_60_HybridComm_5M - my_run - INFO - t_env: 2300200 / 5050000
2026-03-13 22:28:06,955 - my_experiment - bat_60_HybridComm_5M - my_run - INFO - Estimated time left: 22 hours, 3 minutes, 10 seconds. Time passed: 19 hours, 5 minutes, 46 seconds
2026-03-13 22:52:35,787 - my_experiment - bat_60_HybridComm_5M - my_run - INFO - Recent Stats | t_env:    2350000 | Episode:    11750
blue_team_alives_mean:    20.0040	blue_team_win_mean:        0.0000	ep_length_mean:          200.0000	episode_length_mean:     199.0000
epsilon:                   0.0500	grad_norm:                33.9859	info_nce_loss:             0.3245	loss:                      0.8775
q_loss:                    0.7977	red_team_alives_mean:    144.0000	red_team_win_mean:         1.0000	return_mean:               5.6051
return_std:                0.4949	test_blue_team_alives_mean: 18.4000	test_blue_team_win_mean:   0.0000	test_ep_length_mean:     200.0000
test_episode_length_mean:199.0000	test_red_team_alives_mean:144.0000	test_red_team_win_mean:    1.0000	test_return_mean:          5.5862
test_return_std:           0.0000	
2026-03-13 22:52:41,043 - my_experiment - bat_60_HybridComm_5M - my_run - INFO - t_env: 2350200 / 5050000
2026-03-13 22:52:41,044 - my_experiment - bat_60_HybridComm_5M - my_run - INFO - Estimated time left: 22 hours, 6 minutes, 34 seconds. Time passed: 19 hours, 30 minutes, 20 seconds
2026-03-13 23:16:54,550 - my_experiment - bat_60_HybridComm_5M - my_run - INFO - Recent Stats | t_env:    2400000 | Episode:    12000
blue_team_alives_mean:    21.1840	blue_team_win_mean:        0.0000	ep_length_mean:          200.0000	episode_length_mean:     199.0000
epsilon:                   0.0500	grad_norm:                57.8164	info_nce_loss:             0.2735	loss:                      1.0991
q_loss:                    0.9992	red_team_alives_mean:    144.0000	red_team_win_mean:         1.0000	return_mean:               5.7028
return_std:                0.4281	test_blue_team_alives_mean: 22.4000	test_blue_team_win_mean:   0.0000	test_ep_length_mean:     200.0000
test_episode_length_mean:199.0000	test_red_team_alives_mean:144.0000	test_red_team_win_mean:    1.0000	test_return_mean:          5.4418
test_return_std:           0.0000	
2026-03-13 23:16:59,857 - my_experiment - bat_60_HybridComm_5M - my_run - INFO - t_env: 2400200 / 5050000
2026-03-13 23:16:59,858 - my_experiment - bat_60_HybridComm_5M - my_run - INFO - Estimated time left: 21 hours, 28 minutes, 31 seconds. Time passed: 19 hours, 54 minutes, 39 seconds
2026-03-13 23:40:47,090 - my_experiment - bat_60_HybridComm_5M - my_run - INFO - Recent Stats | t_env:    2450000 | Episode:    12250
blue_team_alives_mean:    15.8720	blue_team_win_mean:        0.0000	ep_length_mean:          200.0000	episode_length_mean:     199.0000
epsilon:                   0.0500	grad_norm:                65.1076	info_nce_loss:             0.2628	loss:                      1.2290
q_loss:                    1.1173	red_team_alives_mean:    144.0000	red_team_win_mean:         1.0000	return_mean:               5.7827
return_std:                0.2971	test_blue_team_alives_mean: 24.4000	test_blue_team_win_mean:   0.0000	test_ep_length_mean:     200.0000
test_episode_length_mean:199.0000	test_red_team_alives_mean:144.0000	test_red_team_win_mean:    1.0000	test_return_mean:          5.3398
test_return_std:           0.0000	
2026-03-13 23:40:52,474 - my_experiment - bat_60_HybridComm_5M - my_run - INFO - t_env: 2450200 / 5050000
2026-03-13 23:40:52,475 - my_experiment - bat_60_HybridComm_5M - my_run - INFO - Estimated time left: 20 hours, 41 minutes, 30 seconds. Time passed: 20 hours, 18 minutes, 31 seconds
2026-03-14 00:04:27,459 - my_experiment - bat_60_HybridComm_5M - my_run - INFO - Recent Stats | t_env:    2500000 | Episode:    12500
blue_team_alives_mean:    14.0040	blue_team_win_mean:        0.0000	ep_length_mean:          200.0000	episode_length_mean:     199.0000
epsilon:                   0.0500	grad_norm:                47.7077	info_nce_loss:             0.5736	loss:                      0.9556
q_loss:                    0.8688	red_team_alives_mean:    144.0000	red_team_win_mean:         1.0000	return_mean:               5.7810
return_std:                0.2271	test_blue_team_alives_mean: 24.2000	test_blue_team_win_mean:   0.0000	test_ep_length_mean:     200.0000
test_episode_length_mean:199.0000	test_red_team_alives_mean:144.0000	test_red_team_win_mean:    1.0000	test_return_mean:          5.3854
test_return_std:           0.0000	
2026-03-14 00:04:32,923 - my_experiment - bat_60_HybridComm_5M - my_run - INFO - t_env: 2500200 / 5050000
2026-03-14 00:04:32,924 - my_experiment - bat_60_HybridComm_5M - my_run - INFO - Estimated time left: 20 hours, 7 minutes, 17 seconds. Time passed: 20 hours, 42 minutes, 12 seconds
2026-03-14 00:06:53,746 - my_experiment - bat_60_HybridComm_5M - my_run - INFO - Saving models to work_dirs/my_experiment/bat_60_HybridComm_5M/my_run/20260313_032154/models/2500200
2026-03-14 00:28:23,067 - my_experiment - bat_60_HybridComm_5M - my_run - INFO - Recent Stats | t_env:    2550000 | Episode:    12750
blue_team_alives_mean:    19.7280	blue_team_win_mean:        0.0000	ep_length_mean:          200.0000	episode_length_mean:     199.0000
epsilon:                   0.0500	grad_norm:                71.0072	info_nce_loss:             0.3468	loss:                      1.2102
q_loss:                    1.1002	red_team_alives_mean:    144.0000	red_team_win_mean:         1.0000	return_mean:               5.2765
return_std:                0.4449	test_blue_team_alives_mean: 27.6000	test_blue_team_win_mean:   0.0000	test_ep_length_mean:     200.0000
test_episode_length_mean:199.0000	test_red_team_alives_mean:144.0000	test_red_team_win_mean:    1.0000	test_return_mean:          5.0886
test_return_std:           0.0000	
2026-03-14 00:28:28,218 - my_experiment - bat_60_HybridComm_5M - my_run - INFO - t_env: 2550200 / 5050000
2026-03-14 00:28:28,219 - my_experiment - bat_60_HybridComm_5M - my_run - INFO - Estimated time left: 19 hours, 55 minutes, 59 seconds. Time passed: 21 hours, 6 minutes, 7 seconds
2026-03-14 00:51:56,642 - my_experiment - bat_60_HybridComm_5M - my_run - INFO - Recent Stats | t_env:    2600000 | Episode:    13000
blue_team_alives_mean:    14.8320	blue_team_win_mean:        0.0000	ep_length_mean:          200.0000	episode_length_mean:     199.0000
epsilon:                   0.0500	grad_norm:                46.4568	info_nce_loss:             0.3332	loss:                      0.8397
q_loss:                    0.7634	red_team_alives_mean:    144.0000	red_team_win_mean:         1.0000	return_mean:               5.4995
return_std:                0.3408	test_blue_team_alives_mean: 25.8000	test_blue_team_win_mean:   0.0000	test_ep_length_mean:     200.0000
test_episode_length_mean:199.0000	test_red_team_alives_mean:144.0000	test_red_team_win_mean:    1.0000	test_return_mean:          5.1071
test_return_std:           0.0000	
2026-03-14 00:52:01,752 - my_experiment - bat_60_HybridComm_5M - my_run - INFO - t_env: 2600200 / 5050000
2026-03-14 00:52:01,753 - my_experiment - bat_60_HybridComm_5M - my_run - INFO - Estimated time left: 19 hours, 14 minutes, 17 seconds. Time passed: 21 hours, 29 minutes, 40 seconds
2026-03-14 01:15:33,499 - my_experiment - bat_60_HybridComm_5M - my_run - INFO - Recent Stats | t_env:    2650000 | Episode:    13250
blue_team_alives_mean:    11.1240	blue_team_win_mean:        0.0000	ep_length_mean:          200.0000	episode_length_mean:     199.0000
epsilon:                   0.0500	grad_norm:                42.4031	info_nce_loss:             0.4769	loss:                      0.7584
q_loss:                    0.6895	red_team_alives_mean:    144.0000	red_team_win_mean:         1.0000	return_mean:               5.7410
return_std:                0.2968	test_blue_team_alives_mean: 21.2000	test_blue_team_win_mean:   0.0000	test_ep_length_mean:     200.0000
test_episode_length_mean:199.0000	test_red_team_alives_mean:144.0000	test_red_team_win_mean:    1.0000	test_return_mean:          5.2525
test_return_std:           0.0000	
2026-03-14 01:15:38,628 - my_experiment - bat_60_HybridComm_5M - my_run - INFO - t_env: 2650200 / 5050000
2026-03-14 01:15:38,629 - my_experiment - bat_60_HybridComm_5M - my_run - INFO - Estimated time left: 18 hours, 53 minutes, 24 seconds. Time passed: 21 hours, 53 minutes, 17 seconds
2026-03-14 01:39:13,609 - my_experiment - bat_60_HybridComm_5M - my_run - INFO - Recent Stats | t_env:    2700000 | Episode:    13500
blue_team_alives_mean:    11.5600	blue_team_win_mean:        0.0000	ep_length_mean:          200.0000	episode_length_mean:     199.0000
epsilon:                   0.0500	grad_norm:                47.2282	info_nce_loss:             0.6304	loss:                      0.7633
q_loss:                    0.6939	red_team_alives_mean:    143.9960	red_team_win_mean:         1.0000	return_mean:               5.7289
return_std:                0.2674	test_blue_team_alives_mean: 18.8000	test_blue_team_win_mean:   0.0000	test_ep_length_mean:     200.0000
test_episode_length_mean:199.0000	test_red_team_alives_mean:144.0000	test_red_team_win_mean:    1.0000	test_return_mean:          5.2602
test_return_std:           0.0000	
2026-03-14 01:39:18,784 - my_experiment - bat_60_HybridComm_5M - my_run - INFO - t_env: 2700200 / 5050000
2026-03-14 01:39:18,785 - my_experiment - bat_60_HybridComm_5M - my_run - INFO - Estimated time left: 18 hours, 32 minutes, 21 seconds. Time passed: 22 hours, 16 minutes, 58 seconds
2026-03-14 02:02:55,684 - my_experiment - bat_60_HybridComm_5M - my_run - INFO - Recent Stats | t_env:    2750000 | Episode:    13750
blue_team_alives_mean:    12.0240	blue_team_win_mean:        0.0000	ep_length_mean:          200.0000	episode_length_mean:     199.0000
epsilon:                   0.0500	grad_norm:                39.9629	info_nce_loss:             0.3413	loss:                      0.7457
q_loss:                    0.6779	red_team_alives_mean:    144.0000	red_team_win_mean:         1.0000	return_mean:               5.7316
return_std:                0.2590	test_blue_team_alives_mean: 17.0000	test_blue_team_win_mean:   0.0000	test_ep_length_mean:     200.0000
test_episode_length_mean:199.0000	test_red_team_alives_mean:144.0000	test_red_team_win_mean:    1.0000	test_return_mean:          5.2648
test_return_std:           0.0000	
2026-03-14 02:03:00,938 - my_experiment - bat_60_HybridComm_5M - my_run - INFO - t_env: 2750200 / 5050000
2026-03-14 02:03:00,939 - my_experiment - bat_60_HybridComm_5M - my_run - INFO - Estimated time left: 18 hours, 10 minutes, 13 seconds. Time passed: 22 hours, 40 minutes, 40 seconds
2026-03-14 02:26:51,987 - my_experiment - bat_60_HybridComm_5M - my_run - INFO - Recent Stats | t_env:    2800000 | Episode:    14000
blue_team_alives_mean:    11.8320	blue_team_win_mean:        0.0000	ep_length_mean:          200.0000	episode_length_mean:     199.0000
epsilon:                   0.0500	grad_norm:                40.2327	info_nce_loss:             0.3417	loss:                      0.6715
q_loss:                    0.6105	red_team_alives_mean:    144.0000	red_team_win_mean:         1.0000	return_mean:               5.7876
return_std:                0.1946	test_blue_team_alives_mean: 14.0000	test_blue_team_win_mean:   0.0000	test_ep_length_mean:     200.0000
test_episode_length_mean:199.0000	test_red_team_alives_mean:144.0000	test_red_team_win_mean:    1.0000	test_return_mean:          5.4748
test_return_std:           0.0000	
2026-03-14 02:26:57,119 - my_experiment - bat_60_HybridComm_5M - my_run - INFO - t_env: 2800200 / 5050000
2026-03-14 02:26:57,120 - my_experiment - bat_60_HybridComm_5M - my_run - INFO - Estimated time left: 17 hours, 57 minutes, 2 seconds. Time passed: 23 hours, 4 minutes, 36 seconds
2026-03-14 02:50:52,108 - my_experiment - bat_60_HybridComm_5M - my_run - INFO - Recent Stats | t_env:    2850000 | Episode:    14250
blue_team_alives_mean:    11.6160	blue_team_win_mean:        0.0000	ep_length_mean:          200.0000	episode_length_mean:     199.0000
epsilon:                   0.0500	grad_norm:                50.1254	info_nce_loss:             0.4176	loss:                      0.7533
q_loss:                    0.6848	red_team_alives_mean:    144.0000	red_team_win_mean:         1.0000	return_mean:               5.8116
return_std:                0.2342	test_blue_team_alives_mean: 12.4000	test_blue_team_win_mean:   0.0000	test_ep_length_mean:     200.0000
test_episode_length_mean:199.0000	test_red_team_alives_mean:144.0000	test_red_team_win_mean:    1.0000	test_return_mean:          5.6028
test_return_std:           0.0000	
2026-03-14 02:50:57,300 - my_experiment - bat_60_HybridComm_5M - my_run - INFO - t_env: 2850200 / 5050000
2026-03-14 02:50:57,301 - my_experiment - bat_60_HybridComm_5M - my_run - INFO - Estimated time left: 17 hours, 36 minutes, 2 seconds. Time passed: 23 hours, 28 minutes, 36 seconds
2026-03-14 03:14:45,087 - my_experiment - bat_60_HybridComm_5M - my_run - INFO - Recent Stats | t_env:    2900000 | Episode:    14500
blue_team_alives_mean:    10.9440	blue_team_win_mean:        0.0000	ep_length_mean:          200.0000	episode_length_mean:     199.0000
epsilon:                   0.0500	grad_norm:                49.5916	info_nce_loss:             0.1954	loss:                      0.7446
q_loss:                    0.6769	red_team_alives_mean:    144.0000	red_team_win_mean:         1.0000	return_mean:               5.8797
return_std:                0.2168	test_blue_team_alives_mean: 12.0000	test_blue_team_win_mean:   0.0000	test_ep_length_mean:     200.0000
test_episode_length_mean:199.0000	test_red_team_alives_mean:144.0000	test_red_team_win_mean:    1.0000	test_return_mean:          5.6489
test_return_std:           0.0000	
2026-03-14 03:14:50,276 - my_experiment - bat_60_HybridComm_5M - my_run - INFO - t_env: 2900200 / 5050000
2026-03-14 03:14:50,277 - my_experiment - bat_60_HybridComm_5M - my_run - INFO - Estimated time left: 17 hours, 6 minutes, 52 seconds. Time passed: 23 hours, 52 minutes, 29 seconds
2026-03-14 03:38:47,242 - my_experiment - bat_60_HybridComm_5M - my_run - INFO - Recent Stats | t_env:    2950000 | Episode:    14750
blue_team_alives_mean:    13.0640	blue_team_win_mean:        0.0000	ep_length_mean:          200.0000	episode_length_mean:     199.0000
epsilon:                   0.0500	grad_norm:                84.9545	info_nce_loss:             0.4350	loss:                      1.0190
q_loss:                    0.9264	red_team_alives_mean:    144.0000	red_team_win_mean:         1.0000	return_mean:               5.7626
return_std:                0.3015	test_blue_team_alives_mean: 12.4000	test_blue_team_win_mean:   0.0000	test_ep_length_mean:     200.0000
test_episode_length_mean:199.0000	test_red_team_alives_mean:144.0000	test_red_team_win_mean:    1.0000	test_return_mean:          5.6922
test_return_std:           0.0000	
2026-03-14 03:38:52,506 - my_experiment - bat_60_HybridComm_5M - my_run - INFO - t_env: 2950200 / 5050000
2026-03-14 03:38:52,507 - my_experiment - bat_60_HybridComm_5M - my_run - INFO - Estimated time left: 16 hours, 49 minutes, 27 seconds. Time passed: 1 days, 16 minutes, 31 seconds
2026-03-14 04:03:07,466 - my_experiment - bat_60_HybridComm_5M - my_run - INFO - Recent Stats | t_env:    3000000 | Episode:    15000
blue_team_alives_mean:    16.6480	blue_team_win_mean:        0.0000	ep_length_mean:          200.0000	episode_length_mean:     199.0000
epsilon:                   0.0500	grad_norm:                47.0385	info_nce_loss:             0.4334	loss:                      0.7231
q_loss:                    0.6574	red_team_alives_mean:    144.0000	red_team_win_mean:         1.0000	return_mean:               5.6913
return_std:                0.2790	test_blue_team_alives_mean: 13.8000	test_blue_team_win_mean:   0.0000	test_ep_length_mean:     200.0000
test_episode_length_mean:199.0000	test_red_team_alives_mean:144.0000	test_red_team_win_mean:    1.0000	test_return_mean:          5.6712
test_return_std:           0.0000	
2026-03-14 04:03:12,754 - my_experiment - bat_60_HybridComm_5M - my_run - INFO - t_env: 3000200 / 5050000
2026-03-14 04:03:12,754 - my_experiment - bat_60_HybridComm_5M - my_run - INFO - Estimated time left: 16 hours, 37 minutes, 44 seconds. Time passed: 1 days, 40 minutes, 51 seconds
2026-03-14 04:05:25,590 - my_experiment - bat_60_HybridComm_5M - my_run - INFO - Saving models to work_dirs/my_experiment/bat_60_HybridComm_5M/my_run/20260313_032154/models/3000200
2026-03-14 04:27:27,599 - my_experiment - bat_60_HybridComm_5M - my_run - INFO - Recent Stats | t_env:    3050000 | Episode:    15250
blue_team_alives_mean:    21.3440	blue_team_win_mean:        0.0000	ep_length_mean:          200.0000	episode_length_mean:     199.0000
epsilon:                   0.0500	grad_norm:                51.7171	info_nce_loss:             0.4953	loss:                      0.8150
q_loss:                    0.7409	red_team_alives_mean:    144.0000	red_team_win_mean:         1.0000	return_mean:               5.4853
return_std:                0.3384	test_blue_team_alives_mean: 12.8000	test_blue_team_win_mean:   0.0000	test_ep_length_mean:     200.0000
test_episode_length_mean:199.0000	test_red_team_alives_mean:144.0000	test_red_team_win_mean:    1.0000	test_return_mean:          5.7656
test_return_std:           0.0000	
2026-03-14 04:27:32,897 - my_experiment - bat_60_HybridComm_5M - my_run - INFO - t_env: 3050200 / 5050000
2026-03-14 04:27:32,898 - my_experiment - bat_60_HybridComm_5M - my_run - INFO - Estimated time left: 16 hours, 13 minutes, 19 seconds. Time passed: 1 days, 1 hours, 5 minutes, 12 seconds
2026-03-14 04:51:54,389 - my_experiment - bat_60_HybridComm_5M - my_run - INFO - Recent Stats | t_env:    3100000 | Episode:    15500
blue_team_alives_mean:    24.9920	blue_team_win_mean:        0.0000	ep_length_mean:          200.0000	episode_length_mean:     199.0000
epsilon:                   0.0500	grad_norm:                53.1981	info_nce_loss:             0.4017	loss:                      0.8135
q_loss:                    0.7396	red_team_alives_mean:    144.0000	red_team_win_mean:         1.0000	return_mean:               5.3515
return_std:                0.3733	test_blue_team_alives_mean: 15.8000	test_blue_team_win_mean:   0.0000	test_ep_length_mean:     200.0000
test_episode_length_mean:199.0000	test_red_team_alives_mean:144.0000	test_red_team_win_mean:    1.0000	test_return_mean:          5.6449
test_return_std:           0.0000	
2026-03-14 04:51:59,669 - my_experiment - bat_60_HybridComm_5M - my_run - INFO - t_env: 3100200 / 5050000
2026-03-14 04:51:59,669 - my_experiment - bat_60_HybridComm_5M - my_run - INFO - Estimated time left: 15 hours, 53 minutes, 18 seconds. Time passed: 1 days, 1 hours, 29 minutes, 38 seconds
2026-03-14 05:15:52,328 - my_experiment - bat_60_HybridComm_5M - my_run - INFO - Recent Stats | t_env:    3150000 | Episode:    15750
blue_team_alives_mean:    17.4520	blue_team_win_mean:        0.0000	ep_length_mean:          200.0000	episode_length_mean:     199.0000
epsilon:                   0.0500	grad_norm:                50.3012	info_nce_loss:             0.2275	loss:                      0.8442
q_loss:                    0.7675	red_team_alives_mean:    144.0000	red_team_win_mean:         1.0000	return_mean:               5.6097
return_std:                0.2240	test_blue_team_alives_mean: 17.4000	test_blue_team_win_mean:   0.0000	test_ep_length_mean:     200.0000
test_episode_length_mean:199.0000	test_red_team_alives_mean:144.0000	test_red_team_win_mean:    1.0000	test_return_mean:          5.5319
test_return_std:           0.0000	
2026-03-14 05:15:57,572 - my_experiment - bat_60_HybridComm_5M - my_run - INFO - t_env: 3150200 / 5050000
2026-03-14 05:15:57,573 - my_experiment - bat_60_HybridComm_5M - my_run - INFO - Estimated time left: 15 hours, 10 minutes, 34 seconds. Time passed: 1 days, 1 hours, 53 minutes, 36 seconds
2026-03-14 05:39:54,873 - my_experiment - bat_60_HybridComm_5M - my_run - INFO - Recent Stats | t_env:    3200000 | Episode:    16000
blue_team_alives_mean:    13.7840	blue_team_win_mean:        0.0000	ep_length_mean:          200.0000	episode_length_mean:     199.0000
epsilon:                   0.0500	grad_norm:                42.3139	info_nce_loss:             0.4153	loss:                      0.7482
q_loss:                    0.6802	red_team_alives_mean:    144.0000	red_team_win_mean:         1.0000	return_mean:               5.7391
return_std:                0.2176	test_blue_team_alives_mean: 16.4000	test_blue_team_win_mean:   0.0000	test_ep_length_mean:     200.0000
test_episode_length_mean:199.0000	test_red_team_alives_mean:144.0000	test_red_team_win_mean:    1.0000	test_return_mean:          5.5834
test_return_std:           0.0000	
2026-03-14 05:40:00,220 - my_experiment - bat_60_HybridComm_5M - my_run - INFO - t_env: 3200200 / 5050000
2026-03-14 05:40:00,221 - my_experiment - bat_60_HybridComm_5M - my_run - INFO - Estimated time left: 14 hours, 49 minutes, 32 seconds. Time passed: 1 days, 2 hours, 17 minutes, 39 seconds
2026-03-14 06:04:07,177 - my_experiment - bat_60_HybridComm_5M - my_run - INFO - Recent Stats | t_env:    3250000 | Episode:    16250
blue_team_alives_mean:    15.4400	blue_team_win_mean:        0.0000	ep_length_mean:          200.0000	episode_length_mean:     199.0000
epsilon:                   0.0500	grad_norm:                61.2481	info_nce_loss:             0.4037	loss:                      0.9157
q_loss:                    0.8325	red_team_alives_mean:    144.0000	red_team_win_mean:         1.0000	return_mean:               5.6725
return_std:                0.2277	test_blue_team_alives_mean: 15.4000	test_blue_team_win_mean:   0.0000	test_ep_length_mean:     200.0000
test_episode_length_mean:199.0000	test_red_team_alives_mean:144.0000	test_red_team_win_mean:    1.0000	test_return_mean:          5.5581
test_return_std:           0.0000	
2026-03-14 06:04:12,483 - my_experiment - bat_60_HybridComm_5M - my_run - INFO - t_env: 3250200 / 5050000
2026-03-14 06:04:12,484 - my_experiment - bat_60_HybridComm_5M - my_run - INFO - Estimated time left: 14 hours, 31 minutes, 15 seconds. Time passed: 1 days, 2 hours, 41 minutes, 51 seconds
2026-03-14 06:28:24,719 - my_experiment - bat_60_HybridComm_5M - my_run - INFO - Recent Stats | t_env:    3300000 | Episode:    16500
blue_team_alives_mean:    21.9680	blue_team_win_mean:        0.0000	ep_length_mean:          200.0000	episode_length_mean:     199.0000
epsilon:                   0.0500	grad_norm:                61.9416	info_nce_loss:             0.4528	loss:                      0.8699
q_loss:                    0.7908	red_team_alives_mean:    144.0000	red_team_win_mean:         1.0000	return_mean:               5.5106
return_std:                0.2480	test_blue_team_alives_mean: 16.4000	test_blue_team_win_mean:   0.0000	test_ep_length_mean:     200.0000
test_episode_length_mean:199.0000	test_red_team_alives_mean:144.0000	test_red_team_win_mean:    1.0000	test_return_mean:          5.4936
test_return_std:           0.0000	
2026-03-14 06:28:30,038 - my_experiment - bat_60_HybridComm_5M - my_run - INFO - t_env: 3300200 / 5050000
2026-03-14 06:28:30,039 - my_experiment - bat_60_HybridComm_5M - my_run - INFO - Estimated time left: 14 hours, 10 minutes, 8 seconds. Time passed: 1 days, 3 hours, 6 minutes, 9 seconds
2026-03-14 06:52:52,159 - my_experiment - bat_60_HybridComm_5M - my_run - INFO - Recent Stats | t_env:    3350000 | Episode:    16750
blue_team_alives_mean:    24.9240	blue_team_win_mean:        0.0000	ep_length_mean:          200.0000	episode_length_mean:     199.0000
epsilon:                   0.0500	grad_norm:                56.5602	info_nce_loss:             0.4229	loss:                      0.7646
q_loss:                    0.6951	red_team_alives_mean:    144.0000	red_team_win_mean:         1.0000	return_mean:               5.3926
return_std:                0.3295	test_blue_team_alives_mean: 15.8000	test_blue_team_win_mean:   0.0000	test_ep_length_mean:     200.0000
test_episode_length_mean:199.0000	test_red_team_alives_mean:144.0000	test_red_team_win_mean:    1.0000	test_return_mean:          5.5002
test_return_std:           0.0000	
2026-03-14 06:52:57,500 - my_experiment - bat_60_HybridComm_5M - my_run - INFO - t_env: 3350200 / 5050000
2026-03-14 06:52:57,501 - my_experiment - bat_60_HybridComm_5M - my_run - INFO - Estimated time left: 13 hours, 51 minutes, 27 seconds. Time passed: 1 days, 3 hours, 30 minutes, 36 seconds
2026-03-14 07:17:24,689 - my_experiment - bat_60_HybridComm_5M - my_run - INFO - Recent Stats | t_env:    3400000 | Episode:    17000
blue_team_alives_mean:    24.4440	blue_team_win_mean:        0.0000	ep_length_mean:          200.0000	episode_length_mean:     199.0000
epsilon:                   0.0500	grad_norm:                58.0643	info_nce_loss:             0.2544	loss:                      0.8141
q_loss:                    0.7401	red_team_alives_mean:    144.0000	red_team_win_mean:         1.0000	return_mean:               5.4720
return_std:                0.3132	test_blue_team_alives_mean: 20.4000	test_blue_team_win_mean:   0.0000	test_ep_length_mean:     200.0000
test_episode_length_mean:199.0000	test_red_team_alives_mean:144.0000	test_red_team_win_mean:    1.0000	test_return_mean:          5.3540
test_return_std:           0.0000	
2026-03-14 07:17:30,201 - my_experiment - bat_60_HybridComm_5M - my_run - INFO - t_env: 3400200 / 5050000
2026-03-14 07:17:30,202 - my_experiment - bat_60_HybridComm_5M - my_run - INFO - Estimated time left: 13 hours, 29 minutes, 53 seconds. Time passed: 1 days, 3 hours, 55 minutes, 9 seconds
2026-03-14 07:41:41,718 - my_experiment - bat_60_HybridComm_5M - my_run - INFO - Recent Stats | t_env:    3450000 | Episode:    17250
blue_team_alives_mean:    26.9400	blue_team_win_mean:        0.0000	ep_length_mean:          200.0000	episode_length_mean:     199.0000
epsilon:                   0.0500	grad_norm:                68.4700	info_nce_loss:             0.4233	loss:                      0.9175
q_loss:                    0.8341	red_team_alives_mean:    144.0000	red_team_win_mean:         1.0000	return_mean:               5.2735
return_std:                0.3715	test_blue_team_alives_mean: 25.2000	test_blue_team_win_mean:   0.0000	test_ep_length_mean:     200.0000
test_episode_length_mean:199.0000	test_red_team_alives_mean:144.0000	test_red_team_win_mean:    1.0000	test_return_mean:          5.2277
test_return_std:           0.0000	
2026-03-14 07:41:46,782 - my_experiment - bat_60_HybridComm_5M - my_run - INFO - t_env: 3450200 / 5050000
2026-03-14 07:41:46,783 - my_experiment - bat_60_HybridComm_5M - my_run - INFO - Estimated time left: 12 hours, 56 minutes, 44 seconds. Time passed: 1 days, 4 hours, 19 minutes, 26 seconds
2026-03-14 08:04:25,622 - my_experiment - bat_60_HybridComm_5M - my_run - INFO - Recent Stats | t_env:    3500000 | Episode:    17500
blue_team_alives_mean:    31.4920	blue_team_win_mean:        0.0000	ep_length_mean:          200.0000	episode_length_mean:     199.0000
epsilon:                   0.0500	grad_norm:                82.4916	info_nce_loss:             0.3612	loss:                      1.0736
q_loss:                    0.9760	red_team_alives_mean:    144.0000	red_team_win_mean:         1.0000	return_mean:               5.0928
return_std:                0.5108	test_blue_team_alives_mean: 31.2000	test_blue_team_win_mean:   0.0000	test_ep_length_mean:     200.0000
test_episode_length_mean:199.0000	test_red_team_alives_mean:144.0000	test_red_team_win_mean:    1.0000	test_return_mean:          5.0222
test_return_std:           0.0000	
2026-03-14 08:04:30,545 - my_experiment - bat_60_HybridComm_5M - my_run - INFO - t_env: 3500200 / 5050000
2026-03-14 08:04:30,545 - my_experiment - bat_60_HybridComm_5M - my_run - INFO - Estimated time left: 11 hours, 44 minutes, 31 seconds. Time passed: 1 days, 4 hours, 42 minutes, 9 seconds
2026-03-14 08:06:32,830 - my_experiment - bat_60_HybridComm_5M - my_run - INFO - Saving models to work_dirs/my_experiment/bat_60_HybridComm_5M/my_run/20260313_032154/models/3500200
2026-03-14 08:27:10,938 - my_experiment - bat_60_HybridComm_5M - my_run - INFO - Recent Stats | t_env:    3550000 | Episode:    17750
blue_team_alives_mean:    24.7000	blue_team_win_mean:        0.0000	ep_length_mean:          200.0000	episode_length_mean:     199.0000
epsilon:                   0.0500	grad_norm:                61.7646	info_nce_loss:             0.5924	loss:                      0.9029
q_loss:                    0.8208	red_team_alives_mean:    144.0000	red_team_win_mean:         1.0000	return_mean:               5.4923
return_std:                0.3513	test_blue_team_alives_mean: 30.2000	test_blue_team_win_mean:   0.0000	test_ep_length_mean:     200.0000
test_episode_length_mean:199.0000	test_red_team_alives_mean:144.0000	test_red_team_win_mean:    1.0000	test_return_mean:          5.0793
test_return_std:           0.0000	
2026-03-14 08:27:17,033 - my_experiment - bat_60_HybridComm_5M - my_run - INFO - t_env: 3550200 / 5050000
2026-03-14 08:27:17,034 - my_experiment - bat_60_HybridComm_5M - my_run - INFO - Estimated time left: 11 hours, 23 minutes, 9 seconds. Time passed: 1 days, 5 hours, 4 minutes, 56 seconds
2026-03-14 08:51:20,194 - my_experiment - bat_60_HybridComm_5M - my_run - INFO - Recent Stats | t_env:    3600000 | Episode:    18000
blue_team_alives_mean:    39.8080	blue_team_win_mean:        0.0000	ep_length_mean:          200.0000	episode_length_mean:     199.0000
epsilon:                   0.0500	grad_norm:                62.6918	info_nce_loss:             0.4944	loss:                      0.9495
q_loss:                    0.8632	red_team_alives_mean:    143.9960	red_team_win_mean:         0.9600	return_mean:               4.7864
return_std:                1.5392	test_blue_team_alives_mean: 53.0000	test_blue_team_win_mean:   0.0000	test_ep_length_mean:     200.0000
test_episode_length_mean:199.0000	test_red_team_alives_mean:144.0000	test_red_team_win_mean:    1.0000	test_return_mean:          3.9592
test_return_std:           0.0000	
2026-03-14 08:51:25,385 - my_experiment - bat_60_HybridComm_5M - my_run - INFO - t_env: 3600200 / 5050000
2026-03-14 08:51:25,386 - my_experiment - bat_60_HybridComm_5M - my_run - INFO - Estimated time left: 11 hours, 39 minutes, 56 seconds. Time passed: 1 days, 5 hours, 29 minutes, 4 seconds
2026-03-14 09:15:17,531 - my_experiment - bat_60_HybridComm_5M - my_run - INFO - Recent Stats | t_env:    3650000 | Episode:    18250
blue_team_alives_mean:    42.7160	blue_team_win_mean:        0.0000	ep_length_mean:          200.0000	episode_length_mean:     199.0000
epsilon:                   0.0500	grad_norm:                83.6735	info_nce_loss:             0.8602	loss:                      1.4568
q_loss:                    1.3243	red_team_alives_mean:    144.0000	red_team_win_mean:         1.0000	return_mean:               4.6639
return_std:                0.9474	test_blue_team_alives_mean: 56.2000	test_blue_team_win_mean:   0.0000	test_ep_length_mean:     200.0000
test_episode_length_mean:199.0000	test_red_team_alives_mean:144.0000	test_red_team_win_mean:    1.0000	test_return_mean:          3.8380
test_return_std:           0.0000	
2026-03-14 09:15:22,848 - my_experiment - bat_60_HybridComm_5M - my_run - INFO - t_env: 3650200 / 5050000
2026-03-14 09:15:22,849 - my_experiment - bat_60_HybridComm_5M - my_run - INFO - Estimated time left: 11 hours, 10 minutes, 43 seconds. Time passed: 1 days, 5 hours, 53 minutes, 2 seconds
2026-03-14 09:39:45,032 - my_experiment - bat_60_HybridComm_5M - my_run - INFO - Recent Stats | t_env:    3700000 | Episode:    18500
blue_team_alives_mean:    63.6040	blue_team_win_mean:        0.0000	ep_length_mean:          200.0000	episode_length_mean:     199.0000
epsilon:                   0.0500	grad_norm:               111.0355	info_nce_loss:             0.4400	loss:                      1.8047
q_loss:                    1.6406	red_team_alives_mean:    144.0000	red_team_win_mean:         1.0000	return_mean:               3.7676
return_std:                0.7448	test_blue_team_alives_mean: 55.0000	test_blue_team_win_mean:   0.0000	test_ep_length_mean:     200.0000
test_episode_length_mean:199.0000	test_red_team_alives_mean:144.0000	test_red_team_win_mean:    1.0000	test_return_mean:          3.8347
test_return_std:           0.0000	
2026-03-14 09:39:49,933 - my_experiment - bat_60_HybridComm_5M - my_run - INFO - t_env: 3700200 / 5050000
2026-03-14 09:39:49,934 - my_experiment - bat_60_HybridComm_5M - my_run - INFO - Estimated time left: 11 hours, 5 seconds. Time passed: 1 days, 6 hours, 17 minutes, 29 seconds
2026-03-14 10:04:01,355 - my_experiment - bat_60_HybridComm_5M - my_run - INFO - Recent Stats | t_env:    3750000 | Episode:    18750
blue_team_alives_mean:    60.3800	blue_team_win_mean:        0.0000	ep_length_mean:          200.0000	episode_length_mean:     199.0000
epsilon:                   0.0500	grad_norm:               162.4884	info_nce_loss:             0.4548	loss:                      1.9318
q_loss:                    1.7562	red_team_alives_mean:    144.0000	red_team_win_mean:         1.0000	return_mean:               3.9376
return_std:                1.0312	test_blue_team_alives_mean: 58.6000	test_blue_team_win_mean:   0.0000	test_ep_length_mean:     200.0000
test_episode_length_mean:199.0000	test_red_team_alives_mean:144.0000	test_red_team_win_mean:    1.0000	test_return_mean:          3.7346
test_return_std:           0.0000	
2026-03-14 10:04:06,712 - my_experiment - bat_60_HybridComm_5M - my_run - INFO - t_env: 3750200 / 5050000
2026-03-14 10:04:06,713 - my_experiment - bat_60_HybridComm_5M - my_run - INFO - Estimated time left: 10 hours, 31 minutes, 10 seconds. Time passed: 1 days, 6 hours, 41 minutes, 45 seconds
2026-03-14 10:27:54,305 - my_experiment - bat_60_HybridComm_5M - my_run - INFO - Recent Stats | t_env:    3800000 | Episode:    19000
blue_team_alives_mean:    52.3000	blue_team_win_mean:        0.0000	ep_length_mean:          200.0000	episode_length_mean:     199.0000
epsilon:                   0.0500	grad_norm:               157.9406	info_nce_loss:             0.6106	loss:                      1.8504
q_loss:                    1.6821	red_team_alives_mean:    144.0000	red_team_win_mean:         1.0000	return_mean:               4.3653
return_std:                0.7010	test_blue_team_alives_mean: 73.8000	test_blue_team_win_mean:   0.0000	test_ep_length_mean:     200.0000
test_episode_length_mean:199.0000	test_red_team_alives_mean:144.0000	test_red_team_win_mean:    1.0000	test_return_mean:          3.0463
test_return_std:           0.0000	
2026-03-14 10:27:59,390 - my_experiment - bat_60_HybridComm_5M - my_run - INFO - t_env: 3800200 / 5050000
2026-03-14 10:27:59,391 - my_experiment - bat_60_HybridComm_5M - my_run - INFO - Estimated time left: 9 hours, 56 minutes, 51 seconds. Time passed: 1 days, 7 hours, 5 minutes, 38 seconds
2026-03-14 10:52:14,159 - my_experiment - bat_60_HybridComm_5M - my_run - INFO - Recent Stats | t_env:    3850000 | Episode:    19250
blue_team_alives_mean:    51.3160	blue_team_win_mean:        0.0000	ep_length_mean:          200.0000	episode_length_mean:     199.0000
epsilon:                   0.0500	grad_norm:               168.5327	info_nce_loss:             0.3436	loss:                      1.7150
q_loss:                    1.5591	red_team_alives_mean:    144.0000	red_team_win_mean:         1.0000	return_mean:               4.3453
return_std:                1.0407	test_blue_team_alives_mean: 65.6000	test_blue_team_win_mean:   0.0000	test_ep_length_mean:     200.0000
test_episode_length_mean:199.0000	test_red_team_alives_mean:144.0000	test_red_team_win_mean:    1.0000	test_return_mean:          3.5717
test_return_std:           0.0000	
2026-03-14 10:52:19,559 - my_experiment - bat_60_HybridComm_5M - my_run - INFO - t_env: 3850200 / 5050000
2026-03-14 10:52:19,560 - my_experiment - bat_60_HybridComm_5M - my_run - INFO - Estimated time left: 9 hours, 43 minutes, 58 seconds. Time passed: 1 days, 7 hours, 29 minutes, 58 seconds
2026-03-14 11:16:31,655 - my_experiment - bat_60_HybridComm_5M - my_run - INFO - Recent Stats | t_env:    3900000 | Episode:    19500
blue_team_alives_mean:    52.8280	blue_team_win_mean:        0.0000	ep_length_mean:          200.0000	episode_length_mean:     199.0000
epsilon:                   0.0500	grad_norm:               125.4570	info_nce_loss:             0.5440	loss:                      1.3374
q_loss:                    1.2158	red_team_alives_mean:    144.0000	red_team_win_mean:         1.0000	return_mean:               4.3313
return_std:                0.9835	test_blue_team_alives_mean: 64.4000	test_blue_team_win_mean:   0.0000	test_ep_length_mean:     200.0000
test_episode_length_mean:199.0000	test_red_team_alives_mean:144.0000	test_red_team_win_mean:    1.0000	test_return_mean:          3.5582
test_return_std:           0.0000	
2026-03-14 11:16:36,822 - my_experiment - bat_60_HybridComm_5M - my_run - INFO - t_env: 3900200 / 5050000
2026-03-14 11:16:36,823 - my_experiment - bat_60_HybridComm_5M - my_run - INFO - Estimated time left: 9 hours, 18 minutes, 31 seconds. Time passed: 1 days, 7 hours, 54 minutes, 16 seconds
2026-03-14 11:40:55,166 - my_experiment - bat_60_HybridComm_5M - my_run - INFO - Recent Stats | t_env:    3950000 | Episode:    19750
blue_team_alives_mean:    50.2480	blue_team_win_mean:        0.0000	ep_length_mean:          200.0000	episode_length_mean:     199.0000
epsilon:                   0.0500	grad_norm:               110.6821	info_nce_loss:             0.5653	loss:                      1.3449
q_loss:                    1.2226	red_team_alives_mean:    144.0000	red_team_win_mean:         1.0000	return_mean:               4.3943
return_std:                1.0740	test_blue_team_alives_mean: 79.8000	test_blue_team_win_mean:   0.0000	test_ep_length_mean:     200.0000
test_episode_length_mean:199.0000	test_red_team_alives_mean:144.0000	test_red_team_win_mean:    1.0000	test_return_mean:          2.8335
test_return_std:           0.0000	
2026-03-14 11:41:00,447 - my_experiment - bat_60_HybridComm_5M - my_run - INFO - t_env: 3950200 / 5050000
2026-03-14 11:41:00,447 - my_experiment - bat_60_HybridComm_5M - my_run - INFO - Estimated time left: 8 hours, 56 minutes, 33 seconds. Time passed: 1 days, 8 hours, 18 minutes, 39 seconds
2026-03-14 12:04:35,570 - my_experiment - bat_60_HybridComm_5M - my_run - INFO - Recent Stats | t_env:    4000000 | Episode:    20000
blue_team_alives_mean:    41.0360	blue_team_win_mean:        0.0000	ep_length_mean:          200.0000	episode_length_mean:     199.0000
epsilon:                   0.0500	grad_norm:                80.8383	info_nce_loss:             0.5421	loss:                      1.2528
q_loss:                    1.1389	red_team_alives_mean:    144.0000	red_team_win_mean:         1.0000	return_mean:               4.8258
return_std:                0.6792	test_blue_team_alives_mean: 75.0000	test_blue_team_win_mean:   0.0000	test_ep_length_mean:     200.0000
test_episode_length_mean:199.0000	test_red_team_alives_mean:144.0000	test_red_team_win_mean:    1.0000	test_return_mean:          2.9982
test_return_std:           0.0000	
2026-03-14 12:04:40,698 - my_experiment - bat_60_HybridComm_5M - my_run - INFO - t_env: 4000200 / 5050000
2026-03-14 12:04:40,698 - my_experiment - bat_60_HybridComm_5M - my_run - INFO - Estimated time left: 8 hours, 16 minutes, 59 seconds. Time passed: 1 days, 8 hours, 42 minutes, 19 seconds
2026-03-14 12:06:45,880 - my_experiment - bat_60_HybridComm_5M - my_run - INFO - Saving models to work_dirs/my_experiment/bat_60_HybridComm_5M/my_run/20260313_032154/models/4000200
2026-03-14 12:28:25,229 - my_experiment - bat_60_HybridComm_5M - my_run - INFO - Recent Stats | t_env:    4050000 | Episode:    20250
blue_team_alives_mean:    35.0200	blue_team_win_mean:        0.0000	ep_length_mean:          200.0000	episode_length_mean:     199.0000
epsilon:                   0.0500	grad_norm:                68.3218	info_nce_loss:             0.2775	loss:                      1.2011
q_loss:                    1.0919	red_team_alives_mean:    144.0000	red_team_win_mean:         1.0000	return_mean:               5.0663
return_std:                0.5847	test_blue_team_alives_mean: 60.6000	test_blue_team_win_mean:   0.0000	test_ep_length_mean:     200.0000
test_episode_length_mean:199.0000	test_red_team_alives_mean:144.0000	test_red_team_win_mean:    1.0000	test_return_mean:          3.6210
test_return_std:           0.0000	
2026-03-14 12:28:30,530 - my_experiment - bat_60_HybridComm_5M - my_run - INFO - t_env: 4050200 / 5050000
2026-03-14 12:28:30,531 - my_experiment - bat_60_HybridComm_5M - my_run - INFO - Estimated time left: 7 hours, 56 minutes, 30 seconds. Time passed: 1 days, 9 hours, 6 minutes, 9 seconds
2026-03-14 12:53:05,888 - my_experiment - bat_60_HybridComm_5M - my_run - INFO - Recent Stats | t_env:    4100000 | Episode:    20500
blue_team_alives_mean:    33.8480	blue_team_win_mean:        0.0000	ep_length_mean:          200.0000	episode_length_mean:     199.0000
epsilon:                   0.0500	grad_norm:                80.0548	info_nce_loss:             0.4837	loss:                      1.2317
q_loss:                    1.1197	red_team_alives_mean:    143.9920	red_team_win_mean:         1.0000	return_mean:               5.0420
return_std:                0.5377	test_blue_team_alives_mean: 49.6000	test_blue_team_win_mean:   0.0000	test_ep_length_mean:     200.0000
test_episode_length_mean:199.0000	test_red_team_alives_mean:144.0000	test_red_team_win_mean:    1.0000	test_return_mean:          4.0920
test_return_std:           0.0000	
2026-03-14 12:53:11,469 - my_experiment - bat_60_HybridComm_5M - my_run - INFO - t_env: 4100200 / 5050000
2026-03-14 12:53:11,470 - my_experiment - bat_60_HybridComm_5M - my_run - INFO - Estimated time left: 7 hours, 48 minutes, 51 seconds. Time passed: 1 days, 9 hours, 30 minutes, 50 seconds
2026-03-14 13:17:57,699 - my_experiment - bat_60_HybridComm_5M - my_run - INFO - Recent Stats | t_env:    4150000 | Episode:    20750
blue_team_alives_mean:    37.4560	blue_team_win_mean:        0.0000	ep_length_mean:          200.0000	episode_length_mean:     199.0000
epsilon:                   0.0500	grad_norm:                80.8266	info_nce_loss:             0.6613	loss:                      1.2433
q_loss:                    1.1303	red_team_alives_mean:    144.0000	red_team_win_mean:         1.0000	return_mean:               4.9275
return_std:                0.5804	test_blue_team_alives_mean: 48.4000	test_blue_team_win_mean:   0.0000	test_ep_length_mean:     200.0000
test_episode_length_mean:199.0000	test_red_team_alives_mean:144.0000	test_red_team_win_mean:    1.0000	test_return_mean:          4.1272
test_return_std:           0.0000	
2026-03-14 13:18:02,827 - my_experiment - bat_60_HybridComm_5M - my_run - INFO - t_env: 4150200 / 5050000
2026-03-14 13:18:02,828 - my_experiment - bat_60_HybridComm_5M - my_run - INFO - Estimated time left: 7 hours, 27 minutes, 18 seconds. Time passed: 1 days, 9 hours, 55 minutes, 42 seconds
2026-03-14 13:42:23,004 - my_experiment - bat_60_HybridComm_5M - my_run - INFO - Recent Stats | t_env:    4200000 | Episode:    21000
blue_team_alives_mean:    33.5960	blue_team_win_mean:        0.0000	ep_length_mean:          200.0000	episode_length_mean:     199.0000
epsilon:                   0.0500	grad_norm:                61.7114	info_nce_loss:             0.5018	loss:                      1.1744
q_loss:                    1.0677	red_team_alives_mean:    144.0000	red_team_win_mean:         1.0000	return_mean:               5.0502
return_std:                0.5367	test_blue_team_alives_mean: 34.4000	test_blue_team_win_mean:   0.0000	test_ep_length_mean:     200.0000
test_episode_length_mean:199.0000	test_red_team_alives_mean:144.0000	test_red_team_win_mean:    1.0000	test_return_mean:          4.7850
test_return_std:           0.0000	
2026-03-14 13:42:28,329 - my_experiment - bat_60_HybridComm_5M - my_run - INFO - t_env: 4200200 / 5050000
2026-03-14 13:42:28,330 - my_experiment - bat_60_HybridComm_5M - my_run - INFO - Estimated time left: 6 hours, 55 minutes, 7 seconds. Time passed: 1 days, 10 hours, 20 minutes, 7 seconds
2026-03-14 14:06:13,462 - my_experiment - bat_60_HybridComm_5M - my_run - INFO - Recent Stats | t_env:    4250000 | Episode:    21250
blue_team_alives_mean:    22.7240	blue_team_win_mean:        0.0000	ep_length_mean:          200.0000	episode_length_mean:     199.0000
epsilon:                   0.0500	grad_norm:                56.7623	info_nce_loss:             0.3029	loss:                      1.1578
q_loss:                    1.0526	red_team_alives_mean:    144.0000	red_team_win_mean:         1.0000	return_mean:               5.3613
return_std:                0.4770	test_blue_team_alives_mean: 33.2000	test_blue_team_win_mean:   0.0000	test_ep_length_mean:     200.0000
test_episode_length_mean:199.0000	test_red_team_alives_mean:144.0000	test_red_team_win_mean:    1.0000	test_return_mean:          4.8857
test_return_std:           0.0000	
2026-03-14 14:06:18,647 - my_experiment - bat_60_HybridComm_5M - my_run - INFO - t_env: 4250200 / 5050000
2026-03-14 14:06:18,648 - my_experiment - bat_60_HybridComm_5M - my_run - INFO - Estimated time left: 6 hours, 21 minutes, 19 seconds. Time passed: 1 days, 10 hours, 43 minutes, 57 seconds
2026-03-14 14:30:36,436 - my_experiment - bat_60_HybridComm_5M - my_run - INFO - Recent Stats | t_env:    4300000 | Episode:    21500
blue_team_alives_mean:    21.1560	blue_team_win_mean:        0.0000	ep_length_mean:          200.0000	episode_length_mean:     199.0000
epsilon:                   0.0500	grad_norm:                31.4074	info_nce_loss:             0.4703	loss:                      0.9479
q_loss:                    0.8617	red_team_alives_mean:    144.0000	red_team_win_mean:         1.0000	return_mean:               5.2170
return_std:                0.5750	test_blue_team_alives_mean: 38.0000	test_blue_team_win_mean:   0.0000	test_ep_length_mean:     200.0000
test_episode_length_mean:199.0000	test_red_team_alives_mean:144.0000	test_red_team_win_mean:    1.0000	test_return_mean:          4.7322
test_return_std:           0.0000	
2026-03-14 14:30:41,737 - my_experiment - bat_60_HybridComm_5M - my_run - INFO - t_env: 4300200 / 5050000
2026-03-14 14:30:41,738 - my_experiment - bat_60_HybridComm_5M - my_run - INFO - Estimated time left: 6 hours, 5 minutes, 40 seconds. Time passed: 1 days, 11 hours, 8 minutes, 20 seconds
2026-03-14 14:55:40,896 - my_experiment - bat_60_HybridComm_5M - my_run - INFO - Recent Stats | t_env:    4350000 | Episode:    21750
blue_team_alives_mean:    24.2360	blue_team_win_mean:        0.0000	ep_length_mean:          200.0000	episode_length_mean:     199.0000
epsilon:                   0.0500	grad_norm:                29.1766	info_nce_loss:             0.2399	loss:                      0.8290
q_loss:                    0.7537	red_team_alives_mean:    143.9960	red_team_win_mean:         1.0000	return_mean:               4.9505
return_std:                0.6841	test_blue_team_alives_mean: 33.8000	test_blue_team_win_mean:   0.0000	test_ep_length_mean:     200.0000
test_episode_length_mean:199.0000	test_red_team_alives_mean:144.0000	test_red_team_win_mean:    1.0000	test_return_mean:          4.8360
test_return_std:           0.0000	
2026-03-14 14:55:46,572 - my_experiment - bat_60_HybridComm_5M - my_run - INFO - t_env: 4350200 / 5050000
2026-03-14 14:55:46,573 - my_experiment - bat_60_HybridComm_5M - my_run - INFO - Estimated time left: 5 hours, 51 minutes, 1 seconds. Time passed: 1 days, 11 hours, 33 minutes, 25 seconds
2026-03-14 15:21:52,879 - my_experiment - bat_60_HybridComm_5M - my_run - INFO - Recent Stats | t_env:    4400000 | Episode:    22000
blue_team_alives_mean:    25.1320	blue_team_win_mean:        0.0000	ep_length_mean:          200.0000	episode_length_mean:     199.0000
epsilon:                   0.0500	grad_norm:                44.3644	info_nce_loss:             0.5847	loss:                      0.9021
q_loss:                    0.8201	red_team_alives_mean:    144.0000	red_team_win_mean:         1.0000	return_mean:               4.8932
return_std:                0.6608	test_blue_team_alives_mean: 35.4000	test_blue_team_win_mean:   0.0000	test_ep_length_mean:     200.0000
test_episode_length_mean:199.0000	test_red_team_alives_mean:144.0000	test_red_team_win_mean:    1.0000	test_return_mean:          4.6833
test_return_std:           0.0000	
2026-03-14 15:21:58,477 - my_experiment - bat_60_HybridComm_5M - my_run - INFO - t_env: 4400200 / 5050000
2026-03-14 15:21:58,478 - my_experiment - bat_60_HybridComm_5M - my_run - INFO - Estimated time left: 5 hours, 40 minutes, 28 seconds. Time passed: 1 days, 11 hours, 59 minutes, 37 seconds
2026-03-14 15:48:09,119 - my_experiment - bat_60_HybridComm_5M - my_run - INFO - Recent Stats | t_env:    4450000 | Episode:    22250
blue_team_alives_mean:    32.3520	blue_team_win_mean:        0.0000	ep_length_mean:          200.0000	episode_length_mean:     199.0000
epsilon:                   0.0500	grad_norm:                31.7561	info_nce_loss:             0.1299	loss:                      0.8040
q_loss:                    0.7309	red_team_alives_mean:    144.0000	red_team_win_mean:         1.0000	return_mean:               4.5477
return_std:                0.4393	test_blue_team_alives_mean: 37.6000	test_blue_team_win_mean:   0.0000	test_ep_length_mean:     200.0000
test_episode_length_mean:199.0000	test_red_team_alives_mean:144.0000	test_red_team_win_mean:    1.0000	test_return_mean:          4.4887
test_return_std:           0.0000	
2026-03-14 15:48:14,887 - my_experiment - bat_60_HybridComm_5M - my_run - INFO - t_env: 4450200 / 5050000
2026-03-14 15:48:14,888 - my_experiment - bat_60_HybridComm_5M - my_run - INFO - Estimated time left: 5 hours, 15 minutes, 10 seconds. Time passed: 1 days, 12 hours, 25 minutes, 54 seconds
2026-03-14 16:13:59,949 - my_experiment - bat_60_HybridComm_5M - my_run - INFO - Recent Stats | t_env:    4500000 | Episode:    22500
blue_team_alives_mean:    27.2000	blue_team_win_mean:        0.0000	ep_length_mean:          200.0000	episode_length_mean:     199.0000
epsilon:                   0.0500	grad_norm:                30.0289	info_nce_loss:             0.5089	loss:                      0.6738
q_loss:                    0.6125	red_team_alives_mean:    143.9960	red_team_win_mean:         1.0000	return_mean:               4.7989
return_std:                0.3987	test_blue_team_alives_mean: 38.6000	test_blue_team_win_mean:   0.0000	test_ep_length_mean:     200.0000
test_episode_length_mean:199.0000	test_red_team_alives_mean:144.0000	test_red_team_win_mean:    1.0000	test_return_mean:          4.2720
test_return_std:           0.0000	
2026-03-14 16:14:05,391 - my_experiment - bat_60_HybridComm_5M - my_run - INFO - t_env: 4500200 / 5050000
2026-03-14 16:14:05,392 - my_experiment - bat_60_HybridComm_5M - my_run - INFO - Estimated time left: 4 hours, 44 minutes, 9 seconds. Time passed: 1 days, 12 hours, 51 minutes, 44 seconds
2026-03-14 16:16:23,704 - my_experiment - bat_60_HybridComm_5M - my_run - INFO - Saving models to work_dirs/my_experiment/bat_60_HybridComm_5M/my_run/20260313_032154/models/4500200
2026-03-14 16:39:30,209 - my_experiment - bat_60_HybridComm_5M - my_run - INFO - Recent Stats | t_env:    4550000 | Episode:    22750
blue_team_alives_mean:    23.0280	blue_team_win_mean:        0.0000	ep_length_mean:          200.0000	episode_length_mean:     199.0000
epsilon:                   0.0500	grad_norm:                27.9759	info_nce_loss:             0.3464	loss:                      0.6636
q_loss:                    0.6033	red_team_alives_mean:    144.0000	red_team_win_mean:         1.0000	return_mean:               5.1204
return_std:                0.3646	test_blue_team_alives_mean: 33.4000	test_blue_team_win_mean:   0.0000	test_ep_length_mean:     200.0000
test_episode_length_mean:199.0000	test_red_team_alives_mean:144.0000	test_red_team_win_mean:    1.0000	test_return_mean:          4.4360
test_return_std:           0.0000	
2026-03-14 16:39:35,827 - my_experiment - bat_60_HybridComm_5M - my_run - INFO - t_env: 4550200 / 5050000
2026-03-14 16:39:35,828 - my_experiment - bat_60_HybridComm_5M - my_run - INFO - Estimated time left: 4 hours, 14 minutes, 58 seconds. Time passed: 1 days, 13 hours, 17 minutes, 15 seconds
2026-03-14 17:05:11,852 - my_experiment - bat_60_HybridComm_5M - my_run - INFO - Recent Stats | t_env:    4600000 | Episode:    23000
blue_team_alives_mean:    25.8440	blue_team_win_mean:        0.0000	ep_length_mean:          200.0000	episode_length_mean:     199.0000
epsilon:                   0.0500	grad_norm:                31.5136	info_nce_loss:             0.2332	loss:                      0.6731
q_loss:                    0.6119	red_team_alives_mean:    144.0000	red_team_win_mean:         1.0000	return_mean:               5.0623
return_std:                0.2779	test_blue_team_alives_mean: 36.4000	test_blue_team_win_mean:   0.0000	test_ep_length_mean:     200.0000
test_episode_length_mean:199.0000	test_red_team_alives_mean:144.0000	test_red_team_win_mean:    1.0000	test_return_mean:          4.3100
test_return_std:           0.0000	
2026-03-14 17:05:17,465 - my_experiment - bat_60_HybridComm_5M - my_run - INFO - t_env: 4600200 / 5050000
2026-03-14 17:05:17,466 - my_experiment - bat_60_HybridComm_5M - my_run - INFO - Estimated time left: 3 hours, 51 minutes, 8 seconds. Time passed: 1 days, 13 hours, 42 minutes, 56 seconds
2026-03-14 17:31:04,989 - my_experiment - bat_60_HybridComm_5M - my_run - INFO - Recent Stats | t_env:    4650000 | Episode:    23250
blue_team_alives_mean:    25.8560	blue_team_win_mean:        0.0000	ep_length_mean:          200.0000	episode_length_mean:     199.0000
epsilon:                   0.0500	grad_norm:                22.0063	info_nce_loss:             0.3163	loss:                      0.7109
q_loss:                    0.6463	red_team_alives_mean:    144.0000	red_team_win_mean:         1.0000	return_mean:               5.1109
return_std:                0.2745	test_blue_team_alives_mean: 32.4000	test_blue_team_win_mean:   0.0000	test_ep_length_mean:     200.0000
test_episode_length_mean:199.0000	test_red_team_alives_mean:144.0000	test_red_team_win_mean:    1.0000	test_return_mean:          4.5817
test_return_std:           0.0000	
2026-03-14 17:31:10,611 - my_experiment - bat_60_HybridComm_5M - my_run - INFO - t_env: 4650200 / 5050000
2026-03-14 17:31:10,612 - my_experiment - bat_60_HybridComm_5M - my_run - INFO - Estimated time left: 3 hours, 26 minutes, 58 seconds. Time passed: 1 days, 14 hours, 8 minutes, 49 seconds
2026-03-14 17:57:15,003 - my_experiment - bat_60_HybridComm_5M - my_run - INFO - Recent Stats | t_env:    4700000 | Episode:    23500
blue_team_alives_mean:    23.2400	blue_team_win_mean:        0.0000	ep_length_mean:          200.0000	episode_length_mean:     199.0000
epsilon:                   0.0500	grad_norm:                23.8757	info_nce_loss:             0.2183	loss:                      0.6643
q_loss:                    0.6039	red_team_alives_mean:    144.0000	red_team_win_mean:         1.0000	return_mean:               5.2209
return_std:                0.2669	test_blue_team_alives_mean: 29.6000	test_blue_team_win_mean:   0.0000	test_ep_length_mean:     200.0000
test_episode_length_mean:199.0000	test_red_team_alives_mean:144.0000	test_red_team_win_mean:    1.0000	test_return_mean:          4.7755
test_return_std:           0.0000	
2026-03-14 17:57:20,613 - my_experiment - bat_60_HybridComm_5M - my_run - INFO - t_env: 4700200 / 5050000
2026-03-14 17:57:20,614 - my_experiment - bat_60_HybridComm_5M - my_run - INFO - Estimated time left: 3 hours, 3 minutes, 3 seconds. Time passed: 1 days, 14 hours, 34 minutes, 59 seconds
2026-03-14 18:23:25,712 - my_experiment - bat_60_HybridComm_5M - my_run - INFO - Recent Stats | t_env:    4750000 | Episode:    23750
blue_team_alives_mean:    17.4320	blue_team_win_mean:        0.0000	ep_length_mean:          200.0000	episode_length_mean:     199.0000
epsilon:                   0.0500	grad_norm:                30.7618	info_nce_loss:             0.4342	loss:                      0.6912
q_loss:                    0.6284	red_team_alives_mean:    144.0000	red_team_win_mean:         1.0000	return_mean:               5.5764
return_std:                0.2827	test_blue_team_alives_mean: 28.0000	test_blue_team_win_mean:   0.0000	test_ep_length_mean:     200.0000
test_episode_length_mean:199.0000	test_red_team_alives_mean:144.0000	test_red_team_win_mean:    1.0000	test_return_mean:          4.9293
test_return_std:           0.0000	
2026-03-14 18:23:31,380 - my_experiment - bat_60_HybridComm_5M - my_run - INFO - t_env: 4750200 / 5050000
2026-03-14 18:23:31,381 - my_experiment - bat_60_HybridComm_5M - my_run - INFO - Estimated time left: 2 hours, 36 minutes, 58 seconds. Time passed: 1 days, 15 hours, 1 minutes, 10 seconds
2026-03-14 18:49:22,689 - my_experiment - bat_60_HybridComm_5M - my_run - INFO - Recent Stats | t_env:    4800000 | Episode:    24000
blue_team_alives_mean:    12.8200	blue_team_win_mean:        0.0000	ep_length_mean:          200.0000	episode_length_mean:     199.0000
epsilon:                   0.0500	grad_norm:                31.5240	info_nce_loss:             0.3564	loss:                      0.7623
q_loss:                    0.6930	red_team_alives_mean:    144.0000	red_team_win_mean:         1.0000	return_mean:               5.7736
return_std:                0.2228	test_blue_team_alives_mean: 30.2000	test_blue_team_win_mean:   0.0000	test_ep_length_mean:     200.0000
test_episode_length_mean:199.0000	test_red_team_alives_mean:144.0000	test_red_team_win_mean:    1.0000	test_return_mean:          4.8210
test_return_std:           0.0000	
2026-03-14 18:49:28,585 - my_experiment - bat_60_HybridComm_5M - my_run - INFO - t_env: 4800200 / 5050000
2026-03-14 18:49:28,586 - my_experiment - bat_60_HybridComm_5M - my_run - INFO - Estimated time left: 2 hours, 9 minutes, 39 seconds. Time passed: 1 days, 15 hours, 27 minutes, 7 seconds
2026-03-14 19:15:11,471 - my_experiment - bat_60_HybridComm_5M - my_run - INFO - Recent Stats | t_env:    4850000 | Episode:    24250
blue_team_alives_mean:    12.0560	blue_team_win_mean:        0.0000	ep_length_mean:          200.0000	episode_length_mean:     199.0000
epsilon:                   0.0500	grad_norm:                25.6776	info_nce_loss:             0.3095	loss:                      0.8079
q_loss:                    0.7344	red_team_alives_mean:    144.0000	red_team_win_mean:         1.0000	return_mean:               5.7409
return_std:                0.2273	test_blue_team_alives_mean: 25.4000	test_blue_team_win_mean:   0.0000	test_ep_length_mean:     200.0000
test_episode_length_mean:199.0000	test_red_team_alives_mean:144.0000	test_red_team_win_mean:    1.0000	test_return_mean:          5.0758
test_return_std:           0.0000	
2026-03-14 19:15:17,247 - my_experiment - bat_60_HybridComm_5M - my_run - INFO - t_env: 4850200 / 5050000
2026-03-14 19:15:17,248 - my_experiment - bat_60_HybridComm_5M - my_run - INFO - Estimated time left: 1 hours, 43 minutes, 8 seconds. Time passed: 1 days, 15 hours, 52 minutes, 56 seconds
2026-03-14 19:40:43,066 - my_experiment - bat_60_HybridComm_5M - my_run - INFO - Recent Stats | t_env:    4900183 | Episode:    24501
blue_team_alives_mean:    12.4840	blue_team_win_mean:        0.0000	ep_length_mean:          200.0000	episode_length_mean:     199.0000
epsilon:                   0.0500	grad_norm:                39.1087	info_nce_loss:             0.3084	loss:                      0.7872
q_loss:                    0.7156	red_team_alives_mean:    144.0000	red_team_win_mean:         1.0000	return_mean:               5.5514
return_std:                0.4895	test_blue_team_alives_mean: 24.0000	test_blue_team_win_mean:   0.0000	test_ep_length_mean:     200.0000
test_episode_length_mean:199.0000	test_red_team_alives_mean:144.0000	test_red_team_win_mean:    1.0000	test_return_mean:          5.0127
test_return_std:           0.0000	
2026-03-14 19:40:48,460 - my_experiment - bat_60_HybridComm_5M - my_run - INFO - t_env: 4900383 / 5050000
2026-03-14 19:40:48,461 - my_experiment - bat_60_HybridComm_5M - my_run - INFO - Estimated time left: 1 hours, 16 minutes, 5 seconds. Time passed: 1 days, 16 hours, 18 minutes, 27 seconds
2026-03-14 20:06:09,635 - my_experiment - bat_60_HybridComm_5M - my_run - INFO - Recent Stats | t_env:    4950183 | Episode:    24751
blue_team_alives_mean:    16.7777	blue_team_win_mean:        0.0000	ep_length_mean:          199.9333	episode_length_mean:     198.9333
epsilon:                   0.0500	grad_norm:                31.6449	info_nce_loss:             0.0666	loss:                      0.6846
q_loss:                    0.6223	red_team_alives_mean:    144.0000	red_team_win_mean:         1.0000	return_mean:               5.5644
return_std:                0.3748	test_blue_team_alives_mean: 21.0000	test_blue_team_win_mean:   0.0000	test_ep_length_mean:     200.0000
test_episode_length_mean:199.0000	test_red_team_alives_mean:144.0000	test_red_team_win_mean:    1.0000	test_return_mean:          5.1324
test_return_std:           0.0000	
2026-03-14 20:06:15,291 - my_experiment - bat_60_HybridComm_5M - my_run - INFO - t_env: 4950383 / 5050000
2026-03-14 20:06:15,292 - my_experiment - bat_60_HybridComm_5M - my_run - INFO - Estimated time left: 50 minutes, 41 seconds. Time passed: 1 days, 16 hours, 43 minutes, 54 seconds
2026-03-14 20:31:37,348 - my_experiment - bat_60_HybridComm_5M - my_run - INFO - Saving models to work_dirs/my_experiment/bat_60_HybridComm_5M/my_run/20260313_032154/models/5000351
2026-03-14 20:31:37,378 - my_experiment - bat_60_HybridComm_5M - my_run - INFO - Recent Stats | t_env:    5000351 | Episode:    25002
blue_team_alives_mean:    10.1007	blue_team_win_mean:        0.0000	ep_length_mean:          199.8745	episode_length_mean:     198.8745
epsilon:                   0.0500	grad_norm:                25.2536	info_nce_loss:             0.4006	loss:                      0.6812
q_loss:                    0.6193	red_team_alives_mean:    144.0000	red_team_win_mean:         1.0000	return_mean:               5.8462
return_std:                0.2631	test_blue_team_alives_mean: 18.2000	test_blue_team_win_mean:   0.0000	test_ep_length_mean:     200.0000
test_episode_length_mean:199.0000	test_red_team_alives_mean:144.0000	test_red_team_win_mean:    1.0000	test_return_mean:          5.2685
test_return_std:           0.0000	
2026-03-14 20:31:42,860 - my_experiment - bat_60_HybridComm_5M - my_run - INFO - t_env: 5000551 / 5050000
2026-03-14 20:31:42,861 - my_experiment - bat_60_HybridComm_5M - my_run - INFO - Estimated time left: 25 minutes, 5 seconds. Time passed: 1 days, 17 hours, 9 minutes, 22 seconds
2026-03-14 20:56:39,946 - my_experiment - bat_60_HybridComm_5M - my_run - INFO - Finished Training
