Gym has been unmaintained since 2022 and does not support NumPy 2.0 amongst other critical functionality.
Please upgrade to Gymnasium, the maintained drop-in replacement of Gym, or contact the authors of your software and request that they upgrade.
Users of this version of Gym should be able to simply replace 'import gym' with 'import gymnasium as gym' in the vast majority of cases.
See the migration guide at https://gymnasium.farama.org/introduction/migration_guide/ for additional information.
src/main.py:81: DeprecationWarning: Using or importing the ABCs from 'collections' instead of from 'collections.abc' is deprecated since Python 3.3, and in 3.10 it will stop working
  if isinstance(v, collections.Mapping):
wandb: [wandb.login()] Loaded credentials for https://api.wandb.ai from /home/pparsons/.netrc.
wandb: Currently logged in as: peterparsons02 (peterparsons02-eth-z-rich) to https://api.wandb.ai. Use `wandb login --relogin` to force relogin
wandb: setting up run u7ax9x6r
wandb: Tracking run with wandb version 0.24.1
wandb: Run data is saved locally in /usr/itetnas04/data-scratch-01/pparsons/data/MyExpoComm/wandb/run-20260406_191221-u7ax9x6r
wandb: Run `wandb offline` to turn off syncing.
wandb: Syncing run my_run-bat_HybridComm_5M-20260406_191220
wandb: ⭐️ View project at https://wandb.ai/peterparsons02-eth-z-rich/my_experiment
wandb: 🚀 View run at https://wandb.ai/peterparsons02-eth-z-rich/my_experiment/runs/u7ax9x6r
2026-04-06 19:12:22,289 - my_experiment - bat_HybridComm_5M - my_run - INFO - Current directory: /usr/itetnas04/data-scratch-01/pparsons/data/MyExpoComm.
2026-04-06 19:12:22,290 - my_experiment - bat_HybridComm_5M - my_run - INFO - Experiment Parameters:
2026-04-06 19:12:22,291 - my_experiment - bat_HybridComm_5M - my_run - INFO - 

{   'action_selector': 'epsilon_greedy',
    'add_value_last_step': True,
    'agent': 'ExpoComm_one_peer_cont',
    'agent_output_type': 'q',
    'attention_dim': 32,
    'aux_coef': 0.1,
    'batch_size': 32,
    'batch_size_run': 1,
    'buffer_cpu_only': True,
    'buffer_size': 2000,
    'checkpoint_path': '',
    'double_q': True,
    'env': 'MAgent_Battle',
    'env_args': {   'global_reward': True,
                    'map_name': 'battle_view7',
                    'map_size': 25,
                    'max_cycles': 200,
                    'minimap_mode': False,
                    'pretrained_ckpt': None,
                    'seed': 42},
    'epsilon_anneal_time': 1000000,
    'epsilon_finish': 0.05,
    'epsilon_start': 1.0,
    'evaluate': False,
    'evaluation_epsilon': 0.0,
    'exp_name': 'my_experiment',
    'gamma': 0.99,
    'global_reward': True,
    'grad_norm_clip': 10,
    'hidden_dim': 64,
    'hypergroup': None,
    'label': 'default_label',
    'learner': 'hybrid_comm_learner',
    'learner_log_interval': 10000,
    'load_step': 0,
    'local_results_path': 'results',
    'log_interval': 50000,
    'lr': 0.0001,
    'mac': 'ExpoComm_mac',
    'mixer': None,
    'name': 'bat_HybridComm_5M',
    'neg_num': 20,
    'obs_agent_id': True,
    'obs_individual_obs': False,
    'obs_last_action': True,
    'one_peer': True,
    'optim_alpha': 0.99,
    'optim_eps': 1e-05,
    'render': False,
    'repeat_id': 1,
    'run_name': 'my_run',
    'runner': 'episode',
    'runner_log_interval': 10000,
    'save_model': True,
    'save_model_interval': 500000,
    'save_replay': False,
    'seed': 42,
    'standardise_returns': False,
    'standardise_rewards': True,
    't_max': 5050000,
    'target_update_interval_or_tau': 200,
    'temperature': 0.07,
    'test_greedy': True,
    'test_interval': 50000,
    'test_nepisode': 50,
    'topk_neighbors': 7,
    'use_cuda': True,
    'use_rnn': True,
    'use_tensorboard': True,
    'work_dir': 'work_dirs/my_experiment/bat_HybridComm_5M/my_run/20260406_191220'}

/usr/itetnas04/data-scratch-01/pparsons/data/conda_envs/ExpoComm/lib/python3.8/site-packages/pettingzoo/utils/conversions.py:41: UserWarning: The `from_parallel` function is deprecated. Use the `parallel_to_aec` function instead.
  warnings.warn("The `from_parallel` function is deprecated. Use the `parallel_to_aec` function instead.")
/usr/itetnas04/data-scratch-01/pparsons/data/conda_envs/ExpoComm/lib/python3.8/site-packages/pettingzoo/utils/wrappers/base.py:44: UserWarning: The `observation_spaces` dictionary is deprecated. Use the `observation_space` function instead.
  warnings.warn("The `observation_spaces` dictionary is deprecated. Use the `observation_space` function instead.")
/usr/itetnas04/data-scratch-01/pparsons/data/conda_envs/ExpoComm/lib/python3.8/site-packages/pettingzoo/utils/conversions.py:36: UserWarning: The `to_parallel` function is deprecated. Use the `aec_to_parallel` function instead.
  warnings.warn("The `to_parallel` function is deprecated. Use the `aec_to_parallel` function instead.")
/usr/itetnas04/data-scratch-01/pparsons/data/conda_envs/ExpoComm/lib/python3.8/site-packages/pettingzoo/utils/conversions.py:80: UserWarning: The `action_spaces` dictionary is deprecated. Use the `action_space` function instead.
  warnings.warn("The `action_spaces` dictionary is deprecated. Use the `action_space` function instead.")
/usr/itetnas04/data-scratch-01/pparsons/data/conda_envs/ExpoComm/lib/python3.8/site-packages/pettingzoo/utils/wrappers/base.py:52: UserWarning: The `action_spaces` dictionary is deprecated. Use the `action_space` function instead.
  warnings.warn("The `action_spaces` dictionary is deprecated. Use the `action_space` function instead.")
/usr/itetnas04/data-scratch-01/pparsons/data/conda_envs/ExpoComm/lib/python3.8/site-packages/pettingzoo/utils/conversions.py:72: UserWarning: The `observation_spaces` dictionary is deprecated. Use the `observation_space` function instead.
  warnings.warn("The `observation_spaces` dictionary is deprecated. Use the `observation_space` function instead.")
2026-04-06 19:12:26,462 - my_experiment - bat_HybridComm_5M - my_run - INFO - Beginning training for 5050000 timesteps
/usr/itetnas04/data-scratch-01/pparsons/data/MyExpoComm/src/envs/battle_wrappers.py:258: UserWarning: To copy construct from a tensor, it is recommended to use sourceTensor.clone().detach() or sourceTensor.clone().detach().requires_grad_(True), rather than torch.tensor(sourceTensor).
  actions = torch.tensor(actions, dtype=torch.long)
2026-04-06 19:12:30,285 - my_experiment - bat_HybridComm_5M - my_run - INFO - t_env: 200 / 5050000
2026-04-06 19:12:30,286 - my_experiment - bat_HybridComm_5M - my_run - INFO - Estimated time left: 6 minutes, 24 seconds. Time passed: 3 seconds
2026-04-06 19:13:07,754 - my_experiment - bat_HybridComm_5M - my_run - INFO - Saving models to work_dirs/my_experiment/bat_HybridComm_5M/my_run/20260406_191220/models/200
2026-04-06 19:18:50,229 - my_experiment - bat_HybridComm_5M - my_run - INFO - Recent Stats | t_env:      50000 | Episode:      250
blue_team_alives_mean:    19.9960	blue_team_win_mean:        0.0000	ep_length_mean:          200.0000	episode_length_mean:     199.0000
epsilon:                   0.9620	grad_norm:                 0.1352	info_nce_loss:             2.9220	loss:                      1.0195
q_loss:                    0.9268	red_team_alives_mean:     20.0000	red_team_win_mean:         0.0040	return_mean:              -1.5202
return_std:                0.1561	test_blue_team_alives_mean: 20.0000	test_blue_team_win_mean:   0.0000	test_ep_length_mean:     200.0000
test_episode_length_mean:199.0000	test_red_team_alives_mean: 20.0000	test_red_team_win_mean:    0.0000	test_return_mean:         -1.2850
test_return_std:           0.0000	
2026-04-06 19:18:51,705 - my_experiment - bat_HybridComm_5M - my_run - INFO - t_env: 50200 / 5050000
2026-04-06 19:18:51,707 - my_experiment - bat_HybridComm_5M - my_run - INFO - Estimated time left: 10 hours, 35 minutes, 40 seconds. Time passed: 6 minutes, 25 seconds
2026-04-06 19:25:35,004 - my_experiment - bat_HybridComm_5M - my_run - INFO - Recent Stats | t_env:     100000 | Episode:      500
blue_team_alives_mean:    19.8840	blue_team_win_mean:        0.0000	ep_length_mean:          200.0000	episode_length_mean:     199.0000
epsilon:                   0.9145	grad_norm:                 7.7109	info_nce_loss:             0.9821	loss:                      2.0065
q_loss:                    1.8241	red_team_alives_mean:     20.0000	red_team_win_mean:         0.0840	return_mean:              -1.2159
return_std:                0.3695	test_blue_team_alives_mean: 20.0000	test_blue_team_win_mean:   0.0000	test_ep_length_mean:     200.0000
test_episode_length_mean:199.0000	test_red_team_alives_mean: 20.0000	test_red_team_win_mean:    0.0000	test_return_mean:         -1.1425
test_return_std:           0.0000	
2026-04-06 19:25:36,529 - my_experiment - bat_HybridComm_5M - my_run - INFO - t_env: 100200 / 5050000
2026-04-06 19:25:36,531 - my_experiment - bat_HybridComm_5M - my_run - INFO - Estimated time left: 11 hours, 7 minutes, 55 seconds. Time passed: 13 minutes, 10 seconds
2026-04-06 19:32:19,297 - my_experiment - bat_HybridComm_5M - my_run - INFO - Recent Stats | t_env:     150000 | Episode:      750
blue_team_alives_mean:    17.6160	blue_team_win_mean:        0.0000	ep_length_mean:          200.0000	episode_length_mean:     199.0000
epsilon:                   0.8670	grad_norm:                24.8491	info_nce_loss:             0.5629	loss:                      4.8555
q_loss:                    4.4141	red_team_alives_mean:     20.0000	red_team_win_mean:         0.7760	return_mean:               0.7739
return_std:                0.8050	test_blue_team_alives_mean: 18.6667	test_blue_team_win_mean:   0.0000	test_ep_length_mean:     200.0000
test_episode_length_mean:199.0000	test_red_team_alives_mean: 20.0000	test_red_team_win_mean:    0.3333	test_return_mean:         -1.0268
test_return_std:           0.0000	
2026-04-06 19:32:20,749 - my_experiment - bat_HybridComm_5M - my_run - INFO - t_env: 150200 / 5050000
2026-04-06 19:32:20,751 - my_experiment - bat_HybridComm_5M - my_run - INFO - Estimated time left: 11 hours, 11 seconds. Time passed: 19 minutes, 54 seconds
2026-04-06 19:38:59,368 - my_experiment - bat_HybridComm_5M - my_run - INFO - Recent Stats | t_env:     200000 | Episode:     1000
blue_team_alives_mean:    10.9840	blue_team_win_mean:        0.0000	ep_length_mean:          200.0000	episode_length_mean:     199.0000
epsilon:                   0.8195	grad_norm:                20.1129	info_nce_loss:             0.6732	loss:                      4.5368
q_loss:                    4.1243	red_team_alives_mean:     20.0000	red_team_win_mean:         1.0000	return_mean:               3.6715
return_std:                0.8429	test_blue_team_alives_mean: 18.5000	test_blue_team_win_mean:   0.0000	test_ep_length_mean:     200.0000
test_episode_length_mean:199.0000	test_red_team_alives_mean: 20.0000	test_red_team_win_mean:    0.5000	test_return_mean:         -1.0806
test_return_std:           0.0000	
2026-04-06 19:39:00,844 - my_experiment - bat_HybridComm_5M - my_run - INFO - t_env: 200200 / 5050000
2026-04-06 19:39:00,846 - my_experiment - bat_HybridComm_5M - my_run - INFO - Estimated time left: 10 hours, 46 minutes, 47 seconds. Time passed: 26 minutes, 34 seconds
2026-04-06 19:45:33,411 - my_experiment - bat_HybridComm_5M - my_run - INFO - Recent Stats | t_env:     250000 | Episode:     1250
blue_team_alives_mean:     6.7240	blue_team_win_mean:        0.0000	ep_length_mean:          200.0000	episode_length_mean:     199.0000
epsilon:                   0.7720	grad_norm:                26.5445	info_nce_loss:             0.3984	loss:                      4.5170
q_loss:                    4.1064	red_team_alives_mean:     20.0000	red_team_win_mean:         1.0000	return_mean:               5.0267
return_std:                0.6730	test_blue_team_alives_mean: 18.8000	test_blue_team_win_mean:   0.0000	test_ep_length_mean:     200.0000
test_episode_length_mean:199.0000	test_red_team_alives_mean: 20.0000	test_red_team_win_mean:    0.4000	test_return_mean:         -1.1907
test_return_std:           0.0000	
2026-04-06 19:45:34,846 - my_experiment - bat_HybridComm_5M - my_run - INFO - t_env: 250200 / 5050000
2026-04-06 19:45:34,848 - my_experiment - bat_HybridComm_5M - my_run - INFO - Estimated time left: 10 hours, 30 minutes, 22 seconds. Time passed: 33 minutes, 8 seconds
2026-04-06 19:52:03,627 - my_experiment - bat_HybridComm_5M - my_run - INFO - Recent Stats | t_env:     300000 | Episode:     1500
blue_team_alives_mean:     4.6280	blue_team_win_mean:        0.0000	ep_length_mean:          200.0000	episode_length_mean:     199.0000
epsilon:                   0.7245	grad_norm:                27.1613	info_nce_loss:             0.5944	loss:                      3.5445
q_loss:                    3.2223	red_team_alives_mean:     20.0000	red_team_win_mean:         1.0000	return_mean:               5.5702
return_std:                0.5082	test_blue_team_alives_mean: 17.8000	test_blue_team_win_mean:   0.0000	test_ep_length_mean:     200.0000
test_episode_length_mean:199.0000	test_red_team_alives_mean: 20.0000	test_red_team_win_mean:    0.6000	test_return_mean:         -0.8648
test_return_std:           0.0000	
2026-04-06 19:52:05,050 - my_experiment - bat_HybridComm_5M - my_run - INFO - t_env: 300200 / 5050000
2026-04-06 19:52:05,052 - my_experiment - bat_HybridComm_5M - my_run - INFO - Estimated time left: 10 hours, 17 minutes, 47 seconds. Time passed: 39 minutes, 38 seconds
2026-04-06 19:58:33,612 - my_experiment - bat_HybridComm_5M - my_run - INFO - Recent Stats | t_env:     350000 | Episode:     1750
blue_team_alives_mean:     4.4080	blue_team_win_mean:        0.0000	ep_length_mean:          200.0000	episode_length_mean:     199.0000
epsilon:                   0.6770	grad_norm:                35.1972	info_nce_loss:             0.4938	loss:                      3.0686
q_loss:                    2.7896	red_team_alives_mean:     20.0000	red_team_win_mean:         1.0000	return_mean:               5.5582
return_std:                0.4209	test_blue_team_alives_mean: 17.8000	test_blue_team_win_mean:   0.0000	test_ep_length_mean:     200.0000
test_episode_length_mean:199.0000	test_red_team_alives_mean: 20.0000	test_red_team_win_mean:    0.6000	test_return_mean:         -0.9374
test_return_std:           0.0000	
2026-04-06 19:58:35,086 - my_experiment - bat_HybridComm_5M - my_run - INFO - t_env: 350200 / 5050000
2026-04-06 19:58:35,087 - my_experiment - bat_HybridComm_5M - my_run - INFO - Estimated time left: 10 hours, 11 minutes, 1 seconds. Time passed: 46 minutes, 8 seconds
2026-04-06 20:05:03,523 - my_experiment - bat_HybridComm_5M - my_run - INFO - Recent Stats | t_env:     400095 | Episode:     2001
blue_team_alives_mean:     4.0200	blue_team_win_mean:        0.0000	ep_length_mean:          199.5882	episode_length_mean:     198.5882
epsilon:                   0.6292	grad_norm:                50.1543	info_nce_loss:             0.6804	loss:                      2.7409
q_loss:                    2.4917	red_team_alives_mean:     20.0000	red_team_win_mean:         1.0000	return_mean:               5.5127
return_std:                0.4442	test_blue_team_alives_mean: 18.6000	test_blue_team_win_mean:   0.0000	test_ep_length_mean:     200.0000
test_episode_length_mean:199.0000	test_red_team_alives_mean: 20.0000	test_red_team_win_mean:    0.4000	test_return_mean:         -1.0935
test_return_std:           0.0000	
2026-04-06 20:05:04,991 - my_experiment - bat_HybridComm_5M - my_run - INFO - t_env: 400295 / 5050000
2026-04-06 20:05:04,993 - my_experiment - bat_HybridComm_5M - my_run - INFO - Estimated time left: 10 hours, 3 minutes, 10 seconds. Time passed: 52 minutes, 38 seconds
2026-04-06 20:11:33,596 - my_experiment - bat_HybridComm_5M - my_run - INFO - Recent Stats | t_env:     450236 | Episode:     2253
blue_team_alives_mean:     3.5864	blue_team_win_mean:        0.0000	ep_length_mean:          199.2863	episode_length_mean:     198.2863
epsilon:                   0.5813	grad_norm:               119.1398	info_nce_loss:             0.6691	loss:                      3.0004
q_loss:                    2.7277	red_team_alives_mean:     20.0000	red_team_win_mean:         1.0000	return_mean:               5.5668
return_std:                0.4930	test_blue_team_alives_mean: 19.0000	test_blue_team_win_mean:   0.0000	test_ep_length_mean:     200.0000
test_episode_length_mean:199.0000	test_red_team_alives_mean: 20.0000	test_red_team_win_mean:    0.2000	test_return_mean:         -1.0764
test_return_std:           0.0000	
2026-04-06 20:11:34,999 - my_experiment - bat_HybridComm_5M - my_run - INFO - t_env: 450436 / 5050000
2026-04-06 20:11:35,001 - my_experiment - bat_HybridComm_5M - my_run - INFO - Estimated time left: 9 hours, 56 minutes, 16 seconds. Time passed: 59 minutes, 8 seconds
2026-04-06 20:18:06,875 - my_experiment - bat_HybridComm_5M - my_run - INFO - Saving models to work_dirs/my_experiment/bat_HybridComm_5M/my_run/20260406_191220/models/500381
2026-04-06 20:18:06,893 - my_experiment - bat_HybridComm_5M - my_run - INFO - Recent Stats | t_env:     500381 | Episode:     2504
blue_team_alives_mean:     3.6660	blue_team_win_mean:        0.0000	ep_length_mean:          199.4824	episode_length_mean:     198.4824
epsilon:                   0.5336	grad_norm:                60.0265	info_nce_loss:             0.4556	loss:                      2.6822
q_loss:                    2.4383	red_team_alives_mean:     20.0000	red_team_win_mean:         1.0000	return_mean:               5.5131
return_std:                0.4499	test_blue_team_alives_mean: 19.0000	test_blue_team_win_mean:   0.0000	test_ep_length_mean:     200.0000
test_episode_length_mean:199.0000	test_red_team_alives_mean: 20.0000	test_red_team_win_mean:    0.2000	test_return_mean:         -0.9568
test_return_std:           0.0000	
2026-04-06 20:18:08,384 - my_experiment - bat_HybridComm_5M - my_run - INFO - t_env: 500581 / 5050000
2026-04-06 20:18:08,386 - my_experiment - bat_HybridComm_5M - my_run - INFO - Estimated time left: 9 hours, 54 minutes, 49 seconds. Time passed: 1 hours, 5 minutes, 41 seconds
2026-04-06 20:24:50,000 - my_experiment - bat_HybridComm_5M - my_run - INFO - Recent Stats | t_env:     550459 | Episode:     2755
blue_team_alives_mean:     3.4232	blue_team_win_mean:        0.0000	ep_length_mean:          199.5216	episode_length_mean:     198.5216
epsilon:                   0.4860	grad_norm:                82.8915	info_nce_loss:             0.5525	loss:                      2.7895
q_loss:                    2.5359	red_team_alives_mean:     20.0000	red_team_win_mean:         1.0000	return_mean:               5.5363
return_std:                0.4275	test_blue_team_alives_mean: 20.0000	test_blue_team_win_mean:   0.0000	test_ep_length_mean:     200.0000
test_episode_length_mean:199.0000	test_red_team_alives_mean: 20.0000	test_red_team_win_mean:    0.0000	test_return_mean:         -1.2276
test_return_std:           0.0000	
2026-04-06 20:24:51,447 - my_experiment - bat_HybridComm_5M - my_run - INFO - t_env: 550659 / 5050000
2026-04-06 20:24:51,449 - my_experiment - bat_HybridComm_5M - my_run - INFO - Estimated time left: 10 hours, 3 minutes, 33 seconds. Time passed: 1 hours, 12 minutes, 24 seconds
2026-04-06 20:31:31,913 - my_experiment - bat_HybridComm_5M - my_run - INFO - Recent Stats | t_env:     600459 | Episode:     3005
blue_team_alives_mean:     3.3880	blue_team_win_mean:        0.0000	ep_length_mean:          200.0000	episode_length_mean:     199.0000
epsilon:                   0.4385	grad_norm:                91.0237	info_nce_loss:             0.4093	loss:                      2.5727
q_loss:                    2.3388	red_team_alives_mean:     20.0000	red_team_win_mean:         1.0000	return_mean:               5.4815
return_std:                0.3847	test_blue_team_alives_mean: 20.0000	test_blue_team_win_mean:   0.0000	test_ep_length_mean:     200.0000
test_episode_length_mean:199.0000	test_red_team_alives_mean: 20.0000	test_red_team_win_mean:    0.0000	test_return_mean:         -1.1550
test_return_std:           0.0000	
2026-04-06 20:31:33,428 - my_experiment - bat_HybridComm_5M - my_run - INFO - t_env: 600659 / 5050000
2026-04-06 20:31:33,429 - my_experiment - bat_HybridComm_5M - my_run - INFO - Estimated time left: 9 hours, 56 minutes, 10 seconds. Time passed: 1 hours, 19 minutes, 6 seconds
2026-04-06 20:38:15,077 - my_experiment - bat_HybridComm_5M - my_run - INFO - Recent Stats | t_env:     650459 | Episode:     3255
blue_team_alives_mean:     3.9440	blue_team_win_mean:        0.0000	ep_length_mean:          200.0000	episode_length_mean:     199.0000
epsilon:                   0.3910	grad_norm:                54.7892	info_nce_loss:             0.6599	loss:                      2.4318
q_loss:                    2.2107	red_team_alives_mean:     20.0000	red_team_win_mean:         1.0000	return_mean:               5.3456
return_std:                0.3929	test_blue_team_alives_mean: 20.0000	test_blue_team_win_mean:   0.0000	test_ep_length_mean:     200.0000
test_episode_length_mean:199.0000	test_red_team_alives_mean: 20.0000	test_red_team_win_mean:    0.0000	test_return_mean:         -1.0398
test_return_std:           0.0000	
2026-04-06 20:38:16,520 - my_experiment - bat_HybridComm_5M - my_run - INFO - t_env: 650659 / 5050000
2026-04-06 20:38:16,521 - my_experiment - bat_HybridComm_5M - my_run - INFO - Estimated time left: 9 hours, 51 minutes, 6 seconds. Time passed: 1 hours, 25 minutes, 50 seconds
2026-04-06 20:44:57,865 - my_experiment - bat_HybridComm_5M - my_run - INFO - Recent Stats | t_env:     700459 | Episode:     3505
blue_team_alives_mean:     3.9720	blue_team_win_mean:        0.0000	ep_length_mean:          200.0000	episode_length_mean:     199.0000
epsilon:                   0.3435	grad_norm:                51.8842	info_nce_loss:             0.3109	loss:                      2.1390
q_loss:                    1.9445	red_team_alives_mean:     20.0000	red_team_win_mean:         1.0000	return_mean:               5.3209
return_std:                0.4011	test_blue_team_alives_mean: 20.0000	test_blue_team_win_mean:   0.0000	test_ep_length_mean:     200.0000
test_episode_length_mean:199.0000	test_red_team_alives_mean: 20.0000	test_red_team_win_mean:    0.0000	test_return_mean:         -1.0085
test_return_std:           0.0000	
2026-04-06 20:44:59,327 - my_experiment - bat_HybridComm_5M - my_run - INFO - t_env: 700659 / 5050000
2026-04-06 20:44:59,329 - my_experiment - bat_HybridComm_5M - my_run - INFO - Estimated time left: 9 hours, 43 minutes, 59 seconds. Time passed: 1 hours, 32 minutes, 32 seconds
2026-04-06 20:51:41,381 - my_experiment - bat_HybridComm_5M - my_run - INFO - Recent Stats | t_env:     750459 | Episode:     3755
blue_team_alives_mean:     4.2440	blue_team_win_mean:        0.0000	ep_length_mean:          200.0000	episode_length_mean:     199.0000
epsilon:                   0.2960	grad_norm:                99.2049	info_nce_loss:             0.4834	loss:                      2.0299
q_loss:                    1.8453	red_team_alives_mean:     20.0000	red_team_win_mean:         1.0000	return_mean:               5.3193
return_std:                0.4304	test_blue_team_alives_mean: 20.0000	test_blue_team_win_mean:   0.0000	test_ep_length_mean:     200.0000
test_episode_length_mean:199.0000	test_red_team_alives_mean: 20.0000	test_red_team_win_mean:    0.0000	test_return_mean:         -1.0019
test_return_std:           0.0000	
2026-04-06 20:51:42,848 - my_experiment - bat_HybridComm_5M - my_run - INFO - t_env: 750659 / 5050000
2026-04-06 20:51:42,850 - my_experiment - bat_HybridComm_5M - my_run - INFO - Estimated time left: 9 hours, 38 minutes, 17 seconds. Time passed: 1 hours, 39 minutes, 16 seconds
2026-04-06 20:58:23,449 - my_experiment - bat_HybridComm_5M - my_run - INFO - Recent Stats | t_env:     800459 | Episode:     4005
blue_team_alives_mean:     4.7760	blue_team_win_mean:        0.0000	ep_length_mean:          200.0000	episode_length_mean:     199.0000
epsilon:                   0.2485	grad_norm:                99.1525	info_nce_loss:             0.5162	loss:                      1.9081
q_loss:                    1.7346	red_team_alives_mean:     20.0000	red_team_win_mean:         1.0000	return_mean:               5.1821
return_std:                0.4441	test_blue_team_alives_mean: 20.0000	test_blue_team_win_mean:   0.0000	test_ep_length_mean:     200.0000
test_episode_length_mean:199.0000	test_red_team_alives_mean: 20.0000	test_red_team_win_mean:    0.0000	test_return_mean:         -1.0000
test_return_std:           0.0000	
2026-04-06 20:58:24,901 - my_experiment - bat_HybridComm_5M - my_run - INFO - t_env: 800659 / 5050000
2026-04-06 20:58:24,902 - my_experiment - bat_HybridComm_5M - my_run - INFO - Estimated time left: 9 hours, 29 minutes, 29 seconds. Time passed: 1 hours, 45 minutes, 58 seconds
2026-04-06 21:05:06,622 - my_experiment - bat_HybridComm_5M - my_run - INFO - Recent Stats | t_env:     850459 | Episode:     4255
blue_team_alives_mean:     5.3720	blue_team_win_mean:        0.0000	ep_length_mean:          200.0000	episode_length_mean:     199.0000
epsilon:                   0.2010	grad_norm:                84.3582	info_nce_loss:             0.6998	loss:                      1.8510
q_loss:                    1.6827	red_team_alives_mean:     20.0000	red_team_win_mean:         1.0000	return_mean:               5.0302
return_std:                0.4579	test_blue_team_alives_mean: 20.0000	test_blue_team_win_mean:   0.0000	test_ep_length_mean:     200.0000
test_episode_length_mean:199.0000	test_red_team_alives_mean: 20.0000	test_red_team_win_mean:    0.0000	test_return_mean:         -1.0000
test_return_std:           0.0000	
2026-04-06 21:05:08,069 - my_experiment - bat_HybridComm_5M - my_run - INFO - t_env: 850659 / 5050000
2026-04-06 21:05:08,071 - my_experiment - bat_HybridComm_5M - my_run - INFO - Estimated time left: 9 hours, 24 minutes, 20 seconds. Time passed: 1 hours, 52 minutes, 41 seconds
2026-04-06 21:11:49,995 - my_experiment - bat_HybridComm_5M - my_run - INFO - Recent Stats | t_env:     900459 | Episode:     4505
blue_team_alives_mean:     6.0320	blue_team_win_mean:        0.0000	ep_length_mean:          200.0000	episode_length_mean:     199.0000
epsilon:                   0.1535	grad_norm:                99.8942	info_nce_loss:             0.6587	loss:                      1.7562
q_loss:                    1.5965	red_team_alives_mean:     20.0000	red_team_win_mean:         1.0000	return_mean:               4.8542
return_std:                0.4746	test_blue_team_alives_mean: 20.0000	test_blue_team_win_mean:   0.0000	test_ep_length_mean:     200.0000
test_episode_length_mean:199.0000	test_red_team_alives_mean: 20.0000	test_red_team_win_mean:    0.0000	test_return_mean:         -1.0003
test_return_std:           0.0000	
2026-04-06 21:11:51,477 - my_experiment - bat_HybridComm_5M - my_run - INFO - t_env: 900659 / 5050000
2026-04-06 21:11:51,478 - my_experiment - bat_HybridComm_5M - my_run - INFO - Estimated time left: 9 hours, 17 minutes, 57 seconds. Time passed: 1 hours, 59 minutes, 25 seconds
2026-04-06 21:18:35,304 - my_experiment - bat_HybridComm_5M - my_run - INFO - Recent Stats | t_env:     950459 | Episode:     4755
blue_team_alives_mean:     7.0800	blue_team_win_mean:        0.0000	ep_length_mean:          200.0000	episode_length_mean:     199.0000
epsilon:                   0.1060	grad_norm:                51.8213	info_nce_loss:             0.4346	loss:                      1.6290
q_loss:                    1.4809	red_team_alives_mean:     20.0000	red_team_win_mean:         1.0000	return_mean:               4.4866
return_std:                0.5344	test_blue_team_alives_mean: 20.0000	test_blue_team_win_mean:   0.0000	test_ep_length_mean:     200.0000
test_episode_length_mean:199.0000	test_red_team_alives_mean: 20.0000	test_red_team_win_mean:    0.0000	test_return_mean:         -1.0003
test_return_std:           0.0000	
2026-04-06 21:18:36,776 - my_experiment - bat_HybridComm_5M - my_run - INFO - t_env: 950659 / 5050000
2026-04-06 21:18:36,778 - my_experiment - bat_HybridComm_5M - my_run - INFO - Estimated time left: 9 hours, 13 minutes, 49 seconds. Time passed: 2 hours, 6 minutes, 10 seconds
2026-04-06 21:25:21,175 - my_experiment - bat_HybridComm_5M - my_run - INFO - Saving models to work_dirs/my_experiment/bat_HybridComm_5M/my_run/20260406_191220/models/1000459
2026-04-06 21:25:21,192 - my_experiment - bat_HybridComm_5M - my_run - INFO - Recent Stats | t_env:    1000459 | Episode:     5005
blue_team_alives_mean:     7.2600	blue_team_win_mean:        0.0000	ep_length_mean:          200.0000	episode_length_mean:     199.0000
epsilon:                   0.0585	grad_norm:                65.2030	info_nce_loss:             0.6050	loss:                      1.5707
q_loss:                    1.4279	red_team_alives_mean:     20.0000	red_team_win_mean:         1.0000	return_mean:               4.2999
return_std:                0.5919	test_blue_team_alives_mean: 20.0000	test_blue_team_win_mean:   0.0000	test_ep_length_mean:     200.0000
test_episode_length_mean:199.0000	test_red_team_alives_mean: 20.0000	test_red_team_win_mean:    0.0000	test_return_mean:         -1.0003
test_return_std:           0.0000	
2026-04-06 21:25:22,675 - my_experiment - bat_HybridComm_5M - my_run - INFO - t_env: 1000659 / 5050000
2026-04-06 21:25:22,677 - my_experiment - bat_HybridComm_5M - my_run - INFO - Estimated time left: 9 hours, 7 minutes, 52 seconds. Time passed: 2 hours, 12 minutes, 56 seconds
2026-04-06 21:32:06,814 - my_experiment - bat_HybridComm_5M - my_run - INFO - Recent Stats | t_env:    1050459 | Episode:     5255
blue_team_alives_mean:     6.9240	blue_team_win_mean:        0.0000	ep_length_mean:          200.0000	episode_length_mean:     199.0000
epsilon:                   0.0500	grad_norm:                78.2123	info_nce_loss:             0.8848	loss:                      1.5455
q_loss:                    1.4050	red_team_alives_mean:     20.0000	red_team_win_mean:         1.0000	return_mean:               4.2883
return_std:                0.6948	test_blue_team_alives_mean: 20.0000	test_blue_team_win_mean:   0.0000	test_ep_length_mean:     200.0000
test_episode_length_mean:199.0000	test_red_team_alives_mean: 20.0000	test_red_team_win_mean:    0.0000	test_return_mean:         -1.0003
test_return_std:           0.0000	
2026-04-06 21:32:08,288 - my_experiment - bat_HybridComm_5M - my_run - INFO - t_env: 1050659 / 5050000
2026-04-06 21:32:08,290 - my_experiment - bat_HybridComm_5M - my_run - INFO - Estimated time left: 9 hours, 43 seconds. Time passed: 2 hours, 19 minutes, 41 seconds
2026-04-06 21:38:53,963 - my_experiment - bat_HybridComm_5M - my_run - INFO - Recent Stats | t_env:    1100459 | Episode:     5505
blue_team_alives_mean:     6.3040	blue_team_win_mean:        0.0000	ep_length_mean:          200.0000	episode_length_mean:     199.0000
epsilon:                   0.0500	grad_norm:                67.8234	info_nce_loss:             0.5154	loss:                      1.4238
q_loss:                    1.2944	red_team_alives_mean:     20.0000	red_team_win_mean:         1.0000	return_mean:               4.4335
return_std:                0.6857	test_blue_team_alives_mean: 18.6000	test_blue_team_win_mean:   0.0000	test_ep_length_mean:     200.0000
test_episode_length_mean:199.0000	test_red_team_alives_mean: 20.0000	test_red_team_win_mean:    0.2000	test_return_mean:         -0.5877
test_return_std:           0.0000	
2026-04-06 21:38:55,426 - my_experiment - bat_HybridComm_5M - my_run - INFO - t_env: 1100659 / 5050000
2026-04-06 21:38:55,427 - my_experiment - bat_HybridComm_5M - my_run - INFO - Estimated time left: 8 hours, 55 minutes, 58 seconds. Time passed: 2 hours, 26 minutes, 28 seconds
2026-04-06 21:45:44,822 - my_experiment - bat_HybridComm_5M - my_run - INFO - Recent Stats | t_env:    1150625 | Episode:     5756
blue_team_alives_mean:     4.7440	blue_team_win_mean:        0.0000	ep_length_mean:          200.0000	episode_length_mean:     199.0000
epsilon:                   0.0500	grad_norm:                91.7072	info_nce_loss:             0.6430	loss:                      1.3867
q_loss:                    1.2607	red_team_alives_mean:     20.0000	red_team_win_mean:         1.0000	return_mean:               4.8754
return_std:                0.7309	test_blue_team_alives_mean: 16.0000	test_blue_team_win_mean:   0.0000	test_ep_length_mean:     200.0000
test_episode_length_mean:199.0000	test_red_team_alives_mean: 20.0000	test_red_team_win_mean:    0.4000	test_return_mean:          0.3848
test_return_std:           0.0000	
2026-04-06 21:45:46,302 - my_experiment - bat_HybridComm_5M - my_run - INFO - t_env: 1150825 / 5050000
2026-04-06 21:45:46,303 - my_experiment - bat_HybridComm_5M - my_run - INFO - Estimated time left: 8 hours, 52 minutes, 15 seconds. Time passed: 2 hours, 33 minutes, 19 seconds
2026-04-06 21:52:35,084 - my_experiment - bat_HybridComm_5M - my_run - INFO - Recent Stats | t_env:    1200625 | Episode:     6006
blue_team_alives_mean:     4.8653	blue_team_win_mean:        0.0000	ep_length_mean:          199.8667	episode_length_mean:     198.8667
epsilon:                   0.0500	grad_norm:                80.1572	info_nce_loss:             0.7717	loss:                      1.4107
q_loss:                    1.2824	red_team_alives_mean:     20.0000	red_team_win_mean:         1.0000	return_mean:               4.8616
return_std:                0.7257	test_blue_team_alives_mean: 13.0000	test_blue_team_win_mean:   0.0000	test_ep_length_mean:     200.0000
test_episode_length_mean:199.0000	test_red_team_alives_mean: 20.0000	test_red_team_win_mean:    0.6000	test_return_mean:          1.5679
test_return_std:           0.0000	
2026-04-06 21:52:36,573 - my_experiment - bat_HybridComm_5M - my_run - INFO - t_env: 1200825 / 5050000
2026-04-06 21:52:36,574 - my_experiment - bat_HybridComm_5M - my_run - INFO - Estimated time left: 8 hours, 46 minutes, 24 seconds. Time passed: 2 hours, 40 minutes, 10 seconds
2026-04-06 21:59:25,208 - my_experiment - bat_HybridComm_5M - my_run - INFO - Recent Stats | t_env:    1250731 | Episode:     6257
blue_team_alives_mean:     4.3860	blue_team_win_mean:        0.0000	ep_length_mean:          199.6314	episode_length_mean:     198.6314
epsilon:                   0.0500	grad_norm:                57.0977	info_nce_loss:             0.4983	loss:                      1.3913
q_loss:                    1.2648	red_team_alives_mean:     20.0000	red_team_win_mean:         1.0000	return_mean:               4.9530
return_std:                0.6416	test_blue_team_alives_mean: 10.0000	test_blue_team_win_mean:   0.0000	test_ep_length_mean:     200.0000
test_episode_length_mean:199.0000	test_red_team_alives_mean: 20.0000	test_red_team_win_mean:    0.8000	test_return_mean:          2.6882
test_return_std:           0.0000	
2026-04-06 21:59:26,707 - my_experiment - bat_HybridComm_5M - my_run - INFO - t_env: 1250931 / 5050000
2026-04-06 21:59:26,709 - my_experiment - bat_HybridComm_5M - my_run - INFO - Estimated time left: 8 hours, 38 minutes, 16 seconds. Time passed: 2 hours, 47 minutes, 0 seconds
2026-04-06 22:06:16,776 - my_experiment - bat_HybridComm_5M - my_run - INFO - Recent Stats | t_env:    1300872 | Episode:     6509
blue_team_alives_mean:     4.2824	blue_team_win_mean:        0.0000	ep_length_mean:          198.9843	episode_length_mean:     197.9843
epsilon:                   0.0500	grad_norm:               114.6634	info_nce_loss:             0.2670	loss:                      1.3406
q_loss:                    1.2187	red_team_alives_mean:     20.0000	red_team_win_mean:         1.0000	return_mean:               4.9450
return_std:                0.6933	test_blue_team_alives_mean:  8.2000	test_blue_team_win_mean:   0.0000	test_ep_length_mean:     200.0000
test_episode_length_mean:199.0000	test_red_team_alives_mean: 20.0000	test_red_team_win_mean:    1.0000	test_return_mean:          3.3337
test_return_std:           0.0000	
2026-04-06 22:06:18,254 - my_experiment - bat_HybridComm_5M - my_run - INFO - t_env: 1301072 / 5050000
2026-04-06 22:06:18,256 - my_experiment - bat_HybridComm_5M - my_run - INFO - Estimated time left: 8 hours, 32 minutes, 50 seconds. Time passed: 2 hours, 53 minutes, 51 seconds
2026-04-06 22:13:05,320 - my_experiment - bat_HybridComm_5M - my_run - INFO - Recent Stats | t_env:    1351002 | Episode:     6761
blue_team_alives_mean:     3.8264	blue_team_win_mean:        0.0000	ep_length_mean:          198.9412	episode_length_mean:     197.9412
epsilon:                   0.0500	grad_norm:                78.4826	info_nce_loss:             0.5303	loss:                      1.3611
q_loss:                    1.2374	red_team_alives_mean:     20.0000	red_team_win_mean:         1.0000	return_mean:               5.1099
return_std:                0.6241	test_blue_team_alives_mean:  6.0000	test_blue_team_win_mean:   0.0000	test_ep_length_mean:     200.0000
test_episode_length_mean:199.0000	test_red_team_alives_mean: 20.0000	test_red_team_win_mean:    1.0000	test_return_mean:          4.2454
test_return_std:           0.0000	
2026-04-06 22:13:06,778 - my_experiment - bat_HybridComm_5M - my_run - INFO - t_env: 1351202 / 5050000
2026-04-06 22:13:06,779 - my_experiment - bat_HybridComm_5M - my_run - INFO - Estimated time left: 8 hours, 22 minutes, 22 seconds. Time passed: 3 hours, 40 seconds
2026-04-06 22:19:53,920 - my_experiment - bat_HybridComm_5M - my_run - INFO - Recent Stats | t_env:    1401060 | Episode:     7012
blue_team_alives_mean:     3.8622	blue_team_win_mean:        0.0000	ep_length_mean:          199.4431	episode_length_mean:     198.4431
epsilon:                   0.0500	grad_norm:                85.4261	info_nce_loss:             0.8226	loss:                      1.4055
q_loss:                    1.2777	red_team_alives_mean:     20.0000	red_team_win_mean:         1.0000	return_mean:               5.1769
return_std:                0.5562	test_blue_team_alives_mean:  6.0000	test_blue_team_win_mean:   0.0000	test_ep_length_mean:     200.0000
test_episode_length_mean:199.0000	test_red_team_alives_mean: 20.0000	test_red_team_win_mean:    1.0000	test_return_mean:          4.2164
test_return_std:           0.0000	
2026-04-06 22:19:55,402 - my_experiment - bat_HybridComm_5M - my_run - INFO - t_env: 1401260 / 5050000
2026-04-06 22:19:55,403 - my_experiment - bat_HybridComm_5M - my_run - INFO - Estimated time left: 8 hours, 16 minutes, 24 seconds. Time passed: 3 hours, 7 minutes, 28 seconds
2026-04-06 22:26:41,628 - my_experiment - bat_HybridComm_5M - my_run - INFO - Recent Stats | t_env:    1451060 | Episode:     7262
blue_team_alives_mean:     3.7240	blue_team_win_mean:        0.0000	ep_length_mean:          200.0000	episode_length_mean:     199.0000
epsilon:                   0.0500	grad_norm:               114.4141	info_nce_loss:             0.7642	loss:                      1.4943
q_loss:                    1.3585	red_team_alives_mean:     20.0000	red_team_win_mean:         1.0000	return_mean:               5.3272
return_std:                0.4560	test_blue_team_alives_mean:  5.8000	test_blue_team_win_mean:   0.0000	test_ep_length_mean:     200.0000
test_episode_length_mean:199.0000	test_red_team_alives_mean: 20.0000	test_red_team_win_mean:    1.0000	test_return_mean:          4.0953
test_return_std:           0.0000	
2026-04-06 22:26:43,099 - my_experiment - bat_HybridComm_5M - my_run - INFO - t_env: 1451260 / 5050000
2026-04-06 22:26:43,100 - my_experiment - bat_HybridComm_5M - my_run - INFO - Estimated time left: 8 hours, 9 minutes, 3 seconds. Time passed: 3 hours, 14 minutes, 16 seconds
2026-04-06 22:33:26,043 - my_experiment - bat_HybridComm_5M - my_run - INFO - Saving models to work_dirs/my_experiment/bat_HybridComm_5M/my_run/20260406_191220/models/1500460
2026-04-06 22:33:30,424 - my_experiment - bat_HybridComm_5M - my_run - INFO - Recent Stats | t_env:    1501060 | Episode:     7512
blue_team_alives_mean:     4.3760	blue_team_win_mean:        0.0000	ep_length_mean:          200.0000	episode_length_mean:     199.0000
epsilon:                   0.0500	grad_norm:                71.7754	info_nce_loss:             0.7025	loss:                      1.4002
q_loss:                    1.2729	red_team_alives_mean:     20.0000	red_team_win_mean:         1.0000	return_mean:               5.2269
return_std:                0.5796	test_blue_team_alives_mean:  8.6000	test_blue_team_win_mean:   0.0000	test_ep_length_mean:     200.0000
test_episode_length_mean:199.0000	test_red_team_alives_mean: 20.0000	test_red_team_win_mean:    1.0000	test_return_mean:          3.0092
test_return_std:           0.0000	
2026-04-06 22:33:31,926 - my_experiment - bat_HybridComm_5M - my_run - INFO - t_env: 1501260 / 5050000
2026-04-06 22:33:31,928 - my_experiment - bat_HybridComm_5M - my_run - INFO - Estimated time left: 8 hours, 3 minutes, 36 seconds. Time passed: 3 hours, 21 minutes, 5 seconds
2026-04-06 22:40:11,680 - my_experiment - bat_HybridComm_5M - my_run - INFO - Recent Stats | t_env:    1551060 | Episode:     7762
blue_team_alives_mean:     4.6600	blue_team_win_mean:        0.0000	ep_length_mean:          200.0000	episode_length_mean:     199.0000
epsilon:                   0.0500	grad_norm:               109.4607	info_nce_loss:             0.6618	loss:                      1.4730
q_loss:                    1.3391	red_team_alives_mean:     20.0000	red_team_win_mean:         1.0000	return_mean:               5.1435
return_std:                0.4534	test_blue_team_alives_mean:  7.6000	test_blue_team_win_mean:   0.0000	test_ep_length_mean:     200.0000
test_episode_length_mean:199.0000	test_red_team_alives_mean: 20.0000	test_red_team_win_mean:    1.0000	test_return_mean:          3.5502
test_return_std:           0.0000	
2026-04-06 22:40:13,181 - my_experiment - bat_HybridComm_5M - my_run - INFO - t_env: 1551260 / 5050000
2026-04-06 22:40:13,183 - my_experiment - bat_HybridComm_5M - my_run - INFO - Estimated time left: 7 hours, 47 minutes, 57 seconds. Time passed: 3 hours, 27 minutes, 46 seconds
2026-04-06 22:46:53,650 - my_experiment - bat_HybridComm_5M - my_run - INFO - Recent Stats | t_env:    1601060 | Episode:     8012
blue_team_alives_mean:     4.7920	blue_team_win_mean:        0.0000	ep_length_mean:          200.0000	episode_length_mean:     199.0000
epsilon:                   0.0500	grad_norm:                74.8973	info_nce_loss:             0.7407	loss:                      1.4461
q_loss:                    1.3147	red_team_alives_mean:     20.0000	red_team_win_mean:         1.0000	return_mean:               5.0465
return_std:                0.5409	test_blue_team_alives_mean:  8.6000	test_blue_team_win_mean:   0.0000	test_ep_length_mean:     200.0000
test_episode_length_mean:199.0000	test_red_team_alives_mean: 20.0000	test_red_team_win_mean:    1.0000	test_return_mean:          3.2333
test_return_std:           0.0000	
2026-04-06 22:46:55,091 - my_experiment - bat_HybridComm_5M - my_run - INFO - t_env: 1601260 / 5050000
2026-04-06 22:46:55,093 - my_experiment - bat_HybridComm_5M - my_run - INFO - Estimated time left: 7 hours, 42 minutes, 1 seconds. Time passed: 3 hours, 34 minutes, 28 seconds
2026-04-06 22:53:35,866 - my_experiment - bat_HybridComm_5M - my_run - INFO - Recent Stats | t_env:    1651060 | Episode:     8262
blue_team_alives_mean:     4.6920	blue_team_win_mean:        0.0000	ep_length_mean:          200.0000	episode_length_mean:     199.0000
epsilon:                   0.0500	grad_norm:               100.9300	info_nce_loss:             0.8739	loss:                      1.5316
q_loss:                    1.3924	red_team_alives_mean:     20.0000	red_team_win_mean:         1.0000	return_mean:               5.0824
return_std:                0.5650	test_blue_team_alives_mean:  8.8000	test_blue_team_win_mean:   0.0000	test_ep_length_mean:     200.0000
test_episode_length_mean:199.0000	test_red_team_alives_mean: 20.0000	test_red_team_win_mean:    1.0000	test_return_mean:          3.1789
test_return_std:           0.0000	
2026-04-06 22:53:37,308 - my_experiment - bat_HybridComm_5M - my_run - INFO - t_env: 1651260 / 5050000
2026-04-06 22:53:37,309 - my_experiment - bat_HybridComm_5M - my_run - INFO - Estimated time left: 7 hours, 35 minutes, 40 seconds. Time passed: 3 hours, 41 minutes, 10 seconds
2026-04-06 23:00:16,353 - my_experiment - bat_HybridComm_5M - my_run - INFO - Recent Stats | t_env:    1701060 | Episode:     8512
blue_team_alives_mean:     4.7760	blue_team_win_mean:        0.0000	ep_length_mean:          200.0000	episode_length_mean:     199.0000
epsilon:                   0.0500	grad_norm:                95.3885	info_nce_loss:             0.7528	loss:                      1.4952
q_loss:                    1.3593	red_team_alives_mean:     20.0000	red_team_win_mean:         1.0000	return_mean:               5.0268
return_std:                0.6117	test_blue_team_alives_mean:  9.2000	test_blue_team_win_mean:   0.0000	test_ep_length_mean:     200.0000
test_episode_length_mean:199.0000	test_red_team_alives_mean: 20.0000	test_red_team_win_mean:    1.0000	test_return_mean:          3.2058
test_return_std:           0.0000	
2026-04-06 23:00:17,789 - my_experiment - bat_HybridComm_5M - my_run - INFO - t_env: 1701260 / 5050000
2026-04-06 23:00:17,791 - my_experiment - bat_HybridComm_5M - my_run - INFO - Estimated time left: 7 hours, 27 minutes, 2 seconds. Time passed: 3 hours, 47 minutes, 51 seconds
2026-04-06 23:06:56,507 - my_experiment - bat_HybridComm_5M - my_run - INFO - Recent Stats | t_env:    1751060 | Episode:     8762
blue_team_alives_mean:     4.4680	blue_team_win_mean:        0.0000	ep_length_mean:          200.0000	episode_length_mean:     199.0000
epsilon:                   0.0500	grad_norm:               106.3336	info_nce_loss:             0.5488	loss:                      1.4872
q_loss:                    1.3520	red_team_alives_mean:     20.0000	red_team_win_mean:         1.0000	return_mean:               5.0096
return_std:                0.5530	test_blue_team_alives_mean:  6.2000	test_blue_team_win_mean:   0.0000	test_ep_length_mean:     200.0000
test_episode_length_mean:199.0000	test_red_team_alives_mean: 20.0000	test_red_team_win_mean:    1.0000	test_return_mean:          4.3727
test_return_std:           0.0000	
2026-04-06 23:06:57,947 - my_experiment - bat_HybridComm_5M - my_run - INFO - t_env: 1751260 / 5050000
2026-04-06 23:06:57,949 - my_experiment - bat_HybridComm_5M - my_run - INFO - Estimated time left: 7 hours, 20 minutes, 0 seconds. Time passed: 3 hours, 54 minutes, 31 seconds
2026-04-06 23:13:37,651 - my_experiment - bat_HybridComm_5M - my_run - INFO - Recent Stats | t_env:    1801247 | Episode:     9013
blue_team_alives_mean:     3.9359	blue_team_win_mean:        0.0000	ep_length_mean:          199.9490	episode_length_mean:     198.9490
epsilon:                   0.0500	grad_norm:                57.1176	info_nce_loss:             1.0291	loss:                      1.4797
q_loss:                    1.3452	red_team_alives_mean:     20.0000	red_team_win_mean:         1.0000	return_mean:               5.2166
return_std:                0.5954	test_blue_team_alives_mean:  5.6000	test_blue_team_win_mean:   0.0000	test_ep_length_mean:     200.0000
test_episode_length_mean:199.0000	test_red_team_alives_mean: 20.0000	test_red_team_win_mean:    1.0000	test_return_mean:          4.5327
test_return_std:           0.0000	
2026-04-06 23:13:39,079 - my_experiment - bat_HybridComm_5M - my_run - INFO - t_env: 1801447 / 5050000
2026-04-06 23:13:39,080 - my_experiment - bat_HybridComm_5M - my_run - INFO - Estimated time left: 7 hours, 12 minutes, 44 seconds. Time passed: 4 hours, 1 minutes, 12 seconds
2026-04-06 23:20:25,670 - my_experiment - bat_HybridComm_5M - my_run - INFO - Recent Stats | t_env:    1851247 | Episode:     9263
blue_team_alives_mean:     3.8120	blue_team_win_mean:        0.0000	ep_length_mean:          200.0000	episode_length_mean:     199.0000
epsilon:                   0.0500	grad_norm:                86.9736	info_nce_loss:             0.7615	loss:                      1.6479
q_loss:                    1.4980	red_team_alives_mean:     20.0000	red_team_win_mean:         0.9960	return_mean:               5.1423
return_std:                0.5719	test_blue_team_alives_mean:  5.4000	test_blue_team_win_mean:   0.0000	test_ep_length_mean:     200.0000
test_episode_length_mean:199.0000	test_red_team_alives_mean: 20.0000	test_red_team_win_mean:    1.0000	test_return_mean:          4.5768
test_return_std:           0.0000	
2026-04-06 23:20:27,143 - my_experiment - bat_HybridComm_5M - my_run - INFO - t_env: 1851447 / 5050000
2026-04-06 23:20:27,145 - my_experiment - bat_HybridComm_5M - my_run - INFO - Estimated time left: 7 hours, 15 minutes, 4 seconds. Time passed: 4 hours, 8 minutes, 0 seconds
2026-04-06 23:27:16,176 - my_experiment - bat_HybridComm_5M - my_run - INFO - Recent Stats | t_env:    1901381 | Episode:     9514
blue_team_alives_mean:     4.2291	blue_team_win_mean:        0.0000	ep_length_mean:          199.7412	episode_length_mean:     198.7412
epsilon:                   0.0500	grad_norm:                75.9280	info_nce_loss:             0.9302	loss:                      1.6145
q_loss:                    1.4677	red_team_alives_mean:     20.0000	red_team_win_mean:         1.0000	return_mean:               4.6903
return_std:                0.8472	test_blue_team_alives_mean:  6.6000	test_blue_team_win_mean:   0.0000	test_ep_length_mean:     200.0000
test_episode_length_mean:199.0000	test_red_team_alives_mean: 20.0000	test_red_team_win_mean:    1.0000	test_return_mean:          4.1349
test_return_std:           0.0000	
2026-04-06 23:27:17,673 - my_experiment - bat_HybridComm_5M - my_run - INFO - t_env: 1901581 / 5050000
2026-04-06 23:27:17,675 - my_experiment - bat_HybridComm_5M - my_run - INFO - Estimated time left: 7 hours, 9 minutes, 41 seconds. Time passed: 4 hours, 14 minutes, 51 seconds
2026-04-06 23:34:05,755 - my_experiment - bat_HybridComm_5M - my_run - INFO - Recent Stats | t_env:    1951503 | Episode:     9767
blue_team_alives_mean:     3.9541	blue_team_win_mean:        0.0000	ep_length_mean:          199.0235	episode_length_mean:     198.0235
epsilon:                   0.0500	grad_norm:               140.9195	info_nce_loss:             0.9227	loss:                      1.6880
q_loss:                    1.5345	red_team_alives_mean:     20.0000	red_team_win_mean:         1.0000	return_mean:               4.8130
return_std:                0.7301	test_blue_team_alives_mean:  5.6000	test_blue_team_win_mean:   0.0000	test_ep_length_mean:     200.0000
test_episode_length_mean:199.0000	test_red_team_alives_mean: 20.0000	test_red_team_win_mean:    1.0000	test_return_mean:          4.4520
test_return_std:           0.0000	
2026-04-06 23:34:07,248 - my_experiment - bat_HybridComm_5M - my_run - INFO - t_env: 1951703 / 5050000
2026-04-06 23:34:07,250 - my_experiment - bat_HybridComm_5M - my_run - INFO - Estimated time left: 7 hours, 1 minutes, 57 seconds. Time passed: 4 hours, 21 minutes, 40 seconds
2026-04-06 23:40:45,826 - my_experiment - bat_HybridComm_5M - my_run - INFO - Saving models to work_dirs/my_experiment/bat_HybridComm_5M/my_run/20260406_191220/models/2000520
2026-04-06 23:40:53,222 - my_experiment - bat_HybridComm_5M - my_run - INFO - Recent Stats | t_env:    2001520 | Episode:    10018
blue_team_alives_mean:     3.1313	blue_team_win_mean:        0.0000	ep_length_mean:          198.8526	episode_length_mean:     197.8526
epsilon:                   0.0500	grad_norm:               142.2440	info_nce_loss:             0.6816	loss:                      1.7674
q_loss:                    1.6068	red_team_alives_mean:     20.0000	red_team_win_mean:         1.0000	return_mean:               5.1354
return_std:                0.5250	test_blue_team_alives_mean:  5.6000	test_blue_team_win_mean:   0.0000	test_ep_length_mean:     200.0000
test_episode_length_mean:199.0000	test_red_team_alives_mean: 20.0000	test_red_team_win_mean:    1.0000	test_return_mean:          4.3321
test_return_std:           0.0000	
2026-04-06 23:40:54,685 - my_experiment - bat_HybridComm_5M - my_run - INFO - t_env: 2001720 / 5050000
2026-04-06 23:40:54,686 - my_experiment - bat_HybridComm_5M - my_run - INFO - Estimated time left: 6 hours, 53 minutes, 51 seconds. Time passed: 4 hours, 28 minutes, 28 seconds
2026-04-06 23:47:42,357 - my_experiment - bat_HybridComm_5M - my_run - INFO - Recent Stats | t_env:    2051635 | Episode:    10270
blue_team_alives_mean:     3.7902	blue_team_win_mean:        0.0000	ep_length_mean:          198.4480	episode_length_mean:     197.4480
epsilon:                   0.0500	grad_norm:               138.6008	info_nce_loss:             0.6694	loss:                      1.6173
q_loss:                    1.4703	red_team_alives_mean:     20.0000	red_team_win_mean:         1.0000	return_mean:               4.9681
return_std:                0.7627	test_blue_team_alives_mean:  6.4000	test_blue_team_win_mean:   0.0000	test_ep_length_mean:     200.0000
test_episode_length_mean:199.0000	test_red_team_alives_mean: 20.0000	test_red_team_win_mean:    1.0000	test_return_mean:          3.8917
test_return_std:           0.0000	
2026-04-06 23:47:43,845 - my_experiment - bat_HybridComm_5M - my_run - INFO - t_env: 2051835 / 5050000
2026-04-06 23:47:43,847 - my_experiment - bat_HybridComm_5M - my_run - INFO - Estimated time left: 6 hours, 47 minutes, 58 seconds. Time passed: 4 hours, 35 minutes, 17 seconds
2026-04-06 23:54:33,228 - my_experiment - bat_HybridComm_5M - my_run - INFO - Recent Stats | t_env:    2101705 | Episode:    10521
blue_team_alives_mean:     4.7882	blue_team_win_mean:        0.0000	ep_length_mean:          199.4902	episode_length_mean:     198.4902
epsilon:                   0.0500	grad_norm:               138.5455	info_nce_loss:             0.8890	loss:                      1.6572
q_loss:                    1.5066	red_team_alives_mean:     20.0000	red_team_win_mean:         1.0000	return_mean:               4.4502
return_std:                0.7346	test_blue_team_alives_mean:  6.4000	test_blue_team_win_mean:   0.0000	test_ep_length_mean:     200.0000
test_episode_length_mean:199.0000	test_red_team_alives_mean: 20.0000	test_red_team_win_mean:    1.0000	test_return_mean:          3.8605
test_return_std:           0.0000	
2026-04-06 23:54:34,710 - my_experiment - bat_HybridComm_5M - my_run - INFO - t_env: 2101905 / 5050000
2026-04-06 23:54:34,712 - my_experiment - bat_HybridComm_5M - my_run - INFO - Estimated time left: 6 hours, 43 minutes, 11 seconds. Time passed: 4 hours, 42 minutes, 8 seconds
2026-04-07 00:01:22,613 - my_experiment - bat_HybridComm_5M - my_run - INFO - Recent Stats | t_env:    2151705 | Episode:    10771
blue_team_alives_mean:     5.1520	blue_team_win_mean:        0.0000	ep_length_mean:          200.0000	episode_length_mean:     199.0000
epsilon:                   0.0500	grad_norm:               101.0048	info_nce_loss:             0.6194	loss:                      1.5496
q_loss:                    1.4087	red_team_alives_mean:     20.0000	red_team_win_mean:         1.0000	return_mean:               4.4378
return_std:                0.6355	test_blue_team_alives_mean:  4.6000	test_blue_team_win_mean:   0.0000	test_ep_length_mean:     200.0000
test_episode_length_mean:199.0000	test_red_team_alives_mean: 20.0000	test_red_team_win_mean:    1.0000	test_return_mean:          4.4308
test_return_std:           0.0000	
2026-04-07 00:01:24,114 - my_experiment - bat_HybridComm_5M - my_run - INFO - t_env: 2151905 / 5050000
2026-04-07 00:01:24,116 - my_experiment - bat_HybridComm_5M - my_run - INFO - Estimated time left: 6 hours, 35 minutes, 29 seconds. Time passed: 4 hours, 48 minutes, 57 seconds
2026-04-07 00:08:10,857 - my_experiment - bat_HybridComm_5M - my_run - INFO - Recent Stats | t_env:    2201705 | Episode:    11021
blue_team_alives_mean:     5.2640	blue_team_win_mean:        0.0000	ep_length_mean:          200.0000	episode_length_mean:     199.0000
epsilon:                   0.0500	grad_norm:               150.3025	info_nce_loss:             1.0197	loss:                      1.5657
q_loss:                    1.4233	red_team_alives_mean:     20.0000	red_team_win_mean:         1.0000	return_mean:               4.1443
return_std:                0.5850	test_blue_team_alives_mean:  5.2000	test_blue_team_win_mean:   0.0000	test_ep_length_mean:     200.0000
test_episode_length_mean:199.0000	test_red_team_alives_mean: 20.0000	test_red_team_win_mean:    1.0000	test_return_mean:          4.1240
test_return_std:           0.0000	
2026-04-07 00:08:12,333 - my_experiment - bat_HybridComm_5M - my_run - INFO - t_env: 2201905 / 5050000
2026-04-07 00:08:12,335 - my_experiment - bat_HybridComm_5M - my_run - INFO - Estimated time left: 6 hours, 27 minutes, 32 seconds. Time passed: 4 hours, 55 minutes, 45 seconds
2026-04-07 00:15:00,665 - my_experiment - bat_HybridComm_5M - my_run - INFO - Recent Stats | t_env:    2251705 | Episode:    11271
blue_team_alives_mean:     5.7400	blue_team_win_mean:        0.0000	ep_length_mean:          200.0000	episode_length_mean:     199.0000
epsilon:                   0.0500	grad_norm:               258.8013	info_nce_loss:             0.5719	loss:                      1.5314
q_loss:                    1.3921	red_team_alives_mean:     20.0000	red_team_win_mean:         1.0000	return_mean:               3.8452
return_std:                0.6342	test_blue_team_alives_mean:  5.0000	test_blue_team_win_mean:   0.0000	test_ep_length_mean:     200.0000
test_episode_length_mean:199.0000	test_red_team_alives_mean: 20.0000	test_red_team_win_mean:    1.0000	test_return_mean:          4.1578
test_return_std:           0.0000	
2026-04-07 00:15:02,135 - my_experiment - bat_HybridComm_5M - my_run - INFO - t_env: 2251905 / 5050000
2026-04-07 00:15:02,136 - my_experiment - bat_HybridComm_5M - my_run - INFO - Estimated time left: 6 hours, 22 minutes, 13 seconds. Time passed: 5 hours, 2 minutes, 35 seconds
2026-04-07 00:21:46,011 - my_experiment - bat_HybridComm_5M - my_run - INFO - Recent Stats | t_env:    2301705 | Episode:    11521
blue_team_alives_mean:     5.0120	blue_team_win_mean:        0.0000	ep_length_mean:          200.0000	episode_length_mean:     199.0000
epsilon:                   0.0500	grad_norm:               204.9258	info_nce_loss:             0.6579	loss:                      1.4807
q_loss:                    1.3461	red_team_alives_mean:     20.0000	red_team_win_mean:         1.0000	return_mean:               4.2686
return_std:                0.6982	test_blue_team_alives_mean:  4.4000	test_blue_team_win_mean:   0.0000	test_ep_length_mean:     200.0000
test_episode_length_mean:199.0000	test_red_team_alives_mean: 20.0000	test_red_team_win_mean:    1.0000	test_return_mean:          4.4637
test_return_std:           0.0000	
2026-04-07 00:21:47,449 - my_experiment - bat_HybridComm_5M - my_run - INFO - t_env: 2301905 / 5050000
2026-04-07 00:21:47,450 - my_experiment - bat_HybridComm_5M - my_run - INFO - Estimated time left: 6 hours, 11 minutes, 16 seconds. Time passed: 5 hours, 9 minutes, 20 seconds
2026-04-07 00:28:28,197 - my_experiment - bat_HybridComm_5M - my_run - INFO - Recent Stats | t_env:    2351705 | Episode:    11771
blue_team_alives_mean:     5.7720	blue_team_win_mean:        0.0000	ep_length_mean:          200.0000	episode_length_mean:     199.0000
epsilon:                   0.0500	grad_norm:               168.6924	info_nce_loss:             1.1198	loss:                      1.4736
q_loss:                    1.3396	red_team_alives_mean:     20.0000	red_team_win_mean:         1.0000	return_mean:               4.0823
return_std:                0.8780	test_blue_team_alives_mean:  4.4000	test_blue_team_win_mean:   0.0000	test_ep_length_mean:     200.0000
test_episode_length_mean:199.0000	test_red_team_alives_mean: 20.0000	test_red_team_win_mean:    1.0000	test_return_mean:          4.4531
test_return_std:           0.0000	
2026-04-07 00:28:29,673 - my_experiment - bat_HybridComm_5M - my_run - INFO - t_env: 2351905 / 5050000
2026-04-07 00:28:29,674 - my_experiment - bat_HybridComm_5M - my_run - INFO - Estimated time left: 6 hours, 1 minutes, 44 seconds. Time passed: 5 hours, 16 minutes, 3 seconds
2026-04-07 00:35:16,683 - my_experiment - bat_HybridComm_5M - my_run - INFO - Recent Stats | t_env:    2401860 | Episode:    12022
blue_team_alives_mean:     5.6574	blue_team_win_mean:        0.0000	ep_length_mean:          199.8235	episode_length_mean:     198.8235
epsilon:                   0.0500	grad_norm:               167.6442	info_nce_loss:             0.9158	loss:                      1.3025
q_loss:                    1.1841	red_team_alives_mean:     20.0000	red_team_win_mean:         1.0000	return_mean:               3.9403
return_std:                0.8416	test_blue_team_alives_mean:  4.4000	test_blue_team_win_mean:   0.0000	test_ep_length_mean:     200.0000
test_episode_length_mean:199.0000	test_red_team_alives_mean: 20.0000	test_red_team_win_mean:    1.0000	test_return_mean:          4.4051
test_return_std:           0.0000	
2026-04-07 00:35:18,242 - my_experiment - bat_HybridComm_5M - my_run - INFO - t_env: 2402060 / 5050000
2026-04-07 00:35:18,243 - my_experiment - bat_HybridComm_5M - my_run - INFO - Estimated time left: 5 hours, 59 minutes, 30 seconds. Time passed: 5 hours, 22 minutes, 51 seconds
2026-04-07 00:42:04,800 - my_experiment - bat_HybridComm_5M - my_run - INFO - Recent Stats | t_env:    2451860 | Episode:    12272
blue_team_alives_mean:     5.4840	blue_team_win_mean:        0.0000	ep_length_mean:          200.0000	episode_length_mean:     199.0000
epsilon:                   0.0500	grad_norm:               417.5543	info_nce_loss:             0.9460	loss:                      1.5811
q_loss:                    1.4373	red_team_alives_mean:     20.0000	red_team_win_mean:         1.0000	return_mean:               3.9509
return_std:                0.8583	test_blue_team_alives_mean:  4.8000	test_blue_team_win_mean:   0.0000	test_ep_length_mean:     200.0000
test_episode_length_mean:199.0000	test_red_team_alives_mean: 20.0000	test_red_team_win_mean:    1.0000	test_return_mean:          4.2261
test_return_std:           0.0000	
2026-04-07 00:42:06,297 - my_experiment - bat_HybridComm_5M - my_run - INFO - t_env: 2452060 / 5050000
2026-04-07 00:42:06,299 - my_experiment - bat_HybridComm_5M - my_run - INFO - Estimated time left: 5 hours, 53 minutes, 22 seconds. Time passed: 5 hours, 29 minutes, 39 seconds
2026-04-07 00:48:44,834 - my_experiment - bat_HybridComm_5M - my_run - INFO - Saving models to work_dirs/my_experiment/bat_HybridComm_5M/my_run/20260406_191220/models/2500595
2026-04-07 00:48:55,222 - my_experiment - bat_HybridComm_5M - my_run - INFO - Recent Stats | t_env:    2501995 | Episode:    12523
blue_team_alives_mean:     5.6096	blue_team_win_mean:        0.0000	ep_length_mean:          199.7451	episode_length_mean:     198.7451
epsilon:                   0.0500	grad_norm:               201.4824	info_nce_loss:             0.5405	loss:                      1.4026
q_loss:                    1.2751	red_team_alives_mean:     20.0000	red_team_win_mean:         1.0000	return_mean:               3.9116
return_std:                0.8010	test_blue_team_alives_mean:  4.6000	test_blue_team_win_mean:   0.0000	test_ep_length_mean:     200.0000
test_episode_length_mean:199.0000	test_red_team_alives_mean: 20.0000	test_red_team_win_mean:    1.0000	test_return_mean:          4.3981
test_return_std:           0.0000	
2026-04-07 00:48:56,693 - my_experiment - bat_HybridComm_5M - my_run - INFO - t_env: 2502195 / 5050000
2026-04-07 00:48:56,695 - my_experiment - bat_HybridComm_5M - my_run - INFO - Estimated time left: 5 hours, 47 minutes, 35 seconds. Time passed: 5 hours, 36 minutes, 30 seconds
2026-04-07 00:55:45,137 - my_experiment - bat_HybridComm_5M - my_run - INFO - Recent Stats | t_env:    2552137 | Episode:    12774
blue_team_alives_mean:     5.5580	blue_team_win_mean:        0.0000	ep_length_mean:          199.7725	episode_length_mean:     198.7725
epsilon:                   0.0500	grad_norm:               280.8127	info_nce_loss:             0.7314	loss:                      1.3344
q_loss:                    1.2131	red_team_alives_mean:     20.0000	red_team_win_mean:         1.0000	return_mean:               3.8993
return_std:                0.8254	test_blue_team_alives_mean:  4.0000	test_blue_team_win_mean:   0.0000	test_ep_length_mean:     200.0000
test_episode_length_mean:199.0000	test_red_team_alives_mean: 20.0000	test_red_team_win_mean:    1.0000	test_return_mean:          4.4828
test_return_std:           0.0000	
2026-04-07 00:55:46,609 - my_experiment - bat_HybridComm_5M - my_run - INFO - t_env: 2552337 / 5050000
2026-04-07 00:55:46,610 - my_experiment - bat_HybridComm_5M - my_run - INFO - Estimated time left: 5 hours, 40 minutes, 18 seconds. Time passed: 5 hours, 43 minutes, 20 seconds
2026-04-07 01:02:36,191 - my_experiment - bat_HybridComm_5M - my_run - INFO - Recent Stats | t_env:    2602272 | Episode:    13025
blue_team_alives_mean:     5.6302	blue_team_win_mean:        0.0000	ep_length_mean:          199.7451	episode_length_mean:     198.7451
epsilon:                   0.0500	grad_norm:               198.9669	info_nce_loss:             0.4393	loss:                      1.2456
q_loss:                    1.1323	red_team_alives_mean:     20.0000	red_team_win_mean:         1.0000	return_mean:               3.9207
return_std:                0.8270	test_blue_team_alives_mean:  3.8000	test_blue_team_win_mean:   0.0000	test_ep_length_mean:     200.0000
test_episode_length_mean:199.0000	test_red_team_alives_mean: 20.0000	test_red_team_win_mean:    1.0000	test_return_mean:          4.5542
test_return_std:           0.0000	
2026-04-07 01:02:37,678 - my_experiment - bat_HybridComm_5M - my_run - INFO - t_env: 2602472 / 5050000
2026-04-07 01:02:37,680 - my_experiment - bat_HybridComm_5M - my_run - INFO - Estimated time left: 5 hours, 34 minutes, 27 seconds. Time passed: 5 hours, 50 minutes, 11 seconds
2026-04-07 01:09:25,891 - my_experiment - bat_HybridComm_5M - my_run - INFO - Recent Stats | t_env:    2652272 | Episode:    13275
blue_team_alives_mean:     5.5240	blue_team_win_mean:        0.0000	ep_length_mean:          200.0000	episode_length_mean:     199.0000
epsilon:                   0.0500	grad_norm:               169.3829	info_nce_loss:             0.6451	loss:                      1.1907
q_loss:                    1.0825	red_team_alives_mean:     20.0000	red_team_win_mean:         1.0000	return_mean:               4.1014
return_std:                0.7984	test_blue_team_alives_mean:  4.4000	test_blue_team_win_mean:   0.0000	test_ep_length_mean:     200.0000
test_episode_length_mean:199.0000	test_red_team_alives_mean: 20.0000	test_red_team_win_mean:    1.0000	test_return_mean:          4.3639
test_return_std:           0.0000	
2026-04-07 01:09:27,387 - my_experiment - bat_HybridComm_5M - my_run - INFO - t_env: 2652472 / 5050000
2026-04-07 01:09:27,389 - my_experiment - bat_HybridComm_5M - my_run - INFO - Estimated time left: 5 hours, 27 minutes, 25 seconds. Time passed: 5 hours, 57 minutes, 0 seconds
2026-04-07 01:16:16,347 - my_experiment - bat_HybridComm_5M - my_run - INFO - Recent Stats | t_env:    2702416 | Episode:    13526
blue_team_alives_mean:     5.9911	blue_team_win_mean:        0.0000	ep_length_mean:          199.7804	episode_length_mean:     198.7804
epsilon:                   0.0500	grad_norm:               229.1891	info_nce_loss:             0.7301	loss:                      1.2529
q_loss:                    1.1390	red_team_alives_mean:     20.0000	red_team_win_mean:         1.0000	return_mean:               3.6735
return_std:                0.7405	test_blue_team_alives_mean:  5.0000	test_blue_team_win_mean:   0.0000	test_ep_length_mean:     200.0000
test_episode_length_mean:199.0000	test_red_team_alives_mean: 20.0000	test_red_team_win_mean:    1.0000	test_return_mean:          4.1148
test_return_std:           0.0000	
2026-04-07 01:16:17,842 - my_experiment - bat_HybridComm_5M - my_run - INFO - t_env: 2702616 / 5050000
2026-04-07 01:16:17,844 - my_experiment - bat_HybridComm_5M - my_run - INFO - Estimated time left: 5 hours, 20 minutes, 14 seconds. Time passed: 6 hours, 3 minutes, 51 seconds
2026-04-07 01:23:06,428 - my_experiment - bat_HybridComm_5M - my_run - INFO - Recent Stats | t_env:    2752613 | Episode:    13777
blue_team_alives_mean:     6.6899	blue_team_win_mean:        0.0000	ep_length_mean:          199.9882	episode_length_mean:     198.9882
epsilon:                   0.0500	grad_norm:               145.6678	info_nce_loss:             0.9772	loss:                      1.1614
q_loss:                    1.0558	red_team_alives_mean:     20.0000	red_team_win_mean:         1.0000	return_mean:               3.5410
return_std:                0.7477	test_blue_team_alives_mean:  5.6000	test_blue_team_win_mean:   0.0000	test_ep_length_mean:     200.0000
test_episode_length_mean:199.0000	test_red_team_alives_mean: 20.0000	test_red_team_win_mean:    1.0000	test_return_mean:          3.8014
test_return_std:           0.0000	
2026-04-07 01:23:07,893 - my_experiment - bat_HybridComm_5M - my_run - INFO - t_env: 2752813 / 5050000
2026-04-07 01:23:07,895 - my_experiment - bat_HybridComm_5M - my_run - INFO - Estimated time left: 5 hours, 12 minutes, 45 seconds. Time passed: 6 hours, 10 minutes, 41 seconds
2026-04-07 01:29:55,471 - my_experiment - bat_HybridComm_5M - my_run - INFO - Recent Stats | t_env:    2802613 | Episode:    14027
blue_team_alives_mean:     6.0880	blue_team_win_mean:        0.0000	ep_length_mean:          200.0000	episode_length_mean:     199.0000
epsilon:                   0.0500	grad_norm:               130.8057	info_nce_loss:             0.9410	loss:                      1.1410
q_loss:                    1.0373	red_team_alives_mean:     20.0000	red_team_win_mean:         1.0000	return_mean:               3.7511
return_std:                0.7746	test_blue_team_alives_mean:  7.0000	test_blue_team_win_mean:   0.0000	test_ep_length_mean:     200.0000
test_episode_length_mean:199.0000	test_red_team_alives_mean: 20.0000	test_red_team_win_mean:    1.0000	test_return_mean:          3.2455
test_return_std:           0.0000	
2026-04-07 01:29:56,958 - my_experiment - bat_HybridComm_5M - my_run - INFO - t_env: 2802813 / 5050000
2026-04-07 01:29:56,960 - my_experiment - bat_HybridComm_5M - my_run - INFO - Estimated time left: 5 hours, 6 minutes, 24 seconds. Time passed: 6 hours, 17 minutes, 30 seconds
2026-04-07 01:36:44,634 - my_experiment - bat_HybridComm_5M - my_run - INFO - Recent Stats | t_env:    2852613 | Episode:    14277
blue_team_alives_mean:     4.9840	blue_team_win_mean:        0.0000	ep_length_mean:          200.0000	episode_length_mean:     199.0000
epsilon:                   0.0500	grad_norm:               100.9992	info_nce_loss:             0.8268	loss:                      1.1023
q_loss:                    1.0021	red_team_alives_mean:     20.0000	red_team_win_mean:         1.0000	return_mean:               4.3416
return_std:                0.7334	test_blue_team_alives_mean:  6.8000	test_blue_team_win_mean:   0.0000	test_ep_length_mean:     200.0000
test_episode_length_mean:199.0000	test_red_team_alives_mean: 20.0000	test_red_team_win_mean:    1.0000	test_return_mean:          3.2639
test_return_std:           0.0000	
2026-04-07 01:36:46,134 - my_experiment - bat_HybridComm_5M - my_run - INFO - t_env: 2852813 / 5050000
2026-04-07 01:36:46,136 - my_experiment - bat_HybridComm_5M - my_run - INFO - Estimated time left: 4 hours, 59 minutes, 40 seconds. Time passed: 6 hours, 24 minutes, 19 seconds
2026-04-07 01:43:29,397 - my_experiment - bat_HybridComm_5M - my_run - INFO - Recent Stats | t_env:    2902613 | Episode:    14527
blue_team_alives_mean:     5.4680	blue_team_win_mean:        0.0000	ep_length_mean:          200.0000	episode_length_mean:     199.0000
epsilon:                   0.0500	grad_norm:                96.2365	info_nce_loss:             0.7547	loss:                      1.0876
q_loss:                    0.9887	red_team_alives_mean:     20.0000	red_team_win_mean:         1.0000	return_mean:               4.2539
return_std:                0.7063	test_blue_team_alives_mean:  6.4000	test_blue_team_win_mean:   0.0000	test_ep_length_mean:     200.0000
test_episode_length_mean:199.0000	test_red_team_alives_mean: 20.0000	test_red_team_win_mean:    1.0000	test_return_mean:          3.4133
test_return_std:           0.0000	
2026-04-07 01:43:30,849 - my_experiment - bat_HybridComm_5M - my_run - INFO - t_env: 2902813 / 5050000
2026-04-07 01:43:30,850 - my_experiment - bat_HybridComm_5M - my_run - INFO - Estimated time left: 4 hours, 49 minutes, 39 seconds. Time passed: 6 hours, 31 minutes, 4 seconds
2026-04-07 01:50:11,929 - my_experiment - bat_HybridComm_5M - my_run - INFO - Recent Stats | t_env:    2952613 | Episode:    14777
blue_team_alives_mean:     5.4360	blue_team_win_mean:        0.0000	ep_length_mean:          200.0000	episode_length_mean:     199.0000
epsilon:                   0.0500	grad_norm:                71.4443	info_nce_loss:             0.9577	loss:                      1.0376
q_loss:                    0.9432	red_team_alives_mean:     20.0000	red_team_win_mean:         1.0000	return_mean:               4.2940
return_std:                0.7677	test_blue_team_alives_mean:  6.6000	test_blue_team_win_mean:   0.0000	test_ep_length_mean:     200.0000
test_episode_length_mean:199.0000	test_red_team_alives_mean: 20.0000	test_red_team_win_mean:    1.0000	test_return_mean:          3.4853
test_return_std:           0.0000	
2026-04-07 01:50:13,365 - my_experiment - bat_HybridComm_5M - my_run - INFO - t_env: 2952813 / 5050000
2026-04-07 01:50:13,367 - my_experiment - bat_HybridComm_5M - my_run - INFO - Estimated time left: 4 hours, 41 minutes, 23 seconds. Time passed: 6 hours, 37 minutes, 46 seconds
2026-04-07 01:56:40,169 - my_experiment - bat_HybridComm_5M - my_run - INFO - Saving models to work_dirs/my_experiment/bat_HybridComm_5M/my_run/20260406_191220/models/3000613
2026-04-07 01:56:54,765 - my_experiment - bat_HybridComm_5M - my_run - INFO - Recent Stats | t_env:    3002613 | Episode:    15027
blue_team_alives_mean:     5.4800	blue_team_win_mean:        0.0000	ep_length_mean:          200.0000	episode_length_mean:     199.0000
epsilon:                   0.0500	grad_norm:                84.6595	info_nce_loss:             1.0699	loss:                      1.1111
q_loss:                    1.0101	red_team_alives_mean:     20.0000	red_team_win_mean:         1.0000	return_mean:               4.3584
return_std:                0.7563	test_blue_team_alives_mean:  6.6000	test_blue_team_win_mean:   0.0000	test_ep_length_mean:     200.0000
test_episode_length_mean:199.0000	test_red_team_alives_mean: 20.0000	test_red_team_win_mean:    1.0000	test_return_mean:          3.5390
test_return_std:           0.0000	
2026-04-07 01:56:56,240 - my_experiment - bat_HybridComm_5M - my_run - INFO - t_env: 3002813 / 5050000
2026-04-07 01:56:56,242 - my_experiment - bat_HybridComm_5M - my_run - INFO - Estimated time left: 4 hours, 34 minutes, 55 seconds. Time passed: 6 hours, 44 minutes, 29 seconds
2026-04-07 02:03:36,924 - my_experiment - bat_HybridComm_5M - my_run - INFO - Recent Stats | t_env:    3052613 | Episode:    15277
blue_team_alives_mean:     5.9720	blue_team_win_mean:        0.0000	ep_length_mean:          200.0000	episode_length_mean:     199.0000
epsilon:                   0.0500	grad_norm:                96.0595	info_nce_loss:             0.8223	loss:                      1.1062
q_loss:                    1.0057	red_team_alives_mean:     20.0000	red_team_win_mean:         1.0000	return_mean:               4.1698
return_std:                0.8578	test_blue_team_alives_mean:  7.4000	test_blue_team_win_mean:   0.0000	test_ep_length_mean:     200.0000
test_episode_length_mean:199.0000	test_red_team_alives_mean: 20.0000	test_red_team_win_mean:    1.0000	test_return_mean:          3.2947
test_return_std:           0.0000	
2026-04-07 02:03:38,381 - my_experiment - bat_HybridComm_5M - my_run - INFO - t_env: 3052813 / 5050000
2026-04-07 02:03:38,383 - my_experiment - bat_HybridComm_5M - my_run - INFO - Estimated time left: 4 hours, 27 minutes, 43 seconds. Time passed: 6 hours, 51 minutes, 11 seconds
2026-04-07 02:10:19,946 - my_experiment - bat_HybridComm_5M - my_run - INFO - Recent Stats | t_env:    3102772 | Episode:    15528
blue_team_alives_mean:     5.9440	blue_team_win_mean:        0.0000	ep_length_mean:          200.0000	episode_length_mean:     199.0000
epsilon:                   0.0500	grad_norm:                66.6757	info_nce_loss:             0.9643	loss:                      1.0639
q_loss:                    0.9671	red_team_alives_mean:     20.0000	red_team_win_mean:         1.0000	return_mean:               4.1726
return_std:                0.8506	test_blue_team_alives_mean:  7.0000	test_blue_team_win_mean:   0.0000	test_ep_length_mean:     200.0000
test_episode_length_mean:199.0000	test_red_team_alives_mean: 20.0000	test_red_team_win_mean:    1.0000	test_return_mean:          3.5038
test_return_std:           0.0000	
2026-04-07 02:10:21,391 - my_experiment - bat_HybridComm_5M - my_run - INFO - t_env: 3102972 / 5050000
2026-04-07 02:10:21,393 - my_experiment - bat_HybridComm_5M - my_run - INFO - Estimated time left: 4 hours, 20 minutes, 43 seconds. Time passed: 6 hours, 57 minutes, 54 seconds
2026-04-07 02:17:04,004 - my_experiment - bat_HybridComm_5M - my_run - INFO - Recent Stats | t_env:    3152940 | Episode:    15779
blue_team_alives_mean:     6.1134	blue_team_win_mean:        0.0000	ep_length_mean:          199.7137	episode_length_mean:     198.7137
epsilon:                   0.0500	grad_norm:                71.9331	info_nce_loss:             0.7456	loss:                      1.0615
q_loss:                    0.9650	red_team_alives_mean:     20.0000	red_team_win_mean:         1.0000	return_mean:               4.0996
return_std:                0.9012	test_blue_team_alives_mean:  7.0000	test_blue_team_win_mean:   0.0000	test_ep_length_mean:     200.0000
test_episode_length_mean:199.0000	test_red_team_alives_mean: 20.0000	test_red_team_win_mean:    1.0000	test_return_mean:          3.4882
test_return_std:           0.0000	
2026-04-07 02:17:05,448 - my_experiment - bat_HybridComm_5M - my_run - INFO - t_env: 3153140 / 5050000
2026-04-07 02:17:05,450 - my_experiment - bat_HybridComm_5M - my_run - INFO - Estimated time left: 4 hours, 14 minutes, 37 seconds. Time passed: 7 hours, 4 minutes, 38 seconds
2026-04-07 02:23:50,054 - my_experiment - bat_HybridComm_5M - my_run - INFO - Recent Stats | t_env:    3203135 | Episode:    16030
blue_team_alives_mean:     5.5596	blue_team_win_mean:        0.0000	ep_length_mean:          199.9804	episode_length_mean:     198.9804
epsilon:                   0.0500	grad_norm:                93.0676	info_nce_loss:             1.3686	loss:                      1.1113
q_loss:                    1.0103	red_team_alives_mean:     20.0000	red_team_win_mean:         1.0000	return_mean:               4.3043
return_std:                0.8533	test_blue_team_alives_mean:  6.6000	test_blue_team_win_mean:   0.0000	test_ep_length_mean:     200.0000
test_episode_length_mean:199.0000	test_red_team_alives_mean: 20.0000	test_red_team_win_mean:    1.0000	test_return_mean:          3.5637
test_return_std:           0.0000	
2026-04-07 02:23:51,513 - my_experiment - bat_HybridComm_5M - my_run - INFO - t_env: 3203335 / 5050000
2026-04-07 02:23:51,515 - my_experiment - bat_HybridComm_5M - my_run - INFO - Estimated time left: 4 hours, 8 minutes, 59 seconds. Time passed: 7 hours, 11 minutes, 25 seconds
2026-04-07 02:30:33,154 - my_experiment - bat_HybridComm_5M - my_run - INFO - Recent Stats | t_env:    3253135 | Episode:    16280
blue_team_alives_mean:     6.1200	blue_team_win_mean:        0.0000	ep_length_mean:          200.0000	episode_length_mean:     199.0000
epsilon:                   0.0500	grad_norm:                75.0119	info_nce_loss:             0.7696	loss:                      1.0707
q_loss:                    0.9734	red_team_alives_mean:     20.0000	red_team_win_mean:         1.0000	return_mean:               4.0705
return_std:                0.9053	test_blue_team_alives_mean:  6.8000	test_blue_team_win_mean:   0.0000	test_ep_length_mean:     200.0000
test_episode_length_mean:199.0000	test_red_team_alives_mean: 20.0000	test_red_team_win_mean:    1.0000	test_return_mean:          3.4751
test_return_std:           0.0000	
2026-04-07 02:30:34,619 - my_experiment - bat_HybridComm_5M - my_run - INFO - t_env: 3253335 / 5050000
2026-04-07 02:30:34,621 - my_experiment - bat_HybridComm_5M - my_run - INFO - Estimated time left: 4 hours, 1 minutes, 24 seconds. Time passed: 7 hours, 18 minutes, 8 seconds
2026-04-07 02:37:09,382 - my_experiment - bat_HybridComm_5M - my_run - INFO - Recent Stats | t_env:    3303135 | Episode:    16530
blue_team_alives_mean:     5.7240	blue_team_win_mean:        0.0000	ep_length_mean:          200.0000	episode_length_mean:     199.0000
epsilon:                   0.0500	grad_norm:                66.1714	info_nce_loss:             0.8026	loss:                      1.0621
q_loss:                    0.9655	red_team_alives_mean:     20.0000	red_team_win_mean:         1.0000	return_mean:               4.2788
return_std:                0.8823	test_blue_team_alives_mean:  4.6000	test_blue_team_win_mean:   0.0000	test_ep_length_mean:     193.6000
test_episode_length_mean:192.6000	test_red_team_alives_mean: 20.0000	test_red_team_win_mean:    1.0000	test_return_mean:          4.4640
test_return_std:           0.0000	
2026-04-07 02:37:10,827 - my_experiment - bat_HybridComm_5M - my_run - INFO - t_env: 3303335 / 5050000
2026-04-07 02:37:10,829 - my_experiment - bat_HybridComm_5M - my_run - INFO - Estimated time left: 3 hours, 50 minutes, 40 seconds. Time passed: 7 hours, 24 minutes, 44 seconds
2026-04-07 02:43:51,112 - my_experiment - bat_HybridComm_5M - my_run - INFO - Recent Stats | t_env:    3353135 | Episode:    16780
blue_team_alives_mean:     5.0560	blue_team_win_mean:        0.0000	ep_length_mean:          200.0000	episode_length_mean:     199.0000
epsilon:                   0.0500	grad_norm:                75.8622	info_nce_loss:             0.7828	loss:                      1.1252
q_loss:                    1.0229	red_team_alives_mean:     20.0000	red_team_win_mean:         1.0000	return_mean:               4.5467
return_std:                0.8819	test_blue_team_alives_mean:  4.8000	test_blue_team_win_mean:   0.0000	test_ep_length_mean:     193.6000
test_episode_length_mean:192.6000	test_red_team_alives_mean: 20.0000	test_red_team_win_mean:    1.0000	test_return_mean:          4.3642
test_return_std:           0.0000	
2026-04-07 02:43:52,584 - my_experiment - bat_HybridComm_5M - my_run - INFO - t_env: 3353335 / 5050000
2026-04-07 02:43:52,586 - my_experiment - bat_HybridComm_5M - my_run - INFO - Estimated time left: 3 hours, 47 minutes, 12 seconds. Time passed: 7 hours, 31 minutes, 26 seconds
2026-04-07 02:50:34,302 - my_experiment - bat_HybridComm_5M - my_run - INFO - Recent Stats | t_env:    3403135 | Episode:    17030
blue_team_alives_mean:     6.4320	blue_team_win_mean:        0.0000	ep_length_mean:          200.0000	episode_length_mean:     199.0000
epsilon:                   0.0500	grad_norm:                93.7980	info_nce_loss:             0.5916	loss:                      1.1545
q_loss:                    1.0496	red_team_alives_mean:     20.0000	red_team_win_mean:         1.0000	return_mean:               4.0198
return_std:                0.9107	test_blue_team_alives_mean:  5.0000	test_blue_team_win_mean:   0.0000	test_ep_length_mean:     193.6000
test_episode_length_mean:192.6000	test_red_team_alives_mean: 20.0000	test_red_team_win_mean:    1.0000	test_return_mean:          4.3555
test_return_std:           0.0000	
2026-04-07 02:50:35,765 - my_experiment - bat_HybridComm_5M - my_run - INFO - t_env: 3403335 / 5050000
2026-04-07 02:50:35,766 - my_experiment - bat_HybridComm_5M - my_run - INFO - Estimated time left: 3 hours, 41 minutes, 18 seconds. Time passed: 7 hours, 38 minutes, 9 seconds
2026-04-07 02:57:08,879 - my_experiment - bat_HybridComm_5M - my_run - INFO - Recent Stats | t_env:    3453135 | Episode:    17280
blue_team_alives_mean:     6.7160	blue_team_win_mean:        0.0000	ep_length_mean:          200.0000	episode_length_mean:     199.0000
epsilon:                   0.0500	grad_norm:                49.4717	info_nce_loss:             1.2362	loss:                      1.1740
q_loss:                    1.0673	red_team_alives_mean:     20.0000	red_team_win_mean:         1.0000	return_mean:               3.8601
return_std:                0.7731	test_blue_team_alives_mean:  5.4000	test_blue_team_win_mean:   0.0000	test_ep_length_mean:     193.6000
test_episode_length_mean:192.6000	test_red_team_alives_mean: 20.0000	test_red_team_win_mean:    1.0000	test_return_mean:          4.1676
test_return_std:           0.0000	
2026-04-07 02:57:10,358 - my_experiment - bat_HybridComm_5M - my_run - INFO - t_env: 3453335 / 5050000
2026-04-07 02:57:10,360 - my_experiment - bat_HybridComm_5M - my_run - INFO - Estimated time left: 3 hours, 30 minutes, 0 seconds. Time passed: 7 hours, 44 minutes, 43 seconds
2026-04-07 03:03:47,955 - my_experiment - bat_HybridComm_5M - my_run - INFO - Saving models to work_dirs/my_experiment/bat_HybridComm_5M/my_run/20260406_191220/models/3500735
2026-04-07 03:04:06,102 - my_experiment - bat_HybridComm_5M - my_run - INFO - Recent Stats | t_env:    3503135 | Episode:    17530
blue_team_alives_mean:     6.6360	blue_team_win_mean:        0.0000	ep_length_mean:          200.0000	episode_length_mean:     199.0000
epsilon:                   0.0500	grad_norm:                47.5520	info_nce_loss:             0.9448	loss:                      1.1490
q_loss:                    1.0446	red_team_alives_mean:     20.0000	red_team_win_mean:         1.0000	return_mean:               3.9791
return_std:                0.7511	test_blue_team_alives_mean:  5.6000	test_blue_team_win_mean:   0.0000	test_ep_length_mean:     193.6000
test_episode_length_mean:192.6000	test_red_team_alives_mean: 20.0000	test_red_team_win_mean:    1.0000	test_return_mean:          4.1769
test_return_std:           0.0000	
2026-04-07 03:04:07,669 - my_experiment - bat_HybridComm_5M - my_run - INFO - t_env: 3503335 / 5050000
2026-04-07 03:04:07,670 - my_experiment - bat_HybridComm_5M - my_run - INFO - Estimated time left: 3 hours, 35 minutes, 8 seconds. Time passed: 7 hours, 51 minutes, 41 seconds
2026-04-07 03:11:00,222 - my_experiment - bat_HybridComm_5M - my_run - INFO - Recent Stats | t_env:    3553135 | Episode:    17780
blue_team_alives_mean:     5.8960	blue_team_win_mean:        0.0000	ep_length_mean:          200.0000	episode_length_mean:     199.0000
epsilon:                   0.0500	grad_norm:                52.0204	info_nce_loss:             0.9285	loss:                      1.1795
q_loss:                    1.0723	red_team_alives_mean:     20.0000	red_team_win_mean:         1.0000	return_mean:               4.3166
return_std:                0.7391	test_blue_team_alives_mean:  5.6000	test_blue_team_win_mean:   0.0000	test_ep_length_mean:     200.0000
test_episode_length_mean:199.0000	test_red_team_alives_mean: 20.0000	test_red_team_win_mean:    1.0000	test_return_mean:          4.0534
test_return_std:           0.0000	
2026-04-07 03:11:01,719 - my_experiment - bat_HybridComm_5M - my_run - INFO - t_env: 3553335 / 5050000
2026-04-07 03:11:01,721 - my_experiment - bat_HybridComm_5M - my_run - INFO - Estimated time left: 3 hours, 26 minutes, 33 seconds. Time passed: 7 hours, 58 minutes, 35 seconds
2026-04-07 03:17:54,732 - my_experiment - bat_HybridComm_5M - my_run - INFO - Recent Stats | t_env:    3603135 | Episode:    18030
blue_team_alives_mean:     6.1000	blue_team_win_mean:        0.0000	ep_length_mean:          200.0000	episode_length_mean:     199.0000
epsilon:                   0.0500	grad_norm:                60.3226	info_nce_loss:             1.5515	loss:                      1.1809
q_loss:                    1.0735	red_team_alives_mean:     20.0000	red_team_win_mean:         1.0000	return_mean:               4.3021
return_std:                0.5961	test_blue_team_alives_mean:  6.2000	test_blue_team_win_mean:   0.0000	test_ep_length_mean:     200.0000
test_episode_length_mean:199.0000	test_red_team_alives_mean: 20.0000	test_red_team_win_mean:    1.0000	test_return_mean:          3.8863
test_return_std:           0.0000	
2026-04-07 03:17:56,253 - my_experiment - bat_HybridComm_5M - my_run - INFO - t_env: 3603335 / 5050000
2026-04-07 03:17:56,255 - my_experiment - bat_HybridComm_5M - my_run - INFO - Estimated time left: 3 hours, 19 minutes, 53 seconds. Time passed: 8 hours, 5 minutes, 29 seconds
2026-04-07 03:24:50,558 - my_experiment - bat_HybridComm_5M - my_run - INFO - Recent Stats | t_env:    3653317 | Episode:    18281
blue_team_alives_mean:     5.8291	blue_team_win_mean:        0.0000	ep_length_mean:          199.9294	episode_length_mean:     198.9294
epsilon:                   0.0500	grad_norm:                56.5603	info_nce_loss:             0.8806	loss:                      1.1402
q_loss:                    1.0365	red_team_alives_mean:     20.0000	red_team_win_mean:         1.0000	return_mean:               4.4052
return_std:                0.7005	test_blue_team_alives_mean:  5.0000	test_blue_team_win_mean:   0.0000	test_ep_length_mean:     200.0000
test_episode_length_mean:199.0000	test_red_team_alives_mean: 20.0000	test_red_team_win_mean:    1.0000	test_return_mean:          4.4159
test_return_std:           0.0000	
2026-04-07 03:24:52,019 - my_experiment - bat_HybridComm_5M - my_run - INFO - t_env: 3653517 / 5050000
2026-04-07 03:24:52,021 - my_experiment - bat_HybridComm_5M - my_run - INFO - Estimated time left: 3 hours, 12 minutes, 50 seconds. Time passed: 8 hours, 12 minutes, 25 seconds
2026-04-07 03:31:33,556 - my_experiment - bat_HybridComm_5M - my_run - INFO - Recent Stats | t_env:    3703317 | Episode:    18531
blue_team_alives_mean:     4.9560	blue_team_win_mean:        0.0000	ep_length_mean:          200.0000	episode_length_mean:     199.0000
epsilon:                   0.0500	grad_norm:                42.0154	info_nce_loss:             1.1463	loss:                      1.1637
q_loss:                    1.0579	red_team_alives_mean:     20.0000	red_team_win_mean:         1.0000	return_mean:               4.6231
return_std:                0.5601	test_blue_team_alives_mean:  3.4000	test_blue_team_win_mean:   0.0000	test_ep_length_mean:     200.0000
test_episode_length_mean:199.0000	test_red_team_alives_mean: 20.0000	test_red_team_win_mean:    1.0000	test_return_mean:          5.0990
test_return_std:           0.0000	
2026-04-07 03:31:35,027 - my_experiment - bat_HybridComm_5M - my_run - INFO - t_env: 3703517 / 5050000
2026-04-07 03:31:35,028 - my_experiment - bat_HybridComm_5M - my_run - INFO - Estimated time left: 3 hours, 52 seconds. Time passed: 8 hours, 19 minutes, 8 seconds
2026-04-07 03:38:21,969 - my_experiment - bat_HybridComm_5M - my_run - INFO - Recent Stats | t_env:    3753377 | Episode:    18782
blue_team_alives_mean:     4.4522	blue_team_win_mean:        0.0000	ep_length_mean:          199.5529	episode_length_mean:     198.5529
epsilon:                   0.0500	grad_norm:                60.7484	info_nce_loss:             1.0518	loss:                      1.1788
q_loss:                    1.0716	red_team_alives_mean:     20.0000	red_team_win_mean:         1.0000	return_mean:               4.5417
return_std:                0.6617	test_blue_team_alives_mean:  6.0000	test_blue_team_win_mean:   0.0000	test_ep_length_mean:     200.0000
test_episode_length_mean:199.0000	test_red_team_alives_mean: 20.0000	test_red_team_win_mean:    0.8000	test_return_mean:          4.1510
test_return_std:           0.0000	
2026-04-07 03:38:23,433 - my_experiment - bat_HybridComm_5M - my_run - INFO - t_env: 3753577 / 5050000
2026-04-07 03:38:23,434 - my_experiment - bat_HybridComm_5M - my_run - INFO - Estimated time left: 2 hours, 56 minutes, 16 seconds. Time passed: 8 hours, 25 minutes, 56 seconds
2026-04-07 03:45:09,235 - my_experiment - bat_HybridComm_5M - my_run - INFO - Recent Stats | t_env:    3803533 | Episode:    19033
blue_team_alives_mean:     3.6965	blue_team_win_mean:        0.0000	ep_length_mean:          199.7255	episode_length_mean:     198.7255
epsilon:                   0.0500	grad_norm:                43.5945	info_nce_loss:             0.6329	loss:                      1.1343
q_loss:                    1.0311	red_team_alives_mean:     20.0000	red_team_win_mean:         1.0000	return_mean:               4.7208
return_std:                0.5830	test_blue_team_alives_mean:  8.8000	test_blue_team_win_mean:   0.0000	test_ep_length_mean:     200.0000
test_episode_length_mean:199.0000	test_red_team_alives_mean: 20.0000	test_red_team_win_mean:    0.8000	test_return_mean:          3.1299
test_return_std:           0.0000	
2026-04-07 03:45:10,679 - my_experiment - bat_HybridComm_5M - my_run - INFO - t_env: 3803733 / 5050000
2026-04-07 03:45:10,681 - my_experiment - bat_HybridComm_5M - my_run - INFO - Estimated time left: 2 hours, 48 minutes, 39 seconds. Time passed: 8 hours, 32 minutes, 44 seconds
2026-04-07 03:51:54,630 - my_experiment - bat_HybridComm_5M - my_run - INFO - Recent Stats | t_env:    3853622 | Episode:    19285
blue_team_alives_mean:     3.5682	blue_team_win_mean:        0.0000	ep_length_mean:          199.0431	episode_length_mean:     198.0431
epsilon:                   0.0500	grad_norm:                36.2320	info_nce_loss:             0.9958	loss:                      1.1420
q_loss:                    1.0382	red_team_alives_mean:     20.0000	red_team_win_mean:         1.0000	return_mean:               4.7890
return_std:                0.5641	test_blue_team_alives_mean:  8.2000	test_blue_team_win_mean:   0.0000	test_ep_length_mean:     200.0000
test_episode_length_mean:199.0000	test_red_team_alives_mean: 20.0000	test_red_team_win_mean:    0.8000	test_return_mean:          3.2337
test_return_std:           0.0000	
2026-04-07 03:51:56,085 - my_experiment - bat_HybridComm_5M - my_run - INFO - t_env: 3853822 / 5050000
2026-04-07 03:51:56,087 - my_experiment - bat_HybridComm_5M - my_run - INFO - Estimated time left: 2 hours, 41 minutes, 21 seconds. Time passed: 8 hours, 39 minutes, 29 seconds
2026-04-07 03:58:38,559 - my_experiment - bat_HybridComm_5M - my_run - INFO - Recent Stats | t_env:    3903732 | Episode:    19536
blue_team_alives_mean:     3.6397	blue_team_win_mean:        0.0000	ep_length_mean:          199.3843	episode_length_mean:     198.3843
epsilon:                   0.0500	grad_norm:                31.6641	info_nce_loss:             1.1942	loss:                      1.1363
q_loss:                    1.0330	red_team_alives_mean:     20.0000	red_team_win_mean:         1.0000	return_mean:               4.9256
return_std:                0.4755	test_blue_team_alives_mean:  8.8000	test_blue_team_win_mean:   0.0000	test_ep_length_mean:     200.0000
test_episode_length_mean:199.0000	test_red_team_alives_mean: 20.0000	test_red_team_win_mean:    0.8000	test_return_mean:          2.8032
test_return_std:           0.0000	
2026-04-07 03:58:40,026 - my_experiment - bat_HybridComm_5M - my_run - INFO - t_env: 3903932 / 5050000
2026-04-07 03:58:40,027 - my_experiment - bat_HybridComm_5M - my_run - INFO - Estimated time left: 2 hours, 33 minutes, 58 seconds. Time passed: 8 hours, 46 minutes, 13 seconds
2026-04-07 04:05:22,382 - my_experiment - bat_HybridComm_5M - my_run - INFO - Recent Stats | t_env:    3953895 | Episode:    19787
blue_team_alives_mean:     3.7694	blue_team_win_mean:        0.0000	ep_length_mean:          199.9961	episode_length_mean:     198.9961
epsilon:                   0.0500	grad_norm:                46.9997	info_nce_loss:             1.2748	loss:                      1.1585
q_loss:                    1.0532	red_team_alives_mean:     20.0000	red_team_win_mean:         1.0000	return_mean:               4.8185
return_std:                0.5680	test_blue_team_alives_mean:  9.2000	test_blue_team_win_mean:   0.0000	test_ep_length_mean:     200.0000
test_episode_length_mean:199.0000	test_red_team_alives_mean: 20.0000	test_red_team_win_mean:    0.8000	test_return_mean:          2.5770
test_return_std:           0.0000	
2026-04-07 04:05:23,850 - my_experiment - bat_HybridComm_5M - my_run - INFO - t_env: 3954095 / 5050000
2026-04-07 04:05:23,852 - my_experiment - bat_HybridComm_5M - my_run - INFO - Estimated time left: 2 hours, 27 minutes, 2 seconds. Time passed: 8 hours, 52 minutes, 57 seconds
2026-04-07 04:11:44,647 - my_experiment - bat_HybridComm_5M - my_run - INFO - Saving models to work_dirs/my_experiment/bat_HybridComm_5M/my_run/20260406_191220/models/4000842
2026-04-07 04:12:07,496 - my_experiment - bat_HybridComm_5M - my_run - INFO - Recent Stats | t_env:    4003916 | Episode:    20039
blue_team_alives_mean:     3.7802	blue_team_win_mean:        0.0000	ep_length_mean:          198.8667	episode_length_mean:     197.8667
epsilon:                   0.0500	grad_norm:                51.5575	info_nce_loss:             1.3597	loss:                      1.1658
q_loss:                    1.0598	red_team_alives_mean:     20.0000	red_team_win_mean:         1.0000	return_mean:               4.8438
return_std:                0.6151	test_blue_team_alives_mean:  6.0000	test_blue_team_win_mean:   0.0000	test_ep_length_mean:     200.0000
test_episode_length_mean:199.0000	test_red_team_alives_mean: 20.0000	test_red_team_win_mean:    1.0000	test_return_mean:          3.7144
test_return_std:           0.0000	
2026-04-07 04:12:09,026 - my_experiment - bat_HybridComm_5M - my_run - INFO - t_env: 4004116 / 5050000
2026-04-07 04:12:09,028 - my_experiment - bat_HybridComm_5M - my_run - INFO - Estimated time left: 2 hours, 21 minutes, 11 seconds. Time passed: 8 hours, 59 minutes, 42 seconds
2026-04-07 04:18:54,024 - my_experiment - bat_HybridComm_5M - my_run - INFO - Recent Stats | t_env:    4054015 | Episode:    20290
blue_team_alives_mean:     4.1050	blue_team_win_mean:        0.0000	ep_length_mean:          199.1098	episode_length_mean:     198.1098
epsilon:                   0.0500	grad_norm:                52.6861	info_nce_loss:             1.5567	loss:                      1.1699
q_loss:                    1.0635	red_team_alives_mean:     20.0000	red_team_win_mean:         1.0000	return_mean:               4.7791
return_std:                0.6314	test_blue_team_alives_mean:  5.4000	test_blue_team_win_mean:   0.0000	test_ep_length_mean:     200.0000
test_episode_length_mean:199.0000	test_red_team_alives_mean: 20.0000	test_red_team_win_mean:    1.0000	test_return_mean:          3.7563
test_return_std:           0.0000	
2026-04-07 04:18:55,497 - my_experiment - bat_HybridComm_5M - my_run - INFO - t_env: 4054215 / 5050000
2026-04-07 04:18:55,499 - my_experiment - bat_HybridComm_5M - my_run - INFO - Estimated time left: 2 hours, 14 minutes, 39 seconds. Time passed: 9 hours, 6 minutes, 29 seconds
2026-04-07 04:25:36,693 - my_experiment - bat_HybridComm_5M - my_run - INFO - Recent Stats | t_env:    4104015 | Episode:    20540
blue_team_alives_mean:     4.7240	blue_team_win_mean:        0.0000	ep_length_mean:          200.0000	episode_length_mean:     199.0000
epsilon:                   0.0500	grad_norm:                19.1543	info_nce_loss:             0.7237	loss:                      1.1654
q_loss:                    1.0594	red_team_alives_mean:     20.0000	red_team_win_mean:         1.0000	return_mean:               4.7356
return_std:                0.5535	test_blue_team_alives_mean:  5.2000	test_blue_team_win_mean:   0.0000	test_ep_length_mean:     200.0000
test_episode_length_mean:199.0000	test_red_team_alives_mean: 20.0000	test_red_team_win_mean:    1.0000	test_return_mean:          3.8977
test_return_std:           0.0000	
2026-04-07 04:25:38,162 - my_experiment - bat_HybridComm_5M - my_run - INFO - t_env: 4104215 / 5050000
2026-04-07 04:25:38,163 - my_experiment - bat_HybridComm_5M - my_run - INFO - Estimated time left: 2 hours, 6 minutes, 56 seconds. Time passed: 9 hours, 13 minutes, 11 seconds
2026-04-07 04:32:22,453 - my_experiment - bat_HybridComm_5M - my_run - INFO - Recent Stats | t_env:    4154092 | Episode:    20792
blue_team_alives_mean:     4.1223	blue_team_win_mean:        0.0000	ep_length_mean:          198.7501	episode_length_mean:     197.7501
epsilon:                   0.0500	grad_norm:                26.1830	info_nce_loss:             0.7586	loss:                      1.1524
q_loss:                    1.0477	red_team_alives_mean:     20.0000	red_team_win_mean:         1.0000	return_mean:               4.9646
return_std:                0.5504	test_blue_team_alives_mean:  5.4000	test_blue_team_win_mean:   0.0000	test_ep_length_mean:     200.0000
test_episode_length_mean:199.0000	test_red_team_alives_mean: 20.0000	test_red_team_win_mean:    1.0000	test_return_mean:          3.9628
test_return_std:           0.0000	
2026-04-07 04:32:23,930 - my_experiment - bat_HybridComm_5M - my_run - INFO - t_env: 4154292 / 5050000
2026-04-07 04:32:23,932 - my_experiment - bat_HybridComm_5M - my_run - INFO - Estimated time left: 2 hours, 57 seconds. Time passed: 9 hours, 19 minutes, 57 seconds
2026-04-07 04:39:06,430 - my_experiment - bat_HybridComm_5M - my_run - INFO - Recent Stats | t_env:    4204092 | Episode:    21042
blue_team_alives_mean:     4.3680	blue_team_win_mean:        0.0000	ep_length_mean:          200.0000	episode_length_mean:     199.0000
epsilon:                   0.0500	grad_norm:                30.8214	info_nce_loss:             1.2432	loss:                      1.2140
q_loss:                    1.1036	red_team_alives_mean:     20.0000	red_team_win_mean:         1.0000	return_mean:               4.9914
return_std:                0.6148	test_blue_team_alives_mean:  5.4000	test_blue_team_win_mean:   0.0000	test_ep_length_mean:     200.0000
test_episode_length_mean:199.0000	test_red_team_alives_mean: 20.0000	test_red_team_win_mean:    1.0000	test_return_mean:          4.1384
test_return_std:           0.0000	
2026-04-07 04:39:07,885 - my_experiment - bat_HybridComm_5M - my_run - INFO - t_env: 4204292 / 5050000
2026-04-07 04:39:07,886 - my_experiment - bat_HybridComm_5M - my_run - INFO - Estimated time left: 1 hours, 53 minutes, 52 seconds. Time passed: 9 hours, 26 minutes, 41 seconds
2026-04-07 04:45:51,330 - my_experiment - bat_HybridComm_5M - my_run - INFO - Recent Stats | t_env:    4254092 | Episode:    21292
blue_team_alives_mean:     3.8480	blue_team_win_mean:        0.0000	ep_length_mean:          200.0000	episode_length_mean:     199.0000
epsilon:                   0.0500	grad_norm:                45.9723	info_nce_loss:             0.8362	loss:                      1.2006
q_loss:                    1.0914	red_team_alives_mean:     20.0000	red_team_win_mean:         1.0000	return_mean:               5.1637
return_std:                0.5895	test_blue_team_alives_mean:  5.6000	test_blue_team_win_mean:   0.0000	test_ep_length_mean:     200.0000
test_episode_length_mean:199.0000	test_red_team_alives_mean: 20.0000	test_red_team_win_mean:    1.0000	test_return_mean:          4.1034
test_return_std:           0.0000	
2026-04-07 04:45:52,792 - my_experiment - bat_HybridComm_5M - my_run - INFO - t_env: 4254292 / 5050000
2026-04-07 04:45:52,794 - my_experiment - bat_HybridComm_5M - my_run - INFO - Estimated time left: 1 hours, 47 minutes, 23 seconds. Time passed: 9 hours, 33 minutes, 26 seconds
2026-04-07 04:52:36,241 - my_experiment - bat_HybridComm_5M - my_run - INFO - Recent Stats | t_env:    4304272 | Episode:    21543
blue_team_alives_mean:     3.5573	blue_team_win_mean:        0.0000	ep_length_mean:          199.9216	episode_length_mean:     198.9216
epsilon:                   0.0500	grad_norm:                32.6544	info_nce_loss:             0.6613	loss:                      1.1318
q_loss:                    1.0289	red_team_alives_mean:     20.0000	red_team_win_mean:         1.0000	return_mean:               5.2340
return_std:                0.5786	test_blue_team_alives_mean:  4.0000	test_blue_team_win_mean:   0.0000	test_ep_length_mean:     200.0000
test_episode_length_mean:199.0000	test_red_team_alives_mean: 20.0000	test_red_team_win_mean:    1.0000	test_return_mean:          4.8851
test_return_std:           0.0000	
2026-04-07 04:52:37,705 - my_experiment - bat_HybridComm_5M - my_run - INFO - t_env: 4304472 / 5050000
2026-04-07 04:52:37,706 - my_experiment - bat_HybridComm_5M - my_run - INFO - Estimated time left: 1 hours, 40 minutes, 15 seconds. Time passed: 9 hours, 40 minutes, 11 seconds
2026-04-07 04:59:22,277 - my_experiment - bat_HybridComm_5M - my_run - INFO - Recent Stats | t_env:    4354447 | Episode:    21794
blue_team_alives_mean:     3.5630	blue_team_win_mean:        0.0000	ep_length_mean:          199.9333	episode_length_mean:     198.9333
epsilon:                   0.0500	grad_norm:                62.0480	info_nce_loss:             0.6888	loss:                      1.1536
q_loss:                    1.0487	red_team_alives_mean:     20.0000	red_team_win_mean:         1.0000	return_mean:               5.2513
return_std:                0.5966	test_blue_team_alives_mean:  3.8000	test_blue_team_win_mean:   0.0000	test_ep_length_mean:     200.0000
test_episode_length_mean:199.0000	test_red_team_alives_mean: 20.0000	test_red_team_win_mean:    1.0000	test_return_mean:          5.0178
test_return_std:           0.0000	
2026-04-07 04:59:23,752 - my_experiment - bat_HybridComm_5M - my_run - INFO - t_env: 4354647 / 5050000
2026-04-07 04:59:23,754 - my_experiment - bat_HybridComm_5M - my_run - INFO - Estimated time left: 1 hours, 33 minutes, 47 seconds. Time passed: 9 hours, 46 minutes, 57 seconds
2026-04-07 05:06:09,240 - my_experiment - bat_HybridComm_5M - my_run - INFO - Recent Stats | t_env:    4404579 | Episode:    22046
blue_team_alives_mean:     3.1895	blue_team_win_mean:        0.0000	ep_length_mean:          198.9176	episode_length_mean:     197.9176
epsilon:                   0.0500	grad_norm:                92.6298	info_nce_loss:             0.2970	loss:                      1.1773
q_loss:                    1.0703	red_team_alives_mean:     20.0000	red_team_win_mean:         1.0000	return_mean:               5.2651
return_std:                0.6504	test_blue_team_alives_mean:  3.2000	test_blue_team_win_mean:   0.0000	test_ep_length_mean:     200.0000
test_episode_length_mean:199.0000	test_red_team_alives_mean: 20.0000	test_red_team_win_mean:    1.0000	test_return_mean:          5.2208
test_return_std:           0.0000	
2026-04-07 05:06:10,752 - my_experiment - bat_HybridComm_5M - my_run - INFO - t_env: 4404779 / 5050000
2026-04-07 05:06:10,753 - my_experiment - bat_HybridComm_5M - my_run - INFO - Estimated time left: 1 hours, 27 minutes, 18 seconds. Time passed: 9 hours, 53 minutes, 44 seconds
2026-04-07 05:12:56,317 - my_experiment - bat_HybridComm_5M - my_run - INFO - Recent Stats | t_env:    4454621 | Episode:    22298
blue_team_alives_mean:     3.1089	blue_team_win_mean:        0.0000	ep_length_mean:          198.9333	episode_length_mean:     197.9333
epsilon:                   0.0500	grad_norm:                78.0023	info_nce_loss:             1.1173	loss:                      1.1493
q_loss:                    1.0448	red_team_alives_mean:     20.0000	red_team_win_mean:         1.0000	return_mean:               5.3394
return_std:                0.6933	test_blue_team_alives_mean:  2.8000	test_blue_team_win_mean:   0.0000	test_ep_length_mean:     200.0000
test_episode_length_mean:199.0000	test_red_team_alives_mean: 20.0000	test_red_team_win_mean:    1.0000	test_return_mean:          5.3229
test_return_std:           0.0000	
2026-04-07 05:12:57,771 - my_experiment - bat_HybridComm_5M - my_run - INFO - t_env: 4454821 / 5050000
2026-04-07 05:12:57,773 - my_experiment - bat_HybridComm_5M - my_run - INFO - Estimated time left: 1 hours, 20 minutes, 40 seconds. Time passed: 10 hours, 31 seconds
2026-04-07 05:19:17,456 - my_experiment - bat_HybridComm_5M - my_run - INFO - Saving models to work_dirs/my_experiment/bat_HybridComm_5M/my_run/20260406_191220/models/4500949
2026-04-07 05:19:45,231 - my_experiment - bat_HybridComm_5M - my_run - INFO - Recent Stats | t_env:    4504749 | Episode:    22553
blue_team_alives_mean:     2.7563	blue_team_win_mean:        0.0000	ep_length_mean:          196.3040	episode_length_mean:     195.3040
epsilon:                   0.0500	grad_norm:               100.4543	info_nce_loss:             1.0342	loss:                      1.2104
q_loss:                    1.1003	red_team_alives_mean:     20.0000	red_team_win_mean:         1.0000	return_mean:               5.3633
return_std:                0.6885	test_blue_team_alives_mean:  2.8000	test_blue_team_win_mean:   0.0000	test_ep_length_mean:     200.0000
test_episode_length_mean:199.0000	test_red_team_alives_mean: 20.0000	test_red_team_win_mean:    1.0000	test_return_mean:          5.2599
test_return_std:           0.0000	
2026-04-07 05:19:46,684 - my_experiment - bat_HybridComm_5M - my_run - INFO - t_env: 4504949 / 5050000
2026-04-07 05:19:46,685 - my_experiment - bat_HybridComm_5M - my_run - INFO - Estimated time left: 1 hours, 14 minutes, 6 seconds. Time passed: 10 hours, 7 minutes, 20 seconds
2026-04-07 05:26:31,921 - my_experiment - bat_HybridComm_5M - my_run - INFO - Recent Stats | t_env:    4554824 | Episode:    22807
blue_team_alives_mean:     2.7557	blue_team_win_mean:        0.0000	ep_length_mean:          197.7586	episode_length_mean:     196.7586
epsilon:                   0.0500	grad_norm:                87.8213	info_nce_loss:             0.9738	loss:                      1.1694
q_loss:                    1.0631	red_team_alives_mean:     20.0000	red_team_win_mean:         1.0000	return_mean:               5.3143
return_std:                0.6013	test_blue_team_alives_mean:  2.2000	test_blue_team_win_mean:   0.0000	test_ep_length_mean:     200.0000
test_episode_length_mean:199.0000	test_red_team_alives_mean: 20.0000	test_red_team_win_mean:    1.0000	test_return_mean:          5.4436
test_return_std:           0.0000	
2026-04-07 05:26:33,389 - my_experiment - bat_HybridComm_5M - my_run - INFO - t_env: 4555024 / 5050000
2026-04-07 05:26:33,390 - my_experiment - bat_HybridComm_5M - my_run - INFO - Estimated time left: 1 hours, 7 minutes, 0 seconds. Time passed: 10 hours, 14 minutes, 6 seconds
2026-04-07 05:33:20,901 - my_experiment - bat_HybridComm_5M - my_run - INFO - Recent Stats | t_env:    4605003 | Episode:    23061
blue_team_alives_mean:     2.7686	blue_team_win_mean:        0.0000	ep_length_mean:          197.4824	episode_length_mean:     196.4824
epsilon:                   0.0500	grad_norm:                84.4432	info_nce_loss:             0.7113	loss:                      1.1015
q_loss:                    1.0013	red_team_alives_mean:     20.0000	red_team_win_mean:         1.0000	return_mean:               5.3975
return_std:                0.6485	test_blue_team_alives_mean:  2.8000	test_blue_team_win_mean:   0.0000	test_ep_length_mean:     200.0000
test_episode_length_mean:199.0000	test_red_team_alives_mean: 20.0000	test_red_team_win_mean:    1.0000	test_return_mean:          5.1511
test_return_std:           0.0000	
2026-04-07 05:33:22,373 - my_experiment - bat_HybridComm_5M - my_run - INFO - t_env: 4605203 / 5050000
2026-04-07 05:33:22,375 - my_experiment - bat_HybridComm_5M - my_run - INFO - Estimated time left: 1 hours, 25 seconds. Time passed: 10 hours, 20 minutes, 55 seconds
2026-04-07 05:40:09,989 - my_experiment - bat_HybridComm_5M - my_run - INFO - Recent Stats | t_env:    4655108 | Episode:    23315
blue_team_alives_mean:     3.0204	blue_team_win_mean:        0.0000	ep_length_mean:          196.8181	episode_length_mean:     195.8181
epsilon:                   0.0500	grad_norm:               142.3181	info_nce_loss:             0.8706	loss:                      1.1914
q_loss:                    1.0831	red_team_alives_mean:     20.0000	red_team_win_mean:         1.0000	return_mean:               5.2228
return_std:                0.6312	test_blue_team_alives_mean:  3.6000	test_blue_team_win_mean:   0.0000	test_ep_length_mean:     200.0000
test_episode_length_mean:199.0000	test_red_team_alives_mean: 20.0000	test_red_team_win_mean:    1.0000	test_return_mean:          4.9392
test_return_std:           0.0000	
2026-04-07 05:40:11,454 - my_experiment - bat_HybridComm_5M - my_run - INFO - t_env: 4655308 / 5050000
2026-04-07 05:40:11,455 - my_experiment - bat_HybridComm_5M - my_run - INFO - Estimated time left: 53 minutes, 42 seconds. Time passed: 10 hours, 27 minutes, 44 seconds
2026-04-07 05:46:56,548 - my_experiment - bat_HybridComm_5M - my_run - INFO - Recent Stats | t_env:    4705189 | Episode:    23566
blue_team_alives_mean:     3.6617	blue_team_win_mean:        0.0000	ep_length_mean:          199.6824	episode_length_mean:     198.6824
epsilon:                   0.0500	grad_norm:               107.0165	info_nce_loss:             0.9230	loss:                      1.1288
q_loss:                    1.0262	red_team_alives_mean:     20.0000	red_team_win_mean:         1.0000	return_mean:               5.0124
return_std:                0.6397	test_blue_team_alives_mean:  4.4000	test_blue_team_win_mean:   0.0000	test_ep_length_mean:     200.0000
test_episode_length_mean:199.0000	test_red_team_alives_mean: 20.0000	test_red_team_win_mean:    1.0000	test_return_mean:          4.4711
test_return_std:           0.0000	
2026-04-07 05:46:58,001 - my_experiment - bat_HybridComm_5M - my_run - INFO - t_env: 4705389 / 5050000
2026-04-07 05:46:58,002 - my_experiment - bat_HybridComm_5M - my_run - INFO - Estimated time left: 46 minutes, 37 seconds. Time passed: 10 hours, 34 minutes, 31 seconds
2026-04-07 05:53:27,496 - my_experiment - bat_HybridComm_5M - my_run - INFO - Recent Stats | t_env:    4755331 | Episode:    23818
blue_team_alives_mean:     4.3941	blue_team_win_mean:        0.0000	ep_length_mean:          198.8571	episode_length_mean:     197.8571
epsilon:                   0.0500	grad_norm:                94.3870	info_nce_loss:             1.0750	loss:                      1.1538
q_loss:                    1.0489	red_team_alives_mean:     20.0000	red_team_win_mean:         1.0000	return_mean:               4.8038
return_std:                0.6376	test_blue_team_alives_mean:  4.6000	test_blue_team_win_mean:   0.0000	test_ep_length_mean:     200.0000
test_episode_length_mean:199.0000	test_red_team_alives_mean: 20.0000	test_red_team_win_mean:    1.0000	test_return_mean:          4.3755
test_return_std:           0.0000	
2026-04-07 05:53:28,835 - my_experiment - bat_HybridComm_5M - my_run - INFO - t_env: 4755531 / 5050000
2026-04-07 05:53:28,837 - my_experiment - bat_HybridComm_5M - my_run - INFO - Estimated time left: 38 minutes, 15 seconds. Time passed: 10 hours, 41 minutes, 2 seconds
2026-04-07 05:59:46,052 - my_experiment - bat_HybridComm_5M - my_run - INFO - Recent Stats | t_env:    4805491 | Episode:    24070
blue_team_alives_mean:     3.7512	blue_team_win_mean:        0.0000	ep_length_mean:          199.0588	episode_length_mean:     198.0588
epsilon:                   0.0500	grad_norm:                93.9354	info_nce_loss:             0.6815	loss:                      1.1299
q_loss:                    1.0272	red_team_alives_mean:     20.0000	red_team_win_mean:         1.0000	return_mean:               5.0787
return_std:                0.6560	test_blue_team_alives_mean:  5.6000	test_blue_team_win_mean:   0.0000	test_ep_length_mean:     200.0000
test_episode_length_mean:199.0000	test_red_team_alives_mean: 20.0000	test_red_team_win_mean:    1.0000	test_return_mean:          4.0100
test_return_std:           0.0000	
2026-04-07 05:59:47,398 - my_experiment - bat_HybridComm_5M - my_run - INFO - t_env: 4805691 / 5050000
2026-04-07 05:59:47,400 - my_experiment - bat_HybridComm_5M - my_run - INFO - Estimated time left: 30 minutes, 43 seconds. Time passed: 10 hours, 47 minutes, 20 seconds
2026-04-07 06:06:05,377 - my_experiment - bat_HybridComm_5M - my_run - INFO - Recent Stats | t_env:    4855590 | Episode:    24322
blue_team_alives_mean:     3.8322	blue_team_win_mean:        0.0000	ep_length_mean:          198.8365	episode_length_mean:     197.8365
epsilon:                   0.0500	grad_norm:                83.1005	info_nce_loss:             0.8889	loss:                      1.1298
q_loss:                    1.0271	red_team_alives_mean:     20.0000	red_team_win_mean:         1.0000	return_mean:               5.0189
return_std:                0.6834	test_blue_team_alives_mean:  6.0000	test_blue_team_win_mean:   0.0000	test_ep_length_mean:     200.0000
test_episode_length_mean:199.0000	test_red_team_alives_mean: 20.0000	test_red_team_win_mean:    1.0000	test_return_mean:          3.9788
test_return_std:           0.0000	
2026-04-07 06:06:06,741 - my_experiment - bat_HybridComm_5M - my_run - INFO - t_env: 4855790 / 5050000
2026-04-07 06:06:06,742 - my_experiment - bat_HybridComm_5M - my_run - INFO - Estimated time left: 24 minutes, 30 seconds. Time passed: 10 hours, 53 minutes, 40 seconds
2026-04-07 06:12:23,758 - my_experiment - bat_HybridComm_5M - my_run - INFO - Recent Stats | t_env:    4905683 | Episode:    24576
blue_team_alives_mean:     3.0261	blue_team_win_mean:        0.0000	ep_length_mean:          197.4718	episode_length_mean:     196.4718
epsilon:                   0.0500	grad_norm:               129.1536	info_nce_loss:             0.6344	loss:                      1.2442
q_loss:                    1.1311	red_team_alives_mean:     20.0000	red_team_win_mean:         1.0000	return_mean:               5.2960
return_std:                0.6037	test_blue_team_alives_mean:  5.6000	test_blue_team_win_mean:   0.0000	test_ep_length_mean:     200.0000
test_episode_length_mean:199.0000	test_red_team_alives_mean: 20.0000	test_red_team_win_mean:    1.0000	test_return_mean:          4.0562
test_return_std:           0.0000	
2026-04-07 06:12:25,131 - my_experiment - bat_HybridComm_5M - my_run - INFO - t_env: 4905883 / 5050000
2026-04-07 06:12:25,132 - my_experiment - bat_HybridComm_5M - my_run - INFO - Estimated time left: 18 minutes, 8 seconds. Time passed: 10 hours, 59 minutes, 58 seconds
2026-04-07 06:18:45,211 - my_experiment - bat_HybridComm_5M - my_run - INFO - Recent Stats | t_env:    4955745 | Episode:    24831
blue_team_alives_mean:     3.3602	blue_team_win_mean:        0.0000	ep_length_mean:          196.1636	episode_length_mean:     195.1636
epsilon:                   0.0500	grad_norm:                97.4504	info_nce_loss:             0.9954	loss:                      1.2528
q_loss:                    1.1389	red_team_alives_mean:     20.0000	red_team_win_mean:         1.0000	return_mean:               5.2667
return_std:                0.7218	test_blue_team_alives_mean:  5.4000	test_blue_team_win_mean:   0.0000	test_ep_length_mean:     200.0000
test_episode_length_mean:199.0000	test_red_team_alives_mean: 20.0000	test_red_team_win_mean:    1.0000	test_return_mean:          4.2977
test_return_std:           0.0000	
2026-04-07 06:18:46,562 - my_experiment - bat_HybridComm_5M - my_run - INFO - t_env: 4955945 / 5050000
2026-04-07 06:18:46,564 - my_experiment - bat_HybridComm_5M - my_run - INFO - Estimated time left: 11 minutes, 56 seconds. Time passed: 11 hours, 6 minutes, 20 seconds
2026-04-07 06:24:31,891 - my_experiment - bat_HybridComm_5M - my_run - INFO - Saving models to work_dirs/my_experiment/bat_HybridComm_5M/my_run/20260406_191220/models/5000990
2026-04-07 06:25:06,220 - my_experiment - bat_HybridComm_5M - my_run - INFO - Recent Stats | t_env:    5005831 | Episode:    25087
blue_team_alives_mean:     2.6102	blue_team_win_mean:        0.0000	ep_length_mean:          196.0901	episode_length_mean:     195.0901
epsilon:                   0.0500	grad_norm:                92.5714	info_nce_loss:             0.6536	loss:                      1.2184
q_loss:                    1.1077	red_team_alives_mean:     20.0000	red_team_win_mean:         1.0000	return_mean:               5.5188
return_std:                0.6190	test_blue_team_alives_mean:  5.2000	test_blue_team_win_mean:   0.0000	test_ep_length_mean:     200.0000
test_episode_length_mean:199.0000	test_red_team_alives_mean: 20.0000	test_red_team_win_mean:    1.0000	test_return_mean:          4.4495
test_return_std:           0.0000	
2026-04-07 06:25:07,581 - my_experiment - bat_HybridComm_5M - my_run - INFO - t_env: 5006031 / 5050000
2026-04-07 06:25:07,582 - my_experiment - bat_HybridComm_5M - my_run - INFO - Estimated time left: 5 minutes, 34 seconds. Time passed: 11 hours, 12 minutes, 41 seconds
2026-04-07 06:30:48,798 - my_experiment - bat_HybridComm_5M - my_run - INFO - Finished Training
