Gym has been unmaintained since 2022 and does not support NumPy 2.0 amongst other critical functionality.
Please upgrade to Gymnasium, the maintained drop-in replacement of Gym, or contact the authors of your software and request that they upgrade.
Users of this version of Gym should be able to simply replace 'import gym' with 'import gymnasium as gym' in the vast majority of cases.
See the migration guide at https://gymnasium.farama.org/introduction/migration_guide/ for additional information.
src/main.py:81: DeprecationWarning: Using or importing the ABCs from 'collections' instead of from 'collections.abc' is deprecated since Python 3.3, and in 3.10 it will stop working
  if isinstance(v, collections.Mapping):
wandb: [wandb.login()] Loaded credentials for https://api.wandb.ai from /home/pparsons/.netrc.
wandb: Currently logged in as: peterparsons02 (peterparsons02-eth-z-rich) to https://api.wandb.ai. Use `wandb login --relogin` to force relogin
wandb: setting up run nrbthtyz
wandb: Tracking run with wandb version 0.24.1
wandb: Run data is saved locally in /usr/itetnas04/data-scratch-01/pparsons/data/MyExpoComm/wandb/run-20260903_163733-nrbthtyz
wandb: Run `wandb offline` to turn off syncing.
wandb: Syncing run my_run-bat_60_ExpoComm_n9_42-20260903_163731
wandb: ⭐️ View project at https://wandb.ai/peterparsons02-eth-z-rich/my_experiment
wandb: 🚀 View run at https://wandb.ai/peterparsons02-eth-z-rich/my_experiment/runs/nrbthtyz
2026-09-03 16:37:40,804 - my_experiment - bat_60_ExpoComm_n9_42 - my_run - INFO - Current directory: /usr/itetnas04/data-scratch-01/pparsons/data/MyExpoComm.
2026-09-03 16:37:40,804 - my_experiment - bat_60_ExpoComm_n9_42 - my_run - INFO - Experiment Parameters:
2026-09-03 16:37:40,806 - my_experiment - bat_60_ExpoComm_n9_42 - my_run - INFO - 

{   'action_selector': 'epsilon_greedy',
    'add_value_last_step': True,
    'agent': 'ExpoComm_one_peer_cont',
    'agent_output_type': 'q',
    'aux_coef': 0.1,
    'batch_size': 16,
    'batch_size_run': 1,
    'buffer_cpu_only': True,
    'buffer_size': 1000,
    'checkpoint_path': '',
    'double_q': True,
    'env': 'MAgent_Battle',
    'env_args': {   'global_reward': True,
                    'map_name': 'battle_view7',
                    'map_size': 60,
                    'max_cycles': 200,
                    'minimap_mode': False,
                    'pretrained_ckpt': None,
                    'seed': 42},
    'epsilon_anneal_time': 1000000,
    'epsilon_finish': 0.05,
    'epsilon_start': 1.0,
    'evaluate': False,
    'evaluation_epsilon': 0.0,
    'exp_name': 'my_experiment',
    'gamma': 0.99,
    'global_reward': True,
    'grad_norm_clip': 10,
    'hidden_dim': 64,
    'hypergroup': None,
    'hypernet_embed': 64,
    'hypernet_layers': 2,
    'label': 'default_label',
    'learner': 'cont_q_learner',
    'learner_log_interval': 10000,
    'load_step': 0,
    'local_results_path': 'results',
    'log_interval': 50000,
    'lr': 0.0005,
    'mac': 'ExpoComm_mac',
    'mixer': 'qmix',
    'mixing_embed_dim': 64,
    'name': 'bat_60_ExpoComm_n9_42',
    'neg_num': 20,
    'obs_agent_id': True,
    'obs_individual_obs': False,
    'obs_last_action': True,
    'one_peer': True,
    'optim_alpha': 0.99,
    'optim_eps': 1e-05,
    'pos_flag': False,
    'render': False,
    'repeat_id': 1,
    'run_name': 'my_run',
    'runner': 'episode',
    'runner_log_interval': 10000,
    'save_model': True,
    'save_model_interval': 500000,
    'save_replay': False,
    'seed': 42,
    'standardise_returns': False,
    'standardise_rewards': True,
    't_max': 5050000,
    'target_update_interval_or_tau': 200,
    'temperature': 0.07,
    'test_greedy': True,
    'test_interval': 50000,
    'test_nepisode': 1,
    'topk_neighbors': 9,
    'use_cuda': True,
    'use_rnn': True,
    'use_tensorboard': True,
    'work_dir': 'work_dirs/my_experiment/bat_60_ExpoComm_n9_42/my_run/20260903_163731'}

/usr/itetnas04/data-scratch-01/pparsons/data/conda_envs/ExpoComm/lib/python3.8/site-packages/pettingzoo/utils/conversions.py:41: UserWarning: The `from_parallel` function is deprecated. Use the `parallel_to_aec` function instead.
  warnings.warn("The `from_parallel` function is deprecated. Use the `parallel_to_aec` function instead.")
/usr/itetnas04/data-scratch-01/pparsons/data/conda_envs/ExpoComm/lib/python3.8/site-packages/pettingzoo/utils/wrappers/base.py:44: UserWarning: The `observation_spaces` dictionary is deprecated. Use the `observation_space` function instead.
  warnings.warn("The `observation_spaces` dictionary is deprecated. Use the `observation_space` function instead.")
/usr/itetnas04/data-scratch-01/pparsons/data/conda_envs/ExpoComm/lib/python3.8/site-packages/pettingzoo/utils/conversions.py:36: UserWarning: The `to_parallel` function is deprecated. Use the `aec_to_parallel` function instead.
  warnings.warn("The `to_parallel` function is deprecated. Use the `aec_to_parallel` function instead.")
/usr/itetnas04/data-scratch-01/pparsons/data/conda_envs/ExpoComm/lib/python3.8/site-packages/pettingzoo/utils/conversions.py:80: UserWarning: The `action_spaces` dictionary is deprecated. Use the `action_space` function instead.
  warnings.warn("The `action_spaces` dictionary is deprecated. Use the `action_space` function instead.")
/usr/itetnas04/data-scratch-01/pparsons/data/conda_envs/ExpoComm/lib/python3.8/site-packages/pettingzoo/utils/wrappers/base.py:52: UserWarning: The `action_spaces` dictionary is deprecated. Use the `action_space` function instead.
  warnings.warn("The `action_spaces` dictionary is deprecated. Use the `action_space` function instead.")
/usr/itetnas04/data-scratch-01/pparsons/data/conda_envs/ExpoComm/lib/python3.8/site-packages/pettingzoo/utils/conversions.py:72: UserWarning: The `observation_spaces` dictionary is deprecated. Use the `observation_space` function instead.
  warnings.warn("The `observation_spaces` dictionary is deprecated. Use the `observation_space` function instead.")
2026-09-03 16:38:17,555 - my_experiment - bat_60_ExpoComm_n9_42 - my_run - INFO - Beginning training for 5050000 timesteps
/usr/itetnas04/data-scratch-01/pparsons/data/MyExpoComm/src/envs/battle_wrappers.py:265: UserWarning: To copy construct from a tensor, it is recommended to use sourceTensor.clone().detach() or sourceTensor.clone().detach().requires_grad_(True), rather than torch.tensor(sourceTensor).
  actions = torch.tensor(actions, dtype=torch.long)
2026-09-03 16:38:35,561 - my_experiment - bat_60_ExpoComm_n9_42 - my_run - INFO - t_env: 200 / 5050000
2026-09-03 16:38:35,562 - my_experiment - bat_60_ExpoComm_n9_42 - my_run - INFO - Estimated time left: 30 minutes, 11 seconds. Time passed: 18 seconds
2026-09-03 16:38:39,965 - my_experiment - bat_60_ExpoComm_n9_42 - my_run - INFO - Saving models to work_dirs/my_experiment/bat_60_ExpoComm_n9_42/my_run/20260903_163731/models/200
2026-09-03 17:00:42,219 - my_experiment - bat_60_ExpoComm_n9_42 - my_run - INFO - Recent Stats | t_env:      50000 | Episode:      250
blue_team_alives_mean:   143.9960	blue_team_win_mean:        0.0000	ep_length_mean:          200.0000	episode_length_mean:     199.0000
epsilon:                   0.9620	grad_norm:               2461262.9804	info_nce_loss:             1.8632	loss:                    628559.3752
q_loss:                  571417.6230	q_taken_mean:              0.1699	red_team_alives_mean:    144.0000	red_team_win_mean:         0.0040
return_mean:              -8.5045	return_std:                0.0546	target_mean:               2.3871	td_error_abs:            388.9782
test_blue_team_alives_mean:144.0000	test_blue_team_win_mean:   0.0000	test_ep_length_mean:     200.0000	test_episode_length_mean:199.0000
test_red_team_alives_mean:144.0000	test_red_team_win_mean:    0.0000	test_return_mean:        -21.0000	test_return_std:           0.0000

2026-09-03 17:00:47,619 - my_experiment - bat_60_ExpoComm_n9_42 - my_run - INFO - t_env: 50200 / 5050000
2026-09-03 17:00:47,620 - my_experiment - bat_60_ExpoComm_n9_42 - my_run - INFO - Estimated time left: 1 days, 13 hours, 0 seconds. Time passed: 22 minutes, 30 seconds
2026-09-03 17:23:01,131 - my_experiment - bat_60_ExpoComm_n9_42 - my_run - INFO - Recent Stats | t_env:     100000 | Episode:      500
blue_team_alives_mean:   143.9760	blue_team_win_mean:        0.0000	ep_length_mean:          200.0000	episode_length_mean:     199.0000
epsilon:                   0.9145	grad_norm:               2727382.1898	info_nce_loss:             1.9722	loss:                    473183.3324
q_loss:                  430166.6500	q_taken_mean:             12.8746	red_team_alives_mean:    144.0000	red_team_win_mean:         0.0160
return_mean:              -8.1243	return_std:                0.0724	target_mean:              14.8764	td_error_abs:            373.7439
test_blue_team_alives_mean:144.0000	test_blue_team_win_mean:   0.0000	test_ep_length_mean:     200.0000	test_episode_length_mean:199.0000
test_red_team_alives_mean:144.0000	test_red_team_win_mean:    0.0000	test_return_mean:        -11.0000	test_return_std:           0.0000

2026-09-03 17:23:06,512 - my_experiment - bat_60_ExpoComm_n9_42 - my_run - INFO - t_env: 100200 / 5050000
2026-09-03 17:23:06,513 - my_experiment - bat_60_ExpoComm_n9_42 - my_run - INFO - Estimated time left: 1 days, 12 hours, 49 minutes, 5 seconds. Time passed: 44 minutes, 48 seconds
2026-09-03 17:45:13,960 - my_experiment - bat_60_ExpoComm_n9_42 - my_run - INFO - Recent Stats | t_env:     150000 | Episode:      750
blue_team_alives_mean:   144.0000	blue_team_win_mean:        0.0000	ep_length_mean:          200.0000	episode_length_mean:     199.0000
epsilon:                   0.8670	grad_norm:               4477028.5969	info_nce_loss:             1.6162	loss:                    567311.8109
q_loss:                  515738.0250	q_taken_mean:             25.3937	red_team_alives_mean:    144.0000	red_team_win_mean:         0.0000
return_mean:              -7.7820	return_std:                0.0615	target_mean:              27.2053	td_error_abs:            420.8692
test_blue_team_alives_mean:144.0000	test_blue_team_win_mean:   0.0000	test_ep_length_mean:     200.0000	test_episode_length_mean:199.0000
test_red_team_alives_mean:144.0000	test_red_team_win_mean:    0.0000	test_return_mean:         -7.6667	test_return_std:           0.0000

2026-09-03 17:45:19,234 - my_experiment - bat_60_ExpoComm_n9_42 - my_run - INFO - t_env: 150200 / 5050000
2026-09-03 17:45:19,235 - my_experiment - bat_60_ExpoComm_n9_42 - my_run - INFO - Estimated time left: 1 days, 12 hours, 16 minutes, 41 seconds. Time passed: 1 hours, 7 minutes, 1 seconds
2026-09-03 18:07:20,205 - my_experiment - bat_60_ExpoComm_n9_42 - my_run - INFO - Recent Stats | t_env:     200000 | Episode:     1000
blue_team_alives_mean:   144.0000	blue_team_win_mean:        0.0000	ep_length_mean:          200.0000	episode_length_mean:     199.0000
epsilon:                   0.8195	grad_norm:               8493244.8375	info_nce_loss:             0.7274	loss:                    1047589.8438
q_loss:                  952354.3938	q_taken_mean:             42.2017	red_team_alives_mean:    144.0000	red_team_win_mean:         0.0000
return_mean:              -7.4248	return_std:                0.0564	target_mean:              44.1708	td_error_abs:            595.4620
test_blue_team_alives_mean:144.0000	test_blue_team_win_mean:   0.0000	test_ep_length_mean:     200.0000	test_episode_length_mean:199.0000
test_red_team_alives_mean:144.0000	test_red_team_win_mean:    0.0000	test_return_mean:         -6.0000	test_return_std:           0.0000

2026-09-03 18:07:25,489 - my_experiment - bat_60_ExpoComm_n9_42 - my_run - INFO - t_env: 200200 / 5050000
2026-09-03 18:07:25,490 - my_experiment - bat_60_ExpoComm_n9_42 - my_run - INFO - Estimated time left: 1 days, 11 hours, 44 minutes, 1 seconds. Time passed: 1 hours, 29 minutes, 7 seconds
2026-09-03 18:29:20,888 - my_experiment - bat_60_ExpoComm_n9_42 - my_run - INFO - Recent Stats | t_env:     250000 | Episode:     1250
blue_team_alives_mean:   144.0000	blue_team_win_mean:        0.0000	ep_length_mean:          200.0000	episode_length_mean:     199.0000
epsilon:                   0.7720	grad_norm:               29820240.0000	info_nce_loss:             0.4814	loss:                    1980765.6500
q_loss:                  1800696.0562	q_taken_mean:             59.7667	red_team_alives_mean:    144.0000	red_team_win_mean:         0.0000
return_mean:              -7.0667	return_std:                0.0601	target_mean:              64.3398	td_error_abs:            943.8996
test_blue_team_alives_mean:144.0000	test_blue_team_win_mean:   0.0000	test_ep_length_mean:     200.0000	test_episode_length_mean:199.0000
test_red_team_alives_mean:144.0000	test_red_team_win_mean:    0.0000	test_return_mean:         -5.0000	test_return_std:           0.0000

2026-09-03 18:29:26,183 - my_experiment - bat_60_ExpoComm_n9_42 - my_run - INFO - t_env: 250200 / 5050000
2026-09-03 18:29:26,184 - my_experiment - bat_60_ExpoComm_n9_42 - my_run - INFO - Estimated time left: 1 days, 11 hours, 13 minutes, 1 seconds. Time passed: 1 hours, 51 minutes, 8 seconds
2026-09-03 18:51:26,108 - my_experiment - bat_60_ExpoComm_n9_42 - my_run - INFO - Recent Stats | t_env:     300000 | Episode:     1500
blue_team_alives_mean:   144.0000	blue_team_win_mean:        0.0000	ep_length_mean:          200.0000	episode_length_mean:     199.0000
epsilon:                   0.7245	grad_norm:               50744806.5000	info_nce_loss:             0.4294	loss:                    1697203.6000
q_loss:                  1542912.3750	q_taken_mean:             82.0195	red_team_alives_mean:    144.0000	red_team_win_mean:         0.0000
return_mean:              -6.7299	return_std:                0.0701	target_mean:              83.3922	td_error_abs:            794.9796
test_blue_team_alives_mean:144.0000	test_blue_team_win_mean:   0.0000	test_ep_length_mean:     200.0000	test_episode_length_mean:199.0000
test_red_team_alives_mean:144.0000	test_red_team_win_mean:    0.0000	test_return_mean:         -1.0000	test_return_std:           0.0000

2026-09-03 18:51:31,395 - my_experiment - bat_60_ExpoComm_n9_42 - my_run - INFO - t_env: 300200 / 5050000
2026-09-03 18:51:31,396 - my_experiment - bat_60_ExpoComm_n9_42 - my_run - INFO - Estimated time left: 1 days, 10 hours, 58 minutes, 9 seconds. Time passed: 2 hours, 13 minutes, 13 seconds
2026-09-03 19:13:35,833 - my_experiment - bat_60_ExpoComm_n9_42 - my_run - INFO - Recent Stats | t_env:     350000 | Episode:     1750
blue_team_alives_mean:   144.0000	blue_team_win_mean:        0.0000	ep_length_mean:          200.0000	episode_length_mean:     199.0000
epsilon:                   0.6770	grad_norm:               73104976.8000	info_nce_loss:             0.4182	loss:                    1828771.0000
q_loss:                  1662519.0625	q_taken_mean:            103.0917	red_team_alives_mean:    144.0000	red_team_win_mean:         0.0000
return_mean:              -6.3434	return_std:                0.0537	target_mean:             105.9510	td_error_abs:            849.8249
test_blue_team_alives_mean:144.0000	test_blue_team_win_mean:   0.0000	test_ep_length_mean:     200.0000	test_episode_length_mean:199.0000
test_red_team_alives_mean:144.0000	test_red_team_win_mean:    0.0000	test_return_mean:         -1.0000	test_return_std:           0.0000

2026-09-03 19:13:41,108 - my_experiment - bat_60_ExpoComm_n9_42 - my_run - INFO - t_env: 350200 / 5050000
2026-09-03 19:13:41,109 - my_experiment - bat_60_ExpoComm_n9_42 - my_run - INFO - Estimated time left: 1 days, 10 hours, 43 minutes, 7 seconds. Time passed: 2 hours, 35 minutes, 23 seconds
2026-09-03 19:35:37,904 - my_experiment - bat_60_ExpoComm_n9_42 - my_run - INFO - Recent Stats | t_env:     400000 | Episode:     2000
blue_team_alives_mean:   144.0000	blue_team_win_mean:        0.0000	ep_length_mean:          200.0000	episode_length_mean:     199.0000
epsilon:                   0.6295	grad_norm:               110373899.2000	info_nce_loss:             0.3812	loss:                    1800572.1125
q_loss:                  1636883.7625	q_taken_mean:            114.2142	red_team_alives_mean:    144.0000	red_team_win_mean:         0.0000
return_mean:              -5.9915	return_std:                0.0591	target_mean:             116.0666	td_error_abs:            878.8844
test_blue_team_alives_mean:144.0000	test_blue_team_win_mean:   0.0000	test_ep_length_mean:     200.0000	test_episode_length_mean:199.0000
test_red_team_alives_mean:144.0000	test_red_team_win_mean:    0.0000	test_return_mean:         -1.0000	test_return_std:           0.0000

2026-09-03 19:35:43,233 - my_experiment - bat_60_ExpoComm_n9_42 - my_run - INFO - t_env: 400200 / 5050000
2026-09-03 19:35:43,233 - my_experiment - bat_60_ExpoComm_n9_42 - my_run - INFO - Estimated time left: 1 days, 10 hours, 9 minutes, 12 seconds. Time passed: 2 hours, 57 minutes, 25 seconds
2026-09-03 19:57:47,358 - my_experiment - bat_60_ExpoComm_n9_42 - my_run - INFO - Recent Stats | t_env:     450000 | Episode:     2250
blue_team_alives_mean:   144.0000	blue_team_win_mean:        0.0000	ep_length_mean:          200.0000	episode_length_mean:     199.0000
epsilon:                   0.5820	grad_norm:               86719826.8000	info_nce_loss:             0.6418	loss:                    2094215.0750
q_loss:                  1903831.8875	q_taken_mean:            132.0409	red_team_alives_mean:    144.0000	red_team_win_mean:         0.0000
return_mean:              -5.6299	return_std:                0.0560	target_mean:             135.7216	td_error_abs:            1021.8354
test_blue_team_alives_mean:144.0000	test_blue_team_win_mean:   0.0000	test_ep_length_mean:     200.0000	test_episode_length_mean:199.0000
test_red_team_alives_mean:144.0000	test_red_team_win_mean:    0.0000	test_return_mean:         -1.0000	test_return_std:           0.0000

2026-09-03 19:57:52,608 - my_experiment - bat_60_ExpoComm_n9_42 - my_run - INFO - t_env: 450200 / 5050000
2026-09-03 19:57:52,609 - my_experiment - bat_60_ExpoComm_n9_42 - my_run - INFO - Estimated time left: 1 days, 9 hours, 58 minutes, 17 seconds. Time passed: 3 hours, 19 minutes, 35 seconds
2026-09-03 20:19:41,608 - my_experiment - bat_60_ExpoComm_n9_42 - my_run - INFO - Recent Stats | t_env:     500000 | Episode:     2500
blue_team_alives_mean:   144.0000	blue_team_win_mean:        0.0000	ep_length_mean:          200.0000	episode_length_mean:     199.0000
epsilon:                   0.5345	grad_norm:               104217504.0000	info_nce_loss:             0.6800	loss:                    1527425.8750
q_loss:                  1388568.9625	q_taken_mean:            134.1506	red_team_alives_mean:    144.0000	red_team_win_mean:         0.0000
return_mean:              -5.2543	return_std:                0.0484	target_mean:             134.8765	td_error_abs:            828.7504
test_blue_team_alives_mean:144.0000	test_blue_team_win_mean:   0.0000	test_ep_length_mean:     200.0000	test_episode_length_mean:199.0000
test_red_team_alives_mean:144.0000	test_red_team_win_mean:    0.0000	test_return_mean:         -1.0000	test_return_std:           0.0000

2026-09-03 20:19:46,862 - my_experiment - bat_60_ExpoComm_n9_42 - my_run - INFO - t_env: 500200 / 5050000
2026-09-03 20:19:46,863 - my_experiment - bat_60_ExpoComm_n9_42 - my_run - INFO - Estimated time left: 1 days, 9 hours, 13 minutes, 11 seconds. Time passed: 3 hours, 41 minutes, 29 seconds
2026-09-03 20:19:51,306 - my_experiment - bat_60_ExpoComm_n9_42 - my_run - INFO - Saving models to work_dirs/my_experiment/bat_60_ExpoComm_n9_42/my_run/20260903_163731/models/500200
2026-09-03 20:41:43,399 - my_experiment - bat_60_ExpoComm_n9_42 - my_run - INFO - Recent Stats | t_env:     550000 | Episode:     2750
blue_team_alives_mean:   144.0000	blue_team_win_mean:        0.0000	ep_length_mean:          200.0000	episode_length_mean:     199.0000
epsilon:                   0.4870	grad_norm:               162659360.0000	info_nce_loss:             0.2499	loss:                    2053969.1250
q_loss:                  1867244.6500	q_taken_mean:            150.1582	red_team_alives_mean:    144.0000	red_team_win_mean:         0.0000
return_mean:              -4.9591	return_std:                0.1130	target_mean:             153.9984	td_error_abs:            928.1045
test_blue_team_alives_mean:144.0000	test_blue_team_win_mean:   0.0000	test_ep_length_mean:     200.0000	test_episode_length_mean:199.0000
test_red_team_alives_mean:144.0000	test_red_team_win_mean:    0.0000	test_return_mean:         -1.0000	test_return_std:           0.0000

2026-09-03 20:41:48,769 - my_experiment - bat_60_ExpoComm_n9_42 - my_run - INFO - t_env: 550200 / 5050000
2026-09-03 20:41:48,770 - my_experiment - bat_60_ExpoComm_n9_42 - my_run - INFO - Estimated time left: 1 days, 9 hours, 2 minutes, 46 seconds. Time passed: 4 hours, 3 minutes, 31 seconds
2026-09-03 21:03:55,541 - my_experiment - bat_60_ExpoComm_n9_42 - my_run - INFO - Recent Stats | t_env:     600000 | Episode:     3000
blue_team_alives_mean:   144.0000	blue_team_win_mean:        0.0000	ep_length_mean:          200.0000	episode_length_mean:     199.0000
epsilon:                   0.4395	grad_norm:               178645968.0000	info_nce_loss:             0.3250	loss:                    2169850.0750
q_loss:                  1972591.0125	q_taken_mean:            159.9518	red_team_alives_mean:    144.0000	red_team_win_mean:         0.0000
return_mean:              -4.6864	return_std:                0.1949	target_mean:             159.5341	td_error_abs:            938.7563
test_blue_team_alives_mean:144.0000	test_blue_team_win_mean:   0.0000	test_ep_length_mean:     200.0000	test_episode_length_mean:199.0000
test_red_team_alives_mean:144.0000	test_red_team_win_mean:    0.0000	test_return_mean:         -1.0419	test_return_std:           0.0000

2026-09-03 21:04:00,831 - my_experiment - bat_60_ExpoComm_n9_42 - my_run - INFO - t_env: 600200 / 5050000
2026-09-03 21:04:00,832 - my_experiment - bat_60_ExpoComm_n9_42 - my_run - INFO - Estimated time left: 1 days, 8 hours, 55 minutes, 48 seconds. Time passed: 4 hours, 25 minutes, 43 seconds
2026-09-03 21:26:02,908 - my_experiment - bat_60_ExpoComm_n9_42 - my_run - INFO - Recent Stats | t_env:     650000 | Episode:     3250
blue_team_alives_mean:   144.0000	blue_team_win_mean:        0.0000	ep_length_mean:          200.0000	episode_length_mean:     199.0000
epsilon:                   0.3920	grad_norm:               204251369.6000	info_nce_loss:             0.4864	loss:                    3615242.3250
q_loss:                  3286583.9500	q_taken_mean:            191.9888	red_team_alives_mean:    144.0000	red_team_win_mean:         0.0000
return_mean:              -4.4415	return_std:                0.3676	target_mean:             196.4177	td_error_abs:            1221.6178
test_blue_team_alives_mean:144.0000	test_blue_team_win_mean:   0.0000	test_ep_length_mean:     200.0000	test_episode_length_mean:199.0000
test_red_team_alives_mean:144.0000	test_red_team_win_mean:    0.0000	test_return_mean:         -1.0486	test_return_std:           0.0000

2026-09-03 21:26:08,183 - my_experiment - bat_60_ExpoComm_n9_42 - my_run - INFO - t_env: 650200 / 5050000
2026-09-03 21:26:08,184 - my_experiment - bat_60_ExpoComm_n9_42 - my_run - INFO - Estimated time left: 1 days, 8 hours, 26 minutes, 41 seconds. Time passed: 4 hours, 47 minutes, 50 seconds
2026-09-03 21:48:18,012 - my_experiment - bat_60_ExpoComm_n9_42 - my_run - INFO - Recent Stats | t_env:     700000 | Episode:     3500
blue_team_alives_mean:   144.0000	blue_team_win_mean:        0.0000	ep_length_mean:          200.0000	episode_length_mean:     199.0000
epsilon:                   0.3445	grad_norm:               304133051.2000	info_nce_loss:             0.2532	loss:                    3788051.9500
q_loss:                  3443683.4750	q_taken_mean:            201.3892	red_team_alives_mean:    144.0000	red_team_win_mean:         0.0000
return_mean:              -3.9242	return_std:                0.1988	target_mean:             204.3224	td_error_abs:            1170.3575
test_blue_team_alives_mean:144.0000	test_blue_team_win_mean:   0.0000	test_ep_length_mean:     200.0000	test_episode_length_mean:199.0000
test_red_team_alives_mean:144.0000	test_red_team_win_mean:    0.0000	test_return_mean:         -1.2047	test_return_std:           0.0000

2026-09-03 21:48:23,297 - my_experiment - bat_60_ExpoComm_n9_42 - my_run - INFO - t_env: 700200 / 5050000
2026-09-03 21:48:23,298 - my_experiment - bat_60_ExpoComm_n9_42 - my_run - INFO - Estimated time left: 1 days, 8 hours, 15 minutes, 49 seconds. Time passed: 5 hours, 10 minutes, 5 seconds
2026-09-03 22:10:20,663 - my_experiment - bat_60_ExpoComm_n9_42 - my_run - INFO - Recent Stats | t_env:     750000 | Episode:     3750
blue_team_alives_mean:   144.0000	blue_team_win_mean:        0.0000	ep_length_mean:          200.0000	episode_length_mean:     199.0000
epsilon:                   0.2970	grad_norm:               191143699.2000	info_nce_loss:             0.6978	loss:                    1994781.0750
q_loss:                  1813437.3000	q_taken_mean:            204.5949	red_team_alives_mean:    144.0000	red_team_win_mean:         0.0000
return_mean:              -3.6608	return_std:                0.1282	target_mean:             205.3423	td_error_abs:            842.5816
test_blue_team_alives_mean:144.0000	test_blue_team_win_mean:   0.0000	test_ep_length_mean:     200.0000	test_episode_length_mean:199.0000
test_red_team_alives_mean:144.0000	test_red_team_win_mean:    0.0000	test_return_mean:         -1.6253	test_return_std:           0.0000

2026-09-03 22:10:25,936 - my_experiment - bat_60_ExpoComm_n9_42 - my_run - INFO - t_env: 750200 / 5050000
2026-09-03 22:10:25,937 - my_experiment - bat_60_ExpoComm_n9_42 - my_run - INFO - Estimated time left: 1 days, 7 hours, 35 minutes, 41 seconds. Time passed: 5 hours, 32 minutes, 8 seconds
2026-09-03 22:32:24,090 - my_experiment - bat_60_ExpoComm_n9_42 - my_run - INFO - Recent Stats | t_env:     800000 | Episode:     4000
blue_team_alives_mean:   144.0000	blue_team_win_mean:        0.0000	ep_length_mean:          200.0000	episode_length_mean:     199.0000
epsilon:                   0.2495	grad_norm:               223073032.0000	info_nce_loss:             0.2090	loss:                    2137978.5000
q_loss:                  1943695.4750	q_taken_mean:            214.6305	red_team_alives_mean:    144.0000	red_team_win_mean:         0.0000
return_mean:              -3.1747	return_std:                0.1354	target_mean:             216.1042	td_error_abs:            792.1406
test_blue_team_alives_mean:144.0000	test_blue_team_win_mean:   0.0000	test_ep_length_mean:     200.0000	test_episode_length_mean:199.0000
test_red_team_alives_mean:144.0000	test_red_team_win_mean:    0.0000	test_return_mean:         -2.1506	test_return_std:           0.0000

2026-09-03 22:32:29,455 - my_experiment - bat_60_ExpoComm_n9_42 - my_run - INFO - t_env: 800200 / 5050000
2026-09-03 22:32:29,456 - my_experiment - bat_60_ExpoComm_n9_42 - my_run - INFO - Estimated time left: 1 days, 7 hours, 14 minutes, 53 seconds. Time passed: 5 hours, 54 minutes, 11 seconds
2026-09-03 22:54:29,809 - my_experiment - bat_60_ExpoComm_n9_42 - my_run - INFO - Recent Stats | t_env:     850000 | Episode:     4250
blue_team_alives_mean:   144.0000	blue_team_win_mean:        0.0000	ep_length_mean:          200.0000	episode_length_mean:     199.0000
epsilon:                   0.2020	grad_norm:               155350664.0000	info_nce_loss:             0.4512	loss:                    2202511.6750
q_loss:                  2002283.3750	q_taken_mean:            235.2579	red_team_alives_mean:    144.0000	red_team_win_mean:         0.0000
return_mean:              -3.0021	return_std:                0.1952	target_mean:             237.1415	td_error_abs:            783.1195
test_blue_team_alives_mean:144.0000	test_blue_team_win_mean:   0.0000	test_ep_length_mean:     200.0000	test_episode_length_mean:199.0000
test_red_team_alives_mean:144.0000	test_red_team_win_mean:    0.0000	test_return_mean:         -2.1551	test_return_std:           0.0000

2026-09-03 22:54:35,200 - my_experiment - bat_60_ExpoComm_n9_42 - my_run - INFO - t_env: 850200 / 5050000
2026-09-03 22:54:35,201 - my_experiment - bat_60_ExpoComm_n9_42 - my_run - INFO - Estimated time left: 1 days, 6 hours, 55 minutes, 57 seconds. Time passed: 6 hours, 16 minutes, 17 seconds
2026-09-03 23:16:39,804 - my_experiment - bat_60_ExpoComm_n9_42 - my_run - INFO - Recent Stats | t_env:     900000 | Episode:     4500
blue_team_alives_mean:   144.0000	blue_team_win_mean:        0.0000	ep_length_mean:          200.0000	episode_length_mean:     199.0000
epsilon:                   0.1545	grad_norm:               273859136.0000	info_nce_loss:             0.3078	loss:                    2135771.4500
q_loss:                  1941610.4000	q_taken_mean:            251.8068	red_team_alives_mean:    144.0000	red_team_win_mean:         0.0000
return_mean:              -2.4857	return_std:                0.1447	target_mean:             252.2080	td_error_abs:            780.0402
test_blue_team_alives_mean:144.0000	test_blue_team_win_mean:   0.0000	test_ep_length_mean:     200.0000	test_episode_length_mean:199.0000
test_red_team_alives_mean:144.0000	test_red_team_win_mean:    0.0000	test_return_mean:         -2.5318	test_return_std:           0.0000

2026-09-03 23:16:45,064 - my_experiment - bat_60_ExpoComm_n9_42 - my_run - INFO - t_env: 900200 / 5050000
2026-09-03 23:16:45,065 - my_experiment - bat_60_ExpoComm_n9_42 - my_run - INFO - Estimated time left: 1 days, 6 hours, 39 minutes, 33 seconds. Time passed: 6 hours, 38 minutes, 27 seconds
2026-09-03 23:38:45,642 - my_experiment - bat_60_ExpoComm_n9_42 - my_run - INFO - Recent Stats | t_env:     950000 | Episode:     4750
blue_team_alives_mean:   144.0000	blue_team_win_mean:        0.0000	ep_length_mean:          200.0000	episode_length_mean:     199.0000
epsilon:                   0.1070	grad_norm:               286890595.2000	info_nce_loss:             0.5756	loss:                    2963127.6500
q_loss:                  2693752.4000	q_taken_mean:            257.7113	red_team_alives_mean:    144.0000	red_team_win_mean:         0.0000
return_mean:              -2.0617	return_std:                0.0869	target_mean:             259.0593	td_error_abs:            973.8051
test_blue_team_alives_mean:144.0000	test_blue_team_win_mean:   0.0000	test_ep_length_mean:     200.0000	test_episode_length_mean:199.0000
test_red_team_alives_mean:144.0000	test_red_team_win_mean:    0.0000	test_return_mean:         -2.3757	test_return_std:           0.0000

2026-09-03 23:38:50,911 - my_experiment - bat_60_ExpoComm_n9_42 - my_run - INFO - t_env: 950200 / 5050000
2026-09-03 23:38:50,912 - my_experiment - bat_60_ExpoComm_n9_42 - my_run - INFO - Estimated time left: 1 days, 6 hours, 11 minutes, 54 seconds. Time passed: 7 hours, 33 seconds
2026-09-04 00:01:01,186 - my_experiment - bat_60_ExpoComm_n9_42 - my_run - INFO - Recent Stats | t_env:    1000000 | Episode:     5000
blue_team_alives_mean:   144.0000	blue_team_win_mean:        0.0000	ep_length_mean:          200.0000	episode_length_mean:     199.0000
epsilon:                   0.0595	grad_norm:               224882574.4000	info_nce_loss:             0.5639	loss:                    1505522.2000
q_loss:                  1368656.5375	q_taken_mean:            280.4339	red_team_alives_mean:    144.0000	red_team_win_mean:         0.0000
return_mean:              -1.6717	return_std:                0.0608	target_mean:             280.3306	td_error_abs:            669.4918
test_blue_team_alives_mean:144.0000	test_blue_team_win_mean:   0.0000	test_ep_length_mean:     200.0000	test_episode_length_mean:199.0000
test_red_team_alives_mean:144.0000	test_red_team_win_mean:    0.0000	test_return_mean:         -1.9693	test_return_std:           0.0000

2026-09-04 00:01:06,416 - my_experiment - bat_60_ExpoComm_n9_42 - my_run - INFO - t_env: 1000200 / 5050000
2026-09-04 00:01:06,417 - my_experiment - bat_60_ExpoComm_n9_42 - my_run - INFO - Estimated time left: 1 days, 6 hours, 2 minutes, 50 seconds. Time passed: 7 hours, 22 minutes, 48 seconds
2026-09-04 00:01:10,949 - my_experiment - bat_60_ExpoComm_n9_42 - my_run - INFO - Saving models to work_dirs/my_experiment/bat_60_ExpoComm_n9_42/my_run/20260903_163731/models/1000200
2026-09-04 00:23:10,255 - my_experiment - bat_60_ExpoComm_n9_42 - my_run - INFO - Recent Stats | t_env:    1050000 | Episode:     5250
blue_team_alives_mean:   144.0000	blue_team_win_mean:        0.0000	ep_length_mean:          200.0000	episode_length_mean:     199.0000
epsilon:                   0.0500	grad_norm:               260134633.6000	info_nce_loss:             0.4818	loss:                    1321447.4000
q_loss:                  1201315.8375	q_taken_mean:            290.9862	red_team_alives_mean:    144.0000	red_team_win_mean:         0.0000
return_mean:              -1.4714	return_std:                0.0589	target_mean:             291.2512	td_error_abs:            647.0088
test_blue_team_alives_mean:144.0000	test_blue_team_win_mean:   0.0000	test_ep_length_mean:     200.0000	test_episode_length_mean:199.0000
test_red_team_alives_mean:144.0000	test_red_team_win_mean:    0.0000	test_return_mean:         -1.5114	test_return_std:           0.0000

2026-09-04 00:23:15,644 - my_experiment - bat_60_ExpoComm_n9_42 - my_run - INFO - t_env: 1050200 / 5050000
2026-09-04 00:23:15,645 - my_experiment - bat_60_ExpoComm_n9_42 - my_run - INFO - Estimated time left: 1 days, 5 hours, 32 minutes, 12 seconds. Time passed: 7 hours, 44 minutes, 58 seconds
2026-09-04 00:45:17,476 - my_experiment - bat_60_ExpoComm_n9_42 - my_run - INFO - Recent Stats | t_env:    1100000 | Episode:     5500
blue_team_alives_mean:   144.0000	blue_team_win_mean:        0.0000	ep_length_mean:          200.0000	episode_length_mean:     199.0000
epsilon:                   0.0500	grad_norm:               344227705.6000	info_nce_loss:             0.4438	loss:                    1266027.9250
q_loss:                  1150934.5000	q_taken_mean:            314.3073	red_team_alives_mean:    144.0000	red_team_win_mean:         0.0000
return_mean:              -1.7651	return_std:                0.1699	target_mean:             314.4521	td_error_abs:            646.5900
test_blue_team_alives_mean:144.0000	test_blue_team_win_mean:   0.0000	test_ep_length_mean:     200.0000	test_episode_length_mean:199.0000
test_red_team_alives_mean:144.0000	test_red_team_win_mean:    0.0000	test_return_mean:         -1.5840	test_return_std:           0.0000

2026-09-04 00:45:22,721 - my_experiment - bat_60_ExpoComm_n9_42 - my_run - INFO - t_env: 1100200 / 5050000
2026-09-04 00:45:22,722 - my_experiment - bat_60_ExpoComm_n9_42 - my_run - INFO - Estimated time left: 1 days, 5 hours, 7 minutes, 13 seconds. Time passed: 8 hours, 7 minutes, 5 seconds
2026-09-04 01:07:19,021 - my_experiment - bat_60_ExpoComm_n9_42 - my_run - INFO - Recent Stats | t_env:    1150000 | Episode:     5750
blue_team_alives_mean:   144.0000	blue_team_win_mean:        0.0000	ep_length_mean:          200.0000	episode_length_mean:     199.0000
epsilon:                   0.0500	grad_norm:               409420633.6000	info_nce_loss:             0.3298	loss:                    1245984.6500
q_loss:                  1132713.3250	q_taken_mean:            324.6942	red_team_alives_mean:    144.0000	red_team_win_mean:         0.0000
return_mean:              -1.5505	return_std:                0.0978	target_mean:             324.2657	td_error_abs:            622.8344
test_blue_team_alives_mean:144.0000	test_blue_team_win_mean:   0.0000	test_ep_length_mean:     200.0000	test_episode_length_mean:199.0000
test_red_team_alives_mean:144.0000	test_red_team_win_mean:    0.0000	test_return_mean:         -1.2007	test_return_std:           0.0000

2026-09-04 01:07:24,322 - my_experiment - bat_60_ExpoComm_n9_42 - my_run - INFO - t_env: 1150200 / 5050000
2026-09-04 01:07:24,323 - my_experiment - bat_60_ExpoComm_n9_42 - my_run - INFO - Estimated time left: 1 days, 4 hours, 37 minutes, 59 seconds. Time passed: 8 hours, 29 minutes, 6 seconds
2026-09-04 01:29:20,235 - my_experiment - bat_60_ExpoComm_n9_42 - my_run - INFO - Recent Stats | t_env:    1200000 | Episode:     6000
blue_team_alives_mean:   144.0000	blue_team_win_mean:        0.0000	ep_length_mean:          200.0000	episode_length_mean:     199.0000
epsilon:                   0.0500	grad_norm:               388851776.0000	info_nce_loss:             0.5671	loss:                    1132293.1125
q_loss:                  1029357.3750	q_taken_mean:            329.7516	red_team_alives_mean:    144.0000	red_team_win_mean:         0.0000
return_mean:              -1.3944	return_std:                0.0214	target_mean:             329.7825	td_error_abs:            586.0941
test_blue_team_alives_mean:144.0000	test_blue_team_win_mean:   0.0000	test_ep_length_mean:     200.0000	test_episode_length_mean:199.0000
test_red_team_alives_mean:144.0000	test_red_team_win_mean:    0.0000	test_return_mean:         -1.2007	test_return_std:           0.0000

2026-09-04 01:29:25,500 - my_experiment - bat_60_ExpoComm_n9_42 - my_run - INFO - t_env: 1200200 / 5050000
2026-09-04 01:29:25,501 - my_experiment - bat_60_ExpoComm_n9_42 - my_run - INFO - Estimated time left: 1 days, 4 hours, 15 minutes, 25 seconds. Time passed: 8 hours, 51 minutes, 7 seconds
2026-09-04 01:51:19,613 - my_experiment - bat_60_ExpoComm_n9_42 - my_run - INFO - Recent Stats | t_env:    1250000 | Episode:     6250
blue_team_alives_mean:   144.0000	blue_team_win_mean:        0.0000	ep_length_mean:          200.0000	episode_length_mean:     199.0000
epsilon:                   0.0500	grad_norm:               438131833.6000	info_nce_loss:             0.4248	loss:                    1331167.2000
q_loss:                  1210152.0000	q_taken_mean:            335.7193	red_team_alives_mean:    144.0000	red_team_win_mean:         0.0000
return_mean:              -1.3846	return_std:                0.0180	target_mean:             335.3403	td_error_abs:            610.6290
test_blue_team_alives_mean:144.0000	test_blue_team_win_mean:   0.0000	test_ep_length_mean:     200.0000	test_episode_length_mean:199.0000
test_red_team_alives_mean:144.0000	test_red_team_win_mean:    0.0000	test_return_mean:         -1.1868	test_return_std:           0.0000

2026-09-04 01:51:24,879 - my_experiment - bat_60_ExpoComm_n9_42 - my_run - INFO - t_env: 1250200 / 5050000
2026-09-04 01:51:24,880 - my_experiment - bat_60_ExpoComm_n9_42 - my_run - INFO - Estimated time left: 1 days, 3 hours, 51 minutes, 7 seconds. Time passed: 9 hours, 13 minutes, 7 seconds
2026-09-04 02:13:19,989 - my_experiment - bat_60_ExpoComm_n9_42 - my_run - INFO - Recent Stats | t_env:    1300000 | Episode:     6500
blue_team_alives_mean:   144.0000	blue_team_win_mean:        0.0000	ep_length_mean:          200.0000	episode_length_mean:     199.0000
epsilon:                   0.0500	grad_norm:               409121676.8000	info_nce_loss:             0.4944	loss:                    1175568.2000
q_loss:                  1068698.3375	q_taken_mean:            331.7382	red_team_alives_mean:    144.0000	red_team_win_mean:         0.0000
return_mean:              -1.3812	return_std:                0.0167	target_mean:             332.0376	td_error_abs:            561.3545
test_blue_team_alives_mean:144.0000	test_blue_team_win_mean:   0.0000	test_ep_length_mean:     200.0000	test_episode_length_mean:199.0000
test_red_team_alives_mean:144.0000	test_red_team_win_mean:    0.0000	test_return_mean:         -1.1194	test_return_std:           0.0000

2026-09-04 02:13:25,232 - my_experiment - bat_60_ExpoComm_n9_42 - my_run - INFO - t_env: 1300200 / 5050000
2026-09-04 02:13:25,233 - my_experiment - bat_60_ExpoComm_n9_42 - my_run - INFO - Estimated time left: 1 days, 3 hours, 30 minutes, 21 seconds. Time passed: 9 hours, 35 minutes, 7 seconds
2026-09-04 02:35:18,681 - my_experiment - bat_60_ExpoComm_n9_42 - my_run - INFO - Recent Stats | t_env:    1350000 | Episode:     6750
blue_team_alives_mean:   144.0000	blue_team_win_mean:        0.0000	ep_length_mean:          200.0000	episode_length_mean:     199.0000
epsilon:                   0.0500	grad_norm:               445192038.4000	info_nce_loss:             0.5175	loss:                    1325503.1375
q_loss:                  1205002.8500	q_taken_mean:            330.9618	red_team_alives_mean:    144.0000	red_team_win_mean:         0.0000
return_mean:              -1.3842	return_std:                0.0167	target_mean:             330.2256	td_error_abs:            554.9990
test_blue_team_alives_mean:144.0000	test_blue_team_win_mean:   0.0000	test_ep_length_mean:     200.0000	test_episode_length_mean:199.0000
test_red_team_alives_mean:144.0000	test_red_team_win_mean:    0.0000	test_return_mean:         -1.0329	test_return_std:           0.0000

2026-09-04 02:35:23,920 - my_experiment - bat_60_ExpoComm_n9_42 - my_run - INFO - t_env: 1350200 / 5050000
2026-09-04 02:35:23,921 - my_experiment - bat_60_ExpoComm_n9_42 - my_run - INFO - Estimated time left: 1 days, 3 hours, 6 minutes, 17 seconds. Time passed: 9 hours, 57 minutes, 6 seconds
2026-09-04 02:57:14,572 - my_experiment - bat_60_ExpoComm_n9_42 - my_run - INFO - Recent Stats | t_env:    1400000 | Episode:     7000
blue_team_alives_mean:   144.0000	blue_team_win_mean:        0.0000	ep_length_mean:          200.0000	episode_length_mean:     199.0000
epsilon:                   0.0500	grad_norm:               429529900.8000	info_nce_loss:             0.4789	loss:                    1300199.4750
q_loss:                  1181999.5125	q_taken_mean:            327.4936	red_team_alives_mean:    144.0000	red_team_win_mean:         0.0000
return_mean:              -1.3961	return_std:                0.0357	target_mean:             328.3808	td_error_abs:            587.9890
test_blue_team_alives_mean:144.0000	test_blue_team_win_mean:   0.0000	test_ep_length_mean:     200.0000	test_episode_length_mean:199.0000
test_red_team_alives_mean:144.0000	test_red_team_win_mean:    0.0000	test_return_mean:         -1.0329	test_return_std:           0.0000

2026-09-04 02:57:19,844 - my_experiment - bat_60_ExpoComm_n9_42 - my_run - INFO - t_env: 1400200 / 5050000
2026-09-04 02:57:19,845 - my_experiment - bat_60_ExpoComm_n9_42 - my_run - INFO - Estimated time left: 1 days, 2 hours, 40 minutes, 57 seconds. Time passed: 10 hours, 19 minutes, 2 seconds
2026-09-04 03:19:15,296 - my_experiment - bat_60_ExpoComm_n9_42 - my_run - INFO - Recent Stats | t_env:    1450000 | Episode:     7250
blue_team_alives_mean:   144.0000	blue_team_win_mean:        0.0000	ep_length_mean:          200.0000	episode_length_mean:     199.0000
epsilon:                   0.0500	grad_norm:               426345184.0000	info_nce_loss:             0.5550	loss:                    1450187.4500
q_loss:                  1318352.2000	q_taken_mean:            331.1007	red_team_alives_mean:    144.0000	red_team_win_mean:         0.0000
return_mean:              -1.4030	return_std:                0.0297	target_mean:             330.0938	td_error_abs:            560.6623
test_blue_team_alives_mean:144.0000	test_blue_team_win_mean:   0.0000	test_ep_length_mean:     200.0000	test_episode_length_mean:199.0000
test_red_team_alives_mean:144.0000	test_red_team_win_mean:    0.0000	test_return_mean:         -1.0524	test_return_std:           0.0000

2026-09-04 03:19:20,596 - my_experiment - bat_60_ExpoComm_n9_42 - my_run - INFO - t_env: 1450200 / 5050000
2026-09-04 03:19:20,597 - my_experiment - bat_60_ExpoComm_n9_42 - my_run - INFO - Estimated time left: 1 days, 2 hours, 24 minutes, 48 seconds. Time passed: 10 hours, 41 minutes, 3 seconds
2026-09-04 03:41:13,397 - my_experiment - bat_60_ExpoComm_n9_42 - my_run - INFO - Recent Stats | t_env:    1500000 | Episode:     7500
blue_team_alives_mean:   144.0000	blue_team_win_mean:        0.0000	ep_length_mean:          200.0000	episode_length_mean:     199.0000
epsilon:                   0.0500	grad_norm:               451758483.2000	info_nce_loss:             0.3179	loss:                    1291990.8000
q_loss:                  1174537.1000	q_taken_mean:            335.1399	red_team_alives_mean:    144.0000	red_team_win_mean:         0.0000
return_mean:              -1.4775	return_std:                0.0574	target_mean:             335.4267	td_error_abs:            531.9064
test_blue_team_alives_mean:144.0000	test_blue_team_win_mean:   0.0000	test_ep_length_mean:     200.0000	test_episode_length_mean:199.0000
test_red_team_alives_mean:144.0000	test_red_team_win_mean:    0.0000	test_return_mean:         -1.0754	test_return_std:           0.0000

2026-09-04 03:41:18,765 - my_experiment - bat_60_ExpoComm_n9_42 - my_run - INFO - t_env: 1500200 / 5050000
2026-09-04 03:41:18,766 - my_experiment - bat_60_ExpoComm_n9_42 - my_run - INFO - Estimated time left: 1 days, 1 hours, 59 minutes, 44 seconds. Time passed: 11 hours, 3 minutes, 1 seconds
2026-09-04 03:41:23,761 - my_experiment - bat_60_ExpoComm_n9_42 - my_run - INFO - Saving models to work_dirs/my_experiment/bat_60_ExpoComm_n9_42/my_run/20260903_163731/models/1500200
2026-09-04 04:03:12,729 - my_experiment - bat_60_ExpoComm_n9_42 - my_run - INFO - Recent Stats | t_env:    1550000 | Episode:     7750
blue_team_alives_mean:   144.0000	blue_team_win_mean:        0.0000	ep_length_mean:          200.0000	episode_length_mean:     199.0000
epsilon:                   0.0500	grad_norm:               421314227.2000	info_nce_loss:             0.3386	loss:                    1326771.2625
q_loss:                  1206155.7000	q_taken_mean:            330.9444	red_team_alives_mean:    144.0000	red_team_win_mean:         0.0000
return_mean:              -1.4450	return_std:                0.0596	target_mean:             330.3203	td_error_abs:            518.4572
test_blue_team_alives_mean:144.0000	test_blue_team_win_mean:   0.0000	test_ep_length_mean:     200.0000	test_episode_length_mean:199.0000
test_red_team_alives_mean:144.0000	test_red_team_win_mean:    0.0000	test_return_mean:         -1.1168	test_return_std:           0.0000

2026-09-04 04:03:17,970 - my_experiment - bat_60_ExpoComm_n9_42 - my_run - INFO - t_env: 1550200 / 5050000
2026-09-04 04:03:17,971 - my_experiment - bat_60_ExpoComm_n9_42 - my_run - INFO - Estimated time left: 1 days, 1 hours, 38 minutes, 59 seconds. Time passed: 11 hours, 25 minutes, 0 seconds
2026-09-04 04:25:09,156 - my_experiment - bat_60_ExpoComm_n9_42 - my_run - INFO - Recent Stats | t_env:    1600000 | Episode:     8000
blue_team_alives_mean:   144.0000	blue_team_win_mean:        0.0000	ep_length_mean:          200.0000	episode_length_mean:     199.0000
epsilon:                   0.0500	grad_norm:               450205766.4000	info_nce_loss:             0.4567	loss:                    1310422.0125
q_loss:                  1191292.7500	q_taken_mean:            335.0145	red_team_alives_mean:    144.0000	red_team_win_mean:         0.0000
return_mean:              -1.4326	return_std:                0.0431	target_mean:             335.4017	td_error_abs:            503.8538
test_blue_team_alives_mean:144.0000	test_blue_team_win_mean:   0.0000	test_ep_length_mean:     200.0000	test_episode_length_mean:199.0000
test_red_team_alives_mean:144.0000	test_red_team_win_mean:    0.0000	test_return_mean:         -1.1092	test_return_std:           0.0000

2026-09-04 04:25:14,424 - my_experiment - bat_60_ExpoComm_n9_42 - my_run - INFO - t_env: 1600200 / 5050000
2026-09-04 04:25:14,425 - my_experiment - bat_60_ExpoComm_n9_42 - my_run - INFO - Estimated time left: 1 days, 1 hours, 13 minutes, 50 seconds. Time passed: 11 hours, 46 minutes, 56 seconds
2026-09-04 04:47:06,149 - my_experiment - bat_60_ExpoComm_n9_42 - my_run - INFO - Recent Stats | t_env:    1650000 | Episode:     8250
blue_team_alives_mean:   144.0000	blue_team_win_mean:        0.0000	ep_length_mean:          200.0000	episode_length_mean:     199.0000
epsilon:                   0.0500	grad_norm:               432464793.6000	info_nce_loss:             0.3855	loss:                    1331447.1000
q_loss:                  1210406.5000	q_taken_mean:            328.2783	red_team_alives_mean:    144.0000	red_team_win_mean:         0.0000
return_mean:              -1.4901	return_std:                0.0598	target_mean:             327.6019	td_error_abs:            492.4942
test_blue_team_alives_mean:144.0000	test_blue_team_win_mean:   0.0000	test_ep_length_mean:     200.0000	test_episode_length_mean:199.0000
test_red_team_alives_mean:144.0000	test_red_team_win_mean:    0.0000	test_return_mean:         -1.1204	test_return_std:           0.0000

2026-09-04 04:47:11,430 - my_experiment - bat_60_ExpoComm_n9_42 - my_run - INFO - t_env: 1650200 / 5050000
2026-09-04 04:47:11,431 - my_experiment - bat_60_ExpoComm_n9_42 - my_run - INFO - Estimated time left: 1 days, 52 minutes, 31 seconds. Time passed: 12 hours, 8 minutes, 53 seconds
2026-09-04 05:09:00,550 - my_experiment - bat_60_ExpoComm_n9_42 - my_run - INFO - Recent Stats | t_env:    1700000 | Episode:     8500
blue_team_alives_mean:   144.0000	blue_team_win_mean:        0.0000	ep_length_mean:          200.0000	episode_length_mean:     199.0000
epsilon:                   0.0500	grad_norm:               462881254.4000	info_nce_loss:             0.3451	loss:                    1144600.5500
q_loss:                  1040545.9500	q_taken_mean:            323.8305	red_team_alives_mean:    144.0000	red_team_win_mean:         0.0000
return_mean:              -1.4688	return_std:                0.0486	target_mean:             324.1528	td_error_abs:            454.6910
test_blue_team_alives_mean:144.0000	test_blue_team_win_mean:   0.0000	test_ep_length_mean:     200.0000	test_episode_length_mean:199.0000
test_red_team_alives_mean:144.0000	test_red_team_win_mean:    0.0000	test_return_mean:         -1.2215	test_return_std:           0.0000

2026-09-04 05:09:05,835 - my_experiment - bat_60_ExpoComm_n9_42 - my_run - INFO - t_env: 1700200 / 5050000
2026-09-04 05:09:05,836 - my_experiment - bat_60_ExpoComm_n9_42 - my_run - INFO - Estimated time left: 1 days, 27 minutes, 39 seconds. Time passed: 12 hours, 30 minutes, 48 seconds
2026-09-04 05:30:55,694 - my_experiment - bat_60_ExpoComm_n9_42 - my_run - INFO - Recent Stats | t_env:    1750000 | Episode:     8750
blue_team_alives_mean:   144.0000	blue_team_win_mean:        0.0000	ep_length_mean:          200.0000	episode_length_mean:     199.0000
epsilon:                   0.0500	grad_norm:               510181644.8000	info_nce_loss:             0.3620	loss:                    1305921.9000
q_loss:                  1187201.7000	q_taken_mean:            324.0730	red_team_alives_mean:    144.0000	red_team_win_mean:         0.0000
return_mean:              -1.4744	return_std:                0.0423	target_mean:             323.5287	td_error_abs:            470.8450
test_blue_team_alives_mean:144.0000	test_blue_team_win_mean:   0.0000	test_ep_length_mean:     200.0000	test_episode_length_mean:199.0000
test_red_team_alives_mean:144.0000	test_red_team_win_mean:    0.0000	test_return_mean:         -1.2497	test_return_std:           0.0000

2026-09-04 05:31:00,998 - my_experiment - bat_60_ExpoComm_n9_42 - my_run - INFO - t_env: 1750200 / 5050000
2026-09-04 05:31:00,999 - my_experiment - bat_60_ExpoComm_n9_42 - my_run - INFO - Estimated time left: 1 days, 6 minutes, 35 seconds. Time passed: 12 hours, 52 minutes, 43 seconds
2026-09-04 05:52:51,852 - my_experiment - bat_60_ExpoComm_n9_42 - my_run - INFO - Recent Stats | t_env:    1800000 | Episode:     9000
blue_team_alives_mean:   144.0000	blue_team_win_mean:        0.0000	ep_length_mean:          200.0000	episode_length_mean:     199.0000
epsilon:                   0.0500	grad_norm:               476414201.6000	info_nce_loss:             0.4378	loss:                    1072767.0000
q_loss:                  975242.7250	q_taken_mean:            326.6471	red_team_alives_mean:    144.0000	red_team_win_mean:         0.0000
return_mean:              -1.4493	return_std:                0.0349	target_mean:             326.9097	td_error_abs:            439.0129
test_blue_team_alives_mean:144.0000	test_blue_team_win_mean:   0.0000	test_ep_length_mean:     200.0000	test_episode_length_mean:199.0000
test_red_team_alives_mean:144.0000	test_red_team_win_mean:    0.0000	test_return_mean:         -1.2521	test_return_std:           0.0000

2026-09-04 05:52:57,155 - my_experiment - bat_60_ExpoComm_n9_42 - my_run - INFO - t_env: 1800200 / 5050000
2026-09-04 05:52:57,156 - my_experiment - bat_60_ExpoComm_n9_42 - my_run - INFO - Estimated time left: 23 hours, 45 minutes, 44 seconds. Time passed: 13 hours, 14 minutes, 39 seconds
2026-09-04 06:14:42,903 - my_experiment - bat_60_ExpoComm_n9_42 - my_run - INFO - Recent Stats | t_env:    1850000 | Episode:     9250
blue_team_alives_mean:   144.0000	blue_team_win_mean:        0.0000	ep_length_mean:          200.0000	episode_length_mean:     199.0000
epsilon:                   0.0500	grad_norm:               511582124.8000	info_nce_loss:             0.3029	loss:                    1383115.8125
q_loss:                  1257378.0000	q_taken_mean:            320.1254	red_team_alives_mean:    144.0000	red_team_win_mean:         0.0000
return_mean:              -1.4460	return_std:                0.0983	target_mean:             319.7292	td_error_abs:            484.4292
test_blue_team_alives_mean:144.0000	test_blue_team_win_mean:   0.0000	test_ep_length_mean:     200.0000	test_episode_length_mean:199.0000
test_red_team_alives_mean:144.0000	test_red_team_win_mean:    0.0000	test_return_mean:         -1.2583	test_return_std:           0.0000

2026-09-04 06:14:48,107 - my_experiment - bat_60_ExpoComm_n9_42 - my_run - INFO - t_env: 1850200 / 5050000
2026-09-04 06:14:48,108 - my_experiment - bat_60_ExpoComm_n9_42 - my_run - INFO - Estimated time left: 23 hours, 18 minutes, 15 seconds. Time passed: 13 hours, 36 minutes, 30 seconds
2026-09-04 06:36:24,084 - my_experiment - bat_60_ExpoComm_n9_42 - my_run - INFO - Recent Stats | t_env:    1900000 | Episode:     9500
blue_team_alives_mean:   143.8760	blue_team_win_mean:        0.0000	ep_length_mean:          200.0000	episode_length_mean:     199.0000
epsilon:                   0.0500	grad_norm:               979540748.8000	info_nce_loss:             0.5834	loss:                    7364242.6875
q_loss:                  6694766.0250	q_taken_mean:            311.0496	red_team_alives_mean:    144.0000	red_team_win_mean:         0.0200
return_mean:              -2.1096	return_std:                1.3747	target_mean:             312.6069	td_error_abs:            1552.7680
test_blue_team_alives_mean:144.0000	test_blue_team_win_mean:   0.0000	test_ep_length_mean:     200.0000	test_episode_length_mean:199.0000
test_red_team_alives_mean:144.0000	test_red_team_win_mean:    0.0000	test_return_mean:         -1.2644	test_return_std:           0.0000

2026-09-04 06:36:29,281 - my_experiment - bat_60_ExpoComm_n9_42 - my_run - INFO - t_env: 1900200 / 5050000
2026-09-04 06:36:29,281 - my_experiment - bat_60_ExpoComm_n9_42 - my_run - INFO - Estimated time left: 22 hours, 46 minutes, 8 seconds. Time passed: 13 hours, 58 minutes, 11 seconds
2026-09-04 06:57:58,449 - my_experiment - bat_60_ExpoComm_n9_42 - my_run - INFO - Recent Stats | t_env:    1950000 | Episode:     9750
blue_team_alives_mean:   143.7520	blue_team_win_mean:        0.0000	ep_length_mean:          200.0000	episode_length_mean:     199.0000
epsilon:                   0.0500	grad_norm:               482151094.4000	info_nce_loss:             0.4648	loss:                    3130377.3750
q_loss:                  2845799.5500	q_taken_mean:            297.5636	red_team_alives_mean:    144.0000	red_team_win_mean:         0.0600
return_mean:              -1.7658	return_std:                0.7618	target_mean:             295.2943	td_error_abs:            970.4651
test_blue_team_alives_mean:144.0000	test_blue_team_win_mean:   0.0000	test_ep_length_mean:     200.0000	test_episode_length_mean:199.0000
test_red_team_alives_mean:144.0000	test_red_team_win_mean:    0.0000	test_return_mean:         -1.1439	test_return_std:           0.0000

2026-09-04 06:58:03,570 - my_experiment - bat_60_ExpoComm_n9_42 - my_run - INFO - t_env: 1950200 / 5050000
2026-09-04 06:58:03,571 - my_experiment - bat_60_ExpoComm_n9_42 - my_run - INFO - Estimated time left: 22 hours, 17 minutes, 20 seconds. Time passed: 14 hours, 19 minutes, 46 seconds
2026-09-04 07:19:33,402 - my_experiment - bat_60_ExpoComm_n9_42 - my_run - INFO - Recent Stats | t_env:    2000000 | Episode:    10000
blue_team_alives_mean:   143.0680	blue_team_win_mean:        0.0000	ep_length_mean:          200.0000	episode_length_mean:     199.0000
epsilon:                   0.0500	grad_norm:               605227289.6000	info_nce_loss:             0.2960	loss:                    3323737.4000
q_loss:                  3021579.5500	q_taken_mean:            287.8731	red_team_alives_mean:    144.0000	red_team_win_mean:         0.0720
return_mean:              -3.7541	return_std:                3.7138	target_mean:             284.4246	td_error_abs:            1136.1146
test_blue_team_alives_mean:141.8000	test_blue_team_win_mean:   0.0000	test_ep_length_mean:     200.0000	test_episode_length_mean:199.0000
test_red_team_alives_mean:144.0000	test_red_team_win_mean:    0.2000	test_return_mean:         -1.8261	test_return_std:           0.0000

2026-09-04 07:19:38,597 - my_experiment - bat_60_ExpoComm_n9_42 - my_run - INFO - t_env: 2000200 / 5050000
2026-09-04 07:19:38,598 - my_experiment - bat_60_ExpoComm_n9_42 - my_run - INFO - Estimated time left: 21 hours, 56 minutes, 31 seconds. Time passed: 14 hours, 41 minutes, 21 seconds
2026-09-04 07:19:43,007 - my_experiment - bat_60_ExpoComm_n9_42 - my_run - INFO - Saving models to work_dirs/my_experiment/bat_60_ExpoComm_n9_42/my_run/20260903_163731/models/2000200
2026-09-04 07:41:07,748 - my_experiment - bat_60_ExpoComm_n9_42 - my_run - INFO - Recent Stats | t_env:    2050000 | Episode:    10250
blue_team_alives_mean:   143.6640	blue_team_win_mean:        0.0000	ep_length_mean:          200.0000	episode_length_mean:     199.0000
epsilon:                   0.0500	grad_norm:               304366976.0000	info_nce_loss:             0.4616	loss:                    1289318.6375
q_loss:                  1172107.8625	q_taken_mean:            269.4207	red_team_alives_mean:    144.0000	red_team_win_mean:         0.0240
return_mean:              -1.4896	return_std:                0.3042	target_mean:             269.8561	td_error_abs:            692.2237
test_blue_team_alives_mean:141.8000	test_blue_team_win_mean:   0.0000	test_ep_length_mean:     200.0000	test_episode_length_mean:199.0000
test_red_team_alives_mean:144.0000	test_red_team_win_mean:    0.2000	test_return_mean:         -1.7824	test_return_std:           0.0000

2026-09-04 07:41:12,927 - my_experiment - bat_60_ExpoComm_n9_42 - my_run - INFO - t_env: 2050200 / 5050000
2026-09-04 07:41:12,928 - my_experiment - bat_60_ExpoComm_n9_42 - my_run - INFO - Estimated time left: 21 hours, 34 minutes, 14 seconds. Time passed: 15 hours, 2 minutes, 55 seconds
2026-09-04 08:02:40,765 - my_experiment - bat_60_ExpoComm_n9_42 - my_run - INFO - Recent Stats | t_env:    2100000 | Episode:    10500
blue_team_alives_mean:   143.9560	blue_team_win_mean:        0.0000	ep_length_mean:          200.0000	episode_length_mean:     199.0000
epsilon:                   0.0500	grad_norm:               305610688.0000	info_nce_loss:             0.3152	loss:                    1112020.4000
q_loss:                  1010927.6500	q_taken_mean:            267.8830	red_team_alives_mean:    144.0000	red_team_win_mean:         0.0080
return_mean:              -1.4783	return_std:                0.2472	target_mean:             268.6398	td_error_abs:            656.1633
test_blue_team_alives_mean:141.8000	test_blue_team_win_mean:   0.0000	test_ep_length_mean:     200.0000	test_episode_length_mean:199.0000
test_red_team_alives_mean:144.0000	test_red_team_win_mean:    0.2000	test_return_mean:         -1.7524	test_return_std:           0.0000

2026-09-04 08:02:45,911 - my_experiment - bat_60_ExpoComm_n9_42 - my_run - INFO - t_env: 2100200 / 5050000
2026-09-04 08:02:45,912 - my_experiment - bat_60_ExpoComm_n9_42 - my_run - INFO - Estimated time left: 21 hours, 11 minutes, 20 seconds. Time passed: 15 hours, 24 minutes, 28 seconds
2026-09-04 08:24:12,740 - my_experiment - bat_60_ExpoComm_n9_42 - my_run - INFO - Recent Stats | t_env:    2150000 | Episode:    10750
blue_team_alives_mean:   144.0000	blue_team_win_mean:        0.0000	ep_length_mean:          200.0000	episode_length_mean:     199.0000
epsilon:                   0.0500	grad_norm:               320014704.0000	info_nce_loss:             0.3815	loss:                    965639.5500
q_loss:                  877854.1250	q_taken_mean:            279.9578	red_team_alives_mean:    144.0000	red_team_win_mean:         0.0000
return_mean:              -1.4596	return_std:                0.0813	target_mean:             280.0159	td_error_abs:            603.3029
test_blue_team_alives_mean:141.8000	test_blue_team_win_mean:   0.0000	test_ep_length_mean:     200.0000	test_episode_length_mean:199.0000
test_red_team_alives_mean:144.0000	test_red_team_win_mean:    0.2000	test_return_mean:         -1.7564	test_return_std:           0.0000

2026-09-04 08:24:17,896 - my_experiment - bat_60_ExpoComm_n9_42 - my_run - INFO - t_env: 2150200 / 5050000
2026-09-04 08:24:17,896 - my_experiment - bat_60_ExpoComm_n9_42 - my_run - INFO - Estimated time left: 20 hours, 48 minutes, 49 seconds. Time passed: 15 hours, 46 minutes, 0 seconds
2026-09-04 08:45:45,655 - my_experiment - bat_60_ExpoComm_n9_42 - my_run - INFO - Recent Stats | t_env:    2200000 | Episode:    11000
blue_team_alives_mean:   144.0000	blue_team_win_mean:        0.0000	ep_length_mean:          200.0000	episode_length_mean:     199.0000
epsilon:                   0.0500	grad_norm:               271537232.0000	info_nce_loss:             0.5041	loss:                    816384.5875
q_loss:                  742167.8000	q_taken_mean:            277.6855	red_team_alives_mean:    144.0000	red_team_win_mean:         0.0000
return_mean:              -1.4339	return_std:                0.0384	target_mean:             277.8339	td_error_abs:            548.7689
test_blue_team_alives_mean:141.8000	test_blue_team_win_mean:   0.0000	test_ep_length_mean:     200.0000	test_episode_length_mean:199.0000
test_red_team_alives_mean:144.0000	test_red_team_win_mean:    0.2000	test_return_mean:         -1.7651	test_return_std:           0.0000

2026-09-04 08:45:50,809 - my_experiment - bat_60_ExpoComm_n9_42 - my_run - INFO - t_env: 2200200 / 5050000
2026-09-04 08:45:50,809 - my_experiment - bat_60_ExpoComm_n9_42 - my_run - INFO - Estimated time left: 20 hours, 28 minutes, 10 seconds. Time passed: 16 hours, 7 minutes, 33 seconds
2026-09-04 09:07:17,925 - my_experiment - bat_60_ExpoComm_n9_42 - my_run - INFO - Recent Stats | t_env:    2250000 | Episode:    11250
blue_team_alives_mean:   144.0000	blue_team_win_mean:        0.0000	ep_length_mean:          200.0000	episode_length_mean:     199.0000
epsilon:                   0.0500	grad_norm:               300809510.4000	info_nce_loss:             0.2660	loss:                    764848.2500
q_loss:                  695316.5875	q_taken_mean:            281.7012	red_team_alives_mean:    144.0000	red_team_win_mean:         0.0000
return_mean:              -1.4389	return_std:                0.0562	target_mean:             281.3499	td_error_abs:            528.5056
test_blue_team_alives_mean:144.0000	test_blue_team_win_mean:   0.0000	test_ep_length_mean:     200.0000	test_episode_length_mean:199.0000
test_red_team_alives_mean:144.0000	test_red_team_win_mean:    0.0000	test_return_mean:         -1.1250	test_return_std:           0.0000

2026-09-04 09:07:23,111 - my_experiment - bat_60_ExpoComm_n9_42 - my_run - INFO - t_env: 2250200 / 5050000
2026-09-04 09:07:23,112 - my_experiment - bat_60_ExpoComm_n9_42 - my_run - INFO - Estimated time left: 20 hours, 6 minutes, 3 seconds. Time passed: 16 hours, 29 minutes, 5 seconds
2026-09-04 09:28:50,647 - my_experiment - bat_60_ExpoComm_n9_42 - my_run - INFO - Recent Stats | t_env:    2300000 | Episode:    11500
blue_team_alives_mean:   144.0000	blue_team_win_mean:        0.0000	ep_length_mean:          200.0000	episode_length_mean:     199.0000
epsilon:                   0.0500	grad_norm:               292160547.2000	info_nce_loss:             0.3476	loss:                    702484.5625
q_loss:                  638622.4062	q_taken_mean:            285.9523	red_team_alives_mean:    144.0000	red_team_win_mean:         0.0000
return_mean:              -1.4674	return_std:                0.0736	target_mean:             286.1370	td_error_abs:            500.0230
test_blue_team_alives_mean:144.0000	test_blue_team_win_mean:   0.0000	test_ep_length_mean:     200.0000	test_episode_length_mean:199.0000
test_red_team_alives_mean:144.0000	test_red_team_win_mean:    0.0000	test_return_mean:         -1.4399	test_return_std:           0.0000

2026-09-04 09:28:55,789 - my_experiment - bat_60_ExpoComm_n9_42 - my_run - INFO - t_env: 2300200 / 5050000
2026-09-04 09:28:55,789 - my_experiment - bat_60_ExpoComm_n9_42 - my_run - INFO - Estimated time left: 19 hours, 44 minutes, 52 seconds. Time passed: 16 hours, 50 minutes, 38 seconds
2026-09-04 09:50:23,759 - my_experiment - bat_60_ExpoComm_n9_42 - my_run - INFO - Recent Stats | t_env:    2350000 | Episode:    11750
blue_team_alives_mean:   144.0000	blue_team_win_mean:        0.0000	ep_length_mean:          200.0000	episode_length_mean:     199.0000
epsilon:                   0.0500	grad_norm:               298833836.8000	info_nce_loss:             0.5630	loss:                    698542.7875
q_loss:                  635038.8875	q_taken_mean:            286.8064	red_team_alives_mean:    144.0000	red_team_win_mean:         0.0000
return_mean:              -1.4470	return_std:                0.0789	target_mean:             286.2912	td_error_abs:            493.5295
test_blue_team_alives_mean:144.0000	test_blue_team_win_mean:   0.0000	test_ep_length_mean:     200.0000	test_episode_length_mean:199.0000
test_red_team_alives_mean:144.0000	test_red_team_win_mean:    0.0000	test_return_mean:         -1.8988	test_return_std:           0.0000

2026-09-04 09:50:28,946 - my_experiment - bat_60_ExpoComm_n9_42 - my_run - INFO - t_env: 2350200 / 5050000
2026-09-04 09:50:28,947 - my_experiment - bat_60_ExpoComm_n9_42 - my_run - INFO - Estimated time left: 19 hours, 23 minutes, 45 seconds. Time passed: 17 hours, 12 minutes, 11 seconds
2026-09-04 10:11:57,165 - my_experiment - bat_60_ExpoComm_n9_42 - my_run - INFO - Recent Stats | t_env:    2400000 | Episode:    12000
blue_team_alives_mean:   144.0000	blue_team_win_mean:        0.0000	ep_length_mean:          200.0000	episode_length_mean:     199.0000
epsilon:                   0.0500	grad_norm:               301113475.2000	info_nce_loss:             0.3181	loss:                    690318.6875
q_loss:                  627562.4375	q_taken_mean:            293.2915	red_team_alives_mean:    144.0000	red_team_win_mean:         0.0000
return_mean:              -1.4293	return_std:                0.0471	target_mean:             293.6071	td_error_abs:            470.1684
test_blue_team_alives_mean:144.0000	test_blue_team_win_mean:   0.0000	test_ep_length_mean:     200.0000	test_episode_length_mean:199.0000
test_red_team_alives_mean:144.0000	test_red_team_win_mean:    0.0000	test_return_mean:         -2.0001	test_return_std:           0.0000

2026-09-04 10:12:02,341 - my_experiment - bat_60_ExpoComm_n9_42 - my_run - INFO - t_env: 2400200 / 5050000
2026-09-04 10:12:02,341 - my_experiment - bat_60_ExpoComm_n9_42 - my_run - INFO - Estimated time left: 19 hours, 2 minutes, 24 seconds. Time passed: 17 hours, 33 minutes, 44 seconds
2026-09-04 10:33:31,420 - my_experiment - bat_60_ExpoComm_n9_42 - my_run - INFO - Recent Stats | t_env:    2450000 | Episode:    12250
blue_team_alives_mean:   143.9880	blue_team_win_mean:        0.0000	ep_length_mean:          200.0000	episode_length_mean:     199.0000
epsilon:                   0.0500	grad_norm:               308448518.4000	info_nce_loss:             0.4598	loss:                    781996.0125
q_loss:                  710905.4625	q_taken_mean:            303.1362	red_team_alives_mean:    144.0000	red_team_win_mean:         0.0040
return_mean:              -1.4953	return_std:                0.0895	target_mean:             302.3687	td_error_abs:            531.4529
test_blue_team_alives_mean:144.0000	test_blue_team_win_mean:   0.0000	test_ep_length_mean:     200.0000	test_episode_length_mean:199.0000
test_red_team_alives_mean:144.0000	test_red_team_win_mean:    0.0000	test_return_mean:         -2.0471	test_return_std:           0.0000

2026-09-04 10:33:36,639 - my_experiment - bat_60_ExpoComm_n9_42 - my_run - INFO - t_env: 2450200 / 5050000
2026-09-04 10:33:36,640 - my_experiment - bat_60_ExpoComm_n9_42 - my_run - INFO - Estimated time left: 18 hours, 41 minutes, 38 seconds. Time passed: 17 hours, 55 minutes, 19 seconds
2026-09-04 10:55:05,679 - my_experiment - bat_60_ExpoComm_n9_42 - my_run - INFO - Recent Stats | t_env:    2500000 | Episode:    12500
blue_team_alives_mean:   144.0000	blue_team_win_mean:        0.0000	ep_length_mean:          200.0000	episode_length_mean:     199.0000
epsilon:                   0.0500	grad_norm:               322673260.8000	info_nce_loss:             0.2240	loss:                    808408.5500
q_loss:                  734916.8750	q_taken_mean:            301.4733	red_team_alives_mean:    144.0000	red_team_win_mean:         0.0000
return_mean:              -1.5122	return_std:                0.1036	target_mean:             301.7130	td_error_abs:            535.6987
test_blue_team_alives_mean:144.0000	test_blue_team_win_mean:   0.0000	test_ep_length_mean:     200.0000	test_episode_length_mean:199.0000
test_red_team_alives_mean:144.0000	test_red_team_win_mean:    0.0000	test_return_mean:         -2.0401	test_return_std:           0.0000

2026-09-04 10:55:10,909 - my_experiment - bat_60_ExpoComm_n9_42 - my_run - INFO - t_env: 2500200 / 5050000
2026-09-04 10:55:10,910 - my_experiment - bat_60_ExpoComm_n9_42 - my_run - INFO - Estimated time left: 18 hours, 20 minutes, 2 seconds. Time passed: 18 hours, 16 minutes, 53 seconds
2026-09-04 10:55:15,297 - my_experiment - bat_60_ExpoComm_n9_42 - my_run - INFO - Saving models to work_dirs/my_experiment/bat_60_ExpoComm_n9_42/my_run/20260903_163731/models/2500200
2026-09-04 11:16:40,731 - my_experiment - bat_60_ExpoComm_n9_42 - my_run - INFO - Recent Stats | t_env:    2550000 | Episode:    12750
blue_team_alives_mean:   144.0000	blue_team_win_mean:        0.0000	ep_length_mean:          200.0000	episode_length_mean:     199.0000
epsilon:                   0.0500	grad_norm:               324082393.6000	info_nce_loss:             0.5861	loss:                    905552.4250
q_loss:                  823229.4750	q_taken_mean:            302.4990	red_team_alives_mean:    144.0000	red_team_win_mean:         0.0000
return_mean:              -1.4759	return_std:                0.0664	target_mean:             302.2961	td_error_abs:            571.7254
test_blue_team_alives_mean:144.0000	test_blue_team_win_mean:   0.0000	test_ep_length_mean:     200.0000	test_episode_length_mean:199.0000
test_red_team_alives_mean:144.0000	test_red_team_win_mean:    0.0000	test_return_mean:         -1.7481	test_return_std:           0.0000

2026-09-04 11:16:46,097 - my_experiment - bat_60_ExpoComm_n9_42 - my_run - INFO - t_env: 2550200 / 5050000
2026-09-04 11:16:46,098 - my_experiment - bat_60_ExpoComm_n9_42 - my_run - INFO - Estimated time left: 17 hours, 59 minutes, 14 seconds. Time passed: 18 hours, 38 minutes, 28 seconds
2026-09-04 11:38:16,714 - my_experiment - bat_60_ExpoComm_n9_42 - my_run - INFO - Recent Stats | t_env:    2600000 | Episode:    13000
blue_team_alives_mean:   144.0000	blue_team_win_mean:        0.0000	ep_length_mean:          200.0000	episode_length_mean:     199.0000
epsilon:                   0.0500	grad_norm:               261127347.2000	info_nce_loss:             0.5286	loss:                    826370.0750
q_loss:                  751245.5250	q_taken_mean:            296.5255	red_team_alives_mean:    144.0000	red_team_win_mean:         0.0000
return_mean:              -1.4124	return_std:                0.0307	target_mean:             296.6533	td_error_abs:            569.0770
test_blue_team_alives_mean:144.0000	test_blue_team_win_mean:   0.0000	test_ep_length_mean:     200.0000	test_episode_length_mean:199.0000
test_red_team_alives_mean:144.0000	test_red_team_win_mean:    0.0000	test_return_mean:         -1.2931	test_return_std:           0.0000

2026-09-04 11:38:21,865 - my_experiment - bat_60_ExpoComm_n9_42 - my_run - INFO - t_env: 2600200 / 5050000
2026-09-04 11:38:21,865 - my_experiment - bat_60_ExpoComm_n9_42 - my_run - INFO - Estimated time left: 17 hours, 38 minutes, 7 seconds. Time passed: 19 hours, 4 seconds
2026-09-04 11:59:51,665 - my_experiment - bat_60_ExpoComm_n9_42 - my_run - INFO - Recent Stats | t_env:    2650000 | Episode:    13250
blue_team_alives_mean:   144.0000	blue_team_win_mean:        0.0000	ep_length_mean:          200.0000	episode_length_mean:     199.0000
epsilon:                   0.0500	grad_norm:               264121174.4000	info_nce_loss:             0.5862	loss:                    823347.3250
q_loss:                  748497.5750	q_taken_mean:            288.1267	red_team_alives_mean:    144.0000	red_team_win_mean:         0.0000
return_mean:              -1.4890	return_std:                0.1144	target_mean:             287.4200	td_error_abs:            565.9640
test_blue_team_alives_mean:144.0000	test_blue_team_win_mean:   0.0000	test_ep_length_mean:     200.0000	test_episode_length_mean:199.0000
test_red_team_alives_mean:144.0000	test_red_team_win_mean:    0.0000	test_return_mean:         -1.1758	test_return_std:           0.0000

2026-09-04 11:59:56,859 - my_experiment - bat_60_ExpoComm_n9_42 - my_run - INFO - t_env: 2650200 / 5050000
2026-09-04 11:59:56,860 - my_experiment - bat_60_ExpoComm_n9_42 - my_run - INFO - Estimated time left: 17 hours, 15 minutes, 54 seconds. Time passed: 19 hours, 21 minutes, 39 seconds
2026-09-04 12:21:25,932 - my_experiment - bat_60_ExpoComm_n9_42 - my_run - INFO - Recent Stats | t_env:    2700000 | Episode:    13500
blue_team_alives_mean:   144.0000	blue_team_win_mean:        0.0000	ep_length_mean:          200.0000	episode_length_mean:     199.0000
epsilon:                   0.0500	grad_norm:               340568697.6000	info_nce_loss:             0.2101	loss:                    968441.2625
q_loss:                  880401.1375	q_taken_mean:            304.3964	red_team_alives_mean:    144.0000	red_team_win_mean:         0.0000
return_mean:              -1.4710	return_std:                0.0894	target_mean:             305.0579	td_error_abs:            583.9890
test_blue_team_alives_mean:144.0000	test_blue_team_win_mean:   0.0000	test_ep_length_mean:     200.0000	test_episode_length_mean:199.0000
test_red_team_alives_mean:144.0000	test_red_team_win_mean:    0.0000	test_return_mean:         -1.2569	test_return_std:           0.0000

2026-09-04 12:21:31,103 - my_experiment - bat_60_ExpoComm_n9_42 - my_run - INFO - t_env: 2700200 / 5050000
2026-09-04 12:21:31,130 - my_experiment - bat_60_ExpoComm_n9_42 - my_run - INFO - Estimated time left: 16 hours, 53 minutes, 45 seconds. Time passed: 19 hours, 43 minutes, 13 seconds
2026-09-04 12:42:59,568 - my_experiment - bat_60_ExpoComm_n9_42 - my_run - INFO - Recent Stats | t_env:    2750000 | Episode:    13750
blue_team_alives_mean:   144.0000	blue_team_win_mean:        0.0000	ep_length_mean:          200.0000	episode_length_mean:     199.0000
epsilon:                   0.0500	grad_norm:               313410528.0000	info_nce_loss:             0.2023	loss:                    888125.2875
q_loss:                  807386.6125	q_taken_mean:            297.9537	red_team_alives_mean:    144.0000	red_team_win_mean:         0.0000
return_mean:              -1.4261	return_std:                0.0353	target_mean:             297.2368	td_error_abs:            535.7824
test_blue_team_alives_mean:144.0000	test_blue_team_win_mean:   0.0000	test_ep_length_mean:     200.0000	test_episode_length_mean:199.0000
test_red_team_alives_mean:144.0000	test_red_team_win_mean:    0.0000	test_return_mean:         -1.2622	test_return_std:           0.0000

2026-09-04 12:43:04,733 - my_experiment - bat_60_ExpoComm_n9_42 - my_run - INFO - t_env: 2750200 / 5050000
2026-09-04 12:43:04,734 - my_experiment - bat_60_ExpoComm_n9_42 - my_run - INFO - Estimated time left: 16 hours, 31 minutes, 40 seconds. Time passed: 20 hours, 4 minutes, 47 seconds
2026-09-04 13:04:33,689 - my_experiment - bat_60_ExpoComm_n9_42 - my_run - INFO - Recent Stats | t_env:    2800000 | Episode:    14000
blue_team_alives_mean:   144.0000	blue_team_win_mean:        0.0000	ep_length_mean:          200.0000	episode_length_mean:     199.0000
epsilon:                   0.0500	grad_norm:               373642931.2000	info_nce_loss:             0.4477	loss:                    1032490.9000
q_loss:                  938628.0625	q_taken_mean:            300.4849	red_team_alives_mean:    144.0000	red_team_win_mean:         0.0000
return_mean:              -1.4349	return_std:                0.0440	target_mean:             300.8635	td_error_abs:            587.2198
test_blue_team_alives_mean:144.0000	test_blue_team_win_mean:   0.0000	test_ep_length_mean:     200.0000	test_episode_length_mean:199.0000
test_red_team_alives_mean:144.0000	test_red_team_win_mean:    0.0000	test_return_mean:         -1.2394	test_return_std:           0.0000

2026-09-04 13:04:38,862 - my_experiment - bat_60_ExpoComm_n9_42 - my_run - INFO - t_env: 2800200 / 5050000
2026-09-04 13:04:38,862 - my_experiment - bat_60_ExpoComm_n9_42 - my_run - INFO - Estimated time left: 16 hours, 10 minutes, 30 seconds. Time passed: 20 hours, 26 minutes, 21 seconds
2026-09-04 13:26:06,349 - my_experiment - bat_60_ExpoComm_n9_42 - my_run - INFO - Recent Stats | t_env:    2850000 | Episode:    14250
blue_team_alives_mean:   144.0000	blue_team_win_mean:        0.0000	ep_length_mean:          200.0000	episode_length_mean:     199.0000
epsilon:                   0.0500	grad_norm:               335762425.6000	info_nce_loss:             0.1705	loss:                    929952.0875
q_loss:                  845411.1625	q_taken_mean:            303.3015	red_team_alives_mean:    144.0000	red_team_win_mean:         0.0000
return_mean:              -1.4725	return_std:                0.0728	target_mean:             303.1376	td_error_abs:            549.6031
test_blue_team_alives_mean:144.0000	test_blue_team_win_mean:   0.0000	test_ep_length_mean:     200.0000	test_episode_length_mean:199.0000
test_red_team_alives_mean:144.0000	test_red_team_win_mean:    0.0000	test_return_mean:         -1.2683	test_return_std:           0.0000

2026-09-04 13:26:11,522 - my_experiment - bat_60_ExpoComm_n9_42 - my_run - INFO - t_env: 2850200 / 5050000
2026-09-04 13:26:11,523 - my_experiment - bat_60_ExpoComm_n9_42 - my_run - INFO - Estimated time left: 15 hours, 47 minutes, 51 seconds. Time passed: 20 hours, 47 minutes, 53 seconds
2026-09-04 13:47:39,726 - my_experiment - bat_60_ExpoComm_n9_42 - my_run - INFO - Recent Stats | t_env:    2900000 | Episode:    14500
blue_team_alives_mean:   144.0000	blue_team_win_mean:        0.0000	ep_length_mean:          200.0000	episode_length_mean:     199.0000
epsilon:                   0.0500	grad_norm:               343951379.2000	info_nce_loss:             0.6102	loss:                    914139.7375
q_loss:                  831036.1250	q_taken_mean:            300.0785	red_team_alives_mean:    144.0000	red_team_win_mean:         0.0000
return_mean:              -1.4252	return_std:                0.0277	target_mean:             300.4349	td_error_abs:            553.7612
test_blue_team_alives_mean:144.0000	test_blue_team_win_mean:   0.0000	test_ep_length_mean:     200.0000	test_episode_length_mean:199.0000
test_red_team_alives_mean:144.0000	test_red_team_win_mean:    0.0000	test_return_mean:         -1.3011	test_return_std:           0.0000

2026-09-04 13:47:44,897 - my_experiment - bat_60_ExpoComm_n9_42 - my_run - INFO - t_env: 2900200 / 5050000
2026-09-04 13:47:44,898 - my_experiment - bat_60_ExpoComm_n9_42 - my_run - INFO - Estimated time left: 15 hours, 26 minutes, 49 seconds. Time passed: 21 hours, 9 minutes, 27 seconds
2026-09-04 14:09:11,850 - my_experiment - bat_60_ExpoComm_n9_42 - my_run - INFO - Recent Stats | t_env:    2950000 | Episode:    14750
blue_team_alives_mean:   144.0000	blue_team_win_mean:        0.0000	ep_length_mean:          200.0000	episode_length_mean:     199.0000
epsilon:                   0.0500	grad_norm:               309337030.4000	info_nce_loss:             0.4866	loss:                    879355.9500
q_loss:                  799414.5000	q_taken_mean:            288.5991	red_team_alives_mean:    144.0000	red_team_win_mean:         0.0000
return_mean:              -1.4459	return_std:                0.0384	target_mean:             287.8357	td_error_abs:            565.7533
test_blue_team_alives_mean:144.0000	test_blue_team_win_mean:   0.0000	test_ep_length_mean:     200.0000	test_episode_length_mean:199.0000
test_red_team_alives_mean:144.0000	test_red_team_win_mean:    0.0000	test_return_mean:         -1.2726	test_return_std:           0.0000

2026-09-04 14:09:17,036 - my_experiment - bat_60_ExpoComm_n9_42 - my_run - INFO - t_env: 2950200 / 5050000
2026-09-04 14:09:17,037 - my_experiment - bat_60_ExpoComm_n9_42 - my_run - INFO - Estimated time left: 15 hours, 4 minutes, 24 seconds. Time passed: 21 hours, 30 minutes, 59 seconds
2026-09-04 14:30:45,041 - my_experiment - bat_60_ExpoComm_n9_42 - my_run - INFO - Recent Stats | t_env:    3000000 | Episode:    15000
blue_team_alives_mean:   144.0000	blue_team_win_mean:        0.0000	ep_length_mean:          200.0000	episode_length_mean:     199.0000
epsilon:                   0.0500	grad_norm:               320187123.2000	info_nce_loss:             0.3065	loss:                    861503.5875
q_loss:                  783185.4625	q_taken_mean:            288.5918	red_team_alives_mean:    144.0000	red_team_win_mean:         0.0000
return_mean:              -1.5162	return_std:                0.0826	target_mean:             289.1079	td_error_abs:            538.9391
test_blue_team_alives_mean:144.0000	test_blue_team_win_mean:   0.0000	test_ep_length_mean:     200.0000	test_episode_length_mean:199.0000
test_red_team_alives_mean:144.0000	test_red_team_win_mean:    0.0000	test_return_mean:         -1.2643	test_return_std:           0.0000

2026-09-04 14:30:50,219 - my_experiment - bat_60_ExpoComm_n9_42 - my_run - INFO - t_env: 3000200 / 5050000
2026-09-04 14:30:50,228 - my_experiment - bat_60_ExpoComm_n9_42 - my_run - INFO - Estimated time left: 14 hours, 43 minutes, 35 seconds. Time passed: 21 hours, 52 minutes, 32 seconds
2026-09-04 14:30:54,621 - my_experiment - bat_60_ExpoComm_n9_42 - my_run - INFO - Saving models to work_dirs/my_experiment/bat_60_ExpoComm_n9_42/my_run/20260903_163731/models/3000200
2026-09-04 14:52:17,396 - my_experiment - bat_60_ExpoComm_n9_42 - my_run - INFO - Recent Stats | t_env:    3050000 | Episode:    15250
blue_team_alives_mean:   144.0000	blue_team_win_mean:        0.0000	ep_length_mean:          200.0000	episode_length_mean:     199.0000
epsilon:                   0.0500	grad_norm:               325626649.6000	info_nce_loss:             0.3026	loss:                    802978.4875
q_loss:                  729980.5250	q_taken_mean:            294.8688	red_team_alives_mean:    144.0000	red_team_win_mean:         0.0000
return_mean:              -1.4249	return_std:                0.0354	target_mean:             294.3775	td_error_abs:            523.8529
test_blue_team_alives_mean:144.0000	test_blue_team_win_mean:   0.0000	test_ep_length_mean:     200.0000	test_episode_length_mean:199.0000
test_red_team_alives_mean:144.0000	test_red_team_win_mean:    0.0000	test_return_mean:         -1.2651	test_return_std:           0.0000

2026-09-04 14:52:22,562 - my_experiment - bat_60_ExpoComm_n9_42 - my_run - INFO - t_env: 3050200 / 5050000
2026-09-04 14:52:22,948 - my_experiment - bat_60_ExpoComm_n9_42 - my_run - INFO - Estimated time left: 14 hours, 21 minutes, 43 seconds. Time passed: 22 hours, 14 minutes, 5 seconds
2026-09-04 15:13:50,417 - my_experiment - bat_60_ExpoComm_n9_42 - my_run - INFO - Recent Stats | t_env:    3100000 | Episode:    15500
blue_team_alives_mean:   144.0000	blue_team_win_mean:        0.0000	ep_length_mean:          200.0000	episode_length_mean:     199.0000
epsilon:                   0.0500	grad_norm:               311064128.0000	info_nce_loss:             0.6194	loss:                    763010.9500
q_loss:                  693646.3125	q_taken_mean:            299.5781	red_team_alives_mean:    144.0000	red_team_win_mean:         0.0000
return_mean:              -1.4328	return_std:                0.0488	target_mean:             299.4477	td_error_abs:            515.7035
test_blue_team_alives_mean:144.0000	test_blue_team_win_mean:   0.0000	test_ep_length_mean:     200.0000	test_episode_length_mean:199.0000
test_red_team_alives_mean:144.0000	test_red_team_win_mean:    0.0000	test_return_mean:         -1.2318	test_return_std:           0.0000

2026-09-04 15:13:55,595 - my_experiment - bat_60_ExpoComm_n9_42 - my_run - INFO - t_env: 3100200 / 5050000
2026-09-04 15:13:55,596 - my_experiment - bat_60_ExpoComm_n9_42 - my_run - INFO - Estimated time left: 14 hours, 8 seconds. Time passed: 22 hours, 35 minutes, 38 seconds
2026-09-04 15:35:23,123 - my_experiment - bat_60_ExpoComm_n9_42 - my_run - INFO - Recent Stats | t_env:    3150000 | Episode:    15750
blue_team_alives_mean:   144.0000	blue_team_win_mean:        0.0000	ep_length_mean:          200.0000	episode_length_mean:     199.0000
epsilon:                   0.0500	grad_norm:               323757830.4000	info_nce_loss:             0.5376	loss:                    831464.5500
q_loss:                  755876.8625	q_taken_mean:            295.8030	red_team_alives_mean:    144.0000	red_team_win_mean:         0.0000
return_mean:              -1.4190	return_std:                0.0442	target_mean:             295.3151	td_error_abs:            532.5865
test_blue_team_alives_mean:144.0000	test_blue_team_win_mean:   0.0000	test_ep_length_mean:     200.0000	test_episode_length_mean:199.0000
test_red_team_alives_mean:144.0000	test_red_team_win_mean:    0.0000	test_return_mean:         -1.3269	test_return_std:           0.0000

2026-09-04 15:35:28,279 - my_experiment - bat_60_ExpoComm_n9_42 - my_run - INFO - t_env: 3150200 / 5050000
2026-09-04 15:35:28,280 - my_experiment - bat_60_ExpoComm_n9_42 - my_run - INFO - Estimated time left: 13 hours, 38 minutes, 36 seconds. Time passed: 22 hours, 57 minutes, 10 seconds
2026-09-04 15:56:55,783 - my_experiment - bat_60_ExpoComm_n9_42 - my_run - INFO - Recent Stats | t_env:    3200000 | Episode:    16000
blue_team_alives_mean:   144.0000	blue_team_win_mean:        0.0000	ep_length_mean:          200.0000	episode_length_mean:     199.0000
epsilon:                   0.0500	grad_norm:               376191481.6000	info_nce_loss:             0.2483	loss:                    1096557.5125
q_loss:                  996870.4750	q_taken_mean:            295.2673	red_team_alives_mean:    144.0000	red_team_win_mean:         0.0000
return_mean:              -1.5448	return_std:                0.0866	target_mean:             296.1946	td_error_abs:            614.8170
test_blue_team_alives_mean:144.0000	test_blue_team_win_mean:   0.0000	test_ep_length_mean:     200.0000	test_episode_length_mean:199.0000
test_red_team_alives_mean:144.0000	test_red_team_win_mean:    0.0000	test_return_mean:         -1.5104	test_return_std:           0.0000

2026-09-04 15:57:00,946 - my_experiment - bat_60_ExpoComm_n9_42 - my_run - INFO - t_env: 3200200 / 5050000
2026-09-04 15:57:00,947 - my_experiment - bat_60_ExpoComm_n9_42 - my_run - INFO - Estimated time left: 13 hours, 17 minutes, 3 seconds. Time passed: 23 hours, 18 minutes, 43 seconds
2026-09-04 16:18:28,836 - my_experiment - bat_60_ExpoComm_n9_42 - my_run - INFO - Recent Stats | t_env:    3250000 | Episode:    16250
blue_team_alives_mean:   143.9400	blue_team_win_mean:        0.0000	ep_length_mean:          200.0000	episode_length_mean:     199.0000
epsilon:                   0.0500	grad_norm:               467385779.2000	info_nce_loss:             0.5637	loss:                    1636815.4375
q_loss:                  1488014.0625	q_taken_mean:            279.4827	red_team_alives_mean:    144.0000	red_team_win_mean:         0.0200
return_mean:              -1.7735	return_std:                0.4764	target_mean:             278.3705	td_error_abs:            576.0723
test_blue_team_alives_mean:144.0000	test_blue_team_win_mean:   0.0000	test_ep_length_mean:     200.0000	test_episode_length_mean:199.0000
test_red_team_alives_mean:144.0000	test_red_team_win_mean:    0.0000	test_return_mean:         -1.8153	test_return_std:           0.0000

2026-09-04 16:18:33,990 - my_experiment - bat_60_ExpoComm_n9_42 - my_run - INFO - t_env: 3250200 / 5050000
2026-09-04 16:18:33,991 - my_experiment - bat_60_ExpoComm_n9_42 - my_run - INFO - Estimated time left: 12 hours, 55 minutes, 44 seconds. Time passed: 23 hours, 40 minutes, 16 seconds
2026-09-04 16:40:02,559 - my_experiment - bat_60_ExpoComm_n9_42 - my_run - INFO - Recent Stats | t_env:    3300000 | Episode:    16500
blue_team_alives_mean:   143.8040	blue_team_win_mean:        0.0000	ep_length_mean:          200.0000	episode_length_mean:     199.0000
epsilon:                   0.0500	grad_norm:               439634924.8000	info_nce_loss:             0.4587	loss:                    3182304.8250
q_loss:                  2893004.8750	q_taken_mean:            262.6604	red_team_alives_mean:    144.0000	red_team_win_mean:         0.0680
return_mean:              -2.2716	return_std:                1.5357	target_mean:             266.3958	td_error_abs:            1243.8436
test_blue_team_alives_mean:144.0000	test_blue_team_win_mean:   0.0000	test_ep_length_mean:     200.0000	test_episode_length_mean:199.0000
test_red_team_alives_mean:144.0000	test_red_team_win_mean:    0.0000	test_return_mean:         -2.1864	test_return_std:           0.0000

2026-09-04 16:40:07,698 - my_experiment - bat_60_ExpoComm_n9_42 - my_run - INFO - t_env: 3300200 / 5050000
2026-09-04 16:40:07,699 - my_experiment - bat_60_ExpoComm_n9_42 - my_run - INFO - Estimated time left: 12 hours, 34 minutes, 34 seconds. Time passed: 1 days, 1 minutes, 50 seconds
2026-09-04 17:01:29,774 - my_experiment - bat_60_ExpoComm_n9_42 - my_run - INFO - Recent Stats | t_env:    3350000 | Episode:    16750
blue_team_alives_mean:   138.0160	blue_team_win_mean:        0.0000	ep_length_mean:          200.0000	episode_length_mean:     199.0000
epsilon:                   0.0500	grad_norm:               396076726.4000	info_nce_loss:             0.6827	loss:                    3515872.8375
q_loss:                  3196248.0875	q_taken_mean:            245.7733	red_team_alives_mean:    144.0000	red_team_win_mean:         0.3120
return_mean:              -1.3609	return_std:                0.4366	target_mean:             250.2602	td_error_abs:            1242.0991
test_blue_team_alives_mean:140.8000	test_blue_team_win_mean:   0.0000	test_ep_length_mean:     200.0000	test_episode_length_mean:199.0000
test_red_team_alives_mean:144.0000	test_red_team_win_mean:    0.2000	test_return_mean:         -2.1082	test_return_std:           0.0000

2026-09-04 17:01:34,940 - my_experiment - bat_60_ExpoComm_n9_42 - my_run - INFO - t_env: 3350200 / 5050000
2026-09-04 17:01:34,941 - my_experiment - bat_60_ExpoComm_n9_42 - my_run - INFO - Estimated time left: 12 hours, 9 minutes, 21 seconds. Time passed: 1 days, 23 minutes, 17 seconds
2026-09-04 17:23:01,212 - my_experiment - bat_60_ExpoComm_n9_42 - my_run - INFO - Recent Stats | t_env:    3400000 | Episode:    17000
blue_team_alives_mean:   143.8480	blue_team_win_mean:        0.0000	ep_length_mean:          200.0000	episode_length_mean:     199.0000
epsilon:                   0.0500	grad_norm:               335765403.2000	info_nce_loss:             0.4117	loss:                    1285278.3125
q_loss:                  1168434.8375	q_taken_mean:            251.6735	red_team_alives_mean:    144.0000	red_team_win_mean:         0.0360
return_mean:              -1.5280	return_std:                0.1873	target_mean:             252.4641	td_error_abs:            606.4874
test_blue_team_alives_mean:140.8000	test_blue_team_win_mean:   0.0000	test_ep_length_mean:     200.0000	test_episode_length_mean:199.0000
test_red_team_alives_mean:144.0000	test_red_team_win_mean:    0.2000	test_return_mean:         -2.1367	test_return_std:           0.0000

2026-09-04 17:23:06,376 - my_experiment - bat_60_ExpoComm_n9_42 - my_run - INFO - t_env: 3400200 / 5050000
2026-09-04 17:23:06,377 - my_experiment - bat_60_ExpoComm_n9_42 - my_run - INFO - Estimated time left: 11 hours, 50 minutes, 12 seconds. Time passed: 1 days, 44 minutes, 48 seconds
2026-09-04 17:44:32,351 - my_experiment - bat_60_ExpoComm_n9_42 - my_run - INFO - Recent Stats | t_env:    3450000 | Episode:    17250
blue_team_alives_mean:   143.1680	blue_team_win_mean:        0.0000	ep_length_mean:          200.0000	episode_length_mean:     199.0000
epsilon:                   0.0500	grad_norm:               249268936.0000	info_nce_loss:             0.2077	loss:                    1491655.4000
q_loss:                  1356050.3875	q_taken_mean:            252.8390	red_team_alives_mean:    144.0000	red_team_win_mean:         0.2280
return_mean:              -1.4167	return_std:                0.1082	target_mean:             252.4460	td_error_abs:            591.3006
test_blue_team_alives_mean:140.8000	test_blue_team_win_mean:   0.0000	test_ep_length_mean:     200.0000	test_episode_length_mean:199.0000
test_red_team_alives_mean:144.0000	test_red_team_win_mean:    0.2000	test_return_mean:         -1.8593	test_return_std:           0.0000

2026-09-04 17:44:37,523 - my_experiment - bat_60_ExpoComm_n9_42 - my_run - INFO - t_env: 3450200 / 5050000
2026-09-04 17:44:37,523 - my_experiment - bat_60_ExpoComm_n9_42 - my_run - INFO - Estimated time left: 11 hours, 28 minutes, 31 seconds. Time passed: 1 days, 1 hours, 6 minutes, 19 seconds
2026-09-04 18:05:59,885 - my_experiment - bat_60_ExpoComm_n9_42 - my_run - INFO - Recent Stats | t_env:    3500000 | Episode:    17500
blue_team_alives_mean:   136.7320	blue_team_win_mean:        0.0000	ep_length_mean:          200.0000	episode_length_mean:     199.0000
epsilon:                   0.0500	grad_norm:               189075729.2000	info_nce_loss:             0.3137	loss:                    1095927.9750
q_loss:                  996298.1375	q_taken_mean:            245.9947	red_team_alives_mean:    144.0000	red_team_win_mean:         0.4440
return_mean:              -1.5090	return_std:                0.6137	target_mean:             245.4952	td_error_abs:            574.0860
test_blue_team_alives_mean:140.8000	test_blue_team_win_mean:   0.0000	test_ep_length_mean:     200.0000	test_episode_length_mean:199.0000
test_red_team_alives_mean:144.0000	test_red_team_win_mean:    0.2000	test_return_mean:         -1.4753	test_return_std:           0.0000

2026-09-04 18:06:05,069 - my_experiment - bat_60_ExpoComm_n9_42 - my_run - INFO - t_env: 3500200 / 5050000
2026-09-04 18:06:05,164 - my_experiment - bat_60_ExpoComm_n9_42 - my_run - INFO - Estimated time left: 11 hours, 5 minutes, 11 seconds. Time passed: 1 days, 1 hours, 27 minutes, 47 seconds
2026-09-04 18:06:09,620 - my_experiment - bat_60_ExpoComm_n9_42 - my_run - INFO - Saving models to work_dirs/my_experiment/bat_60_ExpoComm_n9_42/my_run/20260903_163731/models/3500200
2026-09-04 18:27:32,606 - my_experiment - bat_60_ExpoComm_n9_42 - my_run - INFO - Recent Stats | t_env:    3550000 | Episode:    17750
blue_team_alives_mean:   141.9280	blue_team_win_mean:        0.0000	ep_length_mean:          200.0000	episode_length_mean:     199.0000
epsilon:                   0.0500	grad_norm:               218107212.8000	info_nce_loss:             0.7125	loss:                    829139.0625
q_loss:                  753762.7750	q_taken_mean:            247.9289	red_team_alives_mean:    144.0000	red_team_win_mean:         0.4080
return_mean:              -1.3600	return_std:                0.1382	target_mean:             247.4788	td_error_abs:            469.0590
test_blue_team_alives_mean:140.8000	test_blue_team_win_mean:   0.0000	test_ep_length_mean:     200.0000	test_episode_length_mean:199.0000
test_red_team_alives_mean:144.0000	test_red_team_win_mean:    0.2000	test_return_mean:         -1.1094	test_return_std:           0.0000

2026-09-04 18:27:37,788 - my_experiment - bat_60_ExpoComm_n9_42 - my_run - INFO - t_env: 3550200 / 5050000
2026-09-04 18:27:37,789 - my_experiment - bat_60_ExpoComm_n9_42 - my_run - INFO - Estimated time left: 10 hours, 46 minutes, 13 seconds. Time passed: 1 days, 1 hours, 49 minutes, 20 seconds
2026-09-04 18:49:05,544 - my_experiment - bat_60_ExpoComm_n9_42 - my_run - INFO - Recent Stats | t_env:    3600000 | Episode:    18000
blue_team_alives_mean:   142.6880	blue_team_win_mean:        0.0000	ep_length_mean:          200.0000	episode_length_mean:     199.0000
epsilon:                   0.0500	grad_norm:               212953545.6000	info_nce_loss:             0.2276	loss:                    673199.7750
q_loss:                  612000.3438	q_taken_mean:            247.8271	red_team_alives_mean:    144.0000	red_team_win_mean:         0.2520
return_mean:              -1.3422	return_std:                0.0932	target_mean:             247.8725	td_error_abs:            427.6640
test_blue_team_alives_mean:144.0000	test_blue_team_win_mean:   0.0000	test_ep_length_mean:     200.0000	test_episode_length_mean:199.0000
test_red_team_alives_mean:144.0000	test_red_team_win_mean:    0.0000	test_return_mean:         -1.1892	test_return_std:           0.0000

2026-09-04 18:49:10,680 - my_experiment - bat_60_ExpoComm_n9_42 - my_run - INFO - t_env: 3600200 / 5050000
2026-09-04 18:49:10,681 - my_experiment - bat_60_ExpoComm_n9_42 - my_run - INFO - Estimated time left: 10 hours, 24 minutes, 48 seconds. Time passed: 1 days, 2 hours, 10 minutes, 53 seconds
2026-09-04 19:10:35,716 - my_experiment - bat_60_ExpoComm_n9_42 - my_run - INFO - Recent Stats | t_env:    3650000 | Episode:    18250
blue_team_alives_mean:   138.9560	blue_team_win_mean:        0.0000	ep_length_mean:          200.0000	episode_length_mean:     199.0000
epsilon:                   0.0500	grad_norm:               199763116.8000	info_nce_loss:             0.3803	loss:                    673366.1125
q_loss:                  612151.0062	q_taken_mean:            242.9197	red_team_alives_mean:    144.0000	red_team_win_mean:         0.4600
return_mean:              -1.3000	return_std:                0.2637	target_mean:             242.4869	td_error_abs:            408.6256
test_blue_team_alives_mean:142.0000	test_blue_team_win_mean:   0.0000	test_ep_length_mean:     200.0000	test_episode_length_mean:199.0000
test_red_team_alives_mean:144.0000	test_red_team_win_mean:    0.2000	test_return_mean:         -1.0917	test_return_std:           0.0000

2026-09-04 19:10:40,929 - my_experiment - bat_60_ExpoComm_n9_42 - my_run - INFO - t_env: 3650200 / 5050000
2026-09-04 19:10:40,929 - my_experiment - bat_60_ExpoComm_n9_42 - my_run - INFO - Estimated time left: 10 hours, 2 minutes, 1 seconds. Time passed: 1 days, 2 hours, 32 minutes, 23 seconds
2026-09-04 19:32:07,059 - my_experiment - bat_60_ExpoComm_n9_42 - my_run - INFO - Recent Stats | t_env:    3700000 | Episode:    18500
blue_team_alives_mean:   140.9280	blue_team_win_mean:        0.0000	ep_length_mean:          200.0000	episode_length_mean:     199.0000
epsilon:                   0.0500	grad_norm:               217699017.6000	info_nce_loss:             0.3451	loss:                    576434.5750
q_loss:                  524031.4313	q_taken_mean:            251.2478	red_team_alives_mean:    144.0000	red_team_win_mean:         0.2280
return_mean:              -1.4190	return_std:                0.2308	target_mean:             251.2557	td_error_abs:            354.8976
test_blue_team_alives_mean:141.2000	test_blue_team_win_mean:   0.0000	test_ep_length_mean:     200.0000	test_episode_length_mean:199.0000
test_red_team_alives_mean:144.0000	test_red_team_win_mean:    0.4000	test_return_mean:         -1.1374	test_return_std:           0.0000

2026-09-04 19:32:12,239 - my_experiment - bat_60_ExpoComm_n9_42 - my_run - INFO - t_env: 3700200 / 5050000
2026-09-04 19:32:12,239 - my_experiment - bat_60_ExpoComm_n9_42 - my_run - INFO - Estimated time left: 9 hours, 41 minutes, 0 seconds. Time passed: 1 days, 2 hours, 53 minutes, 54 seconds
2026-09-04 19:53:40,924 - my_experiment - bat_60_ExpoComm_n9_42 - my_run - INFO - Recent Stats | t_env:    3750000 | Episode:    18750
blue_team_alives_mean:   141.3640	blue_team_win_mean:        0.0000	ep_length_mean:          200.0000	episode_length_mean:     199.0000
epsilon:                   0.0500	grad_norm:               245815139.2000	info_nce_loss:             0.3367	loss:                    576036.8688
q_loss:                  523669.8812	q_taken_mean:            257.1613	red_team_alives_mean:    144.0000	red_team_win_mean:         0.4800
return_mean:              -1.4544	return_std:                0.1694	target_mean:             256.8247	td_error_abs:            346.7152
test_blue_team_alives_mean:141.2000	test_blue_team_win_mean:   0.0000	test_ep_length_mean:     200.0000	test_episode_length_mean:199.0000
test_red_team_alives_mean:144.0000	test_red_team_win_mean:    0.4000	test_return_mean:         -1.8549	test_return_std:           0.0000

2026-09-04 19:53:46,106 - my_experiment - bat_60_ExpoComm_n9_42 - my_run - INFO - t_env: 3750200 / 5050000
2026-09-04 19:53:46,201 - my_experiment - bat_60_ExpoComm_n9_42 - my_run - INFO - Estimated time left: 9 hours, 20 minutes, 37 seconds. Time passed: 1 days, 3 hours, 15 minutes, 28 seconds
2026-09-04 20:15:13,010 - my_experiment - bat_60_ExpoComm_n9_42 - my_run - INFO - Recent Stats | t_env:    3800000 | Episode:    19000
blue_team_alives_mean:   136.2200	blue_team_win_mean:        0.0000	ep_length_mean:          200.0000	episode_length_mean:     199.0000
epsilon:                   0.0500	grad_norm:               222774150.4000	info_nce_loss:             0.3779	loss:                    454373.0750
q_loss:                  413066.4375	q_taken_mean:            252.0683	red_team_alives_mean:    144.0000	red_team_win_mean:         0.9440
return_mean:              -1.2032	return_std:                0.1588	target_mean:             251.9434	td_error_abs:            307.0828
test_blue_team_alives_mean:139.8000	test_blue_team_win_mean:   0.0000	test_ep_length_mean:     200.0000	test_episode_length_mean:199.0000
test_red_team_alives_mean:144.0000	test_red_team_win_mean:    0.6000	test_return_mean:         -1.8767	test_return_std:           0.0000

2026-09-04 20:15:18,192 - my_experiment - bat_60_ExpoComm_n9_42 - my_run - INFO - t_env: 3800200 / 5050000
2026-09-04 20:15:18,193 - my_experiment - bat_60_ExpoComm_n9_42 - my_run - INFO - Estimated time left: 8 hours, 58 minutes, 14 seconds. Time passed: 1 days, 3 hours, 37 minutes, 0 seconds
2026-09-04 20:36:46,789 - my_experiment - bat_60_ExpoComm_n9_42 - my_run - INFO - Recent Stats | t_env:    3850000 | Episode:    19250
blue_team_alives_mean:   139.4240	blue_team_win_mean:        0.0000	ep_length_mean:          200.0000	episode_length_mean:     199.0000
epsilon:                   0.0500	grad_norm:               241623689.6000	info_nce_loss:             0.3078	loss:                    496709.9750
q_loss:                  451554.5250	q_taken_mean:            250.0187	red_team_alives_mean:    144.0000	red_team_win_mean:         0.7720
return_mean:              -1.3086	return_std:                0.1896	target_mean:             249.0664	td_error_abs:            343.9504
test_blue_team_alives_mean:139.6000	test_blue_team_win_mean:   0.0000	test_ep_length_mean:     200.0000	test_episode_length_mean:199.0000
test_red_team_alives_mean:144.0000	test_red_team_win_mean:    0.8000	test_return_mean:         -2.0804	test_return_std:           0.0000

2026-09-04 20:36:51,946 - my_experiment - bat_60_ExpoComm_n9_42 - my_run - INFO - t_env: 3850200 / 5050000
2026-09-04 20:36:51,947 - my_experiment - bat_60_ExpoComm_n9_42 - my_run - INFO - Estimated time left: 8 hours, 37 minutes, 24 seconds. Time passed: 1 days, 3 hours, 58 minutes, 34 seconds
2026-09-04 20:58:17,293 - my_experiment - bat_60_ExpoComm_n9_42 - my_run - INFO - Recent Stats | t_env:    3900000 | Episode:    19500
blue_team_alives_mean:   139.8680	blue_team_win_mean:        0.0000	ep_length_mean:          200.0000	episode_length_mean:     199.0000
epsilon:                   0.0500	grad_norm:               214265094.4000	info_nce_loss:             0.5537	loss:                    389484.5187
q_loss:                  354076.9281	q_taken_mean:            246.8959	red_team_alives_mean:    144.0000	red_team_win_mean:         0.7080
return_mean:              -1.3103	return_std:                0.1537	target_mean:             247.1655	td_error_abs:            286.7490
test_blue_team_alives_mean:139.0000	test_blue_team_win_mean:   0.0000	test_ep_length_mean:     200.0000	test_episode_length_mean:199.0000
test_red_team_alives_mean:144.0000	test_red_team_win_mean:    0.8000	test_return_mean:         -2.0196	test_return_std:           0.0000

2026-09-04 20:58:22,451 - my_experiment - bat_60_ExpoComm_n9_42 - my_run - INFO - t_env: 3900200 / 5050000
2026-09-04 20:58:22,476 - my_experiment - bat_60_ExpoComm_n9_42 - my_run - INFO - Estimated time left: 8 hours, 14 minutes, 37 seconds. Time passed: 1 days, 4 hours, 20 minutes, 4 seconds
2026-09-04 21:19:46,023 - my_experiment - bat_60_ExpoComm_n9_42 - my_run - INFO - Recent Stats | t_env:    3950000 | Episode:    19750
blue_team_alives_mean:   138.6000	blue_team_win_mean:        0.0000	ep_length_mean:          200.0000	episode_length_mean:     199.0000
epsilon:                   0.0500	grad_norm:               243770297.6000	info_nce_loss:             0.2422	loss:                    489773.6625
q_loss:                  445248.9313	q_taken_mean:            251.7475	red_team_alives_mean:    144.0000	red_team_win_mean:         0.7000
return_mean:              -1.3698	return_std:                0.2325	target_mean:             251.2784	td_error_abs:            346.8867
test_blue_team_alives_mean:139.8000	test_blue_team_win_mean:   0.0000	test_ep_length_mean:     200.0000	test_episode_length_mean:199.0000
test_red_team_alives_mean:144.0000	test_red_team_win_mean:    0.6000	test_return_mean:         -2.5957	test_return_std:           0.0000

2026-09-04 21:19:51,128 - my_experiment - bat_60_ExpoComm_n9_42 - my_run - INFO - t_env: 3950200 / 5050000
2026-09-04 21:19:51,129 - my_experiment - bat_60_ExpoComm_n9_42 - my_run - INFO - Estimated time left: 7 hours, 52 minutes, 25 seconds. Time passed: 1 days, 4 hours, 41 minutes, 33 seconds
2026-09-04 21:41:10,000 - my_experiment - bat_60_ExpoComm_n9_42 - my_run - INFO - Recent Stats | t_env:    4000000 | Episode:    20000
blue_team_alives_mean:   143.6160	blue_team_win_mean:        0.0000	ep_length_mean:          200.0000	episode_length_mean:     199.0000
epsilon:                   0.0500	grad_norm:               232543571.2000	info_nce_loss:             0.2877	loss:                    458375.9813
q_loss:                  416705.5187	q_taken_mean:            260.4493	red_team_alives_mean:    144.0000	red_team_win_mean:         0.1920
return_mean:              -1.4988	return_std:                0.1062	target_mean:             260.8378	td_error_abs:            361.0199
test_blue_team_alives_mean:139.8000	test_blue_team_win_mean:   0.0000	test_ep_length_mean:     200.0000	test_episode_length_mean:199.0000
test_red_team_alives_mean:144.0000	test_red_team_win_mean:    0.6000	test_return_mean:         -2.8501	test_return_std:           0.0000

2026-09-04 21:41:15,128 - my_experiment - bat_60_ExpoComm_n9_42 - my_run - INFO - t_env: 4000200 / 5050000
2026-09-04 21:41:15,129 - my_experiment - bat_60_ExpoComm_n9_42 - my_run - INFO - Estimated time left: 7 hours, 29 minutes, 18 seconds. Time passed: 1 days, 5 hours, 2 minutes, 57 seconds
2026-09-04 21:41:19,900 - my_experiment - bat_60_ExpoComm_n9_42 - my_run - INFO - Saving models to work_dirs/my_experiment/bat_60_ExpoComm_n9_42/my_run/20260903_163731/models/4000200
2026-09-04 22:02:33,681 - my_experiment - bat_60_ExpoComm_n9_42 - my_run - INFO - Recent Stats | t_env:    4050000 | Episode:    20250
blue_team_alives_mean:   143.3480	blue_team_win_mean:        0.0000	ep_length_mean:          200.0000	episode_length_mean:     199.0000
epsilon:                   0.0500	grad_norm:               245660628.8000	info_nce_loss:             0.2789	loss:                    1589256.6250
q_loss:                  1444778.8000	q_taken_mean:            250.8638	red_team_alives_mean:    144.0000	red_team_win_mean:         0.1000
return_mean:              -1.5855	return_std:                0.4513	target_mean:             251.0934	td_error_abs:            850.5712
test_blue_team_alives_mean:141.2000	test_blue_team_win_mean:   0.0000	test_ep_length_mean:     200.0000	test_episode_length_mean:199.0000
test_red_team_alives_mean:144.0000	test_red_team_win_mean:    0.4000	test_return_mean:         -3.9319	test_return_std:           0.0000

2026-09-04 22:02:38,787 - my_experiment - bat_60_ExpoComm_n9_42 - my_run - INFO - t_env: 4050200 / 5050000
2026-09-04 22:02:38,788 - my_experiment - bat_60_ExpoComm_n9_42 - my_run - INFO - Estimated time left: 7 hours, 7 minutes, 48 seconds. Time passed: 1 days, 5 hours, 24 minutes, 21 seconds
2026-09-04 22:23:55,349 - my_experiment - bat_60_ExpoComm_n9_42 - my_run - INFO - Recent Stats | t_env:    4100000 | Episode:    20500
blue_team_alives_mean:   142.1600	blue_team_win_mean:        0.0000	ep_length_mean:          200.0000	episode_length_mean:     199.0000
epsilon:                   0.0500	grad_norm:               278830958.4000	info_nce_loss:             0.2201	loss:                    2150581.7875
q_loss:                  1955074.3500	q_taken_mean:            243.9632	red_team_alives_mean:    144.0000	red_team_win_mean:         0.1360
return_mean:              -1.4765	return_std:                0.2315	target_mean:             240.8655	td_error_abs:            836.2935
test_blue_team_alives_mean:141.4000	test_blue_team_win_mean:   0.0000	test_ep_length_mean:     200.0000	test_episode_length_mean:199.0000
test_red_team_alives_mean:144.0000	test_red_team_win_mean:    0.2000	test_return_mean:         -3.7836	test_return_std:           0.0000

2026-09-04 22:24:00,489 - my_experiment - bat_60_ExpoComm_n9_42 - my_run - INFO - t_env: 4100200 / 5050000
2026-09-04 22:24:00,490 - my_experiment - bat_60_ExpoComm_n9_42 - my_run - INFO - Estimated time left: 6 hours, 45 minutes, 47 seconds. Time passed: 1 days, 5 hours, 45 minutes, 42 seconds
2026-09-04 22:45:17,030 - my_experiment - bat_60_ExpoComm_n9_42 - my_run - INFO - Recent Stats | t_env:    4150000 | Episode:    20750
blue_team_alives_mean:   142.7960	blue_team_win_mean:        0.0000	ep_length_mean:          200.0000	episode_length_mean:     199.0000
epsilon:                   0.0500	grad_norm:               166594891.2000	info_nce_loss:             0.5628	loss:                    811096.4125
q_loss:                  737360.3750	q_taken_mean:            242.6867	red_team_alives_mean:    144.0000	red_team_win_mean:         0.1360
return_mean:              -1.4397	return_std:                0.2553	target_mean:             242.9510	td_error_abs:            547.9196
test_blue_team_alives_mean:143.2000	test_blue_team_win_mean:   0.0000	test_ep_length_mean:     200.0000	test_episode_length_mean:199.0000
test_red_team_alives_mean:144.0000	test_red_team_win_mean:    0.2000	test_return_mean:         -3.7521	test_return_std:           0.0000

2026-09-04 22:45:22,174 - my_experiment - bat_60_ExpoComm_n9_42 - my_run - INFO - t_env: 4150200 / 5050000
2026-09-04 22:45:22,175 - my_experiment - bat_60_ExpoComm_n9_42 - my_run - INFO - Estimated time left: 6 hours, 24 minutes, 25 seconds. Time passed: 1 days, 6 hours, 7 minutes, 4 seconds
2026-09-04 23:06:28,518 - my_experiment - bat_60_ExpoComm_n9_42 - my_run - INFO - Recent Stats | t_env:    4200000 | Episode:    21000
blue_team_alives_mean:   133.0000	blue_team_win_mean:        0.0040	ep_length_mean:          200.0000	episode_length_mean:     199.0000
epsilon:                   0.0500	grad_norm:               145189369.6000	info_nce_loss:             0.2606	loss:                    853230.6000
q_loss:                  775664.2000	q_taken_mean:            230.2313	red_team_alives_mean:    143.9960	red_team_win_mean:         0.3080
return_mean:              -0.9965	return_std:                0.5777	target_mean:             230.0482	td_error_abs:            583.8255
test_blue_team_alives_mean:143.2000	test_blue_team_win_mean:   0.0000	test_ep_length_mean:     200.0000	test_episode_length_mean:199.0000
test_red_team_alives_mean:144.0000	test_red_team_win_mean:    0.2000	test_return_mean:         -3.1158	test_return_std:           0.0000

2026-09-04 23:06:33,686 - my_experiment - bat_60_ExpoComm_n9_42 - my_run - INFO - t_env: 4200200 / 5050000
2026-09-04 23:06:33,687 - my_experiment - bat_60_ExpoComm_n9_42 - my_run - INFO - Estimated time left: 6 hours, 10 seconds. Time passed: 1 days, 6 hours, 28 minutes, 16 seconds
2026-09-04 23:27:32,327 - my_experiment - bat_60_ExpoComm_n9_42 - my_run - INFO - Recent Stats | t_env:    4250000 | Episode:    21250
blue_team_alives_mean:   117.5320	blue_team_win_mean:        0.0000	ep_length_mean:          200.0000	episode_length_mean:     199.0000
epsilon:                   0.0500	grad_norm:               114357433.6000	info_nce_loss:             0.4776	loss:                    1286283.5375
q_loss:                  1169348.6625	q_taken_mean:            230.1414	red_team_alives_mean:    144.0000	red_team_win_mean:         0.7520
return_mean:              -2.0815	return_std:                2.2726	target_mean:             228.9655	td_error_abs:            688.2935
test_blue_team_alives_mean:135.8000	test_blue_team_win_mean:   0.0000	test_ep_length_mean:     200.0000	test_episode_length_mean:199.0000
test_red_team_alives_mean:144.0000	test_red_team_win_mean:    0.4000	test_return_mean:         -2.0551	test_return_std:           0.0000

2026-09-04 23:27:37,524 - my_experiment - bat_60_ExpoComm_n9_42 - my_run - INFO - t_env: 4250200 / 5050000
2026-09-04 23:27:37,524 - my_experiment - bat_60_ExpoComm_n9_42 - my_run - INFO - Estimated time left: 5 hours, 36 minutes, 56 seconds. Time passed: 1 days, 6 hours, 49 minutes, 19 seconds
2026-09-04 23:48:35,901 - my_experiment - bat_60_ExpoComm_n9_42 - my_run - INFO - Recent Stats | t_env:    4300000 | Episode:    21500
blue_team_alives_mean:   117.0720	blue_team_win_mean:        0.0000	ep_length_mean:          200.0000	episode_length_mean:     199.0000
epsilon:                   0.0500	grad_norm:               100176165.2000	info_nce_loss:             0.5455	loss:                    901030.2750
q_loss:                  819118.4500	q_taken_mean:            224.0691	red_team_alives_mean:    144.0000	red_team_win_mean:         0.7760
return_mean:              -1.8345	return_std:                1.8085	target_mean:             224.6548	td_error_abs:            595.7259
test_blue_team_alives_mean:135.8000	test_blue_team_win_mean:   0.0000	test_ep_length_mean:     200.0000	test_episode_length_mean:199.0000
test_red_team_alives_mean:144.0000	test_red_team_win_mean:    0.4000	test_return_mean:         -0.9454	test_return_std:           0.0000

2026-09-04 23:48:40,925 - my_experiment - bat_60_ExpoComm_n9_42 - my_run - INFO - t_env: 4300200 / 5050000
2026-09-04 23:48:40,926 - my_experiment - bat_60_ExpoComm_n9_42 - my_run - INFO - Estimated time left: 5 hours, 15 minutes, 45 seconds. Time passed: 1 days, 7 hours, 10 minutes, 23 seconds
2026-09-05 00:09:31,677 - my_experiment - bat_60_ExpoComm_n9_42 - my_run - INFO - Recent Stats | t_env:    4350000 | Episode:    21750
blue_team_alives_mean:   104.6960	blue_team_win_mean:        0.0000	ep_length_mean:          200.0000	episode_length_mean:     199.0000
epsilon:                   0.0500	grad_norm:               150028640.0000	info_nce_loss:             0.3775	loss:                    911652.2250
q_loss:                  828774.7625	q_taken_mean:            225.6694	red_team_alives_mean:    144.0000	red_team_win_mean:         0.8920
return_mean:              -0.5112	return_std:                1.0824	target_mean:             226.2689	td_error_abs:            550.9469
test_blue_team_alives_mean:128.4000	test_blue_team_win_mean:   0.0000	test_ep_length_mean:     200.0000	test_episode_length_mean:199.0000
test_red_team_alives_mean:144.0000	test_red_team_win_mean:    0.6000	test_return_mean:         -0.9435	test_return_std:           0.0000

2026-09-05 00:09:36,690 - my_experiment - bat_60_ExpoComm_n9_42 - my_run - INFO - t_env: 4350200 / 5050000
2026-09-05 00:09:36,691 - my_experiment - bat_60_ExpoComm_n9_42 - my_run - INFO - Estimated time left: 4 hours, 52 minutes, 55 seconds. Time passed: 1 days, 7 hours, 31 minutes, 19 seconds
2026-09-05 00:30:36,256 - my_experiment - bat_60_ExpoComm_n9_42 - my_run - INFO - Recent Stats | t_env:    4400000 | Episode:    22000
blue_team_alives_mean:   104.3360	blue_team_win_mean:        0.0000	ep_length_mean:          200.0000	episode_length_mean:     199.0000
epsilon:                   0.0500	grad_norm:               145268651.2000	info_nce_loss:             0.2250	loss:                    997210.4375
q_loss:                  906554.9875	q_taken_mean:            222.4792	red_team_alives_mean:    144.0000	red_team_win_mean:         0.9760
return_mean:              -0.5084	return_std:                0.7966	target_mean:             221.6232	td_error_abs:            593.7908
test_blue_team_alives_mean:127.4000	test_blue_team_win_mean:   0.0000	test_ep_length_mean:     200.0000	test_episode_length_mean:199.0000
test_red_team_alives_mean:144.0000	test_red_team_win_mean:    0.6000	test_return_mean:         -1.3769	test_return_std:           0.0000

2026-09-05 00:30:41,349 - my_experiment - bat_60_ExpoComm_n9_42 - my_run - INFO - t_env: 4400200 / 5050000
2026-09-05 00:30:41,350 - my_experiment - bat_60_ExpoComm_n9_42 - my_run - INFO - Estimated time left: 4 hours, 33 minutes, 55 seconds. Time passed: 1 days, 7 hours, 52 minutes, 23 seconds
2026-09-05 00:51:33,738 - my_experiment - bat_60_ExpoComm_n9_42 - my_run - INFO - Recent Stats | t_env:    4450000 | Episode:    22250
blue_team_alives_mean:    95.1560	blue_team_win_mean:        0.0000	ep_length_mean:          200.0000	episode_length_mean:     199.0000
epsilon:                   0.0500	grad_norm:               134076509.6000	info_nce_loss:             0.4133	loss:                    1055636.5125
q_loss:                  959669.5687	q_taken_mean:            218.7831	red_team_alives_mean:    144.0000	red_team_win_mean:         0.9520
return_mean:              -0.2591	return_std:                1.0116	target_mean:             219.1594	td_error_abs:            633.9710
test_blue_team_alives_mean:115.0000	test_blue_team_win_mean:   0.0000	test_ep_length_mean:     200.0000	test_episode_length_mean:199.0000
test_red_team_alives_mean:144.0000	test_red_team_win_mean:    0.8000	test_return_mean:         -1.0329	test_return_std:           0.0000

2026-09-05 00:51:38,512 - my_experiment - bat_60_ExpoComm_n9_42 - my_run - INFO - t_env: 4450200 / 5050000
2026-09-05 00:51:38,513 - my_experiment - bat_60_ExpoComm_n9_42 - my_run - INFO - Estimated time left: 4 hours, 11 minutes, 20 seconds. Time passed: 1 days, 8 hours, 13 minutes, 20 seconds
2026-09-05 01:12:46,325 - my_experiment - bat_60_ExpoComm_n9_42 - my_run - INFO - Recent Stats | t_env:    4500000 | Episode:    22500
blue_team_alives_mean:   118.1920	blue_team_win_mean:        0.0000	ep_length_mean:          200.0000	episode_length_mean:     199.0000
epsilon:                   0.0500	grad_norm:               84340915.2000	info_nce_loss:             0.3277	loss:                    750827.1250
q_loss:                  682570.1125	q_taken_mean:            214.8668	red_team_alives_mean:    144.0000	red_team_win_mean:         0.9040
return_mean:              -1.2711	return_std:                0.7471	target_mean:             215.7459	td_error_abs:            533.9241
test_blue_team_alives_mean:116.2000	test_blue_team_win_mean:   0.0000	test_ep_length_mean:     200.0000	test_episode_length_mean:199.0000
test_red_team_alives_mean:144.0000	test_red_team_win_mean:    0.8000	test_return_mean:         -2.1819	test_return_std:           0.0000

2026-09-05 01:12:51,458 - my_experiment - bat_60_ExpoComm_n9_42 - my_run - INFO - t_env: 4500200 / 5050000
2026-09-05 01:12:51,459 - my_experiment - bat_60_ExpoComm_n9_42 - my_run - INFO - Estimated time left: 3 hours, 53 minutes, 17 seconds. Time passed: 1 days, 8 hours, 34 minutes, 33 seconds
2026-09-05 01:12:55,874 - my_experiment - bat_60_ExpoComm_n9_42 - my_run - INFO - Saving models to work_dirs/my_experiment/bat_60_ExpoComm_n9_42/my_run/20260903_163731/models/4500200
2026-09-05 01:34:08,517 - my_experiment - bat_60_ExpoComm_n9_42 - my_run - INFO - Recent Stats | t_env:    4550000 | Episode:    22750
blue_team_alives_mean:   125.6880	blue_team_win_mean:        0.0000	ep_length_mean:          200.0000	episode_length_mean:     199.0000
epsilon:                   0.0500	grad_norm:               69782407.2000	info_nce_loss:             0.3132	loss:                    616050.6687
q_loss:                  560046.1000	q_taken_mean:            210.2048	red_team_alives_mean:    144.0000	red_team_win_mean:         0.9280
return_mean:              -1.0855	return_std:                0.5502	target_mean:             208.4228	td_error_abs:            518.8760
test_blue_team_alives_mean:116.2000	test_blue_team_win_mean:   0.0000	test_ep_length_mean:     200.0000	test_episode_length_mean:199.0000
test_red_team_alives_mean:144.0000	test_red_team_win_mean:    0.8000	test_return_mean:         -4.0282	test_return_std:           0.0000

2026-09-05 01:34:13,652 - my_experiment - bat_60_ExpoComm_n9_42 - my_run - INFO - t_env: 4550200 / 5050000
2026-09-05 01:34:13,652 - my_experiment - bat_60_ExpoComm_n9_42 - my_run - INFO - Estimated time left: 3 hours, 33 minutes, 36 seconds. Time passed: 1 days, 8 hours, 55 minutes, 56 seconds
2026-09-05 01:55:29,396 - my_experiment - bat_60_ExpoComm_n9_42 - my_run - INFO - Recent Stats | t_env:    4600000 | Episode:    23000
blue_team_alives_mean:   126.0360	blue_team_win_mean:        0.0000	ep_length_mean:          200.0000	episode_length_mean:     199.0000
epsilon:                   0.0500	grad_norm:               48375230.4000	info_nce_loss:             0.2497	loss:                    451882.8625
q_loss:                  410802.6125	q_taken_mean:            212.2168	red_team_alives_mean:    144.0000	red_team_win_mean:         0.8920
return_mean:              -1.2189	return_std:                0.9920	target_mean:             212.3268	td_error_abs:            447.0450
test_blue_team_alives_mean:121.8000	test_blue_team_win_mean:   0.0000	test_ep_length_mean:     200.0000	test_episode_length_mean:199.0000
test_red_team_alives_mean:144.0000	test_red_team_win_mean:    0.8000	test_return_mean:         -5.2817	test_return_std:           0.0000

2026-09-05 01:55:34,336 - my_experiment - bat_60_ExpoComm_n9_42 - my_run - INFO - t_env: 4600200 / 5050000
2026-09-05 01:55:34,336 - my_experiment - bat_60_ExpoComm_n9_42 - my_run - INFO - Estimated time left: 3 hours, 12 minutes, 1 seconds. Time passed: 1 days, 9 hours, 17 minutes, 16 seconds
2026-09-05 02:16:49,228 - my_experiment - bat_60_ExpoComm_n9_42 - my_run - INFO - Recent Stats | t_env:    4650000 | Episode:    23250
blue_team_alives_mean:   126.7800	blue_team_win_mean:        0.0000	ep_length_mean:          200.0000	episode_length_mean:     199.0000
epsilon:                   0.0500	grad_norm:               48979731.6000	info_nce_loss:             0.0963	loss:                    330672.6750
q_loss:                  300611.5594	q_taken_mean:            212.9804	red_team_alives_mean:    144.0000	red_team_win_mean:         0.9480
return_mean:              -1.2651	return_std:                0.5332	target_mean:             211.9465	td_error_abs:            372.5464
test_blue_team_alives_mean:118.8000	test_blue_team_win_mean:   0.0000	test_ep_length_mean:     200.0000	test_episode_length_mean:199.0000
test_red_team_alives_mean:144.0000	test_red_team_win_mean:    0.8000	test_return_mean:         -6.1456	test_return_std:           0.0000

2026-09-05 02:16:54,360 - my_experiment - bat_60_ExpoComm_n9_42 - my_run - INFO - t_env: 4650200 / 5050000
2026-09-05 02:16:54,361 - my_experiment - bat_60_ExpoComm_n9_42 - my_run - INFO - Estimated time left: 2 hours, 50 minutes, 35 seconds. Time passed: 1 days, 9 hours, 38 minutes, 36 seconds
2026-09-05 02:38:13,302 - my_experiment - bat_60_ExpoComm_n9_42 - my_run - INFO - Recent Stats | t_env:    4700000 | Episode:    23500
blue_team_alives_mean:   134.9720	blue_team_win_mean:        0.0000	ep_length_mean:          200.0000	episode_length_mean:     199.0000
epsilon:                   0.0500	grad_norm:               59091688.8000	info_nce_loss:             0.5334	loss:                    318348.1875
q_loss:                  289407.4437	q_taken_mean:            215.2697	red_team_alives_mean:    144.0000	red_team_win_mean:         0.8760
return_mean:              -1.2388	return_std:                0.3236	target_mean:             215.7422	td_error_abs:            361.2994
test_blue_team_alives_mean:131.0000	test_blue_team_win_mean:   0.0000	test_ep_length_mean:     200.0000	test_episode_length_mean:199.0000
test_red_team_alives_mean:144.0000	test_red_team_win_mean:    0.8000	test_return_mean:         -6.5838	test_return_std:           0.0000

2026-09-05 02:38:18,449 - my_experiment - bat_60_ExpoComm_n9_42 - my_run - INFO - t_env: 4700200 / 5050000
2026-09-05 02:38:18,450 - my_experiment - bat_60_ExpoComm_n9_42 - my_run - INFO - Estimated time left: 2 hours, 29 minutes, 43 seconds. Time passed: 1 days, 10 hours, 0 seconds
2026-09-05 02:59:39,037 - my_experiment - bat_60_ExpoComm_n9_42 - my_run - INFO - Recent Stats | t_env:    4750000 | Episode:    23750
blue_team_alives_mean:   136.8280	blue_team_win_mean:        0.0000	ep_length_mean:          200.0000	episode_length_mean:     199.0000
epsilon:                   0.0500	grad_norm:               60302084.8000	info_nce_loss:             0.2911	loss:                    287157.4062
q_loss:                  261052.1938	q_taken_mean:            209.5676	red_team_alives_mean:    144.0000	red_team_win_mean:         0.9920
return_mean:              -1.3026	return_std:                0.1648	target_mean:             208.7391	td_error_abs:            350.8789
test_blue_team_alives_mean:136.6000	test_blue_team_win_mean:   0.0000	test_ep_length_mean:     200.0000	test_episode_length_mean:199.0000
test_red_team_alives_mean:144.0000	test_red_team_win_mean:    0.8000	test_return_mean:         -7.0361	test_return_std:           0.0000

2026-09-05 02:59:44,171 - my_experiment - bat_60_ExpoComm_n9_42 - my_run - INFO - t_env: 4750200 / 5050000
2026-09-05 02:59:44,171 - my_experiment - bat_60_ExpoComm_n9_42 - my_run - INFO - Estimated time left: 2 hours, 8 minutes, 29 seconds. Time passed: 1 days, 10 hours, 21 minutes, 26 seconds
2026-09-05 03:21:03,694 - my_experiment - bat_60_ExpoComm_n9_42 - my_run - INFO - Recent Stats | t_env:    4800000 | Episode:    24000
blue_team_alives_mean:   131.8520	blue_team_win_mean:        0.0000	ep_length_mean:          200.0000	episode_length_mean:     199.0000
epsilon:                   0.0500	grad_norm:               56269164.0000	info_nce_loss:             0.3318	loss:                    276702.7562
q_loss:                  251547.9625	q_taken_mean:            208.9592	red_team_alives_mean:    144.0000	red_team_win_mean:         0.9960
return_mean:              -1.1138	return_std:                0.1822	target_mean:             208.1479	td_error_abs:            334.3788
test_blue_team_alives_mean:134.2000	test_blue_team_win_mean:   0.0000	test_ep_length_mean:     200.0000	test_episode_length_mean:199.0000
test_red_team_alives_mean:144.0000	test_red_team_win_mean:    1.0000	test_return_mean:         -5.6328	test_return_std:           0.0000

2026-09-05 03:21:08,808 - my_experiment - bat_60_ExpoComm_n9_42 - my_run - INFO - t_env: 4800200 / 5050000
2026-09-05 03:21:08,808 - my_experiment - bat_60_ExpoComm_n9_42 - my_run - INFO - Estimated time left: 1 hours, 46 minutes, 58 seconds. Time passed: 1 days, 10 hours, 42 minutes, 51 seconds
2026-09-05 03:42:27,147 - my_experiment - bat_60_ExpoComm_n9_42 - my_run - INFO - Recent Stats | t_env:    4850000 | Episode:    24250
blue_team_alives_mean:   132.3120	blue_team_win_mean:        0.0000	ep_length_mean:          200.0000	episode_length_mean:     199.0000
epsilon:                   0.0500	grad_norm:               37552252.8000	info_nce_loss:             0.6056	loss:                    171384.4531
q_loss:                  155804.0531	q_taken_mean:            199.0806	red_team_alives_mean:    144.0000	red_team_win_mean:         0.9360
return_mean:              -1.0613	return_std:                0.2508	target_mean:             198.6287	td_error_abs:            291.6123
test_blue_team_alives_mean:134.8000	test_blue_team_win_mean:   0.0000	test_ep_length_mean:     200.0000	test_episode_length_mean:199.0000
test_red_team_alives_mean:144.0000	test_red_team_win_mean:    1.0000	test_return_mean:         -4.3183	test_return_std:           0.0000

2026-09-05 03:42:32,318 - my_experiment - bat_60_ExpoComm_n9_42 - my_run - INFO - t_env: 4850200 / 5050000
2026-09-05 03:42:32,319 - my_experiment - bat_60_ExpoComm_n9_42 - my_run - INFO - Estimated time left: 1 hours, 25 minutes, 28 seconds. Time passed: 1 days, 11 hours, 4 minutes, 14 seconds
2026-09-05 04:03:53,282 - my_experiment - bat_60_ExpoComm_n9_42 - my_run - INFO - Recent Stats | t_env:    4900000 | Episode:    24500
blue_team_alives_mean:   134.8880	blue_team_win_mean:        0.0000	ep_length_mean:          200.0000	episode_length_mean:     199.0000
epsilon:                   0.0500	grad_norm:               31858864.4000	info_nce_loss:             0.2697	loss:                    150911.9344
q_loss:                  137192.6688	q_taken_mean:            193.8087	red_team_alives_mean:    144.0000	red_team_win_mean:         0.9600
return_mean:              -1.1549	return_std:                0.1656	target_mean:             193.9827	td_error_abs:            269.9189
test_blue_team_alives_mean:139.4000	test_blue_team_win_mean:   0.0000	test_ep_length_mean:     200.0000	test_episode_length_mean:199.0000
test_red_team_alives_mean:144.0000	test_red_team_win_mean:    1.0000	test_return_mean:         -3.0522	test_return_std:           0.0000

2026-09-05 04:03:58,392 - my_experiment - bat_60_ExpoComm_n9_42 - my_run - INFO - t_env: 4900200 / 5050000
2026-09-05 04:03:58,393 - my_experiment - bat_60_ExpoComm_n9_42 - my_run - INFO - Estimated time left: 1 hours, 4 minutes, 13 seconds. Time passed: 1 days, 11 hours, 25 minutes, 40 seconds
2026-09-05 04:25:18,422 - my_experiment - bat_60_ExpoComm_n9_42 - my_run - INFO - Recent Stats | t_env:    4950000 | Episode:    24750
blue_team_alives_mean:   136.6400	blue_team_win_mean:        0.0000	ep_length_mean:          200.0000	episode_length_mean:     199.0000
epsilon:                   0.0500	grad_norm:               44421135.2000	info_nce_loss:             0.4105	loss:                    289716.9766
q_loss:                  263379.0750	q_taken_mean:            190.3269	red_team_alives_mean:    144.0000	red_team_win_mean:         0.8200
return_mean:              -1.3105	return_std:                0.1366	target_mean:             190.3576	td_error_abs:            390.6690
test_blue_team_alives_mean:137.0000	test_blue_team_win_mean:   0.0000	test_ep_length_mean:     200.0000	test_episode_length_mean:199.0000
test_red_team_alives_mean:144.0000	test_red_team_win_mean:    1.0000	test_return_mean:         -3.4674	test_return_std:           0.0000

2026-09-05 04:25:23,610 - my_experiment - bat_60_ExpoComm_n9_42 - my_run - INFO - t_env: 4950200 / 5050000
2026-09-05 04:25:23,611 - my_experiment - bat_60_ExpoComm_n9_42 - my_run - INFO - Estimated time left: 42 minutes, 45 seconds. Time passed: 1 days, 11 hours, 47 minutes, 6 seconds
2026-09-05 04:46:44,239 - my_experiment - bat_60_ExpoComm_n9_42 - my_run - INFO - Recent Stats | t_env:    5000000 | Episode:    25000
blue_team_alives_mean:   136.1760	blue_team_win_mean:        0.0000	ep_length_mean:          200.0000	episode_length_mean:     199.0000
epsilon:                   0.0500	grad_norm:               51196615.6000	info_nce_loss:             0.2426	loss:                    215299.5000
q_loss:                  195726.8188	q_taken_mean:            186.9426	red_team_alives_mean:    144.0000	red_team_win_mean:         0.9360
return_mean:              -1.3136	return_std:                0.1191	target_mean:             187.0235	td_error_abs:            293.2553
test_blue_team_alives_mean:136.0000	test_blue_team_win_mean:   0.0000	test_ep_length_mean:     200.0000	test_episode_length_mean:199.0000
test_red_team_alives_mean:144.0000	test_red_team_win_mean:    1.0000	test_return_mean:         -3.0135	test_return_std:           0.0000

2026-09-05 04:46:49,442 - my_experiment - bat_60_ExpoComm_n9_42 - my_run - INFO - t_env: 5000200 / 5050000
2026-09-05 04:46:49,462 - my_experiment - bat_60_ExpoComm_n9_42 - my_run - INFO - Estimated time left: 21 minutes, 20 seconds. Time passed: 1 days, 12 hours, 8 minutes, 31 seconds
2026-09-05 04:46:53,885 - my_experiment - bat_60_ExpoComm_n9_42 - my_run - INFO - Saving models to work_dirs/my_experiment/bat_60_ExpoComm_n9_42/my_run/20260903_163731/models/5000200
2026-09-05 05:08:11,169 - my_experiment - bat_60_ExpoComm_n9_42 - my_run - INFO - Recent Stats | t_env:    5050000 | Episode:    25250
blue_team_alives_mean:   138.6800	blue_team_win_mean:        0.0000	ep_length_mean:          200.0000	episode_length_mean:     199.0000
epsilon:                   0.0500	grad_norm:               65462590.4000	info_nce_loss:             0.5337	loss:                    242967.8906
q_loss:                  220879.8984	q_taken_mean:            189.6675	red_team_alives_mean:    144.0000	red_team_win_mean:         0.9440
return_mean:              -1.2472	return_std:                0.0990	target_mean:             189.0523	td_error_abs:            268.3330
test_blue_team_alives_mean:137.6000	test_blue_team_win_mean:   0.0000	test_ep_length_mean:     200.0000	test_episode_length_mean:199.0000
test_red_team_alives_mean:144.0000	test_red_team_win_mean:    1.0000	test_return_mean:         -3.0146	test_return_std:           0.0000

2026-09-05 05:08:16,311 - my_experiment - bat_60_ExpoComm_n9_42 - my_run - INFO - t_env: 5050200 / 5050000
2026-09-05 05:08:16,312 - my_experiment - bat_60_ExpoComm_n9_42 - my_run - INFO - Estimated time left: -. Time passed: 1 days, 12 hours, 29 minutes, 58 seconds
2026-09-05 05:08:20,670 - my_experiment - bat_60_ExpoComm_n9_42 - my_run - INFO - Finished Training
