Gym has been unmaintained since 2022 and does not support NumPy 2.0 amongst other critical functionality.
Please upgrade to Gymnasium, the maintained drop-in replacement of Gym, or contact the authors of your software and request that they upgrade.
Users of this version of Gym should be able to simply replace 'import gym' with 'import gymnasium as gym' in the vast majority of cases.
See the migration guide at https://gymnasium.farama.org/introduction/migration_guide/ for additional information.
src/main.py:81: DeprecationWarning: Using or importing the ABCs from 'collections' instead of from 'collections.abc' is deprecated since Python 3.3, and in 3.10 it will stop working
  if isinstance(v, collections.Mapping):
wandb: [wandb.login()] Loaded credentials for https://api.wandb.ai from /home/pparsons/.netrc.
wandb: Currently logged in as: peterparsons02 (peterparsons02-eth-z-rich) to https://api.wandb.ai. Use `wandb login --relogin` to force relogin
wandb: Tracking run with wandb version 0.24.1
wandb: Run data is saved locally in /usr/itetnas04/data-scratch-01/pparsons/data/MyExpoComm/wandb/run-20260409_205435-iuhwx931
wandb: Run `wandb offline` to turn off syncing.
wandb: Syncing run my_run-bat_ExpoComm_5M_43-20260409_205435
wandb: ⭐️ View project at https://wandb.ai/peterparsons02-eth-z-rich/my_experiment
wandb: 🚀 View run at https://wandb.ai/peterparsons02-eth-z-rich/my_experiment/runs/iuhwx931
2026-04-09 20:54:37,046 - my_experiment - bat_ExpoComm_5M_43 - my_run - INFO - Current directory: /usr/itetnas04/data-scratch-01/pparsons/data/MyExpoComm.
2026-04-09 20:54:37,047 - my_experiment - bat_ExpoComm_5M_43 - my_run - INFO - Experiment Parameters:
2026-04-09 20:54:37,048 - my_experiment - bat_ExpoComm_5M_43 - my_run - INFO - 

{   'action_selector': 'epsilon_greedy',
    'add_value_last_step': True,
    'agent': 'ExpoComm_one_peer_cont',
    'agent_output_type': 'q',
    'aux_coef': 0.1,
    'batch_size': 32,
    'batch_size_run': 1,
    'buffer_cpu_only': True,
    'buffer_size': 2000,
    'checkpoint_path': '',
    'double_q': True,
    'env': 'MAgent_Battle',
    'env_args': {   'global_reward': True,
                    'map_name': 'battle_view7',
                    'map_size': 25,
                    'max_cycles': 200,
                    'minimap_mode': False,
                    'pretrained_ckpt': None,
                    'seed': 43},
    'epsilon_anneal_time': 1000000,
    'epsilon_finish': 0.05,
    'epsilon_start': 1.0,
    'evaluate': False,
    'evaluation_epsilon': 0.0,
    'exp_name': 'my_experiment',
    'gamma': 0.99,
    'global_reward': True,
    'grad_norm_clip': 10,
    'hidden_dim': 64,
    'hypergroup': None,
    'hypernet_embed': 64,
    'hypernet_layers': 2,
    'label': 'default_label',
    'learner': 'cont_q_learner',
    'learner_log_interval': 10000,
    'load_step': 0,
    'local_results_path': 'results',
    'log_interval': 50000,
    'lr': 0.0005,
    'mac': 'ExpoComm_mac',
    'mixer': 'qmix',
    'mixing_embed_dim': 64,
    'name': 'bat_ExpoComm_5M_43',
    'neg_num': 20,
    'obs_agent_id': True,
    'obs_individual_obs': False,
    'obs_last_action': True,
    'one_peer': True,
    'optim_alpha': 0.99,
    'optim_eps': 1e-05,
    'pos_flag': False,
    'render': False,
    'repeat_id': 1,
    'run_name': 'my_run',
    'runner': 'episode',
    'runner_log_interval': 10000,
    'save_model': True,
    'save_model_interval': 500000,
    'save_replay': False,
    'seed': 43,
    'standardise_returns': False,
    'standardise_rewards': True,
    't_max': 5050000,
    'target_update_interval_or_tau': 200,
    'temperature': 0.07,
    'test_greedy': True,
    'test_interval': 50000,
    'test_nepisode': 1,
    'topk_neighbors': 7,
    'use_cuda': True,
    'use_rnn': True,
    'use_tensorboard': True,
    'work_dir': 'work_dirs/my_experiment/bat_ExpoComm_5M_43/my_run/20260409_205435'}

/usr/itetnas04/data-scratch-01/pparsons/data/conda_envs/ExpoComm/lib/python3.8/site-packages/pettingzoo/utils/conversions.py:41: UserWarning: The `from_parallel` function is deprecated. Use the `parallel_to_aec` function instead.
  warnings.warn("The `from_parallel` function is deprecated. Use the `parallel_to_aec` function instead.")
/usr/itetnas04/data-scratch-01/pparsons/data/conda_envs/ExpoComm/lib/python3.8/site-packages/pettingzoo/utils/wrappers/base.py:44: UserWarning: The `observation_spaces` dictionary is deprecated. Use the `observation_space` function instead.
  warnings.warn("The `observation_spaces` dictionary is deprecated. Use the `observation_space` function instead.")
/usr/itetnas04/data-scratch-01/pparsons/data/conda_envs/ExpoComm/lib/python3.8/site-packages/pettingzoo/utils/conversions.py:36: UserWarning: The `to_parallel` function is deprecated. Use the `aec_to_parallel` function instead.
  warnings.warn("The `to_parallel` function is deprecated. Use the `aec_to_parallel` function instead.")
/usr/itetnas04/data-scratch-01/pparsons/data/conda_envs/ExpoComm/lib/python3.8/site-packages/pettingzoo/utils/conversions.py:80: UserWarning: The `action_spaces` dictionary is deprecated. Use the `action_space` function instead.
  warnings.warn("The `action_spaces` dictionary is deprecated. Use the `action_space` function instead.")
/usr/itetnas04/data-scratch-01/pparsons/data/conda_envs/ExpoComm/lib/python3.8/site-packages/pettingzoo/utils/wrappers/base.py:52: UserWarning: The `action_spaces` dictionary is deprecated. Use the `action_space` function instead.
  warnings.warn("The `action_spaces` dictionary is deprecated. Use the `action_space` function instead.")
/usr/itetnas04/data-scratch-01/pparsons/data/conda_envs/ExpoComm/lib/python3.8/site-packages/pettingzoo/utils/conversions.py:72: UserWarning: The `observation_spaces` dictionary is deprecated. Use the `observation_space` function instead.
  warnings.warn("The `observation_spaces` dictionary is deprecated. Use the `observation_space` function instead.")
2026-04-09 20:54:41,401 - my_experiment - bat_ExpoComm_5M_43 - my_run - INFO - Beginning training for 5050000 timesteps
/usr/itetnas04/data-scratch-01/pparsons/data/MyExpoComm/src/envs/battle_wrappers.py:258: UserWarning: To copy construct from a tensor, it is recommended to use sourceTensor.clone().detach() or sourceTensor.clone().detach().requires_grad_(True), rather than torch.tensor(sourceTensor).
  actions = torch.tensor(actions, dtype=torch.long)
2026-04-09 20:54:42,794 - my_experiment - bat_ExpoComm_5M_43 - my_run - INFO - t_env: 200 / 5050000
2026-04-09 20:54:42,794 - my_experiment - bat_ExpoComm_5M_43 - my_run - INFO - Estimated time left: 2 minutes, 20 seconds. Time passed: 1 seconds
2026-04-09 20:54:43,593 - my_experiment - bat_ExpoComm_5M_43 - my_run - INFO - Saving models to work_dirs/my_experiment/bat_ExpoComm_5M_43/my_run/20260409_205435/models/200
2026-04-09 21:00:44,467 - my_experiment - bat_ExpoComm_5M_43 - my_run - INFO - Recent Stats | t_env:      50000 | Episode:      250
blue_team_alives_mean:    19.9840	blue_team_win_mean:        0.0000	ep_length_mean:          200.0000	episode_length_mean:     199.0000
epsilon:                   0.9620	grad_norm:               4640.7110	info_nce_loss:             2.9343	loss:                    1513.0426
q_loss:                  1375.4932	q_taken_mean:              0.0120	red_team_alives_mean:     20.0000	red_team_win_mean:         0.0160
return_mean:              -8.3485	return_std:                0.1444	target_mean:               0.8080	td_error_abs:             21.7222
test_blue_team_alives_mean: 20.0000	test_blue_team_win_mean:   0.0000	test_ep_length_mean:     200.0000	test_episode_length_mean:199.0000
test_red_team_alives_mean: 20.0000	test_red_team_win_mean:    0.0000	test_return_mean:        -21.0000	test_return_std:           0.0000

2026-04-09 21:00:46,021 - my_experiment - bat_ExpoComm_5M_43 - my_run - INFO - t_env: 50200 / 5050000
2026-04-09 21:00:46,022 - my_experiment - bat_ExpoComm_5M_43 - my_run - INFO - Estimated time left: 10 hours, 5 minutes, 21 seconds. Time passed: 6 minutes, 4 seconds
2026-04-09 21:07:10,183 - my_experiment - bat_ExpoComm_5M_43 - my_run - INFO - Recent Stats | t_env:     100000 | Episode:      500
blue_team_alives_mean:    19.9880	blue_team_win_mean:        0.0000	ep_length_mean:          200.0000	episode_length_mean:     199.0000
epsilon:                   0.9145	grad_norm:               6751.7133	info_nce_loss:             2.8279	loss:                    1099.3736
q_loss:                  999.4306	q_taken_mean:              4.4425	red_team_alives_mean:     20.0000	red_team_win_mean:         0.0120
return_mean:              -8.0472	return_std:                0.1756	target_mean:               5.0281	td_error_abs:             17.7427
test_blue_team_alives_mean: 20.0000	test_blue_team_win_mean:   0.0000	test_ep_length_mean:     200.0000	test_episode_length_mean:199.0000
test_red_team_alives_mean: 20.0000	test_red_team_win_mean:    0.0000	test_return_mean:        -11.0000	test_return_std:           0.0000

2026-04-09 21:07:11,724 - my_experiment - bat_ExpoComm_5M_43 - my_run - INFO - t_env: 100200 / 5050000
2026-04-09 21:07:11,725 - my_experiment - bat_ExpoComm_5M_43 - my_run - INFO - Estimated time left: 10 hours, 36 minutes, 23 seconds. Time passed: 12 minutes, 30 seconds
2026-04-09 21:13:33,740 - my_experiment - bat_ExpoComm_5M_43 - my_run - INFO - Recent Stats | t_env:     150000 | Episode:      750
blue_team_alives_mean:    19.7200	blue_team_win_mean:        0.0000	ep_length_mean:          200.0000	episode_length_mean:     199.0000
epsilon:                   0.8670	grad_norm:               9535.8364	info_nce_loss:             2.0038	loss:                    1266.3326
q_loss:                  1151.2115	q_taken_mean:              8.2454	red_team_alives_mean:     20.0000	red_team_win_mean:         0.1360
return_mean:              -7.5348	return_std:                0.3344	target_mean:               8.9244	td_error_abs:             18.6547
test_blue_team_alives_mean: 20.0000	test_blue_team_win_mean:   0.0000	test_ep_length_mean:     200.0000	test_episode_length_mean:199.0000
test_red_team_alives_mean: 20.0000	test_red_team_win_mean:    0.0000	test_return_mean:         -7.6667	test_return_std:           0.0000

2026-04-09 21:13:35,278 - my_experiment - bat_ExpoComm_5M_43 - my_run - INFO - t_env: 150200 / 5050000
2026-04-09 21:13:35,279 - my_experiment - bat_ExpoComm_5M_43 - my_run - INFO - Estimated time left: 10 hours, 26 minutes, 26 seconds. Time passed: 18 minutes, 53 seconds
2026-04-09 21:19:56,074 - my_experiment - bat_ExpoComm_5M_43 - my_run - INFO - Recent Stats | t_env:     200000 | Episode:     1000
blue_team_alives_mean:    18.9920	blue_team_win_mean:        0.0000	ep_length_mean:          200.0000	episode_length_mean:     199.0000
epsilon:                   0.8195	grad_norm:               15147.0179	info_nce_loss:             1.1741	loss:                    1599.6375
q_loss:                  1454.2160	q_taken_mean:             12.1722	red_team_alives_mean:     20.0000	red_team_win_mean:         0.3560
return_mean:              -6.9600	return_std:                0.6001	target_mean:              12.8442	td_error_abs:             21.2476
test_blue_team_alives_mean: 18.7500	test_blue_team_win_mean:   0.0000	test_ep_length_mean:     200.0000	test_episode_length_mean:199.0000
test_red_team_alives_mean: 20.0000	test_red_team_win_mean:    0.2500	test_return_mean:         -5.8013	test_return_std:           0.0000

2026-04-09 21:19:57,580 - my_experiment - bat_ExpoComm_5M_43 - my_run - INFO - t_env: 200200 / 5050000
2026-04-09 21:19:57,581 - my_experiment - bat_ExpoComm_5M_43 - my_run - INFO - Estimated time left: 10 hours, 18 minutes, 1 seconds. Time passed: 25 minutes, 16 seconds
2026-04-09 21:26:00,632 - my_experiment - bat_ExpoComm_5M_43 - my_run - INFO - Recent Stats | t_env:     250000 | Episode:     1250
blue_team_alives_mean:    16.3920	blue_team_win_mean:        0.0000	ep_length_mean:          200.0000	episode_length_mean:     199.0000
epsilon:                   0.7720	grad_norm:               35885.4449	info_nce_loss:             1.1187	loss:                    3312.1985
q_loss:                  3011.0895	q_taken_mean:             15.8535	red_team_alives_mean:     20.0000	red_team_win_mean:         0.8520
return_mean:              -5.8227	return_std:                0.7260	target_mean:              17.1876	td_error_abs:             34.6701
test_blue_team_alives_mean: 19.0000	test_blue_team_win_mean:   0.0000	test_ep_length_mean:     200.0000	test_episode_length_mean:199.0000
test_red_team_alives_mean: 20.0000	test_red_team_win_mean:    0.2000	test_return_mean:         -4.8410	test_return_std:           0.0000

2026-04-09 21:26:02,099 - my_experiment - bat_ExpoComm_5M_43 - my_run - INFO - t_env: 250200 / 5050000
2026-04-09 21:26:02,100 - my_experiment - bat_ExpoComm_5M_43 - my_run - INFO - Estimated time left: 9 hours, 43 minutes, 12 seconds. Time passed: 31 minutes, 20 seconds
2026-04-09 21:31:57,789 - my_experiment - bat_ExpoComm_5M_43 - my_run - INFO - Recent Stats | t_env:     300000 | Episode:     1500
blue_team_alives_mean:    13.1600	blue_team_win_mean:        0.0000	ep_length_mean:          200.0000	episode_length_mean:     199.0000
epsilon:                   0.7245	grad_norm:               37113.9501	info_nce_loss:             1.1516	loss:                    2747.7922
q_loss:                  2497.9929	q_taken_mean:             19.9431	red_team_alives_mean:     19.9960	red_team_win_mean:         0.9040
return_mean:              -4.7116	return_std:                0.9741	target_mean:              20.5265	td_error_abs:             26.7511
test_blue_team_alives_mean: 18.4000	test_blue_team_win_mean:   0.0000	test_ep_length_mean:     200.0000	test_episode_length_mean:199.0000
test_red_team_alives_mean: 20.0000	test_red_team_win_mean:    0.4000	test_return_mean:         -0.8640	test_return_std:           0.0000

2026-04-09 21:31:59,215 - my_experiment - bat_ExpoComm_5M_43 - my_run - INFO - t_env: 300200 / 5050000
2026-04-09 21:31:59,216 - my_experiment - bat_ExpoComm_5M_43 - my_run - INFO - Estimated time left: 9 hours, 25 minutes, 24 seconds. Time passed: 37 minutes, 17 seconds
2026-04-09 21:37:51,227 - my_experiment - bat_ExpoComm_5M_43 - my_run - INFO - Recent Stats | t_env:     350000 | Episode:     1750
blue_team_alives_mean:     7.8800	blue_team_win_mean:        0.0000	ep_length_mean:          200.0000	episode_length_mean:     199.0000
epsilon:                   0.6770	grad_norm:               74953.3684	info_nce_loss:             0.9421	loss:                    4269.3583
q_loss:                  3881.2349	q_taken_mean:             24.9098	red_team_alives_mean:     19.9840	red_team_win_mean:         1.0000
return_mean:              -3.3005	return_std:                0.5034	target_mean:              25.7567	td_error_abs:             35.4943
test_blue_team_alives_mean: 15.6000	test_blue_team_win_mean:   0.0000	test_ep_length_mean:     200.0000	test_episode_length_mean:199.0000
test_red_team_alives_mean: 20.0000	test_red_team_win_mean:    0.6000	test_return_mean:         -1.3550	test_return_std:           0.0000

2026-04-09 21:37:52,642 - my_experiment - bat_ExpoComm_5M_43 - my_run - INFO - t_env: 350200 / 5050000
2026-04-09 21:37:52,643 - my_experiment - bat_ExpoComm_5M_43 - my_run - INFO - Estimated time left: 9 hours, 13 minutes, 40 seconds. Time passed: 43 minutes, 11 seconds
2026-04-09 21:43:48,586 - my_experiment - bat_ExpoComm_5M_43 - my_run - INFO - Recent Stats | t_env:     400000 | Episode:     2000
blue_team_alives_mean:     7.2320	blue_team_win_mean:        0.0000	ep_length_mean:          200.0000	episode_length_mean:     199.0000
epsilon:                   0.6295	grad_norm:               104994.1008	info_nce_loss:             1.0071	loss:                    5096.9699
q_loss:                  4633.6090	q_taken_mean:             30.1757	red_team_alives_mean:     19.9800	red_team_win_mean:         1.0000
return_mean:              -2.8770	return_std:                0.5567	target_mean:              30.9804	td_error_abs:             38.4172
test_blue_team_alives_mean: 14.0000	test_blue_team_win_mean:   0.0000	test_ep_length_mean:     200.0000	test_episode_length_mean:199.0000
test_red_team_alives_mean: 20.0000	test_red_team_win_mean:    0.8000	test_return_mean:         -2.0370	test_return_std:           0.0000

2026-04-09 21:43:50,037 - my_experiment - bat_ExpoComm_5M_43 - my_run - INFO - t_env: 400200 / 5050000
2026-04-09 21:43:50,037 - my_experiment - bat_ExpoComm_5M_43 - my_run - INFO - Estimated time left: 9 hours, 13 minutes, 56 seconds. Time passed: 49 minutes, 8 seconds
2026-04-09 21:49:39,126 - my_experiment - bat_ExpoComm_5M_43 - my_run - INFO - Recent Stats | t_env:     450000 | Episode:     2250
blue_team_alives_mean:     6.4200	blue_team_win_mean:        0.0000	ep_length_mean:          200.0000	episode_length_mean:     199.0000
epsilon:                   0.5820	grad_norm:               105737.7844	info_nce_loss:             0.8320	loss:                    6124.2648
q_loss:                  5567.5135	q_taken_mean:             35.5844	red_team_alives_mean:     19.9960	red_team_win_mean:         1.0000
return_mean:              -2.4235	return_std:                0.5324	target_mean:              36.8470	td_error_abs:             45.8005
test_blue_team_alives_mean: 13.4000	test_blue_team_win_mean:   0.0000	test_ep_length_mean:     200.0000	test_episode_length_mean:199.0000
test_red_team_alives_mean: 20.0000	test_red_team_win_mean:    0.8000	test_return_mean:         -2.6690	test_return_std:           0.0000

2026-04-09 21:49:40,484 - my_experiment - bat_ExpoComm_5M_43 - my_run - INFO - t_env: 450200 / 5050000
2026-04-09 21:49:40,485 - my_experiment - bat_ExpoComm_5M_43 - my_run - INFO - Estimated time left: 8 hours, 57 minutes, 19 seconds. Time passed: 54 minutes, 59 seconds
2026-04-09 21:55:20,637 - my_experiment - bat_ExpoComm_5M_43 - my_run - INFO - Recent Stats | t_env:     500191 | Episode:     2501
blue_team_alives_mean:     6.1120	blue_team_win_mean:        0.0000	ep_length_mean:          200.0000	episode_length_mean:     199.0000
epsilon:                   0.5345	grad_norm:               322608.0156	info_nce_loss:             0.9718	loss:                    5272.8494
q_loss:                  4793.4995	q_taken_mean:             42.5944	red_team_alives_mean:     20.0000	red_team_win_mean:         1.0000
return_mean:              -2.1488	return_std:                0.5441	target_mean:              43.2430	td_error_abs:             41.5954
test_blue_team_alives_mean: 11.8000	test_blue_team_win_mean:   0.0000	test_ep_length_mean:     200.0000	test_episode_length_mean:199.0000
test_red_team_alives_mean: 20.0000	test_red_team_win_mean:    1.0000	test_return_mean:         -2.9260	test_return_std:           0.0000

2026-04-09 21:55:22,002 - my_experiment - bat_ExpoComm_5M_43 - my_run - INFO - t_env: 500391 / 5050000
2026-04-09 21:55:22,003 - my_experiment - bat_ExpoComm_5M_43 - my_run - INFO - Estimated time left: 8 hours, 35 minutes, 57 seconds. Time passed: 1 hours, 40 seconds
2026-04-09 21:55:22,723 - my_experiment - bat_ExpoComm_5M_43 - my_run - INFO - Saving models to work_dirs/my_experiment/bat_ExpoComm_5M_43/my_run/20260409_205435/models/500391
2026-04-09 22:01:00,838 - my_experiment - bat_ExpoComm_5M_43 - my_run - INFO - Recent Stats | t_env:     550191 | Episode:     2751
blue_team_alives_mean:     5.8831	blue_team_win_mean:        0.0000	ep_length_mean:          199.9647	episode_length_mean:     198.9647
epsilon:                   0.4868	grad_norm:               748468.5750	info_nce_loss:             1.0829	loss:                    8868.0085
q_loss:                  8061.8258	q_taken_mean:             48.2988	red_team_alives_mean:     19.9920	red_team_win_mean:         1.0000
return_mean:              -1.7114	return_std:                0.5629	target_mean:              49.3621	td_error_abs:             55.1183
test_blue_team_alives_mean: 10.4000	test_blue_team_win_mean:   0.0000	test_ep_length_mean:     200.0000	test_episode_length_mean:199.0000
test_red_team_alives_mean: 20.0000	test_red_team_win_mean:    1.0000	test_return_mean:         -3.1560	test_return_std:           0.0000

2026-04-09 22:01:02,227 - my_experiment - bat_ExpoComm_5M_43 - my_run - INFO - t_env: 550391 / 5050000
2026-04-09 22:01:02,227 - my_experiment - bat_ExpoComm_5M_43 - my_run - INFO - Estimated time left: 8 hours, 30 minutes, 17 seconds. Time passed: 1 hours, 6 minutes, 20 seconds
2026-04-09 22:06:44,018 - my_experiment - bat_ExpoComm_5M_43 - my_run - INFO - Recent Stats | t_env:     600191 | Episode:     3001
blue_team_alives_mean:     6.4400	blue_team_win_mean:        0.0000	ep_length_mean:          200.0000	episode_length_mean:     199.0000
epsilon:                   0.4393	grad_norm:               461523.6266	info_nce_loss:             0.9182	loss:                    5108.1556
q_loss:                  4643.7779	q_taken_mean:             53.0581	red_team_alives_mean:     20.0000	red_team_win_mean:         1.0000
return_mean:              -1.7414	return_std:                0.5718	target_mean:              53.6179	td_error_abs:             45.9003
test_blue_team_alives_mean: 11.0000	test_blue_team_win_mean:   0.0000	test_ep_length_mean:     200.0000	test_episode_length_mean:199.0000
test_red_team_alives_mean: 20.0000	test_red_team_win_mean:    1.0000	test_return_mean:         -2.7390	test_return_std:           0.0000

2026-04-09 22:06:45,465 - my_experiment - bat_ExpoComm_5M_43 - my_run - INFO - t_env: 600391 / 5050000
2026-04-09 22:06:45,466 - my_experiment - bat_ExpoComm_5M_43 - my_run - INFO - Estimated time left: 8 hours, 29 minutes, 5 seconds. Time passed: 1 hours, 12 minutes, 4 seconds
2026-04-09 22:12:44,092 - my_experiment - bat_ExpoComm_5M_43 - my_run - INFO - Recent Stats | t_env:     650191 | Episode:     3251
blue_team_alives_mean:     8.3800	blue_team_win_mean:        0.0000	ep_length_mean:          200.0000	episode_length_mean:     199.0000
epsilon:                   0.3918	grad_norm:               264175.4125	info_nce_loss:             1.0132	loss:                    4042.1897
q_loss:                  3674.7179	q_taken_mean:             58.0172	red_team_alives_mean:     19.9880	red_team_win_mean:         1.0000
return_mean:              -1.9456	return_std:                0.4715	target_mean:              58.4388	td_error_abs:             43.5564
test_blue_team_alives_mean: 11.6000	test_blue_team_win_mean:   0.0000	test_ep_length_mean:     200.0000	test_episode_length_mean:199.0000
test_red_team_alives_mean: 20.0000	test_red_team_win_mean:    1.0000	test_return_mean:         -2.3640	test_return_std:           0.0000

2026-04-09 22:12:45,527 - my_experiment - bat_ExpoComm_5M_43 - my_run - INFO - t_env: 650391 / 5050000
2026-04-09 22:12:45,528 - my_experiment - bat_ExpoComm_5M_43 - my_run - INFO - Estimated time left: 8 hours, 48 minutes, 2 seconds. Time passed: 1 hours, 18 minutes, 4 seconds
2026-04-09 22:18:44,087 - my_experiment - bat_ExpoComm_5M_43 - my_run - INFO - Recent Stats | t_env:     700191 | Episode:     3501
blue_team_alives_mean:     9.6680	blue_team_win_mean:        0.0000	ep_length_mean:          200.0000	episode_length_mean:     199.0000
epsilon:                   0.3443	grad_norm:               521917.2531	info_nce_loss:             1.0111	loss:                    4982.3840
q_loss:                  4529.4400	q_taken_mean:             60.8088	red_team_alives_mean:     19.9600	red_team_win_mean:         1.0000
return_mean:              -1.8923	return_std:                0.5294	target_mean:              60.8705	td_error_abs:             49.1055
test_blue_team_alives_mean: 12.0000	test_blue_team_win_mean:   0.0000	test_ep_length_mean:     200.0000	test_episode_length_mean:199.0000
test_red_team_alives_mean: 20.0000	test_red_team_win_mean:    1.0000	test_return_mean:         -1.9990	test_return_std:           0.0000

2026-04-09 22:18:45,515 - my_experiment - bat_ExpoComm_5M_43 - my_run - INFO - t_env: 700391 / 5050000
2026-04-09 22:18:45,516 - my_experiment - bat_ExpoComm_5M_43 - my_run - INFO - Estimated time left: 8 hours, 41 minutes, 56 seconds. Time passed: 1 hours, 24 minutes, 4 seconds
2026-04-09 22:24:42,923 - my_experiment - bat_ExpoComm_5M_43 - my_run - INFO - Recent Stats | t_env:     750191 | Episode:     3751
blue_team_alives_mean:     8.8440	blue_team_win_mean:        0.0000	ep_length_mean:          200.0000	episode_length_mean:     199.0000
epsilon:                   0.2968	grad_norm:               401356.4844	info_nce_loss:             0.9835	loss:                    3785.4281
q_loss:                  3441.2983	q_taken_mean:             62.8767	red_team_alives_mean:     19.9840	red_team_win_mean:         1.0000
return_mean:              -1.8640	return_std:                0.5022	target_mean:              62.8204	td_error_abs:             43.4083
test_blue_team_alives_mean: 11.6000	test_blue_team_win_mean:   0.0000	test_ep_length_mean:     200.0000	test_episode_length_mean:199.0000
test_red_team_alives_mean: 20.0000	test_red_team_win_mean:    1.0000	test_return_mean:         -1.5860	test_return_std:           0.0000

2026-04-09 22:24:44,404 - my_experiment - bat_ExpoComm_5M_43 - my_run - INFO - t_env: 750391 / 5050000
2026-04-09 22:24:44,405 - my_experiment - bat_ExpoComm_5M_43 - my_run - INFO - Estimated time left: 8 hours, 34 minutes, 21 seconds. Time passed: 1 hours, 30 minutes, 3 seconds
2026-04-09 22:30:41,257 - my_experiment - bat_ExpoComm_5M_43 - my_run - INFO - Recent Stats | t_env:     800191 | Episode:     4001
blue_team_alives_mean:     8.6600	blue_team_win_mean:        0.0000	ep_length_mean:          200.0000	episode_length_mean:     199.0000
epsilon:                   0.2493	grad_norm:               413536.3742	info_nce_loss:             0.9164	loss:                    3914.8456
q_loss:                  3558.9505	q_taken_mean:             64.1398	red_team_alives_mean:     19.9800	red_team_win_mean:         1.0000
return_mean:              -1.7632	return_std:                0.5501	target_mean:              64.9416	td_error_abs:             44.2731
test_blue_team_alives_mean: 11.2000	test_blue_team_win_mean:   0.0000	test_ep_length_mean:     200.0000	test_episode_length_mean:199.0000
test_red_team_alives_mean: 20.0000	test_red_team_win_mean:    1.0000	test_return_mean:         -1.4350	test_return_std:           0.0000

2026-04-09 22:30:42,736 - my_experiment - bat_ExpoComm_5M_43 - my_run - INFO - t_env: 800391 / 5050000
2026-04-09 22:30:42,737 - my_experiment - bat_ExpoComm_5M_43 - my_run - INFO - Estimated time left: 8 hours, 27 minutes, 35 seconds. Time passed: 1 hours, 36 minutes, 1 seconds
2026-04-09 22:36:40,297 - my_experiment - bat_ExpoComm_5M_43 - my_run - INFO - Recent Stats | t_env:     850191 | Episode:     4251
blue_team_alives_mean:     8.7520	blue_team_win_mean:        0.0000	ep_length_mean:          200.0000	episode_length_mean:     199.0000
epsilon:                   0.2018	grad_norm:               389055.1844	info_nce_loss:             0.5658	loss:                    4577.5698
q_loss:                  4161.4272	q_taken_mean:             67.9512	red_team_alives_mean:     19.9720	red_team_win_mean:         1.0000
return_mean:              -1.6521	return_std:                0.5819	target_mean:              67.4414	td_error_abs:             49.9824
test_blue_team_alives_mean: 10.8000	test_blue_team_win_mean:   0.0000	test_ep_length_mean:     200.0000	test_episode_length_mean:199.0000
test_red_team_alives_mean: 20.0000	test_red_team_win_mean:    1.0000	test_return_mean:         -1.4830	test_return_std:           0.0000

2026-04-09 22:36:41,746 - my_experiment - bat_ExpoComm_5M_43 - my_run - INFO - t_env: 850391 / 5050000
2026-04-09 22:36:41,747 - my_experiment - bat_ExpoComm_5M_43 - my_run - INFO - Estimated time left: 8 hours, 22 minutes, 33 seconds. Time passed: 1 hours, 42 minutes, 0 seconds
2026-04-09 22:42:42,468 - my_experiment - bat_ExpoComm_5M_43 - my_run - INFO - Recent Stats | t_env:     900191 | Episode:     4501
blue_team_alives_mean:    10.6720	blue_team_win_mean:        0.0000	ep_length_mean:          200.0000	episode_length_mean:     199.0000
epsilon:                   0.1543	grad_norm:               341217.6969	info_nce_loss:             0.5750	loss:                    3456.0024
q_loss:                  3141.8204	q_taken_mean:             68.7256	red_team_alives_mean:     19.9280	red_team_win_mean:         1.0000
return_mean:              -0.6675	return_std:                0.5051	target_mean:              68.5210	td_error_abs:             42.4990
test_blue_team_alives_mean: 10.4000	test_blue_team_win_mean:   0.0000	test_ep_length_mean:     200.0000	test_episode_length_mean:199.0000
test_red_team_alives_mean: 19.8000	test_red_team_win_mean:    1.0000	test_return_mean:         -1.1316	test_return_std:           0.0000

2026-04-09 22:42:43,942 - my_experiment - bat_ExpoComm_5M_43 - my_run - INFO - t_env: 900391 / 5050000
2026-04-09 22:42:43,943 - my_experiment - bat_ExpoComm_5M_43 - my_run - INFO - Estimated time left: 8 hours, 20 minutes, 59 seconds. Time passed: 1 hours, 48 minutes, 2 seconds
2026-04-09 22:48:52,168 - my_experiment - bat_ExpoComm_5M_43 - my_run - INFO - Recent Stats | t_env:     950191 | Episode:     4751
blue_team_alives_mean:    12.4760	blue_team_win_mean:        0.0000	ep_length_mean:          200.0000	episode_length_mean:     199.0000
epsilon:                   0.1068	grad_norm:               242279.2500	info_nce_loss:             0.2715	loss:                    3359.8299
q_loss:                  3054.3909	q_taken_mean:             73.6218	red_team_alives_mean:     19.9280	red_team_win_mean:         0.9960
return_mean:              -0.5223	return_std:                0.4939	target_mean:              73.4736	td_error_abs:             41.5173
test_blue_team_alives_mean: 10.2000	test_blue_team_win_mean:   0.0000	test_ep_length_mean:     200.0000	test_episode_length_mean:199.0000
test_red_team_alives_mean: 19.8000	test_red_team_win_mean:    1.0000	test_return_mean:         -0.8746	test_return_std:           0.0000

2026-04-09 22:48:53,665 - my_experiment - bat_ExpoComm_5M_43 - my_run - INFO - t_env: 950391 / 5050000
2026-04-09 22:48:53,666 - my_experiment - bat_ExpoComm_5M_43 - my_run - INFO - Estimated time left: 8 hours, 25 minutes, 14 seconds. Time passed: 1 hours, 54 minutes, 12 seconds
2026-04-09 22:55:05,982 - my_experiment - bat_ExpoComm_5M_43 - my_run - INFO - Recent Stats | t_env:    1000191 | Episode:     5001
blue_team_alives_mean:    13.4080	blue_team_win_mean:        0.0000	ep_length_mean:          200.0000	episode_length_mean:     199.0000
epsilon:                   0.0593	grad_norm:               340358.6094	info_nce_loss:             0.6637	loss:                    3284.1155
q_loss:                  2985.5596	q_taken_mean:             78.1203	red_team_alives_mean:     19.9480	red_team_win_mean:         1.0000
return_mean:              -0.4043	return_std:                0.5688	target_mean:              78.2498	td_error_abs:             39.1520
test_blue_team_alives_mean: 10.8000	test_blue_team_win_mean:   0.0000	test_ep_length_mean:     200.0000	test_episode_length_mean:199.0000
test_red_team_alives_mean: 19.8000	test_red_team_win_mean:    1.0000	test_return_mean:         -1.0286	test_return_std:           0.0000

2026-04-09 22:55:07,482 - my_experiment - bat_ExpoComm_5M_43 - my_run - INFO - t_env: 1000391 / 5050000
2026-04-09 22:55:07,483 - my_experiment - bat_ExpoComm_5M_43 - my_run - INFO - Estimated time left: 8 hours, 24 minutes, 36 seconds. Time passed: 2 hours, 26 seconds
2026-04-09 22:55:08,354 - my_experiment - bat_ExpoComm_5M_43 - my_run - INFO - Saving models to work_dirs/my_experiment/bat_ExpoComm_5M_43/my_run/20260409_205435/models/1000391
2026-04-09 23:01:20,181 - my_experiment - bat_ExpoComm_5M_43 - my_run - INFO - Recent Stats | t_env:    1050191 | Episode:     5251
blue_team_alives_mean:    14.9680	blue_team_win_mean:        0.0000	ep_length_mean:          200.0000	episode_length_mean:     199.0000
epsilon:                   0.0500	grad_norm:               373939.1766	info_nce_loss:             0.7182	loss:                    4254.7300
q_loss:                  3867.9370	q_taken_mean:             86.0884	red_team_alives_mean:     19.9680	red_team_win_mean:         0.9600
return_mean:              -0.4326	return_std:                0.5599	target_mean:              85.8209	td_error_abs:             44.4243
test_blue_team_alives_mean: 12.4000	test_blue_team_win_mean:   0.0000	test_ep_length_mean:     200.0000	test_episode_length_mean:199.0000
test_red_team_alives_mean: 19.8000	test_red_team_win_mean:    1.0000	test_return_mean:         -0.7716	test_return_std:           0.0000

2026-04-09 23:01:21,680 - my_experiment - bat_ExpoComm_5M_43 - my_run - INFO - t_env: 1050391 / 5050000
2026-04-09 23:01:21,681 - my_experiment - bat_ExpoComm_5M_43 - my_run - INFO - Estimated time left: 8 hours, 18 minutes, 52 seconds. Time passed: 2 hours, 6 minutes, 40 seconds
2026-04-09 23:07:36,552 - my_experiment - bat_ExpoComm_5M_43 - my_run - INFO - Recent Stats | t_env:    1100191 | Episode:     5501
blue_team_alives_mean:    16.8320	blue_team_win_mean:        0.0200	ep_length_mean:          200.0000	episode_length_mean:     199.0000
epsilon:                   0.0500	grad_norm:               472931.8250	info_nce_loss:             0.2509	loss:                    5034.6538
q_loss:                  4576.9703	q_taken_mean:             92.4086	red_team_alives_mean:     19.9280	red_team_win_mean:         0.7560
return_mean:              -0.8879	return_std:                0.4704	target_mean:              93.1133	td_error_abs:             45.6537
test_blue_team_alives_mean: 14.8000	test_blue_team_win_mean:   0.0000	test_ep_length_mean:     200.0000	test_episode_length_mean:199.0000
test_red_team_alives_mean: 19.8000	test_red_team_win_mean:    1.0000	test_return_mean:         -0.5976	test_return_std:           0.0000

2026-04-09 23:07:38,080 - my_experiment - bat_ExpoComm_5M_43 - my_run - INFO - t_env: 1100391 / 5050000
2026-04-09 23:07:38,081 - my_experiment - bat_ExpoComm_5M_43 - my_run - INFO - Estimated time left: 8 hours, 15 minutes, 32 seconds. Time passed: 2 hours, 12 minutes, 56 seconds
2026-04-09 23:13:59,673 - my_experiment - bat_ExpoComm_5M_43 - my_run - INFO - Recent Stats | t_env:    1150191 | Episode:     5751
blue_team_alives_mean:    18.1960	blue_team_win_mean:        0.0200	ep_length_mean:          200.0000	episode_length_mean:     199.0000
epsilon:                   0.0500	grad_norm:               469018.4813	info_nce_loss:             0.6123	loss:                    4645.1900
q_loss:                  4222.9001	q_taken_mean:            103.4332	red_team_alives_mean:     19.9400	red_team_win_mean:         0.7840
return_mean:              -0.9794	return_std:                0.3923	target_mean:             103.4519	td_error_abs:             42.1411
test_blue_team_alives_mean: 15.6000	test_blue_team_win_mean:   0.0000	test_ep_length_mean:     200.0000	test_episode_length_mean:199.0000
test_red_team_alives_mean: 20.0000	test_red_team_win_mean:    1.0000	test_return_mean:         -0.5720	test_return_std:           0.0000

2026-04-09 23:14:01,202 - my_experiment - bat_ExpoComm_5M_43 - my_run - INFO - t_env: 1150391 / 5050000
2026-04-09 23:14:01,203 - my_experiment - bat_ExpoComm_5M_43 - my_run - INFO - Estimated time left: 8 hours, 18 minutes, 0 seconds. Time passed: 2 hours, 19 minutes, 19 seconds
2026-04-09 23:20:23,241 - my_experiment - bat_ExpoComm_5M_43 - my_run - INFO - Recent Stats | t_env:    1200191 | Episode:     6001
blue_team_alives_mean:    18.6040	blue_team_win_mean:        0.0240	ep_length_mean:          200.0000	episode_length_mean:     199.0000
epsilon:                   0.0500	grad_norm:               655153.2469	info_nce_loss:             1.0448	loss:                    5345.4220
q_loss:                  4859.4746	q_taken_mean:            108.9818	red_team_alives_mean:     19.9240	red_team_win_mean:         0.6840
return_mean:              -1.2426	return_std:                0.4012	target_mean:             109.7707	td_error_abs:             46.4660
test_blue_team_alives_mean: 16.6000	test_blue_team_win_mean:   0.0000	test_ep_length_mean:     200.0000	test_episode_length_mean:199.0000
test_red_team_alives_mean: 20.0000	test_red_team_win_mean:    1.0000	test_return_mean:         -0.6300	test_return_std:           0.0000

2026-04-09 23:20:24,784 - my_experiment - bat_ExpoComm_5M_43 - my_run - INFO - t_env: 1200391 / 5050000
2026-04-09 23:20:24,785 - my_experiment - bat_ExpoComm_5M_43 - my_run - INFO - Estimated time left: 8 hours, 12 minutes, 12 seconds. Time passed: 2 hours, 25 minutes, 43 seconds
2026-04-09 23:26:45,880 - my_experiment - bat_ExpoComm_5M_43 - my_run - INFO - Recent Stats | t_env:    1250191 | Episode:     6251
blue_team_alives_mean:    19.4640	blue_team_win_mean:        0.0240	ep_length_mean:          200.0000	episode_length_mean:     199.0000
epsilon:                   0.0500	grad_norm:               1390430.3750	info_nce_loss:             0.8415	loss:                    9052.0261
q_loss:                  8229.1148	q_taken_mean:            123.8941	red_team_alives_mean:     19.9440	red_team_win_mean:         0.3560
return_mean:              -1.2517	return_std:                0.2381	target_mean:             123.7718	td_error_abs:             55.3016
test_blue_team_alives_mean: 18.0000	test_blue_team_win_mean:   0.0000	test_ep_length_mean:     200.0000	test_episode_length_mean:199.0000
test_red_team_alives_mean: 20.0000	test_red_team_win_mean:    0.8000	test_return_mean:         -0.6490	test_return_std:           0.0000

2026-04-09 23:26:47,388 - my_experiment - bat_ExpoComm_5M_43 - my_run - INFO - t_env: 1250391 / 5050000
2026-04-09 23:26:47,389 - my_experiment - bat_ExpoComm_5M_43 - my_run - INFO - Estimated time left: 8 hours, 4 minutes, 34 seconds. Time passed: 2 hours, 32 minutes, 5 seconds
2026-04-09 23:33:05,751 - my_experiment - bat_ExpoComm_5M_43 - my_run - INFO - Recent Stats | t_env:    1300191 | Episode:     6501
blue_team_alives_mean:    19.0080	blue_team_win_mean:        0.0160	ep_length_mean:          200.0000	episode_length_mean:     199.0000
epsilon:                   0.0500	grad_norm:               990464.5375	info_nce_loss:             0.6199	loss:                    5096.7270
q_loss:                  4633.3882	q_taken_mean:            128.9784	red_team_alives_mean:     19.9520	red_team_win_mean:         0.5960
return_mean:              -1.0776	return_std:                0.3089	target_mean:             129.0787	td_error_abs:             46.3013
test_blue_team_alives_mean: 18.8000	test_blue_team_win_mean:   0.0000	test_ep_length_mean:     200.0000	test_episode_length_mean:199.0000
test_red_team_alives_mean: 20.0000	test_red_team_win_mean:    0.6000	test_return_mean:         -0.8410	test_return_std:           0.0000

2026-04-09 23:33:07,280 - my_experiment - bat_ExpoComm_5M_43 - my_run - INFO - t_env: 1300391 / 5050000
2026-04-09 23:33:07,281 - my_experiment - bat_ExpoComm_5M_43 - my_run - INFO - Estimated time left: 7 hours, 54 minutes, 48 seconds. Time passed: 2 hours, 38 minutes, 25 seconds
2026-04-09 23:39:27,516 - my_experiment - bat_ExpoComm_5M_43 - my_run - INFO - Recent Stats | t_env:    1350191 | Episode:     6751
blue_team_alives_mean:    19.2400	blue_team_win_mean:        0.0280	ep_length_mean:          200.0000	episode_length_mean:     199.0000
epsilon:                   0.0500	grad_norm:               999399.7875	info_nce_loss:             0.7131	loss:                    4473.2582
q_loss:                  4066.5982	q_taken_mean:            134.6641	red_team_alives_mean:     19.9440	red_team_win_mean:         0.4760
return_mean:              -1.1144	return_std:                0.2549	target_mean:             135.0546	td_error_abs:             43.0128
test_blue_team_alives_mean: 18.8000	test_blue_team_win_mean:   0.0000	test_ep_length_mean:     200.0000	test_episode_length_mean:199.0000
test_red_team_alives_mean: 20.0000	test_red_team_win_mean:    0.6000	test_return_mean:         -0.8500	test_return_std:           0.0000

2026-04-09 23:39:29,071 - my_experiment - bat_ExpoComm_5M_43 - my_run - INFO - t_env: 1350391 / 5050000
2026-04-09 23:39:29,073 - my_experiment - bat_ExpoComm_5M_43 - my_run - INFO - Estimated time left: 7 hours, 50 minutes, 49 seconds. Time passed: 2 hours, 44 minutes, 47 seconds
2026-04-09 23:45:49,014 - my_experiment - bat_ExpoComm_5M_43 - my_run - INFO - Recent Stats | t_env:    1400191 | Episode:     7001
blue_team_alives_mean:    19.8080	blue_team_win_mean:        0.0320	ep_length_mean:          200.0000	episode_length_mean:     199.0000
epsilon:                   0.0500	grad_norm:               1091703.2125	info_nce_loss:             0.4641	loss:                    4734.5757
q_loss:                  4304.1597	q_taken_mean:            140.1554	red_team_alives_mean:     19.9480	red_team_win_mean:         0.1560
return_mean:              -1.2698	return_std:                0.1601	target_mean:             139.9315	td_error_abs:             44.1462
test_blue_team_alives_mean: 19.4000	test_blue_team_win_mean:   0.0000	test_ep_length_mean:     200.0000	test_episode_length_mean:199.0000
test_red_team_alives_mean: 20.0000	test_red_team_win_mean:    0.4000	test_return_mean:         -0.9500	test_return_std:           0.0000

2026-04-09 23:45:50,557 - my_experiment - bat_ExpoComm_5M_43 - my_run - INFO - t_env: 1400391 / 5050000
2026-04-09 23:45:50,558 - my_experiment - bat_ExpoComm_5M_43 - my_run - INFO - Estimated time left: 7 hours, 44 minutes, 5 seconds. Time passed: 2 hours, 51 minutes, 9 seconds
2026-04-09 23:52:05,244 - my_experiment - bat_ExpoComm_5M_43 - my_run - INFO - Recent Stats | t_env:    1450191 | Episode:     7251
blue_team_alives_mean:    19.8720	blue_team_win_mean:        0.0440	ep_length_mean:          200.0000	episode_length_mean:     199.0000
epsilon:                   0.0500	grad_norm:               1198493.0750	info_nce_loss:             0.3646	loss:                    4549.6090
q_loss:                  4136.0189	q_taken_mean:            144.1699	red_team_alives_mean:     19.9360	red_team_win_mean:         0.1000
return_mean:              -1.2444	return_std:                0.1285	target_mean:             144.5162	td_error_abs:             43.8692
test_blue_team_alives_mean: 19.8000	test_blue_team_win_mean:   0.0000	test_ep_length_mean:     200.0000	test_episode_length_mean:199.0000
test_red_team_alives_mean: 20.0000	test_red_team_win_mean:    0.2000	test_return_mean:         -1.0800	test_return_std:           0.0000

2026-04-09 23:52:06,746 - my_experiment - bat_ExpoComm_5M_43 - my_run - INFO - t_env: 1450391 / 5050000
2026-04-09 23:52:06,747 - my_experiment - bat_ExpoComm_5M_43 - my_run - INFO - Estimated time left: 7 hours, 31 minutes, 22 seconds. Time passed: 2 hours, 57 minutes, 25 seconds
2026-04-09 23:58:22,643 - my_experiment - bat_ExpoComm_5M_43 - my_run - INFO - Recent Stats | t_env:    1500191 | Episode:     7501
blue_team_alives_mean:    19.7000	blue_team_win_mean:        0.0280	ep_length_mean:          200.0000	episode_length_mean:     199.0000
epsilon:                   0.0500	grad_norm:               1234209.9375	info_nce_loss:             0.1554	loss:                    4549.3174
q_loss:                  4135.7674	q_taken_mean:            148.3543	red_team_alives_mean:     19.9640	red_team_win_mean:         0.2080
return_mean:              -1.3387	return_std:                0.1908	target_mean:             148.0372	td_error_abs:             41.5832
test_blue_team_alives_mean: 19.8000	test_blue_team_win_mean:   0.0000	test_ep_length_mean:     200.0000	test_episode_length_mean:199.0000
test_red_team_alives_mean: 20.0000	test_red_team_win_mean:    0.2000	test_return_mean:         -1.0680	test_return_std:           0.0000

2026-04-09 23:58:24,152 - my_experiment - bat_ExpoComm_5M_43 - my_run - INFO - t_env: 1500391 / 5050000
2026-04-09 23:58:24,153 - my_experiment - bat_ExpoComm_5M_43 - my_run - INFO - Estimated time left: 7 hours, 26 minutes, 32 seconds. Time passed: 3 hours, 3 minutes, 42 seconds
2026-04-09 23:58:24,979 - my_experiment - bat_ExpoComm_5M_43 - my_run - INFO - Saving models to work_dirs/my_experiment/bat_ExpoComm_5M_43/my_run/20260409_205435/models/1500391
2026-04-10 00:04:42,466 - my_experiment - bat_ExpoComm_5M_43 - my_run - INFO - Recent Stats | t_env:    1550191 | Episode:     7751
blue_team_alives_mean:    19.7840	blue_team_win_mean:        0.0320	ep_length_mean:          200.0000	episode_length_mean:     199.0000
epsilon:                   0.0500	grad_norm:               1291261.9000	info_nce_loss:             0.4249	loss:                    4457.4250
q_loss:                  4052.2046	q_taken_mean:            152.4971	red_team_alives_mean:     19.9400	red_team_win_mean:         0.1720
return_mean:              -1.2242	return_std:                0.1242	target_mean:             152.8482	td_error_abs:             41.5927
test_blue_team_alives_mean: 19.8000	test_blue_team_win_mean:   0.0000	test_ep_length_mean:     200.0000	test_episode_length_mean:199.0000
test_red_team_alives_mean: 20.0000	test_red_team_win_mean:    0.2000	test_return_mean:         -1.0460	test_return_std:           0.0000

2026-04-10 00:04:43,984 - my_experiment - bat_ExpoComm_5M_43 - my_run - INFO - t_env: 1550391 / 5050000
2026-04-10 00:04:43,985 - my_experiment - bat_ExpoComm_5M_43 - my_run - INFO - Estimated time left: 7 hours, 23 minutes, 5 seconds. Time passed: 3 hours, 10 minutes, 2 seconds
2026-04-10 00:11:06,175 - my_experiment - bat_ExpoComm_5M_43 - my_run - INFO - Recent Stats | t_env:    1600191 | Episode:     8001
blue_team_alives_mean:    19.7120	blue_team_win_mean:        0.0480	ep_length_mean:          200.0000	episode_length_mean:     199.0000
epsilon:                   0.0500	grad_norm:               1412729.5750	info_nce_loss:             0.8046	loss:                    5137.9310
q_loss:                  4670.8463	q_taken_mean:            154.8848	red_team_alives_mean:     19.9240	red_team_win_mean:         0.1720
return_mean:              -1.2249	return_std:                0.1634	target_mean:             154.6120	td_error_abs:             43.1735
test_blue_team_alives_mean: 19.8000	test_blue_team_win_mean:   0.0000	test_ep_length_mean:     200.0000	test_episode_length_mean:199.0000
test_red_team_alives_mean: 20.0000	test_red_team_win_mean:    0.2000	test_return_mean:         -1.0420	test_return_std:           0.0000

2026-04-10 00:11:07,801 - my_experiment - bat_ExpoComm_5M_43 - my_run - INFO - t_env: 1600391 / 5050000
2026-04-10 00:11:07,803 - my_experiment - bat_ExpoComm_5M_43 - my_run - INFO - Estimated time left: 7 hours, 21 minutes, 20 seconds. Time passed: 3 hours, 16 minutes, 26 seconds
2026-04-10 00:17:22,838 - my_experiment - bat_ExpoComm_5M_43 - my_run - INFO - Recent Stats | t_env:    1650191 | Episode:     8251
blue_team_alives_mean:    19.4320	blue_team_win_mean:        0.0440	ep_length_mean:          200.0000	episode_length_mean:     199.0000
epsilon:                   0.0500	grad_norm:               1435072.3500	info_nce_loss:             0.6907	loss:                    4592.3825
q_loss:                  4174.8932	q_taken_mean:            152.3662	red_team_alives_mean:     19.9480	red_team_win_mean:         0.3400
return_mean:              -1.1907	return_std:                0.2352	target_mean:             152.5929	td_error_abs:             41.3078
test_blue_team_alives_mean: 19.8000	test_blue_team_win_mean:   0.0000	test_ep_length_mean:     200.0000	test_episode_length_mean:199.0000
test_red_team_alives_mean: 20.0000	test_red_team_win_mean:    0.2000	test_return_mean:         -1.0220	test_return_std:           0.0000

2026-04-10 00:17:24,408 - my_experiment - bat_ExpoComm_5M_43 - my_run - INFO - t_env: 1650391 / 5050000
2026-04-10 00:17:24,409 - my_experiment - bat_ExpoComm_5M_43 - my_run - INFO - Estimated time left: 7 hours, 6 minutes, 46 seconds. Time passed: 3 hours, 22 minutes, 43 seconds
2026-04-10 00:23:37,880 - my_experiment - bat_ExpoComm_5M_43 - my_run - INFO - Recent Stats | t_env:    1700191 | Episode:     8501
blue_team_alives_mean:    19.4200	blue_team_win_mean:        0.0200	ep_length_mean:          200.0000	episode_length_mean:     199.0000
epsilon:                   0.0500	grad_norm:               1409561.4500	info_nce_loss:             0.6671	loss:                    4311.2771
q_loss:                  3919.3449	q_taken_mean:            154.7234	red_team_alives_mean:     19.9640	red_team_win_mean:         0.3480
return_mean:              -1.2324	return_std:                0.2057	target_mean:             154.6397	td_error_abs:             38.5952
test_blue_team_alives_mean: 19.6000	test_blue_team_win_mean:   0.0000	test_ep_length_mean:     200.0000	test_episode_length_mean:199.0000
test_red_team_alives_mean: 20.0000	test_red_team_win_mean:    0.4000	test_return_mean:         -0.9340	test_return_std:           0.0000

2026-04-10 00:23:39,440 - my_experiment - bat_ExpoComm_5M_43 - my_run - INFO - t_env: 1700391 / 5050000
2026-04-10 00:23:39,441 - my_experiment - bat_ExpoComm_5M_43 - my_run - INFO - Estimated time left: 6 hours, 58 minutes, 44 seconds. Time passed: 3 hours, 28 minutes, 58 seconds
2026-04-10 00:29:51,409 - my_experiment - bat_ExpoComm_5M_43 - my_run - INFO - Recent Stats | t_env:    1750191 | Episode:     8751
blue_team_alives_mean:    19.7800	blue_team_win_mean:        0.0400	ep_length_mean:          200.0000	episode_length_mean:     199.0000
epsilon:                   0.0500	grad_norm:               1435439.7500	info_nce_loss:             0.6796	loss:                    4210.1689
q_loss:                  3827.4264	q_taken_mean:            155.0374	red_team_alives_mean:     19.9480	red_team_win_mean:         0.1720
return_mean:              -1.2884	return_std:                0.1554	target_mean:             155.2198	td_error_abs:             38.0855
test_blue_team_alives_mean: 19.6000	test_blue_team_win_mean:   0.0000	test_ep_length_mean:     200.0000	test_episode_length_mean:199.0000
test_red_team_alives_mean: 20.0000	test_red_team_win_mean:    0.4000	test_return_mean:         -0.9300	test_return_std:           0.0000

2026-04-10 00:29:52,955 - my_experiment - bat_ExpoComm_5M_43 - my_run - INFO - t_env: 1750391 / 5050000
2026-04-10 00:29:52,955 - my_experiment - bat_ExpoComm_5M_43 - my_run - INFO - Estimated time left: 6 hours, 50 minutes, 49 seconds. Time passed: 3 hours, 35 minutes, 11 seconds
2026-04-10 00:36:04,992 - my_experiment - bat_ExpoComm_5M_43 - my_run - INFO - Recent Stats | t_env:    1800191 | Episode:     9001
blue_team_alives_mean:    19.7680	blue_team_win_mean:        0.0240	ep_length_mean:          200.0000	episode_length_mean:     199.0000
epsilon:                   0.0500	grad_norm:               1520507.6500	info_nce_loss:             0.8532	loss:                    4721.1376
q_loss:                  4291.9433	q_taken_mean:            155.5928	red_team_alives_mean:     19.9640	red_team_win_mean:         0.1720
return_mean:              -1.3153	return_std:                0.1610	target_mean:             155.1523	td_error_abs:             39.9763
test_blue_team_alives_mean: 19.6000	test_blue_team_win_mean:   0.0000	test_ep_length_mean:     200.0000	test_episode_length_mean:199.0000
test_red_team_alives_mean: 20.0000	test_red_team_win_mean:    0.4000	test_return_mean:         -0.9250	test_return_std:           0.0000

2026-04-10 00:36:06,543 - my_experiment - bat_ExpoComm_5M_43 - my_run - INFO - t_env: 1800391 / 5050000
2026-04-10 00:36:06,544 - my_experiment - bat_ExpoComm_5M_43 - my_run - INFO - Estimated time left: 6 hours, 44 minutes, 40 seconds. Time passed: 3 hours, 41 minutes, 25 seconds
2026-04-10 00:42:18,603 - my_experiment - bat_ExpoComm_5M_43 - my_run - INFO - Recent Stats | t_env:    1850191 | Episode:     9251
blue_team_alives_mean:    19.8760	blue_team_win_mean:        0.0240	ep_length_mean:          200.0000	episode_length_mean:     199.0000
epsilon:                   0.0500	grad_norm:               1441138.6500	info_nce_loss:             0.7284	loss:                    4009.0078
q_loss:                  3644.5526	q_taken_mean:            154.9843	red_team_alives_mean:     19.9680	red_team_win_mean:         0.1040
return_mean:              -1.2497	return_std:                0.1132	target_mean:             155.0544	td_error_abs:             37.2405
test_blue_team_alives_mean: 19.8000	test_blue_team_win_mean:   0.0000	test_ep_length_mean:     200.0000	test_episode_length_mean:199.0000
test_red_team_alives_mean: 20.0000	test_red_team_win_mean:    0.2000	test_return_mean:         -1.0010	test_return_std:           0.0000

2026-04-10 00:42:20,093 - my_experiment - bat_ExpoComm_5M_43 - my_run - INFO - t_env: 1850391 / 5050000
2026-04-10 00:42:20,094 - my_experiment - bat_ExpoComm_5M_43 - my_run - INFO - Estimated time left: 6 hours, 38 minutes, 24 seconds. Time passed: 3 hours, 47 minutes, 38 seconds
2026-04-10 00:48:32,611 - my_experiment - bat_ExpoComm_5M_43 - my_run - INFO - Recent Stats | t_env:    1900191 | Episode:     9501
blue_team_alives_mean:    19.8600	blue_team_win_mean:        0.0280	ep_length_mean:          200.0000	episode_length_mean:     199.0000
epsilon:                   0.0500	grad_norm:               1520731.1250	info_nce_loss:             0.4309	loss:                    4482.6345
q_loss:                  4075.1224	q_taken_mean:            156.1867	red_team_alives_mean:     19.9560	red_team_win_mean:         0.0960
return_mean:              -1.3251	return_std:                0.1408	target_mean:             155.8248	td_error_abs:             42.6690
test_blue_team_alives_mean: 19.8000	test_blue_team_win_mean:   0.0000	test_ep_length_mean:     200.0000	test_episode_length_mean:199.0000
test_red_team_alives_mean: 20.0000	test_red_team_win_mean:    0.2000	test_return_mean:         -1.0110	test_return_std:           0.0000

2026-04-10 00:48:34,143 - my_experiment - bat_ExpoComm_5M_43 - my_run - INFO - t_env: 1900391 / 5050000
2026-04-10 00:48:34,144 - my_experiment - bat_ExpoComm_5M_43 - my_run - INFO - Estimated time left: 6 hours, 32 minutes, 42 seconds. Time passed: 3 hours, 53 minutes, 52 seconds
2026-04-10 00:54:47,187 - my_experiment - bat_ExpoComm_5M_43 - my_run - INFO - Recent Stats | t_env:    1950191 | Episode:     9751
blue_team_alives_mean:    19.8640	blue_team_win_mean:        0.0560	ep_length_mean:          200.0000	episode_length_mean:     199.0000
epsilon:                   0.0500	grad_norm:               1314997.4750	info_nce_loss:             0.4617	loss:                    3890.3579
q_loss:                  3536.6891	q_taken_mean:            156.1228	red_team_alives_mean:     19.9080	red_team_win_mean:         0.1040
return_mean:              -1.3604	return_std:                0.1862	target_mean:             156.6831	td_error_abs:             42.3332
test_blue_team_alives_mean: 20.0000	test_blue_team_win_mean:   0.0000	test_ep_length_mean:     200.0000	test_episode_length_mean:199.0000
test_red_team_alives_mean: 20.0000	test_red_team_win_mean:    0.0000	test_return_mean:         -1.0670	test_return_std:           0.0000

2026-04-10 00:54:48,729 - my_experiment - bat_ExpoComm_5M_43 - my_run - INFO - t_env: 1950391 / 5050000
2026-04-10 00:54:48,730 - my_experiment - bat_ExpoComm_5M_43 - my_run - INFO - Estimated time left: 6 hours, 27 minutes, 1 seconds. Time passed: 4 hours, 7 seconds
2026-04-10 01:01:00,709 - my_experiment - bat_ExpoComm_5M_43 - my_run - INFO - Recent Stats | t_env:    2000191 | Episode:    10001
blue_team_alives_mean:    19.8800	blue_team_win_mean:        0.0680	ep_length_mean:          200.0000	episode_length_mean:     199.0000
epsilon:                   0.0500	grad_norm:               2688897.9750	info_nce_loss:             0.3961	loss:                    11119.5656
q_loss:                  10108.6961	q_taken_mean:            157.6106	red_team_alives_mean:     19.8880	red_team_win_mean:         0.0960
return_mean:              -1.3103	return_std:                0.1635	target_mean:             157.1180	td_error_abs:             70.1154
test_blue_team_alives_mean: 20.0000	test_blue_team_win_mean:   0.0000	test_ep_length_mean:     200.0000	test_episode_length_mean:199.0000
test_red_team_alives_mean: 20.0000	test_red_team_win_mean:    0.0000	test_return_mean:         -1.1020	test_return_std:           0.0000

2026-04-10 01:01:02,244 - my_experiment - bat_ExpoComm_5M_43 - my_run - INFO - t_env: 2000391 / 5050000
2026-04-10 01:01:02,245 - my_experiment - bat_ExpoComm_5M_43 - my_run - INFO - Estimated time left: 6 hours, 19 minutes, 41 seconds. Time passed: 4 hours, 6 minutes, 20 seconds
2026-04-10 01:01:03,047 - my_experiment - bat_ExpoComm_5M_43 - my_run - INFO - Saving models to work_dirs/my_experiment/bat_ExpoComm_5M_43/my_run/20260409_205435/models/2000391
2026-04-10 01:07:15,398 - my_experiment - bat_ExpoComm_5M_43 - my_run - INFO - Recent Stats | t_env:    2050191 | Episode:    10251
blue_team_alives_mean:    19.8520	blue_team_win_mean:        0.0760	ep_length_mean:          200.0000	episode_length_mean:     199.0000
epsilon:                   0.0500	grad_norm:               1920050.5750	info_nce_loss:             0.9041	loss:                    19209.1532
q_loss:                  17462.8666	q_taken_mean:            152.1138	red_team_alives_mean:     19.9120	red_team_win_mean:         0.1280
return_mean:              -1.2888	return_std:                0.1553	target_mean:             153.7024	td_error_abs:             62.2058
test_blue_team_alives_mean: 19.8000	test_blue_team_win_mean:   0.0000	test_ep_length_mean:     200.0000	test_episode_length_mean:199.0000
test_red_team_alives_mean: 20.0000	test_red_team_win_mean:    0.2000	test_return_mean:         -1.0430	test_return_std:           0.0000

2026-04-10 01:07:16,916 - my_experiment - bat_ExpoComm_5M_43 - my_run - INFO - t_env: 2050391 / 5050000
2026-04-10 01:07:16,917 - my_experiment - bat_ExpoComm_5M_43 - my_run - INFO - Estimated time left: 6 hours, 14 minutes, 37 seconds. Time passed: 4 hours, 12 minutes, 35 seconds
2026-04-10 01:13:30,515 - my_experiment - bat_ExpoComm_5M_43 - my_run - INFO - Recent Stats | t_env:    2100191 | Episode:    10501
blue_team_alives_mean:    18.9960	blue_team_win_mean:        0.0520	ep_length_mean:          200.0000	episode_length_mean:     199.0000
epsilon:                   0.0500	grad_norm:               1634523.2688	info_nce_loss:             0.3801	loss:                    5396.0854
q_loss:                  4905.5322	q_taken_mean:            150.3597	red_team_alives_mean:     19.8880	red_team_win_mean:         0.5200
return_mean:              -1.6990	return_std:                0.6457	target_mean:             150.7620	td_error_abs:             44.4886
test_blue_team_alives_mean: 19.8000	test_blue_team_win_mean:   0.0000	test_ep_length_mean:     200.0000	test_episode_length_mean:199.0000
test_red_team_alives_mean: 20.0000	test_red_team_win_mean:    0.2000	test_return_mean:         -1.0670	test_return_std:           0.0000

2026-04-10 01:13:32,012 - my_experiment - bat_ExpoComm_5M_43 - my_run - INFO - t_env: 2100391 / 5050000
2026-04-10 01:13:32,013 - my_experiment - bat_ExpoComm_5M_43 - my_run - INFO - Estimated time left: 6 hours, 8 minutes, 47 seconds. Time passed: 4 hours, 18 minutes, 50 seconds
2026-04-10 01:19:44,740 - my_experiment - bat_ExpoComm_5M_43 - my_run - INFO - Recent Stats | t_env:    2150191 | Episode:    10751
blue_team_alives_mean:    19.1880	blue_team_win_mean:        0.0720	ep_length_mean:          200.0000	episode_length_mean:     199.0000
epsilon:                   0.0500	grad_norm:               1489806.9312	info_nce_loss:             0.3403	loss:                    8087.6706
q_loss:                  7352.4279	q_taken_mean:            145.1313	red_team_alives_mean:     19.8880	red_team_win_mean:         0.4320
return_mean:              -1.7200	return_std:                0.6830	target_mean:             146.1066	td_error_abs:             51.9714
test_blue_team_alives_mean: 19.4000	test_blue_team_win_mean:   0.0000	test_ep_length_mean:     200.0000	test_episode_length_mean:199.0000
test_red_team_alives_mean: 20.0000	test_red_team_win_mean:    0.4000	test_return_mean:         -0.9850	test_return_std:           0.0000

2026-04-10 01:19:46,226 - my_experiment - bat_ExpoComm_5M_43 - my_run - INFO - t_env: 2150391 / 5050000
2026-04-10 01:19:46,227 - my_experiment - bat_ExpoComm_5M_43 - my_run - INFO - Estimated time left: 6 hours, 1 minutes, 41 seconds. Time passed: 4 hours, 25 minutes, 4 seconds
2026-04-10 01:25:58,654 - my_experiment - bat_ExpoComm_5M_43 - my_run - INFO - Recent Stats | t_env:    2200191 | Episode:    11001
blue_team_alives_mean:    19.5560	blue_team_win_mean:        0.0840	ep_length_mean:          200.0000	episode_length_mean:     199.0000
epsilon:                   0.0500	grad_norm:               1930862.7594	info_nce_loss:             0.2560	loss:                    8805.0011
q_loss:                  8004.5464	q_taken_mean:            141.1109	red_team_alives_mean:     19.8680	red_team_win_mean:         0.2720
return_mean:              -1.4907	return_std:                0.3449	target_mean:             142.8800	td_error_abs:             58.1668
test_blue_team_alives_mean: 19.4000	test_blue_team_win_mean:   0.0000	test_ep_length_mean:     200.0000	test_episode_length_mean:199.0000
test_red_team_alives_mean: 20.0000	test_red_team_win_mean:    0.4000	test_return_mean:         -0.9760	test_return_std:           0.0000

2026-04-10 01:26:00,154 - my_experiment - bat_ExpoComm_5M_43 - my_run - INFO - t_env: 2200391 / 5050000
2026-04-10 01:26:00,155 - my_experiment - bat_ExpoComm_5M_43 - my_run - INFO - Estimated time left: 5 hours, 55 minutes, 10 seconds. Time passed: 4 hours, 31 minutes, 18 seconds
2026-04-10 01:32:13,234 - my_experiment - bat_ExpoComm_5M_43 - my_run - INFO - Recent Stats | t_env:    2250191 | Episode:    11251
blue_team_alives_mean:    18.7280	blue_team_win_mean:        0.0640	ep_length_mean:          200.0000	episode_length_mean:     199.0000
epsilon:                   0.0500	grad_norm:               1322130.0500	info_nce_loss:             0.6402	loss:                    7482.3248
q_loss:                  6802.1135	q_taken_mean:            135.3524	red_team_alives_mean:     19.8280	red_team_win_mean:         0.5480
return_mean:              -1.6863	return_std:                0.7223	target_mean:             137.0796	td_error_abs:             58.2763
test_blue_team_alives_mean: 19.2000	test_blue_team_win_mean:   0.0000	test_ep_length_mean:     200.0000	test_episode_length_mean:199.0000
test_red_team_alives_mean: 20.0000	test_red_team_win_mean:    0.6000	test_return_mean:         -0.9310	test_return_std:           0.0000

2026-04-10 01:32:14,741 - my_experiment - bat_ExpoComm_5M_43 - my_run - INFO - t_env: 2250391 / 5050000
2026-04-10 01:32:14,742 - my_experiment - bat_ExpoComm_5M_43 - my_run - INFO - Estimated time left: 5 hours, 49 minutes, 33 seconds. Time passed: 4 hours, 37 minutes, 33 seconds
2026-04-10 01:38:29,026 - my_experiment - bat_ExpoComm_5M_43 - my_run - INFO - Recent Stats | t_env:    2300191 | Episode:    11501
blue_team_alives_mean:    19.6480	blue_team_win_mean:        0.0920	ep_length_mean:          200.0000	episode_length_mean:     199.0000
epsilon:                   0.0500	grad_norm:               883801.7750	info_nce_loss:             0.4705	loss:                    3614.6536
q_loss:                  3286.0486	q_taken_mean:            136.7240	red_team_alives_mean:     19.8280	red_team_win_mean:         0.2080
return_mean:              -1.4803	return_std:                0.3570	target_mean:             137.0182	td_error_abs:             38.3645
test_blue_team_alives_mean: 19.4000	test_blue_team_win_mean:   0.0000	test_ep_length_mean:     200.0000	test_episode_length_mean:199.0000
test_red_team_alives_mean: 20.0000	test_red_team_win_mean:    0.4000	test_return_mean:         -1.0140	test_return_std:           0.0000

2026-04-10 01:38:30,541 - my_experiment - bat_ExpoComm_5M_43 - my_run - INFO - t_env: 2300391 / 5050000
2026-04-10 01:38:30,542 - my_experiment - bat_ExpoComm_5M_43 - my_run - INFO - Estimated time left: 5 hours, 44 minutes, 26 seconds. Time passed: 4 hours, 43 minutes, 49 seconds
2026-04-10 01:44:47,558 - my_experiment - bat_ExpoComm_5M_43 - my_run - INFO - Recent Stats | t_env:    2350191 | Episode:    11751
blue_team_alives_mean:    19.2280	blue_team_win_mean:        0.0520	ep_length_mean:          200.0000	episode_length_mean:     199.0000
epsilon:                   0.0500	grad_norm:               1036168.9875	info_nce_loss:             0.4566	loss:                    7017.3915
q_loss:                  6379.4466	q_taken_mean:            134.4355	red_team_alives_mean:     19.8760	red_team_win_mean:         0.4760
return_mean:              -1.2552	return_std:                0.2739	target_mean:             134.2322	td_error_abs:             49.5608
test_blue_team_alives_mean: 19.4000	test_blue_team_win_mean:   0.0000	test_ep_length_mean:     200.0000	test_episode_length_mean:199.0000
test_red_team_alives_mean: 20.0000	test_red_team_win_mean:    0.4000	test_return_mean:         -1.0240	test_return_std:           0.0000

2026-04-10 01:44:49,073 - my_experiment - bat_ExpoComm_5M_43 - my_run - INFO - t_env: 2350391 / 5050000
2026-04-10 01:44:49,074 - my_experiment - bat_ExpoComm_5M_43 - my_run - INFO - Estimated time left: 5 hours, 40 minutes, 37 seconds. Time passed: 4 hours, 50 minutes, 7 seconds
2026-04-10 01:51:04,055 - my_experiment - bat_ExpoComm_5M_43 - my_run - INFO - Recent Stats | t_env:    2400191 | Episode:    12001
blue_team_alives_mean:    18.7520	blue_team_win_mean:        0.0440	ep_length_mean:          200.0000	episode_length_mean:     199.0000
epsilon:                   0.0500	grad_norm:               1314008.2000	info_nce_loss:             0.1412	loss:                    8879.0063
q_loss:                  8071.8239	q_taken_mean:            128.9587	red_team_alives_mean:     19.8560	red_team_win_mean:         0.5760
return_mean:              -1.5925	return_std:                0.6043	target_mean:             129.9585	td_error_abs:             50.9766
test_blue_team_alives_mean: 19.8000	test_blue_team_win_mean:   0.0000	test_ep_length_mean:     200.0000	test_episode_length_mean:199.0000
test_red_team_alives_mean: 20.0000	test_red_team_win_mean:    0.2000	test_return_mean:         -1.1610	test_return_std:           0.0000

2026-04-10 01:51:05,553 - my_experiment - bat_ExpoComm_5M_43 - my_run - INFO - t_env: 2400391 / 5050000
2026-04-10 01:51:05,554 - my_experiment - bat_ExpoComm_5M_43 - my_run - INFO - Estimated time left: 5 hours, 32 minutes, 30 seconds. Time passed: 4 hours, 56 minutes, 24 seconds
2026-04-10 01:57:18,467 - my_experiment - bat_ExpoComm_5M_43 - my_run - INFO - Recent Stats | t_env:    2450191 | Episode:    12251
blue_team_alives_mean:    18.5760	blue_team_win_mean:        0.0320	ep_length_mean:          200.0000	episode_length_mean:     199.0000
epsilon:                   0.0500	grad_norm:               417693.6016	info_nce_loss:             0.2200	loss:                    2250.6468
q_loss:                  2046.0425	q_taken_mean:            124.6575	red_team_alives_mean:     19.8920	red_team_win_mean:         0.6080
return_mean:              -1.1126	return_std:                0.3706	target_mean:             124.5397	td_error_abs:             29.9204
test_blue_team_alives_mean: 19.6000	test_blue_team_win_mean:   0.0000	test_ep_length_mean:     200.0000	test_episode_length_mean:199.0000
test_red_team_alives_mean: 20.0000	test_red_team_win_mean:    0.4000	test_return_mean:         -1.1190	test_return_std:           0.0000

2026-04-10 01:57:20,017 - my_experiment - bat_ExpoComm_5M_43 - my_run - INFO - t_env: 2450391 / 5050000
2026-04-10 01:57:20,018 - my_experiment - bat_ExpoComm_5M_43 - my_run - INFO - Estimated time left: 5 hours, 24 minutes, 29 seconds. Time passed: 5 hours, 2 minutes, 38 seconds
2026-04-10 02:03:33,422 - my_experiment - bat_ExpoComm_5M_43 - my_run - INFO - Recent Stats | t_env:    2500191 | Episode:    12501
blue_team_alives_mean:    18.5520	blue_team_win_mean:        0.0280	ep_length_mean:          200.0000	episode_length_mean:     199.0000
epsilon:                   0.0500	grad_norm:               654998.1937	info_nce_loss:             0.6768	loss:                    3127.6379
q_loss:                  2843.3071	q_taken_mean:            124.8038	red_team_alives_mean:     19.8840	red_team_win_mean:         0.5640
return_mean:              -1.3279	return_std:                0.4458	target_mean:             124.6119	td_error_abs:             35.2151
test_blue_team_alives_mean: 19.8000	test_blue_team_win_mean:   0.0000	test_ep_length_mean:     200.0000	test_episode_length_mean:199.0000
test_red_team_alives_mean: 20.0000	test_red_team_win_mean:    0.2000	test_return_mean:         -1.2100	test_return_std:           0.0000

2026-04-10 02:03:34,926 - my_experiment - bat_ExpoComm_5M_43 - my_run - INFO - t_env: 2500391 / 5050000
2026-04-10 02:03:34,927 - my_experiment - bat_ExpoComm_5M_43 - my_run - INFO - Estimated time left: 5 hours, 18 minutes, 37 seconds. Time passed: 5 hours, 8 minutes, 53 seconds
2026-04-10 02:03:35,739 - my_experiment - bat_ExpoComm_5M_43 - my_run - INFO - Saving models to work_dirs/my_experiment/bat_ExpoComm_5M_43/my_run/20260409_205435/models/2500391
2026-04-10 02:09:49,256 - my_experiment - bat_ExpoComm_5M_43 - my_run - INFO - Recent Stats | t_env:    2550191 | Episode:    12751
blue_team_alives_mean:    18.5200	blue_team_win_mean:        0.0520	ep_length_mean:          200.0000	episode_length_mean:     199.0000
epsilon:                   0.0500	grad_norm:               489757.9703	info_nce_loss:             0.2271	loss:                    2911.7356
q_loss:                  2647.0333	q_taken_mean:            123.4770	red_team_alives_mean:     19.9080	red_team_win_mean:         0.6480
return_mean:              -1.2298	return_std:                0.3784	target_mean:             122.8768	td_error_abs:             32.8544
test_blue_team_alives_mean: 19.6000	test_blue_team_win_mean:   0.0000	test_ep_length_mean:     200.0000	test_episode_length_mean:199.0000
test_red_team_alives_mean: 20.0000	test_red_team_win_mean:    0.4000	test_return_mean:         -1.1720	test_return_std:           0.0000

2026-04-10 02:09:50,756 - my_experiment - bat_ExpoComm_5M_43 - my_run - INFO - t_env: 2550391 / 5050000
2026-04-10 02:09:50,757 - my_experiment - bat_ExpoComm_5M_43 - my_run - INFO - Estimated time left: 5 hours, 13 minutes, 8 seconds. Time passed: 5 hours, 15 minutes, 9 seconds
2026-04-10 02:16:04,717 - my_experiment - bat_ExpoComm_5M_43 - my_run - INFO - Recent Stats | t_env:    2600191 | Episode:    13001
blue_team_alives_mean:    18.1080	blue_team_win_mean:        0.0360	ep_length_mean:          200.0000	episode_length_mean:     199.0000
epsilon:                   0.0500	grad_norm:               630621.3281	info_nce_loss:             0.3213	loss:                    2506.5786
q_loss:                  2278.7079	q_taken_mean:            121.6910	red_team_alives_mean:     19.8760	red_team_win_mean:         0.6680
return_mean:              -1.1981	return_std:                0.5737	target_mean:             121.4896	td_error_abs:             31.9503
test_blue_team_alives_mean: 19.6000	test_blue_team_win_mean:   0.0000	test_ep_length_mean:     200.0000	test_episode_length_mean:199.0000
test_red_team_alives_mean: 20.0000	test_red_team_win_mean:    0.4000	test_return_mean:         -1.1300	test_return_std:           0.0000

2026-04-10 02:16:06,214 - my_experiment - bat_ExpoComm_5M_43 - my_run - INFO - t_env: 2600391 / 5050000
2026-04-10 02:16:06,215 - my_experiment - bat_ExpoComm_5M_43 - my_run - INFO - Estimated time left: 5 hours, 6 minutes, 34 seconds. Time passed: 5 hours, 21 minutes, 24 seconds
2026-04-10 02:22:19,947 - my_experiment - bat_ExpoComm_5M_43 - my_run - INFO - Recent Stats | t_env:    2650191 | Episode:    13251
blue_team_alives_mean:    17.5360	blue_team_win_mean:        0.0160	ep_length_mean:          200.0000	episode_length_mean:     199.0000
epsilon:                   0.0500	grad_norm:               1162657.9187	info_nce_loss:             0.4434	loss:                    5305.0722
q_loss:                  4822.7928	q_taken_mean:            123.8818	red_team_alives_mean:     19.8960	red_team_win_mean:         0.6400
return_mean:              -0.9319	return_std:                0.4027	target_mean:             123.9345	td_error_abs:             44.8632
test_blue_team_alives_mean: 19.6000	test_blue_team_win_mean:   0.0000	test_ep_length_mean:     200.0000	test_episode_length_mean:199.0000
test_red_team_alives_mean: 20.0000	test_red_team_win_mean:    0.4000	test_return_mean:         -1.0550	test_return_std:           0.0000

2026-04-10 02:22:21,501 - my_experiment - bat_ExpoComm_5M_43 - my_run - INFO - t_env: 2650391 / 5050000
2026-04-10 02:22:21,502 - my_experiment - bat_ExpoComm_5M_43 - my_run - INFO - Estimated time left: 5 hours, 10 seconds. Time passed: 5 hours, 27 minutes, 40 seconds
2026-04-10 02:28:36,148 - my_experiment - bat_ExpoComm_5M_43 - my_run - INFO - Recent Stats | t_env:    2700191 | Episode:    13501
blue_team_alives_mean:    14.4160	blue_team_win_mean:        0.0080	ep_length_mean:          200.0000	episode_length_mean:     199.0000
epsilon:                   0.0500	grad_norm:               685070.9781	info_nce_loss:             0.4549	loss:                    3896.0114
q_loss:                  3541.8285	q_taken_mean:            120.4084	red_team_alives_mean:     19.8880	red_team_win_mean:         0.9760
return_mean:              -0.5333	return_std:                0.6714	target_mean:             121.1296	td_error_abs:             33.3847
test_blue_team_alives_mean: 18.6000	test_blue_team_win_mean:   0.0000	test_ep_length_mean:     200.0000	test_episode_length_mean:199.0000
test_red_team_alives_mean: 20.0000	test_red_team_win_mean:    0.4000	test_return_mean:         -0.9560	test_return_std:           0.0000

2026-04-10 02:28:37,667 - my_experiment - bat_ExpoComm_5M_43 - my_run - INFO - t_env: 2700391 / 5050000
2026-04-10 02:28:37,668 - my_experiment - bat_ExpoComm_5M_43 - my_run - INFO - Estimated time left: 4 hours, 54 minutes, 36 seconds. Time passed: 5 hours, 33 minutes, 56 seconds
2026-04-10 02:34:51,696 - my_experiment - bat_ExpoComm_5M_43 - my_run - INFO - Recent Stats | t_env:    2750191 | Episode:    13751
blue_team_alives_mean:    14.2600	blue_team_win_mean:        0.0040	ep_length_mean:          200.0000	episode_length_mean:     199.0000
epsilon:                   0.0500	grad_norm:               1311441.8266	info_nce_loss:             0.2450	loss:                    7116.8709
q_loss:                  6469.8829	q_taken_mean:            118.7161	red_team_alives_mean:     19.9120	red_team_win_mean:         0.9840
return_mean:              -0.5710	return_std:                0.6294	target_mean:             118.1611	td_error_abs:             45.9777
test_blue_team_alives_mean: 17.6000	test_blue_team_win_mean:   0.0000	test_ep_length_mean:     200.0000	test_episode_length_mean:199.0000
test_red_team_alives_mean: 20.0000	test_red_team_win_mean:    0.6000	test_return_mean:         -0.7990	test_return_std:           0.0000

2026-04-10 02:34:53,193 - my_experiment - bat_ExpoComm_5M_43 - my_run - INFO - t_env: 2750391 / 5050000
2026-04-10 02:34:53,194 - my_experiment - bat_ExpoComm_5M_43 - my_run - INFO - Estimated time left: 4 hours, 47 minutes, 51 seconds. Time passed: 5 hours, 40 minutes, 11 seconds
2026-04-10 02:41:07,886 - my_experiment - bat_ExpoComm_5M_43 - my_run - INFO - Recent Stats | t_env:    2800191 | Episode:    14001
blue_team_alives_mean:    13.8480	blue_team_win_mean:        0.0080	ep_length_mean:          200.0000	episode_length_mean:     199.0000
epsilon:                   0.0500	grad_norm:               1219459.8844	info_nce_loss:             0.3953	loss:                    5949.5905
q_loss:                  5408.7185	q_taken_mean:            116.5843	red_team_alives_mean:     19.8960	red_team_win_mean:         0.9880
return_mean:              -0.3868	return_std:                0.5475	target_mean:             117.5622	td_error_abs:             44.4495
test_blue_team_alives_mean: 16.2000	test_blue_team_win_mean:   0.0000	test_ep_length_mean:     200.0000	test_episode_length_mean:199.0000
test_red_team_alives_mean: 20.0000	test_red_team_win_mean:    0.6000	test_return_mean:         -0.5620	test_return_std:           0.0000

2026-04-10 02:41:09,387 - my_experiment - bat_ExpoComm_5M_43 - my_run - INFO - t_env: 2800391 / 5050000
2026-04-10 02:41:09,388 - my_experiment - bat_ExpoComm_5M_43 - my_run - INFO - Estimated time left: 4 hours, 42 minutes, 5 seconds. Time passed: 5 hours, 46 minutes, 27 seconds
2026-04-10 02:47:24,097 - my_experiment - bat_ExpoComm_5M_43 - my_run - INFO - Recent Stats | t_env:    2850191 | Episode:    14251
blue_team_alives_mean:    13.3600	blue_team_win_mean:        0.0040	ep_length_mean:          200.0000	episode_length_mean:     199.0000
epsilon:                   0.0500	grad_norm:               573951.0906	info_nce_loss:             0.4981	loss:                    2953.1709
q_loss:                  2684.7012	q_taken_mean:            114.8318	red_team_alives_mean:     19.8880	red_team_win_mean:         0.9920
return_mean:              -0.4518	return_std:                0.4873	target_mean:             115.2902	td_error_abs:             33.3995
test_blue_team_alives_mean: 14.8000	test_blue_team_win_mean:   0.0000	test_ep_length_mean:     200.0000	test_episode_length_mean:199.0000
test_red_team_alives_mean: 20.0000	test_red_team_win_mean:    0.8000	test_return_mean:         -0.3380	test_return_std:           0.0000

2026-04-10 02:47:25,589 - my_experiment - bat_ExpoComm_5M_43 - my_run - INFO - t_env: 2850391 / 5050000
2026-04-10 02:47:25,590 - my_experiment - bat_ExpoComm_5M_43 - my_run - INFO - Estimated time left: 4 hours, 35 minutes, 49 seconds. Time passed: 5 hours, 52 minutes, 44 seconds
2026-04-10 02:53:40,967 - my_experiment - bat_ExpoComm_5M_43 - my_run - INFO - Recent Stats | t_env:    2900191 | Episode:    14501
blue_team_alives_mean:    12.2160	blue_team_win_mean:        0.0120	ep_length_mean:          200.0000	episode_length_mean:     199.0000
epsilon:                   0.0500	grad_norm:               602282.3375	info_nce_loss:             0.3441	loss:                    2957.5956
q_loss:                  2688.7236	q_taken_mean:            117.4007	red_team_alives_mean:     19.8760	red_team_win_mean:         0.9880
return_mean:              -0.5283	return_std:                0.5568	target_mean:             117.8672	td_error_abs:             36.3225
test_blue_team_alives_mean: 13.4000	test_blue_team_win_mean:   0.0000	test_ep_length_mean:     200.0000	test_episode_length_mean:199.0000
test_red_team_alives_mean: 20.0000	test_red_team_win_mean:    1.0000	test_return_mean:         -0.3400	test_return_std:           0.0000

2026-04-10 02:53:42,471 - my_experiment - bat_ExpoComm_5M_43 - my_run - INFO - t_env: 2900391 / 5050000
2026-04-10 02:53:42,472 - my_experiment - bat_ExpoComm_5M_43 - my_run - INFO - Estimated time left: 4 hours, 30 minutes, 2 seconds. Time passed: 5 hours, 59 minutes, 1 seconds
2026-04-10 03:00:15,489 - my_experiment - bat_ExpoComm_5M_43 - my_run - INFO - Recent Stats | t_env:    2950191 | Episode:    14751
blue_team_alives_mean:    11.9000	blue_team_win_mean:        0.0160	ep_length_mean:          200.0000	episode_length_mean:     199.0000
epsilon:                   0.0500	grad_norm:               778366.0469	info_nce_loss:             0.6566	loss:                    5133.8388
q_loss:                  4667.1262	q_taken_mean:            118.5419	red_team_alives_mean:     19.8200	red_team_win_mean:         0.9840
return_mean:              -0.6884	return_std:                0.6293	target_mean:             117.8561	td_error_abs:             46.0268
test_blue_team_alives_mean: 12.8000	test_blue_team_win_mean:   0.0000	test_ep_length_mean:     200.0000	test_episode_length_mean:199.0000
test_red_team_alives_mean: 20.0000	test_red_team_win_mean:    1.0000	test_return_mean:         -0.3060	test_return_std:           0.0000

2026-04-10 03:00:17,129 - my_experiment - bat_ExpoComm_5M_43 - my_run - INFO - t_env: 2950391 / 5050000
2026-04-10 03:00:17,130 - my_experiment - bat_ExpoComm_5M_43 - my_run - INFO - Estimated time left: 4 hours, 36 minutes, 12 seconds. Time passed: 6 hours, 5 minutes, 35 seconds
2026-04-10 03:07:08,683 - my_experiment - bat_ExpoComm_5M_43 - my_run - INFO - Recent Stats | t_env:    3000191 | Episode:    15001
blue_team_alives_mean:    11.7480	blue_team_win_mean:        0.0000	ep_length_mean:          200.0000	episode_length_mean:     199.0000
epsilon:                   0.0500	grad_norm:               498509.5891	info_nce_loss:             0.3542	loss:                    3407.2459
q_loss:                  3097.4974	q_taken_mean:            119.9218	red_team_alives_mean:     19.8080	red_team_win_mean:         1.0000
return_mean:              -0.2321	return_std:                0.5794	target_mean:             119.3336	td_error_abs:             37.3183
test_blue_team_alives_mean: 12.0000	test_blue_team_win_mean:   0.0000	test_ep_length_mean:     200.0000	test_episode_length_mean:199.0000
test_red_team_alives_mean: 20.0000	test_red_team_win_mean:    1.0000	test_return_mean:         -0.0880	test_return_std:           0.0000

2026-04-10 03:07:10,341 - my_experiment - bat_ExpoComm_5M_43 - my_run - INFO - t_env: 3000391 / 5050000
2026-04-10 03:07:10,342 - my_experiment - bat_ExpoComm_5M_43 - my_run - INFO - Estimated time left: 4 hours, 42 minutes, 18 seconds. Time passed: 6 hours, 12 minutes, 28 seconds
2026-04-10 03:07:11,288 - my_experiment - bat_ExpoComm_5M_43 - my_run - INFO - Saving models to work_dirs/my_experiment/bat_ExpoComm_5M_43/my_run/20260409_205435/models/3000391
2026-04-10 03:14:02,414 - my_experiment - bat_ExpoComm_5M_43 - my_run - INFO - Recent Stats | t_env:    3050191 | Episode:    15251
blue_team_alives_mean:    11.9440	blue_team_win_mean:        0.0040	ep_length_mean:          200.0000	episode_length_mean:     199.0000
epsilon:                   0.0500	grad_norm:               871395.7219	info_nce_loss:             0.4948	loss:                    4430.2833
q_loss:                  4027.5302	q_taken_mean:            117.9839	red_team_alives_mean:     19.8120	red_team_win_mean:         0.9840
return_mean:              -0.1742	return_std:                0.5599	target_mean:             118.2745	td_error_abs:             42.4407
test_blue_team_alives_mean: 12.0000	test_blue_team_win_mean:   0.0000	test_ep_length_mean:     200.0000	test_episode_length_mean:199.0000
test_red_team_alives_mean: 20.0000	test_red_team_win_mean:    1.0000	test_return_mean:         -0.2280	test_return_std:           0.0000

2026-04-10 03:14:04,080 - my_experiment - bat_ExpoComm_5M_43 - my_run - INFO - t_env: 3050391 / 5050000
2026-04-10 03:14:04,081 - my_experiment - bat_ExpoComm_5M_43 - my_run - INFO - Estimated time left: 4 hours, 35 minutes, 46 seconds. Time passed: 6 hours, 19 minutes, 22 seconds
2026-04-10 03:21:05,473 - my_experiment - bat_ExpoComm_5M_43 - my_run - INFO - Recent Stats | t_env:    3100191 | Episode:    15501
blue_team_alives_mean:    11.5600	blue_team_win_mean:        0.0080	ep_length_mean:          200.0000	episode_length_mean:     199.0000
epsilon:                   0.0500	grad_norm:               446590.6500	info_nce_loss:             0.2091	loss:                    2544.2963
q_loss:                  2312.9967	q_taken_mean:            112.0592	red_team_alives_mean:     19.7000	red_team_win_mean:         0.9920
return_mean:              -0.0730	return_std:                0.6069	target_mean:             111.9513	td_error_abs:             31.2274
test_blue_team_alives_mean: 12.0000	test_blue_team_win_mean:   0.0000	test_ep_length_mean:     200.0000	test_episode_length_mean:199.0000
test_red_team_alives_mean: 19.8000	test_red_team_win_mean:    1.0000	test_return_mean:         -0.2982	test_return_std:           0.0000

2026-04-10 03:21:07,220 - my_experiment - bat_ExpoComm_5M_43 - my_run - INFO - t_env: 3100391 / 5050000
2026-04-10 03:21:07,221 - my_experiment - bat_ExpoComm_5M_43 - my_run - INFO - Estimated time left: 4 hours, 34 minutes, 59 seconds. Time passed: 6 hours, 26 minutes, 25 seconds
2026-04-10 03:28:14,220 - my_experiment - bat_ExpoComm_5M_43 - my_run - INFO - Recent Stats | t_env:    3150191 | Episode:    15751
blue_team_alives_mean:    12.2200	blue_team_win_mean:        0.0040	ep_length_mean:          200.0000	episode_length_mean:     199.0000
epsilon:                   0.0500	grad_norm:               476891.3344	info_nce_loss:             0.4139	loss:                    2981.7006
q_loss:                  2710.6369	q_taken_mean:            110.8043	red_team_alives_mean:     19.8200	red_team_win_mean:         0.9920
return_mean:              -0.0801	return_std:                0.5219	target_mean:             110.8516	td_error_abs:             33.1435
test_blue_team_alives_mean: 11.4000	test_blue_team_win_mean:   0.0000	test_ep_length_mean:     200.0000	test_episode_length_mean:199.0000
test_red_team_alives_mean: 19.8000	test_red_team_win_mean:    1.0000	test_return_mean:          0.0868	test_return_std:           0.0000

2026-04-10 03:28:15,949 - my_experiment - bat_ExpoComm_5M_43 - my_run - INFO - t_env: 3150391 / 5050000
2026-04-10 03:28:15,950 - my_experiment - bat_ExpoComm_5M_43 - my_run - INFO - Estimated time left: 4 hours, 31 minutes, 28 seconds. Time passed: 6 hours, 33 minutes, 34 seconds
2026-04-10 03:35:21,387 - my_experiment - bat_ExpoComm_5M_43 - my_run - INFO - Recent Stats | t_env:    3200191 | Episode:    16001
blue_team_alives_mean:    11.7800	blue_team_win_mean:        0.0040	ep_length_mean:          200.0000	episode_length_mean:     199.0000
epsilon:                   0.0500	grad_norm:               523316.0219	info_nce_loss:             0.5079	loss:                    4600.8505
q_loss:                  4182.5914	q_taken_mean:            107.6983	red_team_alives_mean:     19.7560	red_team_win_mean:         0.9760
return_mean:              -0.2369	return_std:                0.5365	target_mean:             107.1518	td_error_abs:             36.6304
test_blue_team_alives_mean: 11.2000	test_blue_team_win_mean:   0.0000	test_ep_length_mean:     200.0000	test_episode_length_mean:199.0000
test_red_team_alives_mean: 19.8000	test_red_team_win_mean:    1.0000	test_return_mean:          0.1328	test_return_std:           0.0000

2026-04-10 03:35:23,109 - my_experiment - bat_ExpoComm_5M_43 - my_run - INFO - t_env: 3200391 / 5050000
2026-04-10 03:35:23,110 - my_experiment - bat_ExpoComm_5M_43 - my_run - INFO - Estimated time left: 4 hours, 23 minutes, 21 seconds. Time passed: 6 hours, 40 minutes, 41 seconds
2026-04-10 03:42:30,244 - my_experiment - bat_ExpoComm_5M_43 - my_run - INFO - Recent Stats | t_env:    3250191 | Episode:    16251
blue_team_alives_mean:    11.6680	blue_team_win_mean:        0.0000	ep_length_mean:          200.0000	episode_length_mean:     199.0000
epsilon:                   0.0500	grad_norm:               399821.4750	info_nce_loss:             0.3451	loss:                    2866.9708
q_loss:                  2606.3371	q_taken_mean:            107.0234	red_team_alives_mean:     19.8840	red_team_win_mean:         1.0000
return_mean:              -0.2892	return_std:                0.5770	target_mean:             106.9354	td_error_abs:             34.5066
test_blue_team_alives_mean: 11.2000	test_blue_team_win_mean:   0.0000	test_ep_length_mean:     200.0000	test_episode_length_mean:199.0000
test_red_team_alives_mean: 19.8000	test_red_team_win_mean:    1.0000	test_return_mean:          0.1338	test_return_std:           0.0000

2026-04-10 03:42:31,950 - my_experiment - bat_ExpoComm_5M_43 - my_run - INFO - t_env: 3250391 / 5050000
2026-04-10 03:42:31,951 - my_experiment - bat_ExpoComm_5M_43 - my_run - INFO - Estimated time left: 4 hours, 17 minutes, 14 seconds. Time passed: 6 hours, 47 minutes, 50 seconds
2026-04-10 03:49:38,902 - my_experiment - bat_ExpoComm_5M_43 - my_run - INFO - Recent Stats | t_env:    3300191 | Episode:    16501
blue_team_alives_mean:    11.7600	blue_team_win_mean:        0.0080	ep_length_mean:          200.0000	episode_length_mean:     199.0000
epsilon:                   0.0500	grad_norm:               422274.8063	info_nce_loss:             0.3655	loss:                    2586.4907
q_loss:                  2351.3552	q_taken_mean:            105.4159	red_team_alives_mean:     19.7840	red_team_win_mean:         0.9920
return_mean:              -0.2898	return_std:                0.6152	target_mean:             106.0794	td_error_abs:             34.4109
test_blue_team_alives_mean: 11.6000	test_blue_team_win_mean:   0.0000	test_ep_length_mean:     200.0000	test_episode_length_mean:199.0000
test_red_team_alives_mean: 19.8000	test_red_team_win_mean:    1.0000	test_return_mean:          0.2098	test_return_std:           0.0000

2026-04-10 03:49:40,561 - my_experiment - bat_ExpoComm_5M_43 - my_run - INFO - t_env: 3300391 / 5050000
2026-04-10 03:49:40,562 - my_experiment - bat_ExpoComm_5M_43 - my_run - INFO - Estimated time left: 4 hours, 9 minutes, 58 seconds. Time passed: 6 hours, 54 minutes, 59 seconds
2026-04-10 03:56:42,806 - my_experiment - bat_ExpoComm_5M_43 - my_run - INFO - Recent Stats | t_env:    3350191 | Episode:    16751
blue_team_alives_mean:    11.7480	blue_team_win_mean:        0.0040	ep_length_mean:          200.0000	episode_length_mean:     199.0000
epsilon:                   0.0500	grad_norm:               463340.5469	info_nce_loss:             0.2384	loss:                    2364.0462
q_loss:                  2149.1329	q_taken_mean:            103.9141	red_team_alives_mean:     19.7480	red_team_win_mean:         0.9840
return_mean:              -0.1599	return_std:                0.5593	target_mean:             104.2822	td_error_abs:             30.0960
test_blue_team_alives_mean: 11.2000	test_blue_team_win_mean:   0.0000	test_ep_length_mean:     200.0000	test_episode_length_mean:199.0000
test_red_team_alives_mean: 20.0000	test_red_team_win_mean:    1.0000	test_return_mean:          0.3320	test_return_std:           0.0000

2026-04-10 03:56:44,528 - my_experiment - bat_ExpoComm_5M_43 - my_run - INFO - t_env: 3350391 / 5050000
2026-04-10 03:56:44,529 - my_experiment - bat_ExpoComm_5M_43 - my_run - INFO - Estimated time left: 4 hours, 11 seconds. Time passed: 7 hours, 2 minutes, 3 seconds
2026-04-10 04:03:49,139 - my_experiment - bat_ExpoComm_5M_43 - my_run - INFO - Recent Stats | t_env:    3400191 | Episode:    17001
blue_team_alives_mean:    11.4400	blue_team_win_mean:        0.0040	ep_length_mean:          200.0000	episode_length_mean:     199.0000
epsilon:                   0.0500	grad_norm:               379798.3641	info_nce_loss:             0.6821	loss:                    2187.4170
q_loss:                  1988.5609	q_taken_mean:            103.2574	red_team_alives_mean:     19.8840	red_team_win_mean:         0.9920
return_mean:              -0.0274	return_std:                0.5627	target_mean:             102.8028	td_error_abs:             31.1747
test_blue_team_alives_mean: 11.6000	test_blue_team_win_mean:   0.0000	test_ep_length_mean:     200.0000	test_episode_length_mean:199.0000
test_red_team_alives_mean: 20.0000	test_red_team_win_mean:    1.0000	test_return_mean:          0.1700	test_return_std:           0.0000

2026-04-10 04:03:50,826 - my_experiment - bat_ExpoComm_5M_43 - my_run - INFO - t_env: 3400391 / 5050000
2026-04-10 04:03:50,827 - my_experiment - bat_ExpoComm_5M_43 - my_run - INFO - Estimated time left: 3 hours, 54 minutes, 24 seconds. Time passed: 7 hours, 9 minutes, 9 seconds
2026-04-10 04:10:55,466 - my_experiment - bat_ExpoComm_5M_43 - my_run - INFO - Recent Stats | t_env:    3450191 | Episode:    17251
blue_team_alives_mean:    11.8160	blue_team_win_mean:        0.0040	ep_length_mean:          200.0000	episode_length_mean:     199.0000
epsilon:                   0.0500	grad_norm:               313634.3125	info_nce_loss:             0.3336	loss:                    2739.7979
q_loss:                  2490.7253	q_taken_mean:             99.6618	red_team_alives_mean:     19.8600	red_team_win_mean:         0.9960
return_mean:              -0.4121	return_std:                0.6476	target_mean:             100.6578	td_error_abs:             36.6845
test_blue_team_alives_mean: 11.8000	test_blue_team_win_mean:   0.0000	test_ep_length_mean:     200.0000	test_episode_length_mean:199.0000
test_red_team_alives_mean: 20.0000	test_red_team_win_mean:    1.0000	test_return_mean:          0.1150	test_return_std:           0.0000

2026-04-10 04:10:57,163 - my_experiment - bat_ExpoComm_5M_43 - my_run - INFO - t_env: 3450391 / 5050000
2026-04-10 04:10:57,164 - my_experiment - bat_ExpoComm_5M_43 - my_run - INFO - Estimated time left: 3 hours, 47 minutes, 19 seconds. Time passed: 7 hours, 16 minutes, 15 seconds
2026-04-10 04:18:02,481 - my_experiment - bat_ExpoComm_5M_43 - my_run - INFO - Recent Stats | t_env:    3500191 | Episode:    17501
blue_team_alives_mean:    11.1480	blue_team_win_mean:        0.0040	ep_length_mean:          200.0000	episode_length_mean:     199.0000
epsilon:                   0.0500	grad_norm:               212330.0578	info_nce_loss:             0.3406	loss:                    1564.1391
q_loss:                  1421.9446	q_taken_mean:             97.6802	red_team_alives_mean:     19.6880	red_team_win_mean:         0.9960
return_mean:              -0.1979	return_std:                0.5606	target_mean:              97.6727	td_error_abs:             24.9428
test_blue_team_alives_mean: 12.4000	test_blue_team_win_mean:   0.0000	test_ep_length_mean:     200.0000	test_episode_length_mean:199.0000
test_red_team_alives_mean: 20.0000	test_red_team_win_mean:    1.0000	test_return_mean:         -0.1440	test_return_std:           0.0000

2026-04-10 04:18:04,196 - my_experiment - bat_ExpoComm_5M_43 - my_run - INFO - t_env: 3500391 / 5050000
2026-04-10 04:18:04,197 - my_experiment - bat_ExpoComm_5M_43 - my_run - INFO - Estimated time left: 3 hours, 40 minutes, 34 seconds. Time passed: 7 hours, 23 minutes, 22 seconds
2026-04-10 04:18:05,133 - my_experiment - bat_ExpoComm_5M_43 - my_run - INFO - Saving models to work_dirs/my_experiment/bat_ExpoComm_5M_43/my_run/20260409_205435/models/3500391
2026-04-10 04:25:15,289 - my_experiment - bat_ExpoComm_5M_43 - my_run - INFO - Recent Stats | t_env:    3550191 | Episode:    17751
blue_team_alives_mean:    11.1760	blue_team_win_mean:        0.0000	ep_length_mean:          200.0000	episode_length_mean:     199.0000
epsilon:                   0.0500	grad_norm:               277192.6781	info_nce_loss:             0.3381	loss:                    2270.2220
q_loss:                  2063.8383	q_taken_mean:             94.7727	red_team_alives_mean:     19.7840	red_team_win_mean:         0.9960
return_mean:              -0.0532	return_std:                0.5457	target_mean:              95.2881	td_error_abs:             32.4284
test_blue_team_alives_mean: 11.8000	test_blue_team_win_mean:   0.0000	test_ep_length_mean:     200.0000	test_episode_length_mean:199.0000
test_red_team_alives_mean: 20.0000	test_red_team_win_mean:    1.0000	test_return_mean:          0.0450	test_return_std:           0.0000

2026-04-10 04:25:17,116 - my_experiment - bat_ExpoComm_5M_43 - my_run - INFO - t_env: 3550391 / 5050000
2026-04-10 04:25:17,117 - my_experiment - bat_ExpoComm_5M_43 - my_run - INFO - Estimated time left: 3 hours, 36 minutes, 24 seconds. Time passed: 7 hours, 30 minutes, 35 seconds
2026-04-10 04:32:35,215 - my_experiment - bat_ExpoComm_5M_43 - my_run - INFO - Recent Stats | t_env:    3600191 | Episode:    18001
blue_team_alives_mean:    10.2400	blue_team_win_mean:        0.0040	ep_length_mean:          200.0000	episode_length_mean:     199.0000
epsilon:                   0.0500	grad_norm:               229331.6035	info_nce_loss:             0.2666	loss:                    1674.4819
q_loss:                  1522.2576	q_taken_mean:             94.8613	red_team_alives_mean:     19.5800	red_team_win_mean:         0.9920
return_mean:              -0.1616	return_std:                0.5615	target_mean:              94.6062	td_error_abs:             26.3071
test_blue_team_alives_mean: 11.8000	test_blue_team_win_mean:   0.0000	test_ep_length_mean:     200.0000	test_episode_length_mean:199.0000
test_red_team_alives_mean: 20.0000	test_red_team_win_mean:    1.0000	test_return_mean:         -0.0580	test_return_std:           0.0000

2026-04-10 04:32:36,982 - my_experiment - bat_ExpoComm_5M_43 - my_run - INFO - t_env: 3600391 / 5050000
2026-04-10 04:32:36,983 - my_experiment - bat_ExpoComm_5M_43 - my_run - INFO - Estimated time left: 3 hours, 32 minutes, 32 seconds. Time passed: 7 hours, 37 minutes, 55 seconds
2026-04-10 04:39:55,697 - my_experiment - bat_ExpoComm_5M_43 - my_run - INFO - Recent Stats | t_env:    3650191 | Episode:    18251
blue_team_alives_mean:    10.4480	blue_team_win_mean:        0.0000	ep_length_mean:          200.0000	episode_length_mean:     199.0000
epsilon:                   0.0500	grad_norm:               329911.0719	info_nce_loss:             0.2448	loss:                    2131.0082
q_loss:                  1937.2802	q_taken_mean:             93.7643	red_team_alives_mean:     19.9440	red_team_win_mean:         1.0000
return_mean:               0.2487	return_std:                0.4794	target_mean:              93.9066	td_error_abs:             30.4655
test_blue_team_alives_mean: 11.8000	test_blue_team_win_mean:   0.0000	test_ep_length_mean:     200.0000	test_episode_length_mean:199.0000
test_red_team_alives_mean: 20.0000	test_red_team_win_mean:    1.0000	test_return_mean:         -0.0670	test_return_std:           0.0000

2026-04-10 04:39:57,446 - my_experiment - bat_ExpoComm_5M_43 - my_run - INFO - t_env: 3650391 / 5050000
2026-04-10 04:39:57,447 - my_experiment - bat_ExpoComm_5M_43 - my_run - INFO - Estimated time left: 3 hours, 25 minutes, 29 seconds. Time passed: 7 hours, 45 minutes, 16 seconds
2026-04-10 04:47:12,453 - my_experiment - bat_ExpoComm_5M_43 - my_run - INFO - Recent Stats | t_env:    3700191 | Episode:    18501
blue_team_alives_mean:    10.5840	blue_team_win_mean:        0.0040	ep_length_mean:          200.0000	episode_length_mean:     199.0000
epsilon:                   0.0500	grad_norm:               224826.0187	info_nce_loss:             0.1910	loss:                    1747.0368
q_loss:                  1588.2156	q_taken_mean:             91.3856	red_team_alives_mean:     19.9320	red_team_win_mean:         0.9960
return_mean:               0.2337	return_std:                0.5169	target_mean:              91.7040	td_error_abs:             25.2938
test_blue_team_alives_mean: 11.4000	test_blue_team_win_mean:   0.0000	test_ep_length_mean:     200.0000	test_episode_length_mean:199.0000
test_red_team_alives_mean: 20.0000	test_red_team_win_mean:    1.0000	test_return_mean:          0.0050	test_return_std:           0.0000

2026-04-10 04:47:14,208 - my_experiment - bat_ExpoComm_5M_43 - my_run - INFO - t_env: 3700391 / 5050000
2026-04-10 04:47:14,209 - my_experiment - bat_ExpoComm_5M_43 - my_run - INFO - Estimated time left: 3 hours, 16 minutes, 29 seconds. Time passed: 7 hours, 52 minutes, 32 seconds
2026-04-10 04:54:29,591 - my_experiment - bat_ExpoComm_5M_43 - my_run - INFO - Recent Stats | t_env:    3750191 | Episode:    18751
blue_team_alives_mean:    11.0560	blue_team_win_mean:        0.0040	ep_length_mean:          200.0000	episode_length_mean:     199.0000
epsilon:                   0.0500	grad_norm:               191522.5875	info_nce_loss:             0.4859	loss:                    1537.3390
q_loss:                  1397.5809	q_taken_mean:             88.9470	red_team_alives_mean:     19.8560	red_team_win_mean:         0.9880
return_mean:               0.2593	return_std:                0.5579	target_mean:              88.9038	td_error_abs:             25.4361
test_blue_team_alives_mean: 10.2000	test_blue_team_win_mean:   0.0000	test_ep_length_mean:     200.0000	test_episode_length_mean:199.0000
test_red_team_alives_mean: 20.0000	test_red_team_win_mean:    1.0000	test_return_mean:          0.4080	test_return_std:           0.0000

2026-04-10 04:54:31,304 - my_experiment - bat_ExpoComm_5M_43 - my_run - INFO - t_env: 3750391 / 5050000
2026-04-10 04:54:31,305 - my_experiment - bat_ExpoComm_5M_43 - my_run - INFO - Estimated time left: 3 hours, 9 minutes, 21 seconds. Time passed: 7 hours, 59 minutes, 49 seconds
2026-04-10 05:01:45,662 - my_experiment - bat_ExpoComm_5M_43 - my_run - INFO - Recent Stats | t_env:    3800191 | Episode:    19001
blue_team_alives_mean:    10.6440	blue_team_win_mean:        0.0000	ep_length_mean:          200.0000	episode_length_mean:     199.0000
epsilon:                   0.0500	grad_norm:               183441.3844	info_nce_loss:             0.3910	loss:                    1614.3876
q_loss:                  1467.6251	q_taken_mean:             87.6347	red_team_alives_mean:     19.8320	red_team_win_mean:         0.9960
return_mean:               0.3286	return_std:                0.5539	target_mean:              87.6466	td_error_abs:             25.2332
test_blue_team_alives_mean: 10.0000	test_blue_team_win_mean:   0.0000	test_ep_length_mean:     200.0000	test_episode_length_mean:199.0000
test_red_team_alives_mean: 20.0000	test_red_team_win_mean:    1.0000	test_return_mean:          0.3940	test_return_std:           0.0000

2026-04-10 05:01:47,439 - my_experiment - bat_ExpoComm_5M_43 - my_run - INFO - t_env: 3800391 / 5050000
2026-04-10 05:01:47,440 - my_experiment - bat_ExpoComm_5M_43 - my_run - INFO - Estimated time left: 3 hours, 1 minutes, 39 seconds. Time passed: 8 hours, 7 minutes, 6 seconds
2026-04-10 05:09:02,969 - my_experiment - bat_ExpoComm_5M_43 - my_run - INFO - Recent Stats | t_env:    3850191 | Episode:    19251
blue_team_alives_mean:     9.6200	blue_team_win_mean:        0.0000	ep_length_mean:          200.0000	episode_length_mean:     199.0000
epsilon:                   0.0500	grad_norm:               292652.9406	info_nce_loss:             0.3427	loss:                    2340.2412
q_loss:                  2127.4920	q_taken_mean:             85.7542	red_team_alives_mean:     19.8160	red_team_win_mean:         1.0000
return_mean:               0.3971	return_std:                0.6652	target_mean:              85.4875	td_error_abs:             32.2886
test_blue_team_alives_mean:  9.6000	test_blue_team_win_mean:   0.0000	test_ep_length_mean:     200.0000	test_episode_length_mean:199.0000
test_red_team_alives_mean: 20.0000	test_red_team_win_mean:    1.0000	test_return_mean:          0.6930	test_return_std:           0.0000

2026-04-10 05:09:04,715 - my_experiment - bat_ExpoComm_5M_43 - my_run - INFO - t_env: 3850391 / 5050000
2026-04-10 05:09:04,716 - my_experiment - bat_ExpoComm_5M_43 - my_run - INFO - Estimated time left: 2 hours, 54 minutes, 51 seconds. Time passed: 8 hours, 14 minutes, 23 seconds
2026-04-10 05:16:19,063 - my_experiment - bat_ExpoComm_5M_43 - my_run - INFO - Recent Stats | t_env:    3900191 | Episode:    19501
blue_team_alives_mean:     9.2560	blue_team_win_mean:        0.0040	ep_length_mean:          200.0000	episode_length_mean:     199.0000
epsilon:                   0.0500	grad_norm:               154883.5219	info_nce_loss:             0.1841	loss:                    1323.7451
q_loss:                  1203.4047	q_taken_mean:             84.6339	red_team_alives_mean:     19.8800	red_team_win_mean:         0.9960
return_mean:               0.4842	return_std:                0.5902	target_mean:              84.7691	td_error_abs:             23.6316
test_blue_team_alives_mean:  8.4000	test_blue_team_win_mean:   0.0000	test_ep_length_mean:     200.0000	test_episode_length_mean:199.0000
test_red_team_alives_mean: 20.0000	test_red_team_win_mean:    1.0000	test_return_mean:          0.9520	test_return_std:           0.0000

2026-04-10 05:16:20,804 - my_experiment - bat_ExpoComm_5M_43 - my_run - INFO - t_env: 3900391 / 5050000
2026-04-10 05:16:20,805 - my_experiment - bat_ExpoComm_5M_43 - my_run - INFO - Estimated time left: 2 hours, 47 minutes, 6 seconds. Time passed: 8 hours, 21 minutes, 39 seconds
2026-04-10 05:23:34,400 - my_experiment - bat_ExpoComm_5M_43 - my_run - INFO - Recent Stats | t_env:    3950191 | Episode:    19751
blue_team_alives_mean:     8.6880	blue_team_win_mean:        0.0000	ep_length_mean:          200.0000	episode_length_mean:     199.0000
epsilon:                   0.0500	grad_norm:               120233.4656	info_nce_loss:             0.2615	loss:                    1137.0552
q_loss:                  1033.6866	q_taken_mean:             84.6788	red_team_alives_mean:     19.9160	red_team_win_mean:         1.0000
return_mean:               0.4575	return_std:                0.5714	target_mean:              84.4261	td_error_abs:             20.3635
test_blue_team_alives_mean:  8.6000	test_blue_team_win_mean:   0.0000	test_ep_length_mean:     200.0000	test_episode_length_mean:199.0000
test_red_team_alives_mean: 20.0000	test_red_team_win_mean:    1.0000	test_return_mean:          0.9940	test_return_std:           0.0000

2026-04-10 05:23:36,150 - my_experiment - bat_ExpoComm_5M_43 - my_run - INFO - t_env: 3950391 / 5050000
2026-04-10 05:23:36,151 - my_experiment - bat_ExpoComm_5M_43 - my_run - INFO - Estimated time left: 2 hours, 39 minutes, 34 seconds. Time passed: 8 hours, 28 minutes, 54 seconds
2026-04-10 05:30:49,633 - my_experiment - bat_ExpoComm_5M_43 - my_run - INFO - Recent Stats | t_env:    4000191 | Episode:    20001
blue_team_alives_mean:     8.8400	blue_team_win_mean:        0.0000	ep_length_mean:          200.0000	episode_length_mean:     199.0000
epsilon:                   0.0500	grad_norm:               173171.1063	info_nce_loss:             0.3104	loss:                    1314.2692
q_loss:                  1194.7902	q_taken_mean:             82.2346	red_team_alives_mean:     19.8760	red_team_win_mean:         1.0000
return_mean:               0.4417	return_std:                0.5392	target_mean:              82.4674	td_error_abs:             22.1672
test_blue_team_alives_mean:  8.2000	test_blue_team_win_mean:   0.0000	test_ep_length_mean:     200.0000	test_episode_length_mean:199.0000
test_red_team_alives_mean: 20.0000	test_red_team_win_mean:    1.0000	test_return_mean:          0.9890	test_return_std:           0.0000

2026-04-10 05:30:51,384 - my_experiment - bat_ExpoComm_5M_43 - my_run - INFO - t_env: 4000391 / 5050000
2026-04-10 05:30:51,385 - my_experiment - bat_ExpoComm_5M_43 - my_run - INFO - Estimated time left: 2 hours, 32 minutes, 16 seconds. Time passed: 8 hours, 36 minutes, 9 seconds
2026-04-10 05:30:52,348 - my_experiment - bat_ExpoComm_5M_43 - my_run - INFO - Saving models to work_dirs/my_experiment/bat_ExpoComm_5M_43/my_run/20260409_205435/models/4000391
2026-04-10 05:38:06,168 - my_experiment - bat_ExpoComm_5M_43 - my_run - INFO - Recent Stats | t_env:    4050191 | Episode:    20251
blue_team_alives_mean:     8.7320	blue_team_win_mean:        0.0000	ep_length_mean:          200.0000	episode_length_mean:     199.0000
epsilon:                   0.0500	grad_norm:               155600.6234	info_nce_loss:             0.1354	loss:                    1302.9647
q_loss:                  1184.5134	q_taken_mean:             82.9687	red_team_alives_mean:     19.8440	red_team_win_mean:         1.0000
return_mean:               0.4758	return_std:                0.5698	target_mean:              82.7998	td_error_abs:             22.6372
test_blue_team_alives_mean:  7.0000	test_blue_team_win_mean:   0.0000	test_ep_length_mean:     200.0000	test_episode_length_mean:199.0000
test_red_team_alives_mean: 20.0000	test_red_team_win_mean:    1.0000	test_return_mean:          1.1370	test_return_std:           0.0000

2026-04-10 05:38:07,926 - my_experiment - bat_ExpoComm_5M_43 - my_run - INFO - t_env: 4050391 / 5050000
2026-04-10 05:38:07,927 - my_experiment - bat_ExpoComm_5M_43 - my_run - INFO - Estimated time left: 2 hours, 25 minutes, 27 seconds. Time passed: 8 hours, 43 minutes, 26 seconds
2026-04-10 05:45:23,574 - my_experiment - bat_ExpoComm_5M_43 - my_run - INFO - Recent Stats | t_env:    4100191 | Episode:    20501
blue_team_alives_mean:     9.1120	blue_team_win_mean:        0.0120	ep_length_mean:          200.0000	episode_length_mean:     199.0000
epsilon:                   0.0500	grad_norm:               97676.4945	info_nce_loss:             0.1917	loss:                    1050.4356
q_loss:                  954.9417	q_taken_mean:             80.1778	red_team_alives_mean:     19.7000	red_team_win_mean:         0.9880
return_mean:               0.3892	return_std:                0.6983	target_mean:              80.4634	td_error_abs:             20.5982
test_blue_team_alives_mean:  6.8000	test_blue_team_win_mean:   0.0000	test_ep_length_mean:     200.0000	test_episode_length_mean:199.0000
test_red_team_alives_mean: 20.0000	test_red_team_win_mean:    1.0000	test_return_mean:          1.1240	test_return_std:           0.0000

2026-04-10 05:45:25,333 - my_experiment - bat_ExpoComm_5M_43 - my_run - INFO - t_env: 4100391 / 5050000
2026-04-10 05:45:25,334 - my_experiment - bat_ExpoComm_5M_43 - my_run - INFO - Estimated time left: 2 hours, 18 minutes, 27 seconds. Time passed: 8 hours, 50 minutes, 43 seconds
2026-04-10 05:52:40,646 - my_experiment - bat_ExpoComm_5M_43 - my_run - INFO - Recent Stats | t_env:    4150191 | Episode:    20751
blue_team_alives_mean:     9.0080	blue_team_win_mean:        0.0000	ep_length_mean:          200.0000	episode_length_mean:     199.0000
epsilon:                   0.0500	grad_norm:               139361.5641	info_nce_loss:             0.3619	loss:                    1286.5258
q_loss:                  1169.5698	q_taken_mean:             80.2199	red_team_alives_mean:     19.8000	red_team_win_mean:         0.9960
return_mean:               0.5887	return_std:                0.6289	target_mean:              80.2502	td_error_abs:             22.5703
test_blue_team_alives_mean:  7.8000	test_blue_team_win_mean:   0.0000	test_ep_length_mean:     200.0000	test_episode_length_mean:199.0000
test_red_team_alives_mean: 20.0000	test_red_team_win_mean:    1.0000	test_return_mean:          0.8720	test_return_std:           0.0000

2026-04-10 05:52:42,399 - my_experiment - bat_ExpoComm_5M_43 - my_run - INFO - t_env: 4150391 / 5050000
2026-04-10 05:52:42,401 - my_experiment - bat_ExpoComm_5M_43 - my_run - INFO - Estimated time left: 2 hours, 11 minutes, 3 seconds. Time passed: 8 hours, 58 minutes, 0 seconds
2026-04-10 05:59:57,977 - my_experiment - bat_ExpoComm_5M_43 - my_run - INFO - Recent Stats | t_env:    4200191 | Episode:    21001
blue_team_alives_mean:     7.9160	blue_team_win_mean:        0.0000	ep_length_mean:          200.0000	episode_length_mean:     199.0000
epsilon:                   0.0500	grad_norm:               107472.1766	info_nce_loss:             0.2462	loss:                    1111.0593
q_loss:                  1010.0539	q_taken_mean:             79.5652	red_team_alives_mean:     19.8600	red_team_win_mean:         0.9960
return_mean:               0.6804	return_std:                0.6592	target_mean:              79.3868	td_error_abs:             20.4812
test_blue_team_alives_mean:  7.0000	test_blue_team_win_mean:   0.0000	test_ep_length_mean:     200.0000	test_episode_length_mean:199.0000
test_red_team_alives_mean: 20.0000	test_red_team_win_mean:    1.0000	test_return_mean:          1.0910	test_return_std:           0.0000

2026-04-10 05:59:59,725 - my_experiment - bat_ExpoComm_5M_43 - my_run - INFO - t_env: 4200391 / 5050000
2026-04-10 05:59:59,727 - my_experiment - bat_ExpoComm_5M_43 - my_run - INFO - Estimated time left: 2 hours, 3 minutes, 51 seconds. Time passed: 9 hours, 5 minutes, 18 seconds
2026-04-10 06:07:15,293 - my_experiment - bat_ExpoComm_5M_43 - my_run - INFO - Recent Stats | t_env:    4250191 | Episode:    21251
blue_team_alives_mean:     8.8240	blue_team_win_mean:        0.0000	ep_length_mean:          200.0000	episode_length_mean:     199.0000
epsilon:                   0.0500	grad_norm:               134360.2203	info_nce_loss:             0.1118	loss:                    1257.2183
q_loss:                  1142.9257	q_taken_mean:             78.5675	red_team_alives_mean:     19.7920	red_team_win_mean:         0.9960
return_mean:               0.3314	return_std:                0.8198	target_mean:              78.6562	td_error_abs:             22.7679
test_blue_team_alives_mean:  7.6000	test_blue_team_win_mean:   0.0000	test_ep_length_mean:     200.0000	test_episode_length_mean:199.0000
test_red_team_alives_mean: 20.0000	test_red_team_win_mean:    1.0000	test_return_mean:          1.1000	test_return_std:           0.0000

2026-04-10 06:07:17,028 - my_experiment - bat_ExpoComm_5M_43 - my_run - INFO - t_env: 4250391 / 5050000
2026-04-10 06:07:17,029 - my_experiment - bat_ExpoComm_5M_43 - my_run - INFO - Estimated time left: 1 hours, 56 minutes, 33 seconds. Time passed: 9 hours, 12 minutes, 35 seconds
2026-04-10 06:14:31,265 - my_experiment - bat_ExpoComm_5M_43 - my_run - INFO - Recent Stats | t_env:    4300191 | Episode:    21501
blue_team_alives_mean:     8.7160	blue_team_win_mean:        0.0000	ep_length_mean:          200.0000	episode_length_mean:     199.0000
epsilon:                   0.0500	grad_norm:               128810.9422	info_nce_loss:             0.3055	loss:                    1459.8435
q_loss:                  1327.1304	q_taken_mean:             76.8430	red_team_alives_mean:     19.9360	red_team_win_mean:         1.0000
return_mean:               0.4893	return_std:                0.6809	target_mean:              76.3349	td_error_abs:             25.1823
test_blue_team_alives_mean:  8.4000	test_blue_team_win_mean:   0.0000	test_ep_length_mean:     200.0000	test_episode_length_mean:199.0000
test_red_team_alives_mean: 20.0000	test_red_team_win_mean:    1.0000	test_return_mean:          0.9980	test_return_std:           0.0000

2026-04-10 06:14:33,019 - my_experiment - bat_ExpoComm_5M_43 - my_run - INFO - t_env: 4300391 / 5050000
2026-04-10 06:14:33,021 - my_experiment - bat_ExpoComm_5M_43 - my_run - INFO - Estimated time left: 1 hours, 48 minutes, 56 seconds. Time passed: 9 hours, 19 minutes, 51 seconds
2026-04-10 06:21:52,326 - my_experiment - bat_ExpoComm_5M_43 - my_run - INFO - Recent Stats | t_env:    4350191 | Episode:    21751
blue_team_alives_mean:     8.9120	blue_team_win_mean:        0.0040	ep_length_mean:          200.0000	episode_length_mean:     199.0000
epsilon:                   0.0500	grad_norm:               122104.7219	info_nce_loss:             0.2697	loss:                    1253.3769
q_loss:                  1139.4335	q_taken_mean:             75.9003	red_team_alives_mean:     19.7960	red_team_win_mean:         0.9840
return_mean:               0.6562	return_std:                0.7142	target_mean:              75.8946	td_error_abs:             23.5867
test_blue_team_alives_mean:  8.4000	test_blue_team_win_mean:   0.0000	test_ep_length_mean:     200.0000	test_episode_length_mean:199.0000
test_red_team_alives_mean: 20.0000	test_red_team_win_mean:    1.0000	test_return_mean:          0.9770	test_return_std:           0.0000

2026-04-10 06:21:54,172 - my_experiment - bat_ExpoComm_5M_43 - my_run - INFO - t_env: 4350391 / 5050000
2026-04-10 06:21:54,173 - my_experiment - bat_ExpoComm_5M_43 - my_run - INFO - Estimated time left: 1 hours, 42 minutes, 52 seconds. Time passed: 9 hours, 27 minutes, 12 seconds
2026-04-10 06:29:33,323 - my_experiment - bat_ExpoComm_5M_43 - my_run - INFO - Recent Stats | t_env:    4400191 | Episode:    22001
blue_team_alives_mean:     9.0120	blue_team_win_mean:        0.0080	ep_length_mean:          200.0000	episode_length_mean:     199.0000
epsilon:                   0.0500	grad_norm:               101329.5688	info_nce_loss:             0.1272	loss:                    1143.8850
q_loss:                  1039.8956	q_taken_mean:             74.6429	red_team_alives_mean:     19.8160	red_team_win_mean:         0.9880
return_mean:               0.5388	return_std:                0.7090	target_mean:              74.5696	td_error_abs:             21.8133
test_blue_team_alives_mean:  8.2000	test_blue_team_win_mean:   0.0000	test_ep_length_mean:     200.0000	test_episode_length_mean:199.0000
test_red_team_alives_mean: 20.0000	test_red_team_win_mean:    1.0000	test_return_mean:          1.0350	test_return_std:           0.0000

2026-04-10 06:29:35,195 - my_experiment - bat_ExpoComm_5M_43 - my_run - INFO - t_env: 4400391 / 5050000
2026-04-10 06:29:35,197 - my_experiment - bat_ExpoComm_5M_43 - my_run - INFO - Estimated time left: 1 hours, 39 minutes, 49 seconds. Time passed: 9 hours, 34 minutes, 53 seconds
2026-04-10 06:37:16,381 - my_experiment - bat_ExpoComm_5M_43 - my_run - INFO - Recent Stats | t_env:    4450191 | Episode:    22251
blue_team_alives_mean:     7.8400	blue_team_win_mean:        0.0040	ep_length_mean:          200.0000	episode_length_mean:     199.0000
epsilon:                   0.0500	grad_norm:               96482.9352	info_nce_loss:             0.1331	loss:                    1149.5590
q_loss:                  1045.0537	q_taken_mean:             73.9160	red_team_alives_mean:     19.7920	red_team_win_mean:         0.9960
return_mean:               0.8178	return_std:                0.6366	target_mean:              73.7897	td_error_abs:             21.2426
test_blue_team_alives_mean:  8.8000	test_blue_team_win_mean:   0.0000	test_ep_length_mean:     200.0000	test_episode_length_mean:199.0000
test_red_team_alives_mean: 20.0000	test_red_team_win_mean:    1.0000	test_return_mean:          0.8300	test_return_std:           0.0000

2026-04-10 06:37:18,237 - my_experiment - bat_ExpoComm_5M_43 - my_run - INFO - t_env: 4450391 / 5050000
2026-04-10 06:37:18,238 - my_experiment - bat_ExpoComm_5M_43 - my_run - INFO - Estimated time left: 1 hours, 32 minutes, 32 seconds. Time passed: 9 hours, 42 minutes, 36 seconds
2026-04-10 06:44:59,171 - my_experiment - bat_ExpoComm_5M_43 - my_run - INFO - Recent Stats | t_env:    4500191 | Episode:    22501
blue_team_alives_mean:     8.1640	blue_team_win_mean:        0.0000	ep_length_mean:          200.0000	episode_length_mean:     199.0000
epsilon:                   0.0500	grad_norm:               94510.3266	info_nce_loss:             0.2287	loss:                    1053.9569
q_loss:                  958.1426	q_taken_mean:             72.3003	red_team_alives_mean:     19.8080	red_team_win_mean:         1.0000
return_mean:               0.6742	return_std:                0.6213	target_mean:              72.4767	td_error_abs:             21.7782
test_blue_team_alives_mean:  8.0000	test_blue_team_win_mean:   0.0000	test_ep_length_mean:     200.0000	test_episode_length_mean:199.0000
test_red_team_alives_mean: 20.0000	test_red_team_win_mean:    1.0000	test_return_mean:          0.9060	test_return_std:           0.0000

2026-04-10 06:45:01,028 - my_experiment - bat_ExpoComm_5M_43 - my_run - INFO - t_env: 4500391 / 5050000
2026-04-10 06:45:01,030 - my_experiment - bat_ExpoComm_5M_43 - my_run - INFO - Estimated time left: 1 hours, 24 minutes, 47 seconds. Time passed: 9 hours, 50 minutes, 19 seconds
2026-04-10 06:45:02,052 - my_experiment - bat_ExpoComm_5M_43 - my_run - INFO - Saving models to work_dirs/my_experiment/bat_ExpoComm_5M_43/my_run/20260409_205435/models/4500391
2026-04-10 06:52:50,395 - my_experiment - bat_ExpoComm_5M_43 - my_run - INFO - Recent Stats | t_env:    4550191 | Episode:    22751
blue_team_alives_mean:     9.0720	blue_team_win_mean:        0.0040	ep_length_mean:          200.0000	episode_length_mean:     199.0000
epsilon:                   0.0500	grad_norm:               59546.7277	info_nce_loss:             0.1115	loss:                    898.1430
q_loss:                  816.4938	q_taken_mean:             69.9184	red_team_alives_mean:     19.6840	red_team_win_mean:         0.9880
return_mean:               0.6106	return_std:                0.7427	target_mean:              70.0139	td_error_abs:             19.5888
test_blue_team_alives_mean:  7.6000	test_blue_team_win_mean:   0.0000	test_ep_length_mean:     200.0000	test_episode_length_mean:199.0000
test_red_team_alives_mean: 20.0000	test_red_team_win_mean:    1.0000	test_return_mean:          1.0490	test_return_std:           0.0000

2026-04-10 06:52:52,360 - my_experiment - bat_ExpoComm_5M_43 - my_run - INFO - t_env: 4550391 / 5050000
2026-04-10 06:52:52,361 - my_experiment - bat_ExpoComm_5M_43 - my_run - INFO - Estimated time left: 1 hours, 18 minutes, 29 seconds. Time passed: 9 hours, 58 minutes, 10 seconds
2026-04-10 07:01:01,374 - my_experiment - bat_ExpoComm_5M_43 - my_run - INFO - Recent Stats | t_env:    4600191 | Episode:    23001
blue_team_alives_mean:     9.1040	blue_team_win_mean:        0.0120	ep_length_mean:          200.0000	episode_length_mean:     199.0000
epsilon:                   0.0500	grad_norm:               62233.5687	info_nce_loss:             0.1576	loss:                    963.6276
q_loss:                  876.0251	q_taken_mean:             69.4296	red_team_alives_mean:     19.6680	red_team_win_mean:         0.9840
return_mean:               0.5830	return_std:                0.8078	target_mean:              69.5175	td_error_abs:             19.7491
test_blue_team_alives_mean:  8.2000	test_blue_team_win_mean:   0.0000	test_ep_length_mean:     200.0000	test_episode_length_mean:199.0000
test_red_team_alives_mean: 20.0000	test_red_team_win_mean:    1.0000	test_return_mean:          1.0200	test_return_std:           0.0000

2026-04-10 07:01:03,336 - my_experiment - bat_ExpoComm_5M_43 - my_run - INFO - t_env: 4600391 / 5050000
2026-04-10 07:01:03,337 - my_experiment - bat_ExpoComm_5M_43 - my_run - INFO - Estimated time left: 1 hours, 13 minutes, 34 seconds. Time passed: 10 hours, 6 minutes, 21 seconds
2026-04-10 07:09:12,998 - my_experiment - bat_ExpoComm_5M_43 - my_run - INFO - Recent Stats | t_env:    4650191 | Episode:    23251
blue_team_alives_mean:     9.4280	blue_team_win_mean:        0.0040	ep_length_mean:          200.0000	episode_length_mean:     199.0000
epsilon:                   0.0500	grad_norm:               44710.7205	info_nce_loss:             0.1119	loss:                    937.5591
q_loss:                  852.3265	q_taken_mean:             68.4924	red_team_alives_mean:     19.6440	red_team_win_mean:         0.9840
return_mean:               0.5690	return_std:                0.7920	target_mean:              68.6088	td_error_abs:             18.5619
test_blue_team_alives_mean:  7.2000	test_blue_team_win_mean:   0.0000	test_ep_length_mean:     200.0000	test_episode_length_mean:199.0000
test_red_team_alives_mean: 20.0000	test_red_team_win_mean:    1.0000	test_return_mean:          1.3740	test_return_std:           0.0000

2026-04-10 07:09:14,979 - my_experiment - bat_ExpoComm_5M_43 - my_run - INFO - t_env: 4650391 / 5050000
2026-04-10 07:09:14,981 - my_experiment - bat_ExpoComm_5M_43 - my_run - INFO - Estimated time left: 1 hours, 5 minutes, 29 seconds. Time passed: 10 hours, 14 minutes, 33 seconds
2026-04-10 07:17:26,350 - my_experiment - bat_ExpoComm_5M_43 - my_run - INFO - Recent Stats | t_env:    4700361 | Episode:    23502
blue_team_alives_mean:     8.0794	blue_team_win_mean:        0.0080	ep_length_mean:          199.8863	episode_length_mean:     198.8863
epsilon:                   0.0500	grad_norm:               55391.2422	info_nce_loss:             0.0573	loss:                    978.4171
q_loss:                  889.4701	q_taken_mean:             67.5107	red_team_alives_mean:     19.7765	red_team_win_mean:         0.9880
return_mean:               0.6356	return_std:                0.8684	target_mean:              67.6078	td_error_abs:             20.4408
test_blue_team_alives_mean:  8.4000	test_blue_team_win_mean:   0.0000	test_ep_length_mean:     200.0000	test_episode_length_mean:199.0000
test_red_team_alives_mean: 20.0000	test_red_team_win_mean:    1.0000	test_return_mean:          1.1080	test_return_std:           0.0000

2026-04-10 07:17:28,311 - my_experiment - bat_ExpoComm_5M_43 - my_run - INFO - t_env: 4700561 / 5050000
2026-04-10 07:17:28,312 - my_experiment - bat_ExpoComm_5M_43 - my_run - INFO - Estimated time left: 57 minutes, 16 seconds. Time passed: 10 hours, 22 minutes, 46 seconds
2026-04-10 07:25:36,639 - my_experiment - bat_ExpoComm_5M_43 - my_run - INFO - Recent Stats | t_env:    4750488 | Episode:    23753
blue_team_alives_mean:     7.7081	blue_team_win_mean:        0.0039	ep_length_mean:          199.7098	episode_length_mean:     198.7098
epsilon:                   0.0500	grad_norm:               66895.4656	info_nce_loss:             0.1104	loss:                    1023.5690
q_loss:                  930.5173	q_taken_mean:             67.4667	red_team_alives_mean:     19.8694	red_team_win_mean:         0.9842
return_mean:               0.6233	return_std:                0.9878	target_mean:              67.3828	td_error_abs:             20.4034
test_blue_team_alives_mean:  9.8000	test_blue_team_win_mean:   0.0000	test_ep_length_mean:     200.0000	test_episode_length_mean:199.0000
test_red_team_alives_mean: 20.0000	test_red_team_win_mean:    1.0000	test_return_mean:          0.7780	test_return_std:           0.0000

2026-04-10 07:25:38,652 - my_experiment - bat_ExpoComm_5M_43 - my_run - INFO - t_env: 4750688 / 5050000
2026-04-10 07:25:38,654 - my_experiment - bat_ExpoComm_5M_43 - my_run - INFO - Estimated time left: 48 minutes, 47 seconds. Time passed: 10 hours, 30 minutes, 57 seconds
2026-04-10 07:33:47,762 - my_experiment - bat_ExpoComm_5M_43 - my_run - INFO - Recent Stats | t_env:    4800648 | Episode:    24004
blue_team_alives_mean:     5.9336	blue_team_win_mean:        0.0000	ep_length_mean:          199.8863	episode_length_mean:     198.8863
epsilon:                   0.0500	grad_norm:               74072.6930	info_nce_loss:             0.1101	loss:                    1040.7921
q_loss:                  946.1746	q_taken_mean:             66.4687	red_team_alives_mean:     19.9284	red_team_win_mean:         1.0000
return_mean:               1.1311	return_std:                0.7950	target_mean:              66.4771	td_error_abs:             21.8402
test_blue_team_alives_mean:  9.4000	test_blue_team_win_mean:   0.0000	test_ep_length_mean:     200.0000	test_episode_length_mean:199.0000
test_red_team_alives_mean: 20.0000	test_red_team_win_mean:    1.0000	test_return_mean:          0.6130	test_return_std:           0.0000

2026-04-10 07:33:49,697 - my_experiment - bat_ExpoComm_5M_43 - my_run - INFO - t_env: 4800848 / 5050000
2026-04-10 07:33:49,698 - my_experiment - bat_ExpoComm_5M_43 - my_run - INFO - Estimated time left: 40 minutes, 39 seconds. Time passed: 10 hours, 39 minutes, 8 seconds
2026-04-10 07:42:00,394 - my_experiment - bat_ExpoComm_5M_43 - my_run - INFO - Recent Stats | t_env:    4850780 | Episode:    24256
blue_team_alives_mean:     5.1725	blue_team_win_mean:        0.0000	ep_length_mean:          199.1686	episode_length_mean:     198.1686
epsilon:                   0.0500	grad_norm:               39224.5316	info_nce_loss:             0.1148	loss:                    885.5534
q_loss:                  805.0485	q_taken_mean:             67.1195	red_team_alives_mean:     19.9176	red_team_win_mean:         0.9961
return_mean:               0.9313	return_std:                0.9031	target_mean:              66.8847	td_error_abs:             19.2174
test_blue_team_alives_mean:  8.4000	test_blue_team_win_mean:   0.0000	test_ep_length_mean:     200.0000	test_episode_length_mean:199.0000
test_red_team_alives_mean: 20.0000	test_red_team_win_mean:    1.0000	test_return_mean:          0.6470	test_return_std:           0.0000

2026-04-10 07:42:02,402 - my_experiment - bat_ExpoComm_5M_43 - my_run - INFO - t_env: 4850980 / 5050000
2026-04-10 07:42:02,403 - my_experiment - bat_ExpoComm_5M_43 - my_run - INFO - Estimated time left: 32 minutes, 35 seconds. Time passed: 10 hours, 47 minutes, 21 seconds
2026-04-10 07:50:11,355 - my_experiment - bat_ExpoComm_5M_43 - my_run - INFO - Recent Stats | t_env:    4900929 | Episode:    24507
blue_team_alives_mean:     6.2395	blue_team_win_mean:        0.0039	ep_length_mean:          199.6353	episode_length_mean:     198.6353
epsilon:                   0.0500	grad_norm:               52583.9254	info_nce_loss:             0.0941	loss:                    942.4187
q_loss:                  856.7442	q_taken_mean:             64.9777	red_team_alives_mean:     19.8340	red_team_win_mean:         0.9843
return_mean:               0.9841	return_std:                1.0574	target_mean:              64.8481	td_error_abs:             20.3933
test_blue_team_alives_mean:  8.6000	test_blue_team_win_mean:   0.0000	test_ep_length_mean:     200.0000	test_episode_length_mean:199.0000
test_red_team_alives_mean: 20.0000	test_red_team_win_mean:    1.0000	test_return_mean:          0.4910	test_return_std:           0.0000

2026-04-10 07:50:13,311 - my_experiment - bat_ExpoComm_5M_43 - my_run - INFO - t_env: 4901129 / 5050000
2026-04-10 07:50:13,312 - my_experiment - bat_ExpoComm_5M_43 - my_run - INFO - Estimated time left: 24 minutes, 17 seconds. Time passed: 10 hours, 55 minutes, 31 seconds
2026-04-10 07:58:21,526 - my_experiment - bat_ExpoComm_5M_43 - my_run - INFO - Recent Stats | t_env:    4951033 | Episode:    24758
blue_team_alives_mean:     4.6761	blue_team_win_mean:        0.0000	ep_length_mean:          199.8353	episode_length_mean:     198.8353
epsilon:                   0.0500	grad_norm:               53725.5797	info_nce_loss:             0.0696	loss:                    1013.7783
q_loss:                  921.6166	q_taken_mean:             63.3523	red_team_alives_mean:     19.8700	red_team_win_mean:         1.0000
return_mean:               1.5505	return_std:                0.7784	target_mean:              63.1801	td_error_abs:             20.5544
test_blue_team_alives_mean:  7.0000	test_blue_team_win_mean:   0.0000	test_ep_length_mean:     200.0000	test_episode_length_mean:199.0000
test_red_team_alives_mean: 20.0000	test_red_team_win_mean:    1.0000	test_return_mean:          0.9180	test_return_std:           0.0000

2026-04-10 07:58:23,474 - my_experiment - bat_ExpoComm_5M_43 - my_run - INFO - t_env: 4951233 / 5050000
2026-04-10 07:58:23,476 - my_experiment - bat_ExpoComm_5M_43 - my_run - INFO - Estimated time left: 16 minutes, 6 seconds. Time passed: 11 hours, 3 minutes, 42 seconds
2026-04-10 08:06:24,942 - my_experiment - bat_ExpoComm_5M_43 - my_run - INFO - Saving models to work_dirs/my_experiment/bat_ExpoComm_5M_43/my_run/20260409_205435/models/5000525
2026-04-10 08:06:30,729 - my_experiment - bat_ExpoComm_5M_43 - my_run - INFO - Recent Stats | t_env:    5001125 | Episode:    25010
blue_team_alives_mean:     3.7647	blue_team_win_mean:        0.0000	ep_length_mean:          198.7961	episode_length_mean:     197.7961
epsilon:                   0.0500	grad_norm:               41192.1246	info_nce_loss:             0.0540	loss:                    934.6766
q_loss:                  849.7061	q_taken_mean:             61.3130	red_team_alives_mean:     19.9098	red_team_win_mean:         1.0000
return_mean:               1.6946	return_std:                0.8787	target_mean:              61.2539	td_error_abs:             20.2059
test_blue_team_alives_mean:  6.8000	test_blue_team_win_mean:   0.0000	test_ep_length_mean:     200.0000	test_episode_length_mean:199.0000
test_red_team_alives_mean: 20.0000	test_red_team_win_mean:    1.0000	test_return_mean:          0.9830	test_return_std:           0.0000

2026-04-10 08:06:32,718 - my_experiment - bat_ExpoComm_5M_43 - my_run - INFO - t_env: 5001325 / 5050000
2026-04-10 08:06:32,720 - my_experiment - bat_ExpoComm_5M_43 - my_run - INFO - Estimated time left: 7 minutes, 55 seconds. Time passed: 11 hours, 11 minutes, 51 seconds
2026-04-10 08:14:29,507 - my_experiment - bat_ExpoComm_5M_43 - my_run - INFO - Finished Training
