Gym has been unmaintained since 2022 and does not support NumPy 2.0 amongst other critical functionality.
Please upgrade to Gymnasium, the maintained drop-in replacement of Gym, or contact the authors of your software and request that they upgrade.
Users of this version of Gym should be able to simply replace 'import gym' with 'import gymnasium as gym' in the vast majority of cases.
See the migration guide at https://gymnasium.farama.org/introduction/migration_guide/ for additional information.
src/main.py:81: DeprecationWarning: Using or importing the ABCs from 'collections' instead of from 'collections.abc' is deprecated since Python 3.3, and in 3.10 it will stop working
  if isinstance(v, collections.Mapping):
wandb: [wandb.login()] Loaded credentials for https://api.wandb.ai from /home/pparsons/.netrc.
wandb: Currently logged in as: peterparsons02 (peterparsons02-eth-z-rich) to https://api.wandb.ai. Use `wandb login --relogin` to force relogin
wandb: Tracking run with wandb version 0.24.1
wandb: Run data is saved locally in /usr/itetnas04/data-scratch-01/pparsons/data/MyExpoComm/wandb/run-20260814_040459-npx8fk3f
wandb: Run `wandb offline` to turn off syncing.
wandb: Syncing run my_run-bat_ExpoComm_static_46-20260814_040457
wandb: ⭐️ View project at https://wandb.ai/peterparsons02-eth-z-rich/my_experiment
wandb: 🚀 View run at https://wandb.ai/peterparsons02-eth-z-rich/my_experiment/runs/npx8fk3f
2026-08-14 04:05:04,755 - my_experiment - bat_ExpoComm_static_46 - my_run - INFO - Current directory: /usr/itetnas04/data-scratch-01/pparsons/data/MyExpoComm.
2026-08-14 04:05:04,756 - my_experiment - bat_ExpoComm_static_46 - my_run - INFO - Experiment Parameters:
2026-08-14 04:05:04,758 - my_experiment - bat_ExpoComm_static_46 - my_run - INFO - 

{   'action_selector': 'epsilon_greedy',
    'add_value_last_step': True,
    'agent': 'ExpoComm_one_peer_cont',
    'agent_output_type': 'q',
    'aux_coef': 0.1,
    'batch_size': 32,
    'batch_size_run': 1,
    'buffer_cpu_only': True,
    'buffer_size': 2000,
    'checkpoint_path': '',
    'double_q': True,
    'env': 'MAgent_Battle',
    'env_args': {   'global_reward': True,
                    'map_name': 'battle_view7',
                    'map_size': 25,
                    'max_cycles': 200,
                    'minimap_mode': False,
                    'pretrained_ckpt': None,
                    'seed': 46},
    'epsilon_anneal_time': 1000000,
    'epsilon_finish': 0.05,
    'epsilon_start': 1.0,
    'evaluate': False,
    'evaluation_epsilon': 0.0,
    'exp_name': 'my_experiment',
    'gamma': 0.99,
    'global_reward': True,
    'grad_norm_clip': 10,
    'hidden_dim': 64,
    'hypergroup': None,
    'hypernet_embed': 64,
    'hypernet_layers': 2,
    'label': 'default_label',
    'learner': 'cont_q_learner',
    'learner_log_interval': 10000,
    'load_step': 0,
    'local_results_path': 'results',
    'log_interval': 50000,
    'lr': 0.0005,
    'mac': 'ExpoComm_mac',
    'mixer': 'qmix',
    'mixing_embed_dim': 64,
    'name': 'bat_ExpoComm_static_46',
    'neg_num': 20,
    'obs_agent_id': True,
    'obs_individual_obs': False,
    'obs_last_action': True,
    'one_peer': True,
    'optim_alpha': 0.99,
    'optim_eps': 1e-05,
    'pos_flag': False,
    'render': False,
    'repeat_id': 1,
    'run_name': 'my_run',
    'runner': 'episode',
    'runner_log_interval': 10000,
    'save_model': True,
    'save_model_interval': 500000,
    'save_replay': False,
    'seed': 46,
    'standardise_returns': False,
    'standardise_rewards': True,
    't_max': 5050000,
    'target_update_interval_or_tau': 200,
    'temperature': 0.07,
    'test_greedy': True,
    'test_interval': 50000,
    'test_nepisode': 1,
    'topk_neighbors': 7,
    'use_cuda': True,
    'use_rnn': True,
    'use_tensorboard': True,
    'work_dir': 'work_dirs/my_experiment/bat_ExpoComm_static_46/my_run/20260814_040457'}

/usr/itetnas04/data-scratch-01/pparsons/data/conda_envs/ExpoComm/lib/python3.8/site-packages/pettingzoo/utils/conversions.py:41: UserWarning: The `from_parallel` function is deprecated. Use the `parallel_to_aec` function instead.
  warnings.warn("The `from_parallel` function is deprecated. Use the `parallel_to_aec` function instead.")
/usr/itetnas04/data-scratch-01/pparsons/data/conda_envs/ExpoComm/lib/python3.8/site-packages/pettingzoo/utils/wrappers/base.py:44: UserWarning: The `observation_spaces` dictionary is deprecated. Use the `observation_space` function instead.
  warnings.warn("The `observation_spaces` dictionary is deprecated. Use the `observation_space` function instead.")
/usr/itetnas04/data-scratch-01/pparsons/data/conda_envs/ExpoComm/lib/python3.8/site-packages/pettingzoo/utils/conversions.py:36: UserWarning: The `to_parallel` function is deprecated. Use the `aec_to_parallel` function instead.
  warnings.warn("The `to_parallel` function is deprecated. Use the `aec_to_parallel` function instead.")
/usr/itetnas04/data-scratch-01/pparsons/data/conda_envs/ExpoComm/lib/python3.8/site-packages/pettingzoo/utils/conversions.py:80: UserWarning: The `action_spaces` dictionary is deprecated. Use the `action_space` function instead.
  warnings.warn("The `action_spaces` dictionary is deprecated. Use the `action_space` function instead.")
/usr/itetnas04/data-scratch-01/pparsons/data/conda_envs/ExpoComm/lib/python3.8/site-packages/pettingzoo/utils/wrappers/base.py:52: UserWarning: The `action_spaces` dictionary is deprecated. Use the `action_space` function instead.
  warnings.warn("The `action_spaces` dictionary is deprecated. Use the `action_space` function instead.")
/usr/itetnas04/data-scratch-01/pparsons/data/conda_envs/ExpoComm/lib/python3.8/site-packages/pettingzoo/utils/conversions.py:72: UserWarning: The `observation_spaces` dictionary is deprecated. Use the `observation_space` function instead.
  warnings.warn("The `observation_spaces` dictionary is deprecated. Use the `observation_space` function instead.")
2026-08-14 04:05:21,260 - my_experiment - bat_ExpoComm_static_46 - my_run - INFO - Beginning training for 5050000 timesteps
/usr/itetnas04/data-scratch-01/pparsons/data/MyExpoComm/src/envs/battle_wrappers.py:265: UserWarning: To copy construct from a tensor, it is recommended to use sourceTensor.clone().detach() or sourceTensor.clone().detach().requires_grad_(True), rather than torch.tensor(sourceTensor).
  actions = torch.tensor(actions, dtype=torch.long)
2026-08-14 04:05:33,462 - my_experiment - bat_ExpoComm_static_46 - my_run - INFO - t_env: 200 / 5050000
2026-08-14 04:05:33,462 - my_experiment - bat_ExpoComm_static_46 - my_run - INFO - Estimated time left: 20 minutes, 27 seconds. Time passed: 12 seconds
2026-08-14 04:05:34,199 - my_experiment - bat_ExpoComm_static_46 - my_run - INFO - Saving models to work_dirs/my_experiment/bat_ExpoComm_static_46/my_run/20260814_040457/models/200
2026-08-14 04:10:53,300 - my_experiment - bat_ExpoComm_static_46 - my_run - INFO - Recent Stats | t_env:      50000 | Episode:      250
blue_team_alives_mean:    17.0720	blue_team_win_mean:        0.0000	ep_length_mean:          200.0000	episode_length_mean:     199.0000
epsilon:                   0.9620	grad_norm:               2911.8079	info_nce_loss:             1.6076	loss:                    844.3040
q_loss:                  767.5491	q_taken_mean:              0.0380	red_team_alives_mean:     19.9960	red_team_win_mean:         0.8960
return_mean:              -6.7143	return_std:                0.3759	target_mean:               0.4238	td_error_abs:             13.6170
test_blue_team_alives_mean: 20.0000	test_blue_team_win_mean:   0.0000	test_ep_length_mean:     200.0000	test_episode_length_mean:199.0000
test_red_team_alives_mean: 20.0000	test_red_team_win_mean:    0.0000	test_return_mean:         -1.0000	test_return_std:           0.0000

2026-08-14 04:10:54,671 - my_experiment - bat_ExpoComm_static_46 - my_run - INFO - t_env: 50200 / 5050000
2026-08-14 04:10:54,672 - my_experiment - bat_ExpoComm_static_46 - my_run - INFO - Estimated time left: 8 hours, 55 minutes, 19 seconds. Time passed: 5 minutes, 33 seconds
2026-08-14 04:16:27,887 - my_experiment - bat_ExpoComm_static_46 - my_run - INFO - Recent Stats | t_env:     100000 | Episode:      500
blue_team_alives_mean:    13.1840	blue_team_win_mean:        0.0000	ep_length_mean:          200.0000	episode_length_mean:     199.0000
epsilon:                   0.9145	grad_norm:               5165.2805	info_nce_loss:             0.6333	loss:                    1537.8185
q_loss:                  1398.0168	q_taken_mean:              2.0974	red_team_alives_mean:     19.9880	red_team_win_mean:         0.9960
return_mean:              -5.4271	return_std:                0.6412	target_mean:               2.7257	td_error_abs:             20.2668
test_blue_team_alives_mean: 13.5000	test_blue_team_win_mean:   0.0000	test_ep_length_mean:     200.0000	test_episode_length_mean:199.0000
test_red_team_alives_mean: 20.0000	test_red_team_win_mean:    0.5000	test_return_mean:         -1.7875	test_return_std:           0.0000

2026-08-14 04:16:29,269 - my_experiment - bat_ExpoComm_static_46 - my_run - INFO - t_env: 100200 / 5050000
2026-08-14 04:16:29,270 - my_experiment - bat_ExpoComm_static_46 - my_run - INFO - Estimated time left: 9 hours, 12 minutes, 3 seconds. Time passed: 11 minutes, 8 seconds
2026-08-14 04:21:56,900 - my_experiment - bat_ExpoComm_static_46 - my_run - INFO - Recent Stats | t_env:     150000 | Episode:      750
blue_team_alives_mean:     7.2240	blue_team_win_mean:        0.0000	ep_length_mean:          200.0000	episode_length_mean:     199.0000
epsilon:                   0.8670	grad_norm:               11568.6584	info_nce_loss:             0.6589	loss:                    1976.3114
q_loss:                  1796.6467	q_taken_mean:              5.2813	red_team_alives_mean:     19.9880	red_team_win_mean:         1.0000
return_mean:              -3.9008	return_std:                0.5454	target_mean:               5.9286	td_error_abs:             23.8252
test_blue_team_alives_mean: 10.6667	test_blue_team_win_mean:   0.0000	test_ep_length_mean:     200.0000	test_episode_length_mean:199.0000
test_red_team_alives_mean: 20.0000	test_red_team_win_mean:    0.6667	test_return_mean:         -2.4533	test_return_std:           0.0000

2026-08-14 04:21:58,199 - my_experiment - bat_ExpoComm_static_46 - my_run - INFO - t_env: 150200 / 5050000
2026-08-14 04:21:58,200 - my_experiment - bat_ExpoComm_static_46 - my_run - INFO - Estimated time left: 8 hours, 57 minutes, 13 seconds. Time passed: 16 minutes, 36 seconds
2026-08-14 04:27:23,080 - my_experiment - bat_ExpoComm_static_46 - my_run - INFO - Recent Stats | t_env:     200000 | Episode:     1000
blue_team_alives_mean:     4.2560	blue_team_win_mean:        0.0000	ep_length_mean:          200.0000	episode_length_mean:     199.0000
epsilon:                   0.8195	grad_norm:               18378.6270	info_nce_loss:             0.3427	loss:                    2491.1653
q_loss:                  2264.6956	q_taken_mean:              8.9945	red_team_alives_mean:     19.9760	red_team_win_mean:         1.0000
return_mean:              -3.1256	return_std:                0.4875	target_mean:               9.6128	td_error_abs:             28.4218
test_blue_team_alives_mean:  8.7500	test_blue_team_win_mean:   0.0000	test_ep_length_mean:     200.0000	test_episode_length_mean:199.0000
test_red_team_alives_mean: 20.0000	test_red_team_win_mean:    0.7500	test_return_mean:         -3.7600	test_return_std:           0.0000

2026-08-14 04:27:24,402 - my_experiment - bat_ExpoComm_static_46 - my_run - INFO - t_env: 200200 / 5050000
2026-08-14 04:27:24,403 - my_experiment - bat_ExpoComm_static_46 - my_run - INFO - Estimated time left: 8 hours, 47 minutes, 20 seconds. Time passed: 22 minutes, 3 seconds
2026-08-14 04:32:48,670 - my_experiment - bat_ExpoComm_static_46 - my_run - INFO - Recent Stats | t_env:     250056 | Episode:     1251
blue_team_alives_mean:     3.5125	blue_team_win_mean:        0.0000	ep_length_mean:          199.6471	episode_length_mean:     198.6471
epsilon:                   0.7717	grad_norm:               46125.3341	info_nce_loss:             0.1533	loss:                    4084.9559
q_loss:                  3713.5963	q_taken_mean:             13.0572	red_team_alives_mean:     20.0000	red_team_win_mean:         1.0000
return_mean:              -2.8660	return_std:                0.5016	target_mean:              14.3286	td_error_abs:             41.0860
test_blue_team_alives_mean:  8.4000	test_blue_team_win_mean:   0.0000	test_ep_length_mean:     200.0000	test_episode_length_mean:199.0000
test_red_team_alives_mean: 20.0000	test_red_team_win_mean:    0.8000	test_return_mean:         -5.3830	test_return_std:           0.0000

2026-08-14 04:32:49,979 - my_experiment - bat_ExpoComm_static_46 - my_run - INFO - t_env: 250256 / 5050000
2026-08-14 04:32:49,980 - my_experiment - bat_ExpoComm_static_46 - my_run - INFO - Estimated time left: 8 hours, 40 minutes, 18 seconds. Time passed: 27 minutes, 28 seconds
2026-08-14 04:38:14,125 - my_experiment - bat_ExpoComm_static_46 - my_run - INFO - Recent Stats | t_env:     300137 | Episode:     1502
blue_team_alives_mean:     3.3927	blue_team_win_mean:        0.0000	ep_length_mean:          199.4157	episode_length_mean:     198.4157
epsilon:                   0.7240	grad_norm:               22171.3133	info_nce_loss:             0.2804	loss:                    2075.3946
q_loss:                  1886.7224	q_taken_mean:             19.0898	red_team_alives_mean:     19.9763	red_team_win_mean:         1.0000
return_mean:              -2.7877	return_std:                0.6017	target_mean:              19.0291	td_error_abs:             28.1147
test_blue_team_alives_mean:  6.0000	test_blue_team_win_mean:   0.0000	test_ep_length_mean:     200.0000	test_episode_length_mean:199.0000
test_red_team_alives_mean: 20.0000	test_red_team_win_mean:    1.0000	test_return_mean:         -6.8380	test_return_std:           0.0000

2026-08-14 04:38:15,481 - my_experiment - bat_ExpoComm_static_46 - my_run - INFO - t_env: 300337 / 5050000
2026-08-14 04:38:15,482 - my_experiment - bat_ExpoComm_static_46 - my_run - INFO - Estimated time left: 8 hours, 34 minutes, 30 seconds. Time passed: 32 minutes, 54 seconds
2026-08-14 04:43:40,039 - my_experiment - bat_ExpoComm_static_46 - my_run - INFO - Recent Stats | t_env:     350287 | Episode:     1753
blue_team_alives_mean:     2.5118	blue_team_win_mean:        0.0000	ep_length_mean:          199.8078	episode_length_mean:     198.8078
epsilon:                   0.6758	grad_norm:               59645.8549	info_nce_loss:             0.1223	loss:                    2970.2945
q_loss:                  2700.2677	q_taken_mean:             24.9204	red_team_alives_mean:     19.9882	red_team_win_mean:         1.0000
return_mean:              -2.1501	return_std:                0.4107	target_mean:              24.1896	td_error_abs:             33.9570
test_blue_team_alives_mean:  7.2000	test_blue_team_win_mean:   0.0000	test_ep_length_mean:     200.0000	test_episode_length_mean:199.0000
test_red_team_alives_mean: 20.0000	test_red_team_win_mean:    1.0000	test_return_mean:         -7.5540	test_return_std:           0.0000

2026-08-14 04:43:41,321 - my_experiment - bat_ExpoComm_static_46 - my_run - INFO - t_env: 350487 / 5050000
2026-08-14 04:43:41,322 - my_experiment - bat_ExpoComm_static_46 - my_run - INFO - Estimated time left: 8 hours, 28 minutes, 54 seconds. Time passed: 38 minutes, 20 seconds
2026-08-14 04:49:07,148 - my_experiment - bat_ExpoComm_static_46 - my_run - INFO - Recent Stats | t_env:     400435 | Episode:     2005
blue_team_alives_mean:     2.1529	blue_team_win_mean:        0.0000	ep_length_mean:          198.9176	episode_length_mean:     197.9176
epsilon:                   0.6276	grad_norm:               23990.1680	info_nce_loss:             0.1060	loss:                    2220.5836
q_loss:                  2018.7124	q_taken_mean:             30.2037	red_team_alives_mean:     19.9804	red_team_win_mean:         1.0000
return_mean:              -1.4304	return_std:                0.4934	target_mean:              30.1430	td_error_abs:             29.5193
test_blue_team_alives_mean:  9.2000	test_blue_team_win_mean:   0.0000	test_ep_length_mean:     200.0000	test_episode_length_mean:199.0000
test_red_team_alives_mean: 20.0000	test_red_team_win_mean:    1.0000	test_return_mean:         -8.4030	test_return_std:           0.0000

2026-08-14 04:49:08,425 - my_experiment - bat_ExpoComm_static_46 - my_run - INFO - t_env: 400635 / 5050000
2026-08-14 04:49:08,426 - my_experiment - bat_ExpoComm_static_46 - my_run - INFO - Estimated time left: 8 hours, 25 minutes, 26 seconds. Time passed: 43 minutes, 47 seconds
2026-08-14 04:54:33,323 - my_experiment - bat_ExpoComm_static_46 - my_run - INFO - Recent Stats | t_env:     450519 | Episode:     2257
blue_team_alives_mean:     2.0588	blue_team_win_mean:        0.0000	ep_length_mean:          198.9725	episode_length_mean:     197.9725
epsilon:                   0.5794	grad_norm:               83761.7391	info_nce_loss:             0.0609	loss:                    3400.3030
q_loss:                  3091.1846	q_taken_mean:             37.1006	red_team_alives_mean:     19.9843	red_team_win_mean:         1.0000
return_mean:              -1.1768	return_std:                0.4831	target_mean:              37.5300	td_error_abs:             38.1762
test_blue_team_alives_mean: 11.2000	test_blue_team_win_mean:   0.0000	test_ep_length_mean:     200.0000	test_episode_length_mean:199.0000
test_red_team_alives_mean: 20.0000	test_red_team_win_mean:    1.0000	test_return_mean:         -8.0690	test_return_std:           0.0000

2026-08-14 04:54:34,631 - my_experiment - bat_ExpoComm_static_46 - my_run - INFO - t_env: 450719 / 5050000
2026-08-14 04:54:34,632 - my_experiment - bat_ExpoComm_static_46 - my_run - INFO - Estimated time left: 8 hours, 19 minutes, 15 seconds. Time passed: 49 minutes, 13 seconds
2026-08-14 04:59:57,387 - my_experiment - bat_ExpoComm_static_46 - my_run - INFO - Saving models to work_dirs/my_experiment/bat_ExpoComm_static_46/my_run/20260814_040457/models/500384
2026-08-14 04:59:58,703 - my_experiment - bat_ExpoComm_static_46 - my_run - INFO - Recent Stats | t_env:     500584 | Episode:     2508
blue_team_alives_mean:     2.2596	blue_team_win_mean:        0.0000	ep_length_mean:          199.4275	episode_length_mean:     198.4275
epsilon:                   0.5312	grad_norm:               53125.4910	info_nce_loss:             0.1011	loss:                    2564.3374
q_loss:                  2331.2158	q_taken_mean:             42.5448	red_team_alives_mean:     19.9803	red_team_win_mean:         1.0000
return_mean:              -1.0769	return_std:                0.4806	target_mean:              42.6744	td_error_abs:             32.4038
test_blue_team_alives_mean: 11.2000	test_blue_team_win_mean:   0.0000	test_ep_length_mean:     200.0000	test_episode_length_mean:199.0000
test_red_team_alives_mean: 20.0000	test_red_team_win_mean:    1.0000	test_return_mean:         -6.0480	test_return_std:           0.0000

2026-08-14 05:00:00,018 - my_experiment - bat_ExpoComm_static_46 - my_run - INFO - t_env: 500784 / 5050000
2026-08-14 05:00:00,019 - my_experiment - bat_ExpoComm_static_46 - my_run - INFO - Estimated time left: 8 hours, 12 minutes, 46 seconds. Time passed: 54 minutes, 38 seconds
2026-08-14 05:05:23,025 - my_experiment - bat_ExpoComm_static_46 - my_run - INFO - Recent Stats | t_env:     550584 | Episode:     2758
blue_team_alives_mean:     2.5063	blue_team_win_mean:        0.0000	ep_length_mean:          199.8275	episode_length_mean:     198.8275
epsilon:                   0.4836	grad_norm:               87190.3984	info_nce_loss:             0.0627	loss:                    2749.2586
q_loss:                  2499.3261	q_taken_mean:             47.8518	red_team_alives_mean:     19.9921	red_team_win_mean:         1.0000
return_mean:              -1.0024	return_std:                0.4262	target_mean:              47.7928	td_error_abs:             34.2647
test_blue_team_alives_mean: 10.0000	test_blue_team_win_mean:   0.0000	test_ep_length_mean:     200.0000	test_episode_length_mean:199.0000
test_red_team_alives_mean: 20.0000	test_red_team_win_mean:    1.0000	test_return_mean:         -4.7870	test_return_std:           0.0000

2026-08-14 05:05:24,328 - my_experiment - bat_ExpoComm_static_46 - my_run - INFO - t_env: 550784 / 5050000
2026-08-14 05:05:24,329 - my_experiment - bat_ExpoComm_static_46 - my_run - INFO - Estimated time left: 8 hours, 6 minutes, 22 seconds. Time passed: 1 hours, 3 seconds
2026-08-14 05:10:48,139 - my_experiment - bat_ExpoComm_static_46 - my_run - INFO - Recent Stats | t_env:     600584 | Episode:     3008
blue_team_alives_mean:     3.1880	blue_team_win_mean:        0.0000	ep_length_mean:          200.0000	episode_length_mean:     199.0000
epsilon:                   0.4361	grad_norm:               133807.0469	info_nce_loss:             0.0649	loss:                    3037.1230
q_loss:                  2761.0209	q_taken_mean:             54.0871	red_team_alives_mean:     19.9800	red_team_win_mean:         1.0000
return_mean:              -0.7289	return_std:                0.4462	target_mean:              54.3109	td_error_abs:             36.5364
test_blue_team_alives_mean:  9.0000	test_blue_team_win_mean:   0.0000	test_ep_length_mean:     200.0000	test_episode_length_mean:199.0000
test_red_team_alives_mean: 20.0000	test_red_team_win_mean:    1.0000	test_return_mean:         -3.9890	test_return_std:           0.0000

2026-08-14 05:10:49,423 - my_experiment - bat_ExpoComm_static_46 - my_run - INFO - t_env: 600784 / 5050000
2026-08-14 05:10:49,424 - my_experiment - bat_ExpoComm_static_46 - my_run - INFO - Estimated time left: 8 hours, 2 minutes, 8 seconds. Time passed: 1 hours, 5 minutes, 28 seconds
2026-08-14 05:16:14,338 - my_experiment - bat_ExpoComm_static_46 - my_run - INFO - Recent Stats | t_env:     650584 | Episode:     3258
blue_team_alives_mean:     3.6680	blue_team_win_mean:        0.0000	ep_length_mean:          200.0000	episode_length_mean:     199.0000
epsilon:                   0.3886	grad_norm:               151432.0812	info_nce_loss:             0.0780	loss:                    2937.0026
q_loss:                  2670.0023	q_taken_mean:             58.1340	red_team_alives_mean:     19.9600	red_team_win_mean:         1.0000
return_mean:              -0.5030	return_std:                0.4980	target_mean:              58.2294	td_error_abs:             36.7352
test_blue_team_alives_mean:  7.0000	test_blue_team_win_mean:   0.0000	test_ep_length_mean:     200.0000	test_episode_length_mean:199.0000
test_red_team_alives_mean: 20.0000	test_red_team_win_mean:    1.0000	test_return_mean:         -2.5500	test_return_std:           0.0000

2026-08-14 05:16:15,654 - my_experiment - bat_ExpoComm_static_46 - my_run - INFO - t_env: 650784 / 5050000
2026-08-14 05:16:15,655 - my_experiment - bat_ExpoComm_static_46 - my_run - INFO - Estimated time left: 7 hours, 58 minutes, 23 seconds. Time passed: 1 hours, 10 minutes, 54 seconds
2026-08-14 05:21:42,348 - my_experiment - bat_ExpoComm_static_46 - my_run - INFO - Recent Stats | t_env:     700584 | Episode:     3508
blue_team_alives_mean:     4.3280	blue_team_win_mean:        0.0000	ep_length_mean:          200.0000	episode_length_mean:     199.0000
epsilon:                   0.3411	grad_norm:               164134.6766	info_nce_loss:             0.0941	loss:                    3106.4006
q_loss:                  2824.0005	q_taken_mean:             63.3370	red_team_alives_mean:     19.9000	red_team_win_mean:         1.0000
return_mean:              -0.2673	return_std:                0.6535	target_mean:              63.7635	td_error_abs:             37.6528
test_blue_team_alives_mean:  5.8000	test_blue_team_win_mean:   0.0000	test_ep_length_mean:     200.0000	test_episode_length_mean:199.0000
test_red_team_alives_mean: 20.0000	test_red_team_win_mean:    1.0000	test_return_mean:         -1.6070	test_return_std:           0.0000

2026-08-14 05:21:43,673 - my_experiment - bat_ExpoComm_static_46 - my_run - INFO - t_env: 700784 / 5050000
2026-08-14 05:21:43,674 - my_experiment - bat_ExpoComm_static_46 - my_run - INFO - Estimated time left: 7 hours, 55 minutes, 32 seconds. Time passed: 1 hours, 16 minutes, 22 seconds
2026-08-14 05:27:15,270 - my_experiment - bat_ExpoComm_static_46 - my_run - INFO - Recent Stats | t_env:     750584 | Episode:     3758
blue_team_alives_mean:     8.0520	blue_team_win_mean:        0.0080	ep_length_mean:          200.0000	episode_length_mean:     199.0000
epsilon:                   0.2936	grad_norm:               223884.4672	info_nce_loss:             0.0250	loss:                    4184.2530
q_loss:                  3803.8664	q_taken_mean:             67.8946	red_team_alives_mean:     19.7360	red_team_win_mean:         0.9880
return_mean:              -0.2798	return_std:                0.7972	target_mean:              68.9657	td_error_abs:             44.5526
test_blue_team_alives_mean:  6.4000	test_blue_team_win_mean:   0.0000	test_ep_length_mean:     200.0000	test_episode_length_mean:199.0000
test_red_team_alives_mean: 20.0000	test_red_team_win_mean:    1.0000	test_return_mean:         -1.6910	test_return_std:           0.0000

2026-08-14 05:27:16,600 - my_experiment - bat_ExpoComm_static_46 - my_run - INFO - t_env: 750784 / 5050000
2026-08-14 05:27:16,601 - my_experiment - bat_ExpoComm_static_46 - my_run - INFO - Estimated time left: 7 hours, 57 minutes, 6 seconds. Time passed: 1 hours, 21 minutes, 55 seconds
2026-08-14 05:32:51,040 - my_experiment - bat_ExpoComm_static_46 - my_run - INFO - Recent Stats | t_env:     800584 | Episode:     4008
blue_team_alives_mean:    13.9000	blue_team_win_mean:        0.0040	ep_length_mean:          200.0000	episode_length_mean:     199.0000
epsilon:                   0.2461	grad_norm:               128516.0125	info_nce_loss:             0.0523	loss:                    3137.2870
q_loss:                  2852.0791	q_taken_mean:             77.3959	red_team_alives_mean:     19.6760	red_team_win_mean:         0.9560
return_mean:              -1.1050	return_std:                0.7022	target_mean:              77.5155	td_error_abs:             36.3597
test_blue_team_alives_mean:  9.4000	test_blue_team_win_mean:   0.0000	test_ep_length_mean:     200.0000	test_episode_length_mean:199.0000
test_red_team_alives_mean: 20.0000	test_red_team_win_mean:    1.0000	test_return_mean:         -1.4760	test_return_std:           0.0000

2026-08-14 05:32:52,400 - my_experiment - bat_ExpoComm_static_46 - my_run - INFO - t_env: 800784 / 5050000
2026-08-14 05:32:52,401 - my_experiment - bat_ExpoComm_static_46 - my_run - INFO - Estimated time left: 7 hours, 55 minutes, 37 seconds. Time passed: 1 hours, 27 minutes, 31 seconds
2026-08-14 05:38:27,783 - my_experiment - bat_ExpoComm_static_46 - my_run - INFO - Recent Stats | t_env:     850584 | Episode:     4258
blue_team_alives_mean:    17.1440	blue_team_win_mean:        0.0640	ep_length_mean:          200.0000	episode_length_mean:     199.0000
epsilon:                   0.1986	grad_norm:               374992.7516	info_nce_loss:             0.0617	loss:                    6241.0176
q_loss:                  5673.6522	q_taken_mean:             84.3746	red_team_alives_mean:     19.6840	red_team_win_mean:         0.8400
return_mean:              -1.4833	return_std:                0.5008	target_mean:              85.1118	td_error_abs:             52.2908
test_blue_team_alives_mean: 11.6000	test_blue_team_win_mean:   0.0000	test_ep_length_mean:     200.0000	test_episode_length_mean:199.0000
test_red_team_alives_mean: 20.0000	test_red_team_win_mean:    1.0000	test_return_mean:         -1.2470	test_return_std:           0.0000

2026-08-14 05:38:29,140 - my_experiment - bat_ExpoComm_static_46 - my_run - INFO - t_env: 850784 / 5050000
2026-08-14 05:38:29,141 - my_experiment - bat_ExpoComm_static_46 - my_run - INFO - Estimated time left: 7 hours, 51 minutes, 20 seconds. Time passed: 1 hours, 33 minutes, 7 seconds
2026-08-14 05:44:04,708 - my_experiment - bat_ExpoComm_static_46 - my_run - INFO - Recent Stats | t_env:     900584 | Episode:     4508
blue_team_alives_mean:    18.2600	blue_team_win_mean:        0.1240	ep_length_mean:          200.0000	episode_length_mean:     199.0000
epsilon:                   0.1511	grad_norm:               302446.6500	info_nce_loss:             0.0406	loss:                    4110.0594
q_loss:                  3736.4176	q_taken_mean:             95.3100	red_team_alives_mean:     19.6720	red_team_win_mean:         0.6520
return_mean:              -1.8130	return_std:                0.4100	target_mean:              94.6836	td_error_abs:             40.2256
test_blue_team_alives_mean: 14.4000	test_blue_team_win_mean:   0.0000	test_ep_length_mean:     200.0000	test_episode_length_mean:199.0000
test_red_team_alives_mean: 20.0000	test_red_team_win_mean:    1.0000	test_return_mean:         -1.3810	test_return_std:           0.0000

2026-08-14 05:44:06,083 - my_experiment - bat_ExpoComm_static_46 - my_run - INFO - t_env: 900784 / 5050000
2026-08-14 05:44:06,084 - my_experiment - bat_ExpoComm_static_46 - my_run - INFO - Estimated time left: 7 hours, 46 minutes, 0 seconds. Time passed: 1 hours, 38 minutes, 44 seconds
2026-08-14 05:49:41,438 - my_experiment - bat_ExpoComm_static_46 - my_run - INFO - Recent Stats | t_env:     950584 | Episode:     4758
blue_team_alives_mean:    19.3840	blue_team_win_mean:        0.1840	ep_length_mean:          200.0000	episode_length_mean:     199.0000
epsilon:                   0.1036	grad_norm:               486013.3656	info_nce_loss:             0.0767	loss:                    6708.3802
q_loss:                  6098.5275	q_taken_mean:            105.9932	red_team_alives_mean:     19.6560	red_team_win_mean:         0.3240
return_mean:              -1.8305	return_std:                0.2956	target_mean:             104.7827	td_error_abs:             53.5004
test_blue_team_alives_mean: 16.6000	test_blue_team_win_mean:   0.0000	test_ep_length_mean:     200.0000	test_episode_length_mean:199.0000
test_red_team_alives_mean: 20.0000	test_red_team_win_mean:    1.0000	test_return_mean:         -1.3830	test_return_std:           0.0000

2026-08-14 05:49:42,797 - my_experiment - bat_ExpoComm_static_46 - my_run - INFO - t_env: 950784 / 5050000
2026-08-14 05:49:42,798 - my_experiment - bat_ExpoComm_static_46 - my_run - INFO - Estimated time left: 7 hours, 40 minutes, 5 seconds. Time passed: 1 hours, 44 minutes, 21 seconds
2026-08-14 05:55:17,114 - my_experiment - bat_ExpoComm_static_46 - my_run - INFO - Saving models to work_dirs/my_experiment/bat_ExpoComm_static_46/my_run/20260814_040457/models/1000384
2026-08-14 05:55:18,480 - my_experiment - bat_ExpoComm_static_46 - my_run - INFO - Recent Stats | t_env:    1000584 | Episode:     5008
blue_team_alives_mean:    19.2800	blue_team_win_mean:        0.1160	ep_length_mean:          200.0000	episode_length_mean:     199.0000
epsilon:                   0.0561	grad_norm:               565914.1188	info_nce_loss:             0.1004	loss:                    3626.3578
q_loss:                  3296.6890	q_taken_mean:            112.2602	red_team_alives_mean:     19.6920	red_team_win_mean:         0.3960
return_mean:              -1.8724	return_std:                0.3335	target_mean:             112.5065	td_error_abs:             37.0134
test_blue_team_alives_mean: 18.6000	test_blue_team_win_mean:   0.0000	test_ep_length_mean:     200.0000	test_episode_length_mean:199.0000
test_red_team_alives_mean: 20.0000	test_red_team_win_mean:    0.8000	test_return_mean:         -1.5550	test_return_std:           0.0000

2026-08-14 05:55:19,887 - my_experiment - bat_ExpoComm_static_46 - my_run - INFO - t_env: 1000784 / 5050000
2026-08-14 05:55:19,888 - my_experiment - bat_ExpoComm_static_46 - my_run - INFO - Estimated time left: 7 hours, 34 minutes, 58 seconds. Time passed: 1 hours, 49 minutes, 58 seconds
2026-08-14 06:00:55,377 - my_experiment - bat_ExpoComm_static_46 - my_run - INFO - Recent Stats | t_env:    1050584 | Episode:     5258
blue_team_alives_mean:    19.4240	blue_team_win_mean:        0.1160	ep_length_mean:          200.0000	episode_length_mean:     199.0000
epsilon:                   0.0500	grad_norm:               651441.5625	info_nce_loss:             0.0488	loss:                    3712.4256
q_loss:                  3374.9324	q_taken_mean:            118.3515	red_team_alives_mean:     19.7520	red_team_win_mean:         0.3080
return_mean:              -2.1080	return_std:                0.4056	target_mean:             118.7108	td_error_abs:             36.9281
test_blue_team_alives_mean: 19.2000	test_blue_team_win_mean:   0.2000	test_ep_length_mean:     200.0000	test_episode_length_mean:199.0000
test_red_team_alives_mean: 19.8000	test_red_team_win_mean:    0.6000	test_return_mean:         -1.6686	test_return_std:           0.0000

2026-08-14 06:00:56,740 - my_experiment - bat_ExpoComm_static_46 - my_run - INFO - t_env: 1050784 / 5050000
2026-08-14 06:00:56,741 - my_experiment - bat_ExpoComm_static_46 - my_run - INFO - Estimated time left: 7 hours, 29 minutes, 2 seconds. Time passed: 1 hours, 55 minutes, 35 seconds
2026-08-14 06:06:32,027 - my_experiment - bat_ExpoComm_static_46 - my_run - INFO - Recent Stats | t_env:    1100584 | Episode:     5508
blue_team_alives_mean:    19.3080	blue_team_win_mean:        0.1000	ep_length_mean:          200.0000	episode_length_mean:     199.0000
epsilon:                   0.0500	grad_norm:               732303.6250	info_nce_loss:             0.0698	loss:                    3680.0324
q_loss:                  3345.4842	q_taken_mean:            128.0723	red_team_alives_mean:     19.7280	red_team_win_mean:         0.3640
return_mean:              -2.1532	return_std:                0.4400	target_mean:             127.9076	td_error_abs:             34.6580
test_blue_team_alives_mean: 19.4000	test_blue_team_win_mean:   0.2000	test_ep_length_mean:     200.0000	test_episode_length_mean:199.0000
test_red_team_alives_mean: 19.8000	test_red_team_win_mean:    0.4000	test_return_mean:         -1.8996	test_return_std:           0.0000

2026-08-14 06:06:33,428 - my_experiment - bat_ExpoComm_static_46 - my_run - INFO - t_env: 1100784 / 5050000
2026-08-14 06:06:33,429 - my_experiment - bat_ExpoComm_static_46 - my_run - INFO - Estimated time left: 7 hours, 23 minutes, 13 seconds. Time passed: 2 hours, 1 minutes, 12 seconds
2026-08-14 06:12:08,574 - my_experiment - bat_ExpoComm_static_46 - my_run - INFO - Recent Stats | t_env:    1150584 | Episode:     5758
blue_team_alives_mean:    19.2320	blue_team_win_mean:        0.1200	ep_length_mean:          200.0000	episode_length_mean:     199.0000
epsilon:                   0.0500	grad_norm:               905160.4125	info_nce_loss:             0.0741	loss:                    4122.6374
q_loss:                  3747.8521	q_taken_mean:            132.8156	red_team_alives_mean:     19.6960	red_team_win_mean:         0.3560
return_mean:              -2.1256	return_std:                0.4978	target_mean:             132.9089	td_error_abs:             37.0004
test_blue_team_alives_mean: 19.6000	test_blue_team_win_mean:   0.2000	test_ep_length_mean:     200.0000	test_episode_length_mean:199.0000
test_red_team_alives_mean: 19.8000	test_red_team_win_mean:    0.2000	test_return_mean:         -2.1656	test_return_std:           0.0000

2026-08-14 06:12:09,937 - my_experiment - bat_ExpoComm_static_46 - my_run - INFO - t_env: 1150784 / 5050000
2026-08-14 06:12:09,938 - my_experiment - bat_ExpoComm_static_46 - my_run - INFO - Estimated time left: 7 hours, 17 minutes, 22 seconds. Time passed: 2 hours, 6 minutes, 48 seconds
2026-08-14 06:17:45,379 - my_experiment - bat_ExpoComm_static_46 - my_run - INFO - Recent Stats | t_env:    1200584 | Episode:     6008
blue_team_alives_mean:    19.0440	blue_team_win_mean:        0.1040	ep_length_mean:          200.0000	episode_length_mean:     199.0000
epsilon:                   0.0500	grad_norm:               935332.7250	info_nce_loss:             0.0357	loss:                    3453.3018
q_loss:                  3139.3653	q_taken_mean:            138.1712	red_team_alives_mean:     19.7480	red_team_win_mean:         0.4120
return_mean:              -2.0006	return_std:                0.5235	target_mean:             137.9640	td_error_abs:             34.2735
test_blue_team_alives_mean: 19.8000	test_blue_team_win_mean:   0.2000	test_ep_length_mean:     200.0000	test_episode_length_mean:199.0000
test_red_team_alives_mean: 19.8000	test_red_team_win_mean:    0.2000	test_return_mean:         -2.2486	test_return_std:           0.0000

2026-08-14 06:17:46,719 - my_experiment - bat_ExpoComm_static_46 - my_run - INFO - t_env: 1200784 / 5050000
2026-08-14 06:17:46,720 - my_experiment - bat_ExpoComm_static_46 - my_run - INFO - Estimated time left: 7 hours, 12 minutes, 6 seconds. Time passed: 2 hours, 12 minutes, 25 seconds
2026-08-14 06:23:22,085 - my_experiment - bat_ExpoComm_static_46 - my_run - INFO - Recent Stats | t_env:    1250584 | Episode:     6258
blue_team_alives_mean:    19.2880	blue_team_win_mean:        0.0880	ep_length_mean:          200.0000	episode_length_mean:     199.0000
epsilon:                   0.0500	grad_norm:               903852.3250	info_nce_loss:             0.0846	loss:                    3377.2770
q_loss:                  3070.2518	q_taken_mean:            136.8883	red_team_alives_mean:     19.7880	red_team_win_mean:         0.2920
return_mean:              -1.6517	return_std:                0.4318	target_mean:             137.1636	td_error_abs:             32.5757
test_blue_team_alives_mean: 19.6000	test_blue_team_win_mean:   0.2000	test_ep_length_mean:     200.0000	test_episode_length_mean:199.0000
test_red_team_alives_mean: 19.8000	test_red_team_win_mean:    0.4000	test_return_mean:         -1.8926	test_return_std:           0.0000

2026-08-14 06:23:23,448 - my_experiment - bat_ExpoComm_static_46 - my_run - INFO - t_env: 1250784 / 5050000
2026-08-14 06:23:23,449 - my_experiment - bat_ExpoComm_static_46 - my_run - INFO - Estimated time left: 7 hours, 6 minutes, 26 seconds. Time passed: 2 hours, 18 minutes, 2 seconds
2026-08-14 06:28:58,811 - my_experiment - bat_ExpoComm_static_46 - my_run - INFO - Recent Stats | t_env:    1300584 | Episode:     6508
blue_team_alives_mean:    18.7800	blue_team_win_mean:        0.0640	ep_length_mean:          200.0000	episode_length_mean:     199.0000
epsilon:                   0.0500	grad_norm:               1035236.7875	info_nce_loss:             0.0794	loss:                    3386.0101
q_loss:                  3078.1910	q_taken_mean:            139.8417	red_team_alives_mean:     19.7760	red_team_win_mean:         0.4400
return_mean:              -1.4000	return_std:                0.4603	target_mean:             139.4293	td_error_abs:             33.8795
test_blue_team_alives_mean: 19.2000	test_blue_team_win_mean:   0.0000	test_ep_length_mean:     200.0000	test_episode_length_mean:199.0000
test_red_team_alives_mean: 20.0000	test_red_team_win_mean:    0.6000	test_return_mean:         -1.8290	test_return_std:           0.0000

2026-08-14 06:29:00,173 - my_experiment - bat_ExpoComm_static_46 - my_run - INFO - t_env: 1300784 / 5050000
2026-08-14 06:29:00,174 - my_experiment - bat_ExpoComm_static_46 - my_run - INFO - Estimated time left: 7 hours, 49 seconds. Time passed: 2 hours, 23 minutes, 38 seconds
2026-08-14 06:34:35,512 - my_experiment - bat_ExpoComm_static_46 - my_run - INFO - Recent Stats | t_env:    1350584 | Episode:     6758
blue_team_alives_mean:    19.1720	blue_team_win_mean:        0.0840	ep_length_mean:          200.0000	episode_length_mean:     199.0000
epsilon:                   0.0500	grad_norm:               985856.8125	info_nce_loss:             0.0833	loss:                    3347.6191
q_loss:                  3043.2901	q_taken_mean:            137.6458	red_team_alives_mean:     19.7920	red_team_win_mean:         0.4080
return_mean:              -1.4732	return_std:                0.3760	target_mean:             137.8588	td_error_abs:             32.6680
test_blue_team_alives_mean: 19.0000	test_blue_team_win_mean:   0.0000	test_ep_length_mean:     200.0000	test_episode_length_mean:199.0000
test_red_team_alives_mean: 20.0000	test_red_team_win_mean:    0.8000	test_return_mean:         -1.6100	test_return_std:           0.0000

2026-08-14 06:34:36,871 - my_experiment - bat_ExpoComm_static_46 - my_run - INFO - t_env: 1350784 / 5050000
2026-08-14 06:34:36,872 - my_experiment - bat_ExpoComm_static_46 - my_run - INFO - Estimated time left: 6 hours, 55 minutes, 10 seconds. Time passed: 2 hours, 29 minutes, 15 seconds
2026-08-14 06:40:12,236 - my_experiment - bat_ExpoComm_static_46 - my_run - INFO - Recent Stats | t_env:    1400584 | Episode:     7008
blue_team_alives_mean:    19.3760	blue_team_win_mean:        0.0680	ep_length_mean:          200.0000	episode_length_mean:     199.0000
epsilon:                   0.0500	grad_norm:               1016909.3875	info_nce_loss:             0.0367	loss:                    3128.1593
q_loss:                  2843.7812	q_taken_mean:            137.7586	red_team_alives_mean:     19.8240	red_team_win_mean:         0.3360
return_mean:              -1.3988	return_std:                0.3197	target_mean:             137.6485	td_error_abs:             32.9167
test_blue_team_alives_mean: 18.4000	test_blue_team_win_mean:   0.0000	test_ep_length_mean:     200.0000	test_episode_length_mean:199.0000
test_red_team_alives_mean: 20.0000	test_red_team_win_mean:    1.0000	test_return_mean:         -1.1800	test_return_std:           0.0000

2026-08-14 06:40:13,598 - my_experiment - bat_ExpoComm_static_46 - my_run - INFO - t_env: 1400784 / 5050000
2026-08-14 06:40:13,598 - my_experiment - bat_ExpoComm_static_46 - my_run - INFO - Estimated time left: 6 hours, 49 minutes, 35 seconds. Time passed: 2 hours, 34 minutes, 52 seconds
2026-08-14 06:45:49,035 - my_experiment - bat_ExpoComm_static_46 - my_run - INFO - Recent Stats | t_env:    1450584 | Episode:     7258
blue_team_alives_mean:    18.9080	blue_team_win_mean:        0.0720	ep_length_mean:          200.0000	episode_length_mean:     199.0000
epsilon:                   0.0500	grad_norm:               938572.4750	info_nce_loss:             0.0224	loss:                    3047.1145
q_loss:                  2770.1041	q_taken_mean:            136.9031	red_team_alives_mean:     19.8160	red_team_win_mean:         0.5280
return_mean:              -1.4282	return_std:                0.4158	target_mean:             137.3058	td_error_abs:             32.9382
test_blue_team_alives_mean: 18.6000	test_blue_team_win_mean:   0.0000	test_ep_length_mean:     200.0000	test_episode_length_mean:199.0000
test_red_team_alives_mean: 20.0000	test_red_team_win_mean:    0.8000	test_return_mean:         -1.2040	test_return_std:           0.0000

2026-08-14 06:45:50,399 - my_experiment - bat_ExpoComm_static_46 - my_run - INFO - t_env: 1450784 / 5050000
2026-08-14 06:45:50,400 - my_experiment - bat_ExpoComm_static_46 - my_run - INFO - Estimated time left: 6 hours, 44 minutes, 4 seconds. Time passed: 2 hours, 40 minutes, 29 seconds
2026-08-14 06:51:24,254 - my_experiment - bat_ExpoComm_static_46 - my_run - INFO - Saving models to work_dirs/my_experiment/bat_ExpoComm_static_46/my_run/20260814_040457/models/1500384
2026-08-14 06:51:25,624 - my_experiment - bat_ExpoComm_static_46 - my_run - INFO - Recent Stats | t_env:    1500584 | Episode:     7508
blue_team_alives_mean:    18.5640	blue_team_win_mean:        0.0880	ep_length_mean:          200.0000	episode_length_mean:     199.0000
epsilon:                   0.0500	grad_norm:               1089955.8500	info_nce_loss:             0.0157	loss:                    3416.7196
q_loss:                  3106.1086	q_taken_mean:            138.8438	red_team_alives_mean:     19.7520	red_team_win_mean:         0.5800
return_mean:              -1.2203	return_std:                0.4562	target_mean:             138.7232	td_error_abs:             35.7179
test_blue_team_alives_mean: 18.4000	test_blue_team_win_mean:   0.0000	test_ep_length_mean:     200.0000	test_episode_length_mean:199.0000
test_red_team_alives_mean: 20.0000	test_red_team_win_mean:    0.8000	test_return_mean:         -1.1880	test_return_std:           0.0000

2026-08-14 06:51:26,952 - my_experiment - bat_ExpoComm_static_46 - my_run - INFO - t_env: 1500784 / 5050000
2026-08-14 06:51:26,953 - my_experiment - bat_ExpoComm_static_46 - my_run - INFO - Estimated time left: 6 hours, 38 minutes, 10 seconds. Time passed: 2 hours, 46 minutes, 5 seconds
2026-08-14 06:57:01,693 - my_experiment - bat_ExpoComm_static_46 - my_run - INFO - Recent Stats | t_env:    1550584 | Episode:     7758
blue_team_alives_mean:    16.6640	blue_team_win_mean:        0.0480	ep_length_mean:          200.0000	episode_length_mean:     199.0000
epsilon:                   0.0500	grad_norm:               964264.1000	info_nce_loss:             0.0309	loss:                    3278.6089
q_loss:                  2980.5536	q_taken_mean:            135.9062	red_team_alives_mean:     19.7920	red_team_win_mean:         0.6920
return_mean:              -0.7350	return_std:                0.7998	target_mean:             135.9342	td_error_abs:             35.3400
test_blue_team_alives_mean: 18.8000	test_blue_team_win_mean:   0.0000	test_ep_length_mean:     200.0000	test_episode_length_mean:199.0000
test_red_team_alives_mean: 20.0000	test_red_team_win_mean:    0.6000	test_return_mean:         -1.4020	test_return_std:           0.0000

2026-08-14 06:57:03,060 - my_experiment - bat_ExpoComm_static_46 - my_run - INFO - t_env: 1550784 / 5050000
2026-08-14 06:57:03,061 - my_experiment - bat_ExpoComm_static_46 - my_run - INFO - Estimated time left: 6 hours, 32 minutes, 2 seconds. Time passed: 2 hours, 51 minutes, 41 seconds
2026-08-14 07:02:36,962 - my_experiment - bat_ExpoComm_static_46 - my_run - INFO - Recent Stats | t_env:    1600584 | Episode:     8008
blue_team_alives_mean:    13.9600	blue_team_win_mean:        0.0480	ep_length_mean:          200.0000	episode_length_mean:     199.0000
epsilon:                   0.0500	grad_norm:               1008075.6750	info_nce_loss:             0.0689	loss:                    4573.7161
q_loss:                  4157.9237	q_taken_mean:            134.9197	red_team_alives_mean:     19.7320	red_team_win_mean:         0.8480
return_mean:              -0.0815	return_std:                1.0109	target_mean:             135.0703	td_error_abs:             46.3543
test_blue_team_alives_mean: 18.8000	test_blue_team_win_mean:   0.0000	test_ep_length_mean:     200.0000	test_episode_length_mean:199.0000
test_red_team_alives_mean: 20.0000	test_red_team_win_mean:    0.6000	test_return_mean:         -1.4050	test_return_std:           0.0000

2026-08-14 07:02:38,359 - my_experiment - bat_ExpoComm_static_46 - my_run - INFO - t_env: 1600784 / 5050000
2026-08-14 07:02:38,359 - my_experiment - bat_ExpoComm_static_46 - my_run - INFO - Estimated time left: 6 hours, 25 minutes, 30 seconds. Time passed: 2 hours, 57 minutes, 17 seconds
2026-08-14 07:08:12,774 - my_experiment - bat_ExpoComm_static_46 - my_run - INFO - Recent Stats | t_env:    1650584 | Episode:     8258
blue_team_alives_mean:    14.4400	blue_team_win_mean:        0.0320	ep_length_mean:          200.0000	episode_length_mean:     199.0000
epsilon:                   0.0500	grad_norm:               860864.7250	info_nce_loss:             0.0848	loss:                    6222.7547
q_loss:                  5657.0497	q_taken_mean:            131.2377	red_team_alives_mean:     19.7960	red_team_win_mean:         0.8600
return_mean:              -0.3206	return_std:                0.8839	target_mean:             131.9041	td_error_abs:             55.0487
test_blue_team_alives_mean: 16.6000	test_blue_team_win_mean:   0.0000	test_ep_length_mean:     200.0000	test_episode_length_mean:199.0000
test_red_team_alives_mean: 20.0000	test_red_team_win_mean:    0.6000	test_return_mean:         -0.9460	test_return_std:           0.0000

2026-08-14 07:08:14,140 - my_experiment - bat_ExpoComm_static_46 - my_run - INFO - t_env: 1650784 / 5050000
2026-08-14 07:08:14,141 - my_experiment - bat_ExpoComm_static_46 - my_run - INFO - Estimated time left: 6 hours, 20 minutes, 27 seconds. Time passed: 3 hours, 2 minutes, 52 seconds
2026-08-14 07:13:47,833 - my_experiment - bat_ExpoComm_static_46 - my_run - INFO - Recent Stats | t_env:    1700584 | Episode:     8508
blue_team_alives_mean:    12.3680	blue_team_win_mean:        0.0360	ep_length_mean:          200.0000	episode_length_mean:     199.0000
epsilon:                   0.0500	grad_norm:               1108229.3250	info_nce_loss:             0.0518	loss:                    6162.3149
q_loss:                  5602.1044	q_taken_mean:            129.8972	red_team_alives_mean:     19.6720	red_team_win_mean:         0.9080
return_mean:               0.1673	return_std:                0.9228	target_mean:             130.7055	td_error_abs:             52.3299
test_blue_team_alives_mean: 16.0000	test_blue_team_win_mean:   0.0000	test_ep_length_mean:     200.0000	test_episode_length_mean:199.0000
test_red_team_alives_mean: 19.8000	test_red_team_win_mean:    0.8000	test_return_mean:         -0.7574	test_return_std:           0.0000

2026-08-14 07:13:49,174 - my_experiment - bat_ExpoComm_static_46 - my_run - INFO - t_env: 1700784 / 5050000
2026-08-14 07:13:49,175 - my_experiment - bat_ExpoComm_static_46 - my_run - INFO - Estimated time left: 6 hours, 14 minutes, 2 seconds. Time passed: 3 hours, 8 minutes, 27 seconds
2026-08-14 07:19:22,112 - my_experiment - bat_ExpoComm_static_46 - my_run - INFO - Recent Stats | t_env:    1750584 | Episode:     8758
blue_team_alives_mean:     8.9760	blue_team_win_mean:        0.0120	ep_length_mean:          200.0000	episode_length_mean:     199.0000
epsilon:                   0.0500	grad_norm:               878672.7250	info_nce_loss:             0.1308	loss:                    5827.4727
q_loss:                  5297.7023	q_taken_mean:            129.0317	red_team_alives_mean:     19.7760	red_team_win_mean:         0.9800
return_mean:               0.8418	return_std:                0.7687	target_mean:             128.1724	td_error_abs:             45.3340
test_blue_team_alives_mean: 15.0000	test_blue_team_win_mean:   0.0000	test_ep_length_mean:     200.0000	test_episode_length_mean:199.0000
test_red_team_alives_mean: 19.8000	test_red_team_win_mean:    0.8000	test_return_mean:         -0.4954	test_return_std:           0.0000

2026-08-14 07:19:23,514 - my_experiment - bat_ExpoComm_static_46 - my_run - INFO - t_env: 1750784 / 5050000
2026-08-14 07:19:23,515 - my_experiment - bat_ExpoComm_static_46 - my_run - INFO - Estimated time left: 6 hours, 7 minutes, 41 seconds. Time passed: 3 hours, 14 minutes, 2 seconds
2026-08-14 07:24:57,412 - my_experiment - bat_ExpoComm_static_46 - my_run - INFO - Recent Stats | t_env:    1800740 | Episode:     9009
blue_team_alives_mean:     7.9485	blue_team_win_mean:        0.0040	ep_length_mean:          199.8275	episode_length_mean:     198.8275
epsilon:                   0.0500	grad_norm:               561798.4625	info_nce_loss:             0.0658	loss:                    3398.4759
q_loss:                  3089.5235	q_taken_mean:            125.5708	red_team_alives_mean:     19.7343	red_team_win_mean:         0.9880
return_mean:               1.1594	return_std:                0.6945	target_mean:             126.5294	td_error_abs:             36.8558
test_blue_team_alives_mean: 12.6000	test_blue_team_win_mean:   0.0000	test_ep_length_mean:     200.0000	test_episode_length_mean:199.0000
test_red_team_alives_mean: 19.8000	test_red_team_win_mean:    1.0000	test_return_mean:          0.3026	test_return_std:           0.0000

2026-08-14 07:24:58,750 - my_experiment - bat_ExpoComm_static_46 - my_run - INFO - t_env: 1800940 / 5050000
2026-08-14 07:24:58,751 - my_experiment - bat_ExpoComm_static_46 - my_run - INFO - Estimated time left: 6 hours, 1 minutes, 56 seconds. Time passed: 3 hours, 19 minutes, 37 seconds
2026-08-14 07:30:32,754 - my_experiment - bat_ExpoComm_static_46 - my_run - INFO - Recent Stats | t_env:    1850740 | Episode:     9259
blue_team_alives_mean:     8.2640	blue_team_win_mean:        0.0000	ep_length_mean:          200.0000	episode_length_mean:     199.0000
epsilon:                   0.0500	grad_norm:               540176.2375	info_nce_loss:             0.0413	loss:                    3179.7513
q_loss:                  2890.6830	q_taken_mean:            125.0650	red_team_alives_mean:     19.8000	red_team_win_mean:         0.9960
return_mean:               1.2083	return_std:                0.6781	target_mean:             124.8733	td_error_abs:             35.8611
test_blue_team_alives_mean: 10.4000	test_blue_team_win_mean:   0.0000	test_ep_length_mean:     200.0000	test_episode_length_mean:199.0000
test_red_team_alives_mean: 19.8000	test_red_team_win_mean:    1.0000	test_return_mean:          0.8336	test_return_std:           0.0000

2026-08-14 07:30:34,093 - my_experiment - bat_ExpoComm_static_46 - my_run - INFO - t_env: 1850940 / 5050000
2026-08-14 07:30:34,094 - my_experiment - bat_ExpoComm_static_46 - my_run - INFO - Estimated time left: 5 hours, 57 minutes, 35 seconds. Time passed: 3 hours, 25 minutes, 12 seconds
2026-08-14 07:36:07,000 - my_experiment - bat_ExpoComm_static_46 - my_run - INFO - Recent Stats | t_env:    1900740 | Episode:     9509
blue_team_alives_mean:     8.2920	blue_team_win_mean:        0.0000	ep_length_mean:          200.0000	episode_length_mean:     199.0000
epsilon:                   0.0500	grad_norm:               366787.4250	info_nce_loss:             0.0384	loss:                    2415.9114
q_loss:                  2196.2831	q_taken_mean:            127.8472	red_team_alives_mean:     19.7720	red_team_win_mean:         0.9960
return_mean:               1.2551	return_std:                0.7011	target_mean:             127.5401	td_error_abs:             33.8947
test_blue_team_alives_mean: 11.0000	test_blue_team_win_mean:   0.0000	test_ep_length_mean:     200.0000	test_episode_length_mean:199.0000
test_red_team_alives_mean: 19.8000	test_red_team_win_mean:    1.0000	test_return_mean:          0.8166	test_return_std:           0.0000

2026-08-14 07:36:08,356 - my_experiment - bat_ExpoComm_static_46 - my_run - INFO - t_env: 1900940 / 5050000
2026-08-14 07:36:08,357 - my_experiment - bat_ExpoComm_static_46 - my_run - INFO - Estimated time left: 5 hours, 50 minutes, 52 seconds. Time passed: 3 hours, 30 minutes, 47 seconds
2026-08-14 07:41:40,362 - my_experiment - bat_ExpoComm_static_46 - my_run - INFO - Recent Stats | t_env:    1950740 | Episode:     9759
blue_team_alives_mean:     6.6640	blue_team_win_mean:        0.0000	ep_length_mean:          200.0000	episode_length_mean:     199.0000
epsilon:                   0.0500	grad_norm:               379005.0062	info_nce_loss:             0.1004	loss:                    2720.1859
q_loss:                  2472.8962	q_taken_mean:            123.1911	red_team_alives_mean:     19.7720	red_team_win_mean:         1.0000
return_mean:               1.2840	return_std:                0.6710	target_mean:             123.3643	td_error_abs:             33.7001
test_blue_team_alives_mean:  9.2000	test_blue_team_win_mean:   0.0000	test_ep_length_mean:     200.0000	test_episode_length_mean:199.0000
test_red_team_alives_mean: 20.0000	test_red_team_win_mean:    1.0000	test_return_mean:          1.2920	test_return_std:           0.0000

2026-08-14 07:41:41,713 - my_experiment - bat_ExpoComm_static_46 - my_run - INFO - t_env: 1950940 / 5050000
2026-08-14 07:41:41,714 - my_experiment - bat_ExpoComm_static_46 - my_run - INFO - Estimated time left: 5 hours, 44 minutes, 21 seconds. Time passed: 3 hours, 36 minutes, 20 seconds
2026-08-14 07:47:13,816 - my_experiment - bat_ExpoComm_static_46 - my_run - INFO - Saving models to work_dirs/my_experiment/bat_ExpoComm_static_46/my_run/20260814_040457/models/2000520
2026-08-14 07:47:16,504 - my_experiment - bat_ExpoComm_static_46 - my_run - INFO - Recent Stats | t_env:    2000920 | Episode:    10010
blue_team_alives_mean:     7.5472	blue_team_win_mean:        0.0000	ep_length_mean:          199.9216	episode_length_mean:     198.9216
epsilon:                   0.0500	grad_norm:               252536.1453	info_nce_loss:             0.0594	loss:                    1871.4467
q_loss:                  1701.3152	q_taken_mean:            121.0644	red_team_alives_mean:     19.7051	red_team_win_mean:         0.9960
return_mean:               1.3691	return_std:                0.6962	target_mean:             120.4914	td_error_abs:             30.8180
test_blue_team_alives_mean:  8.0000	test_blue_team_win_mean:   0.0000	test_ep_length_mean:     200.0000	test_episode_length_mean:199.0000
test_red_team_alives_mean: 20.0000	test_red_team_win_mean:    1.0000	test_return_mean:          1.7040	test_return_std:           0.0000

2026-08-14 07:47:17,835 - my_experiment - bat_ExpoComm_static_46 - my_run - INFO - t_env: 2001120 / 5050000
2026-08-14 07:47:17,836 - my_experiment - bat_ExpoComm_static_46 - my_run - INFO - Estimated time left: 5 hours, 40 minutes, 22 seconds. Time passed: 3 hours, 41 minutes, 56 seconds
2026-08-14 07:52:49,358 - my_experiment - bat_ExpoComm_static_46 - my_run - INFO - Recent Stats | t_env:    2050920 | Episode:    10260
blue_team_alives_mean:     6.6440	blue_team_win_mean:        0.0040	ep_length_mean:          200.0000	episode_length_mean:     199.0000
epsilon:                   0.0500	grad_norm:               404210.4297	info_nce_loss:             0.0510	loss:                    3563.4655
q_loss:                  3239.5141	q_taken_mean:            120.5774	red_team_alives_mean:     19.7040	red_team_win_mean:         0.9960
return_mean:               1.2002	return_std:                0.6462	target_mean:             120.6110	td_error_abs:             41.5277
test_blue_team_alives_mean:  8.0000	test_blue_team_win_mean:   0.0000	test_ep_length_mean:     200.0000	test_episode_length_mean:199.0000
test_red_team_alives_mean: 20.0000	test_red_team_win_mean:    1.0000	test_return_mean:          1.5760	test_return_std:           0.0000

2026-08-14 07:52:50,715 - my_experiment - bat_ExpoComm_static_46 - my_run - INFO - t_env: 2051120 / 5050000
2026-08-14 07:52:50,715 - my_experiment - bat_ExpoComm_static_46 - my_run - INFO - Estimated time left: 5 hours, 32 minutes, 45 seconds. Time passed: 3 hours, 47 minutes, 29 seconds
2026-08-14 07:58:23,056 - my_experiment - bat_ExpoComm_static_46 - my_run - INFO - Recent Stats | t_env:    2100920 | Episode:    10510
blue_team_alives_mean:     6.6120	blue_team_win_mean:        0.0000	ep_length_mean:          200.0000	episode_length_mean:     199.0000
epsilon:                   0.0500	grad_norm:               323097.5406	info_nce_loss:             0.0764	loss:                    2617.7054
q_loss:                  2379.7322	q_taken_mean:            116.5801	red_team_alives_mean:     19.7000	red_team_win_mean:         0.9960
return_mean:               1.2508	return_std:                0.6262	target_mean:             117.5311	td_error_abs:             37.3113
test_blue_team_alives_mean:  8.4000	test_blue_team_win_mean:   0.0000	test_ep_length_mean:     200.0000	test_episode_length_mean:199.0000
test_red_team_alives_mean: 19.8000	test_red_team_win_mean:    1.0000	test_return_mean:          1.4224	test_return_std:           0.0000

2026-08-14 07:58:24,394 - my_experiment - bat_ExpoComm_static_46 - my_run - INFO - t_env: 2101120 / 5050000
2026-08-14 07:58:24,395 - my_experiment - bat_ExpoComm_static_46 - my_run - INFO - Estimated time left: 5 hours, 27 minutes, 59 seconds. Time passed: 3 hours, 53 minutes, 3 seconds
2026-08-14 08:03:55,525 - my_experiment - bat_ExpoComm_static_46 - my_run - INFO - Recent Stats | t_env:    2150920 | Episode:    10760
blue_team_alives_mean:     6.3520	blue_team_win_mean:        0.0000	ep_length_mean:          200.0000	episode_length_mean:     199.0000
epsilon:                   0.0500	grad_norm:               350264.2453	info_nce_loss:             0.0202	loss:                    2484.4079
q_loss:                  2258.5526	q_taken_mean:            119.2804	red_team_alives_mean:     19.7760	red_team_win_mean:         0.9960
return_mean:               1.3270	return_std:                0.6564	target_mean:             118.5599	td_error_abs:             34.4985
test_blue_team_alives_mean:  9.4000	test_blue_team_win_mean:   0.0000	test_ep_length_mean:     200.0000	test_episode_length_mean:199.0000
test_red_team_alives_mean: 19.6000	test_red_team_win_mean:    1.0000	test_return_mean:          1.1490	test_return_std:           0.0000

2026-08-14 08:03:56,825 - my_experiment - bat_ExpoComm_static_46 - my_run - INFO - t_env: 2151120 / 5050000
2026-08-14 08:03:56,826 - my_experiment - bat_ExpoComm_static_46 - my_run - INFO - Estimated time left: 5 hours, 21 minutes, 13 seconds. Time passed: 3 hours, 58 minutes, 35 seconds
2026-08-14 08:09:29,335 - my_experiment - bat_ExpoComm_static_46 - my_run - INFO - Recent Stats | t_env:    2200920 | Episode:    11010
blue_team_alives_mean:     6.7600	blue_team_win_mean:        0.0000	ep_length_mean:          200.0000	episode_length_mean:     199.0000
epsilon:                   0.0500	grad_norm:               273774.2219	info_nce_loss:             0.1356	loss:                    1837.1775
q_loss:                  1670.1614	q_taken_mean:            117.4172	red_team_alives_mean:     19.7160	red_team_win_mean:         1.0000
return_mean:               1.3208	return_std:                0.6323	target_mean:             117.2743	td_error_abs:             30.5831
test_blue_team_alives_mean:  9.2000	test_blue_team_win_mean:   0.0000	test_ep_length_mean:     200.0000	test_episode_length_mean:199.0000
test_red_team_alives_mean: 19.6000	test_red_team_win_mean:    1.0000	test_return_mean:          1.1260	test_return_std:           0.0000

2026-08-14 08:09:30,695 - my_experiment - bat_ExpoComm_static_46 - my_run - INFO - t_env: 2201120 / 5050000
2026-08-14 08:09:30,696 - my_experiment - bat_ExpoComm_static_46 - my_run - INFO - Estimated time left: 5 hours, 17 minutes, 3 seconds. Time passed: 4 hours, 4 minutes, 9 seconds
2026-08-14 08:15:03,164 - my_experiment - bat_ExpoComm_static_46 - my_run - INFO - Recent Stats | t_env:    2250920 | Episode:    11260
blue_team_alives_mean:     7.6640	blue_team_win_mean:        0.0000	ep_length_mean:          200.0000	episode_length_mean:     199.0000
epsilon:                   0.0500	grad_norm:               307154.5000	info_nce_loss:             0.0068	loss:                    2365.8195
q_loss:                  2150.7450	q_taken_mean:            113.5527	red_team_alives_mean:     19.6840	red_team_win_mean:         1.0000
return_mean:               1.3444	return_std:                0.7025	target_mean:             113.3946	td_error_abs:             33.7799
test_blue_team_alives_mean:  9.6000	test_blue_team_win_mean:   0.0000	test_ep_length_mean:     200.0000	test_episode_length_mean:199.0000
test_red_team_alives_mean: 19.6000	test_red_team_win_mean:    1.0000	test_return_mean:          0.9630	test_return_std:           0.0000

2026-08-14 08:15:04,468 - my_experiment - bat_ExpoComm_static_46 - my_run - INFO - t_env: 2251120 / 5050000
2026-08-14 08:15:04,468 - my_experiment - bat_ExpoComm_static_46 - my_run - INFO - Estimated time left: 5 hours, 11 minutes, 23 seconds. Time passed: 4 hours, 9 minutes, 43 seconds
2026-08-14 08:20:34,129 - my_experiment - bat_ExpoComm_static_46 - my_run - INFO - Recent Stats | t_env:    2300920 | Episode:    11510
blue_team_alives_mean:     5.7360	blue_team_win_mean:        0.0000	ep_length_mean:          200.0000	episode_length_mean:     199.0000
epsilon:                   0.0500	grad_norm:               306816.8875	info_nce_loss:             0.0313	loss:                    2217.5336
q_loss:                  2015.9397	q_taken_mean:            113.2855	red_team_alives_mean:     19.8240	red_team_win_mean:         1.0000
return_mean:               1.4370	return_std:                0.5870	target_mean:             112.5262	td_error_abs:             31.9854
test_blue_team_alives_mean:  8.8000	test_blue_team_win_mean:   0.0000	test_ep_length_mean:     200.0000	test_episode_length_mean:199.0000
test_red_team_alives_mean: 19.6000	test_red_team_win_mean:    1.0000	test_return_mean:          0.7780	test_return_std:           0.0000

2026-08-14 08:20:35,478 - my_experiment - bat_ExpoComm_static_46 - my_run - INFO - t_env: 2301120 / 5050000
2026-08-14 08:20:35,479 - my_experiment - bat_ExpoComm_static_46 - my_run - INFO - Estimated time left: 5 hours, 3 minutes, 18 seconds. Time passed: 4 hours, 15 minutes, 14 seconds
2026-08-14 08:26:05,250 - my_experiment - bat_ExpoComm_static_46 - my_run - INFO - Recent Stats | t_env:    2350920 | Episode:    11760
blue_team_alives_mean:     5.8640	blue_team_win_mean:        0.0000	ep_length_mean:          200.0000	episode_length_mean:     199.0000
epsilon:                   0.0500	grad_norm:               217649.9156	info_nce_loss:             0.0283	loss:                    2372.3886
q_loss:                  2156.7169	q_taken_mean:            107.7866	red_team_alives_mean:     19.6960	red_team_win_mean:         1.0000
return_mean:               1.3784	return_std:                0.5905	target_mean:             107.8479	td_error_abs:             32.0573
test_blue_team_alives_mean:  8.0000	test_blue_team_win_mean:   0.0000	test_ep_length_mean:     200.0000	test_episode_length_mean:199.0000
test_red_team_alives_mean: 19.8000	test_red_team_win_mean:    1.0000	test_return_mean:          0.9276	test_return_std:           0.0000

2026-08-14 08:26:06,591 - my_experiment - bat_ExpoComm_static_46 - my_run - INFO - t_env: 2351120 / 5050000
2026-08-14 08:26:06,592 - my_experiment - bat_ExpoComm_static_46 - my_run - INFO - Estimated time left: 4 hours, 57 minutes, 52 seconds. Time passed: 4 hours, 20 minutes, 45 seconds
2026-08-14 08:31:37,424 - my_experiment - bat_ExpoComm_static_46 - my_run - INFO - Recent Stats | t_env:    2400920 | Episode:    12010
blue_team_alives_mean:     6.2120	blue_team_win_mean:        0.0000	ep_length_mean:          200.0000	episode_length_mean:     199.0000
epsilon:                   0.0500	grad_norm:               205845.6187	info_nce_loss:             0.0282	loss:                    1597.2657
q_loss:                  1452.0598	q_taken_mean:            107.8177	red_team_alives_mean:     19.6560	red_team_win_mean:         1.0000
return_mean:               1.4769	return_std:                0.6203	target_mean:             107.5381	td_error_abs:             27.8846
test_blue_team_alives_mean:  6.4000	test_blue_team_win_mean:   0.0000	test_ep_length_mean:     200.0000	test_episode_length_mean:199.0000
test_red_team_alives_mean: 19.6000	test_red_team_win_mean:    1.0000	test_return_mean:          1.2978	test_return_std:           0.0000

2026-08-14 08:31:38,775 - my_experiment - bat_ExpoComm_static_46 - my_run - INFO - t_env: 2401120 / 5050000
2026-08-14 08:31:38,776 - my_experiment - bat_ExpoComm_static_46 - my_run - INFO - Estimated time left: 4 hours, 53 minutes, 18 seconds. Time passed: 4 hours, 26 minutes, 17 seconds
2026-08-14 08:37:07,335 - my_experiment - bat_ExpoComm_static_46 - my_run - INFO - Recent Stats | t_env:    2450920 | Episode:    12260
blue_team_alives_mean:     5.5400	blue_team_win_mean:        0.0000	ep_length_mean:          200.0000	episode_length_mean:     199.0000
epsilon:                   0.0500	grad_norm:               188095.9531	info_nce_loss:             0.0216	loss:                    1424.1551
q_loss:                  1294.6865	q_taken_mean:            103.4836	red_team_alives_mean:     19.7640	red_team_win_mean:         1.0000
return_mean:               1.6999	return_std:                0.5555	target_mean:             103.7063	td_error_abs:             26.7812
test_blue_team_alives_mean:  6.0000	test_blue_team_win_mean:   0.0000	test_ep_length_mean:     200.0000	test_episode_length_mean:199.0000
test_red_team_alives_mean: 19.6000	test_red_team_win_mean:    1.0000	test_return_mean:          1.4428	test_return_std:           0.0000

2026-08-14 08:37:08,644 - my_experiment - bat_ExpoComm_static_46 - my_run - INFO - t_env: 2451120 / 5050000
2026-08-14 08:37:08,645 - my_experiment - bat_ExpoComm_static_46 - my_run - INFO - Estimated time left: 4 hours, 45 minutes, 45 seconds. Time passed: 4 hours, 31 minutes, 47 seconds
2026-08-14 08:42:32,846 - my_experiment - bat_ExpoComm_static_46 - my_run - INFO - Saving models to work_dirs/my_experiment/bat_ExpoComm_static_46/my_run/20260814_040457/models/2500520
2026-08-14 08:42:35,469 - my_experiment - bat_ExpoComm_static_46 - my_run - INFO - Recent Stats | t_env:    2500920 | Episode:    12510
blue_team_alives_mean:     4.9280	blue_team_win_mean:        0.0000	ep_length_mean:          200.0000	episode_length_mean:     199.0000
epsilon:                   0.0500	grad_norm:               233175.7469	info_nce_loss:             0.0533	loss:                    2003.8081
q_loss:                  1821.6438	q_taken_mean:            100.1854	red_team_alives_mean:     19.8040	red_team_win_mean:         1.0000
return_mean:               1.8125	return_std:                0.5669	target_mean:             100.0879	td_error_abs:             31.5699
test_blue_team_alives_mean:  5.8000	test_blue_team_win_mean:   0.0000	test_ep_length_mean:     200.0000	test_episode_length_mean:199.0000
test_red_team_alives_mean: 19.6000	test_red_team_win_mean:    1.0000	test_return_mean:          1.4228	test_return_std:           0.0000

2026-08-14 08:42:36,759 - my_experiment - bat_ExpoComm_static_46 - my_run - INFO - t_env: 2501120 / 5050000
2026-08-14 08:42:36,760 - my_experiment - bat_ExpoComm_static_46 - my_run - INFO - Estimated time left: 4 hours, 38 minutes, 46 seconds. Time passed: 4 hours, 37 minutes, 15 seconds
2026-08-14 08:48:03,414 - my_experiment - bat_ExpoComm_static_46 - my_run - INFO - Recent Stats | t_env:    2550920 | Episode:    12760
blue_team_alives_mean:     5.0240	blue_team_win_mean:        0.0000	ep_length_mean:          200.0000	episode_length_mean:     199.0000
epsilon:                   0.0500	grad_norm:               214361.9469	info_nce_loss:             0.0426	loss:                    1959.3879
q_loss:                  1781.2617	q_taken_mean:             99.0081	red_team_alives_mean:     19.8240	red_team_win_mean:         1.0000
return_mean:               1.9212	return_std:                0.6482	target_mean:              99.7408	td_error_abs:             32.3736
test_blue_team_alives_mean:  5.8000	test_blue_team_win_mean:   0.0000	test_ep_length_mean:     200.0000	test_episode_length_mean:199.0000
test_red_team_alives_mean: 19.6000	test_red_team_win_mean:    1.0000	test_return_mean:          1.9198	test_return_std:           0.0000

2026-08-14 08:48:04,734 - my_experiment - bat_ExpoComm_static_46 - my_run - INFO - t_env: 2551120 / 5050000
2026-08-14 08:48:04,734 - my_experiment - bat_ExpoComm_static_46 - my_run - INFO - Estimated time left: 4 hours, 33 minutes, 11 seconds. Time passed: 4 hours, 42 minutes, 43 seconds
2026-08-14 08:53:34,527 - my_experiment - bat_ExpoComm_static_46 - my_run - INFO - Recent Stats | t_env:    2600920 | Episode:    13010
blue_team_alives_mean:     5.8080	blue_team_win_mean:        0.0040	ep_length_mean:          200.0000	episode_length_mean:     199.0000
epsilon:                   0.0500	grad_norm:               176635.5469	info_nce_loss:             0.0884	loss:                    1520.3856
q_loss:                  1382.1687	q_taken_mean:             97.5600	red_team_alives_mean:     19.6960	red_team_win_mean:         0.9960
return_mean:               1.7703	return_std:                0.6663	target_mean:              97.4882	td_error_abs:             27.4489
test_blue_team_alives_mean:  5.2000	test_blue_team_win_mean:   0.0000	test_ep_length_mean:     200.0000	test_episode_length_mean:199.0000
test_red_team_alives_mean: 19.6000	test_red_team_win_mean:    1.0000	test_return_mean:          2.1678	test_return_std:           0.0000

2026-08-14 08:53:35,824 - my_experiment - bat_ExpoComm_static_46 - my_run - INFO - t_env: 2601120 / 5050000
2026-08-14 08:53:35,825 - my_experiment - bat_ExpoComm_static_46 - my_run - INFO - Estimated time left: 4 hours, 30 minutes, 16 seconds. Time passed: 4 hours, 48 minutes, 14 seconds
2026-08-14 08:59:08,400 - my_experiment - bat_ExpoComm_static_46 - my_run - INFO - Recent Stats | t_env:    2650920 | Episode:    13260
blue_team_alives_mean:     6.4400	blue_team_win_mean:        0.0000	ep_length_mean:          200.0000	episode_length_mean:     199.0000
epsilon:                   0.0500	grad_norm:               133852.0336	info_nce_loss:             0.0627	loss:                    1465.5701
q_loss:                  1332.3364	q_taken_mean:             93.9910	red_team_alives_mean:     19.6960	red_team_win_mean:         1.0000
return_mean:               1.6409	return_std:                0.6528	target_mean:              93.9043	td_error_abs:             26.1342
test_blue_team_alives_mean:  6.0000	test_blue_team_win_mean:   0.0000	test_ep_length_mean:     200.0000	test_episode_length_mean:199.0000
test_red_team_alives_mean: 20.0000	test_red_team_win_mean:    1.0000	test_return_mean:          1.9590	test_return_std:           0.0000

2026-08-14 08:59:09,739 - my_experiment - bat_ExpoComm_static_46 - my_run - INFO - t_env: 2651120 / 5050000
2026-08-14 08:59:09,740 - my_experiment - bat_ExpoComm_static_46 - my_run - INFO - Estimated time left: 4 hours, 27 minutes, 0 seconds. Time passed: 4 hours, 53 minutes, 48 seconds
2026-08-14 09:04:43,810 - my_experiment - bat_ExpoComm_static_46 - my_run - INFO - Recent Stats | t_env:    2700920 | Episode:    13510
blue_team_alives_mean:     8.4800	blue_team_win_mean:        0.0000	ep_length_mean:          200.0000	episode_length_mean:     199.0000
epsilon:                   0.0500	grad_norm:               169861.8109	info_nce_loss:             0.0202	loss:                    1508.4224
q_loss:                  1371.2931	q_taken_mean:             97.9168	red_team_alives_mean:     19.5680	red_team_win_mean:         0.9880
return_mean:               1.3722	return_std:                0.8078	target_mean:              98.6663	td_error_abs:             26.3291
test_blue_team_alives_mean:  6.8000	test_blue_team_win_mean:   0.0000	test_ep_length_mean:     200.0000	test_episode_length_mean:199.0000
test_red_team_alives_mean: 20.0000	test_red_team_win_mean:    1.0000	test_return_mean:          1.8450	test_return_std:           0.0000

2026-08-14 09:04:45,159 - my_experiment - bat_ExpoComm_static_46 - my_run - INFO - t_env: 2701120 / 5050000
2026-08-14 09:04:45,160 - my_experiment - bat_ExpoComm_static_46 - my_run - INFO - Estimated time left: 4 hours, 22 minutes, 37 seconds. Time passed: 4 hours, 59 minutes, 23 seconds
2026-08-14 09:10:19,334 - my_experiment - bat_ExpoComm_static_46 - my_run - INFO - Recent Stats | t_env:    2750920 | Episode:    13760
blue_team_alives_mean:     7.8960	blue_team_win_mean:        0.0040	ep_length_mean:          200.0000	episode_length_mean:     199.0000
epsilon:                   0.0500	grad_norm:               179146.6281	info_nce_loss:             0.0131	loss:                    1354.0656
q_loss:                  1230.9687	q_taken_mean:             97.8536	red_team_alives_mean:     19.4560	red_team_win_mean:         0.9920
return_mean:               1.3961	return_std:                0.8196	target_mean:              97.9039	td_error_abs:             26.5196
test_blue_team_alives_mean:  8.2000	test_blue_team_win_mean:   0.0000	test_ep_length_mean:     200.0000	test_episode_length_mean:199.0000
test_red_team_alives_mean: 20.0000	test_red_team_win_mean:    1.0000	test_return_mean:          1.6380	test_return_std:           0.0000

2026-08-14 09:10:20,696 - my_experiment - bat_ExpoComm_static_46 - my_run - INFO - t_env: 2751120 / 5050000
2026-08-14 09:10:20,697 - my_experiment - bat_ExpoComm_static_46 - my_run - INFO - Estimated time left: 4 hours, 17 minutes, 7 seconds. Time passed: 5 hours, 4 minutes, 59 seconds
2026-08-14 09:15:56,115 - my_experiment - bat_ExpoComm_static_46 - my_run - INFO - Recent Stats | t_env:    2801108 | Episode:    14011
blue_team_alives_mean:     6.5758	blue_team_win_mean:        0.0000	ep_length_mean:          199.9529	episode_length_mean:     198.9529
epsilon:                   0.0500	grad_norm:               175213.1266	info_nce_loss:             0.0982	loss:                    1454.3244
q_loss:                  1322.1131	q_taken_mean:             97.5529	red_team_alives_mean:     19.6453	red_team_win_mean:         0.9920
return_mean:               1.7923	return_std:                0.6156	target_mean:              97.1358	td_error_abs:             26.4076
test_blue_team_alives_mean:  8.8000	test_blue_team_win_mean:   0.0000	test_ep_length_mean:     200.0000	test_episode_length_mean:199.0000
test_red_team_alives_mean: 20.0000	test_red_team_win_mean:    1.0000	test_return_mean:          1.5020	test_return_std:           0.0000

2026-08-14 09:15:57,455 - my_experiment - bat_ExpoComm_static_46 - my_run - INFO - t_env: 2801308 / 5050000
2026-08-14 09:15:57,455 - my_experiment - bat_ExpoComm_static_46 - my_run - INFO - Estimated time left: 4 hours, 11 minutes, 28 seconds. Time passed: 5 hours, 10 minutes, 36 seconds
2026-08-14 09:21:31,752 - my_experiment - bat_ExpoComm_static_46 - my_run - INFO - Recent Stats | t_env:    2851108 | Episode:    14261
blue_team_alives_mean:     7.9240	blue_team_win_mean:        0.0040	ep_length_mean:          200.0000	episode_length_mean:     199.0000
epsilon:                   0.0500	grad_norm:               478242.6719	info_nce_loss:             0.0128	loss:                    4401.9915
q_loss:                  4001.8105	q_taken_mean:             99.3562	red_team_alives_mean:     19.6480	red_team_win_mean:         0.9960
return_mean:               1.4914	return_std:                0.7316	target_mean:              98.9162	td_error_abs:             51.1068
test_blue_team_alives_mean:  9.4000	test_blue_team_win_mean:   0.0000	test_ep_length_mean:     200.0000	test_episode_length_mean:199.0000
test_red_team_alives_mean: 20.0000	test_red_team_win_mean:    1.0000	test_return_mean:          1.3890	test_return_std:           0.0000

2026-08-14 09:21:33,116 - my_experiment - bat_ExpoComm_static_46 - my_run - INFO - t_env: 2851308 / 5050000
2026-08-14 09:21:33,116 - my_experiment - bat_ExpoComm_static_46 - my_run - INFO - Estimated time left: 4 hours, 6 minutes, 0 seconds. Time passed: 5 hours, 16 minutes, 11 seconds
2026-08-14 09:27:07,618 - my_experiment - bat_ExpoComm_static_46 - my_run - INFO - Recent Stats | t_env:    2901108 | Episode:    14511
blue_team_alives_mean:     8.6840	blue_team_win_mean:        0.0000	ep_length_mean:          200.0000	episode_length_mean:     199.0000
epsilon:                   0.0500	grad_norm:               393298.0250	info_nce_loss:             0.0631	loss:                    3453.2252
q_loss:                  3139.2956	q_taken_mean:            102.0353	red_team_alives_mean:     19.7400	red_team_win_mean:         0.9880
return_mean:               1.1569	return_std:                0.7895	target_mean:             101.7079	td_error_abs:             43.6436
test_blue_team_alives_mean: 10.0000	test_blue_team_win_mean:   0.0000	test_ep_length_mean:     200.0000	test_episode_length_mean:199.0000
test_red_team_alives_mean: 19.4000	test_red_team_win_mean:    1.0000	test_return_mean:          1.2906	test_return_std:           0.0000

2026-08-14 09:27:09,031 - my_experiment - bat_ExpoComm_static_46 - my_run - INFO - t_env: 2901308 / 5050000
2026-08-14 09:27:09,032 - my_experiment - bat_ExpoComm_static_46 - my_run - INFO - Estimated time left: 4 hours, 35 seconds. Time passed: 5 hours, 21 minutes, 47 seconds
2026-08-14 09:32:43,121 - my_experiment - bat_ExpoComm_static_46 - my_run - INFO - Recent Stats | t_env:    2951108 | Episode:    14761
blue_team_alives_mean:     7.9440	blue_team_win_mean:        0.0000	ep_length_mean:          200.0000	episode_length_mean:     199.0000
epsilon:                   0.0500	grad_norm:               385407.1094	info_nce_loss:             0.0520	loss:                    3263.1704
q_loss:                  2966.5186	q_taken_mean:            104.2462	red_team_alives_mean:     19.5280	red_team_win_mean:         0.9960
return_mean:               1.3914	return_std:                0.8108	target_mean:             104.6668	td_error_abs:             42.1210
test_blue_team_alives_mean: 10.4000	test_blue_team_win_mean:   0.0000	test_ep_length_mean:     200.0000	test_episode_length_mean:199.0000
test_red_team_alives_mean: 19.2000	test_red_team_win_mean:    1.0000	test_return_mean:          1.0655	test_return_std:           0.0000

2026-08-14 09:32:44,481 - my_experiment - bat_ExpoComm_static_46 - my_run - INFO - t_env: 2951308 / 5050000
2026-08-14 09:32:44,482 - my_experiment - bat_ExpoComm_static_46 - my_run - INFO - Estimated time left: 3 hours, 54 minutes, 40 seconds. Time passed: 5 hours, 27 minutes, 23 seconds
2026-08-14 09:38:14,295 - my_experiment - bat_ExpoComm_static_46 - my_run - INFO - Saving models to work_dirs/my_experiment/bat_ExpoComm_static_46/my_run/20260814_040457/models/3000559
2026-08-14 09:38:18,320 - my_experiment - bat_ExpoComm_static_46 - my_run - INFO - Recent Stats | t_env:    3001159 | Episode:    15012
blue_team_alives_mean:     5.0937	blue_team_win_mean:        0.0000	ep_length_mean:          199.4745	episode_length_mean:     198.4745
epsilon:                   0.0500	grad_norm:               208220.2406	info_nce_loss:             0.0368	loss:                    1566.3163
q_loss:                  1423.9239	q_taken_mean:            106.4648	red_team_alives_mean:     19.6675	red_team_win_mean:         1.0000
return_mean:               1.8088	return_std:                0.7128	target_mean:             106.6765	td_error_abs:             28.3385
test_blue_team_alives_mean:  8.6000	test_blue_team_win_mean:   0.0000	test_ep_length_mean:     200.0000	test_episode_length_mean:199.0000
test_red_team_alives_mean: 19.2000	test_red_team_win_mean:    1.0000	test_return_mean:          1.4375	test_return_std:           0.0000

2026-08-14 09:38:19,688 - my_experiment - bat_ExpoComm_static_46 - my_run - INFO - t_env: 3001359 / 5050000
2026-08-14 09:38:19,689 - my_experiment - bat_ExpoComm_static_46 - my_run - INFO - Estimated time left: 3 hours, 48 minutes, 40 seconds. Time passed: 5 hours, 32 minutes, 58 seconds
2026-08-14 09:43:53,768 - my_experiment - bat_ExpoComm_static_46 - my_run - INFO - Recent Stats | t_env:    3051293 | Episode:    15263
blue_team_alives_mean:     5.1458	blue_team_win_mean:        0.0000	ep_length_mean:          199.7255	episode_length_mean:     198.7255
epsilon:                   0.0500	grad_norm:               209104.1969	info_nce_loss:             0.0056	loss:                    1619.5786
q_loss:                  1472.3442	q_taken_mean:            104.2718	red_team_alives_mean:     19.6877	red_team_win_mean:         1.0000
return_mean:               1.6746	return_std:                0.6243	target_mean:             104.4456	td_error_abs:             28.2707
test_blue_team_alives_mean:  8.8000	test_blue_team_win_mean:   0.0000	test_ep_length_mean:     200.0000	test_episode_length_mean:199.0000
test_red_team_alives_mean: 19.2000	test_red_team_win_mean:    1.0000	test_return_mean:          1.2075	test_return_std:           0.0000

2026-08-14 09:43:55,168 - my_experiment - bat_ExpoComm_static_46 - my_run - INFO - t_env: 3051493 / 5050000
2026-08-14 09:43:55,169 - my_experiment - bat_ExpoComm_static_46 - my_run - INFO - Estimated time left: 3 hours, 42 minutes, 53 seconds. Time passed: 5 hours, 38 minutes, 33 seconds
2026-08-14 09:49:29,816 - my_experiment - bat_ExpoComm_static_46 - my_run - INFO - Recent Stats | t_env:    3101457 | Episode:    15514
blue_team_alives_mean:     5.2947	blue_team_win_mean:        0.0000	ep_length_mean:          199.8667	episode_length_mean:     198.8667
epsilon:                   0.0500	grad_norm:               329814.1000	info_nce_loss:             0.0258	loss:                    2218.9888
q_loss:                  2017.2625	q_taken_mean:            102.9031	red_team_alives_mean:     19.6765	red_team_win_mean:         1.0000
return_mean:               1.7090	return_std:                0.6746	target_mean:             103.0205	td_error_abs:             37.1354
test_blue_team_alives_mean:  9.4000	test_blue_team_win_mean:   0.0000	test_ep_length_mean:     200.0000	test_episode_length_mean:199.0000
test_red_team_alives_mean: 19.2000	test_red_team_win_mean:    1.0000	test_return_mean:          0.8695	test_return_std:           0.0000

2026-08-14 09:49:31,174 - my_experiment - bat_ExpoComm_static_46 - my_run - INFO - t_env: 3101657 / 5050000
2026-08-14 09:49:31,175 - my_experiment - bat_ExpoComm_static_46 - my_run - INFO - Estimated time left: 3 hours, 37 minutes, 30 seconds. Time passed: 5 hours, 44 minutes, 9 seconds
2026-08-14 09:55:04,356 - my_experiment - bat_ExpoComm_static_46 - my_run - INFO - Recent Stats | t_env:    3151494 | Episode:    15765
blue_team_alives_mean:     5.3443	blue_team_win_mean:        0.0000	ep_length_mean:          199.3451	episode_length_mean:     198.3451
epsilon:                   0.0500	grad_norm:               237238.0938	info_nce_loss:             0.0192	loss:                    1536.9608
q_loss:                  1397.2371	q_taken_mean:            103.1812	red_team_alives_mean:     19.7036	red_team_win_mean:         1.0000
return_mean:               1.8151	return_std:                0.6640	target_mean:             103.1285	td_error_abs:             29.2536
test_blue_team_alives_mean:  7.8000	test_blue_team_win_mean:   0.0000	test_ep_length_mean:     200.0000	test_episode_length_mean:199.0000
test_red_team_alives_mean: 19.8000	test_red_team_win_mean:    1.0000	test_return_mean:          1.1899	test_return_std:           0.0000

2026-08-14 09:55:05,684 - my_experiment - bat_ExpoComm_static_46 - my_run - INFO - t_env: 3151694 / 5050000
2026-08-14 09:55:05,685 - my_experiment - bat_ExpoComm_static_46 - my_run - INFO - Estimated time left: 3 hours, 31 minutes, 30 seconds. Time passed: 5 hours, 49 minutes, 44 seconds
2026-08-14 10:00:38,992 - my_experiment - bat_ExpoComm_static_46 - my_run - INFO - Recent Stats | t_env:    3201688 | Episode:    16016
blue_team_alives_mean:     4.3773	blue_team_win_mean:        0.0000	ep_length_mean:          199.9412	episode_length_mean:     198.9412
epsilon:                   0.0500	grad_norm:               242203.0219	info_nce_loss:             0.0044	loss:                    1583.1541
q_loss:                  1439.2310	q_taken_mean:            100.4249	red_team_alives_mean:     19.7777	red_team_win_mean:         1.0000
return_mean:               1.9426	return_std:                0.6807	target_mean:             100.3857	td_error_abs:             30.3279
test_blue_team_alives_mean:  6.0000	test_blue_team_win_mean:   0.0000	test_ep_length_mean:     200.0000	test_episode_length_mean:199.0000
test_red_team_alives_mean: 20.0000	test_red_team_win_mean:    1.0000	test_return_mean:          1.4770	test_return_std:           0.0000

2026-08-14 10:00:40,339 - my_experiment - bat_ExpoComm_static_46 - my_run - INFO - t_env: 3201888 / 5050000
2026-08-14 10:00:40,340 - my_experiment - bat_ExpoComm_static_46 - my_run - INFO - Estimated time left: 3 hours, 25 minutes, 21 seconds. Time passed: 5 hours, 55 minutes, 19 seconds
2026-08-14 10:06:13,919 - my_experiment - bat_ExpoComm_static_46 - my_run - INFO - Recent Stats | t_env:    3251873 | Episode:    16267
blue_team_alives_mean:     4.7752	blue_team_win_mean:        0.0000	ep_length_mean:          199.9412	episode_length_mean:     198.9412
epsilon:                   0.0500	grad_norm:               223515.2453	info_nce_loss:             0.0678	loss:                    1693.8731
q_loss:                  1539.8846	q_taken_mean:             97.7034	red_team_alives_mean:     19.7128	red_team_win_mean:         1.0000
return_mean:               1.8980	return_std:                0.6908	target_mean:              98.0837	td_error_abs:             29.9792
test_blue_team_alives_mean:  6.0000	test_blue_team_win_mean:   0.0000	test_ep_length_mean:     200.0000	test_episode_length_mean:199.0000
test_red_team_alives_mean: 20.0000	test_red_team_win_mean:    1.0000	test_return_mean:          1.4860	test_return_std:           0.0000

2026-08-14 10:06:15,261 - my_experiment - bat_ExpoComm_static_46 - my_run - INFO - t_env: 3252073 / 5050000
2026-08-14 10:06:15,261 - my_experiment - bat_ExpoComm_static_46 - my_run - INFO - Estimated time left: 3 hours, 19 minutes, 58 seconds. Time passed: 6 hours, 54 seconds
2026-08-14 10:11:46,989 - my_experiment - bat_ExpoComm_static_46 - my_run - INFO - Recent Stats | t_env:    3302019 | Episode:    16518
blue_team_alives_mean:     4.4229	blue_team_win_mean:        0.0000	ep_length_mean:          199.7882	episode_length_mean:     198.7882
epsilon:                   0.0500	grad_norm:               243736.6313	info_nce_loss:             0.0331	loss:                    1641.2319
q_loss:                  1492.0290	q_taken_mean:             92.9227	red_team_alives_mean:     19.6912	red_team_win_mean:         0.9961
return_mean:               1.9653	return_std:                0.6519	target_mean:              93.6092	td_error_abs:             31.2188
test_blue_team_alives_mean:  4.8000	test_blue_team_win_mean:   0.0000	test_ep_length_mean:     200.0000	test_episode_length_mean:199.0000
test_red_team_alives_mean: 20.0000	test_red_team_win_mean:    1.0000	test_return_mean:          1.8730	test_return_std:           0.0000

2026-08-14 10:11:48,296 - my_experiment - bat_ExpoComm_static_46 - my_run - INFO - t_env: 3302219 / 5050000
2026-08-14 10:11:48,297 - my_experiment - bat_ExpoComm_static_46 - my_run - INFO - Estimated time left: 3 hours, 13 minutes, 27 seconds. Time passed: 6 hours, 6 minutes, 27 seconds
2026-08-14 10:17:19,401 - my_experiment - bat_ExpoComm_static_46 - my_run - INFO - Recent Stats | t_env:    3352043 | Episode:    16769
blue_team_alives_mean:     3.9791	blue_team_win_mean:        0.0000	ep_length_mean:          199.3804	episode_length_mean:     198.3804
epsilon:                   0.0500	grad_norm:               126852.1234	info_nce_loss:             0.0140	loss:                    1039.5234
q_loss:                  945.0213	q_taken_mean:             90.9359	red_team_alives_mean:     19.6842	red_team_win_mean:         1.0000
return_mean:               2.1474	return_std:                0.6804	target_mean:              90.7747	td_error_abs:             22.3332
test_blue_team_alives_mean:  3.4000	test_blue_team_win_mean:   0.0000	test_ep_length_mean:     200.0000	test_episode_length_mean:199.0000
test_red_team_alives_mean: 20.0000	test_red_team_win_mean:    1.0000	test_return_mean:          2.4340	test_return_std:           0.0000

2026-08-14 10:17:20,731 - my_experiment - bat_ExpoComm_static_46 - my_run - INFO - t_env: 3352243 / 5050000
2026-08-14 10:17:20,732 - my_experiment - bat_ExpoComm_static_46 - my_run - INFO - Estimated time left: 3 hours, 8 minutes, 2 seconds. Time passed: 6 hours, 11 minutes, 59 seconds
2026-08-14 10:22:53,707 - my_experiment - bat_ExpoComm_static_46 - my_run - INFO - Recent Stats | t_env:    3402084 | Episode:    17022
blue_team_alives_mean:     4.3676	blue_team_win_mean:        0.0000	ep_length_mean:          198.2421	episode_length_mean:     197.2421
epsilon:                   0.0500	grad_norm:               188472.9031	info_nce_loss:             0.0185	loss:                    1390.6552
q_loss:                  1264.2320	q_taken_mean:             88.8621	red_team_alives_mean:     19.7340	red_team_win_mean:         1.0000
return_mean:               2.1434	return_std:                0.8368	target_mean:              87.9040	td_error_abs:             28.1085
test_blue_team_alives_mean:  3.8000	test_blue_team_win_mean:   0.0000	test_ep_length_mean:     200.0000	test_episode_length_mean:199.0000
test_red_team_alives_mean: 20.0000	test_red_team_win_mean:    1.0000	test_return_mean:          2.3170	test_return_std:           0.0000

2026-08-14 10:22:55,053 - my_experiment - bat_ExpoComm_static_46 - my_run - INFO - t_env: 3402284 / 5050000
2026-08-14 10:22:55,054 - my_experiment - bat_ExpoComm_static_46 - my_run - INFO - Estimated time left: 3 hours, 3 minutes, 28 seconds. Time passed: 6 hours, 17 minutes, 33 seconds
2026-08-14 10:28:28,211 - my_experiment - bat_ExpoComm_static_46 - my_run - INFO - Recent Stats | t_env:    3452269 | Episode:    17275
blue_team_alives_mean:     3.1922	blue_team_win_mean:        0.0000	ep_length_mean:          198.0863	episode_length_mean:     197.0863
epsilon:                   0.0500	grad_norm:               180763.6469	info_nce_loss:             0.0481	loss:                    1211.5567
q_loss:                  1101.4152	q_taken_mean:             86.5711	red_team_alives_mean:     19.6627	red_team_win_mean:         1.0000
return_mean:               2.4521	return_std:                0.7013	target_mean:              86.7323	td_error_abs:             26.1871
test_blue_team_alives_mean:  3.8000	test_blue_team_win_mean:   0.0000	test_ep_length_mean:     200.0000	test_episode_length_mean:199.0000
test_red_team_alives_mean: 19.6000	test_red_team_win_mean:    1.0000	test_return_mean:          2.4953	test_return_std:           0.0000

2026-08-14 10:28:29,524 - my_experiment - bat_ExpoComm_static_46 - my_run - INFO - t_env: 3452469 / 5050000
2026-08-14 10:28:29,525 - my_experiment - bat_ExpoComm_static_46 - my_run - INFO - Estimated time left: 2 hours, 57 minutes, 27 seconds. Time passed: 6 hours, 23 minutes, 8 seconds
2026-08-14 10:33:52,503 - my_experiment - bat_ExpoComm_static_46 - my_run - INFO - Saving models to work_dirs/my_experiment/bat_ExpoComm_static_46/my_run/20260814_040457/models/3500596
2026-08-14 10:34:03,997 - my_experiment - bat_ExpoComm_static_46 - my_run - INFO - Recent Stats | t_env:    3502291 | Episode:    17533
blue_team_alives_mean:     2.6861	blue_team_win_mean:        0.0000	ep_length_mean:          194.6324	episode_length_mean:     193.6324
epsilon:                   0.0500	grad_norm:               206291.5063	info_nce_loss:             0.0043	loss:                    1786.3032
q_loss:                  1623.9120	q_taken_mean:             84.2333	red_team_alives_mean:     19.7761	red_team_win_mean:         1.0000
return_mean:               2.5848	return_std:                0.7783	target_mean:              83.6714	td_error_abs:             31.1437
test_blue_team_alives_mean:  3.0000	test_blue_team_win_mean:   0.0000	test_ep_length_mean:     200.0000	test_episode_length_mean:199.0000
test_red_team_alives_mean: 19.6000	test_red_team_win_mean:    1.0000	test_return_mean:          2.5753	test_return_std:           0.0000

2026-08-14 10:34:05,317 - my_experiment - bat_ExpoComm_static_46 - my_run - INFO - t_env: 3502491 / 5050000
2026-08-14 10:34:05,318 - my_experiment - bat_ExpoComm_static_46 - my_run - INFO - Estimated time left: 2 hours, 53 minutes, 8 seconds. Time passed: 6 hours, 28 minutes, 44 seconds
2026-08-14 10:39:41,972 - my_experiment - bat_ExpoComm_static_46 - my_run - INFO - Recent Stats | t_env:    3552343 | Episode:    17796
blue_team_alives_mean:     2.5605	blue_team_win_mean:        0.0000	ep_length_mean:          189.9384	episode_length_mean:     188.9384
epsilon:                   0.0500	grad_norm:               241285.6859	info_nce_loss:             0.0320	loss:                    2399.7493
q_loss:                  2181.5903	q_taken_mean:             81.2352	red_team_alives_mean:     19.7422	red_team_win_mean:         1.0000
return_mean:               2.5072	return_std:                0.9166	target_mean:              81.3962	td_error_abs:             36.1546
test_blue_team_alives_mean:  3.0000	test_blue_team_win_mean:   0.0000	test_ep_length_mean:     200.0000	test_episode_length_mean:199.0000
test_red_team_alives_mean: 19.6000	test_red_team_win_mean:    1.0000	test_return_mean:          2.5923	test_return_std:           0.0000

2026-08-14 10:39:43,345 - my_experiment - bat_ExpoComm_static_46 - my_run - INFO - t_env: 3552543 / 5050000
2026-08-14 10:39:43,346 - my_experiment - bat_ExpoComm_static_46 - my_run - INFO - Estimated time left: 2 hours, 48 minutes, 33 seconds. Time passed: 6 hours, 34 minutes, 22 seconds
2026-08-14 10:45:20,392 - my_experiment - bat_ExpoComm_static_46 - my_run - INFO - Recent Stats | t_env:    3602346 | Episode:    18062
blue_team_alives_mean:     2.0811	blue_team_win_mean:        0.0000	ep_length_mean:          188.5728	episode_length_mean:     187.5728
epsilon:                   0.0500	grad_norm:               130102.3492	info_nce_loss:             0.0380	loss:                    1274.3488
q_loss:                  1158.4989	q_taken_mean:             77.8431	red_team_alives_mean:     19.8118	red_team_win_mean:         1.0000
return_mean:               2.5593	return_std:                0.8833	target_mean:              78.3074	td_error_abs:             25.6745
test_blue_team_alives_mean:  4.2000	test_blue_team_win_mean:   0.0000	test_ep_length_mean:     200.0000	test_episode_length_mean:199.0000
test_red_team_alives_mean: 19.6000	test_red_team_win_mean:    1.0000	test_return_mean:          2.2483	test_return_std:           0.0000

2026-08-14 10:45:21,740 - my_experiment - bat_ExpoComm_static_46 - my_run - INFO - t_env: 3602546 / 5050000
2026-08-14 10:45:21,741 - my_experiment - bat_ExpoComm_static_46 - my_run - INFO - Estimated time left: 2 hours, 43 minutes, 15 seconds. Time passed: 6 hours, 40 minutes, 0 seconds
2026-08-14 10:50:57,693 - my_experiment - bat_ExpoComm_static_46 - my_run - INFO - Recent Stats | t_env:    3652467 | Episode:    18327
blue_team_alives_mean:     1.7670	blue_team_win_mean:        0.0000	ep_length_mean:          188.6890	episode_length_mean:     187.6890
epsilon:                   0.0500	grad_norm:               85268.7711	info_nce_loss:             0.0213	loss:                    996.1215
q_loss:                  905.5650	q_taken_mean:             74.0141	red_team_alives_mean:     19.8504	red_team_win_mean:         1.0000
return_mean:               2.9369	return_std:                0.7082	target_mean:              73.4998	td_error_abs:             21.3434
test_blue_team_alives_mean:  3.0000	test_blue_team_win_mean:   0.0000	test_ep_length_mean:     200.0000	test_episode_length_mean:199.0000
test_red_team_alives_mean: 19.6000	test_red_team_win_mean:    1.0000	test_return_mean:          2.5513	test_return_std:           0.0000

2026-08-14 10:50:59,036 - my_experiment - bat_ExpoComm_static_46 - my_run - INFO - t_env: 3652667 / 5050000
2026-08-14 10:50:59,037 - my_experiment - bat_ExpoComm_static_46 - my_run - INFO - Estimated time left: 2 hours, 36 minutes, 43 seconds. Time passed: 6 hours, 45 minutes, 37 seconds
2026-08-14 10:56:32,451 - my_experiment - bat_ExpoComm_static_46 - my_run - INFO - Recent Stats | t_env:    3702638 | Episode:    18587
blue_team_alives_mean:     1.9658	blue_team_win_mean:        0.0000	ep_length_mean:          193.0872	episode_length_mean:     192.0872
epsilon:                   0.0500	grad_norm:               71040.7594	info_nce_loss:             0.0220	loss:                    865.9943
q_loss:                  787.2675	q_taken_mean:             71.3079	red_team_alives_mean:     19.8430	red_team_win_mean:         1.0000
return_mean:               2.8362	return_std:                0.7210	target_mean:              71.3530	td_error_abs:             19.6600
test_blue_team_alives_mean:  2.8000	test_blue_team_win_mean:   0.0000	test_ep_length_mean:     192.4000	test_episode_length_mean:191.4000
test_red_team_alives_mean: 20.0000	test_red_team_win_mean:    1.0000	test_return_mean:          2.7630	test_return_std:           0.0000

2026-08-14 10:56:33,772 - my_experiment - bat_ExpoComm_static_46 - my_run - INFO - t_env: 3702838 / 5050000
2026-08-14 10:56:33,773 - my_experiment - bat_ExpoComm_static_46 - my_run - INFO - Estimated time left: 2 hours, 29 minutes, 48 seconds. Time passed: 6 hours, 51 minutes, 12 seconds
2026-08-14 11:02:12,844 - my_experiment - bat_ExpoComm_static_46 - my_run - INFO - Recent Stats | t_env:    3752669 | Episode:    18860
blue_team_alives_mean:     1.6868	blue_team_win_mean:        0.0000	ep_length_mean:          183.3229	episode_length_mean:     182.3229
epsilon:                   0.0500	grad_norm:               58590.3133	info_nce_loss:             0.0387	loss:                    866.1183
q_loss:                  787.3803	q_taken_mean:             70.5166	red_team_alives_mean:     19.8678	red_team_win_mean:         1.0000
return_mean:               3.0855	return_std:                0.6707	target_mean:              70.5023	td_error_abs:             18.1411
test_blue_team_alives_mean:  2.6000	test_blue_team_win_mean:   0.0000	test_ep_length_mean:     192.4000	test_episode_length_mean:191.4000
test_red_team_alives_mean: 20.0000	test_red_team_win_mean:    1.0000	test_return_mean:          2.9000	test_return_std:           0.0000

2026-08-14 11:02:14,079 - my_experiment - bat_ExpoComm_static_46 - my_run - INFO - t_env: 3752849 / 5050000
2026-08-14 11:02:14,079 - my_experiment - bat_ExpoComm_static_46 - my_run - INFO - Estimated time left: 2 hours, 27 minutes, 6 seconds. Time passed: 6 hours, 56 minutes, 52 seconds
2026-08-14 11:07:48,412 - my_experiment - bat_ExpoComm_static_46 - my_run - INFO - Recent Stats | t_env:    3802811 | Episode:    19125
blue_team_alives_mean:     1.9544	blue_team_win_mean:        0.0000	ep_length_mean:          189.5340	episode_length_mean:     188.5340
epsilon:                   0.0500	grad_norm:               74118.6062	info_nce_loss:             0.0151	loss:                    1037.8775
q_loss:                  943.5250	q_taken_mean:             65.5935	red_team_alives_mean:     19.8504	red_team_win_mean:         1.0000
return_mean:               3.1074	return_std:                0.7146	target_mean:              65.6449	td_error_abs:             20.9294
test_blue_team_alives_mean:  2.8000	test_blue_team_win_mean:   0.0000	test_ep_length_mean:     192.4000	test_episode_length_mean:191.4000
test_red_team_alives_mean: 19.8000	test_red_team_win_mean:    1.0000	test_return_mean:          2.9230	test_return_std:           0.0000

2026-08-14 11:07:49,723 - my_experiment - bat_ExpoComm_static_46 - my_run - INFO - t_env: 3803011 / 5050000
2026-08-14 11:07:49,724 - my_experiment - bat_ExpoComm_static_46 - my_run - INFO - Estimated time left: 2 hours, 19 minutes, 3 seconds. Time passed: 7 hours, 2 minutes, 28 seconds
2026-08-14 11:13:24,904 - my_experiment - bat_ExpoComm_static_46 - my_run - INFO - Recent Stats | t_env:    3852923 | Episode:    19395
blue_team_alives_mean:     1.7932	blue_team_win_mean:        0.0000	ep_length_mean:          185.6517	episode_length_mean:     184.6517
epsilon:                   0.0500	grad_norm:               58084.7258	info_nce_loss:             0.0123	loss:                    904.9848
q_loss:                  822.7134	q_taken_mean:             64.0576	red_team_alives_mean:     19.9068	red_team_win_mean:         1.0000
return_mean:               3.1338	return_std:                0.7584	target_mean:              64.0840	td_error_abs:             18.2639
test_blue_team_alives_mean:  1.4000	test_blue_team_win_mean:   0.0000	test_ep_length_mean:     192.4000	test_episode_length_mean:191.4000
test_red_team_alives_mean: 19.8000	test_red_team_win_mean:    1.0000	test_return_mean:          3.2640	test_return_std:           0.0000

2026-08-14 11:13:26,243 - my_experiment - bat_ExpoComm_static_46 - my_run - INFO - t_env: 3853123 / 5050000
2026-08-14 11:13:26,244 - my_experiment - bat_ExpoComm_static_46 - my_run - INFO - Estimated time left: 2 hours, 13 minutes, 57 seconds. Time passed: 7 hours, 8 minutes, 4 seconds
2026-08-14 11:19:01,373 - my_experiment - bat_ExpoComm_static_46 - my_run - INFO - Recent Stats | t_env:    3903061 | Episode:    19668
blue_team_alives_mean:     1.4008	blue_team_win_mean:        0.0000	ep_length_mean:          183.8035	episode_length_mean:     182.8035
epsilon:                   0.0500	grad_norm:               87727.3687	info_nce_loss:             0.0109	loss:                    1179.8406
q_loss:                  1072.5824	q_taken_mean:             62.0391	red_team_alives_mean:     19.9781	red_team_win_mean:         1.0000
return_mean:               3.1274	return_std:                0.5750	target_mean:              62.5058	td_error_abs:             22.4559
test_blue_team_alives_mean:  1.4000	test_blue_team_win_mean:   0.0000	test_ep_length_mean:     187.8000	test_episode_length_mean:186.8000
test_red_team_alives_mean: 19.8000	test_red_team_win_mean:    1.0000	test_return_mean:          3.4220	test_return_std:           0.0000

2026-08-14 11:19:02,635 - my_experiment - bat_ExpoComm_static_46 - my_run - INFO - t_env: 3903235 / 5050000
2026-08-14 11:19:02,635 - my_experiment - bat_ExpoComm_static_46 - my_run - INFO - Estimated time left: 2 hours, 8 minutes, 17 seconds. Time passed: 7 hours, 13 minutes, 41 seconds
2026-08-14 11:24:39,096 - my_experiment - bat_ExpoComm_static_46 - my_run - INFO - Recent Stats | t_env:    3953100 | Episode:    19943
blue_team_alives_mean:     1.2837	blue_team_win_mean:        0.0000	ep_length_mean:          181.2496	episode_length_mean:     180.2496
epsilon:                   0.0500	grad_norm:               75488.6059	info_nce_loss:             0.0082	loss:                    1074.2829
q_loss:                  976.6208	q_taken_mean:             57.6123	red_team_alives_mean:     19.9677	red_team_win_mean:         1.0000
return_mean:               3.1446	return_std:                0.5249	target_mean:              57.1046	td_error_abs:             21.3896
test_blue_team_alives_mean:  1.6000	test_blue_team_win_mean:   0.0000	test_ep_length_mean:     186.0000	test_episode_length_mean:185.0000
test_red_team_alives_mean: 19.8000	test_red_team_win_mean:    1.0000	test_return_mean:          3.4870	test_return_std:           0.0000

2026-08-14 11:24:40,347 - my_experiment - bat_ExpoComm_static_46 - my_run - INFO - t_env: 3953278 / 5050000
2026-08-14 11:24:40,348 - my_experiment - bat_ExpoComm_static_46 - my_run - INFO - Estimated time left: 2 hours, 3 minutes, 21 seconds. Time passed: 7 hours, 19 minutes, 19 seconds
2026-08-14 11:29:58,705 - my_experiment - bat_ExpoComm_static_46 - my_run - INFO - Saving models to work_dirs/my_experiment/bat_ExpoComm_static_46/my_run/20260814_040457/models/4000652
2026-08-14 11:30:15,921 - my_experiment - bat_ExpoComm_static_46 - my_run - INFO - Recent Stats | t_env:    4003241 | Episode:    20218
blue_team_alives_mean:     1.4415	blue_team_win_mean:        0.0000	ep_length_mean:          182.2524	episode_length_mean:     181.2524
epsilon:                   0.0500	grad_norm:               50004.2090	info_nce_loss:             0.0064	loss:                    904.7115
q_loss:                  822.4650	q_taken_mean:             54.7449	red_team_alives_mean:     19.9385	red_team_win_mean:         1.0000
return_mean:               3.3283	return_std:                0.5864	target_mean:              54.9803	td_error_abs:             18.2004
test_blue_team_alives_mean:  1.6000	test_blue_team_win_mean:   0.0000	test_ep_length_mean:     180.0000	test_episode_length_mean:179.0000
test_red_team_alives_mean: 19.8000	test_red_team_win_mean:    1.0000	test_return_mean:          3.6450	test_return_std:           0.0000

2026-08-14 11:30:17,079 - my_experiment - bat_ExpoComm_static_46 - my_run - INFO - t_env: 4003408 / 5050000
2026-08-14 11:30:17,080 - my_experiment - bat_ExpoComm_static_46 - my_run - INFO - Estimated time left: 1 hours, 57 minutes, 10 seconds. Time passed: 7 hours, 24 minutes, 55 seconds
2026-08-14 11:35:52,952 - my_experiment - bat_ExpoComm_static_46 - my_run - INFO - Recent Stats | t_env:    4053265 | Episode:    20495
blue_team_alives_mean:     1.2908	blue_team_win_mean:        0.0000	ep_length_mean:          182.0094	episode_length_mean:     181.0094
epsilon:                   0.0500	grad_norm:               48568.7594	info_nce_loss:             0.0494	loss:                    798.3171
q_loss:                  725.7429	q_taken_mean:             51.1273	red_team_alives_mean:     19.9854	red_team_win_mean:         1.0000
return_mean:               3.3709	return_std:                0.5046	target_mean:              51.0683	td_error_abs:             18.3036
test_blue_team_alives_mean:  1.2000	test_blue_team_win_mean:   0.0000	test_ep_length_mean:     174.2000	test_episode_length_mean:173.2000
test_red_team_alives_mean: 20.0000	test_red_team_win_mean:    1.0000	test_return_mean:          3.8350	test_return_std:           0.0000

2026-08-14 11:35:54,244 - my_experiment - bat_ExpoComm_static_46 - my_run - INFO - t_env: 4053465 / 5050000
2026-08-14 11:35:54,245 - my_experiment - bat_ExpoComm_static_46 - my_run - INFO - Estimated time left: 1 hours, 51 minutes, 52 seconds. Time passed: 7 hours, 30 minutes, 32 seconds
2026-08-14 11:41:37,299 - my_experiment - bat_ExpoComm_static_46 - my_run - INFO - Recent Stats | t_env:    4103408 | Episode:    20784
blue_team_alives_mean:     1.2281	blue_team_win_mean:        0.0000	ep_length_mean:          173.9713	episode_length_mean:     172.9713
epsilon:                   0.0500	grad_norm:               66609.4609	info_nce_loss:             0.0558	loss:                    1047.5207
q_loss:                  952.2916	q_taken_mean:             50.9077	red_team_alives_mean:     19.9930	red_team_win_mean:         1.0000
return_mean:               3.3370	return_std:                0.5653	target_mean:              50.7122	td_error_abs:             19.7926
test_blue_team_alives_mean:  1.2000	test_blue_team_win_mean:   0.0000	test_ep_length_mean:     174.2000	test_episode_length_mean:173.2000
test_red_team_alives_mean: 20.0000	test_red_team_win_mean:    1.0000	test_return_mean:          3.9000	test_return_std:           0.0000

2026-08-14 11:41:38,592 - my_experiment - bat_ExpoComm_static_46 - my_run - INFO - t_env: 4103608 / 5050000
2026-08-14 11:41:38,593 - my_experiment - bat_ExpoComm_static_46 - my_run - INFO - Estimated time left: 1 hours, 48 minutes, 19 seconds. Time passed: 7 hours, 36 minutes, 17 seconds
2026-08-14 11:47:23,155 - my_experiment - bat_ExpoComm_static_46 - my_run - INFO - Recent Stats | t_env:    4153464 | Episode:    21076
blue_team_alives_mean:     1.1301	blue_team_win_mean:        0.0000	ep_length_mean:          172.7383	episode_length_mean:     171.7383
epsilon:                   0.0500	grad_norm:               33876.2312	info_nce_loss:             0.0655	loss:                    796.9380
q_loss:                  724.4891	q_taken_mean:             47.8805	red_team_alives_mean:     20.0000	red_team_win_mean:         1.0000
return_mean:               3.3199	return_std:                0.5145	target_mean:              47.7590	td_error_abs:             15.5481
test_blue_team_alives_mean:  1.2000	test_blue_team_win_mean:   0.0000	test_ep_length_mean:     173.2000	test_episode_length_mean:172.2000
test_red_team_alives_mean: 20.0000	test_red_team_win_mean:    1.0000	test_return_mean:          3.9040	test_return_std:           0.0000

2026-08-14 11:47:24,294 - my_experiment - bat_ExpoComm_static_46 - my_run - INFO - t_env: 4153617 / 5050000
2026-08-14 11:47:24,295 - my_experiment - bat_ExpoComm_static_46 - my_run - INFO - Estimated time left: 1 hours, 43 minutes, 16 seconds. Time passed: 7 hours, 42 minutes, 3 seconds
2026-08-14 11:53:08,235 - my_experiment - bat_ExpoComm_static_46 - my_run - INFO - Recent Stats | t_env:    4203585 | Episode:    21367
blue_team_alives_mean:     1.1602	blue_team_win_mean:        0.0000	ep_length_mean:          171.2213	episode_length_mean:     170.2213
epsilon:                   0.0500	grad_norm:               37208.9621	info_nce_loss:             0.0263	loss:                    977.8371
q_loss:                  888.9428	q_taken_mean:             44.5465	red_team_alives_mean:     19.9966	red_team_win_mean:         1.0000
return_mean:               3.3480	return_std:                0.6228	target_mean:              44.7437	td_error_abs:             17.0160
test_blue_team_alives_mean:  1.0000	test_blue_team_win_mean:   0.0000	test_ep_length_mean:     182.6000	test_episode_length_mean:181.6000
test_red_team_alives_mean: 20.0000	test_red_team_win_mean:    1.0000	test_return_mean:          3.6060	test_return_std:           0.0000

2026-08-14 11:53:09,572 - my_experiment - bat_ExpoComm_static_46 - my_run - INFO - t_env: 4203785 / 5050000
2026-08-14 11:53:09,573 - my_experiment - bat_ExpoComm_static_46 - my_run - INFO - Estimated time left: 1 hours, 37 minutes, 4 seconds. Time passed: 7 hours, 47 minutes, 48 seconds
2026-08-14 11:58:46,896 - my_experiment - bat_ExpoComm_static_46 - my_run - INFO - Recent Stats | t_env:    4253732 | Episode:    21648
blue_team_alives_mean:     1.1153	blue_team_win_mean:        0.0000	ep_length_mean:          177.2510	episode_length_mean:     176.2510
epsilon:                   0.0500	grad_norm:               29383.0941	info_nce_loss:             0.0099	loss:                    832.9225
q_loss:                  757.2023	q_taken_mean:             43.8582	red_team_alives_mean:     20.0000	red_team_win_mean:         1.0000
return_mean:               3.3068	return_std:                0.4776	target_mean:              43.7549	td_error_abs:             15.3575
test_blue_team_alives_mean:  1.0000	test_blue_team_win_mean:   0.0000	test_ep_length_mean:     188.6000	test_episode_length_mean:187.6000
test_red_team_alives_mean: 20.0000	test_red_team_win_mean:    1.0000	test_return_mean:          3.4880	test_return_std:           0.0000

2026-08-14 11:58:48,135 - my_experiment - bat_ExpoComm_static_46 - my_run - INFO - t_env: 4253916 / 5050000
2026-08-14 11:58:48,135 - my_experiment - bat_ExpoComm_static_46 - my_run - INFO - Estimated time left: 1 hours, 29 minutes, 36 seconds. Time passed: 7 hours, 53 minutes, 26 seconds
2026-08-14 12:04:23,739 - my_experiment - bat_ExpoComm_static_46 - my_run - INFO - Recent Stats | t_env:    4303736 | Episode:    21927
blue_team_alives_mean:     1.1285	blue_team_win_mean:        0.0000	ep_length_mean:          179.3719	episode_length_mean:     178.3719
epsilon:                   0.0500	grad_norm:               22217.7445	info_nce_loss:             0.0124	loss:                    582.3747
q_loss:                  529.4316	q_taken_mean:             41.1337	red_team_alives_mean:     20.0000	red_team_win_mean:         1.0000
return_mean:               3.3125	return_std:                0.5152	target_mean:              41.0432	td_error_abs:             13.9624
test_blue_team_alives_mean:  1.0000	test_blue_team_win_mean:   0.0000	test_ep_length_mean:     191.6000	test_episode_length_mean:190.6000
test_red_team_alives_mean: 20.0000	test_red_team_win_mean:    1.0000	test_return_mean:          3.4050	test_return_std:           0.0000

2026-08-14 12:04:26,239 - my_experiment - bat_ExpoComm_static_46 - my_run - INFO - t_env: 4304106 / 5050000
2026-08-14 12:04:26,239 - my_experiment - bat_ExpoComm_static_46 - my_run - INFO - Estimated time left: 1 hours, 23 minutes, 44 seconds. Time passed: 7 hours, 59 minutes, 4 seconds
2026-08-14 12:10:00,570 - my_experiment - bat_ExpoComm_static_46 - my_run - INFO - Recent Stats | t_env:    4353792 | Episode:    22206
blue_team_alives_mean:     1.1543	blue_team_win_mean:        0.0000	ep_length_mean:          181.0529	episode_length_mean:     180.0529
epsilon:                   0.0500	grad_norm:               26681.5270	info_nce_loss:             0.0154	loss:                    693.0645
q_loss:                  630.0586	q_taken_mean:             40.4054	red_team_alives_mean:     20.0000	red_team_win_mean:         1.0000
return_mean:               3.3485	return_std:                0.5472	target_mean:              40.0773	td_error_abs:             14.3589
test_blue_team_alives_mean:  1.0000	test_blue_team_win_mean:   0.0000	test_ep_length_mean:     182.6000	test_episode_length_mean:181.6000
test_red_team_alives_mean: 20.0000	test_red_team_win_mean:    1.0000	test_return_mean:          3.5190	test_return_std:           0.0000

2026-08-14 12:10:02,997 - my_experiment - bat_ExpoComm_static_46 - my_run - INFO - t_env: 4354152 / 5050000
2026-08-14 12:10:02,998 - my_experiment - bat_ExpoComm_static_46 - my_run - INFO - Estimated time left: 1 hours, 18 minutes, 2 seconds. Time passed: 8 hours, 4 minutes, 41 seconds
2026-08-14 12:15:45,946 - my_experiment - bat_ExpoComm_static_46 - my_run - INFO - Recent Stats | t_env:    4403896 | Episode:    22498
blue_team_alives_mean:     1.0825	blue_team_win_mean:        0.0000	ep_length_mean:          173.0986	episode_length_mean:     172.0986
epsilon:                   0.0500	grad_norm:               20297.9822	info_nce_loss:             0.0047	loss:                    704.2073
q_loss:                  640.1884	q_taken_mean:             40.5400	red_team_alives_mean:     20.0000	red_team_win_mean:         1.0000
return_mean:               3.5963	return_std:                0.4383	target_mean:              40.5651	td_error_abs:             12.7768
test_blue_team_alives_mean:  1.0000	test_blue_team_win_mean:   0.0000	test_ep_length_mean:     187.8000	test_episode_length_mean:186.8000
test_red_team_alives_mean: 20.0000	test_red_team_win_mean:    1.0000	test_return_mean:          3.4540	test_return_std:           0.0000

2026-08-14 12:15:48,343 - my_experiment - bat_ExpoComm_static_46 - my_run - INFO - t_env: 4404243 / 5050000
2026-08-14 12:15:48,344 - my_experiment - bat_ExpoComm_static_46 - my_run - INFO - Estimated time left: 1 hours, 14 minutes, 12 seconds. Time passed: 8 hours, 10 minutes, 27 seconds
2026-08-14 12:21:30,417 - my_experiment - bat_ExpoComm_static_46 - my_run - INFO - Recent Stats | t_env:    4453922 | Episode:    22789
blue_team_alives_mean:     1.0449	blue_team_win_mean:        0.0000	ep_length_mean:          171.3029	episode_length_mean:     170.3029
epsilon:                   0.0500	grad_norm:               25124.0100	info_nce_loss:             0.0033	loss:                    565.7266
q_loss:                  514.2970	q_taken_mean:             39.8463	red_team_alives_mean:     20.0000	red_team_win_mean:         1.0000
return_mean:               3.6357	return_std:                0.4084	target_mean:              39.7661	td_error_abs:             13.0514
test_blue_team_alives_mean:  1.0000	test_blue_team_win_mean:   0.0000	test_ep_length_mean:     183.4000	test_episode_length_mean:182.4000
test_red_team_alives_mean: 20.0000	test_red_team_win_mean:    1.0000	test_return_mean:          3.6900	test_return_std:           0.0000

2026-08-14 12:21:32,752 - my_experiment - bat_ExpoComm_static_46 - my_run - INFO - t_env: 4454255 / 5050000
2026-08-14 12:21:32,753 - my_experiment - bat_ExpoComm_static_46 - my_run - INFO - Estimated time left: 1 hours, 8 minutes, 22 seconds. Time passed: 8 hours, 16 minutes, 11 seconds
2026-08-14 12:26:54,098 - my_experiment - bat_ExpoComm_static_46 - my_run - INFO - Saving models to work_dirs/my_experiment/bat_ExpoComm_static_46/my_run/20260814_040457/models/4500670
2026-08-14 12:27:16,715 - my_experiment - bat_ExpoComm_static_46 - my_run - INFO - Recent Stats | t_env:    4503984 | Episode:    23083
blue_team_alives_mean:     1.0236	blue_team_win_mean:        0.0000	ep_length_mean:          169.5220	episode_length_mean:     168.5220
epsilon:                   0.0500	grad_norm:               18392.1695	info_nce_loss:             0.0912	loss:                    453.0363
q_loss:                  411.8512	q_taken_mean:             37.8086	red_team_alives_mean:     20.0000	red_team_win_mean:         1.0000
return_mean:               3.7281	return_std:                0.3425	target_mean:              37.9257	td_error_abs:             11.7723
test_blue_team_alives_mean:  1.0000	test_blue_team_win_mean:   0.0000	test_ep_length_mean:     175.8000	test_episode_length_mean:174.8000
test_red_team_alives_mean: 20.0000	test_red_team_win_mean:    1.0000	test_return_mean:          3.8540	test_return_std:           0.0000

2026-08-14 12:27:19,146 - my_experiment - bat_ExpoComm_static_46 - my_run - INFO - t_env: 4504331 / 5050000
2026-08-14 12:27:19,147 - my_experiment - bat_ExpoComm_static_46 - my_run - INFO - Estimated time left: 1 hours, 2 minutes, 54 seconds. Time passed: 8 hours, 21 minutes, 57 seconds
2026-08-14 12:33:06,282 - my_experiment - bat_ExpoComm_static_46 - my_run - INFO - Recent Stats | t_env:    4554027 | Episode:    23382
blue_team_alives_mean:     1.0304	blue_team_win_mean:        0.0000	ep_length_mean:          168.7037	episode_length_mean:     167.7037
epsilon:                   0.0500	grad_norm:               21468.4652	info_nce_loss:             0.0345	loss:                    486.3465
q_loss:                  442.1332	q_taken_mean:             38.8408	red_team_alives_mean:     20.0000	red_team_win_mean:         1.0000
return_mean:               3.7062	return_std:                0.3945	target_mean:              38.7072	td_error_abs:             12.5830
test_blue_team_alives_mean:  1.0000	test_blue_team_win_mean:   0.0000	test_ep_length_mean:     178.6000	test_episode_length_mean:177.6000
test_red_team_alives_mean: 20.0000	test_red_team_win_mean:    1.0000	test_return_mean:          3.8620	test_return_std:           0.0000

2026-08-14 12:33:09,638 - my_experiment - bat_ExpoComm_static_46 - my_run - INFO - t_env: 4554469 / 5050000
2026-08-14 12:33:09,639 - my_experiment - bat_ExpoComm_static_46 - my_run - INFO - Estimated time left: 57 minutes, 44 seconds. Time passed: 8 hours, 27 minutes, 48 seconds
2026-08-14 12:38:54,605 - my_experiment - bat_ExpoComm_static_46 - my_run - INFO - Recent Stats | t_env:    4604120 | Episode:    23679
blue_team_alives_mean:     1.0269	blue_team_win_mean:        0.0000	ep_length_mean:          168.0937	episode_length_mean:     167.0937
epsilon:                   0.0500	grad_norm:               20395.5727	info_nce_loss:             0.0075	loss:                    441.6312
q_loss:                  401.4829	q_taken_mean:             36.8687	red_team_alives_mean:     20.0000	red_team_win_mean:         1.0000
return_mean:               3.7164	return_std:                0.3658	target_mean:              36.9235	td_error_abs:             11.9881
test_blue_team_alives_mean:  1.4000	test_blue_team_win_mean:   0.0000	test_ep_length_mean:     187.6000	test_episode_length_mean:186.6000
test_red_team_alives_mean: 20.0000	test_red_team_win_mean:    1.0000	test_return_mean:          3.6740	test_return_std:           0.0000

2026-08-14 12:38:57,092 - my_experiment - bat_ExpoComm_static_46 - my_run - INFO - t_env: 4604497 / 5050000
2026-08-14 12:38:57,093 - my_experiment - bat_ExpoComm_static_46 - my_run - INFO - Estimated time left: 51 minutes, 34 seconds. Time passed: 8 hours, 33 minutes, 35 seconds
2026-08-14 12:44:45,158 - my_experiment - bat_ExpoComm_static_46 - my_run - INFO - Recent Stats | t_env:    4654200 | Episode:    23980
blue_team_alives_mean:     1.0229	blue_team_win_mean:        0.0000	ep_length_mean:          167.3512	episode_length_mean:     166.3512
epsilon:                   0.0500	grad_norm:               27856.8943	info_nce_loss:             0.0565	loss:                    612.4188
q_loss:                  556.7443	q_taken_mean:             38.1387	red_team_alives_mean:     20.0000	red_team_win_mean:         1.0000
return_mean:               3.7249	return_std:                0.3865	target_mean:              37.9144	td_error_abs:             12.8625
test_blue_team_alives_mean:  1.4000	test_blue_team_win_mean:   0.0000	test_ep_length_mean:     178.2000	test_episode_length_mean:177.2000
test_red_team_alives_mean: 20.0000	test_red_team_win_mean:    1.0000	test_return_mean:          3.7480	test_return_std:           0.0000

2026-08-14 12:44:47,522 - my_experiment - bat_ExpoComm_static_46 - my_run - INFO - t_env: 4654543 / 5050000
2026-08-14 12:44:47,523 - my_experiment - bat_ExpoComm_static_46 - my_run - INFO - Estimated time left: 46 minutes, 9 seconds. Time passed: 8 hours, 39 minutes, 26 seconds
2026-08-14 12:50:36,628 - my_experiment - bat_ExpoComm_static_46 - my_run - INFO - Recent Stats | t_env:    4704385 | Episode:    24282
blue_team_alives_mean:     1.0297	blue_team_win_mean:        0.0000	ep_length_mean:          165.5889	episode_length_mean:     164.5889
epsilon:                   0.0500	grad_norm:               24927.7582	info_nce_loss:             0.0066	loss:                    484.7411
q_loss:                  440.6737	q_taken_mean:             36.7997	red_team_alives_mean:     20.0000	red_team_win_mean:         1.0000
return_mean:               3.7544	return_std:                0.3676	target_mean:              36.9010	td_error_abs:             12.7699
test_blue_team_alives_mean:  1.4000	test_blue_team_win_mean:   0.0000	test_ep_length_mean:     172.8000	test_episode_length_mean:171.8000
test_red_team_alives_mean: 20.0000	test_red_team_win_mean:    1.0000	test_return_mean:          3.8440	test_return_std:           0.0000

2026-08-14 12:50:37,798 - my_experiment - bat_ExpoComm_static_46 - my_run - INFO - t_env: 4704548 / 5050000
2026-08-14 12:50:37,799 - my_experiment - bat_ExpoComm_static_46 - my_run - INFO - Estimated time left: 40 minutes, 19 seconds. Time passed: 8 hours, 45 minutes, 16 seconds
2026-08-14 12:56:31,019 - my_experiment - bat_ExpoComm_static_46 - my_run - INFO - Recent Stats | t_env:    4754523 | Episode:    24589
blue_team_alives_mean:     1.0196	blue_team_win_mean:        0.0000	ep_length_mean:          164.2930	episode_length_mean:     163.2930
epsilon:                   0.0500	grad_norm:               21003.3855	info_nce_loss:             0.0215	loss:                    518.4574
q_loss:                  471.3249	q_taken_mean:             36.8210	red_team_alives_mean:     20.0000	red_team_win_mean:         1.0000
return_mean:               3.7227	return_std:                0.3963	target_mean:              36.7346	td_error_abs:             11.1782
test_blue_team_alives_mean:  1.4000	test_blue_team_win_mean:   0.0000	test_ep_length_mean:     171.4000	test_episode_length_mean:170.4000
test_red_team_alives_mean: 20.0000	test_red_team_win_mean:    1.0000	test_return_mean:          3.8280	test_return_std:           0.0000

2026-08-14 12:56:32,175 - my_experiment - bat_ExpoComm_static_46 - my_run - INFO - t_env: 4754676 / 5050000
2026-08-14 12:56:32,176 - my_experiment - bat_ExpoComm_static_46 - my_run - INFO - Estimated time left: 34 minutes, 47 seconds. Time passed: 8 hours, 51 minutes, 10 seconds
2026-08-14 13:02:20,174 - my_experiment - bat_ExpoComm_static_46 - my_run - INFO - Recent Stats | t_env:    4804599 | Episode:    24888
blue_team_alives_mean:     1.0364	blue_team_win_mean:        0.0000	ep_length_mean:          167.0839	episode_length_mean:     166.0839
epsilon:                   0.0500	grad_norm:               17863.6756	info_nce_loss:             0.0065	loss:                    380.3461
q_loss:                  345.7693	q_taken_mean:             36.5746	red_team_alives_mean:     20.0000	red_team_win_mean:         1.0000
return_mean:               3.7518	return_std:                0.3910	target_mean:              36.4321	td_error_abs:             10.4679
test_blue_team_alives_mean:  1.4000	test_blue_team_win_mean:   0.0000	test_ep_length_mean:     171.4000	test_episode_length_mean:170.4000
test_red_team_alives_mean: 20.0000	test_red_team_win_mean:    1.0000	test_return_mean:          3.8560	test_return_std:           0.0000

2026-08-14 13:02:21,329 - my_experiment - bat_ExpoComm_static_46 - my_run - INFO - t_env: 4804744 / 5050000
2026-08-14 13:02:21,329 - my_experiment - bat_ExpoComm_static_46 - my_run - INFO - Estimated time left: 28 minutes, 30 seconds. Time passed: 8 hours, 57 minutes, 0 seconds
2026-08-14 13:08:11,616 - my_experiment - bat_ExpoComm_static_46 - my_run - INFO - Recent Stats | t_env:    4854662 | Episode:    25190
blue_team_alives_mean:     1.0228	blue_team_win_mean:        0.0000	ep_length_mean:          165.3502	episode_length_mean:     164.3502
epsilon:                   0.0500	grad_norm:               15383.8863	info_nce_loss:             0.1006	loss:                    359.6231
q_loss:                  326.9301	q_taken_mean:             34.8128	red_team_alives_mean:     20.0000	red_team_win_mean:         1.0000
return_mean:               3.7605	return_std:                0.3470	target_mean:              34.6654	td_error_abs:             10.2413
test_blue_team_alives_mean:  1.0000	test_blue_team_win_mean:   0.0000	test_ep_length_mean:     170.2000	test_episode_length_mean:169.2000
test_red_team_alives_mean: 20.0000	test_red_team_win_mean:    1.0000	test_return_mean:          3.9550	test_return_std:           0.0000

2026-08-14 13:08:12,919 - my_experiment - bat_ExpoComm_static_46 - my_run - INFO - t_env: 4854862 / 5050000
2026-08-14 13:08:12,920 - my_experiment - bat_ExpoComm_static_46 - my_run - INFO - Estimated time left: 22 minutes, 48 seconds. Time passed: 9 hours, 2 minutes, 51 seconds
2026-08-14 13:14:05,682 - my_experiment - bat_ExpoComm_static_46 - my_run - INFO - Recent Stats | t_env:    4904684 | Episode:    25497
blue_team_alives_mean:     1.0299	blue_team_win_mean:        0.0000	ep_length_mean:          164.2408	episode_length_mean:     163.2408
epsilon:                   0.0500	grad_norm:               14350.9844	info_nce_loss:             0.0110	loss:                    282.6306
q_loss:                  256.9369	q_taken_mean:             34.1448	red_team_alives_mean:     20.0000	red_team_win_mean:         1.0000
return_mean:               3.7903	return_std:                0.3511	target_mean:              34.1714	td_error_abs:              9.9911
test_blue_team_alives_mean:  1.0000	test_blue_team_win_mean:   0.0000	test_ep_length_mean:     167.6000	test_episode_length_mean:166.6000
test_red_team_alives_mean: 20.0000	test_red_team_win_mean:    1.0000	test_return_mean:          4.0510	test_return_std:           0.0000

2026-08-14 13:14:07,950 - my_experiment - bat_ExpoComm_static_46 - my_run - INFO - t_env: 4904995 / 5050000
2026-08-14 13:14:07,951 - my_experiment - bat_ExpoComm_static_46 - my_run - INFO - Estimated time left: 17 minutes, 6 seconds. Time passed: 9 hours, 8 minutes, 46 seconds
2026-08-14 13:20:16,880 - my_experiment - bat_ExpoComm_static_46 - my_run - INFO - Recent Stats | t_env:    4954758 | Episode:    25831
blue_team_alives_mean:     1.0150	blue_team_win_mean:        0.0000	ep_length_mean:          150.9063	episode_length_mean:     149.9063
epsilon:                   0.0500	grad_norm:               10025.4438	info_nce_loss:             0.0006	loss:                    345.3323
q_loss:                  313.9385	q_taken_mean:             34.2932	red_team_alives_mean:     20.0000	red_team_win_mean:         1.0000
return_mean:               3.9029	return_std:                0.3308	target_mean:              34.3277	td_error_abs:              9.6409
test_blue_team_alives_mean:  1.0000	test_blue_team_win_mean:   0.0000	test_ep_length_mean:     170.2000	test_episode_length_mean:169.2000
test_red_team_alives_mean: 20.0000	test_red_team_win_mean:    1.0000	test_return_mean:          4.0340	test_return_std:           0.0000

2026-08-14 13:20:19,091 - my_experiment - bat_ExpoComm_static_46 - my_run - INFO - t_env: 4955040 / 5050000
2026-08-14 13:20:19,092 - my_experiment - bat_ExpoComm_static_46 - my_run - INFO - Estimated time left: 11 minutes, 44 seconds. Time passed: 9 hours, 14 minutes, 57 seconds
2026-08-14 13:26:11,300 - my_experiment - bat_ExpoComm_static_46 - my_run - INFO - Saving models to work_dirs/my_experiment/bat_ExpoComm_static_46/my_run/20260814_040457/models/5000679
2026-08-14 13:26:42,819 - my_experiment - bat_ExpoComm_static_46 - my_run - INFO - Recent Stats | t_env:    5004823 | Episode:    26189
blue_team_alives_mean:     1.0310	blue_team_win_mean:        0.0000	ep_length_mean:          140.2831	episode_length_mean:     139.2831
epsilon:                   0.0500	grad_norm:               19232.1816	info_nce_loss:             0.0035	loss:                    426.9814
q_loss:                  388.1650	q_taken_mean:             33.7273	red_team_alives_mean:     20.0000	red_team_win_mean:         1.0000
return_mean:               3.9736	return_std:                0.4013	target_mean:              33.6632	td_error_abs:             11.3664
test_blue_team_alives_mean:  1.0000	test_blue_team_win_mean:   0.0000	test_ep_length_mean:     179.2000	test_episode_length_mean:178.2000
test_red_team_alives_mean: 20.0000	test_red_team_win_mean:    1.0000	test_return_mean:          3.8560	test_return_std:           0.0000

2026-08-14 13:26:44,985 - my_experiment - bat_ExpoComm_static_46 - my_run - INFO - t_env: 5005101 / 5050000
2026-08-14 13:26:44,986 - my_experiment - bat_ExpoComm_static_46 - my_run - INFO - Estimated time left: 5 minutes, 46 seconds. Time passed: 9 hours, 21 minutes, 23 seconds
2026-08-14 13:32:31,792 - my_experiment - bat_ExpoComm_static_46 - my_run - INFO - Finished Training
