Gym has been unmaintained since 2022 and does not support NumPy 2.0 amongst other critical functionality.
Please upgrade to Gymnasium, the maintained drop-in replacement of Gym, or contact the authors of your software and request that they upgrade.
Users of this version of Gym should be able to simply replace 'import gym' with 'import gymnasium as gym' in the vast majority of cases.
See the migration guide at https://gymnasium.farama.org/introduction/migration_guide/ for additional information.
src/main.py:81: DeprecationWarning: Using or importing the ABCs from 'collections' instead of from 'collections.abc' is deprecated since Python 3.3, and in 3.10 it will stop working
  if isinstance(v, collections.Mapping):
wandb: [wandb.login()] Loaded credentials for https://api.wandb.ai from /home/pparsons/.netrc.
wandb: Currently logged in as: peterparsons02 (peterparsons02-eth-z-rich) to https://api.wandb.ai. Use `wandb login --relogin` to force relogin
wandb: setting up run k3gcyzr6
wandb: Tracking run with wandb version 0.24.1
wandb: Run data is saved locally in /usr/itetnas04/data-scratch-01/pparsons/data/MyExpoComm/wandb/run-20260814_040459-k3gcyzr6
wandb: Run `wandb offline` to turn off syncing.
wandb: Syncing run my_run-bat_HybridComm_static_46-20260814_040457
wandb: ⭐️ View project at https://wandb.ai/peterparsons02-eth-z-rich/my_experiment
wandb: 🚀 View run at https://wandb.ai/peterparsons02-eth-z-rich/my_experiment/runs/k3gcyzr6
2026-08-14 04:05:04,759 - my_experiment - bat_HybridComm_static_46 - my_run - INFO - Current directory: /usr/itetnas04/data-scratch-01/pparsons/data/MyExpoComm.
2026-08-14 04:05:04,760 - my_experiment - bat_HybridComm_static_46 - my_run - INFO - Experiment Parameters:
2026-08-14 04:05:04,762 - my_experiment - bat_HybridComm_static_46 - my_run - INFO - 

{   'action_selector': 'epsilon_greedy',
    'add_value_last_step': True,
    'agent': 'ExpoComm_static_cont',
    'agent_output_type': 'q',
    'attention_dim': 16,
    'aux_coef': 0.1,
    'batch_size': 32,
    'batch_size_run': 1,
    'buffer_cpu_only': True,
    'buffer_size': 2000,
    'checkpoint_path': '',
    'double_q': True,
    'env': 'MAgent_Battle',
    'env_args': {   'global_reward': True,
                    'map_name': 'battle_view7',
                    'map_size': 25,
                    'max_cycles': 200,
                    'minimap_mode': False,
                    'pretrained_ckpt': None,
                    'seed': 46},
    'epsilon_anneal_time': 1000000,
    'epsilon_finish': 0.05,
    'epsilon_start': 1.0,
    'evaluate': False,
    'evaluation_epsilon': 0.0,
    'exp_name': 'my_experiment',
    'gamma': 0.99,
    'global_reward': True,
    'grad_norm_clip': 10,
    'hidden_dim': 64,
    'hypergroup': None,
    'label': 'default_label',
    'learner': 'hybrid_comm_learner',
    'learner_log_interval': 10000,
    'load_step': 0,
    'local_results_path': 'results',
    'log_interval': 50000,
    'lr': 0.0005,
    'mac': 'ExpoComm_mac',
    'mixer': None,
    'name': 'bat_HybridComm_static_46',
    'neg_num': 20,
    'obs_agent_id': True,
    'obs_individual_obs': False,
    'obs_last_action': True,
    'optim_alpha': 0.99,
    'optim_eps': 1e-05,
    'render': False,
    'repeat_id': 1,
    'run_name': 'my_run',
    'runner': 'episode',
    'runner_log_interval': 10000,
    'save_model': True,
    'save_model_interval': 500000,
    'save_replay': False,
    'seed': 46,
    'standardise_returns': False,
    'standardise_rewards': True,
    't_max': 5050000,
    'target_update_interval_or_tau': 200,
    'temperature': 0.07,
    'test_greedy': True,
    'test_interval': 50000,
    'test_nepisode': 1,
    'topk_neighbors': 7,
    'use_cuda': True,
    'use_rnn': True,
    'use_tensorboard': True,
    'work_dir': 'work_dirs/my_experiment/bat_HybridComm_static_46/my_run/20260814_040457'}

/usr/itetnas04/data-scratch-01/pparsons/data/conda_envs/ExpoComm/lib/python3.8/site-packages/pettingzoo/utils/conversions.py:41: UserWarning: The `from_parallel` function is deprecated. Use the `parallel_to_aec` function instead.
  warnings.warn("The `from_parallel` function is deprecated. Use the `parallel_to_aec` function instead.")
/usr/itetnas04/data-scratch-01/pparsons/data/conda_envs/ExpoComm/lib/python3.8/site-packages/pettingzoo/utils/wrappers/base.py:44: UserWarning: The `observation_spaces` dictionary is deprecated. Use the `observation_space` function instead.
  warnings.warn("The `observation_spaces` dictionary is deprecated. Use the `observation_space` function instead.")
/usr/itetnas04/data-scratch-01/pparsons/data/conda_envs/ExpoComm/lib/python3.8/site-packages/pettingzoo/utils/conversions.py:36: UserWarning: The `to_parallel` function is deprecated. Use the `aec_to_parallel` function instead.
  warnings.warn("The `to_parallel` function is deprecated. Use the `aec_to_parallel` function instead.")
/usr/itetnas04/data-scratch-01/pparsons/data/conda_envs/ExpoComm/lib/python3.8/site-packages/pettingzoo/utils/conversions.py:80: UserWarning: The `action_spaces` dictionary is deprecated. Use the `action_space` function instead.
  warnings.warn("The `action_spaces` dictionary is deprecated. Use the `action_space` function instead.")
/usr/itetnas04/data-scratch-01/pparsons/data/conda_envs/ExpoComm/lib/python3.8/site-packages/pettingzoo/utils/wrappers/base.py:52: UserWarning: The `action_spaces` dictionary is deprecated. Use the `action_space` function instead.
  warnings.warn("The `action_spaces` dictionary is deprecated. Use the `action_space` function instead.")
/usr/itetnas04/data-scratch-01/pparsons/data/conda_envs/ExpoComm/lib/python3.8/site-packages/pettingzoo/utils/conversions.py:72: UserWarning: The `observation_spaces` dictionary is deprecated. Use the `observation_space` function instead.
  warnings.warn("The `observation_spaces` dictionary is deprecated. Use the `observation_space` function instead.")
2026-08-14 04:05:21,258 - my_experiment - bat_HybridComm_static_46 - my_run - INFO - Beginning training for 5050000 timesteps
/usr/itetnas04/data-scratch-01/pparsons/data/MyExpoComm/src/envs/battle_wrappers.py:265: UserWarning: To copy construct from a tensor, it is recommended to use sourceTensor.clone().detach() or sourceTensor.clone().detach().requires_grad_(True), rather than torch.tensor(sourceTensor).
  actions = torch.tensor(actions, dtype=torch.long)
2026-08-14 04:05:33,462 - my_experiment - bat_HybridComm_static_46 - my_run - INFO - t_env: 200 / 5050000
2026-08-14 04:05:33,462 - my_experiment - bat_HybridComm_static_46 - my_run - INFO - Estimated time left: 20 minutes, 27 seconds. Time passed: 12 seconds
2026-08-14 04:05:34,209 - my_experiment - bat_HybridComm_static_46 - my_run - INFO - Saving models to work_dirs/my_experiment/bat_HybridComm_static_46/my_run/20260814_040457/models/200
2026-08-14 04:11:15,718 - my_experiment - bat_HybridComm_static_46 - my_run - INFO - Recent Stats | t_env:      50000 | Episode:      250
blue_team_alives_mean:    16.2120	blue_team_win_mean:        0.0000	ep_length_mean:          200.0000	episode_length_mean:     199.0000
epsilon:                   0.9620	grad_norm:                 5.5844	info_nce_loss:             1.6227	loss:                      1.2122
q_loss:                    1.1020	red_team_alives_mean:     19.9880	red_team_win_mean:         0.9560	return_mean:              -6.4349
return_std:                0.4431	test_blue_team_alives_mean: 20.0000	test_blue_team_win_mean:   0.0000	test_ep_length_mean:     200.0000
test_episode_length_mean:199.0000	test_red_team_alives_mean: 20.0000	test_red_team_win_mean:    0.0000	test_return_mean:         -1.0400
test_return_std:           0.0000	
2026-08-14 04:11:17,192 - my_experiment - bat_HybridComm_static_46 - my_run - INFO - t_env: 50200 / 5050000
2026-08-14 04:11:17,194 - my_experiment - bat_HybridComm_static_46 - my_run - INFO - Estimated time left: 9 hours, 32 minutes, 51 seconds. Time passed: 5 minutes, 55 seconds
2026-08-14 04:17:17,738 - my_experiment - bat_HybridComm_static_46 - my_run - INFO - Recent Stats | t_env:     100000 | Episode:      500
blue_team_alives_mean:    12.6000	blue_team_win_mean:        0.0000	ep_length_mean:          200.0000	episode_length_mean:     199.0000
epsilon:                   0.9145	grad_norm:                 7.9831	info_nce_loss:             0.3195	loss:                      1.5287
q_loss:                    1.3897	red_team_alives_mean:     19.9800	red_team_win_mean:         1.0000	return_mean:              -5.3058
return_std:                0.5943	test_blue_team_alives_mean: 15.0000	test_blue_team_win_mean:   0.0000	test_ep_length_mean:     200.0000
test_episode_length_mean:199.0000	test_red_team_alives_mean: 20.0000	test_red_team_win_mean:    0.5000	test_return_mean:         -1.9550
test_return_std:           0.0000	
2026-08-14 04:17:19,186 - my_experiment - bat_HybridComm_static_46 - my_run - INFO - t_env: 100200 / 5050000
2026-08-14 04:17:19,187 - my_experiment - bat_HybridComm_static_46 - my_run - INFO - Estimated time left: 9 hours, 57 minutes, 15 seconds. Time passed: 11 minutes, 57 seconds
2026-08-14 04:23:16,104 - my_experiment - bat_HybridComm_static_46 - my_run - INFO - Recent Stats | t_env:     150000 | Episode:      750
blue_team_alives_mean:     9.0360	blue_team_win_mean:        0.0000	ep_length_mean:          200.0000	episode_length_mean:     199.0000
epsilon:                   0.8670	grad_norm:                 6.8932	info_nce_loss:             0.2476	loss:                      1.5505
q_loss:                    1.4096	red_team_alives_mean:     19.9880	red_team_win_mean:         1.0000	return_mean:              -4.3457
return_std:                0.5911	test_blue_team_alives_mean: 12.6667	test_blue_team_win_mean:   0.0000	test_ep_length_mean:     200.0000
test_episode_length_mean:199.0000	test_red_team_alives_mean: 20.0000	test_red_team_win_mean:    0.6667	test_return_mean:         -4.5183
test_return_std:           0.0000	
2026-08-14 04:23:17,530 - my_experiment - bat_HybridComm_static_46 - my_run - INFO - t_env: 150200 / 5050000
2026-08-14 04:23:17,531 - my_experiment - bat_HybridComm_static_46 - my_run - INFO - Estimated time left: 9 hours, 45 minutes, 16 seconds. Time passed: 17 minutes, 56 seconds
2026-08-14 04:29:11,945 - my_experiment - bat_HybridComm_static_46 - my_run - INFO - Recent Stats | t_env:     200000 | Episode:     1000
blue_team_alives_mean:     6.0360	blue_team_win_mean:        0.0000	ep_length_mean:          200.0000	episode_length_mean:     199.0000
epsilon:                   0.8195	grad_norm:                 5.1259	info_nce_loss:             0.4097	loss:                      1.7041
q_loss:                    1.5492	red_team_alives_mean:     19.9760	red_team_win_mean:         1.0000	return_mean:              -3.6145
return_std:                0.4424	test_blue_team_alives_mean: 11.2500	test_blue_team_win_mean:   0.0000	test_ep_length_mean:     200.0000
test_episode_length_mean:199.0000	test_red_team_alives_mean: 20.0000	test_red_team_win_mean:    0.7500	test_return_mean:         -6.7225
test_return_std:           0.0000	
2026-08-14 04:29:13,385 - my_experiment - bat_HybridComm_static_46 - my_run - INFO - t_env: 200200 / 5050000
2026-08-14 04:29:13,386 - my_experiment - bat_HybridComm_static_46 - my_run - INFO - Estimated time left: 9 hours, 35 minutes, 16 seconds. Time passed: 23 minutes, 52 seconds
2026-08-14 04:35:05,350 - my_experiment - bat_HybridComm_static_46 - my_run - INFO - Recent Stats | t_env:     250000 | Episode:     1250
blue_team_alives_mean:     5.2560	blue_team_win_mean:        0.0000	ep_length_mean:          200.0000	episode_length_mean:     199.0000
epsilon:                   0.7720	grad_norm:                12.5676	info_nce_loss:             0.3678	loss:                      1.6415
q_loss:                    1.4923	red_team_alives_mean:     19.9960	red_team_win_mean:         1.0000	return_mean:              -3.3844
return_std:                0.4231	test_blue_team_alives_mean: 10.6000	test_blue_team_win_mean:   0.0000	test_ep_length_mean:     200.0000
test_episode_length_mean:199.0000	test_red_team_alives_mean: 20.0000	test_red_team_win_mean:    0.8000	test_return_mean:         -6.4460
test_return_std:           0.0000	
2026-08-14 04:35:06,838 - my_experiment - bat_HybridComm_static_46 - my_run - INFO - t_env: 250200 / 5050000
2026-08-14 04:35:06,839 - my_experiment - bat_HybridComm_static_46 - my_run - INFO - Estimated time left: 9 hours, 25 minutes, 30 seconds. Time passed: 29 minutes, 45 seconds
2026-08-14 04:41:01,415 - my_experiment - bat_HybridComm_static_46 - my_run - INFO - Recent Stats | t_env:     300000 | Episode:     1500
blue_team_alives_mean:     4.9680	blue_team_win_mean:        0.0000	ep_length_mean:          200.0000	episode_length_mean:     199.0000
epsilon:                   0.7245	grad_norm:                 6.9640	info_nce_loss:             0.5035	loss:                      1.5423
q_loss:                    1.4021	red_team_alives_mean:     19.9960	red_team_win_mean:         1.0000	return_mean:              -3.0198
return_std:                0.4344	test_blue_team_alives_mean:  8.6000	test_blue_team_win_mean:   0.0000	test_ep_length_mean:     200.0000
test_episode_length_mean:199.0000	test_red_team_alives_mean: 20.0000	test_red_team_win_mean:    1.0000	test_return_mean:         -8.8530
test_return_std:           0.0000	
2026-08-14 04:41:02,859 - my_experiment - bat_HybridComm_static_46 - my_run - INFO - t_env: 300200 / 5050000
2026-08-14 04:41:02,860 - my_experiment - bat_HybridComm_static_46 - my_run - INFO - Estimated time left: 9 hours, 23 minutes, 40 seconds. Time passed: 35 minutes, 41 seconds
2026-08-14 04:46:55,973 - my_experiment - bat_HybridComm_static_46 - my_run - INFO - Recent Stats | t_env:     350000 | Episode:     1750
blue_team_alives_mean:     4.7480	blue_team_win_mean:        0.0000	ep_length_mean:          200.0000	episode_length_mean:     199.0000
epsilon:                   0.6770	grad_norm:                 7.8369	info_nce_loss:             0.3299	loss:                      1.5879
q_loss:                    1.4436	red_team_alives_mean:     19.9840	red_team_win_mean:         1.0000	return_mean:              -2.6282
return_std:                0.3989	test_blue_team_alives_mean:  9.0000	test_blue_team_win_mean:   0.0000	test_ep_length_mean:     200.0000
test_episode_length_mean:199.0000	test_red_team_alives_mean: 20.0000	test_red_team_win_mean:    1.0000	test_return_mean:        -11.0460
test_return_std:           0.0000	
2026-08-14 04:46:57,384 - my_experiment - bat_HybridComm_static_46 - my_run - INFO - t_env: 350200 / 5050000
2026-08-14 04:46:57,385 - my_experiment - bat_HybridComm_static_46 - my_run - INFO - Estimated time left: 9 hours, 15 minutes, 23 seconds. Time passed: 41 minutes, 36 seconds
2026-08-14 04:52:45,712 - my_experiment - bat_HybridComm_static_46 - my_run - INFO - Recent Stats | t_env:     400000 | Episode:     2000
blue_team_alives_mean:     4.2880	blue_team_win_mean:        0.0000	ep_length_mean:          200.0000	episode_length_mean:     199.0000
epsilon:                   0.6295	grad_norm:                17.6327	info_nce_loss:             0.3003	loss:                      1.6526
q_loss:                    1.5024	red_team_alives_mean:     19.9920	red_team_win_mean:         1.0000	return_mean:              -2.1198
return_std:                0.4220	test_blue_team_alives_mean:  8.8000	test_blue_team_win_mean:   0.0000	test_ep_length_mean:     200.0000
test_episode_length_mean:199.0000	test_red_team_alives_mean: 20.0000	test_red_team_win_mean:    1.0000	test_return_mean:        -11.1470
test_return_std:           0.0000	
2026-08-14 04:52:47,127 - my_experiment - bat_HybridComm_static_46 - my_run - INFO - t_env: 400200 / 5050000
2026-08-14 04:52:47,128 - my_experiment - bat_HybridComm_static_46 - my_run - INFO - Estimated time left: 9 hours, 2 minutes, 4 seconds. Time passed: 47 minutes, 25 seconds
2026-08-14 04:58:34,674 - my_experiment - bat_HybridComm_static_46 - my_run - INFO - Recent Stats | t_env:     450195 | Episode:     2251
blue_team_alives_mean:     3.8636	blue_team_win_mean:        0.0000	ep_length_mean:          199.9804	episode_length_mean:     198.9804
epsilon:                   0.5818	grad_norm:                11.4337	info_nce_loss:             0.3481	loss:                      1.7853
q_loss:                    1.6230	red_team_alives_mean:     19.9882	red_team_win_mean:         1.0000	return_mean:              -1.5600
return_std:                0.4289	test_blue_team_alives_mean:  8.8000	test_blue_team_win_mean:   0.0000	test_ep_length_mean:     200.0000
test_episode_length_mean:199.0000	test_red_team_alives_mean: 20.0000	test_red_team_win_mean:    1.0000	test_return_mean:         -9.8140
test_return_std:           0.0000	
2026-08-14 04:58:36,084 - my_experiment - bat_HybridComm_static_46 - my_run - INFO - t_env: 450395 / 5050000
2026-08-14 04:58:36,085 - my_experiment - bat_HybridComm_static_46 - my_run - INFO - Estimated time left: 8 hours, 52 minutes, 56 seconds. Time passed: 53 minutes, 14 seconds
2026-08-14 05:04:21,716 - my_experiment - bat_HybridComm_static_46 - my_run - INFO - Recent Stats | t_env:     500195 | Episode:     2501
blue_team_alives_mean:     3.8480	blue_team_win_mean:        0.0000	ep_length_mean:          200.0000	episode_length_mean:     199.0000
epsilon:                   0.5343	grad_norm:                10.2686	info_nce_loss:             0.3510	loss:                      1.7205
q_loss:                    1.5641	red_team_alives_mean:     19.9600	red_team_win_mean:         1.0000	return_mean:              -1.1154
return_std:                0.4160	test_blue_team_alives_mean:  8.4000	test_blue_team_win_mean:   0.0000	test_ep_length_mean:     200.0000
test_episode_length_mean:199.0000	test_red_team_alives_mean: 20.0000	test_red_team_win_mean:    1.0000	test_return_mean:         -9.7870
test_return_std:           0.0000	
2026-08-14 05:04:23,164 - my_experiment - bat_HybridComm_static_46 - my_run - INFO - t_env: 500395 / 5050000
2026-08-14 05:04:23,165 - my_experiment - bat_HybridComm_static_46 - my_run - INFO - Estimated time left: 8 hours, 46 minutes, 21 seconds. Time passed: 59 minutes, 1 seconds
2026-08-14 05:04:23,886 - my_experiment - bat_HybridComm_static_46 - my_run - INFO - Saving models to work_dirs/my_experiment/bat_HybridComm_static_46/my_run/20260814_040457/models/500395
2026-08-14 05:10:13,707 - my_experiment - bat_HybridComm_static_46 - my_run - INFO - Recent Stats | t_env:     550391 | Episode:     2752
blue_team_alives_mean:     3.5901	blue_team_win_mean:        0.0000	ep_length_mean:          199.9843	episode_length_mean:     198.9843
epsilon:                   0.4866	grad_norm:                11.8788	info_nce_loss:             0.3484	loss:                      1.7270
q_loss:                    1.5700	red_team_alives_mean:     19.9642	red_team_win_mean:         1.0000	return_mean:              -0.6596
return_std:                0.4700	test_blue_team_alives_mean:  8.6000	test_blue_team_win_mean:   0.0000	test_ep_length_mean:     200.0000
test_episode_length_mean:199.0000	test_red_team_alives_mean: 20.0000	test_red_team_win_mean:    1.0000	test_return_mean:         -9.4660
test_return_std:           0.0000	
2026-08-14 05:10:15,105 - my_experiment - bat_HybridComm_static_46 - my_run - INFO - t_env: 550591 / 5050000
2026-08-14 05:10:15,106 - my_experiment - bat_HybridComm_static_46 - my_run - INFO - Estimated time left: 8 hours, 45 minutes, 46 seconds. Time passed: 1 hours, 4 minutes, 53 seconds
2026-08-14 05:16:07,395 - my_experiment - bat_HybridComm_static_46 - my_run - INFO - Recent Stats | t_env:     600543 | Episode:     3003
blue_team_alives_mean:     3.5699	blue_team_win_mean:        0.0000	ep_length_mean:          199.8118	episode_length_mean:     198.8118
epsilon:                   0.4390	grad_norm:                10.6392	info_nce_loss:             0.2465	loss:                      1.6139
q_loss:                    1.4672	red_team_alives_mean:     19.9802	red_team_win_mean:         1.0000	return_mean:              -0.3717
return_std:                0.4773	test_blue_team_alives_mean:  7.4000	test_blue_team_win_mean:   0.0000	test_ep_length_mean:     200.0000
test_episode_length_mean:199.0000	test_red_team_alives_mean: 20.0000	test_red_team_win_mean:    1.0000	test_return_mean:         -6.9870
test_return_std:           0.0000	
2026-08-14 05:16:08,826 - my_experiment - bat_HybridComm_static_46 - my_run - INFO - t_env: 600743 / 5050000
2026-08-14 05:16:08,827 - my_experiment - bat_HybridComm_static_46 - my_run - INFO - Estimated time left: 8 hours, 43 minutes, 0 seconds. Time passed: 1 hours, 10 minutes, 47 seconds
2026-08-14 05:22:01,356 - my_experiment - bat_HybridComm_static_46 - my_run - INFO - Recent Stats | t_env:     650730 | Episode:     3254
blue_team_alives_mean:     3.3840	blue_team_win_mean:        0.0000	ep_length_mean:          200.0000	episode_length_mean:     199.0000
epsilon:                   0.3915	grad_norm:                12.6936	info_nce_loss:             0.4429	loss:                      1.6685
q_loss:                    1.5168	red_team_alives_mean:     19.9760	red_team_win_mean:         1.0000	return_mean:               0.0881
return_std:                0.4098	test_blue_team_alives_mean:  7.8000	test_blue_team_win_mean:   0.0000	test_ep_length_mean:     200.0000
test_episode_length_mean:199.0000	test_red_team_alives_mean: 20.0000	test_red_team_win_mean:    1.0000	test_return_mean:         -5.7080
test_return_std:           0.0000	
2026-08-14 05:22:02,786 - my_experiment - bat_HybridComm_static_46 - my_run - INFO - t_env: 650930 / 5050000
2026-08-14 05:22:02,788 - my_experiment - bat_HybridComm_static_46 - my_run - INFO - Estimated time left: 8 hours, 37 minutes, 5 seconds. Time passed: 1 hours, 16 minutes, 41 seconds
2026-08-14 05:27:54,195 - my_experiment - bat_HybridComm_static_46 - my_run - INFO - Recent Stats | t_env:     700891 | Episode:     3505
blue_team_alives_mean:     3.0637	blue_team_win_mean:        0.0000	ep_length_mean:          199.7961	episode_length_mean:     198.7961
epsilon:                   0.3437	grad_norm:                12.5083	info_nce_loss:             0.3496	loss:                      1.6252
q_loss:                    1.4775	red_team_alives_mean:     19.9721	red_team_win_mean:         1.0000	return_mean:               0.4498
return_std:                0.4463	test_blue_team_alives_mean:  8.2000	test_blue_team_win_mean:   0.0000	test_ep_length_mean:     200.0000
test_episode_length_mean:199.0000	test_red_team_alives_mean: 20.0000	test_red_team_win_mean:    1.0000	test_return_mean:         -4.6150
test_return_std:           0.0000	
2026-08-14 05:27:55,635 - my_experiment - bat_HybridComm_static_46 - my_run - INFO - t_env: 701091 / 5050000
2026-08-14 05:27:55,636 - my_experiment - bat_HybridComm_static_46 - my_run - INFO - Estimated time left: 8 hours, 29 minutes, 51 seconds. Time passed: 1 hours, 22 minutes, 34 seconds
2026-08-14 05:33:42,326 - my_experiment - bat_HybridComm_static_46 - my_run - INFO - Recent Stats | t_env:     750891 | Episode:     3755
blue_team_alives_mean:     3.0080	blue_team_win_mean:        0.0000	ep_length_mean:          200.0000	episode_length_mean:     199.0000
epsilon:                   0.2962	grad_norm:                 9.5105	info_nce_loss:             0.3905	loss:                      1.5629
q_loss:                    1.4208	red_team_alives_mean:     19.9720	red_team_win_mean:         1.0000	return_mean:               0.8125
return_std:                0.4166	test_blue_team_alives_mean:  8.8000	test_blue_team_win_mean:   0.0000	test_ep_length_mean:     200.0000
test_episode_length_mean:199.0000	test_red_team_alives_mean: 19.8000	test_red_team_win_mean:    1.0000	test_return_mean:         -3.6479
test_return_std:           0.0000	
2026-08-14 05:33:43,718 - my_experiment - bat_HybridComm_static_46 - my_run - INFO - t_env: 751091 / 5050000
2026-08-14 05:33:43,719 - my_experiment - bat_HybridComm_static_46 - my_run - INFO - Estimated time left: 8 hours, 18 minutes, 47 seconds. Time passed: 1 hours, 28 minutes, 22 seconds
2026-08-14 05:39:31,056 - my_experiment - bat_HybridComm_static_46 - my_run - INFO - Recent Stats | t_env:     800908 | Episode:     4006
blue_team_alives_mean:     3.2986	blue_team_win_mean:        0.0000	ep_length_mean:          199.7098	episode_length_mean:     198.7098
epsilon:                   0.2485	grad_norm:                10.8013	info_nce_loss:             0.3166	loss:                      1.4911
q_loss:                    1.3555	red_team_alives_mean:     19.9722	red_team_win_mean:         1.0000	return_mean:               1.0773
return_std:                0.4837	test_blue_team_alives_mean:  9.0000	test_blue_team_win_mean:   0.0000	test_ep_length_mean:     200.0000
test_episode_length_mean:199.0000	test_red_team_alives_mean: 19.8000	test_red_team_win_mean:    1.0000	test_return_mean:         -1.4339
test_return_std:           0.0000	
2026-08-14 05:39:32,510 - my_experiment - bat_HybridComm_static_46 - my_run - INFO - t_env: 801108 / 5050000
2026-08-14 05:39:32,511 - my_experiment - bat_HybridComm_static_46 - my_run - INFO - Estimated time left: 8 hours, 13 minutes, 49 seconds. Time passed: 1 hours, 34 minutes, 11 seconds
2026-08-14 05:45:22,492 - my_experiment - bat_HybridComm_static_46 - my_run - INFO - Recent Stats | t_env:     850940 | Episode:     4260
blue_team_alives_mean:     3.3728	blue_team_win_mean:        0.0000	ep_length_mean:          197.5897	episode_length_mean:     196.5897
epsilon:                   0.2007	grad_norm:                 8.1564	info_nce_loss:             0.3125	loss:                      1.4198
q_loss:                    1.2907	red_team_alives_mean:     19.9527	red_team_win_mean:         1.0000	return_mean:               1.2753
return_std:                0.6764	test_blue_team_alives_mean:  8.4000	test_blue_team_win_mean:   0.0000	test_ep_length_mean:     200.0000
test_episode_length_mean:199.0000	test_red_team_alives_mean: 19.8000	test_red_team_win_mean:    1.0000	test_return_mean:         -0.7959
test_return_std:           0.0000	
2026-08-14 05:45:23,896 - my_experiment - bat_HybridComm_static_46 - my_run - INFO - t_env: 851140 / 5050000
2026-08-14 05:45:23,897 - my_experiment - bat_HybridComm_static_46 - my_run - INFO - Estimated time left: 8 hours, 11 minutes, 29 seconds. Time passed: 1 hours, 40 minutes, 2 seconds
2026-08-14 05:51:14,063 - my_experiment - bat_HybridComm_static_46 - my_run - INFO - Recent Stats | t_env:     900944 | Episode:     4515
blue_team_alives_mean:     3.3058	blue_team_win_mean:        0.0000	ep_length_mean:          197.0423	episode_length_mean:     196.0423
epsilon:                   0.1528	grad_norm:                 8.7303	info_nce_loss:             0.3789	loss:                      1.3434
q_loss:                    1.2212	red_team_alives_mean:     19.9648	red_team_win_mean:         1.0000	return_mean:               1.5955
return_std:                0.7159	test_blue_team_alives_mean:  7.2000	test_blue_team_win_mean:   0.0000	test_ep_length_mean:     200.0000
test_episode_length_mean:199.0000	test_red_team_alives_mean: 19.8000	test_red_team_win_mean:    1.0000	test_return_mean:          0.4241
test_return_std:           0.0000	
2026-08-14 05:51:15,451 - my_experiment - bat_HybridComm_static_46 - my_run - INFO - t_env: 901144 / 5050000
2026-08-14 05:51:15,452 - my_experiment - bat_HybridComm_static_46 - my_run - INFO - Estimated time left: 8 hours, 6 minutes, 8 seconds. Time passed: 1 hours, 45 minutes, 54 seconds
2026-08-14 05:57:05,885 - my_experiment - bat_HybridComm_static_46 - my_run - INFO - Recent Stats | t_env:     951030 | Episode:     4771
blue_team_alives_mean:     3.0356	blue_team_win_mean:        0.0000	ep_length_mean:          196.0419	episode_length_mean:     195.0419
epsilon:                   0.1047	grad_norm:                20.5518	info_nce_loss:             0.4525	loss:                      1.3108
q_loss:                    1.1917	red_team_alives_mean:     19.9494	red_team_win_mean:         1.0000	return_mean:               1.8462
return_std:                0.7233	test_blue_team_alives_mean:  5.8000	test_blue_team_win_mean:   0.0000	test_ep_length_mean:     200.0000
test_episode_length_mean:199.0000	test_red_team_alives_mean: 19.8000	test_red_team_win_mean:    1.0000	test_return_mean:          1.2251
test_return_std:           0.0000	
2026-08-14 05:57:07,269 - my_experiment - bat_HybridComm_static_46 - my_run - INFO - t_env: 951230 / 5050000
2026-08-14 05:57:07,270 - my_experiment - bat_HybridComm_static_46 - my_run - INFO - Estimated time left: 7 hours, 59 minutes, 50 seconds. Time passed: 1 hours, 51 minutes, 46 seconds
2026-08-14 06:03:00,129 - my_experiment - bat_HybridComm_static_46 - my_run - INFO - Saving models to work_dirs/my_experiment/bat_HybridComm_static_46/my_run/20260814_040457/models/1000557
2026-08-14 06:03:04,274 - my_experiment - bat_HybridComm_static_46 - my_run - INFO - Recent Stats | t_env:    1001157 | Episode:     5035
blue_team_alives_mean:     2.5696	blue_team_win_mean:        0.0000	ep_length_mean:          188.4954	episode_length_mean:     187.4954
epsilon:                   0.0567	grad_norm:                12.7720	info_nce_loss:             0.2970	loss:                      1.2990
q_loss:                    1.1809	red_team_alives_mean:     19.9738	red_team_win_mean:         1.0000	return_mean:               2.3152
return_std:                0.8746	test_blue_team_alives_mean:  4.4000	test_blue_team_win_mean:   0.0000	test_ep_length_mean:     200.0000
test_episode_length_mean:199.0000	test_red_team_alives_mean: 20.0000	test_red_team_win_mean:    1.0000	test_return_mean:          1.8020
test_return_std:           0.0000	
2026-08-14 06:03:05,668 - my_experiment - bat_HybridComm_static_46 - my_run - INFO - t_env: 1001357 / 5050000
2026-08-14 06:03:05,669 - my_experiment - bat_HybridComm_static_46 - my_run - INFO - Estimated time left: 8 hours, 2 minutes, 27 seconds. Time passed: 1 hours, 57 minutes, 44 seconds
2026-08-14 06:09:00,062 - my_experiment - bat_HybridComm_static_46 - my_run - INFO - Recent Stats | t_env:    1051275 | Episode:     5295
blue_team_alives_mean:     2.6115	blue_team_win_mean:        0.0000	ep_length_mean:          192.4162	episode_length_mean:     191.4162
epsilon:                   0.0500	grad_norm:                13.1452	info_nce_loss:             0.2263	loss:                      1.2625
q_loss:                    1.1477	red_team_alives_mean:     19.9810	red_team_win_mean:         1.0000	return_mean:               2.4401
return_std:                0.8614	test_blue_team_alives_mean:  2.6000	test_blue_team_win_mean:   0.0000	test_ep_length_mean:     200.0000
test_episode_length_mean:199.0000	test_red_team_alives_mean: 20.0000	test_red_team_win_mean:    1.0000	test_return_mean:          2.1490
test_return_std:           0.0000	
2026-08-14 06:09:01,458 - my_experiment - bat_HybridComm_static_46 - my_run - INFO - t_env: 1051475 / 5050000
2026-08-14 06:09:01,459 - my_experiment - bat_HybridComm_static_46 - my_run - INFO - Estimated time left: 7 hours, 53 minutes, 5 seconds. Time passed: 2 hours, 3 minutes, 40 seconds
2026-08-14 06:14:49,336 - my_experiment - bat_HybridComm_static_46 - my_run - INFO - Recent Stats | t_env:    1101316 | Episode:     5554
blue_team_alives_mean:     2.6054	blue_team_win_mean:        0.0000	ep_length_mean:          194.4296	episode_length_mean:     193.4296
epsilon:                   0.0500	grad_norm:                15.1344	info_nce_loss:             0.1663	loss:                      1.1965
q_loss:                    1.0878	red_team_alives_mean:     19.9887	red_team_win_mean:         1.0000	return_mean:               2.5284
return_std:                0.7185	test_blue_team_alives_mean:  3.0000	test_blue_team_win_mean:   0.0000	test_ep_length_mean:     200.0000
test_episode_length_mean:199.0000	test_red_team_alives_mean: 20.0000	test_red_team_win_mean:    1.0000	test_return_mean:          1.9510
test_return_std:           0.0000	
2026-08-14 06:14:50,706 - my_experiment - bat_HybridComm_static_46 - my_run - INFO - t_env: 1101516 / 5050000
2026-08-14 06:14:50,707 - my_experiment - bat_HybridComm_static_46 - my_run - INFO - Estimated time left: 7 hours, 39 minutes, 17 seconds. Time passed: 2 hours, 9 minutes, 29 seconds
2026-08-14 06:20:32,879 - my_experiment - bat_HybridComm_static_46 - my_run - INFO - Recent Stats | t_env:    1151436 | Episode:     5809
blue_team_alives_mean:     2.6873	blue_team_win_mean:        0.0000	ep_length_mean:          196.3565	episode_length_mean:     195.3565
epsilon:                   0.0500	grad_norm:                13.1691	info_nce_loss:             0.2285	loss:                      1.1330
q_loss:                    1.0300	red_team_alives_mean:     19.9883	red_team_win_mean:         1.0000	return_mean:               2.5792
return_std:                0.6747	test_blue_team_alives_mean:  3.0000	test_blue_team_win_mean:   0.0000	test_ep_length_mean:     200.0000
test_episode_length_mean:199.0000	test_red_team_alives_mean: 20.0000	test_red_team_win_mean:    1.0000	test_return_mean:          2.1040
test_return_std:           0.0000	
2026-08-14 06:20:34,227 - my_experiment - bat_HybridComm_static_46 - my_run - INFO - t_env: 1151636 / 5050000
2026-08-14 06:20:34,228 - my_experiment - bat_HybridComm_static_46 - my_run - INFO - Estimated time left: 7 hours, 25 minutes, 19 seconds. Time passed: 2 hours, 15 minutes, 12 seconds
2026-08-14 06:26:18,989 - my_experiment - bat_HybridComm_static_46 - my_run - INFO - Recent Stats | t_env:    1201519 | Episode:     6068
blue_team_alives_mean:     2.5542	blue_team_win_mean:        0.0000	ep_length_mean:          194.7044	episode_length_mean:     193.7044
epsilon:                   0.0500	grad_norm:                14.3079	info_nce_loss:             0.1840	loss:                      1.1112
q_loss:                    1.0102	red_team_alives_mean:     19.9923	red_team_win_mean:         1.0000	return_mean:               2.6586
return_std:                0.6964	test_blue_team_alives_mean:  3.0000	test_blue_team_win_mean:   0.0000	test_ep_length_mean:     200.0000
test_episode_length_mean:199.0000	test_red_team_alives_mean: 20.0000	test_red_team_win_mean:    1.0000	test_return_mean:          2.1080
test_return_std:           0.0000	
2026-08-14 06:26:20,386 - my_experiment - bat_HybridComm_static_46 - my_run - INFO - t_env: 1201719 / 5050000
2026-08-14 06:26:20,387 - my_experiment - bat_HybridComm_static_46 - my_run - INFO - Estimated time left: 7 hours, 23 minutes, 18 seconds. Time passed: 2 hours, 20 minutes, 59 seconds
2026-08-14 06:32:07,972 - my_experiment - bat_HybridComm_static_46 - my_run - INFO - Recent Stats | t_env:    1251606 | Episode:     6330
blue_team_alives_mean:     2.5339	blue_team_win_mean:        0.0000	ep_length_mean:          190.6465	episode_length_mean:     189.6465
epsilon:                   0.0500	grad_norm:                14.0862	info_nce_loss:             0.2076	loss:                      1.1005
q_loss:                    1.0004	red_team_alives_mean:     19.9846	red_team_win_mean:         1.0000	return_mean:               2.7525
return_std:                0.7540	test_blue_team_alives_mean:  3.8000	test_blue_team_win_mean:   0.0000	test_ep_length_mean:     200.0000
test_episode_length_mean:199.0000	test_red_team_alives_mean: 20.0000	test_red_team_win_mean:    1.0000	test_return_mean:          2.0150
test_return_std:           0.0000	
2026-08-14 06:32:09,329 - my_experiment - bat_HybridComm_static_46 - my_run - INFO - t_env: 1251806 / 5050000
2026-08-14 06:32:09,330 - my_experiment - bat_HybridComm_static_46 - my_run - INFO - Estimated time left: 7 hours, 21 minutes, 1 seconds. Time passed: 2 hours, 26 minutes, 48 seconds
2026-08-14 06:38:06,375 - my_experiment - bat_HybridComm_static_46 - my_run - INFO - Recent Stats | t_env:    1301792 | Episode:     6605
blue_team_alives_mean:     2.5872	blue_team_win_mean:        0.0000	ep_length_mean:          182.5154	episode_length_mean:     181.5154
epsilon:                   0.0500	grad_norm:                 8.6736	info_nce_loss:             0.1889	loss:                      1.0323
q_loss:                    0.9385	red_team_alives_mean:     19.9895	red_team_win_mean:         1.0000	return_mean:               2.8383
return_std:                0.8826	test_blue_team_alives_mean:  4.8000	test_blue_team_win_mean:   0.0000	test_ep_length_mean:     200.0000
test_episode_length_mean:199.0000	test_red_team_alives_mean: 20.0000	test_red_team_win_mean:    1.0000	test_return_mean:          2.1410
test_return_std:           0.0000	
2026-08-14 06:38:07,710 - my_experiment - bat_HybridComm_static_46 - my_run - INFO - t_env: 1301992 / 5050000
2026-08-14 06:38:07,711 - my_experiment - bat_HybridComm_static_46 - my_run - INFO - Estimated time left: 7 hours, 26 minutes, 4 seconds. Time passed: 2 hours, 32 minutes, 46 seconds
2026-08-14 06:43:55,160 - my_experiment - bat_HybridComm_static_46 - my_run - INFO - Recent Stats | t_env:    1351929 | Episode:     6867
blue_team_alives_mean:     2.7526	blue_team_win_mean:        0.0000	ep_length_mean:          190.4871	episode_length_mean:     189.4871
epsilon:                   0.0500	grad_norm:                13.4600	info_nce_loss:             0.2395	loss:                      1.0363
q_loss:                    0.9421	red_team_alives_mean:     19.9962	red_team_win_mean:         1.0000	return_mean:               2.7181
return_std:                0.7767	test_blue_team_alives_mean:  4.0000	test_blue_team_win_mean:   0.0000	test_ep_length_mean:     200.0000
test_episode_length_mean:199.0000	test_red_team_alives_mean: 20.0000	test_red_team_win_mean:    1.0000	test_return_mean:          2.6990
test_return_std:           0.0000	
2026-08-14 06:43:56,501 - my_experiment - bat_HybridComm_static_46 - my_run - INFO - t_env: 1352129 / 5050000
2026-08-14 06:43:56,502 - my_experiment - bat_HybridComm_static_46 - my_run - INFO - Estimated time left: 7 hours, 8 minutes, 45 seconds. Time passed: 2 hours, 38 minutes, 35 seconds
2026-08-14 06:49:42,489 - my_experiment - bat_HybridComm_static_46 - my_run - INFO - Recent Stats | t_env:    1402079 | Episode:     7126
blue_team_alives_mean:     2.8843	blue_team_win_mean:        0.0000	ep_length_mean:          194.2147	episode_length_mean:     193.2147
epsilon:                   0.0500	grad_norm:                17.3350	info_nce_loss:             0.1806	loss:                      0.9842
q_loss:                    0.8948	red_team_alives_mean:     19.9538	red_team_win_mean:         1.0000	return_mean:               2.7410
return_std:                0.7103	test_blue_team_alives_mean:  3.8000	test_blue_team_win_mean:   0.0000	test_ep_length_mean:     200.0000
test_episode_length_mean:199.0000	test_red_team_alives_mean: 20.0000	test_red_team_win_mean:    1.0000	test_return_mean:          2.7770
test_return_std:           0.0000	
2026-08-14 06:49:43,849 - my_experiment - bat_HybridComm_static_46 - my_run - INFO - t_env: 1402279 / 5050000
2026-08-14 06:49:43,850 - my_experiment - bat_HybridComm_static_46 - my_run - INFO - Estimated time left: 7 hours, 1 minutes, 4 seconds. Time passed: 2 hours, 44 minutes, 22 seconds
2026-08-14 06:55:28,771 - my_experiment - bat_HybridComm_static_46 - my_run - INFO - Recent Stats | t_env:    1452157 | Episode:     7382
blue_team_alives_mean:     3.3562	blue_team_win_mean:        0.0000	ep_length_mean:          195.7678	episode_length_mean:     194.7678
epsilon:                   0.0500	grad_norm:                15.5004	info_nce_loss:             0.4051	loss:                      0.9351
q_loss:                    0.8501	red_team_alives_mean:     19.9802	red_team_win_mean:         1.0000	return_mean:               2.5029
return_std:                0.8597	test_blue_team_alives_mean:  5.2000	test_blue_team_win_mean:   0.0000	test_ep_length_mean:     200.0000
test_episode_length_mean:199.0000	test_red_team_alives_mean: 20.0000	test_red_team_win_mean:    1.0000	test_return_mean:          2.5650
test_return_std:           0.0000	
2026-08-14 06:55:30,137 - my_experiment - bat_HybridComm_static_46 - my_run - INFO - t_env: 1452357 / 5050000
2026-08-14 06:55:30,138 - my_experiment - bat_HybridComm_static_46 - my_run - INFO - Estimated time left: 6 hours, 54 minutes, 37 seconds. Time passed: 2 hours, 50 minutes, 8 seconds
2026-08-14 07:01:01,814 - my_experiment - bat_HybridComm_static_46 - my_run - INFO - Saving models to work_dirs/my_experiment/bat_HybridComm_static_46/my_run/20260814_040457/models/1500590
2026-08-14 07:01:13,663 - my_experiment - bat_HybridComm_static_46 - my_run - INFO - Recent Stats | t_env:    1502249 | Episode:     7636
blue_team_alives_mean:     3.6517	blue_team_win_mean:        0.0000	ep_length_mean:          197.2228	episode_length_mean:     196.2228
epsilon:                   0.0500	grad_norm:                10.7888	info_nce_loss:             0.1035	loss:                      0.9268
q_loss:                    0.8426	red_team_alives_mean:     19.9882	red_team_win_mean:         1.0000	return_mean:               2.1532
return_std:                0.9037	test_blue_team_alives_mean:  5.2000	test_blue_team_win_mean:   0.0000	test_ep_length_mean:     200.0000
test_episode_length_mean:199.0000	test_red_team_alives_mean: 20.0000	test_red_team_win_mean:    1.0000	test_return_mean:          2.4500
test_return_std:           0.0000	
2026-08-14 07:01:15,032 - my_experiment - bat_HybridComm_static_46 - my_run - INFO - t_env: 1502449 / 5050000
2026-08-14 07:01:15,033 - my_experiment - bat_HybridComm_static_46 - my_run - INFO - Estimated time left: 6 hours, 47 minutes, 5 seconds. Time passed: 2 hours, 55 minutes, 53 seconds
2026-08-14 07:07:03,044 - my_experiment - bat_HybridComm_static_46 - my_run - INFO - Recent Stats | t_env:    1552417 | Episode:     7894
blue_team_alives_mean:     4.1761	blue_team_win_mean:        0.0000	ep_length_mean:          194.0006	episode_length_mean:     193.0006
epsilon:                   0.0500	grad_norm:                11.2320	info_nce_loss:             0.1741	loss:                      0.9219
q_loss:                    0.8381	red_team_alives_mean:     19.9811	red_team_win_mean:         1.0000	return_mean:               1.5096
return_std:                1.1584	test_blue_team_alives_mean:  4.2000	test_blue_team_win_mean:   0.0000	test_ep_length_mean:     200.0000
test_episode_length_mean:199.0000	test_red_team_alives_mean: 20.0000	test_red_team_win_mean:    1.0000	test_return_mean:          2.3690
test_return_std:           0.0000	
2026-08-14 07:07:04,401 - my_experiment - bat_HybridComm_static_46 - my_run - INFO - t_env: 1552617 / 5050000
2026-08-14 07:07:04,402 - my_experiment - bat_HybridComm_static_46 - my_run - INFO - Estimated time left: 6 hours, 45 minutes, 55 seconds. Time passed: 3 hours, 1 minutes, 43 seconds
2026-08-14 07:12:48,379 - my_experiment - bat_HybridComm_static_46 - my_run - INFO - Recent Stats | t_env:    1602447 | Episode:     8147
blue_team_alives_mean:     4.6912	blue_team_win_mean:        0.0000	ep_length_mean:          198.3589	episode_length_mean:     197.3589
epsilon:                   0.0500	grad_norm:                25.3146	info_nce_loss:             0.0972	loss:                      0.9045
q_loss:                    0.8223	red_team_alives_mean:     19.9646	red_team_win_mean:         1.0000	return_mean:               1.5970
return_std:                1.0279	test_blue_team_alives_mean:  4.2000	test_blue_team_win_mean:   0.0000	test_ep_length_mean:     200.0000
test_episode_length_mean:199.0000	test_red_team_alives_mean: 20.0000	test_red_team_win_mean:    1.0000	test_return_mean:          2.2290
test_return_std:           0.0000	
2026-08-14 07:12:50,633 - my_experiment - bat_HybridComm_static_46 - my_run - INFO - t_env: 1602706 / 5050000
2026-08-14 07:12:50,634 - my_experiment - bat_HybridComm_static_46 - my_run - INFO - Estimated time left: 6 hours, 37 minutes, 8 seconds. Time passed: 3 hours, 7 minutes, 29 seconds
2026-08-14 07:18:36,248 - my_experiment - bat_HybridComm_static_46 - my_run - INFO - Recent Stats | t_env:    1652528 | Episode:     8404
blue_team_alives_mean:     4.4396	blue_team_win_mean:        0.0000	ep_length_mean:          194.4601	episode_length_mean:     193.4601
epsilon:                   0.0500	grad_norm:                 8.3356	info_nce_loss:             0.2824	loss:                      0.9689
q_loss:                    0.8808	red_team_alives_mean:     19.9805	red_team_win_mean:         1.0000	return_mean:               1.8784
return_std:                1.0124	test_blue_team_alives_mean:  4.2000	test_blue_team_win_mean:   0.0000	test_ep_length_mean:     200.0000
test_episode_length_mean:199.0000	test_red_team_alives_mean: 20.0000	test_red_team_win_mean:    1.0000	test_return_mean:          1.8850
test_return_std:           0.0000	
2026-08-14 07:18:37,601 - my_experiment - bat_HybridComm_static_46 - my_run - INFO - t_env: 1652728 / 5050000
2026-08-14 07:18:37,602 - my_experiment - bat_HybridComm_static_46 - my_run - INFO - Estimated time left: 6 hours, 32 minutes, 44 seconds. Time passed: 3 hours, 13 minutes, 16 seconds
2026-08-14 07:24:24,523 - my_experiment - bat_HybridComm_static_46 - my_run - INFO - Recent Stats | t_env:    1702674 | Episode:     8660
blue_team_alives_mean:     4.4518	blue_team_win_mean:        0.0000	ep_length_mean:          195.9531	episode_length_mean:     194.9531
epsilon:                   0.0500	grad_norm:                12.0303	info_nce_loss:             0.1823	loss:                      0.9009
q_loss:                    0.8190	red_team_alives_mean:     20.0000	red_team_win_mean:         1.0000	return_mean:               2.1893
return_std:                0.9117	test_blue_team_alives_mean:  4.4000	test_blue_team_win_mean:   0.0000	test_ep_length_mean:     200.0000
test_episode_length_mean:199.0000	test_red_team_alives_mean: 20.0000	test_red_team_win_mean:    1.0000	test_return_mean:          1.7240
test_return_std:           0.0000	
2026-08-14 07:24:25,921 - my_experiment - bat_HybridComm_static_46 - my_run - INFO - t_env: 1702874 / 5050000
2026-08-14 07:24:25,922 - my_experiment - bat_HybridComm_static_46 - my_run - INFO - Estimated time left: 6 hours, 27 minutes, 29 seconds. Time passed: 3 hours, 19 minutes, 4 seconds
2026-08-14 07:30:14,838 - my_experiment - bat_HybridComm_static_46 - my_run - INFO - Recent Stats | t_env:    1752709 | Episode:     8911
blue_team_alives_mean:     5.6624	blue_team_win_mean:        0.0000	ep_length_mean:          199.3529	episode_length_mean:     198.3529
epsilon:                   0.0500	grad_norm:                14.7189	info_nce_loss:             0.1678	loss:                      0.8988
q_loss:                    0.8171	red_team_alives_mean:     19.9960	red_team_win_mean:         1.0000	return_mean:               1.8282
return_std:                0.7862	test_blue_team_alives_mean:  4.4000	test_blue_team_win_mean:   0.0000	test_ep_length_mean:     200.0000
test_episode_length_mean:199.0000	test_red_team_alives_mean: 20.0000	test_red_team_win_mean:    1.0000	test_return_mean:          1.8380
test_return_std:           0.0000	
2026-08-14 07:30:16,215 - my_experiment - bat_HybridComm_static_46 - my_run - INFO - t_env: 1752909 / 5050000
2026-08-14 07:30:16,216 - my_experiment - bat_HybridComm_static_46 - my_run - INFO - Estimated time left: 6 hours, 24 minutes, 42 seconds. Time passed: 3 hours, 24 minutes, 54 seconds
2026-08-14 07:36:04,468 - my_experiment - bat_HybridComm_static_46 - my_run - INFO - Recent Stats | t_env:    1802849 | Episode:     9164
blue_team_alives_mean:     5.8564	blue_team_win_mean:        0.0000	ep_length_mean:          198.2196	episode_length_mean:     197.2196
epsilon:                   0.0500	grad_norm:                 9.6959	info_nce_loss:             0.1072	loss:                      0.9406
q_loss:                    0.8551	red_team_alives_mean:     19.9682	red_team_win_mean:         1.0000	return_mean:               1.7088
return_std:                0.8114	test_blue_team_alives_mean:  5.2000	test_blue_team_win_mean:   0.0000	test_ep_length_mean:     200.0000
test_episode_length_mean:199.0000	test_red_team_alives_mean: 20.0000	test_red_team_win_mean:    1.0000	test_return_mean:          1.7920
test_return_std:           0.0000	
2026-08-14 07:36:05,861 - my_experiment - bat_HybridComm_static_46 - my_run - INFO - t_env: 1803049 / 5050000
2026-08-14 07:36:05,862 - my_experiment - bat_HybridComm_static_46 - my_run - INFO - Estimated time left: 6 hours, 17 minutes, 22 seconds. Time passed: 3 hours, 30 minutes, 44 seconds
2026-08-14 07:41:49,672 - my_experiment - bat_HybridComm_static_46 - my_run - INFO - Recent Stats | t_env:    1852932 | Episode:     9416
blue_team_alives_mean:     6.7022	blue_team_win_mean:        0.0000	ep_length_mean:          198.7569	episode_length_mean:     197.7569
epsilon:                   0.0500	grad_norm:                26.1621	info_nce_loss:             0.1461	loss:                      0.9065
q_loss:                    0.8241	red_team_alives_mean:     19.9800	red_team_win_mean:         1.0000	return_mean:               1.5257
return_std:                0.8225	test_blue_team_alives_mean:  6.2000	test_blue_team_win_mean:   0.0000	test_ep_length_mean:     200.0000
test_episode_length_mean:199.0000	test_red_team_alives_mean: 20.0000	test_red_team_win_mean:    1.0000	test_return_mean:          1.6840
test_return_std:           0.0000	
2026-08-14 07:41:51,045 - my_experiment - bat_HybridComm_static_46 - my_run - INFO - t_env: 1853132 / 5050000
2026-08-14 07:41:51,046 - my_experiment - bat_HybridComm_static_46 - my_run - INFO - Estimated time left: 6 hours, 7 minutes, 13 seconds. Time passed: 3 hours, 36 minutes, 29 seconds
2026-08-14 07:47:34,545 - my_experiment - bat_HybridComm_static_46 - my_run - INFO - Recent Stats | t_env:    1902966 | Episode:     9667
blue_team_alives_mean:     6.7773	blue_team_win_mean:        0.0000	ep_length_mean:          199.3490	episode_length_mean:     198.3490
epsilon:                   0.0500	grad_norm:                13.4166	info_nce_loss:             0.1350	loss:                      0.9425
q_loss:                    0.8568	red_team_alives_mean:     19.9761	red_team_win_mean:         1.0000	return_mean:               1.6254
return_std:                0.7927	test_blue_team_alives_mean:  6.8000	test_blue_team_win_mean:   0.0000	test_ep_length_mean:     200.0000
test_episode_length_mean:199.0000	test_red_team_alives_mean: 20.0000	test_red_team_win_mean:    1.0000	test_return_mean:          1.8770
test_return_std:           0.0000	
2026-08-14 07:47:35,941 - my_experiment - bat_HybridComm_static_46 - my_run - INFO - t_env: 1903166 / 5050000
2026-08-14 07:47:35,942 - my_experiment - bat_HybridComm_static_46 - my_run - INFO - Estimated time left: 6 hours, 1 minutes, 31 seconds. Time passed: 3 hours, 42 minutes, 14 seconds
2026-08-14 07:53:18,726 - my_experiment - bat_HybridComm_static_46 - my_run - INFO - Recent Stats | t_env:    1952966 | Episode:     9917
blue_team_alives_mean:     7.4120	blue_team_win_mean:        0.0000	ep_length_mean:          200.0000	episode_length_mean:     199.0000
epsilon:                   0.0500	grad_norm:                12.5790	info_nce_loss:             0.1608	loss:                      0.9486
q_loss:                    0.8624	red_team_alives_mean:     19.9240	red_team_win_mean:         1.0000	return_mean:               1.4515
return_std:                0.8658	test_blue_team_alives_mean:  6.2000	test_blue_team_win_mean:   0.0000	test_ep_length_mean:     200.0000
test_episode_length_mean:199.0000	test_red_team_alives_mean: 20.0000	test_red_team_win_mean:    1.0000	test_return_mean:          2.1370
test_return_std:           0.0000	
2026-08-14 07:53:20,109 - my_experiment - bat_HybridComm_static_46 - my_run - INFO - t_env: 1953166 / 5050000
2026-08-14 07:53:20,109 - my_experiment - bat_HybridComm_static_46 - my_run - INFO - Estimated time left: 5 hours, 55 minutes, 16 seconds. Time passed: 3 hours, 47 minutes, 58 seconds
2026-08-14 07:58:46,926 - my_experiment - bat_HybridComm_static_46 - my_run - INFO - Saving models to work_dirs/my_experiment/bat_HybridComm_static_46/my_run/20260814_040457/models/2000766
2026-08-14 07:59:02,140 - my_experiment - bat_HybridComm_static_46 - my_run - INFO - Recent Stats | t_env:    2002966 | Episode:    10167
blue_team_alives_mean:     6.2520	blue_team_win_mean:        0.0000	ep_length_mean:          200.0000	episode_length_mean:     199.0000
epsilon:                   0.0500	grad_norm:                16.2188	info_nce_loss:             0.1245	loss:                      0.9394
q_loss:                    0.8540	red_team_alives_mean:     19.9600	red_team_win_mean:         1.0000	return_mean:               1.5299
return_std:                0.9048	test_blue_team_alives_mean:  6.4000	test_blue_team_win_mean:   0.0000	test_ep_length_mean:     200.0000
test_episode_length_mean:199.0000	test_red_team_alives_mean: 20.0000	test_red_team_win_mean:    1.0000	test_return_mean:          2.0070
test_return_std:           0.0000	
2026-08-14 07:59:03,519 - my_experiment - bat_HybridComm_static_46 - my_run - INFO - t_env: 2003166 / 5050000
2026-08-14 07:59:03,520 - my_experiment - bat_HybridComm_static_46 - my_run - INFO - Estimated time left: 5 hours, 48 minutes, 46 seconds. Time passed: 3 hours, 53 minutes, 42 seconds
2026-08-14 08:04:45,452 - my_experiment - bat_HybridComm_static_46 - my_run - INFO - Recent Stats | t_env:    2052966 | Episode:    10417
blue_team_alives_mean:     6.6120	blue_team_win_mean:        0.0000	ep_length_mean:          200.0000	episode_length_mean:     199.0000
epsilon:                   0.0500	grad_norm:                20.9932	info_nce_loss:             0.0989	loss:                      0.8857
q_loss:                    0.8052	red_team_alives_mean:     19.9360	red_team_win_mean:         1.0000	return_mean:               1.3268
return_std:                1.0390	test_blue_team_alives_mean:  7.2000	test_blue_team_win_mean:   0.0000	test_ep_length_mean:     200.0000
test_episode_length_mean:199.0000	test_red_team_alives_mean: 19.8000	test_red_team_win_mean:    1.0000	test_return_mean:          1.9901
test_return_std:           0.0000	
2026-08-14 08:04:46,828 - my_experiment - bat_HybridComm_static_46 - my_run - INFO - t_env: 2053166 / 5050000
2026-08-14 08:04:46,829 - my_experiment - bat_HybridComm_static_46 - my_run - INFO - Estimated time left: 5 hours, 42 minutes, 56 seconds. Time passed: 3 hours, 59 minutes, 25 seconds
2026-08-14 08:10:28,895 - my_experiment - bat_HybridComm_static_46 - my_run - INFO - Recent Stats | t_env:    2102966 | Episode:    10667
blue_team_alives_mean:     6.5120	blue_team_win_mean:        0.0000	ep_length_mean:          200.0000	episode_length_mean:     199.0000
epsilon:                   0.0500	grad_norm:                19.3205	info_nce_loss:             0.0957	loss:                      0.8747
q_loss:                    0.7952	red_team_alives_mean:     19.9560	red_team_win_mean:         1.0000	return_mean:               1.5716
return_std:                0.9160	test_blue_team_alives_mean:  8.0000	test_blue_team_win_mean:   0.0000	test_ep_length_mean:     200.0000
test_episode_length_mean:199.0000	test_red_team_alives_mean: 19.8000	test_red_team_win_mean:    1.0000	test_return_mean:          1.5981
test_return_std:           0.0000	
2026-08-14 08:10:30,277 - my_experiment - bat_HybridComm_static_46 - my_run - INFO - t_env: 2103166 / 5050000
2026-08-14 08:10:30,278 - my_experiment - bat_HybridComm_static_46 - my_run - INFO - Estimated time left: 5 hours, 37 minutes, 21 seconds. Time passed: 4 hours, 5 minutes, 9 seconds
2026-08-14 08:16:11,588 - my_experiment - bat_HybridComm_static_46 - my_run - INFO - Recent Stats | t_env:    2152966 | Episode:    10917
blue_team_alives_mean:     5.7520	blue_team_win_mean:        0.0000	ep_length_mean:          200.0000	episode_length_mean:     199.0000
epsilon:                   0.0500	grad_norm:                17.7811	info_nce_loss:             0.1034	loss:                      0.9183
q_loss:                    0.8348	red_team_alives_mean:     19.9800	red_team_win_mean:         1.0000	return_mean:               1.7452
return_std:                0.9702	test_blue_team_alives_mean:  8.4000	test_blue_team_win_mean:   0.0000	test_ep_length_mean:     200.0000
test_episode_length_mean:199.0000	test_red_team_alives_mean: 19.8000	test_red_team_win_mean:    1.0000	test_return_mean:          1.4461
test_return_std:           0.0000	
2026-08-14 08:16:12,972 - my_experiment - bat_HybridComm_static_46 - my_run - INFO - t_env: 2153166 / 5050000
2026-08-14 08:16:12,973 - my_experiment - bat_HybridComm_static_46 - my_run - INFO - Estimated time left: 5 hours, 30 minutes, 54 seconds. Time passed: 4 hours, 10 minutes, 51 seconds
2026-08-14 08:21:57,515 - my_experiment - bat_HybridComm_static_46 - my_run - INFO - Recent Stats | t_env:    2202966 | Episode:    11167
blue_team_alives_mean:     5.4760	blue_team_win_mean:        0.0000	ep_length_mean:          200.0000	episode_length_mean:     199.0000
epsilon:                   0.0500	grad_norm:                19.0537	info_nce_loss:             0.0505	loss:                      0.9037
q_loss:                    0.8215	red_team_alives_mean:     19.9800	red_team_win_mean:         1.0000	return_mean:               2.0660
return_std:                0.7876	test_blue_team_alives_mean:  7.4000	test_blue_team_win_mean:   0.0000	test_ep_length_mean:     200.0000
test_episode_length_mean:199.0000	test_red_team_alives_mean: 19.8000	test_red_team_win_mean:    1.0000	test_return_mean:          1.6481
test_return_std:           0.0000	
2026-08-14 08:21:58,890 - my_experiment - bat_HybridComm_static_46 - my_run - INFO - t_env: 2203166 / 5050000
2026-08-14 08:21:58,891 - my_experiment - bat_HybridComm_static_46 - my_run - INFO - Estimated time left: 5 hours, 28 minutes, 15 seconds. Time passed: 4 hours, 16 minutes, 37 seconds
2026-08-14 08:27:42,288 - my_experiment - bat_HybridComm_static_46 - my_run - INFO - Recent Stats | t_env:    2252966 | Episode:    11417
blue_team_alives_mean:     4.1200	blue_team_win_mean:        0.0000	ep_length_mean:          200.0000	episode_length_mean:     199.0000
epsilon:                   0.0500	grad_norm:                13.8165	info_nce_loss:             0.0851	loss:                      0.8700
q_loss:                    0.7909	red_team_alives_mean:     19.9960	red_team_win_mean:         1.0000	return_mean:               2.3157
return_std:                0.6718	test_blue_team_alives_mean:  8.2000	test_blue_team_win_mean:   0.0000	test_ep_length_mean:     200.0000
test_episode_length_mean:199.0000	test_red_team_alives_mean: 19.8000	test_red_team_win_mean:    1.0000	test_return_mean:          0.9911
test_return_std:           0.0000	
2026-08-14 08:27:43,656 - my_experiment - bat_HybridComm_static_46 - my_run - INFO - t_env: 2253166 / 5050000
2026-08-14 08:27:43,657 - my_experiment - bat_HybridComm_static_46 - my_run - INFO - Estimated time left: 5 hours, 21 minutes, 25 seconds. Time passed: 4 hours, 22 minutes, 22 seconds
2026-08-14 08:33:33,240 - my_experiment - bat_HybridComm_static_46 - my_run - INFO - Recent Stats | t_env:    2302988 | Episode:    11677
blue_team_alives_mean:     3.2051	blue_team_win_mean:        0.0000	ep_length_mean:          193.6818	episode_length_mean:     192.6818
epsilon:                   0.0500	grad_norm:                16.9455	info_nce_loss:             0.1013	loss:                      0.9165
q_loss:                    0.8332	red_team_alives_mean:     19.9888	red_team_win_mean:         1.0000	return_mean:               2.5410
return_std:                0.6896	test_blue_team_alives_mean:  7.0000	test_blue_team_win_mean:   0.0000	test_ep_length_mean:     200.0000
test_episode_length_mean:199.0000	test_red_team_alives_mean: 20.0000	test_red_team_win_mean:    1.0000	test_return_mean:          1.2490
test_return_std:           0.0000	
2026-08-14 08:33:34,614 - my_experiment - bat_HybridComm_static_46 - my_run - INFO - t_env: 2303188 / 5050000
2026-08-14 08:33:34,614 - my_experiment - bat_HybridComm_static_46 - my_run - INFO - Estimated time left: 5 hours, 21 minutes, 11 seconds. Time passed: 4 hours, 28 minutes, 13 seconds
2026-08-14 08:39:31,229 - my_experiment - bat_HybridComm_static_46 - my_run - INFO - Recent Stats | t_env:    2353045 | Episode:    11946
blue_team_alives_mean:     2.9327	blue_team_win_mean:        0.0000	ep_length_mean:          186.6064	episode_length_mean:     185.6064
epsilon:                   0.0500	grad_norm:                23.2848	info_nce_loss:             0.0315	loss:                      0.9025
q_loss:                    0.8205	red_team_alives_mean:     19.9887	red_team_win_mean:         1.0000	return_mean:               2.2514
return_std:                0.9574	test_blue_team_alives_mean:  5.2000	test_blue_team_win_mean:   0.0000	test_ep_length_mean:     169.0000
test_episode_length_mean:168.0000	test_red_team_alives_mean: 20.0000	test_red_team_win_mean:    1.0000	test_return_mean:          2.0580
test_return_std:           0.0000	
2026-08-14 08:39:32,613 - my_experiment - bat_HybridComm_static_46 - my_run - INFO - t_env: 2353245 / 5050000
2026-08-14 08:39:32,614 - my_experiment - bat_HybridComm_static_46 - my_run - INFO - Estimated time left: 5 hours, 21 minutes, 26 seconds. Time passed: 4 hours, 34 minutes, 11 seconds
2026-08-14 08:45:23,127 - my_experiment - bat_HybridComm_static_46 - my_run - INFO - Recent Stats | t_env:    2403162 | Episode:    12201
blue_team_alives_mean:     3.4569	blue_team_win_mean:        0.0000	ep_length_mean:          195.1728	episode_length_mean:     194.1728
epsilon:                   0.0500	grad_norm:                14.4036	info_nce_loss:             0.1401	loss:                      0.8823
q_loss:                    0.8021	red_team_alives_mean:     20.0000	red_team_win_mean:         1.0000	return_mean:               2.0491
return_std:                0.7742	test_blue_team_alives_mean:  4.0000	test_blue_team_win_mean:   0.0000	test_ep_length_mean:     137.6000
test_episode_length_mean:136.6000	test_red_team_alives_mean: 20.0000	test_red_team_win_mean:    1.0000	test_return_mean:          2.4740
test_return_std:           0.0000	
2026-08-14 08:45:24,523 - my_experiment - bat_HybridComm_static_46 - my_run - INFO - t_env: 2403362 / 5050000
2026-08-14 08:45:24,524 - my_experiment - bat_HybridComm_static_46 - my_run - INFO - Estimated time left: 5 hours, 9 minutes, 44 seconds. Time passed: 4 hours, 40 minutes, 3 seconds
2026-08-14 08:51:24,186 - my_experiment - bat_HybridComm_static_46 - my_run - INFO - Recent Stats | t_env:    2453232 | Episode:    12468
blue_team_alives_mean:     3.6725	blue_team_win_mean:        0.0000	ep_length_mean:          187.8113	episode_length_mean:     186.8113
epsilon:                   0.0500	grad_norm:                 9.5707	info_nce_loss:             0.1272	loss:                      0.8956
q_loss:                    0.8141	red_team_alives_mean:     19.9964	red_team_win_mean:         1.0000	return_mean:               2.1686
return_std:                1.0074	test_blue_team_alives_mean:  5.0000	test_blue_team_win_mean:   0.0000	test_ep_length_mean:     137.6000
test_episode_length_mean:136.6000	test_red_team_alives_mean: 20.0000	test_red_team_win_mean:    1.0000	test_return_mean:          2.0130
test_return_std:           0.0000	
2026-08-14 08:51:25,624 - my_experiment - bat_HybridComm_static_46 - my_run - INFO - t_env: 2453432 / 5050000
2026-08-14 08:51:25,624 - my_experiment - bat_HybridComm_static_46 - my_run - INFO - Estimated time left: 5 hours, 12 minutes, 6 seconds. Time passed: 4 hours, 46 minutes, 4 seconds
2026-08-14 08:56:58,239 - my_experiment - bat_HybridComm_static_46 - my_run - INFO - Saving models to work_dirs/my_experiment/bat_HybridComm_static_46/my_run/20260814_040457/models/2500811
2026-08-14 08:57:16,112 - my_experiment - bat_HybridComm_static_46 - my_run - INFO - Recent Stats | t_env:    2503411 | Episode:    12722
blue_team_alives_mean:     5.5310	blue_team_win_mean:        0.0000	ep_length_mean:          197.5867	episode_length_mean:     196.5867
epsilon:                   0.0500	grad_norm:                10.3617	info_nce_loss:             0.2090	loss:                      0.8926
q_loss:                    0.8114	red_team_alives_mean:     19.9569	red_team_win_mean:         1.0000	return_mean:               1.4475
return_std:                1.0164	test_blue_team_alives_mean:  4.0000	test_blue_team_win_mean:   0.0000	test_ep_length_mean:     137.6000
test_episode_length_mean:136.6000	test_red_team_alives_mean: 20.0000	test_red_team_win_mean:    1.0000	test_return_mean:          2.7550
test_return_std:           0.0000	
2026-08-14 08:57:17,533 - my_experiment - bat_HybridComm_static_46 - my_run - INFO - t_env: 2503611 / 5050000
2026-08-14 08:57:17,534 - my_experiment - bat_HybridComm_static_46 - my_run - INFO - Estimated time left: 4 hours, 57 minutes, 38 seconds. Time passed: 4 hours, 51 minutes, 56 seconds
2026-08-14 09:03:00,643 - my_experiment - bat_HybridComm_static_46 - my_run - INFO - Recent Stats | t_env:    2553427 | Episode:    12974
blue_team_alives_mean:     5.6993	blue_team_win_mean:        0.0000	ep_length_mean:          198.5137	episode_length_mean:     197.5137
epsilon:                   0.0500	grad_norm:                11.0846	info_nce_loss:             0.1407	loss:                      0.9149
q_loss:                    0.8318	red_team_alives_mean:     19.9525	red_team_win_mean:         1.0000	return_mean:               1.7847
return_std:                0.7941	test_blue_team_alives_mean:  4.0000	test_blue_team_win_mean:   0.0000	test_ep_length_mean:     137.6000
test_episode_length_mean:136.6000	test_red_team_alives_mean: 20.0000	test_red_team_win_mean:    1.0000	test_return_mean:          1.8760
test_return_std:           0.0000	
2026-08-14 09:03:02,020 - my_experiment - bat_HybridComm_static_46 - my_run - INFO - t_env: 2553627 / 5050000
2026-08-14 09:03:02,020 - my_experiment - bat_HybridComm_static_46 - my_run - INFO - Estimated time left: 4 hours, 46 minutes, 33 seconds. Time passed: 4 hours, 57 minutes, 40 seconds
2026-08-14 09:08:48,031 - my_experiment - bat_HybridComm_static_46 - my_run - INFO - Recent Stats | t_env:    2603479 | Episode:    13231
blue_team_alives_mean:     5.2022	blue_team_win_mean:        0.0000	ep_length_mean:          195.4801	episode_length_mean:     194.4801
epsilon:                   0.0500	grad_norm:                12.2751	info_nce_loss:             0.1891	loss:                      0.8825
q_loss:                    0.8023	red_team_alives_mean:     19.9571	red_team_win_mean:         1.0000	return_mean:               2.0718
return_std:                0.8014	test_blue_team_alives_mean:  4.8000	test_blue_team_win_mean:   0.0000	test_ep_length_mean:     168.6000
test_episode_length_mean:167.6000	test_red_team_alives_mean: 20.0000	test_red_team_win_mean:    1.0000	test_return_mean:          1.4550
test_return_std:           0.0000	
2026-08-14 09:08:49,391 - my_experiment - bat_HybridComm_static_46 - my_run - INFO - t_env: 2603679 / 5050000
2026-08-14 09:08:49,392 - my_experiment - bat_HybridComm_static_46 - my_run - INFO - Estimated time left: 4 hours, 42 minutes, 57 seconds. Time passed: 5 hours, 3 minutes, 28 seconds
2026-08-14 09:14:35,863 - my_experiment - bat_HybridComm_static_46 - my_run - INFO - Recent Stats | t_env:    2653620 | Episode:    13487
blue_team_alives_mean:     5.9847	blue_team_win_mean:        0.0000	ep_length_mean:          195.3474	episode_length_mean:     194.3474
epsilon:                   0.0500	grad_norm:                16.5986	info_nce_loss:             0.1395	loss:                      0.8851
q_loss:                    0.8046	red_team_alives_mean:     19.9651	red_team_win_mean:         1.0000	return_mean:               1.7373
return_std:                0.8250	test_blue_team_alives_mean:  5.6000	test_blue_team_win_mean:   0.0000	test_ep_length_mean:     200.0000
test_episode_length_mean:199.0000	test_red_team_alives_mean: 20.0000	test_red_team_win_mean:    1.0000	test_return_mean:          1.1130
test_return_std:           0.0000	
2026-08-14 09:14:37,251 - my_experiment - bat_HybridComm_static_46 - my_run - INFO - t_env: 2653820 / 5050000
2026-08-14 09:14:37,252 - my_experiment - bat_HybridComm_static_46 - my_run - INFO - Estimated time left: 4 hours, 37 minutes, 3 seconds. Time passed: 5 hours, 9 minutes, 15 seconds
2026-08-14 09:20:19,718 - my_experiment - bat_HybridComm_static_46 - my_run - INFO - Recent Stats | t_env:    2703723 | Episode:    13739
blue_team_alives_mean:     6.1496	blue_team_win_mean:        0.0000	ep_length_mean:          198.8353	episode_length_mean:     197.8353
epsilon:                   0.0500	grad_norm:                22.8509	info_nce_loss:             0.1987	loss:                      0.9300
q_loss:                    0.8455	red_team_alives_mean:     19.9209	red_team_win_mean:         1.0000	return_mean:               1.7010
return_std:                0.6913	test_blue_team_alives_mean:  5.4000	test_blue_team_win_mean:   0.0000	test_ep_length_mean:     200.0000
test_episode_length_mean:199.0000	test_red_team_alives_mean: 20.0000	test_red_team_win_mean:    1.0000	test_return_mean:          1.3790
test_return_std:           0.0000	
2026-08-14 09:20:21,139 - my_experiment - bat_HybridComm_static_46 - my_run - INFO - t_env: 2703923 / 5050000
2026-08-14 09:20:21,140 - my_experiment - bat_HybridComm_static_46 - my_run - INFO - Estimated time left: 4 hours, 28 minutes, 22 seconds. Time passed: 5 hours, 14 minutes, 59 seconds
2026-08-14 09:26:04,716 - my_experiment - bat_HybridComm_static_46 - my_run - INFO - Recent Stats | t_env:    2753824 | Episode:    13991
blue_team_alives_mean:     6.3557	blue_team_win_mean:        0.0000	ep_length_mean:          198.8275	episode_length_mean:     197.8275
epsilon:                   0.0500	grad_norm:                15.8832	info_nce_loss:             0.1779	loss:                      0.7844
q_loss:                    0.7131	red_team_alives_mean:     19.8929	red_team_win_mean:         1.0000	return_mean:               1.6185
return_std:                0.6770	test_blue_team_alives_mean:  4.4000	test_blue_team_win_mean:   0.0000	test_ep_length_mean:     200.0000
test_episode_length_mean:199.0000	test_red_team_alives_mean: 20.0000	test_red_team_win_mean:    1.0000	test_return_mean:          1.6670
test_return_std:           0.0000	
2026-08-14 09:26:06,089 - my_experiment - bat_HybridComm_static_46 - my_run - INFO - t_env: 2754024 / 5050000
2026-08-14 09:26:06,090 - my_experiment - bat_HybridComm_static_46 - my_run - INFO - Estimated time left: 4 hours, 23 minutes, 28 seconds. Time passed: 5 hours, 20 minutes, 44 seconds
2026-08-14 09:31:51,023 - my_experiment - bat_HybridComm_static_46 - my_run - INFO - Recent Stats | t_env:    2803968 | Episode:    14243
blue_team_alives_mean:     6.7820	blue_team_win_mean:        0.0000	ep_length_mean:          198.9961	episode_length_mean:     197.9961
epsilon:                   0.0500	grad_norm:                19.5869	info_nce_loss:             0.0382	loss:                      0.7743
q_loss:                    0.7039	red_team_alives_mean:     19.8572	red_team_win_mean:         1.0000	return_mean:               1.7391
return_std:                0.8683	test_blue_team_alives_mean:  5.4000	test_blue_team_win_mean:   0.0000	test_ep_length_mean:     200.0000
test_episode_length_mean:199.0000	test_red_team_alives_mean: 20.0000	test_red_team_win_mean:    1.0000	test_return_mean:          2.2410
test_return_std:           0.0000	
2026-08-14 09:31:52,392 - my_experiment - bat_HybridComm_static_46 - my_run - INFO - t_env: 2804168 / 5050000
2026-08-14 09:31:52,393 - my_experiment - bat_HybridComm_static_46 - my_run - INFO - Estimated time left: 4 hours, 18 minutes, 30 seconds. Time passed: 5 hours, 26 minutes, 31 seconds
2026-08-14 09:37:36,894 - my_experiment - bat_HybridComm_static_46 - my_run - INFO - Recent Stats | t_env:    2854012 | Episode:    14494
blue_team_alives_mean:     7.1921	blue_team_win_mean:        0.0000	ep_length_mean:          199.3882	episode_length_mean:     198.3882
epsilon:                   0.0500	grad_norm:                14.4006	info_nce_loss:             0.1843	loss:                      0.7276
q_loss:                    0.6615	red_team_alives_mean:     19.9361	red_team_win_mean:         1.0000	return_mean:               1.6918
return_std:                0.7897	test_blue_team_alives_mean:  5.8000	test_blue_team_win_mean:   0.0000	test_ep_length_mean:     200.0000
test_episode_length_mean:199.0000	test_red_team_alives_mean: 20.0000	test_red_team_win_mean:    1.0000	test_return_mean:          2.1470
test_return_std:           0.0000	
2026-08-14 09:37:38,251 - my_experiment - bat_HybridComm_static_46 - my_run - INFO - t_env: 2854212 / 5050000
2026-08-14 09:37:38,252 - my_experiment - bat_HybridComm_static_46 - my_run - INFO - Estimated time left: 4 hours, 12 minutes, 55 seconds. Time passed: 5 hours, 32 minutes, 16 seconds
2026-08-14 09:43:23,424 - my_experiment - bat_HybridComm_static_46 - my_run - INFO - Recent Stats | t_env:    2904012 | Episode:    14744
blue_team_alives_mean:     6.8080	blue_team_win_mean:        0.0000	ep_length_mean:          200.0000	episode_length_mean:     199.0000
epsilon:                   0.0500	grad_norm:                 9.7007	info_nce_loss:             0.2951	loss:                      0.6936
q_loss:                    0.6306	red_team_alives_mean:     19.9280	red_team_win_mean:         1.0000	return_mean:               1.7337
return_std:                0.7951	test_blue_team_alives_mean:  6.0000	test_blue_team_win_mean:   0.0000	test_ep_length_mean:     200.0000
test_episode_length_mean:199.0000	test_red_team_alives_mean: 20.0000	test_red_team_win_mean:    1.0000	test_return_mean:          2.0450
test_return_std:           0.0000	
2026-08-14 09:43:24,803 - my_experiment - bat_HybridComm_static_46 - my_run - INFO - t_env: 2904212 / 5050000
2026-08-14 09:43:24,804 - my_experiment - bat_HybridComm_static_46 - my_run - INFO - Estimated time left: 4 hours, 7 minutes, 52 seconds. Time passed: 5 hours, 38 minutes, 3 seconds
2026-08-14 09:49:11,757 - my_experiment - bat_HybridComm_static_46 - my_run - INFO - Recent Stats | t_env:    2954012 | Episode:    14994
blue_team_alives_mean:     5.7640	blue_team_win_mean:        0.0000	ep_length_mean:          200.0000	episode_length_mean:     199.0000
epsilon:                   0.0500	grad_norm:                28.8379	info_nce_loss:             0.1849	loss:                      0.6869
q_loss:                    0.6244	red_team_alives_mean:     19.9600	red_team_win_mean:         1.0000	return_mean:               1.9661
return_std:                0.7191	test_blue_team_alives_mean:  6.0000	test_blue_team_win_mean:   0.0000	test_ep_length_mean:     200.0000
test_episode_length_mean:199.0000	test_red_team_alives_mean: 20.0000	test_red_team_win_mean:    1.0000	test_return_mean:          1.9410
test_return_std:           0.0000	
2026-08-14 09:49:13,142 - my_experiment - bat_HybridComm_static_46 - my_run - INFO - t_env: 2954212 / 5050000
2026-08-14 09:49:13,143 - my_experiment - bat_HybridComm_static_46 - my_run - INFO - Estimated time left: 4 hours, 3 minutes, 20 seconds. Time passed: 5 hours, 43 minutes, 51 seconds
2026-08-14 09:54:35,845 - my_experiment - bat_HybridComm_static_46 - my_run - INFO - Saving models to work_dirs/my_experiment/bat_HybridComm_static_46/my_run/20260814_040457/models/3000852
2026-08-14 09:54:57,773 - my_experiment - bat_HybridComm_static_46 - my_run - INFO - Recent Stats | t_env:    3004052 | Episode:    15245
blue_team_alives_mean:     4.2005	blue_team_win_mean:        0.0000	ep_length_mean:          199.3725	episode_length_mean:     198.3725
epsilon:                   0.0500	grad_norm:                15.8816	info_nce_loss:             0.0953	loss:                      0.6693
q_loss:                    0.6084	red_team_alives_mean:     19.9801	red_team_win_mean:         1.0000	return_mean:               2.1931
return_std:                0.7233	test_blue_team_alives_mean:  6.4000	test_blue_team_win_mean:   0.0000	test_ep_length_mean:     200.0000
test_episode_length_mean:199.0000	test_red_team_alives_mean: 20.0000	test_red_team_win_mean:    1.0000	test_return_mean:          1.8730
test_return_std:           0.0000	
2026-08-14 09:54:59,191 - my_experiment - bat_HybridComm_static_46 - my_run - INFO - t_env: 3004252 / 5050000
2026-08-14 09:54:59,192 - my_experiment - bat_HybridComm_static_46 - my_run - INFO - Estimated time left: 3 hours, 55 minutes, 47 seconds. Time passed: 5 hours, 49 minutes, 37 seconds
2026-08-14 10:00:42,707 - my_experiment - bat_HybridComm_static_46 - my_run - INFO - Recent Stats | t_env:    3054090 | Episode:    15496
blue_team_alives_mean:     3.4314	blue_team_win_mean:        0.0000	ep_length_mean:          199.3647	episode_length_mean:     198.3647
epsilon:                   0.0500	grad_norm:                15.2553	info_nce_loss:             0.1285	loss:                      0.7366
q_loss:                    0.6696	red_team_alives_mean:     20.0000	red_team_win_mean:         1.0000	return_mean:               2.4226
return_std:                0.5235	test_blue_team_alives_mean:  5.4000	test_blue_team_win_mean:   0.0000	test_ep_length_mean:     200.0000
test_episode_length_mean:199.0000	test_red_team_alives_mean: 20.0000	test_red_team_win_mean:    1.0000	test_return_mean:          2.1520
test_return_std:           0.0000	
2026-08-14 10:00:44,081 - my_experiment - bat_HybridComm_static_46 - my_run - INFO - t_env: 3054290 / 5050000
2026-08-14 10:00:44,082 - my_experiment - bat_HybridComm_static_46 - my_run - INFO - Estimated time left: 3 hours, 49 minutes, 15 seconds. Time passed: 5 hours, 55 minutes, 22 seconds
2026-08-14 10:06:28,050 - my_experiment - bat_HybridComm_static_46 - my_run - INFO - Recent Stats | t_env:    3104127 | Episode:    15747
blue_team_alives_mean:     3.1616	blue_team_win_mean:        0.0000	ep_length_mean:          199.3608	episode_length_mean:     198.3608
epsilon:                   0.0500	grad_norm:                23.6229	info_nce_loss:             0.0496	loss:                      0.7101
q_loss:                    0.6455	red_team_alives_mean:     19.9920	red_team_win_mean:         1.0000	return_mean:               2.5264
return_std:                0.4459	test_blue_team_alives_mean:  4.6000	test_blue_team_win_mean:   0.0000	test_ep_length_mean:     200.0000
test_episode_length_mean:199.0000	test_red_team_alives_mean: 20.0000	test_red_team_win_mean:    1.0000	test_return_mean:          2.3940
test_return_std:           0.0000	
2026-08-14 10:06:29,465 - my_experiment - bat_HybridComm_static_46 - my_run - INFO - t_env: 3104327 / 5050000
2026-08-14 10:06:29,466 - my_experiment - bat_HybridComm_static_46 - my_run - INFO - Estimated time left: 3 hours, 43 minutes, 50 seconds. Time passed: 6 hours, 1 minutes, 8 seconds
2026-08-14 10:12:15,449 - my_experiment - bat_HybridComm_static_46 - my_run - INFO - Recent Stats | t_env:    3154127 | Episode:    15997
blue_team_alives_mean:     2.9560	blue_team_win_mean:        0.0000	ep_length_mean:          200.0000	episode_length_mean:     199.0000
epsilon:                   0.0500	grad_norm:                19.9272	info_nce_loss:             0.0117	loss:                      0.7299
q_loss:                    0.6635	red_team_alives_mean:     19.9800	red_team_win_mean:         1.0000	return_mean:               2.4980
return_std:                0.5714	test_blue_team_alives_mean:  4.0000	test_blue_team_win_mean:   0.0000	test_ep_length_mean:     200.0000
test_episode_length_mean:199.0000	test_red_team_alives_mean: 20.0000	test_red_team_win_mean:    1.0000	test_return_mean:          2.4510
test_return_std:           0.0000	
2026-08-14 10:12:16,875 - my_experiment - bat_HybridComm_static_46 - my_run - INFO - t_env: 3154327 / 5050000
2026-08-14 10:12:16,875 - my_experiment - bat_HybridComm_static_46 - my_run - INFO - Estimated time left: 3 hours, 39 minutes, 31 seconds. Time passed: 6 hours, 6 minutes, 55 seconds
2026-08-14 10:18:03,558 - my_experiment - bat_HybridComm_static_46 - my_run - INFO - Recent Stats | t_env:    3204127 | Episode:    16247
blue_team_alives_mean:     2.9840	blue_team_win_mean:        0.0000	ep_length_mean:          200.0000	episode_length_mean:     199.0000
epsilon:                   0.0500	grad_norm:                18.2927	info_nce_loss:             0.1631	loss:                      0.7408
q_loss:                    0.6735	red_team_alives_mean:     20.0000	red_team_win_mean:         1.0000	return_mean:               2.6183
return_std:                0.4309	test_blue_team_alives_mean:  3.0000	test_blue_team_win_mean:   0.0000	test_ep_length_mean:     200.0000
test_episode_length_mean:199.0000	test_red_team_alives_mean: 20.0000	test_red_team_win_mean:    1.0000	test_return_mean:          2.8640
test_return_std:           0.0000	
2026-08-14 10:18:04,919 - my_experiment - bat_HybridComm_static_46 - my_run - INFO - t_env: 3204327 / 5050000
2026-08-14 10:18:04,920 - my_experiment - bat_HybridComm_static_46 - my_run - INFO - Estimated time left: 3 hours, 34 minutes, 7 seconds. Time passed: 6 hours, 12 minutes, 43 seconds
2026-08-14 10:23:45,320 - my_experiment - bat_HybridComm_static_46 - my_run - INFO - Recent Stats | t_env:    3254204 | Episode:    16499
blue_team_alives_mean:     3.1199	blue_team_win_mean:        0.0000	ep_length_mean:          198.7333	episode_length_mean:     197.7333
epsilon:                   0.0500	grad_norm:                14.0573	info_nce_loss:             0.1258	loss:                      0.7578
q_loss:                    0.6889	red_team_alives_mean:     19.9961	red_team_win_mean:         1.0000	return_mean:               2.5737
return_std:                0.5314	test_blue_team_alives_mean:  3.0000	test_blue_team_win_mean:   0.0000	test_ep_length_mean:     200.0000
test_episode_length_mean:199.0000	test_red_team_alives_mean: 20.0000	test_red_team_win_mean:    1.0000	test_return_mean:          2.8720
test_return_std:           0.0000	
2026-08-14 10:23:46,697 - my_experiment - bat_HybridComm_static_46 - my_run - INFO - t_env: 3254404 / 5050000
2026-08-14 10:23:46,698 - my_experiment - bat_HybridComm_static_46 - my_run - INFO - Estimated time left: 3 hours, 24 minutes, 15 seconds. Time passed: 6 hours, 18 minutes, 25 seconds
2026-08-14 10:29:30,243 - my_experiment - bat_HybridComm_static_46 - my_run - INFO - Recent Stats | t_env:    3304290 | Episode:    16756
blue_team_alives_mean:     2.9739	blue_team_win_mean:        0.0000	ep_length_mean:          195.5049	episode_length_mean:     194.5049
epsilon:                   0.0500	grad_norm:                21.3468	info_nce_loss:             0.1307	loss:                      0.8545
q_loss:                    0.7768	red_team_alives_mean:     19.9882	red_team_win_mean:         1.0000	return_mean:               2.7123
return_std:                0.5211	test_blue_team_alives_mean:  2.6000	test_blue_team_win_mean:   0.0000	test_ep_length_mean:     200.0000
test_episode_length_mean:199.0000	test_red_team_alives_mean: 20.0000	test_red_team_win_mean:    1.0000	test_return_mean:          3.0100
test_return_std:           0.0000	
2026-08-14 10:29:32,441 - my_experiment - bat_HybridComm_static_46 - my_run - INFO - t_env: 3304524 / 5050000
2026-08-14 10:29:32,442 - my_experiment - bat_HybridComm_static_46 - my_run - INFO - Estimated time left: 3 hours, 20 minutes, 40 seconds. Time passed: 6 hours, 24 minutes, 11 seconds
2026-08-14 10:35:18,133 - my_experiment - bat_HybridComm_static_46 - my_run - INFO - Recent Stats | t_env:    3354340 | Episode:    17015
blue_team_alives_mean:     3.0662	blue_team_win_mean:        0.0000	ep_length_mean:          192.7837	episode_length_mean:     191.7837
epsilon:                   0.0500	grad_norm:                22.1191	info_nce_loss:             0.1026	loss:                      0.8421
q_loss:                    0.7655	red_team_alives_mean:     19.9962	red_team_win_mean:         1.0000	return_mean:               2.7150
return_std:                0.6934	test_blue_team_alives_mean:  2.2000	test_blue_team_win_mean:   0.0000	test_ep_length_mean:     200.0000
test_episode_length_mean:199.0000	test_red_team_alives_mean: 20.0000	test_red_team_win_mean:    1.0000	test_return_mean:          3.1440
test_return_std:           0.0000	
2026-08-14 10:35:19,529 - my_experiment - bat_HybridComm_static_46 - my_run - INFO - t_env: 3354540 / 5050000
2026-08-14 10:35:19,530 - my_experiment - bat_HybridComm_static_46 - my_run - INFO - Estimated time left: 3 hours, 16 minutes, 5 seconds. Time passed: 6 hours, 29 minutes, 58 seconds
2026-08-14 10:41:04,144 - my_experiment - bat_HybridComm_static_46 - my_run - INFO - Recent Stats | t_env:    3404494 | Episode:    17271
blue_team_alives_mean:     3.0564	blue_team_win_mean:        0.0000	ep_length_mean:          195.9908	episode_length_mean:     194.9908
epsilon:                   0.0500	grad_norm:                 9.4591	info_nce_loss:             0.1257	loss:                      0.8836
q_loss:                    0.8033	red_team_alives_mean:     19.9884	red_team_win_mean:         1.0000	return_mean:               2.4634
return_std:                0.7786	test_blue_team_alives_mean:  1.8000	test_blue_team_win_mean:   0.0000	test_ep_length_mean:     167.4000
test_episode_length_mean:166.4000	test_red_team_alives_mean: 20.0000	test_red_team_win_mean:    1.0000	test_return_mean:          3.6640
test_return_std:           0.0000	
2026-08-14 10:41:05,519 - my_experiment - bat_HybridComm_static_46 - my_run - INFO - t_env: 3404694 / 5050000
2026-08-14 10:41:05,520 - my_experiment - bat_HybridComm_static_46 - my_run - INFO - Estimated time left: 3 hours, 9 minutes, 10 seconds. Time passed: 6 hours, 35 minutes, 44 seconds
2026-08-14 10:46:49,064 - my_experiment - bat_HybridComm_static_46 - my_run - INFO - Recent Stats | t_env:    3454516 | Episode:    17528
blue_team_alives_mean:     2.7106	blue_team_win_mean:        0.0000	ep_length_mean:          194.7288	episode_length_mean:     193.7288
epsilon:                   0.0500	grad_norm:                38.7848	info_nce_loss:             0.0658	loss:                      0.9177
q_loss:                    0.8343	red_team_alives_mean:     20.0000	red_team_win_mean:         1.0000	return_mean:               2.7102
return_std:                0.6501	test_blue_team_alives_mean:  2.0000	test_blue_team_win_mean:   0.0000	test_ep_length_mean:     167.4000
test_episode_length_mean:166.4000	test_red_team_alives_mean: 20.0000	test_red_team_win_mean:    1.0000	test_return_mean:          3.5510
test_return_std:           0.0000	
2026-08-14 10:46:50,428 - my_experiment - bat_HybridComm_static_46 - my_run - INFO - t_env: 3454716 / 5050000
2026-08-14 10:46:50,429 - my_experiment - bat_HybridComm_static_46 - my_run - INFO - Estimated time left: 3 hours, 3 minutes, 19 seconds. Time passed: 6 hours, 41 minutes, 29 seconds
2026-08-14 10:52:10,315 - my_experiment - bat_HybridComm_static_46 - my_run - INFO - Saving models to work_dirs/my_experiment/bat_HybridComm_static_46/my_run/20260814_040457/models/3500938
2026-08-14 10:52:37,685 - my_experiment - bat_HybridComm_static_46 - my_run - INFO - Recent Stats | t_env:    3504689 | Episode:    17789
blue_team_alives_mean:     2.3104	blue_team_win_mean:        0.0000	ep_length_mean:          192.4802	episode_length_mean:     191.4802
epsilon:                   0.0500	grad_norm:                14.7948	info_nce_loss:             0.0498	loss:                      0.9295
q_loss:                    0.8450	red_team_alives_mean:     20.0000	red_team_win_mean:         1.0000	return_mean:               2.6912
return_std:                0.6904	test_blue_team_alives_mean:  2.0000	test_blue_team_win_mean:   0.0000	test_ep_length_mean:     167.4000
test_episode_length_mean:166.4000	test_red_team_alives_mean: 20.0000	test_red_team_win_mean:    1.0000	test_return_mean:          3.5690
test_return_std:           0.0000	
2026-08-14 10:52:39,059 - my_experiment - bat_HybridComm_static_46 - my_run - INFO - t_env: 3504889 / 5050000
2026-08-14 10:52:39,060 - my_experiment - bat_HybridComm_static_46 - my_run - INFO - Estimated time left: 2 hours, 58 minutes, 56 seconds. Time passed: 6 hours, 47 minutes, 17 seconds
2026-08-14 10:58:48,586 - my_experiment - bat_HybridComm_static_46 - my_run - INFO - Recent Stats | t_env:    3554880 | Episode:    18076
blue_team_alives_mean:     2.1542	blue_team_win_mean:        0.0000	ep_length_mean:          175.6523	episode_length_mean:     174.6523
epsilon:                   0.0500	grad_norm:                15.3193	info_nce_loss:             0.1127	loss:                      0.9237
q_loss:                    0.8397	red_team_alives_mean:     19.9929	red_team_win_mean:         1.0000	return_mean:               2.8382
return_std:                0.9379	test_blue_team_alives_mean:  1.8000	test_blue_team_win_mean:   0.0000	test_ep_length_mean:     167.4000
test_episode_length_mean:166.4000	test_red_team_alives_mean: 20.0000	test_red_team_win_mean:    1.0000	test_return_mean:          3.5860
test_return_std:           0.0000	
2026-08-14 10:58:49,978 - my_experiment - bat_HybridComm_static_46 - my_run - INFO - t_env: 3555080 / 5050000
2026-08-14 10:58:49,978 - my_experiment - bat_HybridComm_static_46 - my_run - INFO - Estimated time left: 3 hours, 4 minutes, 7 seconds. Time passed: 6 hours, 53 minutes, 28 seconds
2026-08-14 11:04:49,603 - my_experiment - bat_HybridComm_static_46 - my_run - INFO - Recent Stats | t_env:    3604911 | Episode:    18350
blue_team_alives_mean:     2.2045	blue_team_win_mean:        0.0000	ep_length_mean:          181.1765	episode_length_mean:     180.1765
epsilon:                   0.0500	grad_norm:                13.9251	info_nce_loss:             0.1518	loss:                      0.9726
q_loss:                    0.8842	red_team_alives_mean:     19.9964	red_team_win_mean:         1.0000	return_mean:               2.6984
return_std:                0.8447	test_blue_team_alives_mean:  2.0000	test_blue_team_win_mean:   0.0000	test_ep_length_mean:     167.4000
test_episode_length_mean:166.4000	test_red_team_alives_mean: 20.0000	test_red_team_win_mean:    1.0000	test_return_mean:          3.3910
test_return_std:           0.0000	
2026-08-14 11:04:51,014 - my_experiment - bat_HybridComm_static_46 - my_run - INFO - t_env: 3605111 / 5050000
2026-08-14 11:04:51,015 - my_experiment - bat_HybridComm_static_46 - my_run - INFO - Estimated time left: 2 hours, 53 minutes, 46 seconds. Time passed: 6 hours, 59 minutes, 29 seconds
2026-08-14 11:10:45,226 - my_experiment - bat_HybridComm_static_46 - my_run - INFO - Recent Stats | t_env:    3654944 | Episode:    18616
blue_team_alives_mean:     2.5711	blue_team_win_mean:        0.0000	ep_length_mean:          189.9477	episode_length_mean:     188.9477
epsilon:                   0.0500	grad_norm:                19.3271	info_nce_loss:             0.0872	loss:                      0.9177
q_loss:                    0.8343	red_team_alives_mean:     20.0000	red_team_win_mean:         1.0000	return_mean:               2.5809
return_std:                0.7512	test_blue_team_alives_mean:  2.4000	test_blue_team_win_mean:   0.0000	test_ep_length_mean:     200.0000
test_episode_length_mean:199.0000	test_red_team_alives_mean: 20.0000	test_red_team_win_mean:    1.0000	test_return_mean:          3.0240
test_return_std:           0.0000	
2026-08-14 11:10:46,606 - my_experiment - bat_HybridComm_static_46 - my_run - INFO - t_env: 3655144 / 5050000
2026-08-14 11:10:46,606 - my_experiment - bat_HybridComm_static_46 - my_run - INFO - Estimated time left: 2 hours, 45 minutes, 13 seconds. Time passed: 7 hours, 5 minutes, 25 seconds
2026-08-14 11:16:42,399 - my_experiment - bat_HybridComm_static_46 - my_run - INFO - Recent Stats | t_env:    3705101 | Episode:    18885
blue_team_alives_mean:     2.3196	blue_team_win_mean:        0.0000	ep_length_mean:          185.0864	episode_length_mean:     184.0864
epsilon:                   0.0500	grad_norm:                21.4286	info_nce_loss:             0.0906	loss:                      0.8976
q_loss:                    0.8160	red_team_alives_mean:     19.9925	red_team_win_mean:         1.0000	return_mean:               2.8411
return_std:                0.7060	test_blue_team_alives_mean:  2.4000	test_blue_team_win_mean:   0.0000	test_ep_length_mean:     167.0000
test_episode_length_mean:166.0000	test_red_team_alives_mean: 20.0000	test_red_team_win_mean:    1.0000	test_return_mean:          3.3180
test_return_std:           0.0000	
2026-08-14 11:16:43,784 - my_experiment - bat_HybridComm_static_46 - my_run - INFO - t_env: 3705301 / 5050000
2026-08-14 11:16:43,785 - my_experiment - bat_HybridComm_static_46 - my_run - INFO - Estimated time left: 2 hours, 39 minutes, 35 seconds. Time passed: 7 hours, 11 minutes, 22 seconds
2026-08-14 11:22:35,840 - my_experiment - bat_HybridComm_static_46 - my_run - INFO - Recent Stats | t_env:    3755159 | Episode:    19148
blue_team_alives_mean:     2.2020	blue_team_win_mean:        0.0000	ep_length_mean:          189.4635	episode_length_mean:     188.4635
epsilon:                   0.0500	grad_norm:                13.0282	info_nce_loss:             0.0377	loss:                      0.9802
q_loss:                    0.8911	red_team_alives_mean:     20.0000	red_team_win_mean:         1.0000	return_mean:               2.6969
return_std:                0.6601	test_blue_team_alives_mean:  2.4000	test_blue_team_win_mean:   0.0000	test_ep_length_mean:     167.0000
test_episode_length_mean:166.0000	test_red_team_alives_mean: 20.0000	test_red_team_win_mean:    1.0000	test_return_mean:          3.1310
test_return_std:           0.0000	
2026-08-14 11:22:37,218 - my_experiment - bat_HybridComm_static_46 - my_run - INFO - t_env: 3755359 / 5050000
2026-08-14 11:22:37,219 - my_experiment - bat_HybridComm_static_46 - my_run - INFO - Estimated time left: 2 hours, 32 minutes, 20 seconds. Time passed: 7 hours, 17 minutes, 15 seconds
2026-08-14 11:28:26,384 - my_experiment - bat_HybridComm_static_46 - my_run - INFO - Recent Stats | t_env:    3805352 | Episode:    19405
blue_team_alives_mean:     2.5342	blue_team_win_mean:        0.0000	ep_length_mean:          194.7757	episode_length_mean:     193.7757
epsilon:                   0.0500	grad_norm:                39.2214	info_nce_loss:             0.0307	loss:                      0.9567
q_loss:                    0.8697	red_team_alives_mean:     20.0000	red_team_win_mean:         1.0000	return_mean:               2.5653
return_std:                0.6483	test_blue_team_alives_mean:  2.6000	test_blue_team_win_mean:   0.0000	test_ep_length_mean:     167.0000
test_episode_length_mean:166.0000	test_red_team_alives_mean: 20.0000	test_red_team_win_mean:    1.0000	test_return_mean:          3.0900
test_return_std:           0.0000	
2026-08-14 11:28:27,779 - my_experiment - bat_HybridComm_static_46 - my_run - INFO - t_env: 3805552 / 5050000
2026-08-14 11:28:27,780 - my_experiment - bat_HybridComm_static_46 - my_run - INFO - Estimated time left: 2 hours, 24 minutes, 51 seconds. Time passed: 7 hours, 23 minutes, 6 seconds
2026-08-14 11:34:18,858 - my_experiment - bat_HybridComm_static_46 - my_run - INFO - Recent Stats | t_env:    3855434 | Episode:    19663
blue_team_alives_mean:     2.3939	blue_team_win_mean:        0.0000	ep_length_mean:          195.3612	episode_length_mean:     194.3612
epsilon:                   0.0500	grad_norm:                27.1701	info_nce_loss:             0.1297	loss:                      0.9724
q_loss:                    0.8840	red_team_alives_mean:     19.9960	red_team_win_mean:         1.0000	return_mean:               2.7788
return_std:                0.5322	test_blue_team_alives_mean:  2.8000	test_blue_team_win_mean:   0.0000	test_ep_length_mean:     167.0000
test_episode_length_mean:166.0000	test_red_team_alives_mean: 20.0000	test_red_team_win_mean:    1.0000	test_return_mean:          3.1710
test_return_std:           0.0000	
2026-08-14 11:34:20,237 - my_experiment - bat_HybridComm_static_46 - my_run - INFO - t_env: 3855634 / 5050000
2026-08-14 11:34:20,238 - my_experiment - bat_HybridComm_static_46 - my_run - INFO - Estimated time left: 2 hours, 20 minutes, 5 seconds. Time passed: 7 hours, 28 minutes, 58 seconds
2026-08-14 11:40:15,088 - my_experiment - bat_HybridComm_static_46 - my_run - INFO - Recent Stats | t_env:    3905533 | Episode:    19925
blue_team_alives_mean:     2.2029	blue_team_win_mean:        0.0000	ep_length_mean:          190.2488	episode_length_mean:     189.2488
epsilon:                   0.0500	grad_norm:                16.5649	info_nce_loss:             0.1309	loss:                      0.9307
q_loss:                    0.8461	red_team_alives_mean:     20.0000	red_team_win_mean:         1.0000	return_mean:               2.9547
return_std:                0.6657	test_blue_team_alives_mean:  2.6000	test_blue_team_win_mean:   0.0000	test_ep_length_mean:     167.0000
test_episode_length_mean:166.0000	test_red_team_alives_mean: 20.0000	test_red_team_win_mean:    1.0000	test_return_mean:          3.2510
test_return_std:           0.0000	
2026-08-14 11:40:16,459 - my_experiment - bat_HybridComm_static_46 - my_run - INFO - t_env: 3905733 / 5050000
2026-08-14 11:40:16,459 - my_experiment - bat_HybridComm_static_46 - my_run - INFO - Estimated time left: 2 hours, 15 minutes, 36 seconds. Time passed: 7 hours, 34 minutes, 55 seconds
2026-08-14 11:46:10,502 - my_experiment - bat_HybridComm_static_46 - my_run - INFO - Recent Stats | t_env:    3955633 | Episode:    20197
blue_team_alives_mean:     2.1977	blue_team_win_mean:        0.0000	ep_length_mean:          187.1279	episode_length_mean:     186.1279
epsilon:                   0.0500	grad_norm:                21.5856	info_nce_loss:             0.1047	loss:                      0.9103
q_loss:                    0.8276	red_team_alives_mean:     20.0000	red_team_win_mean:         1.0000	return_mean:               2.9895
return_std:                0.7683	test_blue_team_alives_mean:  2.8000	test_blue_team_win_mean:   0.0000	test_ep_length_mean:     200.0000
test_episode_length_mean:199.0000	test_red_team_alives_mean: 20.0000	test_red_team_win_mean:    1.0000	test_return_mean:          2.7130
test_return_std:           0.0000	
2026-08-14 11:46:13,035 - my_experiment - bat_HybridComm_static_46 - my_run - INFO - t_env: 3955772 / 5050000
2026-08-14 11:46:13,036 - my_experiment - bat_HybridComm_static_46 - my_run - INFO - Estimated time left: 2 hours, 9 minutes, 57 seconds. Time passed: 7 hours, 40 minutes, 51 seconds
2026-08-14 11:51:37,452 - my_experiment - bat_HybridComm_static_46 - my_run - INFO - Saving models to work_dirs/my_experiment/bat_HybridComm_static_46/my_run/20260814_040457/models/4000940
2026-08-14 11:52:10,405 - my_experiment - bat_HybridComm_static_46 - my_run - INFO - Recent Stats | t_env:    4005645 | Episode:    20476
blue_team_alives_mean:     2.0467	blue_team_win_mean:        0.0000	ep_length_mean:          178.1375	episode_length_mean:     177.1375
epsilon:                   0.0500	grad_norm:                21.1282	info_nce_loss:             0.1089	loss:                      0.8868
q_loss:                    0.8062	red_team_alives_mean:     20.0000	red_team_win_mean:         1.0000	return_mean:               3.2473
return_std:                0.7878	test_blue_team_alives_mean:  2.4000	test_blue_team_win_mean:   0.0000	test_ep_length_mean:     200.0000
test_episode_length_mean:199.0000	test_red_team_alives_mean: 20.0000	test_red_team_win_mean:    1.0000	test_return_mean:          3.0130
test_return_std:           0.0000	
2026-08-14 11:52:11,754 - my_experiment - bat_HybridComm_static_46 - my_run - INFO - t_env: 4005845 / 5050000
2026-08-14 11:52:11,755 - my_experiment - bat_HybridComm_static_46 - my_run - INFO - Estimated time left: 2 hours, 4 minutes, 40 seconds. Time passed: 7 hours, 46 minutes, 50 seconds
2026-08-14 11:58:03,743 - my_experiment - bat_HybridComm_static_46 - my_run - INFO - Recent Stats | t_env:    4055820 | Episode:    20743
blue_team_alives_mean:     2.6673	blue_team_win_mean:        0.0000	ep_length_mean:          188.5255	episode_length_mean:     187.5255
epsilon:                   0.0500	grad_norm:                31.8706	info_nce_loss:             0.0269	loss:                      0.9392
q_loss:                    0.8538	red_team_alives_mean:     19.9925	red_team_win_mean:         1.0000	return_mean:               2.9717
return_std:                0.8102	test_blue_team_alives_mean:  2.2000	test_blue_team_win_mean:   0.0000	test_ep_length_mean:     200.0000
test_episode_length_mean:199.0000	test_red_team_alives_mean: 20.0000	test_red_team_win_mean:    1.0000	test_return_mean:          3.0570
test_return_std:           0.0000	
2026-08-14 11:58:05,119 - my_experiment - bat_HybridComm_static_46 - my_run - INFO - t_env: 4056020 / 5050000
2026-08-14 11:58:05,120 - my_experiment - bat_HybridComm_static_46 - my_run - INFO - Estimated time left: 1 hours, 56 minutes, 40 seconds. Time passed: 7 hours, 52 minutes, 43 seconds
2026-08-14 12:03:53,201 - my_experiment - bat_HybridComm_static_46 - my_run - INFO - Recent Stats | t_env:    4105930 | Episode:    21005
blue_team_alives_mean:     2.7581	blue_team_win_mean:        0.0000	ep_length_mean:          190.8658	episode_length_mean:     189.8658
epsilon:                   0.0500	grad_norm:                19.9143	info_nce_loss:             0.0792	loss:                      0.9014
q_loss:                    0.8194	red_team_alives_mean:     19.9887	red_team_win_mean:         1.0000	return_mean:               2.7719
return_std:                0.9087	test_blue_team_alives_mean:  2.4000	test_blue_team_win_mean:   0.0000	test_ep_length_mean:     200.0000
test_episode_length_mean:199.0000	test_red_team_alives_mean: 20.0000	test_red_team_win_mean:    1.0000	test_return_mean:          2.6890
test_return_std:           0.0000	
2026-08-14 12:03:55,471 - my_experiment - bat_HybridComm_static_46 - my_run - INFO - t_env: 4106182 / 5050000
2026-08-14 12:03:55,472 - my_experiment - bat_HybridComm_static_46 - my_run - INFO - Estimated time left: 1 hours, 49 minutes, 52 seconds. Time passed: 7 hours, 58 minutes, 34 seconds
2026-08-14 12:09:50,058 - my_experiment - bat_HybridComm_static_46 - my_run - INFO - Recent Stats | t_env:    4155969 | Episode:    21278
blue_team_alives_mean:     2.8186	blue_team_win_mean:        0.0000	ep_length_mean:          187.0226	episode_length_mean:     186.0226
epsilon:                   0.0500	grad_norm:                21.6962	info_nce_loss:             0.0285	loss:                      0.8806
q_loss:                    0.8005	red_team_alives_mean:     19.9857	red_team_win_mean:         1.0000	return_mean:               2.7269
return_std:                0.9665	test_blue_team_alives_mean:  2.4000	test_blue_team_win_mean:   0.0000	test_ep_length_mean:     200.0000
test_episode_length_mean:199.0000	test_red_team_alives_mean: 20.0000	test_red_team_win_mean:    1.0000	test_return_mean:          2.7350
test_return_std:           0.0000	
2026-08-14 12:09:52,826 - my_experiment - bat_HybridComm_static_46 - my_run - INFO - t_env: 4156369 / 5050000
2026-08-14 12:09:52,827 - my_experiment - bat_HybridComm_static_46 - my_run - INFO - Estimated time left: 1 hours, 46 minutes, 3 seconds. Time passed: 8 hours, 4 minutes, 31 seconds
2026-08-14 12:15:51,366 - my_experiment - bat_HybridComm_static_46 - my_run - INFO - Recent Stats | t_env:    4206124 | Episode:    21555
blue_team_alives_mean:     2.6136	blue_team_win_mean:        0.0000	ep_length_mean:          179.5458	episode_length_mean:     178.5458
epsilon:                   0.0500	grad_norm:                30.0499	info_nce_loss:             0.0818	loss:                      0.9179
q_loss:                    0.8344	red_team_alives_mean:     19.9895	red_team_win_mean:         1.0000	return_mean:               2.6934
return_std:                1.0268	test_blue_team_alives_mean:  2.0000	test_blue_team_win_mean:   0.0000	test_ep_length_mean:     171.8000
test_episode_length_mean:170.8000	test_red_team_alives_mean: 20.0000	test_red_team_win_mean:    1.0000	test_return_mean:          3.1800
test_return_std:           0.0000	
2026-08-14 12:15:54,104 - my_experiment - bat_HybridComm_static_46 - my_run - INFO - t_env: 4206524 / 5050000
2026-08-14 12:15:54,104 - my_experiment - bat_HybridComm_static_46 - my_run - INFO - Estimated time left: 1 hours, 41 minutes, 15 seconds. Time passed: 8 hours, 10 minutes, 32 seconds
2026-08-14 12:21:45,728 - my_experiment - bat_HybridComm_static_46 - my_run - INFO - Recent Stats | t_env:    4256162 | Episode:    21821
blue_team_alives_mean:     3.0095	blue_team_win_mean:        0.0000	ep_length_mean:          186.8380	episode_length_mean:     185.8380
epsilon:                   0.0500	grad_norm:                13.3744	info_nce_loss:             0.1100	loss:                      0.9006
q_loss:                    0.8187	red_team_alives_mean:     19.9891	red_team_win_mean:         1.0000	return_mean:               2.6531
return_std:                0.9879	test_blue_team_alives_mean:  3.2000	test_blue_team_win_mean:   0.0000	test_ep_length_mean:     171.8000
test_episode_length_mean:170.8000	test_red_team_alives_mean: 20.0000	test_red_team_win_mean:    1.0000	test_return_mean:          2.7890
test_return_std:           0.0000	
2026-08-14 12:21:48,440 - my_experiment - bat_HybridComm_static_46 - my_run - INFO - t_env: 4256562 / 5050000
2026-08-14 12:21:48,441 - my_experiment - bat_HybridComm_static_46 - my_run - INFO - Estimated time left: 1 hours, 33 minutes, 38 seconds. Time passed: 8 hours, 16 minutes, 27 seconds
2026-08-14 12:27:40,339 - my_experiment - bat_HybridComm_static_46 - my_run - INFO - Recent Stats | t_env:    4306249 | Episode:    22088
blue_team_alives_mean:     2.8380	blue_team_win_mean:        0.0000	ep_length_mean:          188.1153	episode_length_mean:     187.1153
epsilon:                   0.0500	grad_norm:                27.8484	info_nce_loss:             0.0380	loss:                      0.8960
q_loss:                    0.8146	red_team_alives_mean:     20.0000	red_team_win_mean:         1.0000	return_mean:               2.7458
return_std:                0.7588	test_blue_team_alives_mean:  3.2000	test_blue_team_win_mean:   0.0000	test_ep_length_mean:     171.8000
test_episode_length_mean:170.8000	test_red_team_alives_mean: 20.0000	test_red_team_win_mean:    1.0000	test_return_mean:          2.7660
test_return_std:           0.0000	
2026-08-14 12:27:43,131 - my_experiment - bat_HybridComm_static_46 - my_run - INFO - t_env: 4306649 / 5050000
2026-08-14 12:27:43,132 - my_experiment - bat_HybridComm_static_46 - my_run - INFO - Estimated time left: 1 hours, 27 minutes, 44 seconds. Time passed: 8 hours, 22 minutes, 21 seconds
2026-08-14 12:33:30,086 - my_experiment - bat_HybridComm_static_46 - my_run - INFO - Recent Stats | t_env:    4356382 | Episode:    22351
blue_team_alives_mean:     2.8484	blue_team_win_mean:        0.0000	ep_length_mean:          191.9000	episode_length_mean:     190.9000
epsilon:                   0.0500	grad_norm:                32.4541	info_nce_loss:             0.0242	loss:                      0.8960
q_loss:                    0.8145	red_team_alives_mean:     19.9960	red_team_win_mean:         1.0000	return_mean:               2.7477
return_std:                0.7207	test_blue_team_alives_mean:  3.2000	test_blue_team_win_mean:   0.0000	test_ep_length_mean:     171.8000
test_episode_length_mean:170.8000	test_red_team_alives_mean: 20.0000	test_red_team_win_mean:    1.0000	test_return_mean:          3.0910
test_return_std:           0.0000	
2026-08-14 12:33:33,629 - my_experiment - bat_HybridComm_static_46 - my_run - INFO - t_env: 4356836 / 5050000
2026-08-14 12:33:33,630 - my_experiment - bat_HybridComm_static_46 - my_run - INFO - Estimated time left: 1 hours, 20 minutes, 40 seconds. Time passed: 8 hours, 28 minutes, 12 seconds
2026-08-14 12:39:26,012 - my_experiment - bat_HybridComm_static_46 - my_run - INFO - Recent Stats | t_env:    4406389 | Episode:    22624
blue_team_alives_mean:     2.4264	blue_team_win_mean:        0.0000	ep_length_mean:          184.0603	episode_length_mean:     183.0603
epsilon:                   0.0500	grad_norm:                31.6612	info_nce_loss:             0.0666	loss:                      0.8798
q_loss:                    0.7998	red_team_alives_mean:     19.9966	red_team_win_mean:         1.0000	return_mean:               2.9362
return_std:                0.7340	test_blue_team_alives_mean:  3.0000	test_blue_team_win_mean:   0.0000	test_ep_length_mean:     171.8000
test_episode_length_mean:170.8000	test_red_team_alives_mean: 20.0000	test_red_team_win_mean:    1.0000	test_return_mean:          3.1450
test_return_std:           0.0000	
2026-08-14 12:39:30,141 - my_experiment - bat_HybridComm_static_46 - my_run - INFO - t_env: 4406989 / 5050000
2026-08-14 12:39:30,142 - my_experiment - bat_HybridComm_static_46 - my_run - INFO - Estimated time left: 1 hours, 16 minutes, 10 seconds. Time passed: 8 hours, 34 minutes, 8 seconds
2026-08-14 12:45:20,865 - my_experiment - bat_HybridComm_static_46 - my_run - INFO - Recent Stats | t_env:    4456408 | Episode:    22892
blue_team_alives_mean:     2.5755	blue_team_win_mean:        0.0000	ep_length_mean:          186.5354	episode_length_mean:     185.5354
epsilon:                   0.0500	grad_norm:                28.0430	info_nce_loss:             0.1031	loss:                      0.9473
q_loss:                    0.8612	red_team_alives_mean:     19.9964	red_team_win_mean:         1.0000	return_mean:               2.9329
return_std:                0.7993	test_blue_team_alives_mean:  3.2000	test_blue_team_win_mean:   0.0000	test_ep_length_mean:     200.0000
test_episode_length_mean:199.0000	test_red_team_alives_mean: 20.0000	test_red_team_win_mean:    1.0000	test_return_mean:          3.0150
test_return_std:           0.0000	
2026-08-14 12:45:25,006 - my_experiment - bat_HybridComm_static_46 - my_run - INFO - t_env: 4457008 / 5050000
2026-08-14 12:45:25,007 - my_experiment - bat_HybridComm_static_46 - my_run - INFO - Estimated time left: 1 hours, 10 minutes, 7 seconds. Time passed: 8 hours, 40 minutes, 3 seconds
2026-08-14 12:50:35,338 - my_experiment - bat_HybridComm_static_46 - my_run - INFO - Saving models to work_dirs/my_experiment/bat_HybridComm_static_46/my_run/20260814_040457/models/4501105
2026-08-14 12:51:13,677 - my_experiment - bat_HybridComm_static_46 - my_run - INFO - Recent Stats | t_env:    4506556 | Episode:    23153
blue_team_alives_mean:     2.7780	blue_team_win_mean:        0.0000	ep_length_mean:          191.0721	episode_length_mean:     190.0721
epsilon:                   0.0500	grad_norm:                33.5129	info_nce_loss:             0.0493	loss:                      0.9048
q_loss:                    0.8226	red_team_alives_mean:     20.0000	red_team_win_mean:         1.0000	return_mean:               2.7519
return_std:                0.8008	test_blue_team_alives_mean:  2.0000	test_blue_team_win_mean:   0.0000	test_ep_length_mean:     200.0000
test_episode_length_mean:199.0000	test_red_team_alives_mean: 20.0000	test_red_team_win_mean:    1.0000	test_return_mean:          3.3700
test_return_std:           0.0000	
2026-08-14 12:51:18,236 - my_experiment - bat_HybridComm_static_46 - my_run - INFO - t_env: 4507064 / 5050000
2026-08-14 12:51:18,237 - my_experiment - bat_HybridComm_static_46 - my_run - INFO - Estimated time left: 1 hours, 3 minutes, 51 seconds. Time passed: 8 hours, 45 minutes, 56 seconds
2026-08-14 12:57:11,897 - my_experiment - bat_HybridComm_static_46 - my_run - INFO - Recent Stats | t_env:    4556700 | Episode:    23417
blue_team_alives_mean:     2.7051	blue_team_win_mean:        0.0000	ep_length_mean:          190.5035	episode_length_mean:     189.5035
epsilon:                   0.0500	grad_norm:                21.8939	info_nce_loss:             0.0438	loss:                      0.8816
q_loss:                    0.8014	red_team_alives_mean:     19.9962	red_team_win_mean:         1.0000	return_mean:               2.8180
return_std:                0.7510	test_blue_team_alives_mean:  2.6000	test_blue_team_win_mean:   0.0000	test_ep_length_mean:     200.0000
test_episode_length_mean:199.0000	test_red_team_alives_mean: 20.0000	test_red_team_win_mean:    1.0000	test_return_mean:          2.3800
test_return_std:           0.0000	
2026-08-14 12:57:14,721 - my_experiment - bat_HybridComm_static_46 - my_run - INFO - t_env: 4557100 / 5050000
2026-08-14 12:57:14,722 - my_experiment - bat_HybridComm_static_46 - my_run - INFO - Estimated time left: 58 minutes, 31 seconds. Time passed: 8 hours, 51 minutes, 53 seconds
2026-08-14 13:03:08,395 - my_experiment - bat_HybridComm_static_46 - my_run - INFO - Recent Stats | t_env:    4606777 | Episode:    23679
blue_team_alives_mean:     2.9635	blue_team_win_mean:        0.0000	ep_length_mean:          191.3039	episode_length_mean:     190.3039
epsilon:                   0.0500	grad_norm:                23.2996	info_nce_loss:             0.0353	loss:                      0.8953
q_loss:                    0.8139	red_team_alives_mean:     19.9963	red_team_win_mean:         1.0000	return_mean:               2.4112
return_std:                1.0896	test_blue_team_alives_mean:  2.6000	test_blue_team_win_mean:   0.0000	test_ep_length_mean:     200.0000
test_episode_length_mean:199.0000	test_red_team_alives_mean: 20.0000	test_red_team_win_mean:    1.0000	test_return_mean:          2.3770
test_return_std:           0.0000	
2026-08-14 13:03:11,981 - my_experiment - bat_HybridComm_static_46 - my_run - INFO - t_env: 4607232 / 5050000
2026-08-14 13:03:11,982 - my_experiment - bat_HybridComm_static_46 - my_run - INFO - Estimated time left: 52 minutes, 35 seconds. Time passed: 8 hours, 57 minutes, 50 seconds
2026-08-14 13:09:01,544 - my_experiment - bat_HybridComm_static_46 - my_run - INFO - Recent Stats | t_env:    4656811 | Episode:    23946
blue_team_alives_mean:     3.0263	blue_team_win_mean:        0.0000	ep_length_mean:          187.1109	episode_length_mean:     186.1109
epsilon:                   0.0500	grad_norm:                13.4927	info_nce_loss:             0.0876	loss:                      0.8910
q_loss:                    0.8100	red_team_alives_mean:     19.9885	red_team_win_mean:         1.0000	return_mean:               2.7251
return_std:                0.8266	test_blue_team_alives_mean:  3.0000	test_blue_team_win_mean:   0.0000	test_ep_length_mean:     200.0000
test_episode_length_mean:199.0000	test_red_team_alives_mean: 20.0000	test_red_team_win_mean:    1.0000	test_return_mean:          2.0390
test_return_std:           0.0000	
2026-08-14 13:09:05,140 - my_experiment - bat_HybridComm_static_46 - my_run - INFO - t_env: 4657268 / 5050000
2026-08-14 13:09:05,141 - my_experiment - bat_HybridComm_static_46 - my_run - INFO - Estimated time left: 46 minutes, 11 seconds. Time passed: 9 hours, 3 minutes, 43 seconds
2026-08-14 13:14:53,342 - my_experiment - bat_HybridComm_static_46 - my_run - INFO - Recent Stats | t_env:    4706919 | Episode:    24212
blue_team_alives_mean:     2.5144	blue_team_win_mean:        0.0000	ep_length_mean:          188.5739	episode_length_mean:     187.5739
epsilon:                   0.0500	grad_norm:                25.1167	info_nce_loss:             0.0880	loss:                      0.8715
q_loss:                    0.7922	red_team_alives_mean:     19.9962	red_team_win_mean:         1.0000	return_mean:               2.8207
return_std:                0.6900	test_blue_team_alives_mean:  2.8000	test_blue_team_win_mean:   0.0000	test_ep_length_mean:     200.0000
test_episode_length_mean:199.0000	test_red_team_alives_mean: 20.0000	test_red_team_win_mean:    1.0000	test_return_mean:          2.0540
test_return_std:           0.0000	
2026-08-14 13:14:56,100 - my_experiment - bat_HybridComm_static_46 - my_run - INFO - t_env: 4707319 / 5050000
2026-08-14 13:14:56,101 - my_experiment - bat_HybridComm_static_46 - my_run - INFO - Estimated time left: 40 minutes, 2 seconds. Time passed: 9 hours, 9 minutes, 34 seconds
2026-08-14 13:20:43,555 - my_experiment - bat_HybridComm_static_46 - my_run - INFO - Recent Stats | t_env:    4756986 | Episode:    24475
blue_team_alives_mean:     3.3057	blue_team_win_mean:        0.0000	ep_length_mean:          190.4415	episode_length_mean:     189.4415
epsilon:                   0.0500	grad_norm:                25.9967	info_nce_loss:             0.0225	loss:                      0.9072
q_loss:                    0.8248	red_team_alives_mean:     19.9887	red_team_win_mean:         1.0000	return_mean:               2.4659
return_std:                1.1373	test_blue_team_alives_mean:  3.0000	test_blue_team_win_mean:   0.0000	test_ep_length_mean:     200.0000
test_episode_length_mean:199.0000	test_red_team_alives_mean: 20.0000	test_red_team_win_mean:    1.0000	test_return_mean:          1.9850
test_return_std:           0.0000	
2026-08-14 13:20:46,286 - my_experiment - bat_HybridComm_static_46 - my_run - INFO - t_env: 4757386 / 5050000
2026-08-14 13:20:46,287 - my_experiment - bat_HybridComm_static_46 - my_run - INFO - Estimated time left: 34 minutes, 6 seconds. Time passed: 9 hours, 15 minutes, 25 seconds
2026-08-14 13:26:32,220 - my_experiment - bat_HybridComm_static_46 - my_run - INFO - Recent Stats | t_env:    4807144 | Episode:    24735
blue_team_alives_mean:     3.2909	blue_team_win_mean:        0.0000	ep_length_mean:          192.6149	episode_length_mean:     191.6149
epsilon:                   0.0500	grad_norm:                10.0840	info_nce_loss:             0.1442	loss:                      0.8915
q_loss:                    0.8105	red_team_alives_mean:     19.9805	red_team_win_mean:         1.0000	return_mean:               2.6440
return_std:                0.8612	test_blue_team_alives_mean:  2.2000	test_blue_team_win_mean:   0.0000	test_ep_length_mean:     200.0000
test_episode_length_mean:199.0000	test_red_team_alives_mean: 20.0000	test_red_team_win_mean:    1.0000	test_return_mean:          3.1020
test_return_std:           0.0000	
2026-08-14 13:26:34,933 - my_experiment - bat_HybridComm_static_46 - my_run - INFO - t_env: 4807544 / 5050000
2026-08-14 13:26:34,934 - my_experiment - bat_HybridComm_static_46 - my_run - INFO - Estimated time left: 28 minutes, 5 seconds. Time passed: 9 hours, 21 minutes, 13 seconds
2026-08-14 13:32:22,851 - my_experiment - bat_HybridComm_static_46 - my_run - INFO - Recent Stats | t_env:    4857320 | Episode:    24997
blue_team_alives_mean:     3.2466	blue_team_win_mean:        0.0000	ep_length_mean:          191.1164	episode_length_mean:     190.1164
epsilon:                   0.0500	grad_norm:                26.0156	info_nce_loss:             0.1061	loss:                      0.9687
q_loss:                    0.8806	red_team_alives_mean:     19.9774	red_team_win_mean:         1.0000	return_mean:               2.6348
return_std:                0.8576	test_blue_team_alives_mean:  2.4000	test_blue_team_win_mean:   0.0000	test_ep_length_mean:     200.0000
test_episode_length_mean:199.0000	test_red_team_alives_mean: 20.0000	test_red_team_win_mean:    1.0000	test_return_mean:          3.0890
test_return_std:           0.0000	
2026-08-14 13:32:25,634 - my_experiment - bat_HybridComm_static_46 - my_run - INFO - t_env: 4857720 / 5050000
2026-08-14 13:32:25,635 - my_experiment - bat_HybridComm_static_46 - my_run - INFO - Estimated time left: 22 minutes, 23 seconds. Time passed: 9 hours, 27 minutes, 4 seconds
2026-08-14 13:38:13,003 - my_experiment - bat_HybridComm_static_46 - my_run - INFO - Recent Stats | t_env:    4907511 | Episode:    25258
blue_team_alives_mean:     3.6724	blue_team_win_mean:        0.0000	ep_length_mean:          193.3769	episode_length_mean:     192.3769
epsilon:                   0.0500	grad_norm:                23.1902	info_nce_loss:             0.0653	loss:                      0.8711
q_loss:                    0.7919	red_team_alives_mean:     19.9731	red_team_win_mean:         1.0000	return_mean:               2.4831
return_std:                1.0204	test_blue_team_alives_mean:  2.0000	test_blue_team_win_mean:   0.0000	test_ep_length_mean:     200.0000
test_episode_length_mean:199.0000	test_red_team_alives_mean: 20.0000	test_red_team_win_mean:    1.0000	test_return_mean:          3.3620
test_return_std:           0.0000	
2026-08-14 13:38:15,766 - my_experiment - bat_HybridComm_static_46 - my_run - INFO - t_env: 4907911 / 5050000
2026-08-14 13:38:15,766 - my_experiment - bat_HybridComm_static_46 - my_run - INFO - Estimated time left: 16 minutes, 31 seconds. Time passed: 9 hours, 32 minutes, 54 seconds
2026-08-14 13:44:00,880 - my_experiment - bat_HybridComm_static_46 - my_run - INFO - Recent Stats | t_env:    4957578 | Episode:    25517
blue_team_alives_mean:     3.4017	blue_team_win_mean:        0.0000	ep_length_mean:          192.2518	episode_length_mean:     191.2518
epsilon:                   0.0500	grad_norm:                19.4511	info_nce_loss:             0.0765	loss:                      0.9238
q_loss:                    0.8398	red_team_alives_mean:     19.9963	red_team_win_mean:         1.0000	return_mean:               2.6955
return_std:                0.8528	test_blue_team_alives_mean:  2.0000	test_blue_team_win_mean:   0.0000	test_ep_length_mean:     200.0000
test_episode_length_mean:199.0000	test_red_team_alives_mean: 20.0000	test_red_team_win_mean:    1.0000	test_return_mean:          3.3600
test_return_std:           0.0000	
2026-08-14 13:44:03,619 - my_experiment - bat_HybridComm_static_46 - my_run - INFO - t_env: 4957978 / 5050000
2026-08-14 13:44:03,620 - my_experiment - bat_HybridComm_static_46 - my_run - INFO - Estimated time left: 10 minutes, 39 seconds. Time passed: 9 hours, 38 minutes, 42 seconds
2026-08-14 13:49:07,300 - my_experiment - bat_HybridComm_static_46 - my_run - INFO - Saving models to work_dirs/my_experiment/bat_HybridComm_static_46/my_run/20260814_040457/models/5001177
2026-08-14 13:49:52,195 - my_experiment - bat_HybridComm_static_46 - my_run - INFO - Recent Stats | t_env:    5007636 | Episode:    25778
blue_team_alives_mean:     3.8024	blue_team_win_mean:        0.0000	ep_length_mean:          191.5167	episode_length_mean:     190.5167
epsilon:                   0.0500	grad_norm:                32.8895	info_nce_loss:             0.0959	loss:                      0.8998
q_loss:                    0.8180	red_team_alives_mean:     19.9886	red_team_win_mean:         1.0000	return_mean:               2.5561
return_std:                1.0264	test_blue_team_alives_mean:  2.0000	test_blue_team_win_mean:   0.0000	test_ep_length_mean:     200.0000
test_episode_length_mean:199.0000	test_red_team_alives_mean: 20.0000	test_red_team_win_mean:    1.0000	test_return_mean:          3.4510
test_return_std:           0.0000	
2026-08-14 13:49:54,972 - my_experiment - bat_HybridComm_static_46 - my_run - INFO - t_env: 5008036 / 5050000
2026-08-14 13:49:54,972 - my_experiment - bat_HybridComm_static_46 - my_run - INFO - Estimated time left: 4 minutes, 54 seconds. Time passed: 9 hours, 44 minutes, 33 seconds
2026-08-14 13:54:50,724 - my_experiment - bat_HybridComm_static_46 - my_run - INFO - Finished Training
