Gym has been unmaintained since 2022 and does not support NumPy 2.0 amongst other critical functionality.
Please upgrade to Gymnasium, the maintained drop-in replacement of Gym, or contact the authors of your software and request that they upgrade.
Users of this version of Gym should be able to simply replace 'import gym' with 'import gymnasium as gym' in the vast majority of cases.
See the migration guide at https://gymnasium.farama.org/introduction/migration_guide/ for additional information.
src/main.py:81: DeprecationWarning: Using or importing the ABCs from 'collections' instead of from 'collections.abc' is deprecated since Python 3.3, and in 3.10 it will stop working
  if isinstance(v, collections.Mapping):
wandb: [wandb.login()] Loaded credentials for https://api.wandb.ai from /home/pparsons/.netrc.
wandb: Currently logged in as: peterparsons02 (peterparsons02-eth-z-rich) to https://api.wandb.ai. Use `wandb login --relogin` to force relogin
wandb: setting up run 9l9wf6uh
wandb: Tracking run with wandb version 0.24.1
wandb: Run data is saved locally in /usr/itetnas04/data-scratch-01/pparsons/data/MyExpoComm/wandb/run-20260410_205512-9l9wf6uh
wandb: Run `wandb offline` to turn off syncing.
wandb: Syncing run my_run-bat_IQL_RNN_5M_43-20260410_205511
wandb: ⭐️ View project at https://wandb.ai/peterparsons02-eth-z-rich/my_experiment
wandb: 🚀 View run at https://wandb.ai/peterparsons02-eth-z-rich/my_experiment/runs/9l9wf6uh
2026-04-10 20:55:13,686 - my_experiment - bat_IQL_RNN_5M_43 - my_run - INFO - Current directory: /usr/itetnas04/data-scratch-01/pparsons/data/MyExpoComm.
2026-04-10 20:55:13,687 - my_experiment - bat_IQL_RNN_5M_43 - my_run - INFO - Experiment Parameters:
2026-04-10 20:55:13,689 - my_experiment - bat_IQL_RNN_5M_43 - my_run - INFO - 

{   'action_selector': 'epsilon_greedy',
    'add_value_last_step': True,
    'agent': 'rnn',
    'agent_output_type': 'q',
    'batch_size': 32,
    'batch_size_run': 1,
    'buffer_cpu_only': True,
    'buffer_size': 2000,
    'checkpoint_path': '',
    'double_q': True,
    'env': 'MAgent_Battle',
    'env_args': {   'global_reward': True,
                    'map_name': 'battle_view7',
                    'map_size': 25,
                    'max_cycles': 200,
                    'minimap_mode': False,
                    'pretrained_ckpt': None,
                    'seed': 43},
    'epsilon_anneal_time': 1000000,
    'epsilon_finish': 0.05,
    'epsilon_start': 1.0,
    'evaluate': False,
    'evaluation_epsilon': 0.0,
    'exp_name': 'my_experiment',
    'gamma': 0.99,
    'global_reward': True,
    'grad_norm_clip': 10,
    'hidden_dim': 64,
    'hypergroup': None,
    'label': 'default_label',
    'learner': 'q_learner',
    'learner_log_interval': 10000,
    'load_step': 0,
    'local_results_path': 'results',
    'log_interval': 50000,
    'lr': 0.0005,
    'mac': 'basic_mac',
    'mixer': None,
    'name': 'bat_IQL_RNN_5M_43',
    'obs_agent_id': True,
    'obs_individual_obs': False,
    'obs_last_action': True,
    'optim_alpha': 0.99,
    'optim_eps': 1e-05,
    'render': False,
    'repeat_id': 1,
    'run_name': 'my_run',
    'runner': 'episode',
    'runner_log_interval': 10000,
    'save_model': True,
    'save_model_interval': 500000,
    'save_replay': False,
    'seed': 43,
    'standardise_returns': False,
    'standardise_rewards': True,
    't_max': 5050000,
    'target_update_interval_or_tau': 200,
    'test_greedy': True,
    'test_interval': 50000,
    'test_nepisode': 1,
    'use_cuda': True,
    'use_rnn': True,
    'use_tensorboard': True,
    'work_dir': 'work_dirs/my_experiment/bat_IQL_RNN_5M_43/my_run/20260410_205511'}

/usr/itetnas04/data-scratch-01/pparsons/data/conda_envs/ExpoComm/lib/python3.8/site-packages/pettingzoo/utils/conversions.py:41: UserWarning: The `from_parallel` function is deprecated. Use the `parallel_to_aec` function instead.
  warnings.warn("The `from_parallel` function is deprecated. Use the `parallel_to_aec` function instead.")
/usr/itetnas04/data-scratch-01/pparsons/data/conda_envs/ExpoComm/lib/python3.8/site-packages/pettingzoo/utils/wrappers/base.py:44: UserWarning: The `observation_spaces` dictionary is deprecated. Use the `observation_space` function instead.
  warnings.warn("The `observation_spaces` dictionary is deprecated. Use the `observation_space` function instead.")
/usr/itetnas04/data-scratch-01/pparsons/data/conda_envs/ExpoComm/lib/python3.8/site-packages/pettingzoo/utils/conversions.py:36: UserWarning: The `to_parallel` function is deprecated. Use the `aec_to_parallel` function instead.
  warnings.warn("The `to_parallel` function is deprecated. Use the `aec_to_parallel` function instead.")
/usr/itetnas04/data-scratch-01/pparsons/data/conda_envs/ExpoComm/lib/python3.8/site-packages/pettingzoo/utils/conversions.py:80: UserWarning: The `action_spaces` dictionary is deprecated. Use the `action_space` function instead.
  warnings.warn("The `action_spaces` dictionary is deprecated. Use the `action_space` function instead.")
/usr/itetnas04/data-scratch-01/pparsons/data/conda_envs/ExpoComm/lib/python3.8/site-packages/pettingzoo/utils/wrappers/base.py:52: UserWarning: The `action_spaces` dictionary is deprecated. Use the `action_space` function instead.
  warnings.warn("The `action_spaces` dictionary is deprecated. Use the `action_space` function instead.")
/usr/itetnas04/data-scratch-01/pparsons/data/conda_envs/ExpoComm/lib/python3.8/site-packages/pettingzoo/utils/conversions.py:72: UserWarning: The `observation_spaces` dictionary is deprecated. Use the `observation_space` function instead.
  warnings.warn("The `observation_spaces` dictionary is deprecated. Use the `observation_space` function instead.")
2026-04-10 20:55:18,461 - my_experiment - bat_IQL_RNN_5M_43 - my_run - INFO - Beginning training for 5050000 timesteps
/usr/itetnas04/data-scratch-01/pparsons/data/MyExpoComm/src/envs/battle_wrappers.py:258: UserWarning: To copy construct from a tensor, it is recommended to use sourceTensor.clone().detach() or sourceTensor.clone().detach().requires_grad_(True), rather than torch.tensor(sourceTensor).
  actions = torch.tensor(actions, dtype=torch.long)
2026-04-10 20:55:19,769 - my_experiment - bat_IQL_RNN_5M_43 - my_run - INFO - t_env: 200 / 5050000
2026-04-10 20:55:19,770 - my_experiment - bat_IQL_RNN_5M_43 - my_run - INFO - Estimated time left: 2 minutes, 11 seconds. Time passed: 1 seconds
2026-04-10 20:55:20,684 - my_experiment - bat_IQL_RNN_5M_43 - my_run - INFO - Saving models to work_dirs/my_experiment/bat_IQL_RNN_5M_43/my_run/20260410_205511/models/200
2026-04-10 21:00:27,262 - my_experiment - bat_IQL_RNN_5M_43 - my_run - INFO - Recent Stats | t_env:      50000 | Episode:      250
blue_team_alives_mean:    19.9680	blue_team_win_mean:        0.0040	ep_length_mean:          200.0000	episode_length_mean:     199.0000
epsilon:                   0.9620	grad_norm:                 0.1015	loss:                      0.9475	q_taken_mean:             -0.0020
red_team_alives_mean:     19.9960	red_team_win_mean:         0.0200	return_mean:              -8.3085	return_std:                0.1708
target_mean:               0.0016	td_error_abs:              0.7525	test_blue_team_alives_mean: 20.0000	test_blue_team_win_mean:   0.0000
test_ep_length_mean:     200.0000	test_episode_length_mean:199.0000	test_red_team_alives_mean: 20.0000	test_red_team_win_mean:    0.0000
test_return_mean:         -3.8350	test_return_std:           0.0000	
2026-04-10 21:00:28,539 - my_experiment - bat_IQL_RNN_5M_43 - my_run - INFO - t_env: 50200 / 5050000
2026-04-10 21:00:28,539 - my_experiment - bat_IQL_RNN_5M_43 - my_run - INFO - Estimated time left: 8 hours, 34 minutes, 35 seconds. Time passed: 5 minutes, 10 seconds
2026-04-10 21:05:46,291 - my_experiment - bat_IQL_RNN_5M_43 - my_run - INFO - Recent Stats | t_env:     100000 | Episode:      500
blue_team_alives_mean:    19.9640	blue_team_win_mean:        0.0000	ep_length_mean:          200.0000	episode_length_mean:     199.0000
epsilon:                   0.9145	grad_norm:                 0.0792	loss:                      1.0106	q_taken_mean:              0.0081
red_team_alives_mean:     20.0000	red_team_win_mean:         0.0360	return_mean:              -7.9593	return_std:                0.1912
target_mean:               0.0103	td_error_abs:              0.7561	test_blue_team_alives_mean: 19.5000	test_blue_team_win_mean:   0.0000
test_ep_length_mean:     200.0000	test_episode_length_mean:199.0000	test_red_team_alives_mean: 20.0000	test_red_team_win_mean:    0.5000
test_return_mean:         -2.2625	test_return_std:           0.0000	
2026-04-10 21:05:47,579 - my_experiment - bat_IQL_RNN_5M_43 - my_run - INFO - t_env: 100200 / 5050000
2026-04-10 21:05:47,580 - my_experiment - bat_IQL_RNN_5M_43 - my_run - INFO - Estimated time left: 8 hours, 46 minutes, 23 seconds. Time passed: 10 minutes, 29 seconds
2026-04-10 21:11:05,409 - my_experiment - bat_IQL_RNN_5M_43 - my_run - INFO - Recent Stats | t_env:     150000 | Episode:      750
blue_team_alives_mean:    19.6600	blue_team_win_mean:        0.0000	ep_length_mean:          200.0000	episode_length_mean:     199.0000
epsilon:                   0.8670	grad_norm:                 0.1299	loss:                      1.0367	q_taken_mean:              0.0272
red_team_alives_mean:     19.9960	red_team_win_mean:         0.2360	return_mean:              -7.4640	return_std:                0.2806
target_mean:               0.0304	td_error_abs:              0.7527	test_blue_team_alives_mean: 18.0000	test_blue_team_win_mean:   0.0000
test_ep_length_mean:     200.0000	test_episode_length_mean:199.0000	test_red_team_alives_mean: 20.0000	test_red_team_win_mean:    0.6667
test_return_mean:         -1.6500	test_return_std:           0.0000	
2026-04-10 21:11:06,688 - my_experiment - bat_IQL_RNN_5M_43 - my_run - INFO - t_env: 150200 / 5050000
2026-04-10 21:11:06,689 - my_experiment - bat_IQL_RNN_5M_43 - my_run - INFO - Estimated time left: 8 hours, 41 minutes, 11 seconds. Time passed: 15 minutes, 48 seconds
2026-04-10 21:16:24,331 - my_experiment - bat_IQL_RNN_5M_43 - my_run - INFO - Recent Stats | t_env:     200000 | Episode:     1000
blue_team_alives_mean:    18.4200	blue_team_win_mean:        0.0000	ep_length_mean:          200.0000	episode_length_mean:     199.0000
epsilon:                   0.8195	grad_norm:                 0.2477	loss:                      1.3284	q_taken_mean:              0.0500
red_team_alives_mean:     20.0000	red_team_win_mean:         0.6680	return_mean:              -6.6558	return_std:                0.5477
target_mean:               0.0523	td_error_abs:              0.7398	test_blue_team_alives_mean: 16.7500	test_blue_team_win_mean:   0.0000
test_ep_length_mean:     200.0000	test_episode_length_mean:199.0000	test_red_team_alives_mean: 20.0000	test_red_team_win_mean:    0.7500
test_return_mean:         -1.1825	test_return_std:           0.0000	
2026-04-10 21:16:25,607 - my_experiment - bat_IQL_RNN_5M_43 - my_run - INFO - t_env: 200200 / 5050000
2026-04-10 21:16:25,608 - my_experiment - bat_IQL_RNN_5M_43 - my_run - INFO - Estimated time left: 8 hours, 35 minutes, 33 seconds. Time passed: 21 minutes, 7 seconds
2026-04-10 21:21:42,608 - my_experiment - bat_IQL_RNN_5M_43 - my_run - INFO - Recent Stats | t_env:     250000 | Episode:     1250
blue_team_alives_mean:    15.5000	blue_team_win_mean:        0.0000	ep_length_mean:          200.0000	episode_length_mean:     199.0000
epsilon:                   0.7720	grad_norm:                 1.2964	loss:                      2.5829	q_taken_mean:              0.0832
red_team_alives_mean:     19.9960	red_team_win_mean:         0.9720	return_mean:              -5.5019	return_std:                0.5762
target_mean:               0.0956	td_error_abs:              0.7816	test_blue_team_alives_mean: 17.2000	test_blue_team_win_mean:   0.0000
test_ep_length_mean:     200.0000	test_episode_length_mean:199.0000	test_red_team_alives_mean: 20.0000	test_red_team_win_mean:    0.8000
test_return_mean:         -1.5660	test_return_std:           0.0000	
2026-04-10 21:21:43,906 - my_experiment - bat_IQL_RNN_5M_43 - my_run - INFO - t_env: 250200 / 5050000
2026-04-10 21:21:43,907 - my_experiment - bat_IQL_RNN_5M_43 - my_run - INFO - Estimated time left: 8 hours, 29 minutes, 15 seconds. Time passed: 26 minutes, 25 seconds
2026-04-10 21:27:01,109 - my_experiment - bat_IQL_RNN_5M_43 - my_run - INFO - Recent Stats | t_env:     300000 | Episode:     1500
blue_team_alives_mean:    11.3000	blue_team_win_mean:        0.0000	ep_length_mean:          200.0000	episode_length_mean:     199.0000
epsilon:                   0.7245	grad_norm:                 1.3744	loss:                      3.2584	q_taken_mean:              0.1323
red_team_alives_mean:     19.9960	red_team_win_mean:         1.0000	return_mean:              -4.2326	return_std:                0.5671
target_mean:               0.1389	td_error_abs:              0.7702	test_blue_team_alives_mean: 16.4000	test_blue_team_win_mean:   0.0000
test_ep_length_mean:     200.0000	test_episode_length_mean:199.0000	test_red_team_alives_mean: 20.0000	test_red_team_win_mean:    1.0000
test_return_mean:         -2.5120	test_return_std:           0.0000	
2026-04-10 21:27:02,337 - my_experiment - bat_IQL_RNN_5M_43 - my_run - INFO - t_env: 300200 / 5050000
2026-04-10 21:27:02,337 - my_experiment - bat_IQL_RNN_5M_43 - my_run - INFO - Estimated time left: 8 hours, 24 minutes, 9 seconds. Time passed: 31 minutes, 43 seconds
2026-04-10 21:32:03,323 - my_experiment - bat_IQL_RNN_5M_43 - my_run - INFO - Recent Stats | t_env:     350000 | Episode:     1750
blue_team_alives_mean:     7.6800	blue_team_win_mean:        0.0000	ep_length_mean:          200.0000	episode_length_mean:     199.0000
epsilon:                   0.6770	grad_norm:                 1.6553	loss:                      3.3671	q_taken_mean:              0.1831
red_team_alives_mean:     20.0000	red_team_win_mean:         1.0000	return_mean:              -3.2181	return_std:                0.5094
target_mean:               0.1868	td_error_abs:              0.7726	test_blue_team_alives_mean: 14.8000	test_blue_team_win_mean:   0.0000
test_ep_length_mean:     200.0000	test_episode_length_mean:199.0000	test_red_team_alives_mean: 20.0000	test_red_team_win_mean:    1.0000
test_return_mean:         -3.5190	test_return_std:           0.0000	
2026-04-10 21:32:04,528 - my_experiment - bat_IQL_RNN_5M_43 - my_run - INFO - t_env: 350200 / 5050000
2026-04-10 21:32:04,529 - my_experiment - bat_IQL_RNN_5M_43 - my_run - INFO - Estimated time left: 7 hours, 53 minutes, 24 seconds. Time passed: 36 minutes, 46 seconds
2026-04-10 21:37:02,307 - my_experiment - bat_IQL_RNN_5M_43 - my_run - INFO - Recent Stats | t_env:     400000 | Episode:     2000
blue_team_alives_mean:     6.8280	blue_team_win_mean:        0.0000	ep_length_mean:          200.0000	episode_length_mean:     199.0000
epsilon:                   0.6295	grad_norm:                 1.7975	loss:                      3.2129	q_taken_mean:              0.2271
red_team_alives_mean:     19.9800	red_team_win_mean:         1.0000	return_mean:              -2.6269	return_std:                0.5091
target_mean:               0.2326	td_error_abs:              0.7534	test_blue_team_alives_mean: 14.4000	test_blue_team_win_mean:   0.0000
test_ep_length_mean:     200.0000	test_episode_length_mean:199.0000	test_red_team_alives_mean: 20.0000	test_red_team_win_mean:    1.0000
test_return_mean:         -4.4520	test_return_std:           0.0000	
2026-04-10 21:37:03,507 - my_experiment - bat_IQL_RNN_5M_43 - my_run - INFO - t_env: 400200 / 5050000
2026-04-10 21:37:03,507 - my_experiment - bat_IQL_RNN_5M_43 - my_run - INFO - Estimated time left: 7 hours, 43 minutes, 23 seconds. Time passed: 41 minutes, 45 seconds
2026-04-10 21:41:59,316 - my_experiment - bat_IQL_RNN_5M_43 - my_run - INFO - Recent Stats | t_env:     450000 | Episode:     2250
blue_team_alives_mean:     6.3080	blue_team_win_mean:        0.0000	ep_length_mean:          200.0000	episode_length_mean:     199.0000
epsilon:                   0.5820	grad_norm:                 5.3808	loss:                      3.1382	q_taken_mean:              0.2762
red_team_alives_mean:     19.9960	red_team_win_mean:         1.0000	return_mean:              -2.3698	return_std:                0.4556
target_mean:               0.2876	td_error_abs:              0.7629	test_blue_team_alives_mean: 14.0000	test_blue_team_win_mean:   0.0000
test_ep_length_mean:     200.0000	test_episode_length_mean:199.0000	test_red_team_alives_mean: 20.0000	test_red_team_win_mean:    1.0000
test_return_mean:         -5.5120	test_return_std:           0.0000	
2026-04-10 21:42:00,507 - my_experiment - bat_IQL_RNN_5M_43 - my_run - INFO - t_env: 450200 / 5050000
2026-04-10 21:42:00,508 - my_experiment - bat_IQL_RNN_5M_43 - my_run - INFO - Estimated time left: 7 hours, 35 minutes, 22 seconds. Time passed: 46 minutes, 42 seconds
2026-04-10 21:47:03,092 - my_experiment - bat_IQL_RNN_5M_43 - my_run - INFO - Recent Stats | t_env:     500000 | Episode:     2500
blue_team_alives_mean:     6.5800	blue_team_win_mean:        0.0000	ep_length_mean:          200.0000	episode_length_mean:     199.0000
epsilon:                   0.5345	grad_norm:                 4.7525	loss:                      3.0108	q_taken_mean:              0.3542
red_team_alives_mean:     19.9920	red_team_win_mean:         1.0000	return_mean:              -2.2831	return_std:                0.4964
target_mean:               0.3612	td_error_abs:              0.7749	test_blue_team_alives_mean: 12.4000	test_blue_team_win_mean:   0.0000
test_ep_length_mean:     200.0000	test_episode_length_mean:199.0000	test_red_team_alives_mean: 20.0000	test_red_team_win_mean:    1.0000
test_return_mean:         -6.7760	test_return_std:           0.0000	
2026-04-10 21:47:04,337 - my_experiment - bat_IQL_RNN_5M_43 - my_run - INFO - t_env: 500200 / 5050000
2026-04-10 21:47:04,337 - my_experiment - bat_IQL_RNN_5M_43 - my_run - INFO - Estimated time left: 7 hours, 40 minutes, 47 seconds. Time passed: 51 minutes, 45 seconds
2026-04-10 21:47:05,278 - my_experiment - bat_IQL_RNN_5M_43 - my_run - INFO - Saving models to work_dirs/my_experiment/bat_IQL_RNN_5M_43/my_run/20260410_205511/models/500200
2026-04-10 21:52:12,387 - my_experiment - bat_IQL_RNN_5M_43 - my_run - INFO - Recent Stats | t_env:     550000 | Episode:     2750
blue_team_alives_mean:     6.8080	blue_team_win_mean:        0.0000	ep_length_mean:          200.0000	episode_length_mean:     199.0000
epsilon:                   0.4870	grad_norm:                 5.7000	loss:                      2.9430	q_taken_mean:              0.4306
red_team_alives_mean:     19.9920	red_team_win_mean:         1.0000	return_mean:              -1.8805	return_std:                0.4637
target_mean:               0.4368	td_error_abs:              0.7930	test_blue_team_alives_mean: 12.8000	test_blue_team_win_mean:   0.0000
test_ep_length_mean:     200.0000	test_episode_length_mean:199.0000	test_red_team_alives_mean: 20.0000	test_red_team_win_mean:    1.0000
test_return_mean:         -6.9570	test_return_std:           0.0000	
2026-04-10 21:52:13,615 - my_experiment - bat_IQL_RNN_5M_43 - my_run - INFO - t_env: 550200 / 5050000
2026-04-10 21:52:13,616 - my_experiment - bat_IQL_RNN_5M_43 - my_run - INFO - Estimated time left: 7 hours, 43 minutes, 53 seconds. Time passed: 56 minutes, 55 seconds
2026-04-10 21:57:15,024 - my_experiment - bat_IQL_RNN_5M_43 - my_run - INFO - Recent Stats | t_env:     600000 | Episode:     3000
blue_team_alives_mean:     6.8600	blue_team_win_mean:        0.0000	ep_length_mean:          200.0000	episode_length_mean:     199.0000
epsilon:                   0.4395	grad_norm:                 5.5482	loss:                      3.0449	q_taken_mean:              0.5040
red_team_alives_mean:     19.9880	red_team_win_mean:         1.0000	return_mean:              -1.4856	return_std:                0.4393
target_mean:               0.5111	td_error_abs:              0.8296	test_blue_team_alives_mean: 14.4000	test_blue_team_win_mean:   0.0000
test_ep_length_mean:     200.0000	test_episode_length_mean:199.0000	test_red_team_alives_mean: 20.0000	test_red_team_win_mean:    1.0000
test_return_mean:         -7.2450	test_return_std:           0.0000	
2026-04-10 21:57:16,234 - my_experiment - bat_IQL_RNN_5M_43 - my_run - INFO - t_env: 600200 / 5050000
2026-04-10 21:57:16,234 - my_experiment - bat_IQL_RNN_5M_43 - my_run - INFO - Estimated time left: 7 hours, 28 minutes, 51 seconds. Time passed: 1 hours, 1 minutes, 57 seconds
2026-04-10 22:02:17,466 - my_experiment - bat_IQL_RNN_5M_43 - my_run - INFO - Recent Stats | t_env:     650000 | Episode:     3250
blue_team_alives_mean:     7.3000	blue_team_win_mean:        0.0000	ep_length_mean:          200.0000	episode_length_mean:     199.0000
epsilon:                   0.3920	grad_norm:                10.2146	loss:                      3.1004	q_taken_mean:              0.5816
red_team_alives_mean:     19.9960	red_team_win_mean:         1.0000	return_mean:              -1.1284	return_std:                0.5071
target_mean:               0.5930	td_error_abs:              0.8531	test_blue_team_alives_mean: 15.6000	test_blue_team_win_mean:   0.0000
test_ep_length_mean:     200.0000	test_episode_length_mean:199.0000	test_red_team_alives_mean: 20.0000	test_red_team_win_mean:    1.0000
test_return_mean:         -7.1520	test_return_std:           0.0000	
2026-04-10 22:02:18,675 - my_experiment - bat_IQL_RNN_5M_43 - my_run - INFO - t_env: 650200 / 5050000
2026-04-10 22:02:18,676 - my_experiment - bat_IQL_RNN_5M_43 - my_run - INFO - Estimated time left: 7 hours, 23 minutes, 33 seconds. Time passed: 1 hours, 7 minutes, 0 seconds
2026-04-10 22:07:20,259 - my_experiment - bat_IQL_RNN_5M_43 - my_run - INFO - Recent Stats | t_env:     700000 | Episode:     3500
blue_team_alives_mean:     7.4880	blue_team_win_mean:        0.0000	ep_length_mean:          200.0000	episode_length_mean:     199.0000
epsilon:                   0.3445	grad_norm:                 5.5897	loss:                      2.7538	q_taken_mean:              0.6331
red_team_alives_mean:     19.9880	red_team_win_mean:         1.0000	return_mean:              -0.8142	return_std:                0.5087
target_mean:               0.6389	td_error_abs:              0.8155	test_blue_team_alives_mean: 16.8000	test_blue_team_win_mean:   0.0000
test_ep_length_mean:     200.0000	test_episode_length_mean:199.0000	test_red_team_alives_mean: 20.0000	test_red_team_win_mean:    1.0000
test_return_mean:         -6.9880	test_return_std:           0.0000	
2026-04-10 22:07:21,446 - my_experiment - bat_IQL_RNN_5M_43 - my_run - INFO - t_env: 700200 / 5050000
2026-04-10 22:07:21,446 - my_experiment - bat_IQL_RNN_5M_43 - my_run - INFO - Estimated time left: 7 hours, 18 minutes, 59 seconds. Time passed: 1 hours, 12 minutes, 2 seconds
2026-04-10 22:12:22,853 - my_experiment - bat_IQL_RNN_5M_43 - my_run - INFO - Recent Stats | t_env:     750000 | Episode:     3750
blue_team_alives_mean:     7.8520	blue_team_win_mean:        0.0000	ep_length_mean:          200.0000	episode_length_mean:     199.0000
epsilon:                   0.2970	grad_norm:                 5.9192	loss:                      2.5595	q_taken_mean:              0.6770
red_team_alives_mean:     19.9760	red_team_win_mean:         1.0000	return_mean:              -0.4775	return_std:                0.5460
target_mean:               0.6832	td_error_abs:              0.7848	test_blue_team_alives_mean: 17.4000	test_blue_team_win_mean:   0.0000
test_ep_length_mean:     200.0000	test_episode_length_mean:199.0000	test_red_team_alives_mean: 20.0000	test_red_team_win_mean:    1.0000
test_return_mean:         -5.5550	test_return_std:           0.0000	
2026-04-10 22:12:24,074 - my_experiment - bat_IQL_RNN_5M_43 - my_run - INFO - t_env: 750200 / 5050000
2026-04-10 22:12:24,074 - my_experiment - bat_IQL_RNN_5M_43 - my_run - INFO - Estimated time left: 7 hours, 13 minutes, 44 seconds. Time passed: 1 hours, 17 minutes, 5 seconds
2026-04-10 22:17:29,956 - my_experiment - bat_IQL_RNN_5M_43 - my_run - INFO - Recent Stats | t_env:     800000 | Episode:     4000
blue_team_alives_mean:     9.0840	blue_team_win_mean:        0.0000	ep_length_mean:          200.0000	episode_length_mean:     199.0000
epsilon:                   0.2495	grad_norm:                 4.8687	loss:                      2.4128	q_taken_mean:              0.7281
red_team_alives_mean:     19.9720	red_team_win_mean:         1.0000	return_mean:              -0.3924	return_std:                0.5720
target_mean:               0.7336	td_error_abs:              0.7559	test_blue_team_alives_mean: 16.6000	test_blue_team_win_mean:   0.0000
test_ep_length_mean:     200.0000	test_episode_length_mean:199.0000	test_red_team_alives_mean: 20.0000	test_red_team_win_mean:    1.0000
test_return_mean:         -3.9070	test_return_std:           0.0000	
2026-04-10 22:17:31,189 - my_experiment - bat_IQL_RNN_5M_43 - my_run - INFO - t_env: 800200 / 5050000
2026-04-10 22:17:31,189 - my_experiment - bat_IQL_RNN_5M_43 - my_run - INFO - Estimated time left: 7 hours, 15 minutes, 3 seconds. Time passed: 1 hours, 22 minutes, 12 seconds
2026-04-10 22:22:38,526 - my_experiment - bat_IQL_RNN_5M_43 - my_run - INFO - Recent Stats | t_env:     850000 | Episode:     4250
blue_team_alives_mean:    10.0880	blue_team_win_mean:        0.0000	ep_length_mean:          200.0000	episode_length_mean:     199.0000
epsilon:                   0.2020	grad_norm:                 7.3380	loss:                      2.4491	q_taken_mean:              0.8053
red_team_alives_mean:     19.9600	red_team_win_mean:         0.9960	return_mean:              -0.2818	return_std:                0.5535
target_mean:               0.8134	td_error_abs:              0.7334	test_blue_team_alives_mean: 16.2000	test_blue_team_win_mean:   0.0000
test_ep_length_mean:     200.0000	test_episode_length_mean:199.0000	test_red_team_alives_mean: 20.0000	test_red_team_win_mean:    1.0000
test_return_mean:         -2.8230	test_return_std:           0.0000	
2026-04-10 22:22:39,737 - my_experiment - bat_IQL_RNN_5M_43 - my_run - INFO - t_env: 850200 / 5050000
2026-04-10 22:22:39,738 - my_experiment - bat_IQL_RNN_5M_43 - my_run - INFO - Estimated time left: 7 hours, 11 minutes, 56 seconds. Time passed: 1 hours, 27 minutes, 21 seconds
2026-04-10 22:27:45,527 - my_experiment - bat_IQL_RNN_5M_43 - my_run - INFO - Recent Stats | t_env:     900000 | Episode:     4500
blue_team_alives_mean:    10.7240	blue_team_win_mean:        0.0000	ep_length_mean:          200.0000	episode_length_mean:     199.0000
epsilon:                   0.1545	grad_norm:                 6.1043	loss:                      2.3775	q_taken_mean:              0.8764
red_team_alives_mean:     19.9800	red_team_win_mean:         1.0000	return_mean:              -0.3596	return_std:                0.6438
target_mean:               0.8797	td_error_abs:              0.7181	test_blue_team_alives_mean: 15.4000	test_blue_team_win_mean:   0.0000
test_ep_length_mean:     200.0000	test_episode_length_mean:199.0000	test_red_team_alives_mean: 20.0000	test_red_team_win_mean:    1.0000
test_return_mean:         -2.7800	test_return_std:           0.0000	
2026-04-10 22:27:46,775 - my_experiment - bat_IQL_RNN_5M_43 - my_run - INFO - t_env: 900200 / 5050000
2026-04-10 22:27:46,776 - my_experiment - bat_IQL_RNN_5M_43 - my_run - INFO - Estimated time left: 7 hours, 4 minutes, 42 seconds. Time passed: 1 hours, 32 minutes, 28 seconds
2026-04-10 22:32:53,882 - my_experiment - bat_IQL_RNN_5M_43 - my_run - INFO - Recent Stats | t_env:     950000 | Episode:     4750
blue_team_alives_mean:    10.9960	blue_team_win_mean:        0.0000	ep_length_mean:          200.0000	episode_length_mean:     199.0000
epsilon:                   0.1070	grad_norm:                 5.1102	loss:                      2.3819	q_taken_mean:              0.9321
red_team_alives_mean:     19.9120	red_team_win_mean:         1.0000	return_mean:              -0.1767	return_std:                0.6694
target_mean:               0.9351	td_error_abs:              0.7039	test_blue_team_alives_mean: 14.6000	test_blue_team_win_mean:   0.0000
test_ep_length_mean:     200.0000	test_episode_length_mean:199.0000	test_red_team_alives_mean: 20.0000	test_red_team_win_mean:    1.0000
test_return_mean:         -2.1500	test_return_std:           0.0000	
2026-04-10 22:32:55,145 - my_experiment - bat_IQL_RNN_5M_43 - my_run - INFO - t_env: 950200 / 5050000
2026-04-10 22:32:55,145 - my_experiment - bat_IQL_RNN_5M_43 - my_run - INFO - Estimated time left: 7 hours, 1 minutes, 25 seconds. Time passed: 1 hours, 37 minutes, 36 seconds
2026-04-10 22:38:04,535 - my_experiment - bat_IQL_RNN_5M_43 - my_run - INFO - Recent Stats | t_env:    1000000 | Episode:     5000
blue_team_alives_mean:    11.9480	blue_team_win_mean:        0.0000	ep_length_mean:          200.0000	episode_length_mean:     199.0000
epsilon:                   0.0595	grad_norm:                 5.9134	loss:                      2.4653	q_taken_mean:              0.9991
red_team_alives_mean:     19.9160	red_team_win_mean:         1.0000	return_mean:              -0.2273	return_std:                0.6073
target_mean:               1.0014	td_error_abs:              0.6862	test_blue_team_alives_mean: 15.8000	test_blue_team_win_mean:   0.0000
test_ep_length_mean:     200.0000	test_episode_length_mean:199.0000	test_red_team_alives_mean: 20.0000	test_red_team_win_mean:    0.8000
test_return_mean:         -1.9070	test_return_std:           0.0000	
2026-04-10 22:38:05,790 - my_experiment - bat_IQL_RNN_5M_43 - my_run - INFO - t_env: 1000200 / 5050000
2026-04-10 22:38:05,791 - my_experiment - bat_IQL_RNN_5M_43 - my_run - INFO - Estimated time left: 6 hours, 59 minutes, 20 seconds. Time passed: 1 hours, 42 minutes, 47 seconds
2026-04-10 22:38:06,676 - my_experiment - bat_IQL_RNN_5M_43 - my_run - INFO - Saving models to work_dirs/my_experiment/bat_IQL_RNN_5M_43/my_run/20260410_205511/models/1000200
2026-04-10 22:43:14,566 - my_experiment - bat_IQL_RNN_5M_43 - my_run - INFO - Recent Stats | t_env:    1050000 | Episode:     5250
blue_team_alives_mean:    12.3520	blue_team_win_mean:        0.0000	ep_length_mean:          200.0000	episode_length_mean:     199.0000
epsilon:                   0.0500	grad_norm:                 8.6159	loss:                      2.6895	q_taken_mean:              1.0627
red_team_alives_mean:     19.9320	red_team_win_mean:         1.0000	return_mean:              -0.3131	return_std:                0.6837
target_mean:               1.0697	td_error_abs:              0.6808	test_blue_team_alives_mean: 15.2000	test_blue_team_win_mean:   0.0000
test_ep_length_mean:     200.0000	test_episode_length_mean:199.0000	test_red_team_alives_mean: 20.0000	test_red_team_win_mean:    0.8000
test_return_mean:         -1.6940	test_return_std:           0.0000	
2026-04-10 22:43:15,834 - my_experiment - bat_IQL_RNN_5M_43 - my_run - INFO - t_env: 1050200 / 5050000
2026-04-10 22:43:15,835 - my_experiment - bat_IQL_RNN_5M_43 - my_run - INFO - Estimated time left: 6 hours, 53 minutes, 22 seconds. Time passed: 1 hours, 47 minutes, 57 seconds
2026-04-10 22:48:25,248 - my_experiment - bat_IQL_RNN_5M_43 - my_run - INFO - Recent Stats | t_env:    1100000 | Episode:     5500
blue_team_alives_mean:    12.6320	blue_team_win_mean:        0.0000	ep_length_mean:          200.0000	episode_length_mean:     199.0000
epsilon:                   0.0500	grad_norm:                14.0181	loss:                      2.6579	q_taken_mean:              1.1242
red_team_alives_mean:     19.9040	red_team_win_mean:         1.0000	return_mean:              -0.2957	return_std:                0.6682
target_mean:               1.1235	td_error_abs:              0.6932	test_blue_team_alives_mean: 14.4000	test_blue_team_win_mean:   0.0000
test_ep_length_mean:     200.0000	test_episode_length_mean:199.0000	test_red_team_alives_mean: 20.0000	test_red_team_win_mean:    0.8000
test_return_mean:         -1.8480	test_return_std:           0.0000	
2026-04-10 22:48:26,494 - my_experiment - bat_IQL_RNN_5M_43 - my_run - INFO - t_env: 1100200 / 5050000
2026-04-10 22:48:26,494 - my_experiment - bat_IQL_RNN_5M_43 - my_run - INFO - Estimated time left: 6 hours, 49 minutes, 0 seconds. Time passed: 1 hours, 53 minutes, 8 seconds
2026-04-10 22:53:34,658 - my_experiment - bat_IQL_RNN_5M_43 - my_run - INFO - Recent Stats | t_env:    1150000 | Episode:     5750
blue_team_alives_mean:    12.9440	blue_team_win_mean:        0.0000	ep_length_mean:          200.0000	episode_length_mean:     199.0000
epsilon:                   0.0500	grad_norm:                 7.9943	loss:                      3.0758	q_taken_mean:              1.2383
red_team_alives_mean:     19.9760	red_team_win_mean:         1.0000	return_mean:              -0.3674	return_std:                0.6383
target_mean:               1.2393	td_error_abs:              0.6508	test_blue_team_alives_mean: 14.2000	test_blue_team_win_mean:   0.0000
test_ep_length_mean:     200.0000	test_episode_length_mean:199.0000	test_red_team_alives_mean: 20.0000	test_red_team_win_mean:    0.8000
test_return_mean:         -1.2740	test_return_std:           0.0000	
2026-04-10 22:53:35,894 - my_experiment - bat_IQL_RNN_5M_43 - my_run - INFO - t_env: 1150200 / 5050000
2026-04-10 22:53:35,894 - my_experiment - bat_IQL_RNN_5M_43 - my_run - INFO - Estimated time left: 6 hours, 42 minutes, 11 seconds. Time passed: 1 hours, 58 minutes, 17 seconds
2026-04-10 22:58:47,523 - my_experiment - bat_IQL_RNN_5M_43 - my_run - INFO - Recent Stats | t_env:    1200000 | Episode:     6000
blue_team_alives_mean:    14.2760	blue_team_win_mean:        0.0000	ep_length_mean:          200.0000	episode_length_mean:     199.0000
epsilon:                   0.0500	grad_norm:                10.2465	loss:                      2.8637	q_taken_mean:              1.2467
red_team_alives_mean:     19.8800	red_team_win_mean:         1.0000	return_mean:              -0.4668	return_std:                0.5740
target_mean:               1.2500	td_error_abs:              0.6501	test_blue_team_alives_mean: 14.4000	test_blue_team_win_mean:   0.0000
test_ep_length_mean:     200.0000	test_episode_length_mean:199.0000	test_red_team_alives_mean: 20.0000	test_red_team_win_mean:    0.8000
test_return_mean:         -1.2940	test_return_std:           0.0000	
2026-04-10 22:58:48,782 - my_experiment - bat_IQL_RNN_5M_43 - my_run - INFO - t_env: 1200200 / 5050000
2026-04-10 22:58:48,783 - my_experiment - bat_IQL_RNN_5M_43 - my_run - INFO - Estimated time left: 6 hours, 41 minutes, 31 seconds. Time passed: 2 hours, 3 minutes, 30 seconds
2026-04-10 23:03:59,476 - my_experiment - bat_IQL_RNN_5M_43 - my_run - INFO - Recent Stats | t_env:    1250000 | Episode:     6250
blue_team_alives_mean:    14.7640	blue_team_win_mean:        0.0040	ep_length_mean:          200.0000	episode_length_mean:     199.0000
epsilon:                   0.0500	grad_norm:                42.4999	loss:                      3.1718	q_taken_mean:              1.2840
red_team_alives_mean:     19.8680	red_team_win_mean:         0.9800	return_mean:              -0.5333	return_std:                0.5252
target_mean:               1.2900	td_error_abs:              0.7012	test_blue_team_alives_mean: 13.4000	test_blue_team_win_mean:   0.0000
test_ep_length_mean:     200.0000	test_episode_length_mean:199.0000	test_red_team_alives_mean: 20.0000	test_red_team_win_mean:    1.0000
test_return_mean:         -1.0840	test_return_std:           0.0000	
2026-04-10 23:04:00,734 - my_experiment - bat_IQL_RNN_5M_43 - my_run - INFO - t_env: 1250200 / 5050000
2026-04-10 23:04:00,735 - my_experiment - bat_IQL_RNN_5M_43 - my_run - INFO - Estimated time left: 6 hours, 35 minutes, 7 seconds. Time passed: 2 hours, 8 minutes, 42 seconds
2026-04-10 23:09:12,379 - my_experiment - bat_IQL_RNN_5M_43 - my_run - INFO - Recent Stats | t_env:    1300000 | Episode:     6500
blue_team_alives_mean:    15.5240	blue_team_win_mean:        0.0120	ep_length_mean:          200.0000	episode_length_mean:     199.0000
epsilon:                   0.0500	grad_norm:                24.7392	loss:                      3.1507	q_taken_mean:              1.3508
red_team_alives_mean:     19.8240	red_team_win_mean:         0.9840	return_mean:              -0.6514	return_std:                0.4458
target_mean:               1.3513	td_error_abs:              0.6399	test_blue_team_alives_mean: 14.4000	test_blue_team_win_mean:   0.0000
test_ep_length_mean:     200.0000	test_episode_length_mean:199.0000	test_red_team_alives_mean: 20.0000	test_red_team_win_mean:    1.0000
test_return_mean:         -1.1980	test_return_std:           0.0000	
2026-04-10 23:09:13,649 - my_experiment - bat_IQL_RNN_5M_43 - my_run - INFO - t_env: 1300200 / 5050000
2026-04-10 23:09:13,650 - my_experiment - bat_IQL_RNN_5M_43 - my_run - INFO - Estimated time left: 6 hours, 31 minutes, 7 seconds. Time passed: 2 hours, 13 minutes, 55 seconds
2026-04-10 23:14:25,740 - my_experiment - bat_IQL_RNN_5M_43 - my_run - INFO - Recent Stats | t_env:    1350000 | Episode:     6750
blue_team_alives_mean:    16.3160	blue_team_win_mean:        0.0160	ep_length_mean:          200.0000	episode_length_mean:     199.0000
epsilon:                   0.0500	grad_norm:                42.7399	loss:                      3.1782	q_taken_mean:              1.3877
red_team_alives_mean:     19.7680	red_team_win_mean:         0.9440	return_mean:              -0.7420	return_std:                0.4488
target_mean:               1.3812	td_error_abs:              0.6409	test_blue_team_alives_mean: 15.4000	test_blue_team_win_mean:   0.0000
test_ep_length_mean:     200.0000	test_episode_length_mean:199.0000	test_red_team_alives_mean: 20.0000	test_red_team_win_mean:    1.0000
test_return_mean:         -0.8600	test_return_std:           0.0000	
2026-04-10 23:14:27,009 - my_experiment - bat_IQL_RNN_5M_43 - my_run - INFO - t_env: 1350200 / 5050000
2026-04-10 23:14:27,009 - my_experiment - bat_IQL_RNN_5M_43 - my_run - INFO - Estimated time left: 6 hours, 26 minutes, 27 seconds. Time passed: 2 hours, 19 minutes, 8 seconds
2026-04-10 23:19:35,590 - my_experiment - bat_IQL_RNN_5M_43 - my_run - INFO - Recent Stats | t_env:    1400000 | Episode:     7000
blue_team_alives_mean:    17.0400	blue_team_win_mean:        0.0400	ep_length_mean:          200.0000	episode_length_mean:     199.0000
epsilon:                   0.0500	grad_norm:                33.6713	loss:                      2.9475	q_taken_mean:              1.4013
red_team_alives_mean:     19.7720	red_team_win_mean:         0.8800	return_mean:              -0.8502	return_std:                0.4954
target_mean:               1.4006	td_error_abs:              0.6128	test_blue_team_alives_mean: 16.0000	test_blue_team_win_mean:   0.0000
test_ep_length_mean:     200.0000	test_episode_length_mean:199.0000	test_red_team_alives_mean: 20.0000	test_red_team_win_mean:    1.0000
test_return_mean:         -0.6750	test_return_std:           0.0000	
2026-04-10 23:19:36,835 - my_experiment - bat_IQL_RNN_5M_43 - my_run - INFO - t_env: 1400200 / 5050000
2026-04-10 23:19:36,836 - my_experiment - bat_IQL_RNN_5M_43 - my_run - INFO - Estimated time left: 6 hours, 16 minutes, 56 seconds. Time passed: 2 hours, 24 minutes, 18 seconds
2026-04-10 23:24:44,722 - my_experiment - bat_IQL_RNN_5M_43 - my_run - INFO - Recent Stats | t_env:    1450000 | Episode:     7250
blue_team_alives_mean:    17.4160	blue_team_win_mean:        0.0240	ep_length_mean:          200.0000	episode_length_mean:     199.0000
epsilon:                   0.0500	grad_norm:                62.2920	loss:                      2.9785	q_taken_mean:              1.4272
red_team_alives_mean:     19.8560	red_team_win_mean:         0.8880	return_mean:              -0.8537	return_std:                0.4271
target_mean:               1.4266	td_error_abs:              0.5996	test_blue_team_alives_mean: 16.0000	test_blue_team_win_mean:   0.0000
test_ep_length_mean:     200.0000	test_episode_length_mean:199.0000	test_red_team_alives_mean: 20.0000	test_red_team_win_mean:    1.0000
test_return_mean:         -0.3660	test_return_std:           0.0000	
2026-04-10 23:24:45,951 - my_experiment - bat_IQL_RNN_5M_43 - my_run - INFO - t_env: 1450200 / 5050000
2026-04-10 23:24:45,952 - my_experiment - bat_IQL_RNN_5M_43 - my_run - INFO - Estimated time left: 6 hours, 10 minutes, 55 seconds. Time passed: 2 hours, 29 minutes, 27 seconds
2026-04-10 23:29:50,570 - my_experiment - bat_IQL_RNN_5M_43 - my_run - INFO - Recent Stats | t_env:    1500000 | Episode:     7500
blue_team_alives_mean:    17.2480	blue_team_win_mean:        0.0240	ep_length_mean:          200.0000	episode_length_mean:     199.0000
epsilon:                   0.0500	grad_norm:               119.9391	loss:                      2.8677	q_taken_mean:              1.4423
red_team_alives_mean:     19.7240	red_team_win_mean:         0.8600	return_mean:              -0.7956	return_std:                0.4388
target_mean:               1.4445	td_error_abs:              0.6391	test_blue_team_alives_mean: 17.0000	test_blue_team_win_mean:   0.0000
test_ep_length_mean:     200.0000	test_episode_length_mean:199.0000	test_red_team_alives_mean: 20.0000	test_red_team_win_mean:    0.8000
test_return_mean:         -0.5570	test_return_std:           0.0000	
2026-04-10 23:29:51,807 - my_experiment - bat_IQL_RNN_5M_43 - my_run - INFO - t_env: 1500200 / 5050000
2026-04-10 23:29:51,807 - my_experiment - bat_IQL_RNN_5M_43 - my_run - INFO - Estimated time left: 6 hours, 1 minutes, 54 seconds. Time passed: 2 hours, 34 minutes, 33 seconds
2026-04-10 23:29:52,697 - my_experiment - bat_IQL_RNN_5M_43 - my_run - INFO - Saving models to work_dirs/my_experiment/bat_IQL_RNN_5M_43/my_run/20260410_205511/models/1500200
2026-04-10 23:34:57,277 - my_experiment - bat_IQL_RNN_5M_43 - my_run - INFO - Recent Stats | t_env:    1550000 | Episode:     7750
blue_team_alives_mean:    17.7520	blue_team_win_mean:        0.0360	ep_length_mean:          200.0000	episode_length_mean:     199.0000
epsilon:                   0.0500	grad_norm:               123.9753	loss:                      2.9395	q_taken_mean:              1.4590
red_team_alives_mean:     19.7840	red_team_win_mean:         0.7840	return_mean:              -0.8098	return_std:                0.3998
target_mean:               1.4475	td_error_abs:              0.6632	test_blue_team_alives_mean: 17.8000	test_blue_team_win_mean:   0.0000
test_ep_length_mean:     200.0000	test_episode_length_mean:199.0000	test_red_team_alives_mean: 20.0000	test_red_team_win_mean:    0.6000
test_return_mean:         -0.6080	test_return_std:           0.0000	
2026-04-10 23:34:58,485 - my_experiment - bat_IQL_RNN_5M_43 - my_run - INFO - t_env: 1550200 / 5050000
2026-04-10 23:34:58,486 - my_experiment - bat_IQL_RNN_5M_43 - my_run - INFO - Estimated time left: 5 hours, 57 minutes, 46 seconds. Time passed: 2 hours, 39 minutes, 40 seconds
2026-04-10 23:40:05,503 - my_experiment - bat_IQL_RNN_5M_43 - my_run - INFO - Recent Stats | t_env:    1600000 | Episode:     8000
blue_team_alives_mean:    16.7680	blue_team_win_mean:        0.0200	ep_length_mean:          200.0000	episode_length_mean:     199.0000
epsilon:                   0.0500	grad_norm:               154.6107	loss:                      2.4761	q_taken_mean:              1.4556
red_team_alives_mean:     19.7680	red_team_win_mean:         0.8680	return_mean:              -0.9564	return_std:                0.5538
target_mean:               1.4594	td_error_abs:              0.6232	test_blue_team_alives_mean: 18.2000	test_blue_team_win_mean:   0.0000
test_ep_length_mean:     200.0000	test_episode_length_mean:199.0000	test_red_team_alives_mean: 20.0000	test_red_team_win_mean:    0.4000
test_return_mean:         -0.6390	test_return_std:           0.0000	
2026-04-10 23:40:06,786 - my_experiment - bat_IQL_RNN_5M_43 - my_run - INFO - t_env: 1600200 / 5050000
2026-04-10 23:40:06,787 - my_experiment - bat_IQL_RNN_5M_43 - my_run - INFO - Estimated time left: 5 hours, 54 minutes, 31 seconds. Time passed: 2 hours, 44 minutes, 48 seconds
2026-04-10 23:45:08,746 - my_experiment - bat_IQL_RNN_5M_43 - my_run - INFO - Recent Stats | t_env:    1650000 | Episode:     8250
blue_team_alives_mean:    15.2240	blue_team_win_mean:        0.0440	ep_length_mean:          200.0000	episode_length_mean:     199.0000
epsilon:                   0.0500	grad_norm:                91.4109	loss:                      2.7049	q_taken_mean:              1.4991
red_team_alives_mean:     19.7200	red_team_win_mean:         0.8440	return_mean:              -0.8498	return_std:                0.6231
target_mean:               1.4939	td_error_abs:              0.5703	test_blue_team_alives_mean: 18.4000	test_blue_team_win_mean:   0.0000
test_ep_length_mean:     200.0000	test_episode_length_mean:199.0000	test_red_team_alives_mean: 20.0000	test_red_team_win_mean:    0.4000
test_return_mean:         -0.6200	test_return_std:           0.0000	
2026-04-10 23:45:09,947 - my_experiment - bat_IQL_RNN_5M_43 - my_run - INFO - t_env: 1650200 / 5050000
2026-04-10 23:45:09,947 - my_experiment - bat_IQL_RNN_5M_43 - my_run - INFO - Estimated time left: 5 hours, 43 minutes, 33 seconds. Time passed: 2 hours, 49 minutes, 51 seconds
2026-04-10 23:50:07,094 - my_experiment - bat_IQL_RNN_5M_43 - my_run - INFO - Recent Stats | t_env:    1700000 | Episode:     8500
blue_team_alives_mean:    10.7200	blue_team_win_mean:        0.0000	ep_length_mean:          200.0000	episode_length_mean:     199.0000
epsilon:                   0.0500	grad_norm:               129.2916	loss:                      2.3493	q_taken_mean:              1.4338
red_team_alives_mean:     19.9760	red_team_win_mean:         0.9960	return_mean:              -0.8734	return_std:                0.9305
target_mean:               1.4342	td_error_abs:              0.5956	test_blue_team_alives_mean: 18.4000	test_blue_team_win_mean:   0.0000
test_ep_length_mean:     200.0000	test_episode_length_mean:199.0000	test_red_team_alives_mean: 20.0000	test_red_team_win_mean:    0.4000
test_return_mean:         -0.8710	test_return_std:           0.0000	
2026-04-10 23:50:08,308 - my_experiment - bat_IQL_RNN_5M_43 - my_run - INFO - t_env: 1700200 / 5050000
2026-04-10 23:50:08,308 - my_experiment - bat_IQL_RNN_5M_43 - my_run - INFO - Estimated time left: 5 hours, 33 minutes, 8 seconds. Time passed: 2 hours, 54 minutes, 49 seconds
2026-04-10 23:55:06,215 - my_experiment - bat_IQL_RNN_5M_43 - my_run - INFO - Recent Stats | t_env:    1750000 | Episode:     8750
blue_team_alives_mean:    11.0720	blue_team_win_mean:        0.0000	ep_length_mean:          200.0000	episode_length_mean:     199.0000
epsilon:                   0.0500	grad_norm:               129.9365	loss:                      1.9951	q_taken_mean:              1.4100
red_team_alives_mean:     19.9840	red_team_win_mean:         0.9960	return_mean:              -0.7671	return_std:                1.0767
target_mean:               1.4053	td_error_abs:              0.5684	test_blue_team_alives_mean: 16.6000	test_blue_team_win_mean:   0.0000
test_ep_length_mean:     200.0000	test_episode_length_mean:199.0000	test_red_team_alives_mean: 20.0000	test_red_team_win_mean:    0.6000
test_return_mean:         -0.5480	test_return_std:           0.0000	
2026-04-10 23:55:07,476 - my_experiment - bat_IQL_RNN_5M_43 - my_run - INFO - t_env: 1750200 / 5050000
2026-04-10 23:55:07,476 - my_experiment - bat_IQL_RNN_5M_43 - my_run - INFO - Estimated time left: 5 hours, 29 minutes, 3 seconds. Time passed: 2 hours, 59 minutes, 49 seconds
2026-04-11 00:00:06,314 - my_experiment - bat_IQL_RNN_5M_43 - my_run - INFO - Recent Stats | t_env:    1800000 | Episode:     9000
blue_team_alives_mean:    10.7360	blue_team_win_mean:        0.0000	ep_length_mean:          200.0000	episode_length_mean:     199.0000
epsilon:                   0.0500	grad_norm:               132.0190	loss:                      1.7741	q_taken_mean:              1.3283
red_team_alives_mean:     19.9800	red_team_win_mean:         1.0000	return_mean:              -0.3906	return_std:                0.7371
target_mean:               1.3230	td_error_abs:              0.6039	test_blue_team_alives_mean: 15.8000	test_blue_team_win_mean:   0.0000
test_ep_length_mean:     200.0000	test_episode_length_mean:199.0000	test_red_team_alives_mean: 20.0000	test_red_team_win_mean:    0.8000
test_return_mean:         -0.7490	test_return_std:           0.0000	
2026-04-11 00:00:07,562 - my_experiment - bat_IQL_RNN_5M_43 - my_run - INFO - t_env: 1800200 / 5050000
2026-04-11 00:00:07,563 - my_experiment - bat_IQL_RNN_5M_43 - my_run - INFO - Estimated time left: 5 hours, 25 minutes, 4 seconds. Time passed: 3 hours, 4 minutes, 49 seconds
2026-04-11 00:05:18,196 - my_experiment - bat_IQL_RNN_5M_43 - my_run - INFO - Recent Stats | t_env:    1850000 | Episode:     9250
blue_team_alives_mean:    10.5520	blue_team_win_mean:        0.0000	ep_length_mean:          200.0000	episode_length_mean:     199.0000
epsilon:                   0.0500	grad_norm:               137.3857	loss:                      1.6893	q_taken_mean:              1.2914
red_team_alives_mean:     19.9960	red_team_win_mean:         1.0000	return_mean:              -0.4636	return_std:                0.8040
target_mean:               1.2870	td_error_abs:              0.6377	test_blue_team_alives_mean: 14.8000	test_blue_team_win_mean:   0.0000
test_ep_length_mean:     200.0000	test_episode_length_mean:199.0000	test_red_team_alives_mean: 20.0000	test_red_team_win_mean:    1.0000
test_return_mean:         -0.7860	test_return_std:           0.0000	
2026-04-11 00:05:19,472 - my_experiment - bat_IQL_RNN_5M_43 - my_run - INFO - t_env: 1850200 / 5050000
2026-04-11 00:05:19,473 - my_experiment - bat_IQL_RNN_5M_43 - my_run - INFO - Estimated time left: 5 hours, 32 minutes, 40 seconds. Time passed: 3 hours, 10 minutes, 1 seconds
2026-04-11 00:10:30,938 - my_experiment - bat_IQL_RNN_5M_43 - my_run - INFO - Recent Stats | t_env:    1900000 | Episode:     9500
blue_team_alives_mean:    10.1440	blue_team_win_mean:        0.0000	ep_length_mean:          200.0000	episode_length_mean:     199.0000
epsilon:                   0.0500	grad_norm:                99.9438	loss:                      1.4333	q_taken_mean:              1.2421
red_team_alives_mean:     19.9680	red_team_win_mean:         0.9960	return_mean:              -0.3693	return_std:                0.8647
target_mean:               1.2435	td_error_abs:              0.5955	test_blue_team_alives_mean: 14.2000	test_blue_team_win_mean:   0.0000
test_ep_length_mean:     200.0000	test_episode_length_mean:199.0000	test_red_team_alives_mean: 20.0000	test_red_team_win_mean:    1.0000
test_return_mean:         -0.9180	test_return_std:           0.0000	
2026-04-11 00:10:32,210 - my_experiment - bat_IQL_RNN_5M_43 - my_run - INFO - t_env: 1900200 / 5050000
2026-04-11 00:10:32,210 - my_experiment - bat_IQL_RNN_5M_43 - my_run - INFO - Estimated time left: 5 hours, 28 minutes, 21 seconds. Time passed: 3 hours, 15 minutes, 13 seconds
2026-04-11 00:15:43,259 - my_experiment - bat_IQL_RNN_5M_43 - my_run - INFO - Recent Stats | t_env:    1950000 | Episode:     9750
blue_team_alives_mean:    10.5400	blue_team_win_mean:        0.0000	ep_length_mean:          200.0000	episode_length_mean:     199.0000
epsilon:                   0.0500	grad_norm:               181.7098	loss:                      1.7599	q_taken_mean:              1.2462
red_team_alives_mean:     19.9920	red_team_win_mean:         0.9960	return_mean:              -0.4645	return_std:                0.8309
target_mean:               1.2430	td_error_abs:              0.7332	test_blue_team_alives_mean: 13.4000	test_blue_team_win_mean:   0.0000
test_ep_length_mean:     200.0000	test_episode_length_mean:199.0000	test_red_team_alives_mean: 20.0000	test_red_team_win_mean:    1.0000
test_return_mean:         -0.6650	test_return_std:           0.0000	
2026-04-11 00:15:44,525 - my_experiment - bat_IQL_RNN_5M_43 - my_run - INFO - t_env: 1950200 / 5050000
2026-04-11 00:15:44,526 - my_experiment - bat_IQL_RNN_5M_43 - my_run - INFO - Estimated time left: 5 hours, 22 minutes, 42 seconds. Time passed: 3 hours, 20 minutes, 26 seconds
2026-04-11 00:20:38,088 - my_experiment - bat_IQL_RNN_5M_43 - my_run - INFO - Recent Stats | t_env:    2000000 | Episode:    10000
blue_team_alives_mean:    10.3040	blue_team_win_mean:        0.0000	ep_length_mean:          200.0000	episode_length_mean:     199.0000
epsilon:                   0.0500	grad_norm:               131.2549	loss:                      1.7586	q_taken_mean:              1.2070
red_team_alives_mean:     19.9760	red_team_win_mean:         1.0000	return_mean:              -0.3217	return_std:                0.7615
target_mean:               1.2032	td_error_abs:              0.7363	test_blue_team_alives_mean: 13.0000	test_blue_team_win_mean:   0.0000
test_ep_length_mean:     200.0000	test_episode_length_mean:199.0000	test_red_team_alives_mean: 20.0000	test_red_team_win_mean:    1.0000
test_return_mean:         -0.7490	test_return_std:           0.0000	
2026-04-11 00:20:39,259 - my_experiment - bat_IQL_RNN_5M_43 - my_run - INFO - t_env: 2000200 / 5050000
2026-04-11 00:20:39,260 - my_experiment - bat_IQL_RNN_5M_43 - my_run - INFO - Estimated time left: 4 hours, 59 minutes, 37 seconds. Time passed: 3 hours, 25 minutes, 20 seconds
2026-04-11 00:20:40,105 - my_experiment - bat_IQL_RNN_5M_43 - my_run - INFO - Saving models to work_dirs/my_experiment/bat_IQL_RNN_5M_43/my_run/20260410_205511/models/2000200
2026-04-11 00:25:29,520 - my_experiment - bat_IQL_RNN_5M_43 - my_run - INFO - Recent Stats | t_env:    2050000 | Episode:    10250
blue_team_alives_mean:    10.1280	blue_team_win_mean:        0.0000	ep_length_mean:          200.0000	episode_length_mean:     199.0000
epsilon:                   0.0500	grad_norm:                76.9719	loss:                      1.5084	q_taken_mean:              1.1563
red_team_alives_mean:     19.9920	red_team_win_mean:         1.0000	return_mean:              -0.1517	return_std:                0.6727
target_mean:               1.1520	td_error_abs:              0.6850	test_blue_team_alives_mean: 12.6000	test_blue_team_win_mean:   0.0000
test_ep_length_mean:     200.0000	test_episode_length_mean:199.0000	test_red_team_alives_mean: 20.0000	test_red_team_win_mean:    1.0000
test_return_mean:         -0.5250	test_return_std:           0.0000	
2026-04-11 00:25:30,706 - my_experiment - bat_IQL_RNN_5M_43 - my_run - INFO - t_env: 2050200 / 5050000
2026-04-11 00:25:30,707 - my_experiment - bat_IQL_RNN_5M_43 - my_run - INFO - Estimated time left: 4 hours, 51 minutes, 25 seconds. Time passed: 3 hours, 30 minutes, 12 seconds
2026-04-11 00:30:21,868 - my_experiment - bat_IQL_RNN_5M_43 - my_run - INFO - Recent Stats | t_env:    2100000 | Episode:    10500
blue_team_alives_mean:    10.5560	blue_team_win_mean:        0.0000	ep_length_mean:          200.0000	episode_length_mean:     199.0000
epsilon:                   0.0500	grad_norm:               108.6946	loss:                      1.6434	q_taken_mean:              1.1539
red_team_alives_mean:     19.9680	red_team_win_mean:         1.0000	return_mean:               0.0360	return_std:                0.7455
target_mean:               1.1573	td_error_abs:              0.7311	test_blue_team_alives_mean: 10.8000	test_blue_team_win_mean:   0.0000
test_ep_length_mean:     200.0000	test_episode_length_mean:199.0000	test_red_team_alives_mean: 20.0000	test_red_team_win_mean:    1.0000
test_return_mean:          0.0350	test_return_std:           0.0000	
2026-04-11 00:30:23,079 - my_experiment - bat_IQL_RNN_5M_43 - my_run - INFO - t_env: 2100200 / 5050000
2026-04-11 00:30:23,079 - my_experiment - bat_IQL_RNN_5M_43 - my_run - INFO - Estimated time left: 4 hours, 47 minutes, 28 seconds. Time passed: 3 hours, 35 minutes, 4 seconds
2026-04-11 00:35:14,503 - my_experiment - bat_IQL_RNN_5M_43 - my_run - INFO - Recent Stats | t_env:    2150000 | Episode:    10750
blue_team_alives_mean:    10.0440	blue_team_win_mean:        0.0000	ep_length_mean:          200.0000	episode_length_mean:     199.0000
epsilon:                   0.0500	grad_norm:                77.0724	loss:                      1.5418	q_taken_mean:              1.1879
red_team_alives_mean:     19.9800	red_team_win_mean:         1.0000	return_mean:               0.2058	return_std:                0.7277
target_mean:               1.1770	td_error_abs:              0.7079	test_blue_team_alives_mean:  9.4000	test_blue_team_win_mean:   0.0000
test_ep_length_mean:     200.0000	test_episode_length_mean:199.0000	test_red_team_alives_mean: 20.0000	test_red_team_win_mean:    1.0000
test_return_mean:          0.5280	test_return_std:           0.0000	
2026-04-11 00:35:15,668 - my_experiment - bat_IQL_RNN_5M_43 - my_run - INFO - t_env: 2150200 / 5050000
2026-04-11 00:35:15,669 - my_experiment - bat_IQL_RNN_5M_43 - my_run - INFO - Estimated time left: 4 hours, 42 minutes, 49 seconds. Time passed: 3 hours, 39 minutes, 57 seconds
2026-04-11 00:40:10,774 - my_experiment - bat_IQL_RNN_5M_43 - my_run - INFO - Recent Stats | t_env:    2200000 | Episode:    11000
blue_team_alives_mean:    10.3720	blue_team_win_mean:        0.0000	ep_length_mean:          200.0000	episode_length_mean:     199.0000
epsilon:                   0.0500	grad_norm:                74.8577	loss:                      1.5216	q_taken_mean:              1.1683
red_team_alives_mean:     19.9480	red_team_win_mean:         1.0000	return_mean:               0.2569	return_std:                0.6561
target_mean:               1.1708	td_error_abs:              0.6603	test_blue_team_alives_mean:  9.6000	test_blue_team_win_mean:   0.0000
test_ep_length_mean:     200.0000	test_episode_length_mean:199.0000	test_red_team_alives_mean: 20.0000	test_red_team_win_mean:    1.0000
test_return_mean:          0.5020	test_return_std:           0.0000	
2026-04-11 00:40:11,931 - my_experiment - bat_IQL_RNN_5M_43 - my_run - INFO - t_env: 2200200 / 5050000
2026-04-11 00:40:11,932 - my_experiment - bat_IQL_RNN_5M_43 - my_run - INFO - Estimated time left: 4 hours, 41 minutes, 25 seconds. Time passed: 3 hours, 44 minutes, 53 seconds
2026-04-11 00:45:04,658 - my_experiment - bat_IQL_RNN_5M_43 - my_run - INFO - Recent Stats | t_env:    2250000 | Episode:    11250
blue_team_alives_mean:    10.6680	blue_team_win_mean:        0.0000	ep_length_mean:          200.0000	episode_length_mean:     199.0000
epsilon:                   0.0500	grad_norm:                44.4748	loss:                      1.3943	q_taken_mean:              1.1593
red_team_alives_mean:     19.9520	red_team_win_mean:         1.0000	return_mean:               0.3745	return_std:                0.6590
target_mean:               1.1572	td_error_abs:              0.6200	test_blue_team_alives_mean:  9.8000	test_blue_team_win_mean:   0.0000
test_ep_length_mean:     200.0000	test_episode_length_mean:199.0000	test_red_team_alives_mean: 20.0000	test_red_team_win_mean:    1.0000
test_return_mean:          0.6420	test_return_std:           0.0000	
2026-04-11 00:45:05,870 - my_experiment - bat_IQL_RNN_5M_43 - my_run - INFO - t_env: 2250200 / 5050000
2026-04-11 00:45:05,870 - my_experiment - bat_IQL_RNN_5M_43 - my_run - INFO - Estimated time left: 4 hours, 34 minutes, 19 seconds. Time passed: 3 hours, 49 minutes, 47 seconds
2026-04-11 00:49:56,045 - my_experiment - bat_IQL_RNN_5M_43 - my_run - INFO - Recent Stats | t_env:    2300000 | Episode:    11500
blue_team_alives_mean:     9.7280	blue_team_win_mean:        0.0000	ep_length_mean:          200.0000	episode_length_mean:     199.0000
epsilon:                   0.0500	grad_norm:                82.5453	loss:                      1.4858	q_taken_mean:              1.1799
red_team_alives_mean:     19.9880	red_team_win_mean:         1.0000	return_mean:               0.5007	return_std:                0.6310
target_mean:               1.1755	td_error_abs:              0.6767	test_blue_team_alives_mean:  8.4000	test_blue_team_win_mean:   0.0000
test_ep_length_mean:     200.0000	test_episode_length_mean:199.0000	test_red_team_alives_mean: 20.0000	test_red_team_win_mean:    1.0000
test_return_mean:          0.7060	test_return_std:           0.0000	
2026-04-11 00:49:57,263 - my_experiment - bat_IQL_RNN_5M_43 - my_run - INFO - t_env: 2300200 / 5050000
2026-04-11 00:49:57,264 - my_experiment - bat_IQL_RNN_5M_43 - my_run - INFO - Estimated time left: 4 hours, 27 minutes, 5 seconds. Time passed: 3 hours, 54 minutes, 38 seconds
2026-04-11 00:54:47,945 - my_experiment - bat_IQL_RNN_5M_43 - my_run - INFO - Recent Stats | t_env:    2350000 | Episode:    11750
blue_team_alives_mean:     9.8280	blue_team_win_mean:        0.0000	ep_length_mean:          200.0000	episode_length_mean:     199.0000
epsilon:                   0.0500	grad_norm:                92.5877	loss:                      1.4565	q_taken_mean:              1.1759
red_team_alives_mean:     19.9560	red_team_win_mean:         1.0000	return_mean:               0.5268	return_std:                0.6624
target_mean:               1.1741	td_error_abs:              0.6799	test_blue_team_alives_mean:  9.6000	test_blue_team_win_mean:   0.0000
test_ep_length_mean:     200.0000	test_episode_length_mean:199.0000	test_red_team_alives_mean: 20.0000	test_red_team_win_mean:    1.0000
test_return_mean:          0.4660	test_return_std:           0.0000	
2026-04-11 00:54:49,107 - my_experiment - bat_IQL_RNN_5M_43 - my_run - INFO - t_env: 2350200 / 5050000
2026-04-11 00:54:49,107 - my_experiment - bat_IQL_RNN_5M_43 - my_run - INFO - Estimated time left: 4 hours, 22 minutes, 38 seconds. Time passed: 3 hours, 59 minutes, 30 seconds
2026-04-11 00:59:45,779 - my_experiment - bat_IQL_RNN_5M_43 - my_run - INFO - Recent Stats | t_env:    2400000 | Episode:    12000
blue_team_alives_mean:     9.5320	blue_team_win_mean:        0.0000	ep_length_mean:          200.0000	episode_length_mean:     199.0000
epsilon:                   0.0500	grad_norm:                58.9201	loss:                      1.4689	q_taken_mean:              1.1427
red_team_alives_mean:     19.9560	red_team_win_mean:         1.0000	return_mean:               0.3837	return_std:                0.6566
target_mean:               1.1349	td_error_abs:              0.6973	test_blue_team_alives_mean: 10.8000	test_blue_team_win_mean:   0.0000
test_ep_length_mean:     200.0000	test_episode_length_mean:199.0000	test_red_team_alives_mean: 20.0000	test_red_team_win_mean:    1.0000
test_return_mean:          0.1590	test_return_std:           0.0000	
2026-04-11 00:59:47,012 - my_experiment - bat_IQL_RNN_5M_43 - my_run - INFO - t_env: 2400200 / 5050000
2026-04-11 00:59:47,013 - my_experiment - bat_IQL_RNN_5M_43 - my_run - INFO - Estimated time left: 4 hours, 23 minutes, 7 seconds. Time passed: 4 hours, 4 minutes, 28 seconds
2026-04-11 01:04:46,894 - my_experiment - bat_IQL_RNN_5M_43 - my_run - INFO - Recent Stats | t_env:    2450193 | Episode:    12251
blue_team_alives_mean:     8.4780	blue_team_win_mean:        0.0000	ep_length_mean:          199.9725	episode_length_mean:     198.9725
epsilon:                   0.0500	grad_norm:                67.8714	loss:                      1.4368	q_taken_mean:              1.1303
red_team_alives_mean:     19.9801	red_team_win_mean:         0.9960	return_mean:              -0.1909	return_std:                1.2007
target_mean:               1.1300	td_error_abs:              0.6634	test_blue_team_alives_mean:  9.8000	test_blue_team_win_mean:   0.0000
test_ep_length_mean:     200.0000	test_episode_length_mean:199.0000	test_red_team_alives_mean: 20.0000	test_red_team_win_mean:    1.0000
test_return_mean:         -0.1280	test_return_std:           0.0000	
2026-04-11 01:04:48,078 - my_experiment - bat_IQL_RNN_5M_43 - my_run - INFO - t_env: 2450393 / 5050000
2026-04-11 01:04:48,078 - my_experiment - bat_IQL_RNN_5M_43 - my_run - INFO - Estimated time left: 4 hours, 19 minutes, 52 seconds. Time passed: 4 hours, 9 minutes, 29 seconds
2026-04-11 01:09:47,306 - my_experiment - bat_IQL_RNN_5M_43 - my_run - INFO - Recent Stats | t_env:    2500193 | Episode:    12501
blue_team_alives_mean:     8.7600	blue_team_win_mean:        0.0000	ep_length_mean:          200.0000	episode_length_mean:     199.0000
epsilon:                   0.0500	grad_norm:                80.8180	loss:                      1.5028	q_taken_mean:              1.1035
red_team_alives_mean:     19.9960	red_team_win_mean:         1.0000	return_mean:               0.2115	return_std:                0.6684
target_mean:               1.1050	td_error_abs:              0.7153	test_blue_team_alives_mean:  9.4000	test_blue_team_win_mean:   0.0000
test_ep_length_mean:     200.0000	test_episode_length_mean:199.0000	test_red_team_alives_mean: 20.0000	test_red_team_win_mean:    1.0000
test_return_mean:         -0.1670	test_return_std:           0.0000	
2026-04-11 01:09:48,494 - my_experiment - bat_IQL_RNN_5M_43 - my_run - INFO - t_env: 2500393 / 5050000
2026-04-11 01:09:48,495 - my_experiment - bat_IQL_RNN_5M_43 - my_run - INFO - Estimated time left: 4 hours, 15 minutes, 18 seconds. Time passed: 4 hours, 14 minutes, 30 seconds
2026-04-11 01:09:49,409 - my_experiment - bat_IQL_RNN_5M_43 - my_run - INFO - Saving models to work_dirs/my_experiment/bat_IQL_RNN_5M_43/my_run/20260410_205511/models/2500393
2026-04-11 01:14:48,404 - my_experiment - bat_IQL_RNN_5M_43 - my_run - INFO - Recent Stats | t_env:    2550193 | Episode:    12751
blue_team_alives_mean:     9.0400	blue_team_win_mean:        0.0000	ep_length_mean:          200.0000	episode_length_mean:     199.0000
epsilon:                   0.0500	grad_norm:                58.2959	loss:                      1.5058	q_taken_mean:              1.0973
red_team_alives_mean:     19.9880	red_team_win_mean:         1.0000	return_mean:               0.1849	return_std:                0.7252
target_mean:               1.0957	td_error_abs:              0.6957	test_blue_team_alives_mean: 10.2000	test_blue_team_win_mean:   0.0000
test_ep_length_mean:     200.0000	test_episode_length_mean:199.0000	test_red_team_alives_mean: 20.0000	test_red_team_win_mean:    1.0000
test_return_mean:          0.0940	test_return_std:           0.0000	
2026-04-11 01:14:49,626 - my_experiment - bat_IQL_RNN_5M_43 - my_run - INFO - t_env: 2550393 / 5050000
2026-04-11 01:14:49,627 - my_experiment - bat_IQL_RNN_5M_43 - my_run - INFO - Estimated time left: 4 hours, 10 minutes, 54 seconds. Time passed: 4 hours, 19 minutes, 31 seconds
2026-04-11 01:19:48,022 - my_experiment - bat_IQL_RNN_5M_43 - my_run - INFO - Recent Stats | t_env:    2600193 | Episode:    13001
blue_team_alives_mean:     8.7200	blue_team_win_mean:        0.0000	ep_length_mean:          200.0000	episode_length_mean:     199.0000
epsilon:                   0.0500	grad_norm:                48.5026	loss:                      1.5153	q_taken_mean:              1.1110
red_team_alives_mean:     19.9720	red_team_win_mean:         1.0000	return_mean:               0.0823	return_std:                0.7370
target_mean:               1.1103	td_error_abs:              0.7001	test_blue_team_alives_mean:  9.4000	test_blue_team_win_mean:   0.0000
test_ep_length_mean:     200.0000	test_episode_length_mean:199.0000	test_red_team_alives_mean: 20.0000	test_red_team_win_mean:    1.0000
test_return_mean:          0.1730	test_return_std:           0.0000	
2026-04-11 01:19:49,219 - my_experiment - bat_IQL_RNN_5M_43 - my_run - INFO - t_env: 2600393 / 5050000
2026-04-11 01:19:49,219 - my_experiment - bat_IQL_RNN_5M_43 - my_run - INFO - Estimated time left: 4 hours, 4 minutes, 37 seconds. Time passed: 4 hours, 24 minutes, 30 seconds
2026-04-11 01:24:49,449 - my_experiment - bat_IQL_RNN_5M_43 - my_run - INFO - Recent Stats | t_env:    2650193 | Episode:    13251
blue_team_alives_mean:     8.6560	blue_team_win_mean:        0.0000	ep_length_mean:          200.0000	episode_length_mean:     199.0000
epsilon:                   0.0500	grad_norm:                34.1718	loss:                      1.5169	q_taken_mean:              1.0683
red_team_alives_mean:     19.9720	red_team_win_mean:         1.0000	return_mean:               0.1047	return_std:                0.6747
target_mean:               1.0699	td_error_abs:              0.6561	test_blue_team_alives_mean:  8.0000	test_blue_team_win_mean:   0.0000
test_ep_length_mean:     200.0000	test_episode_length_mean:199.0000	test_red_team_alives_mean: 20.0000	test_red_team_win_mean:    1.0000
test_return_mean:          0.3040	test_return_std:           0.0000	
2026-04-11 01:24:50,742 - my_experiment - bat_IQL_RNN_5M_43 - my_run - INFO - t_env: 2650393 / 5050000
2026-04-11 01:24:50,742 - my_experiment - bat_IQL_RNN_5M_43 - my_run - INFO - Estimated time left: 4 hours, 1 minutes, 10 seconds. Time passed: 4 hours, 29 minutes, 32 seconds
2026-04-11 01:29:49,456 - my_experiment - bat_IQL_RNN_5M_43 - my_run - INFO - Recent Stats | t_env:    2700193 | Episode:    13501
blue_team_alives_mean:     8.9120	blue_team_win_mean:        0.0040	ep_length_mean:          200.0000	episode_length_mean:     199.0000
epsilon:                   0.0500	grad_norm:                18.7306	loss:                      1.4634	q_taken_mean:              1.0805
red_team_alives_mean:     19.9480	red_team_win_mean:         0.9960	return_mean:               0.1863	return_std:                0.7181
target_mean:               1.0813	td_error_abs:              0.6198	test_blue_team_alives_mean:  9.4000	test_blue_team_win_mean:   0.0000
test_ep_length_mean:     200.0000	test_episode_length_mean:199.0000	test_red_team_alives_mean: 20.0000	test_red_team_win_mean:    1.0000
test_return_mean:          0.4720	test_return_std:           0.0000	
2026-04-11 01:29:50,682 - my_experiment - bat_IQL_RNN_5M_43 - my_run - INFO - t_env: 2700393 / 5050000
2026-04-11 01:29:50,683 - my_experiment - bat_IQL_RNN_5M_43 - my_run - INFO - Estimated time left: 3 hours, 54 minutes, 54 seconds. Time passed: 4 hours, 34 minutes, 32 seconds
2026-04-11 01:34:49,221 - my_experiment - bat_IQL_RNN_5M_43 - my_run - INFO - Recent Stats | t_env:    2750193 | Episode:    13751
blue_team_alives_mean:     8.4040	blue_team_win_mean:        0.0000	ep_length_mean:          200.0000	episode_length_mean:     199.0000
epsilon:                   0.0500	grad_norm:                27.7002	loss:                      1.4857	q_taken_mean:              1.0744
red_team_alives_mean:     19.9760	red_team_win_mean:         1.0000	return_mean:               0.2286	return_std:                0.6549
target_mean:               1.0724	td_error_abs:              0.6593	test_blue_team_alives_mean:  9.0000	test_blue_team_win_mean:   0.0000
test_ep_length_mean:     200.0000	test_episode_length_mean:199.0000	test_red_team_alives_mean: 20.0000	test_red_team_win_mean:    1.0000
test_return_mean:          0.3250	test_return_std:           0.0000	
2026-04-11 01:34:50,401 - my_experiment - bat_IQL_RNN_5M_43 - my_run - INFO - t_env: 2750393 / 5050000
2026-04-11 01:34:50,402 - my_experiment - bat_IQL_RNN_5M_43 - my_run - INFO - Estimated time left: 3 hours, 49 minutes, 44 seconds. Time passed: 4 hours, 39 minutes, 31 seconds
2026-04-11 01:39:49,700 - my_experiment - bat_IQL_RNN_5M_43 - my_run - INFO - Recent Stats | t_env:    2800193 | Episode:    14001
blue_team_alives_mean:     8.5920	blue_team_win_mean:        0.0000	ep_length_mean:          200.0000	episode_length_mean:     199.0000
epsilon:                   0.0500	grad_norm:                47.3800	loss:                      1.6119	q_taken_mean:              1.0363
red_team_alives_mean:     19.9720	red_team_win_mean:         1.0000	return_mean:               0.2392	return_std:                0.6421
target_mean:               1.0369	td_error_abs:              0.7213	test_blue_team_alives_mean:  9.4000	test_blue_team_win_mean:   0.0000
test_ep_length_mean:     200.0000	test_episode_length_mean:199.0000	test_red_team_alives_mean: 19.6000	test_red_team_win_mean:    1.0000
test_return_mean:          0.2260	test_return_std:           0.0000	
2026-04-11 01:39:50,911 - my_experiment - bat_IQL_RNN_5M_43 - my_run - INFO - t_env: 2800393 / 5050000
2026-04-11 01:39:50,911 - my_experiment - bat_IQL_RNN_5M_43 - my_run - INFO - Estimated time left: 3 hours, 45 minutes, 20 seconds. Time passed: 4 hours, 44 minutes, 32 seconds
2026-04-11 01:44:48,333 - my_experiment - bat_IQL_RNN_5M_43 - my_run - INFO - Recent Stats | t_env:    2850193 | Episode:    14251
blue_team_alives_mean:     8.4760	blue_team_win_mean:        0.0000	ep_length_mean:          200.0000	episode_length_mean:     199.0000
epsilon:                   0.0500	grad_norm:                60.1400	loss:                      1.6891	q_taken_mean:              1.0593
red_team_alives_mean:     19.9640	red_team_win_mean:         1.0000	return_mean:               0.2922	return_std:                0.6826
target_mean:               1.0571	td_error_abs:              0.7675	test_blue_team_alives_mean:  9.4000	test_blue_team_win_mean:   0.0000
test_ep_length_mean:     200.0000	test_episode_length_mean:199.0000	test_red_team_alives_mean: 19.6000	test_red_team_win_mean:    1.0000
test_return_mean:          0.1360	test_return_std:           0.0000	
2026-04-11 01:44:49,500 - my_experiment - bat_IQL_RNN_5M_43 - my_run - INFO - t_env: 2850393 / 5050000
2026-04-11 01:44:49,501 - my_experiment - bat_IQL_RNN_5M_43 - my_run - INFO - Estimated time left: 3 hours, 38 minutes, 55 seconds. Time passed: 4 hours, 49 minutes, 31 seconds
2026-04-11 01:49:47,891 - my_experiment - bat_IQL_RNN_5M_43 - my_run - INFO - Recent Stats | t_env:    2900193 | Episode:    14501
blue_team_alives_mean:     8.3000	blue_team_win_mean:        0.0000	ep_length_mean:          200.0000	episode_length_mean:     199.0000
epsilon:                   0.0500	grad_norm:                40.9413	loss:                      1.5183	q_taken_mean:              1.0742
red_team_alives_mean:     19.9480	red_team_win_mean:         1.0000	return_mean:               0.2111	return_std:                0.7460
target_mean:               1.0674	td_error_abs:              0.7207	test_blue_team_alives_mean: 10.6000	test_blue_team_win_mean:   0.0000
test_ep_length_mean:     200.0000	test_episode_length_mean:199.0000	test_red_team_alives_mean: 19.6000	test_red_team_win_mean:    1.0000
test_return_mean:          0.0410	test_return_std:           0.0000	
2026-04-11 01:49:49,081 - my_experiment - bat_IQL_RNN_5M_43 - my_run - INFO - t_env: 2900393 / 5050000
2026-04-11 01:49:49,081 - my_experiment - bat_IQL_RNN_5M_43 - my_run - INFO - Estimated time left: 3 hours, 34 minutes, 39 seconds. Time passed: 4 hours, 54 minutes, 30 seconds
2026-04-11 01:54:45,650 - my_experiment - bat_IQL_RNN_5M_43 - my_run - INFO - Recent Stats | t_env:    2950193 | Episode:    14751
blue_team_alives_mean:     7.7560	blue_team_win_mean:        0.0000	ep_length_mean:          200.0000	episode_length_mean:     199.0000
epsilon:                   0.0500	grad_norm:                23.0482	loss:                      1.4868	q_taken_mean:              1.0526
red_team_alives_mean:     19.9720	red_team_win_mean:         1.0000	return_mean:               0.3442	return_std:                0.6745
target_mean:               1.0522	td_error_abs:              0.6570	test_blue_team_alives_mean: 10.6000	test_blue_team_win_mean:   0.0000
test_ep_length_mean:     200.0000	test_episode_length_mean:199.0000	test_red_team_alives_mean: 19.6000	test_red_team_win_mean:    1.0000
test_return_mean:         -0.0310	test_return_std:           0.0000	
2026-04-11 01:54:46,846 - my_experiment - bat_IQL_RNN_5M_43 - my_run - INFO - t_env: 2950393 / 5050000
2026-04-11 01:54:46,847 - my_experiment - bat_IQL_RNN_5M_43 - my_run - INFO - Estimated time left: 3 hours, 28 minutes, 23 seconds. Time passed: 4 hours, 59 minutes, 28 seconds
2026-04-11 01:59:43,009 - my_experiment - bat_IQL_RNN_5M_43 - my_run - INFO - Recent Stats | t_env:    3000193 | Episode:    15001
blue_team_alives_mean:     7.8200	blue_team_win_mean:        0.0000	ep_length_mean:          200.0000	episode_length_mean:     199.0000
epsilon:                   0.0500	grad_norm:                42.7060	loss:                      1.6031	q_taken_mean:              1.0485
red_team_alives_mean:     19.9840	red_team_win_mean:         1.0000	return_mean:               0.2339	return_std:                0.7537
target_mean:               1.0469	td_error_abs:              0.7163	test_blue_team_alives_mean: 11.2000	test_blue_team_win_mean:   0.0000
test_ep_length_mean:     200.0000	test_episode_length_mean:199.0000	test_red_team_alives_mean: 19.6000	test_red_team_win_mean:    1.0000
test_return_mean:         -0.0330	test_return_std:           0.0000	
2026-04-11 01:59:44,200 - my_experiment - bat_IQL_RNN_5M_43 - my_run - INFO - t_env: 3000393 / 5050000
2026-04-11 01:59:44,200 - my_experiment - bat_IQL_RNN_5M_43 - my_run - INFO - Estimated time left: 3 hours, 23 minutes, 9 seconds. Time passed: 5 hours, 4 minutes, 25 seconds
2026-04-11 01:59:45,095 - my_experiment - bat_IQL_RNN_5M_43 - my_run - INFO - Saving models to work_dirs/my_experiment/bat_IQL_RNN_5M_43/my_run/20260410_205511/models/3000393
2026-04-11 02:04:40,381 - my_experiment - bat_IQL_RNN_5M_43 - my_run - INFO - Recent Stats | t_env:    3050193 | Episode:    15251
blue_team_alives_mean:     7.8880	blue_team_win_mean:        0.0000	ep_length_mean:          200.0000	episode_length_mean:     199.0000
epsilon:                   0.0500	grad_norm:                22.2407	loss:                      1.5516	q_taken_mean:              1.0112
red_team_alives_mean:     19.9560	red_team_win_mean:         1.0000	return_mean:               0.3470	return_std:                0.6998
target_mean:               1.0120	td_error_abs:              0.6641	test_blue_team_alives_mean: 10.0000	test_blue_team_win_mean:   0.0000
test_ep_length_mean:     200.0000	test_episode_length_mean:199.0000	test_red_team_alives_mean: 20.0000	test_red_team_win_mean:    1.0000
test_return_mean:         -0.0790	test_return_std:           0.0000	
2026-04-11 02:04:41,600 - my_experiment - bat_IQL_RNN_5M_43 - my_run - INFO - t_env: 3050393 / 5050000
2026-04-11 02:04:41,600 - my_experiment - bat_IQL_RNN_5M_43 - my_run - INFO - Estimated time left: 3 hours, 18 minutes, 13 seconds. Time passed: 5 hours, 9 minutes, 23 seconds
2026-04-11 02:09:39,469 - my_experiment - bat_IQL_RNN_5M_43 - my_run - INFO - Recent Stats | t_env:    3100193 | Episode:    15501
blue_team_alives_mean:     8.5840	blue_team_win_mean:        0.0000	ep_length_mean:          200.0000	episode_length_mean:     199.0000
epsilon:                   0.0500	grad_norm:                13.0469	loss:                      1.4932	q_taken_mean:              0.9835
red_team_alives_mean:     19.9440	red_team_win_mean:         1.0000	return_mean:               0.1240	return_std:                0.6832
target_mean:               0.9837	td_error_abs:              0.6427	test_blue_team_alives_mean: 11.2000	test_blue_team_win_mean:   0.0000
test_ep_length_mean:     200.0000	test_episode_length_mean:199.0000	test_red_team_alives_mean: 20.0000	test_red_team_win_mean:    1.0000
test_return_mean:         -0.2250	test_return_std:           0.0000	
2026-04-11 02:09:40,648 - my_experiment - bat_IQL_RNN_5M_43 - my_run - INFO - t_env: 3100393 / 5050000
2026-04-11 02:09:40,648 - my_experiment - bat_IQL_RNN_5M_43 - my_run - INFO - Estimated time left: 3 hours, 14 minutes, 20 seconds. Time passed: 5 hours, 14 minutes, 22 seconds
2026-04-11 02:14:36,791 - my_experiment - bat_IQL_RNN_5M_43 - my_run - INFO - Recent Stats | t_env:    3150193 | Episode:    15751
blue_team_alives_mean:     8.2840	blue_team_win_mean:        0.0000	ep_length_mean:          200.0000	episode_length_mean:     199.0000
epsilon:                   0.0500	grad_norm:                23.3497	loss:                      1.5460	q_taken_mean:              0.9661
red_team_alives_mean:     19.9880	red_team_win_mean:         1.0000	return_mean:               0.4315	return_std:                0.6502
target_mean:               0.9689	td_error_abs:              0.6433	test_blue_team_alives_mean: 10.0000	test_blue_team_win_mean:   0.0000
test_ep_length_mean:     200.0000	test_episode_length_mean:199.0000	test_red_team_alives_mean: 20.0000	test_red_team_win_mean:    1.0000
test_return_mean:         -0.1200	test_return_std:           0.0000	
2026-04-11 02:14:37,972 - my_experiment - bat_IQL_RNN_5M_43 - my_run - INFO - t_env: 3150393 / 5050000
2026-04-11 02:14:37,973 - my_experiment - bat_IQL_RNN_5M_43 - my_run - INFO - Estimated time left: 3 hours, 8 minutes, 15 seconds. Time passed: 5 hours, 19 minutes, 19 seconds
2026-04-11 02:19:33,702 - my_experiment - bat_IQL_RNN_5M_43 - my_run - INFO - Recent Stats | t_env:    3200193 | Episode:    16001
blue_team_alives_mean:     9.0400	blue_team_win_mean:        0.0000	ep_length_mean:          200.0000	episode_length_mean:     199.0000
epsilon:                   0.0500	grad_norm:                11.0087	loss:                      1.4916	q_taken_mean:              0.9460
red_team_alives_mean:     19.9960	red_team_win_mean:         1.0000	return_mean:               0.2970	return_std:                0.5923
target_mean:               0.9470	td_error_abs:              0.6288	test_blue_team_alives_mean:  9.0000	test_blue_team_win_mean:   0.0000
test_ep_length_mean:     200.0000	test_episode_length_mean:199.0000	test_red_team_alives_mean: 20.0000	test_red_team_win_mean:    1.0000
test_return_mean:          0.0980	test_return_std:           0.0000	
2026-04-11 02:19:34,866 - my_experiment - bat_IQL_RNN_5M_43 - my_run - INFO - t_env: 3200393 / 5050000
2026-04-11 02:19:34,867 - my_experiment - bat_IQL_RNN_5M_43 - my_run - INFO - Estimated time left: 3 hours, 3 minutes, 2 seconds. Time passed: 5 hours, 24 minutes, 16 seconds
2026-04-11 02:24:28,157 - my_experiment - bat_IQL_RNN_5M_43 - my_run - INFO - Recent Stats | t_env:    3250193 | Episode:    16251
blue_team_alives_mean:     9.5240	blue_team_win_mean:        0.0000	ep_length_mean:          200.0000	episode_length_mean:     199.0000
epsilon:                   0.0500	grad_norm:                24.7079	loss:                      1.5693	q_taken_mean:              0.9324
red_team_alives_mean:     19.9960	red_team_win_mean:         1.0000	return_mean:               0.2424	return_std:                0.5471
target_mean:               0.9302	td_error_abs:              0.6709	test_blue_team_alives_mean:  9.0000	test_blue_team_win_mean:   0.0000
test_ep_length_mean:     200.0000	test_episode_length_mean:199.0000	test_red_team_alives_mean: 20.0000	test_red_team_win_mean:    1.0000
test_return_mean:          0.0690	test_return_std:           0.0000	
2026-04-11 02:24:29,347 - my_experiment - bat_IQL_RNN_5M_43 - my_run - INFO - t_env: 3250393 / 5050000
2026-04-11 02:24:29,347 - my_experiment - bat_IQL_RNN_5M_43 - my_run - INFO - Estimated time left: 2 hours, 56 minutes, 38 seconds. Time passed: 5 hours, 29 minutes, 10 seconds
2026-04-11 02:29:17,794 - my_experiment - bat_IQL_RNN_5M_43 - my_run - INFO - Recent Stats | t_env:    3300193 | Episode:    16501
blue_team_alives_mean:     9.5480	blue_team_win_mean:        0.0000	ep_length_mean:          200.0000	episode_length_mean:     199.0000
epsilon:                   0.0500	grad_norm:                14.1096	loss:                      1.5211	q_taken_mean:              0.9351
red_team_alives_mean:     19.9960	red_team_win_mean:         1.0000	return_mean:               0.2338	return_std:                0.5399
target_mean:               0.9341	td_error_abs:              0.6490	test_blue_team_alives_mean:  8.4000	test_blue_team_win_mean:   0.0000
test_ep_length_mean:     200.0000	test_episode_length_mean:199.0000	test_red_team_alives_mean: 20.0000	test_red_team_win_mean:    1.0000
test_return_mean:         -0.2100	test_return_std:           0.0000	
2026-04-11 02:29:18,974 - my_experiment - bat_IQL_RNN_5M_43 - my_run - INFO - t_env: 3300393 / 5050000
2026-04-11 02:29:18,974 - my_experiment - bat_IQL_RNN_5M_43 - my_run - INFO - Estimated time left: 2 hours, 48 minutes, 54 seconds. Time passed: 5 hours, 34 minutes, 0 seconds
2026-04-11 02:34:07,183 - my_experiment - bat_IQL_RNN_5M_43 - my_run - INFO - Recent Stats | t_env:    3350193 | Episode:    16751
blue_team_alives_mean:    10.1880	blue_team_win_mean:        0.0000	ep_length_mean:          200.0000	episode_length_mean:     199.0000
epsilon:                   0.0500	grad_norm:                16.7094	loss:                      1.5651	q_taken_mean:              0.9588
red_team_alives_mean:     19.9760	red_team_win_mean:         1.0000	return_mean:               0.3634	return_std:                0.5222
target_mean:               0.9600	td_error_abs:              0.6319	test_blue_team_alives_mean:  7.4000	test_blue_team_win_mean:   0.0000
test_ep_length_mean:     200.0000	test_episode_length_mean:199.0000	test_red_team_alives_mean: 20.0000	test_red_team_win_mean:    1.0000
test_return_mean:          0.1080	test_return_std:           0.0000	
2026-04-11 02:34:08,362 - my_experiment - bat_IQL_RNN_5M_43 - my_run - INFO - t_env: 3350393 / 5050000
2026-04-11 02:34:08,363 - my_experiment - bat_IQL_RNN_5M_43 - my_run - INFO - Estimated time left: 2 hours, 43 minutes, 56 seconds. Time passed: 5 hours, 38 minutes, 49 seconds
2026-04-11 02:38:56,506 - my_experiment - bat_IQL_RNN_5M_43 - my_run - INFO - Recent Stats | t_env:    3400193 | Episode:    17001
blue_team_alives_mean:    10.4440	blue_team_win_mean:        0.0000	ep_length_mean:          200.0000	episode_length_mean:     199.0000
epsilon:                   0.0500	grad_norm:                12.3546	loss:                      1.4854	q_taken_mean:              0.9559
red_team_alives_mean:     19.9920	red_team_win_mean:         1.0000	return_mean:               0.4634	return_std:                0.5225
target_mean:               0.9572	td_error_abs:              0.6152	test_blue_team_alives_mean:  8.2000	test_blue_team_win_mean:   0.0000
test_ep_length_mean:     200.0000	test_episode_length_mean:199.0000	test_red_team_alives_mean: 20.0000	test_red_team_win_mean:    1.0000
test_return_mean:          0.1360	test_return_std:           0.0000	
2026-04-11 02:38:57,661 - my_experiment - bat_IQL_RNN_5M_43 - my_run - INFO - t_env: 3400393 / 5050000
2026-04-11 02:38:57,662 - my_experiment - bat_IQL_RNN_5M_43 - my_run - INFO - Estimated time left: 2 hours, 39 minutes, 4 seconds. Time passed: 5 hours, 43 minutes, 39 seconds
2026-04-11 02:43:45,444 - my_experiment - bat_IQL_RNN_5M_43 - my_run - INFO - Recent Stats | t_env:    3450193 | Episode:    17251
blue_team_alives_mean:    10.6360	blue_team_win_mean:        0.0000	ep_length_mean:          200.0000	episode_length_mean:     199.0000
epsilon:                   0.0500	grad_norm:                25.4700	loss:                      1.5241	q_taken_mean:              0.9795
red_team_alives_mean:     19.9920	red_team_win_mean:         1.0000	return_mean:               0.3243	return_std:                0.5387
target_mean:               0.9804	td_error_abs:              0.6433	test_blue_team_alives_mean:  9.0000	test_blue_team_win_mean:   0.0000
test_ep_length_mean:     200.0000	test_episode_length_mean:199.0000	test_red_team_alives_mean: 20.0000	test_red_team_win_mean:    1.0000
test_return_mean:          0.2790	test_return_std:           0.0000	
2026-04-11 02:43:46,618 - my_experiment - bat_IQL_RNN_5M_43 - my_run - INFO - t_env: 3450393 / 5050000
2026-04-11 02:43:46,619 - my_experiment - bat_IQL_RNN_5M_43 - my_run - INFO - Estimated time left: 2 hours, 34 minutes, 4 seconds. Time passed: 5 hours, 48 minutes, 28 seconds
2026-04-11 02:48:35,819 - my_experiment - bat_IQL_RNN_5M_43 - my_run - INFO - Recent Stats | t_env:    3500193 | Episode:    17501
blue_team_alives_mean:    10.5120	blue_team_win_mean:        0.0000	ep_length_mean:          200.0000	episode_length_mean:     199.0000
epsilon:                   0.0500	grad_norm:                42.1886	loss:                      1.4879	q_taken_mean:              0.9831
red_team_alives_mean:     20.0000	red_team_win_mean:         1.0000	return_mean:               0.1691	return_std:                0.5463
target_mean:               0.9802	td_error_abs:              0.6648	test_blue_team_alives_mean:  8.4000	test_blue_team_win_mean:   0.0000
test_ep_length_mean:     200.0000	test_episode_length_mean:199.0000	test_red_team_alives_mean: 20.0000	test_red_team_win_mean:    1.0000
test_return_mean:          0.6550	test_return_std:           0.0000	
2026-04-11 02:48:37,029 - my_experiment - bat_IQL_RNN_5M_43 - my_run - INFO - t_env: 3500393 / 5050000
2026-04-11 02:48:37,030 - my_experiment - bat_IQL_RNN_5M_43 - my_run - INFO - Estimated time left: 2 hours, 30 minutes, 0 seconds. Time passed: 5 hours, 53 minutes, 18 seconds
2026-04-11 02:48:37,851 - my_experiment - bat_IQL_RNN_5M_43 - my_run - INFO - Saving models to work_dirs/my_experiment/bat_IQL_RNN_5M_43/my_run/20260410_205511/models/3500393
2026-04-11 02:53:26,810 - my_experiment - bat_IQL_RNN_5M_43 - my_run - INFO - Recent Stats | t_env:    3550193 | Episode:    17751
blue_team_alives_mean:    11.0800	blue_team_win_mean:        0.0000	ep_length_mean:          200.0000	episode_length_mean:     199.0000
epsilon:                   0.0500	grad_norm:                27.9775	loss:                      1.3818	q_taken_mean:              0.9893
red_team_alives_mean:     19.9920	red_team_win_mean:         1.0000	return_mean:               0.0150	return_std:                0.6694
target_mean:               0.9887	td_error_abs:              0.6149	test_blue_team_alives_mean:  9.4000	test_blue_team_win_mean:   0.0000
test_ep_length_mean:     200.0000	test_episode_length_mean:199.0000	test_red_team_alives_mean: 20.0000	test_red_team_win_mean:    1.0000
test_return_mean:          1.1980	test_return_std:           0.0000	
2026-04-11 02:53:27,984 - my_experiment - bat_IQL_RNN_5M_43 - my_run - INFO - t_env: 3550393 / 5050000
2026-04-11 02:53:27,984 - my_experiment - bat_IQL_RNN_5M_43 - my_run - INFO - Estimated time left: 2 hours, 25 minutes, 26 seconds. Time passed: 5 hours, 58 minutes, 9 seconds
2026-04-11 02:58:17,942 - my_experiment - bat_IQL_RNN_5M_43 - my_run - INFO - Recent Stats | t_env:    3600193 | Episode:    18001
blue_team_alives_mean:    11.3560	blue_team_win_mean:        0.0000	ep_length_mean:          200.0000	episode_length_mean:     199.0000
epsilon:                   0.0500	grad_norm:                21.8461	loss:                      1.3807	q_taken_mean:              0.9751
red_team_alives_mean:     19.9960	red_team_win_mean:         1.0000	return_mean:              -0.0589	return_std:                0.6155
target_mean:               0.9747	td_error_abs:              0.6009	test_blue_team_alives_mean: 10.0000	test_blue_team_win_mean:   0.0000
test_ep_length_mean:     200.0000	test_episode_length_mean:199.0000	test_red_team_alives_mean: 20.0000	test_red_team_win_mean:    1.0000
test_return_mean:          0.8150	test_return_std:           0.0000	
2026-04-11 02:58:19,116 - my_experiment - bat_IQL_RNN_5M_43 - my_run - INFO - t_env: 3600393 / 5050000
2026-04-11 02:58:19,117 - my_experiment - bat_IQL_RNN_5M_43 - my_run - INFO - Estimated time left: 2 hours, 20 minutes, 40 seconds. Time passed: 6 hours, 3 minutes, 0 seconds
2026-04-11 03:03:08,251 - my_experiment - bat_IQL_RNN_5M_43 - my_run - INFO - Recent Stats | t_env:    3650193 | Episode:    18251
blue_team_alives_mean:    11.2560	blue_team_win_mean:        0.0000	ep_length_mean:          200.0000	episode_length_mean:     199.0000
epsilon:                   0.0500	grad_norm:                16.3383	loss:                      1.2570	q_taken_mean:              0.9593
red_team_alives_mean:     19.9800	red_team_win_mean:         1.0000	return_mean:              -0.0133	return_std:                0.6141
target_mean:               0.9619	td_error_abs:              0.5652	test_blue_team_alives_mean: 10.2000	test_blue_team_win_mean:   0.0000
test_ep_length_mean:     200.0000	test_episode_length_mean:199.0000	test_red_team_alives_mean: 20.0000	test_red_team_win_mean:    1.0000
test_return_mean:          0.7960	test_return_std:           0.0000	
2026-04-11 03:03:09,418 - my_experiment - bat_IQL_RNN_5M_43 - my_run - INFO - t_env: 3650393 / 5050000
2026-04-11 03:03:09,419 - my_experiment - bat_IQL_RNN_5M_43 - my_run - INFO - Estimated time left: 2 hours, 15 minutes, 26 seconds. Time passed: 6 hours, 7 minutes, 50 seconds
2026-04-11 03:07:58,485 - my_experiment - bat_IQL_RNN_5M_43 - my_run - INFO - Recent Stats | t_env:    3700193 | Episode:    18501
blue_team_alives_mean:    11.1800	blue_team_win_mean:        0.0000	ep_length_mean:          200.0000	episode_length_mean:     199.0000
epsilon:                   0.0500	grad_norm:                38.4283	loss:                      1.2871	q_taken_mean:              0.9538
red_team_alives_mean:     19.9960	red_team_win_mean:         0.9960	return_mean:              -0.0094	return_std:                0.5778
target_mean:               0.9596	td_error_abs:              0.6044	test_blue_team_alives_mean: 10.2000	test_blue_team_win_mean:   0.0000
test_ep_length_mean:     200.0000	test_episode_length_mean:199.0000	test_red_team_alives_mean: 20.0000	test_red_team_win_mean:    1.0000
test_return_mean:          0.5350	test_return_std:           0.0000	
2026-04-11 03:07:59,654 - my_experiment - bat_IQL_RNN_5M_43 - my_run - INFO - t_env: 3700393 / 5050000
2026-04-11 03:07:59,655 - my_experiment - bat_IQL_RNN_5M_43 - my_run - INFO - Estimated time left: 2 hours, 10 minutes, 34 seconds. Time passed: 6 hours, 12 minutes, 41 seconds
2026-04-11 03:12:50,037 - my_experiment - bat_IQL_RNN_5M_43 - my_run - INFO - Recent Stats | t_env:    3750193 | Episode:    18751
blue_team_alives_mean:    11.0720	blue_team_win_mean:        0.0000	ep_length_mean:          200.0000	episode_length_mean:     199.0000
epsilon:                   0.0500	grad_norm:                36.0563	loss:                      1.2209	q_taken_mean:              0.9448
red_team_alives_mean:     19.9960	red_team_win_mean:         1.0000	return_mean:              -0.0887	return_std:                0.5680
target_mean:               0.9450	td_error_abs:              0.5792	test_blue_team_alives_mean: 11.2000	test_blue_team_win_mean:   0.0000
test_ep_length_mean:     200.0000	test_episode_length_mean:199.0000	test_red_team_alives_mean: 20.0000	test_red_team_win_mean:    1.0000
test_return_mean:          0.2450	test_return_std:           0.0000	
2026-04-11 03:12:51,324 - my_experiment - bat_IQL_RNN_5M_43 - my_run - INFO - t_env: 3750393 / 5050000
2026-04-11 03:12:51,325 - my_experiment - bat_IQL_RNN_5M_43 - my_run - INFO - Estimated time left: 2 hours, 6 minutes, 21 seconds. Time passed: 6 hours, 17 minutes, 32 seconds
2026-04-11 03:17:42,584 - my_experiment - bat_IQL_RNN_5M_43 - my_run - INFO - Recent Stats | t_env:    3800193 | Episode:    19001
blue_team_alives_mean:    11.6880	blue_team_win_mean:        0.0000	ep_length_mean:          200.0000	episode_length_mean:     199.0000
epsilon:                   0.0500	grad_norm:                33.6318	loss:                      1.2440	q_taken_mean:              0.9459
red_team_alives_mean:     19.9800	red_team_win_mean:         1.0000	return_mean:              -0.1798	return_std:                0.5956
target_mean:               0.9449	td_error_abs:              0.5882	test_blue_team_alives_mean: 12.0000	test_blue_team_win_mean:   0.0000
test_ep_length_mean:     200.0000	test_episode_length_mean:199.0000	test_red_team_alives_mean: 20.0000	test_red_team_win_mean:    1.0000
test_return_mean:         -0.2760	test_return_std:           0.0000	
2026-04-11 03:17:43,769 - my_experiment - bat_IQL_RNN_5M_43 - my_run - INFO - t_env: 3800393 / 5050000
2026-04-11 03:17:43,770 - my_experiment - bat_IQL_RNN_5M_43 - my_run - INFO - Estimated time left: 2 hours, 1 minutes, 48 seconds. Time passed: 6 hours, 22 minutes, 25 seconds
2026-04-11 03:22:37,508 - my_experiment - bat_IQL_RNN_5M_43 - my_run - INFO - Recent Stats | t_env:    3850193 | Episode:    19251
blue_team_alives_mean:    11.9840	blue_team_win_mean:        0.0000	ep_length_mean:          200.0000	episode_length_mean:     199.0000
epsilon:                   0.0500	grad_norm:                27.4152	loss:                      1.1920	q_taken_mean:              0.9344
red_team_alives_mean:     19.9960	red_team_win_mean:         1.0000	return_mean:              -0.1494	return_std:                0.5936
target_mean:               0.9335	td_error_abs:              0.5753	test_blue_team_alives_mean: 11.6000	test_blue_team_win_mean:   0.0000
test_ep_length_mean:     200.0000	test_episode_length_mean:199.0000	test_red_team_alives_mean: 20.0000	test_red_team_win_mean:    1.0000
test_return_mean:          0.0090	test_return_std:           0.0000	
2026-04-11 03:22:38,675 - my_experiment - bat_IQL_RNN_5M_43 - my_run - INFO - t_env: 3850393 / 5050000
2026-04-11 03:22:38,676 - my_experiment - bat_IQL_RNN_5M_43 - my_run - INFO - Estimated time left: 1 hours, 57 minutes, 55 seconds. Time passed: 6 hours, 27 minutes, 20 seconds
2026-04-11 03:27:31,515 - my_experiment - bat_IQL_RNN_5M_43 - my_run - INFO - Recent Stats | t_env:    3900193 | Episode:    19501
blue_team_alives_mean:    12.6960	blue_team_win_mean:        0.0040	ep_length_mean:          200.0000	episode_length_mean:     199.0000
epsilon:                   0.0500	grad_norm:                34.4849	loss:                      1.1659	q_taken_mean:              0.9284
red_team_alives_mean:     19.9760	red_team_win_mean:         0.9960	return_mean:              -0.1675	return_std:                0.5800
target_mean:               0.9271	td_error_abs:              0.5702	test_blue_team_alives_mean: 12.4000	test_blue_team_win_mean:   0.0000
test_ep_length_mean:     200.0000	test_episode_length_mean:199.0000	test_red_team_alives_mean: 20.0000	test_red_team_win_mean:    1.0000
test_return_mean:         -0.1510	test_return_std:           0.0000	
2026-04-11 03:27:32,682 - my_experiment - bat_IQL_RNN_5M_43 - my_run - INFO - t_env: 3900393 / 5050000
2026-04-11 03:27:32,683 - my_experiment - bat_IQL_RNN_5M_43 - my_run - INFO - Estimated time left: 1 hours, 52 minutes, 39 seconds. Time passed: 6 hours, 32 minutes, 14 seconds
2026-04-11 03:32:26,063 - my_experiment - bat_IQL_RNN_5M_43 - my_run - INFO - Recent Stats | t_env:    3950193 | Episode:    19751
blue_team_alives_mean:    12.5480	blue_team_win_mean:        0.0000	ep_length_mean:          200.0000	episode_length_mean:     199.0000
epsilon:                   0.0500	grad_norm:                34.2387	loss:                      1.1337	q_taken_mean:              0.9160
red_team_alives_mean:     19.9920	red_team_win_mean:         1.0000	return_mean:              -0.1155	return_std:                0.4999
target_mean:               0.9137	td_error_abs:              0.5710	test_blue_team_alives_mean: 12.8000	test_blue_team_win_mean:   0.0000
test_ep_length_mean:     200.0000	test_episode_length_mean:199.0000	test_red_team_alives_mean: 20.0000	test_red_team_win_mean:    1.0000
test_return_mean:         -0.0860	test_return_std:           0.0000	
2026-04-11 03:32:27,227 - my_experiment - bat_IQL_RNN_5M_43 - my_run - INFO - t_env: 3950393 / 5050000
2026-04-11 03:32:27,228 - my_experiment - bat_IQL_RNN_5M_43 - my_run - INFO - Estimated time left: 1 hours, 47 minutes, 57 seconds. Time passed: 6 hours, 37 minutes, 8 seconds
2026-04-11 03:37:19,974 - my_experiment - bat_IQL_RNN_5M_43 - my_run - INFO - Recent Stats | t_env:    4000193 | Episode:    20001
blue_team_alives_mean:    12.5080	blue_team_win_mean:        0.0000	ep_length_mean:          200.0000	episode_length_mean:     199.0000
epsilon:                   0.0500	grad_norm:                33.0208	loss:                      1.1308	q_taken_mean:              0.9054
red_team_alives_mean:     19.9960	red_team_win_mean:         1.0000	return_mean:              -0.0603	return_std:                0.4736
target_mean:               0.9100	td_error_abs:              0.5653	test_blue_team_alives_mean: 13.0000	test_blue_team_win_mean:   0.0000
test_ep_length_mean:     200.0000	test_episode_length_mean:199.0000	test_red_team_alives_mean: 20.0000	test_red_team_win_mean:    1.0000
test_return_mean:         -0.1270	test_return_std:           0.0000	
2026-04-11 03:37:21,152 - my_experiment - bat_IQL_RNN_5M_43 - my_run - INFO - t_env: 4000393 / 5050000
2026-04-11 03:37:21,153 - my_experiment - bat_IQL_RNN_5M_43 - my_run - INFO - Estimated time left: 1 hours, 42 minutes, 50 seconds. Time passed: 6 hours, 42 minutes, 2 seconds
2026-04-11 03:37:21,972 - my_experiment - bat_IQL_RNN_5M_43 - my_run - INFO - Saving models to work_dirs/my_experiment/bat_IQL_RNN_5M_43/my_run/20260410_205511/models/4000393
2026-04-11 03:42:13,196 - my_experiment - bat_IQL_RNN_5M_43 - my_run - INFO - Recent Stats | t_env:    4050193 | Episode:    20251
blue_team_alives_mean:    11.8520	blue_team_win_mean:        0.0000	ep_length_mean:          200.0000	episode_length_mean:     199.0000
epsilon:                   0.0500	grad_norm:                29.9575	loss:                      1.1341	q_taken_mean:              0.9110
red_team_alives_mean:     19.9920	red_team_win_mean:         1.0000	return_mean:              -0.0937	return_std:                0.4742
target_mean:               0.9099	td_error_abs:              0.5728	test_blue_team_alives_mean: 12.4000	test_blue_team_win_mean:   0.0000
test_ep_length_mean:     200.0000	test_episode_length_mean:199.0000	test_red_team_alives_mean: 20.0000	test_red_team_win_mean:    1.0000
test_return_mean:          0.2230	test_return_std:           0.0000	
2026-04-11 03:42:14,381 - my_experiment - bat_IQL_RNN_5M_43 - my_run - INFO - t_env: 4050393 / 5050000
2026-04-11 03:42:14,382 - my_experiment - bat_IQL_RNN_5M_43 - my_run - INFO - Estimated time left: 1 hours, 37 minutes, 42 seconds. Time passed: 6 hours, 46 minutes, 55 seconds
2026-04-11 03:47:06,314 - my_experiment - bat_IQL_RNN_5M_43 - my_run - INFO - Recent Stats | t_env:    4100193 | Episode:    20501
blue_team_alives_mean:    11.6800	blue_team_win_mean:        0.0000	ep_length_mean:          200.0000	episode_length_mean:     199.0000
epsilon:                   0.0500	grad_norm:                25.8334	loss:                      1.0929	q_taken_mean:              0.8889
red_team_alives_mean:     19.9960	red_team_win_mean:         1.0000	return_mean:               0.0328	return_std:                0.4912
target_mean:               0.8900	td_error_abs:              0.5547	test_blue_team_alives_mean: 12.4000	test_blue_team_win_mean:   0.0000
test_ep_length_mean:     200.0000	test_episode_length_mean:199.0000	test_red_team_alives_mean: 20.0000	test_red_team_win_mean:    1.0000
test_return_mean:          0.2080	test_return_std:           0.0000	
2026-04-11 03:47:07,494 - my_experiment - bat_IQL_RNN_5M_43 - my_run - INFO - t_env: 4100393 / 5050000
2026-04-11 03:47:07,495 - my_experiment - bat_IQL_RNN_5M_43 - my_run - INFO - Estimated time left: 1 hours, 32 minutes, 46 seconds. Time passed: 6 hours, 51 minutes, 49 seconds
2026-04-11 03:51:58,207 - my_experiment - bat_IQL_RNN_5M_43 - my_run - INFO - Recent Stats | t_env:    4150193 | Episode:    20751
blue_team_alives_mean:    11.1360	blue_team_win_mean:        0.0000	ep_length_mean:          200.0000	episode_length_mean:     199.0000
epsilon:                   0.0500	grad_norm:                37.1479	loss:                      1.1425	q_taken_mean:              0.8897
red_team_alives_mean:     20.0000	red_team_win_mean:         1.0000	return_mean:               0.0546	return_std:                0.4606
target_mean:               0.8882	td_error_abs:              0.5752	test_blue_team_alives_mean: 11.4000	test_blue_team_win_mean:   0.0000
test_ep_length_mean:     200.0000	test_episode_length_mean:199.0000	test_red_team_alives_mean: 20.0000	test_red_team_win_mean:    1.0000
test_return_mean:          0.3870	test_return_std:           0.0000	
2026-04-11 03:51:59,421 - my_experiment - bat_IQL_RNN_5M_43 - my_run - INFO - t_env: 4150393 / 5050000
2026-04-11 03:51:59,421 - my_experiment - bat_IQL_RNN_5M_43 - my_run - INFO - Estimated time left: 1 hours, 27 minutes, 32 seconds. Time passed: 6 hours, 56 minutes, 40 seconds
2026-04-11 03:56:49,969 - my_experiment - bat_IQL_RNN_5M_43 - my_run - INFO - Recent Stats | t_env:    4200193 | Episode:    21001
blue_team_alives_mean:    11.0080	blue_team_win_mean:        0.0000	ep_length_mean:          200.0000	episode_length_mean:     199.0000
epsilon:                   0.0500	grad_norm:                29.0592	loss:                      1.1207	q_taken_mean:              0.8661
red_team_alives_mean:     20.0000	red_team_win_mean:         1.0000	return_mean:              -0.0147	return_std:                0.5424
target_mean:               0.8652	td_error_abs:              0.5537	test_blue_team_alives_mean: 10.6000	test_blue_team_win_mean:   0.0000
test_ep_length_mean:     200.0000	test_episode_length_mean:199.0000	test_red_team_alives_mean: 20.0000	test_red_team_win_mean:    1.0000
test_return_mean:          0.4450	test_return_std:           0.0000	
2026-04-11 03:56:51,149 - my_experiment - bat_IQL_RNN_5M_43 - my_run - INFO - t_env: 4200393 / 5050000
2026-04-11 03:56:51,150 - my_experiment - bat_IQL_RNN_5M_43 - my_run - INFO - Estimated time left: 1 hours, 22 minutes, 37 seconds. Time passed: 7 hours, 1 minutes, 32 seconds
2026-04-11 04:01:42,660 - my_experiment - bat_IQL_RNN_5M_43 - my_run - INFO - Recent Stats | t_env:    4250193 | Episode:    21251
blue_team_alives_mean:    11.0080	blue_team_win_mean:        0.0000	ep_length_mean:          200.0000	episode_length_mean:     199.0000
epsilon:                   0.0500	grad_norm:                38.1517	loss:                      1.0798	q_taken_mean:              0.8520
red_team_alives_mean:     20.0000	red_team_win_mean:         1.0000	return_mean:              -0.1324	return_std:                0.5820
target_mean:               0.8440	td_error_abs:              0.5709	test_blue_team_alives_mean: 10.0000	test_blue_team_win_mean:   0.0000
test_ep_length_mean:     200.0000	test_episode_length_mean:199.0000	test_red_team_alives_mean: 20.0000	test_red_team_win_mean:    1.0000
test_return_mean:          0.5890	test_return_std:           0.0000	
2026-04-11 04:01:43,821 - my_experiment - bat_IQL_RNN_5M_43 - my_run - INFO - t_env: 4250393 / 5050000
2026-04-11 04:01:43,821 - my_experiment - bat_IQL_RNN_5M_43 - my_run - INFO - Estimated time left: 1 hours, 18 minutes, 0 seconds. Time passed: 7 hours, 6 minutes, 25 seconds
2026-04-11 04:06:35,496 - my_experiment - bat_IQL_RNN_5M_43 - my_run - INFO - Recent Stats | t_env:    4300193 | Episode:    21501
blue_team_alives_mean:    11.2280	blue_team_win_mean:        0.0000	ep_length_mean:          200.0000	episode_length_mean:     199.0000
epsilon:                   0.0500	grad_norm:                16.8588	loss:                      1.0368	q_taken_mean:              0.8403
red_team_alives_mean:     19.9800	red_team_win_mean:         1.0000	return_mean:              -0.1346	return_std:                0.5351
target_mean:               0.8382	td_error_abs:              0.5064	test_blue_team_alives_mean: 10.2000	test_blue_team_win_mean:   0.0000
test_ep_length_mean:     200.0000	test_episode_length_mean:199.0000	test_red_team_alives_mean: 20.0000	test_red_team_win_mean:    1.0000
test_return_mean:          0.5320	test_return_std:           0.0000	
2026-04-11 04:06:36,667 - my_experiment - bat_IQL_RNN_5M_43 - my_run - INFO - t_env: 4300393 / 5050000
2026-04-11 04:06:36,668 - my_experiment - bat_IQL_RNN_5M_43 - my_run - INFO - Estimated time left: 1 hours, 13 minutes, 10 seconds. Time passed: 7 hours, 11 minutes, 18 seconds
2026-04-11 04:11:28,946 - my_experiment - bat_IQL_RNN_5M_43 - my_run - INFO - Recent Stats | t_env:    4350193 | Episode:    21751
blue_team_alives_mean:    11.4880	blue_team_win_mean:        0.0000	ep_length_mean:          200.0000	episode_length_mean:     199.0000
epsilon:                   0.0500	grad_norm:                13.0682	loss:                      0.9881	q_taken_mean:              0.8283
red_team_alives_mean:     19.9840	red_team_win_mean:         1.0000	return_mean:              -0.2778	return_std:                0.5591
target_mean:               0.8288	td_error_abs:              0.4888	test_blue_team_alives_mean: 11.0000	test_blue_team_win_mean:   0.0000
test_ep_length_mean:     200.0000	test_episode_length_mean:199.0000	test_red_team_alives_mean: 20.0000	test_red_team_win_mean:    1.0000
test_return_mean:          0.2500	test_return_std:           0.0000	
2026-04-11 04:11:30,105 - my_experiment - bat_IQL_RNN_5M_43 - my_run - INFO - t_env: 4350393 / 5050000
2026-04-11 04:11:30,106 - my_experiment - bat_IQL_RNN_5M_43 - my_run - INFO - Estimated time left: 1 hours, 8 minutes, 25 seconds. Time passed: 7 hours, 16 minutes, 11 seconds
2026-04-11 04:16:22,927 - my_experiment - bat_IQL_RNN_5M_43 - my_run - INFO - Recent Stats | t_env:    4400193 | Episode:    22001
blue_team_alives_mean:    11.5160	blue_team_win_mean:        0.0000	ep_length_mean:          200.0000	episode_length_mean:     199.0000
epsilon:                   0.0500	grad_norm:                45.3730	loss:                      1.1405	q_taken_mean:              0.8395
red_team_alives_mean:     20.0000	red_team_win_mean:         1.0000	return_mean:              -0.1654	return_std:                0.6199
target_mean:               0.8341	td_error_abs:              0.5925	test_blue_team_alives_mean: 11.2000	test_blue_team_win_mean:   0.0000
test_ep_length_mean:     200.0000	test_episode_length_mean:199.0000	test_red_team_alives_mean: 20.0000	test_red_team_win_mean:    1.0000
test_return_mean:          0.0560	test_return_std:           0.0000	
2026-04-11 04:16:24,082 - my_experiment - bat_IQL_RNN_5M_43 - my_run - INFO - t_env: 4400393 / 5050000
2026-04-11 04:16:24,083 - my_experiment - bat_IQL_RNN_5M_43 - my_run - INFO - Estimated time left: 1 hours, 3 minutes, 39 seconds. Time passed: 7 hours, 21 minutes, 5 seconds
2026-04-11 04:21:15,465 - my_experiment - bat_IQL_RNN_5M_43 - my_run - INFO - Recent Stats | t_env:    4450193 | Episode:    22251
blue_team_alives_mean:    11.3320	blue_team_win_mean:        0.0000	ep_length_mean:          200.0000	episode_length_mean:     199.0000
epsilon:                   0.0500	grad_norm:                24.3097	loss:                      1.0990	q_taken_mean:              0.8142
red_team_alives_mean:     19.9920	red_team_win_mean:         1.0000	return_mean:              -0.1549	return_std:                0.5982
target_mean:               0.8140	td_error_abs:              0.5258	test_blue_team_alives_mean: 12.0000	test_blue_team_win_mean:   0.0000
test_ep_length_mean:     200.0000	test_episode_length_mean:199.0000	test_red_team_alives_mean: 20.0000	test_red_team_win_mean:    1.0000
test_return_mean:         -0.0760	test_return_std:           0.0000	
2026-04-11 04:21:16,634 - my_experiment - bat_IQL_RNN_5M_43 - my_run - INFO - t_env: 4450393 / 5050000
2026-04-11 04:21:16,635 - my_experiment - bat_IQL_RNN_5M_43 - my_run - INFO - Estimated time left: 58 minutes, 28 seconds. Time passed: 7 hours, 25 minutes, 58 seconds
2026-04-11 04:26:10,132 - my_experiment - bat_IQL_RNN_5M_43 - my_run - INFO - Recent Stats | t_env:    4500193 | Episode:    22501
blue_team_alives_mean:    11.6680	blue_team_win_mean:        0.0000	ep_length_mean:          200.0000	episode_length_mean:     199.0000
epsilon:                   0.0500	grad_norm:                14.8281	loss:                      1.0278	q_taken_mean:              0.7936
red_team_alives_mean:     19.9720	red_team_win_mean:         1.0000	return_mean:              -0.1220	return_std:                0.5791
target_mean:               0.7940	td_error_abs:              0.4866	test_blue_team_alives_mean: 13.4000	test_blue_team_win_mean:   0.0000
test_ep_length_mean:     200.0000	test_episode_length_mean:199.0000	test_red_team_alives_mean: 20.0000	test_red_team_win_mean:    1.0000
test_return_mean:         -0.3630	test_return_std:           0.0000	
2026-04-11 04:26:11,302 - my_experiment - bat_IQL_RNN_5M_43 - my_run - INFO - t_env: 4500393 / 5050000
2026-04-11 04:26:11,303 - my_experiment - bat_IQL_RNN_5M_43 - my_run - INFO - Estimated time left: 53 minutes, 59 seconds. Time passed: 7 hours, 30 minutes, 52 seconds
2026-04-11 04:26:12,158 - my_experiment - bat_IQL_RNN_5M_43 - my_run - INFO - Saving models to work_dirs/my_experiment/bat_IQL_RNN_5M_43/my_run/20260410_205511/models/4500393
2026-04-11 04:31:03,866 - my_experiment - bat_IQL_RNN_5M_43 - my_run - INFO - Recent Stats | t_env:    4550193 | Episode:    22751
blue_team_alives_mean:    11.9720	blue_team_win_mean:        0.0000	ep_length_mean:          200.0000	episode_length_mean:     199.0000
epsilon:                   0.0500	grad_norm:                17.2555	loss:                      1.0028	q_taken_mean:              0.7909
red_team_alives_mean:     19.9800	red_team_win_mean:         1.0000	return_mean:              -0.2592	return_std:                0.5780
target_mean:               0.7895	td_error_abs:              0.4974	test_blue_team_alives_mean: 14.0000	test_blue_team_win_mean:   0.0000
test_ep_length_mean:     200.0000	test_episode_length_mean:199.0000	test_red_team_alives_mean: 20.0000	test_red_team_win_mean:    1.0000
test_return_mean:         -0.4700	test_return_std:           0.0000	
2026-04-11 04:31:05,073 - my_experiment - bat_IQL_RNN_5M_43 - my_run - INFO - t_env: 4550393 / 5050000
2026-04-11 04:31:05,073 - my_experiment - bat_IQL_RNN_5M_43 - my_run - INFO - Estimated time left: 48 minutes, 55 seconds. Time passed: 7 hours, 35 minutes, 46 seconds
2026-04-11 04:35:57,775 - my_experiment - bat_IQL_RNN_5M_43 - my_run - INFO - Recent Stats | t_env:    4600193 | Episode:    23001
blue_team_alives_mean:    12.3560	blue_team_win_mean:        0.0000	ep_length_mean:          200.0000	episode_length_mean:     199.0000
epsilon:                   0.0500	grad_norm:                27.5679	loss:                      1.0344	q_taken_mean:              0.7706
red_team_alives_mean:     20.0000	red_team_win_mean:         1.0000	return_mean:              -0.2013	return_std:                0.5739
target_mean:               0.7706	td_error_abs:              0.5192	test_blue_team_alives_mean: 14.4000	test_blue_team_win_mean:   0.0000
test_ep_length_mean:     200.0000	test_episode_length_mean:199.0000	test_red_team_alives_mean: 20.0000	test_red_team_win_mean:    1.0000
test_return_mean:         -0.4220	test_return_std:           0.0000	
2026-04-11 04:35:58,938 - my_experiment - bat_IQL_RNN_5M_43 - my_run - INFO - t_env: 4600393 / 5050000
2026-04-11 04:35:58,939 - my_experiment - bat_IQL_RNN_5M_43 - my_run - INFO - Estimated time left: 44 minutes, 2 seconds. Time passed: 7 hours, 40 minutes, 40 seconds
2026-04-11 04:40:50,970 - my_experiment - bat_IQL_RNN_5M_43 - my_run - INFO - Recent Stats | t_env:    4650193 | Episode:    23251
blue_team_alives_mean:    11.9800	blue_team_win_mean:        0.0000	ep_length_mean:          200.0000	episode_length_mean:     199.0000
epsilon:                   0.0500	grad_norm:                14.1570	loss:                      0.9973	q_taken_mean:              0.7661
red_team_alives_mean:     19.9840	red_team_win_mean:         1.0000	return_mean:              -0.1591	return_std:                0.5137
target_mean:               0.7621	td_error_abs:              0.4956	test_blue_team_alives_mean: 14.2000	test_blue_team_win_mean:   0.0000
test_ep_length_mean:     200.0000	test_episode_length_mean:199.0000	test_red_team_alives_mean: 20.0000	test_red_team_win_mean:    1.0000
test_return_mean:         -0.2620	test_return_std:           0.0000	
2026-04-11 04:40:52,123 - my_experiment - bat_IQL_RNN_5M_43 - my_run - INFO - t_env: 4650393 / 5050000
2026-04-11 04:40:52,124 - my_experiment - bat_IQL_RNN_5M_43 - my_run - INFO - Estimated time left: 39 minutes, 3 seconds. Time passed: 7 hours, 45 minutes, 33 seconds
2026-04-11 04:45:44,426 - my_experiment - bat_IQL_RNN_5M_43 - my_run - INFO - Recent Stats | t_env:    4700193 | Episode:    23501
blue_team_alives_mean:    11.7320	blue_team_win_mean:        0.0000	ep_length_mean:          200.0000	episode_length_mean:     199.0000
epsilon:                   0.0500	grad_norm:                15.7855	loss:                      0.9874	q_taken_mean:              0.7517
red_team_alives_mean:     19.9880	red_team_win_mean:         1.0000	return_mean:              -0.1751	return_std:                0.5076
target_mean:               0.7473	td_error_abs:              0.4917	test_blue_team_alives_mean: 13.6000	test_blue_team_win_mean:   0.0000
test_ep_length_mean:     200.0000	test_episode_length_mean:199.0000	test_red_team_alives_mean: 19.8000	test_red_team_win_mean:    1.0000
test_return_mean:         -0.1265	test_return_std:           0.0000	
2026-04-11 04:45:45,603 - my_experiment - bat_IQL_RNN_5M_43 - my_run - INFO - t_env: 4700393 / 5050000
2026-04-11 04:45:45,604 - my_experiment - bat_IQL_RNN_5M_43 - my_run - INFO - Estimated time left: 34 minutes, 12 seconds. Time passed: 7 hours, 50 minutes, 27 seconds
2026-04-11 04:50:38,155 - my_experiment - bat_IQL_RNN_5M_43 - my_run - INFO - Recent Stats | t_env:    4750193 | Episode:    23751
blue_team_alives_mean:    11.7480	blue_team_win_mean:        0.0000	ep_length_mean:          200.0000	episode_length_mean:     199.0000
epsilon:                   0.0500	grad_norm:                 5.9683	loss:                      0.9766	q_taken_mean:              0.7301
red_team_alives_mean:     19.9840	red_team_win_mean:         1.0000	return_mean:              -0.1402	return_std:                0.5589
target_mean:               0.7288	td_error_abs:              0.4456	test_blue_team_alives_mean: 12.6000	test_blue_team_win_mean:   0.0000
test_ep_length_mean:     200.0000	test_episode_length_mean:199.0000	test_red_team_alives_mean: 19.8000	test_red_team_win_mean:    1.0000
test_return_mean:          0.1715	test_return_std:           0.0000	
2026-04-11 04:50:39,351 - my_experiment - bat_IQL_RNN_5M_43 - my_run - INFO - t_env: 4750393 / 5050000
2026-04-11 04:50:39,352 - my_experiment - bat_IQL_RNN_5M_43 - my_run - INFO - Estimated time left: 29 minutes, 20 seconds. Time passed: 7 hours, 55 minutes, 20 seconds
2026-04-11 04:55:32,286 - my_experiment - bat_IQL_RNN_5M_43 - my_run - INFO - Recent Stats | t_env:    4800193 | Episode:    24001
blue_team_alives_mean:    11.6440	blue_team_win_mean:        0.0000	ep_length_mean:          200.0000	episode_length_mean:     199.0000
epsilon:                   0.0500	grad_norm:                15.9870	loss:                      0.9961	q_taken_mean:              0.7142
red_team_alives_mean:     19.9880	red_team_win_mean:         1.0000	return_mean:              -0.2909	return_std:                0.6499
target_mean:               0.7137	td_error_abs:              0.4746	test_blue_team_alives_mean: 12.2000	test_blue_team_win_mean:   0.0000
test_ep_length_mean:     200.0000	test_episode_length_mean:199.0000	test_red_team_alives_mean: 19.8000	test_red_team_win_mean:    1.0000
test_return_mean:         -0.1595	test_return_std:           0.0000	
2026-04-11 04:55:33,453 - my_experiment - bat_IQL_RNN_5M_43 - my_run - INFO - t_env: 4800393 / 5050000
2026-04-11 04:55:33,454 - my_experiment - bat_IQL_RNN_5M_43 - my_run - INFO - Estimated time left: 24 minutes, 28 seconds. Time passed: 8 hours, 14 seconds
2026-04-11 05:00:25,622 - my_experiment - bat_IQL_RNN_5M_43 - my_run - INFO - Recent Stats | t_env:    4850193 | Episode:    24251
blue_team_alives_mean:    11.7520	blue_team_win_mean:        0.0000	ep_length_mean:          200.0000	episode_length_mean:     199.0000
epsilon:                   0.0500	grad_norm:                 6.1044	loss:                      0.9571	q_taken_mean:              0.7001
red_team_alives_mean:     19.9840	red_team_win_mean:         1.0000	return_mean:              -0.1935	return_std:                0.5964
target_mean:               0.6988	td_error_abs:              0.4490	test_blue_team_alives_mean: 11.8000	test_blue_team_win_mean:   0.0000
test_ep_length_mean:     200.0000	test_episode_length_mean:199.0000	test_red_team_alives_mean: 19.8000	test_red_team_win_mean:    1.0000
test_return_mean:         -0.1865	test_return_std:           0.0000	
2026-04-11 05:00:26,807 - my_experiment - bat_IQL_RNN_5M_43 - my_run - INFO - t_env: 4850393 / 5050000
2026-04-11 05:00:26,807 - my_experiment - bat_IQL_RNN_5M_43 - my_run - INFO - Estimated time left: 19 minutes, 31 seconds. Time passed: 8 hours, 5 minutes, 8 seconds
2026-04-11 05:05:20,329 - my_experiment - bat_IQL_RNN_5M_43 - my_run - INFO - Recent Stats | t_env:    4900193 | Episode:    24501
blue_team_alives_mean:    12.1920	blue_team_win_mean:        0.0000	ep_length_mean:          200.0000	episode_length_mean:     199.0000
epsilon:                   0.0500	grad_norm:                 5.8168	loss:                      0.9538	q_taken_mean:              0.6863
red_team_alives_mean:     19.9760	red_team_win_mean:         1.0000	return_mean:              -0.3832	return_std:                0.6008
target_mean:               0.6858	td_error_abs:              0.4354	test_blue_team_alives_mean: 12.0000	test_blue_team_win_mean:   0.0000
test_ep_length_mean:     200.0000	test_episode_length_mean:199.0000	test_red_team_alives_mean: 19.8000	test_red_team_win_mean:    1.0000
test_return_mean:         -0.3235	test_return_std:           0.0000	
2026-04-11 05:05:21,639 - my_experiment - bat_IQL_RNN_5M_43 - my_run - INFO - t_env: 4900393 / 5050000
2026-04-11 05:05:21,639 - my_experiment - bat_IQL_RNN_5M_43 - my_run - INFO - Estimated time left: 14 minutes, 42 seconds. Time passed: 8 hours, 10 minutes, 3 seconds
2026-04-11 05:10:15,392 - my_experiment - bat_IQL_RNN_5M_43 - my_run - INFO - Recent Stats | t_env:    4950193 | Episode:    24751
blue_team_alives_mean:    12.1120	blue_team_win_mean:        0.0000	ep_length_mean:          200.0000	episode_length_mean:     199.0000
epsilon:                   0.0500	grad_norm:                 3.1583	loss:                      0.9405	q_taken_mean:              0.6750
red_team_alives_mean:     19.9840	red_team_win_mean:         0.9960	return_mean:              -0.3029	return_std:                0.6481
target_mean:               0.6747	td_error_abs:              0.4284	test_blue_team_alives_mean: 13.0000	test_blue_team_win_mean:   0.0000
test_ep_length_mean:     200.0000	test_episode_length_mean:199.0000	test_red_team_alives_mean: 20.0000	test_red_team_win_mean:    1.0000
test_return_mean:         -0.5560	test_return_std:           0.0000	
2026-04-11 05:10:16,566 - my_experiment - bat_IQL_RNN_5M_43 - my_run - INFO - t_env: 4950393 / 5050000
2026-04-11 05:10:16,567 - my_experiment - bat_IQL_RNN_5M_43 - my_run - INFO - Estimated time left: 9 minutes, 47 seconds. Time passed: 8 hours, 14 minutes, 58 seconds
2026-04-11 05:15:07,728 - my_experiment - bat_IQL_RNN_5M_43 - my_run - INFO - Recent Stats | t_env:    5000193 | Episode:    25001
blue_team_alives_mean:    11.6360	blue_team_win_mean:        0.0000	ep_length_mean:          200.0000	episode_length_mean:     199.0000
epsilon:                   0.0500	grad_norm:                 7.9565	loss:                      0.9885	q_taken_mean:              0.6661
red_team_alives_mean:     19.9840	red_team_win_mean:         0.9920	return_mean:              -0.2835	return_std:                0.6303
target_mean:               0.6667	td_error_abs:              0.4539	test_blue_team_alives_mean: 13.2000	test_blue_team_win_mean:   0.0000
test_ep_length_mean:     200.0000	test_episode_length_mean:199.0000	test_red_team_alives_mean: 20.0000	test_red_team_win_mean:    1.0000
test_return_mean:         -0.7200	test_return_std:           0.0000	
2026-04-11 05:15:08,924 - my_experiment - bat_IQL_RNN_5M_43 - my_run - INFO - t_env: 5000393 / 5050000
2026-04-11 05:15:08,925 - my_experiment - bat_IQL_RNN_5M_43 - my_run - INFO - Estimated time left: 4 minutes, 50 seconds. Time passed: 8 hours, 19 minutes, 50 seconds
2026-04-11 05:15:09,761 - my_experiment - bat_IQL_RNN_5M_43 - my_run - INFO - Saving models to work_dirs/my_experiment/bat_IQL_RNN_5M_43/my_run/20260410_205511/models/5000393
2026-04-11 05:19:58,787 - my_experiment - bat_IQL_RNN_5M_43 - my_run - INFO - Recent Stats | t_env:    5050193 | Episode:    25251
blue_team_alives_mean:    11.1920	blue_team_win_mean:        0.0000	ep_length_mean:          200.0000	episode_length_mean:     199.0000
epsilon:                   0.0500	grad_norm:                 4.5078	loss:                      0.9597	q_taken_mean:              0.6533
red_team_alives_mean:     19.9960	red_team_win_mean:         1.0000	return_mean:              -0.3046	return_std:                0.6181
target_mean:               0.6518	td_error_abs:              0.4379	test_blue_team_alives_mean: 13.0000	test_blue_team_win_mean:   0.0000
test_ep_length_mean:     200.0000	test_episode_length_mean:199.0000	test_red_team_alives_mean: 20.0000	test_red_team_win_mean:    1.0000
test_return_mean:         -0.2820	test_return_std:           0.0000	
2026-04-11 05:19:58,788 - my_experiment - bat_IQL_RNN_5M_43 - my_run - INFO - Finished Training
