Gym has been unmaintained since 2022 and does not support NumPy 2.0 amongst other critical functionality.
Please upgrade to Gymnasium, the maintained drop-in replacement of Gym, or contact the authors of your software and request that they upgrade.
Users of this version of Gym should be able to simply replace 'import gym' with 'import gymnasium as gym' in the vast majority of cases.
See the migration guide at https://gymnasium.farama.org/introduction/migration_guide/ for additional information.
src/main.py:81: DeprecationWarning: Using or importing the ABCs from 'collections' instead of from 'collections.abc' is deprecated since Python 3.3, and in 3.10 it will stop working
  if isinstance(v, collections.Mapping):
wandb: [wandb.login()] Loaded credentials for https://api.wandb.ai from /home/pparsons/.netrc.
wandb: Currently logged in as: peterparsons02 (peterparsons02-eth-z-rich) to https://api.wandb.ai. Use `wandb login --relogin` to force relogin
wandb: setting up run yn51vr4z
wandb: Tracking run with wandb version 0.24.1
wandb: Run data is saved locally in /usr/itetnas04/data-scratch-01/pparsons/data/MyExpoComm/wandb/run-20260723_170447-yn51vr4z
wandb: Run `wandb offline` to turn off syncing.
wandb: Syncing run my_run-bat_mm_EC_42-20260723_170444
wandb: ⭐️ View project at https://wandb.ai/peterparsons02-eth-z-rich/my_experiment
wandb: 🚀 View run at https://wandb.ai/peterparsons02-eth-z-rich/my_experiment/runs/yn51vr4z
2026-07-23 17:04:55,459 - my_experiment - bat_mm_EC_42 - my_run - INFO - Current directory: /usr/itetnas04/data-scratch-01/pparsons/data/MyExpoComm.
2026-07-23 17:04:55,460 - my_experiment - bat_mm_EC_42 - my_run - INFO - Experiment Parameters:
2026-07-23 17:04:55,461 - my_experiment - bat_mm_EC_42 - my_run - INFO - 

{   'action_selector': 'epsilon_greedy',
    'add_value_last_step': True,
    'agent': 'ExpoComm_one_peer_cont',
    'agent_output_type': 'q',
    'aux_coef': 0.1,
    'batch_size': 32,
    'batch_size_run': 1,
    'buffer_cpu_only': True,
    'buffer_size': 2000,
    'checkpoint_path': '',
    'double_q': True,
    'env': 'MAgent_Battle',
    'env_args': {   'global_reward': True,
                    'map_name': 'battle_view7',
                    'map_size': 25,
                    'max_cycles': 200,
                    'minimap_mode': True,
                    'pretrained_ckpt': None,
                    'seed': 42},
    'epsilon_anneal_time': 1000000,
    'epsilon_finish': 0.05,
    'epsilon_start': 1.0,
    'evaluate': False,
    'evaluation_epsilon': 0.0,
    'exp_name': 'my_experiment',
    'gamma': 0.99,
    'global_reward': True,
    'grad_norm_clip': 10,
    'hidden_dim': 64,
    'hypergroup': None,
    'hypernet_embed': 64,
    'hypernet_layers': 2,
    'label': 'default_label',
    'learner': 'cont_q_learner',
    'learner_log_interval': 10000,
    'load_step': 0,
    'local_results_path': 'results',
    'log_interval': 50000,
    'lr': 0.0005,
    'mac': 'ExpoComm_mac',
    'mixer': 'qmix',
    'mixing_embed_dim': 64,
    'name': 'bat_mm_EC_42',
    'neg_num': 20,
    'obs_agent_id': True,
    'obs_individual_obs': False,
    'obs_last_action': True,
    'one_peer': True,
    'optim_alpha': 0.99,
    'optim_eps': 1e-05,
    'pos_flag': False,
    'render': False,
    'repeat_id': 1,
    'run_name': 'my_run',
    'runner': 'episode',
    'runner_log_interval': 10000,
    'save_model': True,
    'save_model_interval': 500000,
    'save_replay': False,
    'seed': 42,
    'standardise_returns': False,
    'standardise_rewards': True,
    't_max': 5050000,
    'target_update_interval_or_tau': 200,
    'temperature': 0.07,
    'test_greedy': True,
    'test_interval': 50000,
    'test_nepisode': 1,
    'topk_neighbors': 7,
    'use_cuda': True,
    'use_rnn': True,
    'use_tensorboard': True,
    'work_dir': 'work_dirs/my_experiment/bat_mm_EC_42/my_run/20260723_170444'}

/usr/itetnas04/data-scratch-01/pparsons/data/conda_envs/ExpoComm/lib/python3.8/site-packages/pettingzoo/utils/conversions.py:41: UserWarning: The `from_parallel` function is deprecated. Use the `parallel_to_aec` function instead.
  warnings.warn("The `from_parallel` function is deprecated. Use the `parallel_to_aec` function instead.")
/usr/itetnas04/data-scratch-01/pparsons/data/conda_envs/ExpoComm/lib/python3.8/site-packages/pettingzoo/utils/wrappers/base.py:44: UserWarning: The `observation_spaces` dictionary is deprecated. Use the `observation_space` function instead.
  warnings.warn("The `observation_spaces` dictionary is deprecated. Use the `observation_space` function instead.")
/usr/itetnas04/data-scratch-01/pparsons/data/conda_envs/ExpoComm/lib/python3.8/site-packages/pettingzoo/utils/conversions.py:36: UserWarning: The `to_parallel` function is deprecated. Use the `aec_to_parallel` function instead.
  warnings.warn("The `to_parallel` function is deprecated. Use the `aec_to_parallel` function instead.")
/usr/itetnas04/data-scratch-01/pparsons/data/conda_envs/ExpoComm/lib/python3.8/site-packages/pettingzoo/utils/conversions.py:80: UserWarning: The `action_spaces` dictionary is deprecated. Use the `action_space` function instead.
  warnings.warn("The `action_spaces` dictionary is deprecated. Use the `action_space` function instead.")
/usr/itetnas04/data-scratch-01/pparsons/data/conda_envs/ExpoComm/lib/python3.8/site-packages/pettingzoo/utils/wrappers/base.py:52: UserWarning: The `action_spaces` dictionary is deprecated. Use the `action_space` function instead.
  warnings.warn("The `action_spaces` dictionary is deprecated. Use the `action_space` function instead.")
/usr/itetnas04/data-scratch-01/pparsons/data/conda_envs/ExpoComm/lib/python3.8/site-packages/pettingzoo/utils/conversions.py:72: UserWarning: The `observation_spaces` dictionary is deprecated. Use the `observation_space` function instead.
  warnings.warn("The `observation_spaces` dictionary is deprecated. Use the `observation_space` function instead.")
2026-07-23 17:05:14,178 - my_experiment - bat_mm_EC_42 - my_run - INFO - Beginning training for 5050000 timesteps
/usr/itetnas04/data-scratch-01/pparsons/data/MyExpoComm/src/envs/battle_wrappers.py:258: UserWarning: To copy construct from a tensor, it is recommended to use sourceTensor.clone().detach() or sourceTensor.clone().detach().requires_grad_(True), rather than torch.tensor(sourceTensor).
  actions = torch.tensor(actions, dtype=torch.long)
2026-07-23 17:05:25,829 - my_experiment - bat_mm_EC_42 - my_run - INFO - t_env: 200 / 5050000
2026-07-23 17:05:25,829 - my_experiment - bat_mm_EC_42 - my_run - INFO - Estimated time left: 19 minutes, 32 seconds. Time passed: 11 seconds
2026-07-23 17:05:26,618 - my_experiment - bat_mm_EC_42 - my_run - INFO - Saving models to work_dirs/my_experiment/bat_mm_EC_42/my_run/20260723_170444/models/200
2026-07-23 17:11:31,825 - my_experiment - bat_mm_EC_42 - my_run - INFO - Recent Stats | t_env:      50000 | Episode:      250
blue_team_alives_mean:    20.0000	blue_team_win_mean:        0.0000	ep_length_mean:          200.0000	episode_length_mean:     199.0000
epsilon:                   0.9620	grad_norm:               4706.3909	info_nce_loss:             2.7595	loss:                    1391.5366
q_loss:                  1265.0333	q_taken_mean:              0.0412	red_team_alives_mean:     20.0000	red_team_win_mean:         0.0000
return_mean:              -8.4387	return_std:                0.1417	target_mean:               0.7971	td_error_abs:             20.8063
test_blue_team_alives_mean: 20.0000	test_blue_team_win_mean:   0.0000	test_ep_length_mean:     200.0000	test_episode_length_mean:199.0000
test_red_team_alives_mean: 20.0000	test_red_team_win_mean:    0.0000	test_return_mean:         -3.8500	test_return_std:           0.0000

2026-07-23 17:11:33,393 - my_experiment - bat_mm_EC_42 - my_run - INFO - t_env: 50200 / 5050000
2026-07-23 17:11:33,394 - my_experiment - bat_mm_EC_42 - my_run - INFO - Estimated time left: 10 hours, 12 minutes, 34 seconds. Time passed: 6 minutes, 19 seconds
2026-07-23 17:17:56,711 - my_experiment - bat_mm_EC_42 - my_run - INFO - Recent Stats | t_env:     100000 | Episode:      500
blue_team_alives_mean:    19.9320	blue_team_win_mean:        0.0000	ep_length_mean:          200.0000	episode_length_mean:     199.0000
epsilon:                   0.9145	grad_norm:               7553.3509	info_nce_loss:             2.9308	loss:                    1212.9711
q_loss:                  1102.7010	q_taken_mean:              4.3582	red_team_alives_mean:     20.0000	red_team_win_mean:         0.0560
return_mean:              -8.0132	return_std:                0.2344	target_mean:               5.0779	td_error_abs:             17.8378
test_blue_team_alives_mean: 20.0000	test_blue_team_win_mean:   0.0000	test_ep_length_mean:     200.0000	test_episode_length_mean:199.0000
test_red_team_alives_mean: 20.0000	test_red_team_win_mean:    0.0000	test_return_mean:         -2.4250	test_return_std:           0.0000

2026-07-23 17:17:58,242 - my_experiment - bat_mm_EC_42 - my_run - INFO - t_env: 100200 / 5050000
2026-07-23 17:17:58,243 - my_experiment - bat_mm_EC_42 - my_run - INFO - Estimated time left: 10 hours, 34 minutes, 58 seconds. Time passed: 12 minutes, 44 seconds
2026-07-23 17:24:22,906 - my_experiment - bat_mm_EC_42 - my_run - INFO - Recent Stats | t_env:     150000 | Episode:      750
blue_team_alives_mean:    18.9960	blue_team_win_mean:        0.0000	ep_length_mean:          200.0000	episode_length_mean:     199.0000
epsilon:                   0.8670	grad_norm:               10305.4349	info_nce_loss:             2.2770	loss:                    1631.3725
q_loss:                  1483.0659	q_taken_mean:              8.3057	red_team_alives_mean:     20.0000	red_team_win_mean:         0.4000
return_mean:              -7.2044	return_std:                0.5781	target_mean:               9.0027	td_error_abs:             20.0206
test_blue_team_alives_mean: 20.0000	test_blue_team_win_mean:   0.0000	test_ep_length_mean:     200.0000	test_episode_length_mean:199.0000
test_red_team_alives_mean: 20.0000	test_red_team_win_mean:    0.0000	test_return_mean:         -1.9500	test_return_std:           0.0000

2026-07-23 17:24:24,556 - my_experiment - bat_mm_EC_42 - my_run - INFO - t_env: 150200 / 5050000
2026-07-23 17:24:24,557 - my_experiment - bat_mm_EC_42 - my_run - INFO - Estimated time left: 10 hours, 30 minutes, 57 seconds. Time passed: 19 minutes, 10 seconds
2026-07-23 17:30:42,787 - my_experiment - bat_mm_EC_42 - my_run - INFO - Recent Stats | t_env:     200000 | Episode:     1000
blue_team_alives_mean:    15.9560	blue_team_win_mean:        0.0000	ep_length_mean:          200.0000	episode_length_mean:     199.0000
epsilon:                   0.8195	grad_norm:               17800.8083	info_nce_loss:             1.2153	loss:                    2329.5439
q_loss:                  2117.7671	q_taken_mean:             12.4025	red_team_alives_mean:     20.0000	red_team_win_mean:         0.8320
return_mean:              -5.9170	return_std:                0.8068	target_mean:              13.0917	td_error_abs:             25.3139
test_blue_team_alives_mean: 18.0000	test_blue_team_win_mean:   0.0000	test_ep_length_mean:     200.0000	test_episode_length_mean:199.0000
test_red_team_alives_mean: 20.0000	test_red_team_win_mean:    0.2500	test_return_mean:         -1.4638	test_return_std:           0.0000

2026-07-23 17:30:44,300 - my_experiment - bat_mm_EC_42 - my_run - INFO - t_env: 200200 / 5050000
2026-07-23 17:30:44,301 - my_experiment - bat_mm_EC_42 - my_run - INFO - Estimated time left: 10 hours, 13 minutes, 53 seconds. Time passed: 25 minutes, 30 seconds
2026-07-23 17:36:54,279 - my_experiment - bat_mm_EC_42 - my_run - INFO - Recent Stats | t_env:     250000 | Episode:     1250
blue_team_alives_mean:     8.1720	blue_team_win_mean:        0.0000	ep_length_mean:          200.0000	episode_length_mean:     199.0000
epsilon:                   0.7720	grad_norm:               61357.9633	info_nce_loss:             0.6858	loss:                    5331.3089
q_loss:                  4846.6445	q_taken_mean:             17.0265	red_team_alives_mean:     20.0000	red_team_win_mean:         1.0000
return_mean:              -3.4770	return_std:                0.7932	target_mean:              18.5225	td_error_abs:             45.7261
test_blue_team_alives_mean: 15.8000	test_blue_team_win_mean:   0.0000	test_ep_length_mean:     200.0000	test_episode_length_mean:199.0000
test_red_team_alives_mean: 20.0000	test_red_team_win_mean:    0.4000	test_return_mean:         -1.2680	test_return_std:           0.0000

2026-07-23 17:36:55,809 - my_experiment - bat_mm_EC_42 - my_run - INFO - t_env: 250200 / 5050000
2026-07-23 17:36:55,810 - my_experiment - bat_mm_EC_42 - my_run - INFO - Estimated time left: 9 hours, 54 minutes, 23 seconds. Time passed: 31 minutes, 41 seconds
2026-07-23 17:43:16,812 - my_experiment - bat_mm_EC_42 - my_run - INFO - Recent Stats | t_env:     300000 | Episode:     1500
blue_team_alives_mean:     4.1400	blue_team_win_mean:        0.0000	ep_length_mean:          200.0000	episode_length_mean:     199.0000
epsilon:                   0.7245	grad_norm:               71444.0848	info_nce_loss:             0.3460	loss:                    5495.4233
q_loss:                  4995.8392	q_taken_mean:             23.3795	red_team_alives_mean:     20.0000	red_team_win_mean:         1.0000
return_mean:              -2.3748	return_std:                0.4727	target_mean:              24.5126	td_error_abs:             41.2194
test_blue_team_alives_mean: 12.6000	test_blue_team_win_mean:   0.0000	test_ep_length_mean:     200.0000	test_episode_length_mean:199.0000
test_red_team_alives_mean: 20.0000	test_red_team_win_mean:    0.6000	test_return_mean:         -1.7240	test_return_std:           0.0000

2026-07-23 17:43:18,325 - my_experiment - bat_mm_EC_42 - my_run - INFO - t_env: 300200 / 5050000
2026-07-23 17:43:18,326 - my_experiment - bat_mm_EC_42 - my_run - INFO - Estimated time left: 10 hours, 5 minutes, 37 seconds. Time passed: 38 minutes, 4 seconds
2026-07-23 17:49:31,467 - my_experiment - bat_mm_EC_42 - my_run - INFO - Recent Stats | t_env:     350000 | Episode:     1750
blue_team_alives_mean:     3.2560	blue_team_win_mean:        0.0000	ep_length_mean:          200.0000	episode_length_mean:     199.0000
epsilon:                   0.6770	grad_norm:               127992.1164	info_nce_loss:             0.3002	loss:                    6439.2893
q_loss:                  5853.8995	q_taken_mean:             29.4415	red_team_alives_mean:     20.0000	red_team_win_mean:         1.0000
return_mean:              -2.0029	return_std:                0.3907	target_mean:              30.6568	td_error_abs:             48.1419
test_blue_team_alives_mean:  9.2000	test_blue_team_win_mean:   0.0000	test_ep_length_mean:     200.0000	test_episode_length_mean:199.0000
test_red_team_alives_mean: 20.0000	test_red_team_win_mean:    0.8000	test_return_mean:         -2.0450	test_return_std:           0.0000

2026-07-23 17:49:32,973 - my_experiment - bat_mm_EC_42 - my_run - INFO - t_env: 350200 / 5050000
2026-07-23 17:49:32,974 - my_experiment - bat_mm_EC_42 - my_run - INFO - Estimated time left: 9 hours, 46 minutes, 55 seconds. Time passed: 44 minutes, 18 seconds
2026-07-23 17:55:49,599 - my_experiment - bat_mm_EC_42 - my_run - INFO - Recent Stats | t_env:     400085 | Episode:     2001
blue_team_alives_mean:     2.8965	blue_team_win_mean:        0.0000	ep_length_mean:          199.5490	episode_length_mean:     198.5490
epsilon:                   0.6292	grad_norm:               153591.8469	info_nce_loss:             0.4992	loss:                    5205.1170
q_loss:                  4731.9246	q_taken_mean:             35.2555	red_team_alives_mean:     20.0000	red_team_win_mean:         1.0000
return_mean:              -1.6502	return_std:                0.4620	target_mean:              35.9885	td_error_abs:             45.2916
test_blue_team_alives_mean:  5.6000	test_blue_team_win_mean:   0.0000	test_ep_length_mean:     200.0000	test_episode_length_mean:199.0000
test_red_team_alives_mean: 20.0000	test_red_team_win_mean:    1.0000	test_return_mean:         -2.3060	test_return_std:           0.0000

2026-07-23 17:55:51,071 - my_experiment - bat_mm_EC_42 - my_run - INFO - t_env: 400285 / 5050000
2026-07-23 17:55:51,072 - my_experiment - bat_mm_EC_42 - my_run - INFO - Estimated time left: 9 hours, 45 minutes, 1 seconds. Time passed: 50 minutes, 36 seconds
2026-07-23 18:02:02,010 - my_experiment - bat_mm_EC_42 - my_run - INFO - Recent Stats | t_env:     450085 | Episode:     2251
blue_team_alives_mean:     2.7320	blue_team_win_mean:        0.0000	ep_length_mean:          200.0000	episode_length_mean:     199.0000
epsilon:                   0.5817	grad_norm:               214608.7578	info_nce_loss:             0.4083	loss:                    7227.5302
q_loss:                  6570.4819	q_taken_mean:             43.8662	red_team_alives_mean:     20.0000	red_team_win_mean:         1.0000
return_mean:              -1.4574	return_std:                0.3459	target_mean:              44.8417	td_error_abs:             55.2261
test_blue_team_alives_mean:  5.4000	test_blue_team_win_mean:   0.0000	test_ep_length_mean:     200.0000	test_episode_length_mean:199.0000
test_red_team_alives_mean: 20.0000	test_red_team_win_mean:    1.0000	test_return_mean:         -3.2060	test_return_std:           0.0000

2026-07-23 18:02:03,635 - my_experiment - bat_mm_EC_42 - my_run - INFO - t_env: 450285 / 5050000
2026-07-23 18:02:03,636 - my_experiment - bat_mm_EC_42 - my_run - INFO - Estimated time left: 9 hours, 31 minutes, 13 seconds. Time passed: 56 minutes, 49 seconds
2026-07-23 18:08:41,701 - my_experiment - bat_mm_EC_42 - my_run - INFO - Recent Stats | t_env:     500199 | Episode:     2502
blue_team_alives_mean:     2.2184	blue_team_win_mean:        0.0000	ep_length_mean:          199.6627	episode_length_mean:     198.6627
epsilon:                   0.5341	grad_norm:               124948.6414	info_nce_loss:             0.2427	loss:                    5100.7207
q_loss:                  4637.0189	q_taken_mean:             51.4920	red_team_alives_mean:     20.0000	red_team_win_mean:         1.0000
return_mean:              -1.3172	return_std:                0.4451	target_mean:              51.4036	td_error_abs:             45.9483
test_blue_team_alives_mean:  5.0000	test_blue_team_win_mean:   0.0000	test_ep_length_mean:     200.0000	test_episode_length_mean:199.0000
test_red_team_alives_mean: 20.0000	test_red_team_win_mean:    1.0000	test_return_mean:         -3.7260	test_return_std:           0.0000

2026-07-23 18:08:43,345 - my_experiment - bat_mm_EC_42 - my_run - INFO - t_env: 500399 / 5050000
2026-07-23 18:08:43,346 - my_experiment - bat_mm_EC_42 - my_run - INFO - Estimated time left: 10 hours, 4 minutes, 47 seconds. Time passed: 1 hours, 3 minutes, 29 seconds
2026-07-23 18:08:44,237 - my_experiment - bat_mm_EC_42 - my_run - INFO - Saving models to work_dirs/my_experiment/bat_mm_EC_42/my_run/20260723_170444/models/500399
2026-07-23 18:14:40,986 - my_experiment - bat_mm_EC_42 - my_run - INFO - Recent Stats | t_env:     550315 | Episode:     2754
blue_team_alives_mean:     2.4929	blue_team_win_mean:        0.0000	ep_length_mean:          198.8863	episode_length_mean:     197.8863
epsilon:                   0.4865	grad_norm:               276673.4969	info_nce_loss:             0.2249	loss:                    5489.0169
q_loss:                  4990.0153	q_taken_mean:             58.9201	red_team_alives_mean:     20.0000	red_team_win_mean:         1.0000
return_mean:              -0.9905	return_std:                0.5316	target_mean:              58.5860	td_error_abs:             48.8990
test_blue_team_alives_mean:  4.8000	test_blue_team_win_mean:   0.0000	test_ep_length_mean:     200.0000	test_episode_length_mean:199.0000
test_red_team_alives_mean: 20.0000	test_red_team_win_mean:    1.0000	test_return_mean:         -2.6950	test_return_std:           0.0000

2026-07-23 18:14:42,478 - my_experiment - bat_mm_EC_42 - my_run - INFO - t_env: 550515 / 5050000
2026-07-23 18:14:42,479 - my_experiment - bat_mm_EC_42 - my_run - INFO - Estimated time left: 8 hours, 57 minutes, 23 seconds. Time passed: 1 hours, 9 minutes, 28 seconds
2026-07-23 18:20:42,498 - my_experiment - bat_mm_EC_42 - my_run - INFO - Recent Stats | t_env:     600463 | Episode:     3005
blue_team_alives_mean:     4.7649	blue_team_win_mean:        0.0000	ep_length_mean:          199.7961	episode_length_mean:     198.7961
epsilon:                   0.4389	grad_norm:               212374.6500	info_nce_loss:             0.2793	loss:                    4946.3732
q_loss:                  4496.7030	q_taken_mean:             64.5658	red_team_alives_mean:     20.0000	red_team_win_mean:         1.0000
return_mean:              -0.7882	return_std:                0.5033	target_mean:              64.7781	td_error_abs:             47.5491
test_blue_team_alives_mean:  4.6000	test_blue_team_win_mean:   0.0000	test_ep_length_mean:     200.0000	test_episode_length_mean:199.0000
test_red_team_alives_mean: 20.0000	test_red_team_win_mean:    1.0000	test_return_mean:         -1.9100	test_return_std:           0.0000

2026-07-23 18:20:44,154 - my_experiment - bat_mm_EC_42 - my_run - INFO - t_env: 600663 / 5050000
2026-07-23 18:20:44,155 - my_experiment - bat_mm_EC_42 - my_run - INFO - Estimated time left: 8 hours, 54 minutes, 49 seconds. Time passed: 1 hours, 15 minutes, 29 seconds
2026-07-23 18:26:52,300 - my_experiment - bat_mm_EC_42 - my_run - INFO - Recent Stats | t_env:     650644 | Episode:     3256
blue_team_alives_mean:     5.5427	blue_team_win_mean:        0.0000	ep_length_mean:          199.9255	episode_length_mean:     198.9255
epsilon:                   0.3912	grad_norm:               214124.9125	info_nce_loss:             0.4056	loss:                    5642.0326
q_loss:                  5129.1206	q_taken_mean:             71.8343	red_team_alives_mean:     20.0000	red_team_win_mean:         1.0000
return_mean:              -1.4310	return_std:                0.6651	target_mean:              72.0053	td_error_abs:             49.8989
test_blue_team_alives_mean:  5.6000	test_blue_team_win_mean:   0.0000	test_ep_length_mean:     200.0000	test_episode_length_mean:199.0000
test_red_team_alives_mean: 20.0000	test_red_team_win_mean:    1.0000	test_return_mean:         -1.1680	test_return_std:           0.0000

2026-07-23 18:26:53,732 - my_experiment - bat_mm_EC_42 - my_run - INFO - t_env: 650844 / 5050000
2026-07-23 18:26:53,733 - my_experiment - bat_mm_EC_42 - my_run - INFO - Estimated time left: 8 hours, 59 minutes, 59 seconds. Time passed: 1 hours, 21 minutes, 39 seconds
2026-07-23 18:33:08,623 - my_experiment - bat_mm_EC_42 - my_run - INFO - Recent Stats | t_env:     700644 | Episode:     3506
blue_team_alives_mean:     7.2560	blue_team_win_mean:        0.0000	ep_length_mean:          200.0000	episode_length_mean:     199.0000
epsilon:                   0.3437	grad_norm:               257448.5500	info_nce_loss:             0.3699	loss:                    4606.6442
q_loss:                  4187.8583	q_taken_mean:             79.7729	red_team_alives_mean:     20.0000	red_team_win_mean:         1.0000
return_mean:              -1.8206	return_std:                0.9518	target_mean:              79.2834	td_error_abs:             45.7117
test_blue_team_alives_mean:  4.0000	test_blue_team_win_mean:   0.0000	test_ep_length_mean:     200.0000	test_episode_length_mean:199.0000
test_red_team_alives_mean: 20.0000	test_red_team_win_mean:    1.0000	test_return_mean:         -0.1750	test_return_std:           0.0000

2026-07-23 18:33:10,084 - my_experiment - bat_mm_EC_42 - my_run - INFO - t_env: 700844 / 5050000
2026-07-23 18:33:10,085 - my_experiment - bat_mm_EC_42 - my_run - INFO - Estimated time left: 9 hours, 5 minutes, 36 seconds. Time passed: 1 hours, 27 minutes, 55 seconds
2026-07-23 18:39:51,515 - my_experiment - bat_mm_EC_42 - my_run - INFO - Recent Stats | t_env:     750644 | Episode:     3756
blue_team_alives_mean:    11.8160	blue_team_win_mean:        0.0000	ep_length_mean:          200.0000	episode_length_mean:     199.0000
epsilon:                   0.2962	grad_norm:               299997.7344	info_nce_loss:             0.3151	loss:                    4964.0175
q_loss:                  4512.7432	q_taken_mean:             93.2867	red_team_alives_mean:     20.0000	red_team_win_mean:         1.0000
return_mean:              -2.6568	return_std:                0.9335	target_mean:              93.1860	td_error_abs:             48.0438
test_blue_team_alives_mean:  5.2000	test_blue_team_win_mean:   0.0000	test_ep_length_mean:     200.0000	test_episode_length_mean:199.0000
test_red_team_alives_mean: 20.0000	test_red_team_win_mean:    1.0000	test_return_mean:         -0.1880	test_return_std:           0.0000

2026-07-23 18:39:53,042 - my_experiment - bat_mm_EC_42 - my_run - INFO - t_env: 750844 / 5050000
2026-07-23 18:39:53,044 - my_experiment - bat_mm_EC_42 - my_run - INFO - Estimated time left: 9 hours, 37 minutes, 27 seconds. Time passed: 1 hours, 34 minutes, 38 seconds
2026-07-23 18:46:40,293 - my_experiment - bat_mm_EC_42 - my_run - INFO - Recent Stats | t_env:     800644 | Episode:     4006
blue_team_alives_mean:    13.5120	blue_team_win_mean:        0.0000	ep_length_mean:          200.0000	episode_length_mean:     199.0000
epsilon:                   0.2487	grad_norm:               437114.9938	info_nce_loss:             0.3242	loss:                    6020.6572
q_loss:                  5473.3247	q_taken_mean:            106.1167	red_team_alives_mean:     20.0000	red_team_win_mean:         0.9960
return_mean:              -2.9134	return_std:                0.9360	target_mean:             106.0805	td_error_abs:             53.0466
test_blue_team_alives_mean:  7.0000	test_blue_team_win_mean:   0.0000	test_ep_length_mean:     200.0000	test_episode_length_mean:199.0000
test_red_team_alives_mean: 20.0000	test_red_team_win_mean:    1.0000	test_return_mean:         -0.6080	test_return_std:           0.0000

2026-07-23 18:46:41,975 - my_experiment - bat_mm_EC_42 - my_run - INFO - t_env: 800844 / 5050000
2026-07-23 18:46:41,977 - my_experiment - bat_mm_EC_42 - my_run - INFO - Estimated time left: 9 hours, 39 minutes, 12 seconds. Time passed: 1 hours, 41 minutes, 27 seconds
2026-07-23 18:53:35,630 - my_experiment - bat_mm_EC_42 - my_run - INFO - Recent Stats | t_env:     850644 | Episode:     4256
blue_team_alives_mean:    14.8800	blue_team_win_mean:        0.0000	ep_length_mean:          200.0000	episode_length_mean:     199.0000
epsilon:                   0.2012	grad_norm:               587086.1562	info_nce_loss:             0.3573	loss:                    5548.5963
q_loss:                  5044.1785	q_taken_mean:            114.1269	red_team_alives_mean:     20.0000	red_team_win_mean:         0.9920
return_mean:              -3.3469	return_std:                0.9141	target_mean:             114.3979	td_error_abs:             50.4500
test_blue_team_alives_mean:  8.8000	test_blue_team_win_mean:   0.0000	test_ep_length_mean:     200.0000	test_episode_length_mean:199.0000
test_red_team_alives_mean: 20.0000	test_red_team_win_mean:    1.0000	test_return_mean:         -1.0500	test_return_std:           0.0000

2026-07-23 18:53:37,337 - my_experiment - bat_mm_EC_42 - my_run - INFO - t_env: 850844 / 5050000
2026-07-23 18:53:37,339 - my_experiment - bat_mm_EC_42 - my_run - INFO - Estimated time left: 9 hours, 41 minutes, 23 seconds. Time passed: 1 hours, 48 minutes, 23 seconds
2026-07-23 19:00:11,658 - my_experiment - bat_mm_EC_42 - my_run - INFO - Recent Stats | t_env:     900644 | Episode:     4506
blue_team_alives_mean:    15.0200	blue_team_win_mean:        0.0000	ep_length_mean:          200.0000	episode_length_mean:     199.0000
epsilon:                   0.1537	grad_norm:               721069.3125	info_nce_loss:             0.1970	loss:                    5926.3883
q_loss:                  5387.6258	q_taken_mean:            124.9383	red_team_alives_mean:     20.0000	red_team_win_mean:         0.9960
return_mean:              -2.8313	return_std:                0.8928	target_mean:             124.3256	td_error_abs:             53.0926
test_blue_team_alives_mean: 10.6000	test_blue_team_win_mean:   0.0000	test_ep_length_mean:     200.0000	test_episode_length_mean:199.0000
test_red_team_alives_mean: 20.0000	test_red_team_win_mean:    1.0000	test_return_mean:         -1.6750	test_return_std:           0.0000

2026-07-23 19:00:13,203 - my_experiment - bat_mm_EC_42 - my_run - INFO - t_env: 900844 / 5050000
2026-07-23 19:00:13,204 - my_experiment - bat_mm_EC_42 - my_run - INFO - Estimated time left: 9 hours, 7 minutes, 30 seconds. Time passed: 1 hours, 54 minutes, 59 seconds
2026-07-23 19:06:31,630 - my_experiment - bat_mm_EC_42 - my_run - INFO - Recent Stats | t_env:     950644 | Episode:     4756
blue_team_alives_mean:    14.1600	blue_team_win_mean:        0.0000	ep_length_mean:          200.0000	episode_length_mean:     199.0000
epsilon:                   0.1062	grad_norm:               1231041.4500	info_nce_loss:             0.3234	loss:                    10110.2206
q_loss:                  9191.1097	q_taken_mean:            135.1446	red_team_alives_mean:     20.0000	red_team_win_mean:         0.9920
return_mean:              -2.5063	return_std:                1.3587	target_mean:             136.2265	td_error_abs:             70.8366
test_blue_team_alives_mean: 13.8000	test_blue_team_win_mean:   0.0000	test_ep_length_mean:     200.0000	test_episode_length_mean:199.0000
test_red_team_alives_mean: 20.0000	test_red_team_win_mean:    1.0000	test_return_mean:         -2.2570	test_return_std:           0.0000

2026-07-23 19:06:33,279 - my_experiment - bat_mm_EC_42 - my_run - INFO - t_env: 950844 / 5050000
2026-07-23 19:06:33,280 - my_experiment - bat_mm_EC_42 - my_run - INFO - Estimated time left: 8 hours, 39 minutes, 19 seconds. Time passed: 2 hours, 1 minutes, 19 seconds
2026-07-23 19:12:47,817 - my_experiment - bat_mm_EC_42 - my_run - INFO - Saving models to work_dirs/my_experiment/bat_mm_EC_42/my_run/20260723_170444/models/1000444
2026-07-23 19:12:49,270 - my_experiment - bat_mm_EC_42 - my_run - INFO - Recent Stats | t_env:    1000644 | Episode:     5006
blue_team_alives_mean:    11.8720	blue_team_win_mean:        0.0000	ep_length_mean:          200.0000	episode_length_mean:     199.0000
epsilon:                   0.0587	grad_norm:               782944.8750	info_nce_loss:             0.4162	loss:                    4454.5301
q_loss:                  4049.5797	q_taken_mean:            136.4453	red_team_alives_mean:     20.0000	red_team_win_mean:         1.0000
return_mean:              -1.3772	return_std:                0.6831	target_mean:             136.4759	td_error_abs:             46.1167
test_blue_team_alives_mean: 14.8000	test_blue_team_win_mean:   0.0000	test_ep_length_mean:     200.0000	test_episode_length_mean:199.0000
test_red_team_alives_mean: 20.0000	test_red_team_win_mean:    1.0000	test_return_mean:         -2.3190	test_return_std:           0.0000

2026-07-23 19:12:50,710 - my_experiment - bat_mm_EC_42 - my_run - INFO - t_env: 1000844 / 5050000
2026-07-23 19:12:50,711 - my_experiment - bat_mm_EC_42 - my_run - INFO - Estimated time left: 8 hours, 29 minutes, 25 seconds. Time passed: 2 hours, 7 minutes, 36 seconds
2026-07-23 19:19:11,403 - my_experiment - bat_mm_EC_42 - my_run - INFO - Recent Stats | t_env:    1050644 | Episode:     5256
blue_team_alives_mean:    11.7880	blue_team_win_mean:        0.0000	ep_length_mean:          200.0000	episode_length_mean:     199.0000
epsilon:                   0.0500	grad_norm:               682535.3375	info_nce_loss:             0.2594	loss:                    3612.1609
q_loss:                  3283.7827	q_taken_mean:            146.9327	red_team_alives_mean:     20.0000	red_team_win_mean:         1.0000
return_mean:              -1.1005	return_std:                0.6875	target_mean:             146.7603	td_error_abs:             42.7403
test_blue_team_alives_mean: 14.8000	test_blue_team_win_mean:   0.0000	test_ep_length_mean:     200.0000	test_episode_length_mean:199.0000
test_red_team_alives_mean: 20.0000	test_red_team_win_mean:    1.0000	test_return_mean:         -1.7410	test_return_std:           0.0000

2026-07-23 19:19:12,845 - my_experiment - bat_mm_EC_42 - my_run - INFO - t_env: 1050844 / 5050000
2026-07-23 19:19:12,846 - my_experiment - bat_mm_EC_42 - my_run - INFO - Estimated time left: 8 hours, 29 minutes, 24 seconds. Time passed: 2 hours, 13 minutes, 58 seconds
2026-07-23 19:25:36,774 - my_experiment - bat_mm_EC_42 - my_run - INFO - Recent Stats | t_env:    1100644 | Episode:     5506
blue_team_alives_mean:    13.5200	blue_team_win_mean:        0.0000	ep_length_mean:          200.0000	episode_length_mean:     199.0000
epsilon:                   0.0500	grad_norm:               853633.2250	info_nce_loss:             0.2721	loss:                    4345.6614
q_loss:                  3950.6013	q_taken_mean:            151.3328	red_team_alives_mean:     20.0000	red_team_win_mean:         1.0000
return_mean:              -0.8955	return_std:                0.6634	target_mean:             151.5705	td_error_abs:             48.1617
test_blue_team_alives_mean: 14.8000	test_blue_team_win_mean:   0.0000	test_ep_length_mean:     200.0000	test_episode_length_mean:199.0000
test_red_team_alives_mean: 20.0000	test_red_team_win_mean:    1.0000	test_return_mean:         -1.5200	test_return_std:           0.0000

2026-07-23 19:25:38,215 - my_experiment - bat_mm_EC_42 - my_run - INFO - t_env: 1100844 / 5050000
2026-07-23 19:25:38,216 - my_experiment - bat_mm_EC_42 - my_run - INFO - Estimated time left: 8 hours, 27 minutes, 17 seconds. Time passed: 2 hours, 20 minutes, 24 seconds
2026-07-23 19:31:43,474 - my_experiment - bat_mm_EC_42 - my_run - INFO - Recent Stats | t_env:    1150644 | Episode:     5756
blue_team_alives_mean:    15.3520	blue_team_win_mean:        0.0000	ep_length_mean:          200.0000	episode_length_mean:     199.0000
epsilon:                   0.0500	grad_norm:               1980974.8125	info_nce_loss:             0.3837	loss:                    22706.9682
q_loss:                  20642.6985	q_taken_mean:            157.5176	red_team_alives_mean:     20.0000	red_team_win_mean:         0.9960
return_mean:              -1.2683	return_std:                0.7628	target_mean:             155.2982	td_error_abs:             90.6248
test_blue_team_alives_mean: 14.2000	test_blue_team_win_mean:   0.0000	test_ep_length_mean:     200.0000	test_episode_length_mean:199.0000
test_red_team_alives_mean: 20.0000	test_red_team_win_mean:    1.0000	test_return_mean:         -1.4900	test_return_std:           0.0000

2026-07-23 19:31:44,870 - my_experiment - bat_mm_EC_42 - my_run - INFO - t_env: 1150844 / 5050000
2026-07-23 19:31:44,870 - my_experiment - bat_mm_EC_42 - my_run - INFO - Estimated time left: 7 hours, 56 minutes, 32 seconds. Time passed: 2 hours, 26 minutes, 30 seconds
2026-07-23 19:37:57,010 - my_experiment - bat_mm_EC_42 - my_run - INFO - Recent Stats | t_env:    1200644 | Episode:     6006
blue_team_alives_mean:    14.4920	blue_team_win_mean:        0.0000	ep_length_mean:          200.0000	episode_length_mean:     199.0000
epsilon:                   0.0500	grad_norm:               1860031.7125	info_nce_loss:             0.2683	loss:                    13494.1515
q_loss:                  12267.4106	q_taken_mean:            153.5403	red_team_alives_mean:     20.0000	red_team_win_mean:         1.0000
return_mean:              -1.5171	return_std:                0.8444	target_mean:             152.4089	td_error_abs:             83.9998
test_blue_team_alives_mean: 13.0000	test_blue_team_win_mean:   0.0000	test_ep_length_mean:     200.0000	test_episode_length_mean:199.0000
test_red_team_alives_mean: 20.0000	test_red_team_win_mean:    1.0000	test_return_mean:         -1.0540	test_return_std:           0.0000

2026-07-23 19:37:58,612 - my_experiment - bat_mm_EC_42 - my_run - INFO - t_env: 1200844 / 5050000
2026-07-23 19:37:58,613 - my_experiment - bat_mm_EC_42 - my_run - INFO - Estimated time left: 7 hours, 59 minutes, 31 seconds. Time passed: 2 hours, 32 minutes, 44 seconds
2026-07-23 19:44:01,636 - my_experiment - bat_mm_EC_42 - my_run - INFO - Recent Stats | t_env:    1250644 | Episode:     6256
blue_team_alives_mean:    15.9480	blue_team_win_mean:        0.0000	ep_length_mean:          200.0000	episode_length_mean:     199.0000
epsilon:                   0.0500	grad_norm:               1184461.8500	info_nce_loss:             0.2480	loss:                    7134.3892
q_loss:                  6485.8083	q_taken_mean:            153.9702	red_team_alives_mean:     20.0000	red_team_win_mean:         0.9840
return_mean:              -1.4178	return_std:                0.8139	target_mean:             152.8487	td_error_abs:             51.8174
test_blue_team_alives_mean: 13.2000	test_blue_team_win_mean:   0.0000	test_ep_length_mean:     200.0000	test_episode_length_mean:199.0000
test_red_team_alives_mean: 20.0000	test_red_team_win_mean:    1.0000	test_return_mean:         -0.5330	test_return_std:           0.0000

2026-07-23 19:44:03,030 - my_experiment - bat_mm_EC_42 - my_run - INFO - t_env: 1250844 / 5050000
2026-07-23 19:44:03,031 - my_experiment - bat_mm_EC_42 - my_run - INFO - Estimated time left: 7 hours, 41 minutes, 29 seconds. Time passed: 2 hours, 38 minutes, 48 seconds
2026-07-23 19:50:05,032 - my_experiment - bat_mm_EC_42 - my_run - INFO - Recent Stats | t_env:    1300644 | Episode:     6506
blue_team_alives_mean:    16.9440	blue_team_win_mean:        0.0000	ep_length_mean:          200.0000	episode_length_mean:     199.0000
epsilon:                   0.0500	grad_norm:               707182.1875	info_nce_loss:             0.2171	loss:                    3472.7885
q_loss:                  3157.0805	q_taken_mean:            156.1941	red_team_alives_mean:     20.0000	red_team_win_mean:         0.9240
return_mean:              -1.1929	return_std:                0.4814	target_mean:             156.5214	td_error_abs:             40.2480
test_blue_team_alives_mean: 14.0000	test_blue_team_win_mean:   0.0000	test_ep_length_mean:     200.0000	test_episode_length_mean:199.0000
test_red_team_alives_mean: 20.0000	test_red_team_win_mean:    1.0000	test_return_mean:         -0.6370	test_return_std:           0.0000

2026-07-23 19:50:06,495 - my_experiment - bat_mm_EC_42 - my_run - INFO - t_env: 1300844 / 5050000
2026-07-23 19:50:06,496 - my_experiment - bat_mm_EC_42 - my_run - INFO - Estimated time left: 7 hours, 34 minutes, 13 seconds. Time passed: 2 hours, 44 minutes, 52 seconds
2026-07-23 19:56:05,186 - my_experiment - bat_mm_EC_42 - my_run - INFO - Recent Stats | t_env:    1350644 | Episode:     6756
blue_team_alives_mean:    15.8640	blue_team_win_mean:        0.0000	ep_length_mean:          200.0000	episode_length_mean:     199.0000
epsilon:                   0.0500	grad_norm:               664167.6312	info_nce_loss:             0.3112	loss:                    3473.3615
q_loss:                  3157.6013	q_taken_mean:            157.2281	red_team_alives_mean:     20.0000	red_team_win_mean:         0.9440
return_mean:              -0.8342	return_std:                0.6135	target_mean:             157.1765	td_error_abs:             40.7478
test_blue_team_alives_mean: 15.0000	test_blue_team_win_mean:   0.0000	test_ep_length_mean:     200.0000	test_episode_length_mean:199.0000
test_red_team_alives_mean: 20.0000	test_red_team_win_mean:    1.0000	test_return_mean:         -0.8130	test_return_std:           0.0000

2026-07-23 19:56:06,619 - my_experiment - bat_mm_EC_42 - my_run - INFO - t_env: 1350844 / 5050000
2026-07-23 19:56:06,620 - my_experiment - bat_mm_EC_42 - my_run - INFO - Estimated time left: 7 hours, 24 minutes, 3 seconds. Time passed: 2 hours, 50 minutes, 52 seconds
2026-07-23 20:02:19,836 - my_experiment - bat_mm_EC_42 - my_run - INFO - Recent Stats | t_env:    1400644 | Episode:     7006
blue_team_alives_mean:    15.6520	blue_team_win_mean:        0.0000	ep_length_mean:          200.0000	episode_length_mean:     199.0000
epsilon:                   0.0500	grad_norm:               793915.2125	info_nce_loss:             0.1953	loss:                    3991.2415
q_loss:                  3628.4068	q_taken_mean:            162.6577	red_team_alives_mean:     19.9960	red_team_win_mean:         0.9760
return_mean:              -0.2323	return_std:                0.5630	target_mean:             163.0974	td_error_abs:             44.5492
test_blue_team_alives_mean: 14.8000	test_blue_team_win_mean:   0.0000	test_ep_length_mean:     200.0000	test_episode_length_mean:199.0000
test_red_team_alives_mean: 20.0000	test_red_team_win_mean:    1.0000	test_return_mean:         -0.3880	test_return_std:           0.0000

2026-07-23 20:02:21,281 - my_experiment - bat_mm_EC_42 - my_run - INFO - t_env: 1400844 / 5050000
2026-07-23 20:02:21,281 - my_experiment - bat_mm_EC_42 - my_run - INFO - Estimated time left: 7 hours, 35 minutes, 43 seconds. Time passed: 2 hours, 57 minutes, 7 seconds
2026-07-23 20:08:31,854 - my_experiment - bat_mm_EC_42 - my_run - INFO - Recent Stats | t_env:    1450644 | Episode:     7256
blue_team_alives_mean:    15.0240	blue_team_win_mean:        0.0000	ep_length_mean:          200.0000	episode_length_mean:     199.0000
epsilon:                   0.0500	grad_norm:               714496.3250	info_nce_loss:             0.3034	loss:                    3578.0365
q_loss:                  3252.7604	q_taken_mean:            165.8169	red_team_alives_mean:     20.0000	red_team_win_mean:         0.9880
return_mean:              -0.1337	return_std:                0.5944	target_mean:             165.6504	td_error_abs:             41.8676
test_blue_team_alives_mean: 15.8000	test_blue_team_win_mean:   0.0000	test_ep_length_mean:     200.0000	test_episode_length_mean:199.0000
test_red_team_alives_mean: 20.0000	test_red_team_win_mean:    1.0000	test_return_mean:         -0.4110	test_return_std:           0.0000

2026-07-23 20:08:33,297 - my_experiment - bat_mm_EC_42 - my_run - INFO - t_env: 1450844 / 5050000
2026-07-23 20:08:33,299 - my_experiment - bat_mm_EC_42 - my_run - INFO - Estimated time left: 7 hours, 26 minutes, 18 seconds. Time passed: 3 hours, 3 minutes, 19 seconds
2026-07-23 20:15:01,152 - my_experiment - bat_mm_EC_42 - my_run - INFO - Saving models to work_dirs/my_experiment/bat_mm_EC_42/my_run/20260723_170444/models/1500444
2026-07-23 20:15:02,730 - my_experiment - bat_mm_EC_42 - my_run - INFO - Recent Stats | t_env:    1500644 | Episode:     7506
blue_team_alives_mean:    15.0480	blue_team_win_mean:        0.0000	ep_length_mean:          200.0000	episode_length_mean:     199.0000
epsilon:                   0.0500	grad_norm:               799063.0125	info_nce_loss:             0.1485	loss:                    4193.0282
q_loss:                  3811.8447	q_taken_mean:            171.7554	red_team_alives_mean:     20.0000	red_team_win_mean:         0.9840
return_mean:              -0.2622	return_std:                0.6356	target_mean:             172.2789	td_error_abs:             46.5882
test_blue_team_alives_mean: 14.8000	test_blue_team_win_mean:   0.0000	test_ep_length_mean:     200.0000	test_episode_length_mean:199.0000
test_red_team_alives_mean: 20.0000	test_red_team_win_mean:    1.0000	test_return_mean:         -0.1560	test_return_std:           0.0000

2026-07-23 20:15:04,271 - my_experiment - bat_mm_EC_42 - my_run - INFO - t_env: 1500844 / 5050000
2026-07-23 20:15:04,272 - my_experiment - bat_mm_EC_42 - my_run - INFO - Estimated time left: 7 hours, 42 minutes, 32 seconds. Time passed: 3 hours, 9 minutes, 50 seconds
2026-07-23 20:21:31,804 - my_experiment - bat_mm_EC_42 - my_run - INFO - Recent Stats | t_env:    1550644 | Episode:     7756
blue_team_alives_mean:    14.3360	blue_team_win_mean:        0.0000	ep_length_mean:          200.0000	episode_length_mean:     199.0000
epsilon:                   0.0500	grad_norm:               850972.1250	info_nce_loss:             0.3703	loss:                    3835.6042
q_loss:                  3486.9129	q_taken_mean:            176.9563	red_team_alives_mean:     19.9960	red_team_win_mean:         0.9960
return_mean:              -0.1652	return_std:                0.6072	target_mean:             176.9182	td_error_abs:             44.2633
test_blue_team_alives_mean: 15.0000	test_blue_team_win_mean:   0.0000	test_ep_length_mean:     200.0000	test_episode_length_mean:199.0000
test_red_team_alives_mean: 20.0000	test_red_team_win_mean:    1.0000	test_return_mean:         -0.1330	test_return_std:           0.0000

2026-07-23 20:21:33,285 - my_experiment - bat_mm_EC_42 - my_run - INFO - t_env: 1550844 / 5050000
2026-07-23 20:21:33,285 - my_experiment - bat_mm_EC_42 - my_run - INFO - Estimated time left: 7 hours, 33 minutes, 44 seconds. Time passed: 3 hours, 16 minutes, 19 seconds
2026-07-23 20:27:53,516 - my_experiment - bat_mm_EC_42 - my_run - INFO - Recent Stats | t_env:    1600644 | Episode:     8006
blue_team_alives_mean:    14.8120	blue_team_win_mean:        0.0000	ep_length_mean:          200.0000	episode_length_mean:     199.0000
epsilon:                   0.0500	grad_norm:               1224994.7375	info_nce_loss:             0.3315	loss:                    11201.0980
q_loss:                  10182.8165	q_taken_mean:            177.3910	red_team_alives_mean:     20.0000	red_team_win_mean:         0.9280
return_mean:              -0.1379	return_std:                0.6332	target_mean:             174.8614	td_error_abs:             78.6607
test_blue_team_alives_mean: 14.8000	test_blue_team_win_mean:   0.0000	test_ep_length_mean:     200.0000	test_episode_length_mean:199.0000
test_red_team_alives_mean: 20.0000	test_red_team_win_mean:    1.0000	test_return_mean:          0.0190	test_return_std:           0.0000

2026-07-23 20:27:54,977 - my_experiment - bat_mm_EC_42 - my_run - INFO - t_env: 1600844 / 5050000
2026-07-23 20:27:54,978 - my_experiment - bat_mm_EC_42 - my_run - INFO - Estimated time left: 7 hours, 18 minutes, 50 seconds. Time passed: 3 hours, 22 minutes, 40 seconds
2026-07-23 20:34:22,949 - my_experiment - bat_mm_EC_42 - my_run - INFO - Recent Stats | t_env:    1650644 | Episode:     8256
blue_team_alives_mean:    17.1000	blue_team_win_mean:        0.0000	ep_length_mean:          200.0000	episode_length_mean:     199.0000
epsilon:                   0.0500	grad_norm:               1399480.6125	info_nce_loss:             0.1979	loss:                    7053.1630
q_loss:                  6411.9664	q_taken_mean:            175.5743	red_team_alives_mean:     20.0000	red_team_win_mean:         0.8600
return_mean:              -0.8534	return_std:                0.5828	target_mean:             176.5406	td_error_abs:             62.4516
test_blue_team_alives_mean: 15.8000	test_blue_team_win_mean:   0.0000	test_ep_length_mean:     200.0000	test_episode_length_mean:199.0000
test_red_team_alives_mean: 20.0000	test_red_team_win_mean:    1.0000	test_return_mean:         -0.3380	test_return_std:           0.0000

2026-07-23 20:34:24,496 - my_experiment - bat_mm_EC_42 - my_run - INFO - t_env: 1650844 / 5050000
2026-07-23 20:34:24,497 - my_experiment - bat_mm_EC_42 - my_run - INFO - Estimated time left: 7 hours, 21 minutes, 20 seconds. Time passed: 3 hours, 29 minutes, 10 seconds
2026-07-23 20:40:50,383 - my_experiment - bat_mm_EC_42 - my_run - INFO - Recent Stats | t_env:    1700644 | Episode:     8506
blue_team_alives_mean:    16.3720	blue_team_win_mean:        0.0000	ep_length_mean:          200.0000	episode_length_mean:     199.0000
epsilon:                   0.0500	grad_norm:               839437.2812	info_nce_loss:             0.2409	loss:                    5161.2288
q_loss:                  4692.0262	q_taken_mean:            172.7210	red_team_alives_mean:     20.0000	red_team_win_mean:         0.8840
return_mean:              -0.7206	return_std:                0.6590	target_mean:             172.2423	td_error_abs:             53.7114
test_blue_team_alives_mean: 14.4000	test_blue_team_win_mean:   0.0000	test_ep_length_mean:     200.0000	test_episode_length_mean:199.0000
test_red_team_alives_mean: 20.0000	test_red_team_win_mean:    1.0000	test_return_mean:         -0.5390	test_return_std:           0.0000

2026-07-23 20:40:51,774 - my_experiment - bat_mm_EC_42 - my_run - INFO - t_env: 1700844 / 5050000
2026-07-23 20:40:51,775 - my_experiment - bat_mm_EC_42 - my_run - INFO - Estimated time left: 7 hours, 12 minutes, 21 seconds. Time passed: 3 hours, 35 minutes, 37 seconds
2026-07-23 20:46:55,182 - my_experiment - bat_mm_EC_42 - my_run - INFO - Recent Stats | t_env:    1750644 | Episode:     8756
blue_team_alives_mean:    15.8560	blue_team_win_mean:        0.0000	ep_length_mean:          200.0000	episode_length_mean:     199.0000
epsilon:                   0.0500	grad_norm:               1727429.6625	info_nce_loss:             0.3598	loss:                    15798.3450
q_loss:                  14362.1314	q_taken_mean:            171.1489	red_team_alives_mean:     20.0000	red_team_win_mean:         0.9000
return_mean:              -0.6276	return_std:                0.7049	target_mean:             169.7055	td_error_abs:             82.8468
test_blue_team_alives_mean: 14.4000	test_blue_team_win_mean:   0.0000	test_ep_length_mean:     200.0000	test_episode_length_mean:199.0000
test_red_team_alives_mean: 20.0000	test_red_team_win_mean:    1.0000	test_return_mean:         -0.5830	test_return_std:           0.0000

2026-07-23 20:46:56,865 - my_experiment - bat_mm_EC_42 - my_run - INFO - t_env: 1750844 / 5050000
2026-07-23 20:46:56,866 - my_experiment - bat_mm_EC_42 - my_run - INFO - Estimated time left: 6 hours, 41 minutes, 29 seconds. Time passed: 3 hours, 41 minutes, 42 seconds
2026-07-23 20:53:04,004 - my_experiment - bat_mm_EC_42 - my_run - INFO - Recent Stats | t_env:    1800644 | Episode:     9006
blue_team_alives_mean:    15.0680	blue_team_win_mean:        0.0000	ep_length_mean:          200.0000	episode_length_mean:     199.0000
epsilon:                   0.0500	grad_norm:               1242743.2500	info_nce_loss:             0.1024	loss:                    6145.6243
q_loss:                  5586.9311	q_taken_mean:            170.7804	red_team_alives_mean:     20.0000	red_team_win_mean:         0.9280
return_mean:              -0.4817	return_std:                0.6128	target_mean:             170.8011	td_error_abs:             55.7837
test_blue_team_alives_mean: 13.2000	test_blue_team_win_mean:   0.0000	test_ep_length_mean:     200.0000	test_episode_length_mean:199.0000
test_red_team_alives_mean: 20.0000	test_red_team_win_mean:    1.0000	test_return_mean:         -0.3260	test_return_std:           0.0000

2026-07-23 20:53:05,416 - my_experiment - bat_mm_EC_42 - my_run - INFO - t_env: 1800844 / 5050000
2026-07-23 20:53:05,416 - my_experiment - bat_mm_EC_42 - my_run - INFO - Estimated time left: 6 hours, 39 minutes, 9 seconds. Time passed: 3 hours, 47 minutes, 51 seconds
2026-07-23 20:59:16,514 - my_experiment - bat_mm_EC_42 - my_run - INFO - Recent Stats | t_env:    1850644 | Episode:     9256
blue_team_alives_mean:    14.9200	blue_team_win_mean:        0.0000	ep_length_mean:          200.0000	episode_length_mean:     199.0000
epsilon:                   0.0500	grad_norm:               1533514.4000	info_nce_loss:             0.2321	loss:                    15488.0728
q_loss:                  14080.0659	q_taken_mean:            168.5741	red_team_alives_mean:     20.0000	red_team_win_mean:         0.9280
return_mean:              -0.4224	return_std:                0.7500	target_mean:             166.3245	td_error_abs:             80.2441
test_blue_team_alives_mean: 13.0000	test_blue_team_win_mean:   0.0000	test_ep_length_mean:     200.0000	test_episode_length_mean:199.0000
test_red_team_alives_mean: 20.0000	test_red_team_win_mean:    1.0000	test_return_mean:         -0.2400	test_return_std:           0.0000

2026-07-23 20:59:18,136 - my_experiment - bat_mm_EC_42 - my_run - INFO - t_env: 1850844 / 5050000
2026-07-23 20:59:18,137 - my_experiment - bat_mm_EC_42 - my_run - INFO - Estimated time left: 6 hours, 37 minutes, 27 seconds. Time passed: 3 hours, 54 minutes, 3 seconds
2026-07-23 21:05:13,728 - my_experiment - bat_mm_EC_42 - my_run - INFO - Recent Stats | t_env:    1900644 | Episode:     9506
blue_team_alives_mean:    14.9480	blue_team_win_mean:        0.0000	ep_length_mean:          200.0000	episode_length_mean:     199.0000
epsilon:                   0.0500	grad_norm:               1021286.3125	info_nce_loss:             0.3269	loss:                    5215.7751
q_loss:                  4741.6137	q_taken_mean:            165.6735	red_team_alives_mean:     20.0000	red_team_win_mean:         0.9480
return_mean:              -0.6113	return_std:                0.6609	target_mean:             165.8429	td_error_abs:             53.8042
test_blue_team_alives_mean: 13.4000	test_blue_team_win_mean:   0.0000	test_ep_length_mean:     200.0000	test_episode_length_mean:199.0000
test_red_team_alives_mean: 20.0000	test_red_team_win_mean:    1.0000	test_return_mean:         -0.4140	test_return_std:           0.0000

2026-07-23 21:05:15,130 - my_experiment - bat_mm_EC_42 - my_run - INFO - t_env: 1900844 / 5050000
2026-07-23 21:05:15,131 - my_experiment - bat_mm_EC_42 - my_run - INFO - Estimated time left: 6 hours, 14 minutes, 44 seconds. Time passed: 4 hours, 0 seconds
2026-07-23 21:11:14,373 - my_experiment - bat_mm_EC_42 - my_run - INFO - Recent Stats | t_env:    1950644 | Episode:     9756
blue_team_alives_mean:    15.4560	blue_team_win_mean:        0.0000	ep_length_mean:          200.0000	episode_length_mean:     199.0000
epsilon:                   0.0500	grad_norm:               1063311.5875	info_nce_loss:             0.0826	loss:                    5203.0482
q_loss:                  4730.0439	q_taken_mean:            163.2676	red_team_alives_mean:     20.0000	red_team_win_mean:         0.9440
return_mean:              -0.4051	return_std:                0.6271	target_mean:             163.9458	td_error_abs:             53.6468
test_blue_team_alives_mean: 13.8000	test_blue_team_win_mean:   0.0000	test_ep_length_mean:     200.0000	test_episode_length_mean:199.0000
test_red_team_alives_mean: 20.0000	test_red_team_win_mean:    1.0000	test_return_mean:         -0.0460	test_return_std:           0.0000

2026-07-23 21:11:15,777 - my_experiment - bat_mm_EC_42 - my_run - INFO - t_env: 1950844 / 5050000
2026-07-23 21:11:15,778 - my_experiment - bat_mm_EC_42 - my_run - INFO - Estimated time left: 6 hours, 12 minutes, 33 seconds. Time passed: 4 hours, 6 minutes, 1 seconds
2026-07-23 21:17:19,171 - my_experiment - bat_mm_EC_42 - my_run - INFO - Saving models to work_dirs/my_experiment/bat_mm_EC_42/my_run/20260723_170444/models/2000444
2026-07-23 21:17:20,590 - my_experiment - bat_mm_EC_42 - my_run - INFO - Recent Stats | t_env:    2000644 | Episode:    10006
blue_team_alives_mean:    14.2040	blue_team_win_mean:        0.0000	ep_length_mean:          200.0000	episode_length_mean:     199.0000
epsilon:                   0.0500	grad_norm:               498947.2812	info_nce_loss:             0.3830	loss:                    2910.5380
q_loss:                  2645.9437	q_taken_mean:            157.9885	red_team_alives_mean:     19.9960	red_team_win_mean:         0.9600
return_mean:              -0.4321	return_std:                0.8323	target_mean:             158.0896	td_error_abs:             38.8610
test_blue_team_alives_mean: 13.4000	test_blue_team_win_mean:   0.0000	test_ep_length_mean:     200.0000	test_episode_length_mean:199.0000
test_red_team_alives_mean: 20.0000	test_red_team_win_mean:    1.0000	test_return_mean:          0.1700	test_return_std:           0.0000

2026-07-23 21:17:22,195 - my_experiment - bat_mm_EC_42 - my_run - INFO - t_env: 2000844 / 5050000
2026-07-23 21:17:22,196 - my_experiment - bat_mm_EC_42 - my_run - INFO - Estimated time left: 6 hours, 12 minutes, 25 seconds. Time passed: 4 hours, 12 minutes, 8 seconds
2026-07-23 21:23:19,876 - my_experiment - bat_mm_EC_42 - my_run - INFO - Recent Stats | t_env:    2050644 | Episode:    10256
blue_team_alives_mean:    13.4920	blue_team_win_mean:        0.0000	ep_length_mean:          200.0000	episode_length_mean:     199.0000
epsilon:                   0.0500	grad_norm:               456671.1437	info_nce_loss:             0.2714	loss:                    1682.5609
q_loss:                  1529.6012	q_taken_mean:            157.7523	red_team_alives_mean:     20.0000	red_team_win_mean:         0.9960
return_mean:              -0.1347	return_std:                0.5875	target_mean:             157.6846	td_error_abs:             28.8389
test_blue_team_alives_mean: 13.8000	test_blue_team_win_mean:   0.0000	test_ep_length_mean:     200.0000	test_episode_length_mean:199.0000
test_red_team_alives_mean: 20.0000	test_red_team_win_mean:    1.0000	test_return_mean:          0.0480	test_return_std:           0.0000

2026-07-23 21:23:21,340 - my_experiment - bat_mm_EC_42 - my_run - INFO - t_env: 2050844 / 5050000
2026-07-23 21:23:21,340 - my_experiment - bat_mm_EC_42 - my_run - INFO - Estimated time left: 5 hours, 59 minutes, 2 seconds. Time passed: 4 hours, 18 minutes, 7 seconds
2026-07-23 21:29:33,748 - my_experiment - bat_mm_EC_42 - my_run - INFO - Recent Stats | t_env:    2100644 | Episode:    10506
blue_team_alives_mean:    13.1360	blue_team_win_mean:        0.0000	ep_length_mean:          200.0000	episode_length_mean:     199.0000
epsilon:                   0.0500	grad_norm:               493355.2000	info_nce_loss:             0.2810	loss:                    1741.4792
q_loss:                  1583.1630	q_taken_mean:            155.3048	red_team_alives_mean:     20.0000	red_team_win_mean:         1.0000
return_mean:              -0.2288	return_std:                0.5545	target_mean:             155.5768	td_error_abs:             29.2880
test_blue_team_alives_mean: 13.6000	test_blue_team_win_mean:   0.0000	test_ep_length_mean:     200.0000	test_episode_length_mean:199.0000
test_red_team_alives_mean: 20.0000	test_red_team_win_mean:    1.0000	test_return_mean:         -0.0810	test_return_std:           0.0000

2026-07-23 21:29:35,207 - my_experiment - bat_mm_EC_42 - my_run - INFO - t_env: 2100844 / 5050000
2026-07-23 21:29:35,207 - my_experiment - bat_mm_EC_42 - my_run - INFO - Estimated time left: 6 hours, 7 minutes, 31 seconds. Time passed: 4 hours, 24 minutes, 21 seconds
2026-07-23 21:35:40,443 - my_experiment - bat_mm_EC_42 - my_run - INFO - Recent Stats | t_env:    2150644 | Episode:    10756
blue_team_alives_mean:    13.2240	blue_team_win_mean:        0.0000	ep_length_mean:          200.0000	episode_length_mean:     199.0000
epsilon:                   0.0500	grad_norm:               462307.0500	info_nce_loss:             0.0883	loss:                    1676.2960
q_loss:                  1523.9056	q_taken_mean:            156.2880	red_team_alives_mean:     20.0000	red_team_win_mean:         1.0000
return_mean:              -0.1664	return_std:                0.6385	target_mean:             156.1361	td_error_abs:             28.9089
test_blue_team_alives_mean: 12.4000	test_blue_team_win_mean:   0.0000	test_ep_length_mean:     200.0000	test_episode_length_mean:199.0000
test_red_team_alives_mean: 20.0000	test_red_team_win_mean:    1.0000	test_return_mean:          0.1670	test_return_std:           0.0000

2026-07-23 21:35:41,928 - my_experiment - bat_mm_EC_42 - my_run - INFO - t_env: 2150844 / 5050000
2026-07-23 21:35:41,929 - my_experiment - bat_mm_EC_42 - my_run - INFO - Estimated time left: 5 hours, 54 minutes, 23 seconds. Time passed: 4 hours, 30 minutes, 27 seconds
2026-07-23 21:41:57,643 - my_experiment - bat_mm_EC_42 - my_run - INFO - Recent Stats | t_env:    2200644 | Episode:    11006
blue_team_alives_mean:    13.4000	blue_team_win_mean:        0.0000	ep_length_mean:          200.0000	episode_length_mean:     199.0000
epsilon:                   0.0500	grad_norm:               493827.7188	info_nce_loss:             0.3439	loss:                    1825.6782
q_loss:                  1659.7075	q_taken_mean:            156.4315	red_team_alives_mean:     20.0000	red_team_win_mean:         1.0000
return_mean:               0.0228	return_std:                0.5285	target_mean:             156.7368	td_error_abs:             30.0738
test_blue_team_alives_mean: 12.4000	test_blue_team_win_mean:   0.0000	test_ep_length_mean:     200.0000	test_episode_length_mean:199.0000
test_red_team_alives_mean: 20.0000	test_red_team_win_mean:    1.0000	test_return_mean:          0.0580	test_return_std:           0.0000

2026-07-23 21:41:59,111 - my_experiment - bat_mm_EC_42 - my_run - INFO - t_env: 2200844 / 5050000
2026-07-23 21:41:59,112 - my_experiment - bat_mm_EC_42 - my_run - INFO - Estimated time left: 5 hours, 58 minutes, 13 seconds. Time passed: 4 hours, 36 minutes, 44 seconds
2026-07-23 21:48:03,103 - my_experiment - bat_mm_EC_42 - my_run - INFO - Recent Stats | t_env:    2250644 | Episode:    11256
blue_team_alives_mean:    13.9080	blue_team_win_mean:        0.0000	ep_length_mean:          200.0000	episode_length_mean:     199.0000
epsilon:                   0.0500	grad_norm:               593848.6500	info_nce_loss:             0.3513	loss:                    3140.6532
q_loss:                  2855.1393	q_taken_mean:            155.7769	red_team_alives_mean:     20.0000	red_team_win_mean:         1.0000
return_mean:               0.0962	return_std:                0.5298	target_mean:             154.9192	td_error_abs:             40.2665
test_blue_team_alives_mean: 13.2000	test_blue_team_win_mean:   0.0000	test_ep_length_mean:     200.0000	test_episode_length_mean:199.0000
test_red_team_alives_mean: 20.0000	test_red_team_win_mean:    1.0000	test_return_mean:         -0.1220	test_return_std:           0.0000

2026-07-23 21:48:04,514 - my_experiment - bat_mm_EC_42 - my_run - INFO - t_env: 2250844 / 5050000
2026-07-23 21:48:04,514 - my_experiment - bat_mm_EC_42 - my_run - INFO - Estimated time left: 5 hours, 40 minutes, 56 seconds. Time passed: 4 hours, 42 minutes, 50 seconds
2026-07-23 21:54:10,284 - my_experiment - bat_mm_EC_42 - my_run - INFO - Recent Stats | t_env:    2300644 | Episode:    11506
blue_team_alives_mean:    13.9800	blue_team_win_mean:        0.0000	ep_length_mean:          200.0000	episode_length_mean:     199.0000
epsilon:                   0.0500	grad_norm:               858093.6750	info_nce_loss:             0.1793	loss:                    3928.6974
q_loss:                  3571.5431	q_taken_mean:            152.4721	red_team_alives_mean:     20.0000	red_team_win_mean:         0.9960
return_mean:              -0.0858	return_std:                0.4952	target_mean:             152.8462	td_error_abs:             45.3720
test_blue_team_alives_mean: 13.6000	test_blue_team_win_mean:   0.0000	test_ep_length_mean:     200.0000	test_episode_length_mean:199.0000
test_red_team_alives_mean: 20.0000	test_red_team_win_mean:    1.0000	test_return_mean:         -0.3300	test_return_std:           0.0000

2026-07-23 21:54:11,661 - my_experiment - bat_mm_EC_42 - my_run - INFO - t_env: 2300844 / 5050000
2026-07-23 21:54:11,662 - my_experiment - bat_mm_EC_42 - my_run - INFO - Estimated time left: 5 hours, 36 minutes, 26 seconds. Time passed: 4 hours, 48 minutes, 57 seconds
2026-07-23 22:00:14,880 - my_experiment - bat_mm_EC_42 - my_run - INFO - Recent Stats | t_env:    2350644 | Episode:    11756
blue_team_alives_mean:    12.6800	blue_team_win_mean:        0.0000	ep_length_mean:          200.0000	episode_length_mean:     199.0000
epsilon:                   0.0500	grad_norm:               686735.1438	info_nce_loss:             0.2916	loss:                    3264.2174
q_loss:                  2967.4703	q_taken_mean:            155.6497	red_team_alives_mean:     20.0000	red_team_win_mean:         1.0000
return_mean:               0.3443	return_std:                0.5122	target_mean:             155.5930	td_error_abs:             43.6149
test_blue_team_alives_mean: 12.6000	test_blue_team_win_mean:   0.0000	test_ep_length_mean:     200.0000	test_episode_length_mean:199.0000
test_red_team_alives_mean: 20.0000	test_red_team_win_mean:    1.0000	test_return_mean:         -0.1290	test_return_std:           0.0000

2026-07-23 22:00:16,494 - my_experiment - bat_mm_EC_42 - my_run - INFO - t_env: 2350844 / 5050000
2026-07-23 22:00:16,495 - my_experiment - bat_mm_EC_42 - my_run - INFO - Estimated time left: 5 hours, 28 minutes, 14 seconds. Time passed: 4 hours, 55 minutes, 2 seconds
2026-07-23 22:06:13,873 - my_experiment - bat_mm_EC_42 - my_run - INFO - Recent Stats | t_env:    2400644 | Episode:    12006
blue_team_alives_mean:    11.5400	blue_team_win_mean:        0.0000	ep_length_mean:          200.0000	episode_length_mean:     199.0000
epsilon:                   0.0500	grad_norm:               456034.9313	info_nce_loss:             0.1408	loss:                    1906.8817
q_loss:                  1733.5288	q_taken_mean:            150.7734	red_team_alives_mean:     20.0000	red_team_win_mean:         1.0000
return_mean:               0.3079	return_std:                0.6829	target_mean:             150.4033	td_error_abs:             30.1516
test_blue_team_alives_mean: 12.4000	test_blue_team_win_mean:   0.0000	test_ep_length_mean:     200.0000	test_episode_length_mean:199.0000
test_red_team_alives_mean: 20.0000	test_red_team_win_mean:    1.0000	test_return_mean:          0.1350	test_return_std:           0.0000

2026-07-23 22:06:15,293 - my_experiment - bat_mm_EC_42 - my_run - INFO - t_env: 2400844 / 5050000
2026-07-23 22:06:15,294 - my_experiment - bat_mm_EC_42 - my_run - INFO - Estimated time left: 5 hours, 16 minutes, 50 seconds. Time passed: 5 hours, 1 minutes, 1 seconds
2026-07-23 22:12:09,552 - my_experiment - bat_mm_EC_42 - my_run - INFO - Recent Stats | t_env:    2450644 | Episode:    12256
blue_team_alives_mean:    11.9920	blue_team_win_mean:        0.0000	ep_length_mean:          200.0000	episode_length_mean:     199.0000
epsilon:                   0.0500	grad_norm:               363561.5062	info_nce_loss:             0.1259	loss:                    1400.1954
q_loss:                  1272.9049	q_taken_mean:            151.0526	red_team_alives_mean:     20.0000	red_team_win_mean:         1.0000
return_mean:               0.6266	return_std:                0.5245	target_mean:             150.9576	td_error_abs:             26.3695
test_blue_team_alives_mean: 12.4000	test_blue_team_win_mean:   0.0000	test_ep_length_mean:     200.0000	test_episode_length_mean:199.0000
test_red_team_alives_mean: 20.0000	test_red_team_win_mean:    1.0000	test_return_mean:          0.3000	test_return_std:           0.0000

2026-07-23 22:12:10,972 - my_experiment - bat_mm_EC_42 - my_run - INFO - t_env: 2450844 / 5050000
2026-07-23 22:12:10,973 - my_experiment - bat_mm_EC_42 - my_run - INFO - Estimated time left: 5 hours, 8 minutes, 9 seconds. Time passed: 5 hours, 6 minutes, 56 seconds
2026-07-23 22:18:06,216 - my_experiment - bat_mm_EC_42 - my_run - INFO - Saving models to work_dirs/my_experiment/bat_mm_EC_42/my_run/20260723_170444/models/2500444
2026-07-23 22:18:07,639 - my_experiment - bat_mm_EC_42 - my_run - INFO - Recent Stats | t_env:    2500644 | Episode:    12506
blue_team_alives_mean:    11.9840	blue_team_win_mean:        0.0000	ep_length_mean:          200.0000	episode_length_mean:     199.0000
epsilon:                   0.0500	grad_norm:               351697.2125	info_nce_loss:             0.0314	loss:                    1393.8219
q_loss:                  1267.1108	q_taken_mean:            148.2059	red_team_alives_mean:     20.0000	red_team_win_mean:         1.0000
return_mean:               0.6105	return_std:                0.5238	target_mean:             148.4610	td_error_abs:             27.6034
test_blue_team_alives_mean: 12.2000	test_blue_team_win_mean:   0.0000	test_ep_length_mean:     200.0000	test_episode_length_mean:199.0000
test_red_team_alives_mean: 20.0000	test_red_team_win_mean:    1.0000	test_return_mean:          0.4020	test_return_std:           0.0000

2026-07-23 22:18:09,045 - my_experiment - bat_mm_EC_42 - my_run - INFO - t_env: 2500844 / 5050000
2026-07-23 22:18:09,045 - my_experiment - bat_mm_EC_42 - my_run - INFO - Estimated time left: 5 hours, 4 minutes, 15 seconds. Time passed: 5 hours, 12 minutes, 54 seconds
2026-07-23 22:24:54,830 - my_experiment - bat_mm_EC_42 - my_run - INFO - Recent Stats | t_env:    2550644 | Episode:    12756
blue_team_alives_mean:    12.1160	blue_team_win_mean:        0.0000	ep_length_mean:          200.0000	episode_length_mean:     199.0000
epsilon:                   0.0500	grad_norm:               413101.8187	info_nce_loss:             0.1700	loss:                    1338.1718
q_loss:                  1216.5198	q_taken_mean:            149.3825	red_team_alives_mean:     20.0000	red_team_win_mean:         1.0000
return_mean:               0.6815	return_std:                0.5105	target_mean:             149.2218	td_error_abs:             26.4625
test_blue_team_alives_mean: 11.8000	test_blue_team_win_mean:   0.0000	test_ep_length_mean:     200.0000	test_episode_length_mean:199.0000
test_red_team_alives_mean: 20.0000	test_red_team_win_mean:    1.0000	test_return_mean:          0.7530	test_return_std:           0.0000

2026-07-23 22:24:56,481 - my_experiment - bat_mm_EC_42 - my_run - INFO - t_env: 2550844 / 5050000
2026-07-23 22:24:56,482 - my_experiment - bat_mm_EC_42 - my_run - INFO - Estimated time left: 5 hours, 39 minutes, 24 seconds. Time passed: 5 hours, 19 minutes, 42 seconds
2026-07-23 22:31:25,528 - my_experiment - bat_mm_EC_42 - my_run - INFO - Recent Stats | t_env:    2600644 | Episode:    13006
blue_team_alives_mean:    10.6400	blue_team_win_mean:        0.0000	ep_length_mean:          200.0000	episode_length_mean:     199.0000
epsilon:                   0.0500	grad_norm:               423454.0812	info_nce_loss:             0.1078	loss:                    1501.7602
q_loss:                  1365.2366	q_taken_mean:            146.3928	red_team_alives_mean:     20.0000	red_team_win_mean:         1.0000
return_mean:               0.9290	return_std:                0.5183	target_mean:             146.6589	td_error_abs:             28.6185
test_blue_team_alives_mean: 13.0000	test_blue_team_win_mean:   0.0000	test_ep_length_mean:     200.0000	test_episode_length_mean:199.0000
test_red_team_alives_mean: 20.0000	test_red_team_win_mean:    1.0000	test_return_mean:          0.6230	test_return_std:           0.0000

2026-07-23 22:31:27,025 - my_experiment - bat_mm_EC_42 - my_run - INFO - t_env: 2600844 / 5050000
2026-07-23 22:31:27,026 - my_experiment - bat_mm_EC_42 - my_run - INFO - Estimated time left: 5 hours, 18 minutes, 50 seconds. Time passed: 5 hours, 26 minutes, 12 seconds
2026-07-23 22:37:25,994 - my_experiment - bat_mm_EC_42 - my_run - INFO - Recent Stats | t_env:    2650644 | Episode:    13256
blue_team_alives_mean:     9.8400	blue_team_win_mean:        0.0000	ep_length_mean:          200.0000	episode_length_mean:     199.0000
epsilon:                   0.0500	grad_norm:               349279.9969	info_nce_loss:             0.2580	loss:                    1291.3967
q_loss:                  1173.9970	q_taken_mean:            145.8108	red_team_alives_mean:     20.0000	red_team_win_mean:         1.0000
return_mean:               0.9117	return_std:                0.6864	target_mean:             145.6840	td_error_abs:             26.4103
test_blue_team_alives_mean: 12.6000	test_blue_team_win_mean:   0.0000	test_ep_length_mean:     200.0000	test_episode_length_mean:199.0000
test_red_team_alives_mean: 20.0000	test_red_team_win_mean:    1.0000	test_return_mean:          0.7970	test_return_std:           0.0000

2026-07-23 22:37:27,374 - my_experiment - bat_mm_EC_42 - my_run - INFO - t_env: 2650844 / 5050000
2026-07-23 22:37:27,375 - my_experiment - bat_mm_EC_42 - my_run - INFO - Estimated time left: 4 hours, 48 minutes, 10 seconds. Time passed: 5 hours, 32 minutes, 13 seconds
2026-07-23 22:43:26,003 - my_experiment - bat_mm_EC_42 - my_run - INFO - Recent Stats | t_env:    2700644 | Episode:    13506
blue_team_alives_mean:     9.6480	blue_team_win_mean:        0.0000	ep_length_mean:          200.0000	episode_length_mean:     199.0000
epsilon:                   0.0500	grad_norm:               390486.7250	info_nce_loss:             0.2924	loss:                    1487.4978
q_loss:                  1352.2709	q_taken_mean:            142.8079	red_team_alives_mean:     20.0000	red_team_win_mean:         1.0000
return_mean:               1.0444	return_std:                0.6451	target_mean:             142.9165	td_error_abs:             29.0062
test_blue_team_alives_mean: 11.8000	test_blue_team_win_mean:   0.0000	test_ep_length_mean:     200.0000	test_episode_length_mean:199.0000
test_red_team_alives_mean: 20.0000	test_red_team_win_mean:    1.0000	test_return_mean:          0.9890	test_return_std:           0.0000

2026-07-23 22:43:27,397 - my_experiment - bat_mm_EC_42 - my_run - INFO - t_env: 2700844 / 5050000
2026-07-23 22:43:27,398 - my_experiment - bat_mm_EC_42 - my_run - INFO - Estimated time left: 4 hours, 41 minutes, 54 seconds. Time passed: 5 hours, 38 minutes, 13 seconds
2026-07-23 22:49:28,088 - my_experiment - bat_mm_EC_42 - my_run - INFO - Recent Stats | t_env:    2750644 | Episode:    13756
blue_team_alives_mean:     9.0200	blue_team_win_mean:        0.0000	ep_length_mean:          200.0000	episode_length_mean:     199.0000
epsilon:                   0.0500	grad_norm:               378706.9250	info_nce_loss:             0.4362	loss:                    1477.5031
q_loss:                  1343.1846	q_taken_mean:            141.3079	red_team_alives_mean:     20.0000	red_team_win_mean:         1.0000
return_mean:               0.9422	return_std:                0.8915	target_mean:             141.1181	td_error_abs:             29.2320
test_blue_team_alives_mean: 11.0000	test_blue_team_win_mean:   0.0000	test_ep_length_mean:     200.0000	test_episode_length_mean:199.0000
test_red_team_alives_mean: 20.0000	test_red_team_win_mean:    1.0000	test_return_mean:          1.1560	test_return_std:           0.0000

2026-07-23 22:49:29,466 - my_experiment - bat_mm_EC_42 - my_run - INFO - t_env: 2750844 / 5050000
2026-07-23 22:49:29,467 - my_experiment - bat_mm_EC_42 - my_run - INFO - Estimated time left: 4 hours, 37 minutes, 29 seconds. Time passed: 5 hours, 44 minutes, 15 seconds
2026-07-23 22:55:25,014 - my_experiment - bat_mm_EC_42 - my_run - INFO - Recent Stats | t_env:    2800644 | Episode:    14006
blue_team_alives_mean:     8.5760	blue_team_win_mean:        0.0000	ep_length_mean:          200.0000	episode_length_mean:     199.0000
epsilon:                   0.0500	grad_norm:               350450.4594	info_nce_loss:             0.2108	loss:                    1338.6274
q_loss:                  1216.9340	q_taken_mean:            141.5761	red_team_alives_mean:     20.0000	red_team_win_mean:         1.0000
return_mean:               1.3864	return_std:                0.5393	target_mean:             141.7962	td_error_abs:             27.4697
test_blue_team_alives_mean: 10.4000	test_blue_team_win_mean:   0.0000	test_ep_length_mean:     200.0000	test_episode_length_mean:199.0000
test_red_team_alives_mean: 20.0000	test_red_team_win_mean:    1.0000	test_return_mean:          1.2590	test_return_std:           0.0000

2026-07-23 22:55:26,623 - my_experiment - bat_mm_EC_42 - my_run - INFO - t_env: 2800844 / 5050000
2026-07-23 22:55:26,624 - my_experiment - bat_mm_EC_42 - my_run - INFO - Estimated time left: 4 hours, 27 minutes, 46 seconds. Time passed: 5 hours, 50 minutes, 12 seconds
2026-07-23 23:01:21,841 - my_experiment - bat_mm_EC_42 - my_run - INFO - Recent Stats | t_env:    2850644 | Episode:    14256
blue_team_alives_mean:     9.6560	blue_team_win_mean:        0.0000	ep_length_mean:          200.0000	episode_length_mean:     199.0000
epsilon:                   0.0500	grad_norm:               418372.1969	info_nce_loss:             0.2291	loss:                    2217.0535
q_loss:                  2015.5032	q_taken_mean:            139.0156	red_team_alives_mean:     20.0000	red_team_win_mean:         1.0000
return_mean:               0.9969	return_std:                0.6943	target_mean:             139.2547	td_error_abs:             33.9309
test_blue_team_alives_mean:  9.6000	test_blue_team_win_mean:   0.0000	test_ep_length_mean:     200.0000	test_episode_length_mean:199.0000
test_red_team_alives_mean: 20.0000	test_red_team_win_mean:    1.0000	test_return_mean:          1.4550	test_return_std:           0.0000

2026-07-23 23:01:23,231 - my_experiment - bat_mm_EC_42 - my_run - INFO - t_env: 2850844 / 5050000
2026-07-23 23:01:23,232 - my_experiment - bat_mm_EC_42 - my_run - INFO - Estimated time left: 4 hours, 21 minutes, 24 seconds. Time passed: 5 hours, 56 minutes, 9 seconds
2026-07-23 23:07:38,910 - my_experiment - bat_mm_EC_42 - my_run - INFO - Recent Stats | t_env:    2900644 | Episode:    14506
blue_team_alives_mean:    10.8800	blue_team_win_mean:        0.0000	ep_length_mean:          200.0000	episode_length_mean:     199.0000
epsilon:                   0.0500	grad_norm:               256951.9094	info_nce_loss:             0.2175	loss:                    1163.0955
q_loss:                  1057.3597	q_taken_mean:            135.8340	red_team_alives_mean:     20.0000	red_team_win_mean:         1.0000
return_mean:               0.5640	return_std:                0.6631	target_mean:             136.0185	td_error_abs:             24.7548
test_blue_team_alives_mean:  9.4000	test_blue_team_win_mean:   0.0000	test_ep_length_mean:     200.0000	test_episode_length_mean:199.0000
test_red_team_alives_mean: 20.0000	test_red_team_win_mean:    1.0000	test_return_mean:          1.5060	test_return_std:           0.0000

2026-07-23 23:07:40,284 - my_experiment - bat_mm_EC_42 - my_run - INFO - t_env: 2900844 / 5050000
2026-07-23 23:07:40,285 - my_experiment - bat_mm_EC_42 - my_run - INFO - Estimated time left: 4 hours, 30 minutes, 6 seconds. Time passed: 6 hours, 2 minutes, 26 seconds
2026-07-23 23:13:55,044 - my_experiment - bat_mm_EC_42 - my_run - INFO - Recent Stats | t_env:    2950644 | Episode:    14756
blue_team_alives_mean:    10.4400	blue_team_win_mean:        0.0000	ep_length_mean:          200.0000	episode_length_mean:     199.0000
epsilon:                   0.0500	grad_norm:               277165.8031	info_nce_loss:             0.0719	loss:                    1279.4895
q_loss:                  1163.1723	q_taken_mean:            133.3844	red_team_alives_mean:     20.0000	red_team_win_mean:         0.9960
return_mean:               0.8377	return_std:                0.6283	target_mean:             133.1042	td_error_abs:             26.0443
test_blue_team_alives_mean: 10.2000	test_blue_team_win_mean:   0.0000	test_ep_length_mean:     200.0000	test_episode_length_mean:199.0000
test_red_team_alives_mean: 20.0000	test_red_team_win_mean:    1.0000	test_return_mean:          1.1950	test_return_std:           0.0000

2026-07-23 23:13:56,515 - my_experiment - bat_mm_EC_42 - my_run - INFO - t_env: 2950844 / 5050000
2026-07-23 23:13:56,516 - my_experiment - bat_mm_EC_42 - my_run - INFO - Estimated time left: 4 hours, 23 minutes, 15 seconds. Time passed: 6 hours, 8 minutes, 42 seconds
2026-07-23 23:19:58,515 - my_experiment - bat_mm_EC_42 - my_run - INFO - Saving models to work_dirs/my_experiment/bat_mm_EC_42/my_run/20260723_170444/models/3000444
2026-07-23 23:19:59,991 - my_experiment - bat_mm_EC_42 - my_run - INFO - Recent Stats | t_env:    3000644 | Episode:    15006
blue_team_alives_mean:     9.3960	blue_team_win_mean:        0.0000	ep_length_mean:          200.0000	episode_length_mean:     199.0000
epsilon:                   0.0500	grad_norm:               262477.4250	info_nce_loss:             0.0783	loss:                    1207.0272
q_loss:                  1097.2974	q_taken_mean:            129.3260	red_team_alives_mean:     20.0000	red_team_win_mean:         1.0000
return_mean:               1.1408	return_std:                0.7035	target_mean:             129.4641	td_error_abs:             25.2513
test_blue_team_alives_mean: 10.4000	test_blue_team_win_mean:   0.0000	test_ep_length_mean:     200.0000	test_episode_length_mean:199.0000
test_red_team_alives_mean: 20.0000	test_red_team_win_mean:    1.0000	test_return_mean:          1.0950	test_return_std:           0.0000

2026-07-23 23:20:01,431 - my_experiment - bat_mm_EC_42 - my_run - INFO - t_env: 3000844 / 5050000
2026-07-23 23:20:01,432 - my_experiment - bat_mm_EC_42 - my_run - INFO - Estimated time left: 4 hours, 9 minutes, 15 seconds. Time passed: 6 hours, 14 minutes, 47 seconds
2026-07-23 23:26:03,533 - my_experiment - bat_mm_EC_42 - my_run - INFO - Recent Stats | t_env:    3050644 | Episode:    15256
blue_team_alives_mean:     8.4120	blue_team_win_mean:        0.0000	ep_length_mean:          200.0000	episode_length_mean:     199.0000
epsilon:                   0.0500	grad_norm:               232295.9844	info_nce_loss:             0.2084	loss:                    1095.9513
q_loss:                  996.3194	q_taken_mean:            126.3680	red_team_alives_mean:     20.0000	red_team_win_mean:         0.9880
return_mean:               1.2275	return_std:                0.8430	target_mean:             126.3008	td_error_abs:             24.1371
test_blue_team_alives_mean: 10.0000	test_blue_team_win_mean:   0.0000	test_ep_length_mean:     200.0000	test_episode_length_mean:199.0000
test_red_team_alives_mean: 20.0000	test_red_team_win_mean:    1.0000	test_return_mean:          1.1120	test_return_std:           0.0000

2026-07-23 23:26:04,981 - my_experiment - bat_mm_EC_42 - my_run - INFO - t_env: 3050844 / 5050000
2026-07-23 23:26:04,981 - my_experiment - bat_mm_EC_42 - my_run - INFO - Estimated time left: 4 hours, 2 minutes, 15 seconds. Time passed: 6 hours, 20 minutes, 50 seconds
2026-07-23 23:32:09,175 - my_experiment - bat_mm_EC_42 - my_run - INFO - Recent Stats | t_env:    3100644 | Episode:    15506
blue_team_alives_mean:     8.1440	blue_team_win_mean:        0.0000	ep_length_mean:          200.0000	episode_length_mean:     199.0000
epsilon:                   0.0500	grad_norm:               286866.5719	info_nce_loss:             0.0147	loss:                    1184.4036
q_loss:                  1076.7305	q_taken_mean:            124.4989	red_team_alives_mean:     20.0000	red_team_win_mean:         0.9800
return_mean:               0.9797	return_std:                1.1816	target_mean:             124.7541	td_error_abs:             26.1057
test_blue_team_alives_mean:  9.2000	test_blue_team_win_mean:   0.0000	test_ep_length_mean:     200.0000	test_episode_length_mean:199.0000
test_red_team_alives_mean: 20.0000	test_red_team_win_mean:    1.0000	test_return_mean:          1.1440	test_return_std:           0.0000

2026-07-23 23:32:10,547 - my_experiment - bat_mm_EC_42 - my_run - INFO - t_env: 3100844 / 5050000
2026-07-23 23:32:10,548 - my_experiment - bat_mm_EC_42 - my_run - INFO - Estimated time left: 3 hours, 57 minutes, 30 seconds. Time passed: 6 hours, 26 minutes, 56 seconds
2026-07-23 23:38:11,452 - my_experiment - bat_mm_EC_42 - my_run - INFO - Recent Stats | t_env:    3150644 | Episode:    15756
blue_team_alives_mean:     8.9080	blue_team_win_mean:        0.0000	ep_length_mean:          200.0000	episode_length_mean:     199.0000
epsilon:                   0.0500	grad_norm:               236527.0250	info_nce_loss:             0.3310	loss:                    1031.8490
q_loss:                  938.0445	q_taken_mean:            123.0725	red_team_alives_mean:     20.0000	red_team_win_mean:         0.9560
return_mean:               0.9479	return_std:                1.1107	target_mean:             122.7850	td_error_abs:             23.6428
test_blue_team_alives_mean:  9.8000	test_blue_team_win_mean:   0.0000	test_ep_length_mean:     200.0000	test_episode_length_mean:199.0000
test_red_team_alives_mean: 20.0000	test_red_team_win_mean:    1.0000	test_return_mean:          0.8510	test_return_std:           0.0000

2026-07-23 23:38:12,844 - my_experiment - bat_mm_EC_42 - my_run - INFO - t_env: 3150844 / 5050000
2026-07-23 23:38:12,845 - my_experiment - bat_mm_EC_42 - my_run - INFO - Estimated time left: 3 hours, 49 minutes, 21 seconds. Time passed: 6 hours, 32 minutes, 58 seconds
2026-07-23 23:44:12,519 - my_experiment - bat_mm_EC_42 - my_run - INFO - Recent Stats | t_env:    3200644 | Episode:    16006
blue_team_alives_mean:     9.8640	blue_team_win_mean:        0.0000	ep_length_mean:          200.0000	episode_length_mean:     199.0000
epsilon:                   0.0500	grad_norm:               225686.6594	info_nce_loss:             0.1200	loss:                    1144.6988
q_loss:                  1040.6352	q_taken_mean:            121.7913	red_team_alives_mean:     20.0000	red_team_win_mean:         0.8800
return_mean:               0.7110	return_std:                1.2982	target_mean:             121.8841	td_error_abs:             24.2917
test_blue_team_alives_mean:  9.4000	test_blue_team_win_mean:   0.0000	test_ep_length_mean:     200.0000	test_episode_length_mean:199.0000
test_red_team_alives_mean: 20.0000	test_red_team_win_mean:    1.0000	test_return_mean:          0.9150	test_return_std:           0.0000

2026-07-23 23:44:14,114 - my_experiment - bat_mm_EC_42 - my_run - INFO - t_env: 3200844 / 5050000
2026-07-23 23:44:14,115 - my_experiment - bat_mm_EC_42 - my_run - INFO - Estimated time left: 3 hours, 42 minutes, 40 seconds. Time passed: 6 hours, 38 minutes, 59 seconds
2026-07-23 23:50:02,292 - my_experiment - bat_mm_EC_42 - my_run - INFO - Recent Stats | t_env:    3250644 | Episode:    16256
blue_team_alives_mean:    10.7400	blue_team_win_mean:        0.0000	ep_length_mean:          200.0000	episode_length_mean:     199.0000
epsilon:                   0.0500	grad_norm:               350069.5031	info_nce_loss:             0.2166	loss:                    1603.8073
q_loss:                  1458.0066	q_taken_mean:            119.7065	red_team_alives_mean:     20.0000	red_team_win_mean:         0.8480
return_mean:               0.2582	return_std:                1.3061	target_mean:             119.3639	td_error_abs:             30.2133
test_blue_team_alives_mean:  8.4000	test_blue_team_win_mean:   0.0000	test_ep_length_mean:     200.0000	test_episode_length_mean:199.0000
test_red_team_alives_mean: 20.0000	test_red_team_win_mean:    1.0000	test_return_mean:          1.0340	test_return_std:           0.0000

2026-07-23 23:50:03,637 - my_experiment - bat_mm_EC_42 - my_run - INFO - t_env: 3250844 / 5050000
2026-07-23 23:50:03,637 - my_experiment - bat_mm_EC_42 - my_run - INFO - Estimated time left: 3 hours, 29 minutes, 36 seconds. Time passed: 6 hours, 44 minutes, 49 seconds
2026-07-23 23:56:05,276 - my_experiment - bat_mm_EC_42 - my_run - INFO - Recent Stats | t_env:    3300644 | Episode:    16506
blue_team_alives_mean:     7.3600	blue_team_win_mean:        0.0000	ep_length_mean:          200.0000	episode_length_mean:     199.0000
epsilon:                   0.0500	grad_norm:               508169.4625	info_nce_loss:             0.1345	loss:                    2389.4594
q_loss:                  2172.2361	q_taken_mean:            119.4864	red_team_alives_mean:     20.0000	red_team_win_mean:         0.9840
return_mean:               1.2044	return_std:                1.0000	target_mean:             119.4762	td_error_abs:             39.5980
test_blue_team_alives_mean:  9.0000	test_blue_team_win_mean:   0.0000	test_ep_length_mean:     200.0000	test_episode_length_mean:199.0000
test_red_team_alives_mean: 20.0000	test_red_team_win_mean:    1.0000	test_return_mean:          0.7590	test_return_std:           0.0000

2026-07-23 23:56:06,737 - my_experiment - bat_mm_EC_42 - my_run - INFO - t_env: 3300844 / 5050000
2026-07-23 23:56:06,738 - my_experiment - bat_mm_EC_42 - my_run - INFO - Estimated time left: 3 hours, 31 minutes, 42 seconds. Time passed: 6 hours, 50 minutes, 52 seconds
2026-07-24 00:02:11,718 - my_experiment - bat_mm_EC_42 - my_run - INFO - Recent Stats | t_env:    3350644 | Episode:    16756
blue_team_alives_mean:     7.6000	blue_team_win_mean:        0.0000	ep_length_mean:          200.0000	episode_length_mean:     199.0000
epsilon:                   0.0500	grad_norm:               395348.0625	info_nce_loss:             0.0482	loss:                    2081.3485
q_loss:                  1892.1350	q_taken_mean:            117.5677	red_team_alives_mean:     20.0000	red_team_win_mean:         0.9920
return_mean:               1.2103	return_std:                1.0379	target_mean:             117.8828	td_error_abs:             35.1919
test_blue_team_alives_mean:  9.6000	test_blue_team_win_mean:   0.0000	test_ep_length_mean:     200.0000	test_episode_length_mean:199.0000
test_red_team_alives_mean: 20.0000	test_red_team_win_mean:    1.0000	test_return_mean:          0.2760	test_return_std:           0.0000

2026-07-24 00:02:13,117 - my_experiment - bat_mm_EC_42 - my_run - INFO - t_env: 3350844 / 5050000
2026-07-24 00:02:13,118 - my_experiment - bat_mm_EC_42 - my_run - INFO - Estimated time left: 3 hours, 27 minutes, 30 seconds. Time passed: 6 hours, 56 minutes, 58 seconds
2026-07-24 00:08:15,094 - my_experiment - bat_mm_EC_42 - my_run - INFO - Recent Stats | t_env:    3400644 | Episode:    17006
blue_team_alives_mean:     9.3280	blue_team_win_mean:        0.0000	ep_length_mean:          200.0000	episode_length_mean:     199.0000
epsilon:                   0.0500	grad_norm:               255640.0219	info_nce_loss:             0.0903	loss:                    944.9590
q_loss:                  859.0536	q_taken_mean:            116.1019	red_team_alives_mean:     20.0000	red_team_win_mean:         0.9160
return_mean:               1.0257	return_std:                1.4210	target_mean:             116.3500	td_error_abs:             23.3719
test_blue_team_alives_mean:  9.2000	test_blue_team_win_mean:   0.0000	test_ep_length_mean:     200.0000	test_episode_length_mean:199.0000
test_red_team_alives_mean: 20.0000	test_red_team_win_mean:    1.0000	test_return_mean:          0.4560	test_return_std:           0.0000

2026-07-24 00:08:16,642 - my_experiment - bat_mm_EC_42 - my_run - INFO - t_env: 3400844 / 5050000
2026-07-24 00:08:16,643 - my_experiment - bat_mm_EC_42 - my_run - INFO - Estimated time left: 3 hours, 19 minutes, 50 seconds. Time passed: 7 hours, 3 minutes, 2 seconds
2026-07-24 00:14:16,176 - my_experiment - bat_mm_EC_42 - my_run - INFO - Recent Stats | t_env:    3450707 | Episode:    17262
blue_team_alives_mean:     6.3582	blue_team_win_mean:        0.0000	ep_length_mean:          196.5182	episode_length_mean:     195.5182
epsilon:                   0.0500	grad_norm:               237633.5594	info_nce_loss:             0.3587	loss:                    1159.3329
q_loss:                  1053.9391	q_taken_mean:            116.6974	red_team_alives_mean:     20.0000	red_team_win_mean:         0.9765
return_mean:               1.6360	return_std:                1.3622	target_mean:             115.8209	td_error_abs:             23.6291
test_blue_team_alives_mean:  9.0000	test_blue_team_win_mean:   0.0000	test_ep_length_mean:     200.0000	test_episode_length_mean:199.0000
test_red_team_alives_mean: 20.0000	test_red_team_win_mean:    1.0000	test_return_mean:          0.4500	test_return_std:           0.0000

2026-07-24 00:14:17,518 - my_experiment - bat_mm_EC_42 - my_run - INFO - t_env: 3450907 / 5050000
2026-07-24 00:14:17,518 - my_experiment - bat_mm_EC_42 - my_run - INFO - Estimated time left: 3 hours, 12 minutes, 6 seconds. Time passed: 7 hours, 9 minutes, 3 seconds
2026-07-24 00:20:03,429 - my_experiment - bat_mm_EC_42 - my_run - INFO - Saving models to work_dirs/my_experiment/bat_mm_EC_42/my_run/20260723_170444/models/3500575
2026-07-24 00:20:04,802 - my_experiment - bat_mm_EC_42 - my_run - INFO - Recent Stats | t_env:    3500775 | Episode:    17515
blue_team_alives_mean:     3.6216	blue_team_win_mean:        0.0000	ep_length_mean:          197.3589	episode_length_mean:     196.3589
epsilon:                   0.0500	grad_norm:               212083.7062	info_nce_loss:             0.3785	loss:                    786.1918
q_loss:                  714.7198	q_taken_mean:            116.2677	red_team_alives_mean:     20.0000	red_team_win_mean:         1.0000
return_mean:               2.3699	return_std:                0.8403	target_mean:             115.8336	td_error_abs:             21.6847
test_blue_team_alives_mean:  8.2000	test_blue_team_win_mean:   0.0000	test_ep_length_mean:     200.0000	test_episode_length_mean:199.0000
test_red_team_alives_mean: 20.0000	test_red_team_win_mean:    1.0000	test_return_mean:          0.7570	test_return_std:           0.0000

2026-07-24 00:20:06,174 - my_experiment - bat_mm_EC_42 - my_run - INFO - t_env: 3500975 / 5050000
2026-07-24 00:20:06,174 - my_experiment - bat_mm_EC_42 - my_run - INFO - Estimated time left: 2 hours, 59 minutes, 46 seconds. Time passed: 7 hours, 14 minutes, 51 seconds
2026-07-24 00:25:53,558 - my_experiment - bat_mm_EC_42 - my_run - INFO - Recent Stats | t_env:    3550862 | Episode:    17768
blue_team_alives_mean:     3.6177	blue_team_win_mean:        0.0000	ep_length_mean:          198.0465	episode_length_mean:     197.0465
epsilon:                   0.0500	grad_norm:               205935.6281	info_nce_loss:             0.1911	loss:                    906.2631
q_loss:                  823.8756	q_taken_mean:            115.1339	red_team_alives_mean:     20.0000	red_team_win_mean:         1.0000
return_mean:               2.2915	return_std:                1.1652	target_mean:             115.3563	td_error_abs:             21.9925
test_blue_team_alives_mean:  6.2000	test_blue_team_win_mean:   0.0000	test_ep_length_mean:     200.0000	test_episode_length_mean:199.0000
test_red_team_alives_mean: 20.0000	test_red_team_win_mean:    1.0000	test_return_mean:          1.2860	test_return_std:           0.0000

2026-07-24 00:25:54,919 - my_experiment - bat_mm_EC_42 - my_run - INFO - t_env: 3551062 / 5050000
2026-07-24 00:25:54,920 - my_experiment - bat_mm_EC_42 - my_run - INFO - Estimated time left: 2 hours, 53 minutes, 56 seconds. Time passed: 7 hours, 20 minutes, 40 seconds
2026-07-24 00:31:43,666 - my_experiment - bat_mm_EC_42 - my_run - INFO - Recent Stats | t_env:    3600913 | Episode:    18019
blue_team_alives_mean:     4.0926	blue_team_win_mean:        0.0000	ep_length_mean:          199.1098	episode_length_mean:     198.1098
epsilon:                   0.0500	grad_norm:               237632.2906	info_nce_loss:             0.2599	loss:                    1753.7050
q_loss:                  1594.2772	q_taken_mean:            114.0590	red_team_alives_mean:     20.0000	red_team_win_mean:         1.0000
return_mean:               2.4338	return_std:                0.7512	target_mean:             113.7305	td_error_abs:             26.9163
test_blue_team_alives_mean:  5.2000	test_blue_team_win_mean:   0.0000	test_ep_length_mean:     200.0000	test_episode_length_mean:199.0000
test_red_team_alives_mean: 20.0000	test_red_team_win_mean:    1.0000	test_return_mean:          1.9540	test_return_std:           0.0000

2026-07-24 00:31:45,104 - my_experiment - bat_mm_EC_42 - my_run - INFO - t_env: 3601113 / 5050000
2026-07-24 00:31:45,105 - my_experiment - bat_mm_EC_42 - my_run - INFO - Estimated time left: 2 hours, 48 minutes, 57 seconds. Time passed: 7 hours, 26 minutes, 30 seconds
2026-07-24 00:37:30,622 - my_experiment - bat_mm_EC_42 - my_run - INFO - Recent Stats | t_env:    3650994 | Episode:    18270
blue_team_alives_mean:     4.1341	blue_team_win_mean:        0.0000	ep_length_mean:          199.5333	episode_length_mean:     198.5333
epsilon:                   0.0500	grad_norm:               208118.3656	info_nce_loss:             0.0894	loss:                    1394.4344
q_loss:                  1267.6676	q_taken_mean:            109.1189	red_team_alives_mean:     20.0000	red_team_win_mean:         1.0000
return_mean:               1.8154	return_std:                1.4322	target_mean:             109.1286	td_error_abs:             25.8091
test_blue_team_alives_mean:  4.2000	test_blue_team_win_mean:   0.0000	test_ep_length_mean:     200.0000	test_episode_length_mean:199.0000
test_red_team_alives_mean: 20.0000	test_red_team_win_mean:    1.0000	test_return_mean:          2.3170	test_return_std:           0.0000

2026-07-24 00:37:32,003 - my_experiment - bat_mm_EC_42 - my_run - INFO - t_env: 3651194 / 5050000
2026-07-24 00:37:32,003 - my_experiment - bat_mm_EC_42 - my_run - INFO - Estimated time left: 2 hours, 41 minutes, 29 seconds. Time passed: 7 hours, 32 minutes, 17 seconds
2026-07-24 00:43:24,158 - my_experiment - bat_mm_EC_42 - my_run - INFO - Recent Stats | t_env:    3701140 | Episode:    18523
blue_team_alives_mean:     5.3120	blue_team_win_mean:        0.0000	ep_length_mean:          198.2370	episode_length_mean:     197.2370
epsilon:                   0.0500	grad_norm:               265607.2812	info_nce_loss:             0.0273	loss:                    1939.1720
q_loss:                  1762.8836	q_taken_mean:            107.7944	red_team_alives_mean:     20.0000	red_team_win_mean:         1.0000
return_mean:               1.8860	return_std:                0.9566	target_mean:             108.4244	td_error_abs:             27.5411
test_blue_team_alives_mean:  3.4000	test_blue_team_win_mean:   0.0000	test_ep_length_mean:     200.0000	test_episode_length_mean:199.0000
test_red_team_alives_mean: 20.0000	test_red_team_win_mean:    1.0000	test_return_mean:          2.7670	test_return_std:           0.0000

2026-07-24 00:43:25,498 - my_experiment - bat_mm_EC_42 - my_run - INFO - t_env: 3701340 / 5050000
2026-07-24 00:43:25,499 - my_experiment - bat_mm_EC_42 - my_run - INFO - Estimated time left: 2 hours, 38 minutes, 27 seconds. Time passed: 7 hours, 38 minutes, 11 seconds
2026-07-24 00:49:22,337 - my_experiment - bat_mm_EC_42 - my_run - INFO - Recent Stats | t_env:    3751304 | Episode:    18775
blue_team_alives_mean:     4.2513	blue_team_win_mean:        0.0000	ep_length_mean:          199.5608	episode_length_mean:     198.5608
epsilon:                   0.0500	grad_norm:               191780.4906	info_nce_loss:             0.0720	loss:                    1269.4405
q_loss:                  1154.0369	q_taken_mean:            106.8747	red_team_alives_mean:     20.0000	red_team_win_mean:         1.0000
return_mean:               2.2089	return_std:                0.7655	target_mean:             107.0763	td_error_abs:             22.2487
test_blue_team_alives_mean:  4.0000	test_blue_team_win_mean:   0.0000	test_ep_length_mean:     200.0000	test_episode_length_mean:199.0000
test_red_team_alives_mean: 20.0000	test_red_team_win_mean:    1.0000	test_return_mean:          2.5030	test_return_std:           0.0000

2026-07-24 00:49:23,681 - my_experiment - bat_mm_EC_42 - my_run - INFO - t_env: 3751504 / 5050000
2026-07-24 00:49:23,682 - my_experiment - bat_mm_EC_42 - my_run - INFO - Estimated time left: 2 hours, 34 minutes, 31 seconds. Time passed: 7 hours, 44 minutes, 9 seconds
2026-07-24 00:55:08,004 - my_experiment - bat_mm_EC_42 - my_run - INFO - Recent Stats | t_env:    3801435 | Episode:    19028
blue_team_alives_mean:     4.1020	blue_team_win_mean:        0.0000	ep_length_mean:          197.6745	episode_length_mean:     196.6745
epsilon:                   0.0500	grad_norm:               235041.1875	info_nce_loss:             0.1915	loss:                    1901.4562
q_loss:                  1728.5966	q_taken_mean:            105.8221	red_team_alives_mean:     20.0000	red_team_win_mean:         1.0000
return_mean:               2.4768	return_std:                0.6809	target_mean:             106.0609	td_error_abs:             26.2325
test_blue_team_alives_mean:  4.2000	test_blue_team_win_mean:   0.0000	test_ep_length_mean:     200.0000	test_episode_length_mean:199.0000
test_red_team_alives_mean: 20.0000	test_red_team_win_mean:    1.0000	test_return_mean:          2.6460	test_return_std:           0.0000

2026-07-24 00:55:09,373 - my_experiment - bat_mm_EC_42 - my_run - INFO - t_env: 3801635 / 5050000
2026-07-24 00:55:09,374 - my_experiment - bat_mm_EC_42 - my_run - INFO - Estimated time left: 2 hours, 23 minutes, 28 seconds. Time passed: 7 hours, 49 minutes, 55 seconds
2026-07-24 01:01:09,100 - my_experiment - bat_mm_EC_42 - my_run - INFO - Recent Stats | t_env:    3851552 | Episode:    19280
blue_team_alives_mean:     4.1713	blue_team_win_mean:        0.0000	ep_length_mean:          198.8902	episode_length_mean:     197.8902
epsilon:                   0.0500	grad_norm:               102390.0254	info_nce_loss:             0.1049	loss:                    976.9087
q_loss:                  888.0988	q_taken_mean:            102.6059	red_team_alives_mean:     20.0000	red_team_win_mean:         1.0000
return_mean:               2.1284	return_std:                0.8947	target_mean:             102.2713	td_error_abs:             19.6734
test_blue_team_alives_mean:  4.0000	test_blue_team_win_mean:   0.0000	test_ep_length_mean:     200.0000	test_episode_length_mean:199.0000
test_red_team_alives_mean: 20.0000	test_red_team_win_mean:    1.0000	test_return_mean:          2.8270	test_return_std:           0.0000

2026-07-24 01:01:10,529 - my_experiment - bat_mm_EC_42 - my_run - INFO - t_env: 3851752 / 5050000
2026-07-24 01:01:10,530 - my_experiment - bat_mm_EC_42 - my_run - INFO - Estimated time left: 2 hours, 23 minutes, 54 seconds. Time passed: 7 hours, 55 minutes, 56 seconds
2026-07-24 01:07:05,205 - my_experiment - bat_mm_EC_42 - my_run - INFO - Recent Stats | t_env:    3901619 | Episode:    19533
blue_team_alives_mean:     3.4378	blue_team_win_mean:        0.0000	ep_length_mean:          198.3137	episode_length_mean:     197.3137
epsilon:                   0.0500	grad_norm:               137998.1844	info_nce_loss:             0.0787	loss:                    1383.8644
q_loss:                  1258.0586	q_taken_mean:            101.4736	red_team_alives_mean:     20.0000	red_team_win_mean:         1.0000
return_mean:               2.3362	return_std:                0.8083	target_mean:             101.5167	td_error_abs:             20.8751
test_blue_team_alives_mean:  3.2000	test_blue_team_win_mean:   0.0000	test_ep_length_mean:     200.0000	test_episode_length_mean:199.0000
test_red_team_alives_mean: 20.0000	test_red_team_win_mean:    1.0000	test_return_mean:          2.9810	test_return_std:           0.0000

2026-07-24 01:07:06,762 - my_experiment - bat_mm_EC_42 - my_run - INFO - t_env: 3901819 / 5050000
2026-07-24 01:07:06,763 - my_experiment - bat_mm_EC_42 - my_run - INFO - Estimated time left: 2 hours, 16 minutes, 9 seconds. Time passed: 8 hours, 1 minutes, 52 seconds
2026-07-24 01:13:08,030 - my_experiment - bat_mm_EC_42 - my_run - INFO - Recent Stats | t_env:    3951764 | Episode:    19789
blue_team_alives_mean:     2.8728	blue_team_win_mean:        0.0000	ep_length_mean:          195.8514	episode_length_mean:     194.8514
epsilon:                   0.0500	grad_norm:               162423.0172	info_nce_loss:             0.2548	loss:                    1612.8219
q_loss:                  1466.2017	q_taken_mean:            100.1790	red_team_alives_mean:     20.0000	red_team_win_mean:         1.0000
return_mean:               2.1514	return_std:                1.4132	target_mean:              99.9180	td_error_abs:             24.2035
test_blue_team_alives_mean:  2.2000	test_blue_team_win_mean:   0.0000	test_ep_length_mean:     200.0000	test_episode_length_mean:199.0000
test_red_team_alives_mean: 20.0000	test_red_team_win_mean:    1.0000	test_return_mean:          2.5480	test_return_std:           0.0000

2026-07-24 01:13:09,366 - my_experiment - bat_mm_EC_42 - my_run - INFO - t_env: 3951964 / 5050000
2026-07-24 01:13:09,366 - my_experiment - bat_mm_EC_42 - my_run - INFO - Estimated time left: 2 hours, 12 minutes, 19 seconds. Time passed: 8 hours, 7 minutes, 55 seconds
2026-07-24 01:18:53,193 - my_experiment - bat_mm_EC_42 - my_run - INFO - Saving models to work_dirs/my_experiment/bat_mm_EC_42/my_run/20260723_170444/models/4000640
2026-07-24 01:19:03,575 - my_experiment - bat_mm_EC_42 - my_run - INFO - Recent Stats | t_env:    4001826 | Episode:    20046
blue_team_alives_mean:     2.5545	blue_team_win_mean:        0.0000	ep_length_mean:          196.8752	episode_length_mean:     195.8752
epsilon:                   0.0500	grad_norm:               123918.7969	info_nce_loss:             0.1256	loss:                    2297.1728
q_loss:                  2088.3389	q_taken_mean:             98.8718	red_team_alives_mean:     20.0000	red_team_win_mean:         1.0000
return_mean:               2.3761	return_std:                1.0045	target_mean:              99.1270	td_error_abs:             21.5505
test_blue_team_alives_mean:  2.8000	test_blue_team_win_mean:   0.0000	test_ep_length_mean:     200.0000	test_episode_length_mean:199.0000
test_red_team_alives_mean: 20.0000	test_red_team_win_mean:    1.0000	test_return_mean:          2.5490	test_return_std:           0.0000

2026-07-24 01:19:04,919 - my_experiment - bat_mm_EC_42 - my_run - INFO - t_env: 4002026 / 5050000
2026-07-24 01:19:04,920 - my_experiment - bat_mm_EC_42 - my_run - INFO - Estimated time left: 2 hours, 4 minutes, 2 seconds. Time passed: 8 hours, 13 minutes, 50 seconds
2026-07-24 01:24:56,161 - my_experiment - bat_mm_EC_42 - my_run - INFO - Recent Stats | t_env:    4051826 | Episode:    20306
blue_team_alives_mean:     2.0753	blue_team_win_mean:        0.0000	ep_length_mean:          190.3034	episode_length_mean:     189.3034
epsilon:                   0.0500	grad_norm:               167759.2043	info_nce_loss:             0.1720	loss:                    1366.0406
q_loss:                  1241.8551	q_taken_mean:             96.8839	red_team_alives_mean:     20.0000	red_team_win_mean:         1.0000
return_mean:               2.8315	return_std:                0.7181	target_mean:              97.6178	td_error_abs:             23.3176
test_blue_team_alives_mean:  2.8000	test_blue_team_win_mean:   0.0000	test_ep_length_mean:     200.0000	test_episode_length_mean:199.0000
test_red_team_alives_mean: 20.0000	test_red_team_win_mean:    1.0000	test_return_mean:          2.5020	test_return_std:           0.0000

2026-07-24 01:24:57,503 - my_experiment - bat_mm_EC_42 - my_run - INFO - t_env: 4052026 / 5050000
2026-07-24 01:24:57,504 - my_experiment - bat_mm_EC_42 - my_run - INFO - Estimated time left: 1 hours, 57 minutes, 17 seconds. Time passed: 8 hours, 19 minutes, 43 seconds
2026-07-24 01:30:37,095 - my_experiment - bat_mm_EC_42 - my_run - INFO - Recent Stats | t_env:    4101907 | Episode:    20560
blue_team_alives_mean:     2.1970	blue_team_win_mean:        0.0000	ep_length_mean:          197.4883	episode_length_mean:     196.4883
epsilon:                   0.0500	grad_norm:               142177.0031	info_nce_loss:             0.0494	loss:                    1666.4973
q_loss:                  1514.9976	q_taken_mean:             94.8725	red_team_alives_mean:     20.0000	red_team_win_mean:         1.0000
return_mean:               2.7944	return_std:                0.5239	target_mean:              95.1121	td_error_abs:             21.9654
test_blue_team_alives_mean:  2.6000	test_blue_team_win_mean:   0.0000	test_ep_length_mean:     200.0000	test_episode_length_mean:199.0000
test_red_team_alives_mean: 20.0000	test_red_team_win_mean:    1.0000	test_return_mean:          2.3870	test_return_std:           0.0000

2026-07-24 01:30:38,486 - my_experiment - bat_mm_EC_42 - my_run - INFO - t_env: 4102107 / 5050000
2026-07-24 01:30:38,486 - my_experiment - bat_mm_EC_42 - my_run - INFO - Estimated time left: 1 hours, 47 minutes, 33 seconds. Time passed: 8 hours, 25 minutes, 24 seconds
2026-07-24 01:36:37,756 - my_experiment - bat_mm_EC_42 - my_run - INFO - Recent Stats | t_env:    4151967 | Episode:    20812
blue_team_alives_mean:     2.2163	blue_team_win_mean:        0.0000	ep_length_mean:          198.4011	episode_length_mean:     197.4011
epsilon:                   0.0500	grad_norm:               204468.0219	info_nce_loss:             0.1510	loss:                    2187.7485
q_loss:                  1988.8623	q_taken_mean:             93.3672	red_team_alives_mean:     20.0000	red_team_win_mean:         1.0000
return_mean:               2.7089	return_std:                0.5228	target_mean:              93.3314	td_error_abs:             27.3806
test_blue_team_alives_mean:  2.8000	test_blue_team_win_mean:   0.0000	test_ep_length_mean:     200.0000	test_episode_length_mean:199.0000
test_red_team_alives_mean: 20.0000	test_red_team_win_mean:    1.0000	test_return_mean:          2.3020	test_return_std:           0.0000

2026-07-24 01:36:39,179 - my_experiment - bat_mm_EC_42 - my_run - INFO - t_env: 4152167 / 5050000
2026-07-24 01:36:39,179 - my_experiment - bat_mm_EC_42 - my_run - INFO - Estimated time left: 1 hours, 47 minutes, 49 seconds. Time passed: 8 hours, 31 minutes, 25 seconds
2026-07-24 01:42:28,883 - my_experiment - bat_mm_EC_42 - my_run - INFO - Recent Stats | t_env:    4201980 | Episode:    21064
blue_team_alives_mean:     2.1569	blue_team_win_mean:        0.0000	ep_length_mean:          198.6510	episode_length_mean:     197.6510
epsilon:                   0.0500	grad_norm:               129692.6953	info_nce_loss:             0.0536	loss:                    1615.1674
q_loss:                  1468.3340	q_taken_mean:             91.0179	red_team_alives_mean:     20.0000	red_team_win_mean:         1.0000
return_mean:               2.9742	return_std:                0.4569	target_mean:              91.1390	td_error_abs:             19.4272
test_blue_team_alives_mean:  3.0000	test_blue_team_win_mean:   0.0000	test_ep_length_mean:     200.0000	test_episode_length_mean:199.0000
test_red_team_alives_mean: 20.0000	test_red_team_win_mean:    1.0000	test_return_mean:          2.8810	test_return_std:           0.0000

2026-07-24 01:42:30,272 - my_experiment - bat_mm_EC_42 - my_run - INFO - t_env: 4202180 / 5050000
2026-07-24 01:42:30,273 - my_experiment - bat_mm_EC_42 - my_run - INFO - Estimated time left: 1 hours, 39 minutes, 11 seconds. Time passed: 8 hours, 37 minutes, 16 seconds
2026-07-24 01:48:28,701 - my_experiment - bat_mm_EC_42 - my_run - INFO - Recent Stats | t_env:    4252153 | Episode:    21316
blue_team_alives_mean:     2.2405	blue_team_win_mean:        0.0000	ep_length_mean:          199.5412	episode_length_mean:     198.5412
epsilon:                   0.0500	grad_norm:               74209.1762	info_nce_loss:             0.1234	loss:                    955.5235
q_loss:                  868.6577	q_taken_mean:             89.1309	red_team_alives_mean:     20.0000	red_team_win_mean:         1.0000
return_mean:               2.9847	return_std:                0.4057	target_mean:              88.9417	td_error_abs:             17.4125
test_blue_team_alives_mean:  2.0000	test_blue_team_win_mean:   0.0000	test_ep_length_mean:     200.0000	test_episode_length_mean:199.0000
test_red_team_alives_mean: 20.0000	test_red_team_win_mean:    1.0000	test_return_mean:          3.1040	test_return_std:           0.0000

2026-07-24 01:48:30,103 - my_experiment - bat_mm_EC_42 - my_run - INFO - t_env: 4252353 / 5050000
2026-07-24 01:48:30,103 - my_experiment - bat_mm_EC_42 - my_run - INFO - Estimated time left: 1 hours, 35 minutes, 20 seconds. Time passed: 8 hours, 43 minutes, 15 seconds
2026-07-24 01:54:19,221 - my_experiment - bat_mm_EC_42 - my_run - INFO - Recent Stats | t_env:    4302296 | Episode:    21567
blue_team_alives_mean:     2.0478	blue_team_win_mean:        0.0000	ep_length_mean:          199.1765	episode_length_mean:     198.1765
epsilon:                   0.0500	grad_norm:               135631.3711	info_nce_loss:             0.1315	loss:                    1045.5044
q_loss:                  950.4585	q_taken_mean:             88.1412	red_team_alives_mean:     20.0000	red_team_win_mean:         1.0000
return_mean:               2.8129	return_std:                0.4950	target_mean:              87.8968	td_error_abs:             22.1474
test_blue_team_alives_mean:  1.8000	test_blue_team_win_mean:   0.0000	test_ep_length_mean:     197.8000	test_episode_length_mean:196.8000
test_red_team_alives_mean: 20.0000	test_red_team_win_mean:    1.0000	test_return_mean:          3.2860	test_return_std:           0.0000

2026-07-24 01:54:20,752 - my_experiment - bat_mm_EC_42 - my_run - INFO - t_env: 4302496 / 5050000
2026-07-24 01:54:20,752 - my_experiment - bat_mm_EC_42 - my_run - INFO - Estimated time left: 1 hours, 27 minutes, 7 seconds. Time passed: 8 hours, 49 minutes, 6 seconds
2026-07-24 02:00:10,453 - my_experiment - bat_mm_EC_42 - my_run - INFO - Recent Stats | t_env:    4352341 | Episode:    21818
blue_team_alives_mean:     1.8575	blue_team_win_mean:        0.0000	ep_length_mean:          199.3922	episode_length_mean:     198.3922
epsilon:                   0.0500	grad_norm:               150457.6375	info_nce_loss:             0.0389	loss:                    1452.3009
q_loss:                  1320.2736	q_taken_mean:             87.9721	red_team_alives_mean:     20.0000	red_team_win_mean:         1.0000
return_mean:               3.1113	return_std:                0.3995	target_mean:              88.2546	td_error_abs:             21.4929
test_blue_team_alives_mean:  1.6000	test_blue_team_win_mean:   0.0000	test_ep_length_mean:     197.8000	test_episode_length_mean:196.8000
test_red_team_alives_mean: 20.0000	test_red_team_win_mean:    1.0000	test_return_mean:          3.4570	test_return_std:           0.0000

2026-07-24 02:00:11,881 - my_experiment - bat_mm_EC_42 - my_run - INFO - t_env: 4352541 / 5050000
2026-07-24 02:00:11,882 - my_experiment - bat_mm_EC_42 - my_run - INFO - Estimated time left: 1 hours, 21 minutes, 33 seconds. Time passed: 8 hours, 54 minutes, 57 seconds
2026-07-24 02:06:09,903 - my_experiment - bat_mm_EC_42 - my_run - INFO - Recent Stats | t_env:    4402422 | Episode:    22069
blue_team_alives_mean:     1.7225	blue_team_win_mean:        0.0000	ep_length_mean:          199.5333	episode_length_mean:     198.5333
epsilon:                   0.0500	grad_norm:               115824.8547	info_nce_loss:             0.0305	loss:                    1247.7993
q_loss:                  1134.3630	q_taken_mean:             85.4411	red_team_alives_mean:     20.0000	red_team_win_mean:         1.0000
return_mean:               3.0302	return_std:                0.3631	target_mean:              85.9080	td_error_abs:             20.0102
test_blue_team_alives_mean:  1.6000	test_blue_team_win_mean:   0.0000	test_ep_length_mean:     197.8000	test_episode_length_mean:196.8000
test_red_team_alives_mean: 20.0000	test_red_team_win_mean:    1.0000	test_return_mean:          3.5460	test_return_std:           0.0000

2026-07-24 02:06:11,297 - my_experiment - bat_mm_EC_42 - my_run - INFO - t_env: 4402622 / 5050000
2026-07-24 02:06:11,298 - my_experiment - bat_mm_EC_42 - my_run - INFO - Estimated time left: 1 hours, 17 minutes, 26 seconds. Time passed: 9 hours, 57 seconds
2026-07-24 02:12:11,667 - my_experiment - bat_mm_EC_42 - my_run - INFO - Recent Stats | t_env:    4452551 | Episode:    22322
blue_team_alives_mean:     1.6824	blue_team_win_mean:        0.0000	ep_length_mean:          198.3529	episode_length_mean:     197.3529
epsilon:                   0.0500	grad_norm:               116683.0984	info_nce_loss:             0.1330	loss:                    1091.1245
q_loss:                  991.9313	q_taken_mean:             84.3410	red_team_alives_mean:     20.0000	red_team_win_mean:         1.0000
return_mean:               3.0369	return_std:                0.4806	target_mean:              84.4318	td_error_abs:             18.4103
test_blue_team_alives_mean:  1.4000	test_blue_team_win_mean:   0.0000	test_ep_length_mean:     197.8000	test_episode_length_mean:196.8000
test_red_team_alives_mean: 20.0000	test_red_team_win_mean:    1.0000	test_return_mean:          3.3690	test_return_std:           0.0000

2026-07-24 02:12:13,200 - my_experiment - bat_mm_EC_42 - my_run - INFO - t_env: 4452751 / 5050000
2026-07-24 02:12:13,201 - my_experiment - bat_mm_EC_42 - my_run - INFO - Estimated time left: 1 hours, 11 minutes, 51 seconds. Time passed: 9 hours, 6 minutes, 59 seconds
2026-07-24 02:17:40,489 - my_experiment - bat_mm_EC_42 - my_run - INFO - Saving models to work_dirs/my_experiment/bat_mm_EC_42/my_run/20260723_170444/models/4500745
2026-07-24 02:17:54,767 - my_experiment - bat_mm_EC_42 - my_run - INFO - Recent Stats | t_env:    4502681 | Episode:    22578
blue_team_alives_mean:     1.4844	blue_team_win_mean:        0.0000	ep_length_mean:          196.0092	episode_length_mean:     195.0092
epsilon:                   0.0500	grad_norm:               110076.5930	info_nce_loss:             0.0902	loss:                    976.1545
q_loss:                  887.4132	q_taken_mean:             83.3729	red_team_alives_mean:     20.0000	red_team_win_mean:         1.0000
return_mean:               3.2215	return_std:                0.3759	target_mean:              83.5113	td_error_abs:             19.4463
test_blue_team_alives_mean:  1.2000	test_blue_team_win_mean:   0.0000	test_ep_length_mean:     197.8000	test_episode_length_mean:196.8000
test_red_team_alives_mean: 20.0000	test_red_team_win_mean:    1.0000	test_return_mean:          3.5240	test_return_std:           0.0000

2026-07-24 02:17:56,256 - my_experiment - bat_mm_EC_42 - my_run - INFO - t_env: 4502865 / 5050000
2026-07-24 02:17:56,257 - my_experiment - bat_mm_EC_42 - my_run - INFO - Estimated time left: 1 hours, 2 minutes, 25 seconds. Time passed: 9 hours, 12 minutes, 42 seconds
2026-07-24 02:23:46,775 - my_experiment - bat_mm_EC_42 - my_run - INFO - Recent Stats | t_env:    4552708 | Episode:    22842
blue_team_alives_mean:     1.4515	blue_team_win_mean:        0.0000	ep_length_mean:          189.4863	episode_length_mean:     188.4863
epsilon:                   0.0500	grad_norm:               97651.8180	info_nce_loss:             0.0448	loss:                    696.9526
q_loss:                  633.5933	q_taken_mean:             82.0526	red_team_alives_mean:     20.0000	red_team_win_mean:         1.0000
return_mean:               3.2261	return_std:                0.5085	target_mean:              82.3374	td_error_abs:             16.8967
test_blue_team_alives_mean:  1.2000	test_blue_team_win_mean:   0.0000	test_ep_length_mean:     200.0000	test_episode_length_mean:199.0000
test_red_team_alives_mean: 20.0000	test_red_team_win_mean:    1.0000	test_return_mean:          3.4500	test_return_std:           0.0000

2026-07-24 02:23:48,111 - my_experiment - bat_mm_EC_42 - my_run - INFO - t_env: 4552908 / 5050000
2026-07-24 02:23:48,112 - my_experiment - bat_mm_EC_42 - my_run - INFO - Estimated time left: 58 minutes, 15 seconds. Time passed: 9 hours, 18 minutes, 33 seconds
2026-07-24 02:29:35,298 - my_experiment - bat_mm_EC_42 - my_run - INFO - Recent Stats | t_env:    4602741 | Episode:    23095
blue_team_alives_mean:     1.4373	blue_team_win_mean:        0.0000	ep_length_mean:          197.8275	episode_length_mean:     196.8275
epsilon:                   0.0500	grad_norm:               117139.6516	info_nce_loss:             0.1313	loss:                    1028.2400
q_loss:                  934.7636	q_taken_mean:             80.8018	red_team_alives_mean:     20.0000	red_team_win_mean:         1.0000
return_mean:               3.1539	return_std:                0.3996	target_mean:              81.0165	td_error_abs:             18.9261
test_blue_team_alives_mean:  1.4000	test_blue_team_win_mean:   0.0000	test_ep_length_mean:     200.0000	test_episode_length_mean:199.0000
test_red_team_alives_mean: 20.0000	test_red_team_win_mean:    1.0000	test_return_mean:          3.3990	test_return_std:           0.0000

2026-07-24 02:29:36,625 - my_experiment - bat_mm_EC_42 - my_run - INFO - t_env: 4602941 / 5050000
2026-07-24 02:29:36,626 - my_experiment - bat_mm_EC_42 - my_run - INFO - Estimated time left: 51 minutes, 54 seconds. Time passed: 9 hours, 24 minutes, 22 seconds
2026-07-24 02:35:24,698 - my_experiment - bat_mm_EC_42 - my_run - INFO - Recent Stats | t_env:    4652785 | Episode:    23348
blue_team_alives_mean:     1.5115	blue_team_win_mean:        0.0000	ep_length_mean:          197.6928	episode_length_mean:     196.6928
epsilon:                   0.0500	grad_norm:               80942.7391	info_nce_loss:             0.0877	loss:                    1193.3246
q_loss:                  1084.8405	q_taken_mean:             79.1109	red_team_alives_mean:     20.0000	red_team_win_mean:         1.0000
return_mean:               3.0862	return_std:                0.4015	target_mean:              79.1869	td_error_abs:             17.4471
test_blue_team_alives_mean:  1.4000	test_blue_team_win_mean:   0.0000	test_ep_length_mean:     200.0000	test_episode_length_mean:199.0000
test_red_team_alives_mean: 20.0000	test_red_team_win_mean:    1.0000	test_return_mean:          3.2140	test_return_std:           0.0000

2026-07-24 02:35:26,029 - my_experiment - bat_mm_EC_42 - my_run - INFO - t_env: 4652985 / 5050000
2026-07-24 02:35:26,030 - my_experiment - bat_mm_EC_42 - my_run - INFO - Estimated time left: 46 minutes, 11 seconds. Time passed: 9 hours, 30 minutes, 11 seconds
2026-07-24 02:41:16,097 - my_experiment - bat_mm_EC_42 - my_run - INFO - Recent Stats | t_env:    4702957 | Episode:    23601
blue_team_alives_mean:     1.4468	blue_team_win_mean:        0.0000	ep_length_mean:          198.3289	episode_length_mean:     197.3289
epsilon:                   0.0500	grad_norm:               83636.2437	info_nce_loss:             0.0773	loss:                    1056.5395
q_loss:                  960.4904	q_taken_mean:             79.1334	red_team_alives_mean:     20.0000	red_team_win_mean:         1.0000
return_mean:               3.2885	return_std:                0.2889	target_mean:              78.8393	td_error_abs:             15.4720
test_blue_team_alives_mean:  1.6000	test_blue_team_win_mean:   0.0000	test_ep_length_mean:     200.0000	test_episode_length_mean:199.0000
test_red_team_alives_mean: 20.0000	test_red_team_win_mean:    1.0000	test_return_mean:          3.3840	test_return_std:           0.0000

2026-07-24 02:41:17,488 - my_experiment - bat_mm_EC_42 - my_run - INFO - t_env: 4703157 / 5050000
2026-07-24 02:41:17,489 - my_experiment - bat_mm_EC_42 - my_run - INFO - Estimated time left: 40 minutes, 29 seconds. Time passed: 9 hours, 36 minutes, 3 seconds
2026-07-24 02:47:04,948 - my_experiment - bat_mm_EC_42 - my_run - INFO - Recent Stats | t_env:    4753027 | Episode:    23858
blue_team_alives_mean:     1.6181	blue_team_win_mean:        0.0000	ep_length_mean:          195.5585	episode_length_mean:     194.5585
epsilon:                   0.0500	grad_norm:               104824.3781	info_nce_loss:             0.1880	loss:                    917.9734
q_loss:                  834.5213	q_taken_mean:             76.1497	red_team_alives_mean:     20.0000	red_team_win_mean:         1.0000
return_mean:               3.1599	return_std:                0.4998	target_mean:              76.4003	td_error_abs:             18.4527
test_blue_team_alives_mean:  1.6000	test_blue_team_win_mean:   0.0000	test_ep_length_mean:     200.0000	test_episode_length_mean:199.0000
test_red_team_alives_mean: 20.0000	test_red_team_win_mean:    1.0000	test_return_mean:          3.3050	test_return_std:           0.0000

2026-07-24 02:47:06,404 - my_experiment - bat_mm_EC_42 - my_run - INFO - t_env: 4753227 / 5050000
2026-07-24 02:47:06,405 - my_experiment - bat_mm_EC_42 - my_run - INFO - Estimated time left: 34 minutes, 28 seconds. Time passed: 9 hours, 41 minutes, 52 seconds
2026-07-24 02:52:53,209 - my_experiment - bat_mm_EC_42 - my_run - INFO - Recent Stats | t_env:    4803167 | Episode:    24114
blue_team_alives_mean:     1.4761	blue_team_win_mean:        0.0000	ep_length_mean:          195.2665	episode_length_mean:     194.2665
epsilon:                   0.0500	grad_norm:               65674.5762	info_nce_loss:             0.0183	loss:                    707.3080
q_loss:                  643.0072	q_taken_mean:             73.4963	red_team_alives_mean:     20.0000	red_team_win_mean:         1.0000
return_mean:               3.1830	return_std:                0.4910	target_mean:              73.5124	td_error_abs:             14.5037
test_blue_team_alives_mean:  1.8000	test_blue_team_win_mean:   0.0000	test_ep_length_mean:     200.0000	test_episode_length_mean:199.0000
test_red_team_alives_mean: 20.0000	test_red_team_win_mean:    1.0000	test_return_mean:          3.1560	test_return_std:           0.0000

2026-07-24 02:52:54,553 - my_experiment - bat_mm_EC_42 - my_run - INFO - t_env: 4803367 / 5050000
2026-07-24 02:52:54,554 - my_experiment - bat_mm_EC_42 - my_run - INFO - Estimated time left: 28 minutes, 32 seconds. Time passed: 9 hours, 47 minutes, 40 seconds
2026-07-24 02:58:59,032 - my_experiment - bat_mm_EC_42 - my_run - INFO - Recent Stats | t_env:    4853314 | Episode:    24372
blue_team_alives_mean:     1.3384	blue_team_win_mean:        0.0000	ep_length_mean:          194.4315	episode_length_mean:     193.4315
epsilon:                   0.0500	grad_norm:               63210.6234	info_nce_loss:             0.1442	loss:                    650.8229
q_loss:                  591.6572	q_taken_mean:             72.5277	red_team_alives_mean:     20.0000	red_team_win_mean:         1.0000
return_mean:               3.2381	return_std:                0.4486	target_mean:              72.2707	td_error_abs:             14.7393
test_blue_team_alives_mean:  1.8000	test_blue_team_win_mean:   0.0000	test_ep_length_mean:     200.0000	test_episode_length_mean:199.0000
test_red_team_alives_mean: 20.0000	test_red_team_win_mean:    1.0000	test_return_mean:          3.2050	test_return_std:           0.0000

2026-07-24 02:59:00,569 - my_experiment - bat_mm_EC_42 - my_run - INFO - t_env: 4853514 / 5050000
2026-07-24 02:59:00,570 - my_experiment - bat_mm_EC_42 - my_run - INFO - Estimated time left: 23 minutes, 54 seconds. Time passed: 9 hours, 53 minutes, 46 seconds
2026-07-24 03:05:07,153 - my_experiment - bat_mm_EC_42 - my_run - INFO - Recent Stats | t_env:    4903403 | Episode:    24626
blue_team_alives_mean:     1.2380	blue_team_win_mean:        0.0000	ep_length_mean:          197.2321	episode_length_mean:     196.2321
epsilon:                   0.0500	grad_norm:               107153.7219	info_nce_loss:             0.0793	loss:                    1132.5503
q_loss:                  1029.5912	q_taken_mean:             71.8436	red_team_alives_mean:     20.0000	red_team_win_mean:         1.0000
return_mean:               3.2184	return_std:                0.3030	target_mean:              71.7667	td_error_abs:             18.9594
test_blue_team_alives_mean:  1.6000	test_blue_team_win_mean:   0.0000	test_ep_length_mean:     200.0000	test_episode_length_mean:199.0000
test_red_team_alives_mean: 20.0000	test_red_team_win_mean:    1.0000	test_return_mean:          3.3860	test_return_std:           0.0000

2026-07-24 03:05:08,497 - my_experiment - bat_mm_EC_42 - my_run - INFO - t_env: 4903603 / 5050000
2026-07-24 03:05:08,498 - my_experiment - bat_mm_EC_42 - my_run - INFO - Estimated time left: 17 minutes, 55 seconds. Time passed: 9 hours, 59 minutes, 54 seconds
2026-07-24 03:10:57,414 - my_experiment - bat_mm_EC_42 - my_run - INFO - Recent Stats | t_env:    4953492 | Episode:    24883
blue_team_alives_mean:     1.1733	blue_team_win_mean:        0.0000	ep_length_mean:          194.6023	episode_length_mean:     193.6023
epsilon:                   0.0500	grad_norm:               100254.0602	info_nce_loss:             0.0134	loss:                    695.7178
q_loss:                  632.4707	q_taken_mean:             70.8267	red_team_alives_mean:     20.0000	red_team_win_mean:         1.0000
return_mean:               3.3726	return_std:                0.3307	target_mean:              70.5174	td_error_abs:             18.3696
test_blue_team_alives_mean:  1.4000	test_blue_team_win_mean:   0.0000	test_ep_length_mean:     197.0000	test_episode_length_mean:196.0000
test_red_team_alives_mean: 20.0000	test_red_team_win_mean:    1.0000	test_return_mean:          3.5230	test_return_std:           0.0000

2026-07-24 03:10:58,752 - my_experiment - bat_mm_EC_42 - my_run - INFO - t_env: 4953692 / 5050000
2026-07-24 03:10:58,752 - my_experiment - bat_mm_EC_42 - my_run - INFO - Estimated time left: 11 minutes, 13 seconds. Time passed: 10 hours, 5 minutes, 44 seconds
2026-07-24 03:16:41,837 - my_experiment - bat_mm_EC_42 - my_run - INFO - Saving models to work_dirs/my_experiment/bat_mm_EC_42/my_run/20260723_170444/models/5000934
2026-07-24 03:17:00,592 - my_experiment - bat_mm_EC_42 - my_run - INFO - Recent Stats | t_env:    5003673 | Episode:    25149
blue_team_alives_mean:     1.1289	blue_team_win_mean:        0.0000	ep_length_mean:          191.1012	episode_length_mean:     190.1012
epsilon:                   0.0500	grad_norm:               71272.8953	info_nce_loss:             0.0257	loss:                    765.1595
q_loss:                  695.5996	q_taken_mean:             68.9558	red_team_alives_mean:     20.0000	red_team_win_mean:         1.0000
return_mean:               3.3431	return_std:                0.4124	target_mean:              68.6984	td_error_abs:             14.3394
test_blue_team_alives_mean:  1.4000	test_blue_team_win_mean:   0.0000	test_ep_length_mean:     197.0000	test_episode_length_mean:196.0000
test_red_team_alives_mean: 20.0000	test_red_team_win_mean:    1.0000	test_return_mean:          3.4220	test_return_std:           0.0000

2026-07-24 03:17:01,932 - my_experiment - bat_mm_EC_42 - my_run - INFO - t_env: 5003873 / 5050000
2026-07-24 03:17:01,932 - my_experiment - bat_mm_EC_42 - my_run - INFO - Estimated time left: 5 minutes, 33 seconds. Time passed: 10 hours, 11 minutes, 47 seconds
2026-07-24 03:22:35,068 - my_experiment - bat_mm_EC_42 - my_run - INFO - Finished Training
