Gym has been unmaintained since 2022 and does not support NumPy 2.0 amongst other critical functionality.
Please upgrade to Gymnasium, the maintained drop-in replacement of Gym, or contact the authors of your software and request that they upgrade.
Users of this version of Gym should be able to simply replace 'import gym' with 'import gymnasium as gym' in the vast majority of cases.
See the migration guide at https://gymnasium.farama.org/introduction/migration_guide/ for additional information.
src/main.py:81: DeprecationWarning: Using or importing the ABCs from 'collections' instead of from 'collections.abc' is deprecated since Python 3.3, and in 3.10 it will stop working
  if isinstance(v, collections.Mapping):
wandb: [wandb.login()] Loaded credentials for https://api.wandb.ai from /home/pparsons/.netrc.
wandb: Currently logged in as: peterparsons02 (peterparsons02-eth-z-rich) to https://api.wandb.ai. Use `wandb login --relogin` to force relogin
wandb: setting up run 0mlbthui
wandb: Tracking run with wandb version 0.24.1
wandb: Run data is saved locally in /usr/itetnas04/data-scratch-01/pparsons/data/MyExpoComm/wandb/run-20260919_134838-0mlbthui
wandb: Run `wandb offline` to turn off syncing.
wandb: Syncing run my_run-bat_60_ExpoComm_IQL_5M_43-20260919_134838
wandb: ⭐️ View project at https://wandb.ai/peterparsons02-eth-z-rich/my_experiment
wandb: 🚀 View run at https://wandb.ai/peterparsons02-eth-z-rich/my_experiment/runs/0mlbthui
2026-09-19 13:48:39,898 - my_experiment - bat_60_ExpoComm_IQL_5M_43 - my_run - INFO - Current directory: /usr/itetnas04/data-scratch-01/pparsons/data/MyExpoComm.
2026-09-19 13:48:39,898 - my_experiment - bat_60_ExpoComm_IQL_5M_43 - my_run - INFO - Experiment Parameters:
2026-09-19 13:48:39,899 - my_experiment - bat_60_ExpoComm_IQL_5M_43 - my_run - INFO - 

{   'action_selector': 'epsilon_greedy',
    'add_value_last_step': True,
    'agent': 'ExpoComm_one_peer_cont',
    'agent_output_type': 'q',
    'attention_dim': 32,
    'aux_coef': 0.1,
    'batch_size': 16,
    'batch_size_run': 1,
    'buffer_cpu_only': True,
    'buffer_size': 1000,
    'checkpoint_path': '',
    'double_q': True,
    'env': 'MAgent_Battle',
    'env_args': {   'global_reward': True,
                    'map_name': 'battle_view7',
                    'map_size': 60,
                    'max_cycles': 200,
                    'minimap_mode': False,
                    'pretrained_ckpt': None,
                    'seed': 43},
    'epsilon_anneal_time': 1000000,
    'epsilon_finish': 0.05,
    'epsilon_start': 1.0,
    'evaluate': False,
    'evaluation_epsilon': 0.0,
    'exp_name': 'my_experiment',
    'gamma': 0.99,
    'global_reward': True,
    'grad_norm_clip': 10,
    'hidden_dim': 64,
    'hypergroup': None,
    'hypernet_embed': 64,
    'hypernet_layers': 2,
    'label': 'default_label',
    'learner': 'cont_q_learner',
    'learner_log_interval': 10000,
    'load_step': 0,
    'local_results_path': 'results',
    'log_interval': 50000,
    'lr': 0.0005,
    'mac': 'ExpoComm_mac',
    'mixer': None,
    'mixing_embed_dim': 64,
    'name': 'bat_60_ExpoComm_IQL_5M_43',
    'neg_num': 20,
    'obs_agent_id': True,
    'obs_individual_obs': False,
    'obs_last_action': True,
    'one_peer': True,
    'optim_alpha': 0.99,
    'optim_eps': 1e-05,
    'pos_flag': False,
    'render': False,
    'repeat_id': 1,
    'run_name': 'my_run',
    'runner': 'episode',
    'runner_log_interval': 10000,
    'save_model': True,
    'save_model_interval': 500000,
    'save_replay': False,
    'seed': 43,
    'standardise_returns': False,
    'standardise_rewards': True,
    't_max': 5050000,
    'target_update_interval_or_tau': 200,
    'temperature': 0.07,
    'test_greedy': True,
    'test_interval': 50000,
    'test_nepisode': 1,
    'topk_neighbors': 7,
    'use_cuda': True,
    'use_rnn': True,
    'use_tensorboard': True,
    'work_dir': 'work_dirs/my_experiment/bat_60_ExpoComm_IQL_5M_43/my_run/20260919_134838'}

/usr/itetnas04/data-scratch-01/pparsons/data/conda_envs/ExpoComm/lib/python3.8/site-packages/pettingzoo/utils/conversions.py:41: UserWarning: The `from_parallel` function is deprecated. Use the `parallel_to_aec` function instead.
  warnings.warn("The `from_parallel` function is deprecated. Use the `parallel_to_aec` function instead.")
/usr/itetnas04/data-scratch-01/pparsons/data/conda_envs/ExpoComm/lib/python3.8/site-packages/pettingzoo/utils/wrappers/base.py:44: UserWarning: The `observation_spaces` dictionary is deprecated. Use the `observation_space` function instead.
  warnings.warn("The `observation_spaces` dictionary is deprecated. Use the `observation_space` function instead.")
/usr/itetnas04/data-scratch-01/pparsons/data/conda_envs/ExpoComm/lib/python3.8/site-packages/pettingzoo/utils/conversions.py:36: UserWarning: The `to_parallel` function is deprecated. Use the `aec_to_parallel` function instead.
  warnings.warn("The `to_parallel` function is deprecated. Use the `aec_to_parallel` function instead.")
/usr/itetnas04/data-scratch-01/pparsons/data/conda_envs/ExpoComm/lib/python3.8/site-packages/pettingzoo/utils/conversions.py:80: UserWarning: The `action_spaces` dictionary is deprecated. Use the `action_space` function instead.
  warnings.warn("The `action_spaces` dictionary is deprecated. Use the `action_space` function instead.")
/usr/itetnas04/data-scratch-01/pparsons/data/conda_envs/ExpoComm/lib/python3.8/site-packages/pettingzoo/utils/wrappers/base.py:52: UserWarning: The `action_spaces` dictionary is deprecated. Use the `action_space` function instead.
  warnings.warn("The `action_spaces` dictionary is deprecated. Use the `action_space` function instead.")
/usr/itetnas04/data-scratch-01/pparsons/data/conda_envs/ExpoComm/lib/python3.8/site-packages/pettingzoo/utils/conversions.py:72: UserWarning: The `observation_spaces` dictionary is deprecated. Use the `observation_space` function instead.
  warnings.warn("The `observation_spaces` dictionary is deprecated. Use the `observation_space` function instead.")
2026-09-19 13:48:52,632 - my_experiment - bat_60_ExpoComm_IQL_5M_43 - my_run - INFO - Beginning training for 5050000 timesteps
/usr/itetnas04/data-scratch-01/pparsons/data/MyExpoComm/src/envs/battle_wrappers.py:265: UserWarning: To copy construct from a tensor, it is recommended to use sourceTensor.clone().detach() or sourceTensor.clone().detach().requires_grad_(True), rather than torch.tensor(sourceTensor).
  actions = torch.tensor(actions, dtype=torch.long)
2026-09-19 13:48:57,676 - my_experiment - bat_60_ExpoComm_IQL_5M_43 - my_run - INFO - t_env: 200 / 5050000
2026-09-19 13:48:57,676 - my_experiment - bat_60_ExpoComm_IQL_5M_43 - my_run - INFO - Estimated time left: 8 minutes, 27 seconds. Time passed: 5 seconds
2026-09-19 13:49:02,127 - my_experiment - bat_60_ExpoComm_IQL_5M_43 - my_run - INFO - Saving models to work_dirs/my_experiment/bat_60_ExpoComm_IQL_5M_43/my_run/20260919_134838/models/200
2026-09-19 14:11:39,153 - my_experiment - bat_60_ExpoComm_IQL_5M_43 - my_run - INFO - Recent Stats | t_env:      50000 | Episode:      250
blue_team_alives_mean:   143.9960	blue_team_win_mean:        0.0000	ep_length_mean:          200.0000	episode_length_mean:     199.0000
epsilon:                   0.9620	grad_norm:               48606.7078	info_nce_loss:             1.8014	loss:                    22493.2828
q_loss:                  20448.4387	q_taken_mean:              0.0011	red_team_alives_mean:    144.0000	red_team_win_mean:         0.0040
return_mean:              -8.4715	return_std:                0.0489	target_mean:               0.0370	td_error_abs:            113.9715
test_blue_team_alives_mean:144.0000	test_blue_team_win_mean:   0.0000	test_ep_length_mean:     200.0000	test_episode_length_mean:199.0000
test_red_team_alives_mean:144.0000	test_red_team_win_mean:    0.0000	test_return_mean:         -1.9778	test_return_std:           0.0000

2026-09-19 14:11:44,657 - my_experiment - bat_60_ExpoComm_IQL_5M_43 - my_run - INFO - t_env: 50200 / 5050000
2026-09-19 14:11:44,658 - my_experiment - bat_60_ExpoComm_IQL_5M_43 - my_run - INFO - Estimated time left: 1 days, 13 hours, 58 minutes, 12 seconds. Time passed: 22 minutes, 52 seconds
2026-09-19 14:34:34,572 - my_experiment - bat_60_ExpoComm_IQL_5M_43 - my_run - INFO - Recent Stats | t_env:     100000 | Episode:      500
blue_team_alives_mean:   144.0000	blue_team_win_mean:        0.0000	ep_length_mean:          200.0000	episode_length_mean:     199.0000
epsilon:                   0.9145	grad_norm:               368502.5973	info_nce_loss:             0.2970	loss:                    23134.5516
q_loss:                  21031.4105	q_taken_mean:              0.0144	red_team_alives_mean:    144.0000	red_team_win_mean:         0.0000
return_mean:              -8.1311	return_std:                0.0566	target_mean:               0.1997	td_error_abs:            116.1893
test_blue_team_alives_mean:144.0000	test_blue_team_win_mean:   0.0000	test_ep_length_mean:     200.0000	test_episode_length_mean:199.0000
test_red_team_alives_mean:144.0000	test_red_team_win_mean:    0.0000	test_return_mean:         -1.4889	test_return_std:           0.0000

2026-09-19 14:34:40,080 - my_experiment - bat_60_ExpoComm_IQL_5M_43 - my_run - INFO - t_env: 100200 / 5050000
2026-09-19 14:34:40,082 - my_experiment - bat_60_ExpoComm_IQL_5M_43 - my_run - INFO - Estimated time left: 1 days, 13 hours, 49 minutes, 21 seconds. Time passed: 45 minutes, 47 seconds
2026-09-19 14:57:13,101 - my_experiment - bat_60_ExpoComm_IQL_5M_43 - my_run - INFO - Recent Stats | t_env:     150000 | Episode:      750
blue_team_alives_mean:   144.0000	blue_team_win_mean:        0.0000	ep_length_mean:          200.0000	episode_length_mean:     199.0000
epsilon:                   0.8670	grad_norm:               51280.9879	info_nce_loss:             1.0825	loss:                    24518.4430
q_loss:                  22289.4934	q_taken_mean:              0.3044	red_team_alives_mean:    144.0000	red_team_win_mean:         0.0000
return_mean:              -7.7847	return_std:                0.0584	target_mean:               0.5311	td_error_abs:            119.4924
test_blue_team_alives_mean:144.0000	test_blue_team_win_mean:   0.0000	test_ep_length_mean:     200.0000	test_episode_length_mean:199.0000
test_red_team_alives_mean:144.0000	test_red_team_win_mean:    0.0000	test_return_mean:         -1.3259	test_return_std:           0.0000

2026-09-19 14:57:18,543 - my_experiment - bat_60_ExpoComm_IQL_5M_43 - my_run - INFO - t_env: 150200 / 5050000
2026-09-19 14:57:18,544 - my_experiment - bat_60_ExpoComm_IQL_5M_43 - my_run - INFO - Estimated time left: 1 days, 12 hours, 58 minutes, 43 seconds. Time passed: 1 hours, 8 minutes, 25 seconds
2026-09-19 15:19:44,150 - my_experiment - bat_60_ExpoComm_IQL_5M_43 - my_run - INFO - Recent Stats | t_env:     200000 | Episode:     1000
blue_team_alives_mean:   144.0000	blue_team_win_mean:        0.0000	ep_length_mean:          200.0000	episode_length_mean:     199.0000
epsilon:                   0.8195	grad_norm:               31065.2066	info_nce_loss:             0.5148	loss:                    25786.3180
q_loss:                  23442.1074	q_taken_mean:              0.9905	red_team_alives_mean:    144.0000	red_team_win_mean:         0.0000
return_mean:              -7.4255	return_std:                0.0580	target_mean:               1.1552	td_error_abs:            122.1525
test_blue_team_alives_mean:144.0000	test_blue_team_win_mean:   0.0000	test_ep_length_mean:     200.0000	test_episode_length_mean:199.0000
test_red_team_alives_mean:144.0000	test_red_team_win_mean:    0.0000	test_return_mean:         -1.2444	test_return_std:           0.0000

2026-09-19 15:19:49,846 - my_experiment - bat_60_ExpoComm_IQL_5M_43 - my_run - INFO - t_env: 200200 / 5050000
2026-09-19 15:19:49,847 - my_experiment - bat_60_ExpoComm_IQL_5M_43 - my_run - INFO - Estimated time left: 1 days, 12 hours, 24 minutes, 30 seconds. Time passed: 1 hours, 30 minutes, 57 seconds
2026-09-19 15:43:24,867 - my_experiment - bat_60_ExpoComm_IQL_5M_43 - my_run - INFO - Recent Stats | t_env:     250000 | Episode:     1250
blue_team_alives_mean:   144.0000	blue_team_win_mean:        0.0000	ep_length_mean:          200.0000	episode_length_mean:     199.0000
epsilon:                   0.7720	grad_norm:               53560.7320	info_nce_loss:             0.6526	loss:                    29315.7379
q_loss:                  26650.6707	q_taken_mean:              1.7577	red_team_alives_mean:    144.0000	red_team_win_mean:         0.0000
return_mean:              -7.0686	return_std:                0.0564	target_mean:               2.1150	td_error_abs:            131.3459
test_blue_team_alives_mean:144.0000	test_blue_team_win_mean:   0.0000	test_ep_length_mean:     200.0000	test_episode_length_mean:199.0000
test_red_team_alives_mean:144.0000	test_red_team_win_mean:    0.0000	test_return_mean:         -1.1956	test_return_std:           0.0000

2026-09-19 15:43:30,548 - my_experiment - bat_60_ExpoComm_IQL_5M_43 - my_run - INFO - t_env: 250200 / 5050000
2026-09-19 15:43:30,550 - my_experiment - bat_60_ExpoComm_IQL_5M_43 - my_run - INFO - Estimated time left: 1 days, 13 hours, 53 minutes, 1 seconds. Time passed: 1 hours, 54 minutes, 37 seconds
2026-09-19 16:07:03,020 - my_experiment - bat_60_ExpoComm_IQL_5M_43 - my_run - INFO - Recent Stats | t_env:     300000 | Episode:     1500
blue_team_alives_mean:   144.0000	blue_team_win_mean:        0.0000	ep_length_mean:          200.0000	episode_length_mean:     199.0000
epsilon:                   0.7245	grad_norm:               108390.1508	info_nce_loss:             0.9754	loss:                    26794.0469
q_loss:                  24358.2242	q_taken_mean:              2.9925	red_team_alives_mean:    144.0000	red_team_win_mean:         0.0000
return_mean:              -6.6969	return_std:                0.0580	target_mean:               3.1547	td_error_abs:            125.0327
test_blue_team_alives_mean:144.0000	test_blue_team_win_mean:   0.0000	test_ep_length_mean:     200.0000	test_episode_length_mean:199.0000
test_red_team_alives_mean:144.0000	test_red_team_win_mean:    0.0000	test_return_mean:         -1.0000	test_return_std:           0.0000

2026-09-19 16:07:08,650 - my_experiment - bat_60_ExpoComm_IQL_5M_43 - my_run - INFO - t_env: 300200 / 5050000
2026-09-19 16:07:08,652 - my_experiment - bat_60_ExpoComm_IQL_5M_43 - my_run - INFO - Estimated time left: 1 days, 13 hours, 25 minutes, 13 seconds. Time passed: 2 hours, 18 minutes, 16 seconds
2026-09-19 16:30:18,169 - my_experiment - bat_60_ExpoComm_IQL_5M_43 - my_run - INFO - Recent Stats | t_env:     350000 | Episode:     1750
blue_team_alives_mean:   144.0000	blue_team_win_mean:        0.0000	ep_length_mean:          200.0000	episode_length_mean:     199.0000
epsilon:                   0.6770	grad_norm:               77321.0676	info_nce_loss:             0.3086	loss:                    26258.8746
q_loss:                  23871.7039	q_taken_mean:              4.2655	red_team_alives_mean:    144.0000	red_team_win_mean:         0.0000
return_mean:              -6.3445	return_std:                0.0511	target_mean:               4.4325	td_error_abs:            120.7428
test_blue_team_alives_mean:144.0000	test_blue_team_win_mean:   0.0000	test_ep_length_mean:     200.0000	test_episode_length_mean:199.0000
test_red_team_alives_mean:144.0000	test_red_team_win_mean:    0.0000	test_return_mean:         -1.0000	test_return_std:           0.0000

2026-09-19 16:30:23,548 - my_experiment - bat_60_ExpoComm_IQL_5M_43 - my_run - INFO - t_env: 350200 / 5050000
2026-09-19 16:30:23,549 - my_experiment - bat_60_ExpoComm_IQL_5M_43 - my_run - INFO - Estimated time left: 1 days, 12 hours, 25 minutes, 14 seconds. Time passed: 2 hours, 41 minutes, 30 seconds
2026-09-19 16:52:47,910 - my_experiment - bat_60_ExpoComm_IQL_5M_43 - my_run - INFO - Recent Stats | t_env:     400000 | Episode:     2000
blue_team_alives_mean:   144.0000	blue_team_win_mean:        0.0000	ep_length_mean:          200.0000	episode_length_mean:     199.0000
epsilon:                   0.6295	grad_norm:               58426.2063	info_nce_loss:             0.5471	loss:                    25444.8836
q_loss:                  23131.7125	q_taken_mean:              5.7210	red_team_alives_mean:    144.0000	red_team_win_mean:         0.0000
return_mean:              -5.9765	return_std:                0.0537	target_mean:               5.9635	td_error_abs:            116.4792
test_blue_team_alives_mean:144.0000	test_blue_team_win_mean:   0.0000	test_ep_length_mean:     200.0000	test_episode_length_mean:199.0000
test_red_team_alives_mean:144.0000	test_red_team_win_mean:    0.0000	test_return_mean:         -1.0000	test_return_std:           0.0000

2026-09-19 16:52:53,250 - my_experiment - bat_60_ExpoComm_IQL_5M_43 - my_run - INFO - t_env: 400200 / 5050000
2026-09-19 16:52:53,251 - my_experiment - bat_60_ExpoComm_IQL_5M_43 - my_run - INFO - Estimated time left: 1 days, 10 hours, 51 minutes, 56 seconds. Time passed: 3 hours, 4 minutes, 0 seconds
2026-09-19 17:15:15,785 - my_experiment - bat_60_ExpoComm_IQL_5M_43 - my_run - INFO - Recent Stats | t_env:     450000 | Episode:     2250
blue_team_alives_mean:   144.0000	blue_team_win_mean:        0.0000	ep_length_mean:          200.0000	episode_length_mean:     199.0000
epsilon:                   0.5820	grad_norm:               55759.1090	info_nce_loss:             0.4879	loss:                    35664.1258
q_loss:                  32421.9326	q_taken_mean:              7.3500	red_team_alives_mean:    144.0000	red_team_win_mean:         0.0000
return_mean:              -5.6174	return_std:                0.0556	target_mean:               7.8872	td_error_abs:            139.7790
test_blue_team_alives_mean:144.0000	test_blue_team_win_mean:   0.0000	test_ep_length_mean:     200.0000	test_episode_length_mean:199.0000
test_red_team_alives_mean:144.0000	test_red_team_win_mean:    0.0000	test_return_mean:         -1.0000	test_return_std:           0.0000

2026-09-19 17:15:21,162 - my_experiment - bat_60_ExpoComm_IQL_5M_43 - my_run - INFO - t_env: 450200 / 5050000
2026-09-19 17:15:21,163 - my_experiment - bat_60_ExpoComm_IQL_5M_43 - my_run - INFO - Estimated time left: 1 days, 10 hours, 26 minutes, 42 seconds. Time passed: 3 hours, 26 minutes, 28 seconds
2026-09-19 17:37:44,912 - my_experiment - bat_60_ExpoComm_IQL_5M_43 - my_run - INFO - Recent Stats | t_env:     500000 | Episode:     2500
blue_team_alives_mean:   144.0000	blue_team_win_mean:        0.0000	ep_length_mean:          200.0000	episode_length_mean:     199.0000
epsilon:                   0.5345	grad_norm:               57479.3121	info_nce_loss:             0.6559	loss:                    28024.6801
q_loss:                  25476.9824	q_taken_mean:              9.3264	red_team_alives_mean:    144.0000	red_team_win_mean:         0.0000
return_mean:              -5.2497	return_std:                0.0510	target_mean:               9.5754	td_error_abs:            112.5641
test_blue_team_alives_mean:144.0000	test_blue_team_win_mean:   0.0000	test_ep_length_mean:     200.0000	test_episode_length_mean:199.0000
test_red_team_alives_mean:144.0000	test_red_team_win_mean:    0.0000	test_return_mean:         -1.0000	test_return_std:           0.0000

2026-09-19 17:37:50,300 - my_experiment - bat_60_ExpoComm_IQL_5M_43 - my_run - INFO - t_env: 500200 / 5050000
2026-09-19 17:37:50,302 - my_experiment - bat_60_ExpoComm_IQL_5M_43 - my_run - INFO - Estimated time left: 1 days, 10 hours, 6 minutes, 6 seconds. Time passed: 3 hours, 48 minutes, 57 seconds
2026-09-19 17:37:54,730 - my_experiment - bat_60_ExpoComm_IQL_5M_43 - my_run - INFO - Saving models to work_dirs/my_experiment/bat_60_ExpoComm_IQL_5M_43/my_run/20260919_134838/models/500200
2026-09-19 18:00:11,607 - my_experiment - bat_60_ExpoComm_IQL_5M_43 - my_run - INFO - Recent Stats | t_env:     550000 | Episode:     2750
blue_team_alives_mean:   144.0000	blue_team_win_mean:        0.0000	ep_length_mean:          200.0000	episode_length_mean:     199.0000
epsilon:                   0.4870	grad_norm:               76701.8410	info_nce_loss:             0.6843	loss:                    27435.6574
q_loss:                  24941.5066	q_taken_mean:             10.9349	red_team_alives_mean:    144.0000	red_team_win_mean:         0.0000
return_mean:              -4.8912	return_std:                0.0519	target_mean:              11.1590	td_error_abs:            106.5705
test_blue_team_alives_mean:144.0000	test_blue_team_win_mean:   0.0000	test_ep_length_mean:     200.0000	test_episode_length_mean:199.0000
test_red_team_alives_mean:144.0000	test_red_team_win_mean:    0.0000	test_return_mean:         -1.0000	test_return_std:           0.0000

2026-09-19 18:00:17,024 - my_experiment - bat_60_ExpoComm_IQL_5M_43 - my_run - INFO - t_env: 550200 / 5050000
2026-09-19 18:00:17,025 - my_experiment - bat_60_ExpoComm_IQL_5M_43 - my_run - INFO - Estimated time left: 1 days, 9 hours, 39 minutes, 59 seconds. Time passed: 4 hours, 11 minutes, 24 seconds
2026-09-19 18:22:41,753 - my_experiment - bat_60_ExpoComm_IQL_5M_43 - my_run - INFO - Recent Stats | t_env:     600000 | Episode:     3000
blue_team_alives_mean:   144.0000	blue_team_win_mean:        0.0000	ep_length_mean:          200.0000	episode_length_mean:     199.0000
epsilon:                   0.4395	grad_norm:               382167.2828	info_nce_loss:             0.9607	loss:                    30427.7863
q_loss:                  27661.6236	q_taken_mean:             12.5992	red_team_alives_mean:    144.0000	red_team_win_mean:         0.0000
return_mean:              -4.5314	return_std:                0.0503	target_mean:              12.9216	td_error_abs:            108.9267
test_blue_team_alives_mean:144.0000	test_blue_team_win_mean:   0.0000	test_ep_length_mean:     200.0000	test_episode_length_mean:199.0000
test_red_team_alives_mean:144.0000	test_red_team_win_mean:    0.0000	test_return_mean:         -1.0000	test_return_std:           0.0000

2026-09-19 18:22:47,140 - my_experiment - bat_60_ExpoComm_IQL_5M_43 - my_run - INFO - t_env: 600200 / 5050000
2026-09-19 18:22:47,141 - my_experiment - bat_60_ExpoComm_IQL_5M_43 - my_run - INFO - Estimated time left: 1 days, 9 hours, 22 minutes, 34 seconds. Time passed: 4 hours, 33 minutes, 54 seconds
2026-09-19 18:45:12,628 - my_experiment - bat_60_ExpoComm_IQL_5M_43 - my_run - INFO - Recent Stats | t_env:     650000 | Episode:     3250
blue_team_alives_mean:   144.0000	blue_team_win_mean:        0.0000	ep_length_mean:          200.0000	episode_length_mean:     199.0000
epsilon:                   0.3920	grad_norm:               436166.7973	info_nce_loss:             0.9123	loss:                    43276.4801
q_loss:                  39342.2539	q_taken_mean:             14.1529	red_team_alives_mean:    144.0000	red_team_win_mean:         0.0000
return_mean:              -4.1660	return_std:                0.0475	target_mean:              14.7980	td_error_abs:            140.4464
test_blue_team_alives_mean:144.0000	test_blue_team_win_mean:   0.0000	test_ep_length_mean:     200.0000	test_episode_length_mean:199.0000
test_red_team_alives_mean:144.0000	test_red_team_win_mean:    0.0000	test_return_mean:         -1.0000	test_return_std:           0.0000

2026-09-19 18:45:18,058 - my_experiment - bat_60_ExpoComm_IQL_5M_43 - my_run - INFO - t_env: 650200 / 5050000
2026-09-19 18:45:18,059 - my_experiment - bat_60_ExpoComm_IQL_5M_43 - my_run - INFO - Estimated time left: 1 days, 9 hours, 1 minutes, 15 seconds. Time passed: 4 hours, 56 minutes, 25 seconds
2026-09-19 19:07:43,488 - my_experiment - bat_60_ExpoComm_IQL_5M_43 - my_run - INFO - Recent Stats | t_env:     700000 | Episode:     3500
blue_team_alives_mean:   144.0000	blue_team_win_mean:        0.0000	ep_length_mean:          200.0000	episode_length_mean:     199.0000
epsilon:                   0.3445	grad_norm:               862572.0828	info_nce_loss:             1.0480	loss:                    35199.5840
q_loss:                  31999.6219	q_taken_mean:             16.0279	red_team_alives_mean:    144.0000	red_team_win_mean:         0.0000
return_mean:              -3.8066	return_std:                0.0452	target_mean:              16.4043	td_error_abs:            111.7572
test_blue_team_alives_mean:144.0000	test_blue_team_win_mean:   0.0000	test_ep_length_mean:     200.0000	test_episode_length_mean:199.0000
test_red_team_alives_mean:144.0000	test_red_team_win_mean:    0.0000	test_return_mean:         -1.0000	test_return_std:           0.0000

2026-09-19 19:07:48,890 - my_experiment - bat_60_ExpoComm_IQL_5M_43 - my_run - INFO - t_env: 700200 / 5050000
2026-09-19 19:07:48,892 - my_experiment - bat_60_ExpoComm_IQL_5M_43 - my_run - INFO - Estimated time left: 1 days, 8 hours, 38 minutes, 36 seconds. Time passed: 5 hours, 18 minutes, 56 seconds
2026-09-19 19:30:13,768 - my_experiment - bat_60_ExpoComm_IQL_5M_43 - my_run - INFO - Recent Stats | t_env:     750000 | Episode:     3750
blue_team_alives_mean:   144.0000	blue_team_win_mean:        0.0000	ep_length_mean:          200.0000	episode_length_mean:     199.0000
epsilon:                   0.2970	grad_norm:               1168059.8953	info_nce_loss:             1.1095	loss:                    39134.0437
q_loss:                  35576.4035	q_taken_mean:             17.5991	red_team_alives_mean:    144.0000	red_team_win_mean:         0.0000
return_mean:              -3.4405	return_std:                0.0435	target_mean:              18.0008	td_error_abs:            116.3187
test_blue_team_alives_mean:144.0000	test_blue_team_win_mean:   0.0000	test_ep_length_mean:     200.0000	test_episode_length_mean:199.0000
test_red_team_alives_mean:144.0000	test_red_team_win_mean:    0.0000	test_return_mean:         -1.0000	test_return_std:           0.0000

2026-09-19 19:30:19,175 - my_experiment - bat_60_ExpoComm_IQL_5M_43 - my_run - INFO - t_env: 750200 / 5050000
2026-09-19 19:30:19,177 - my_experiment - bat_60_ExpoComm_IQL_5M_43 - my_run - INFO - Estimated time left: 1 days, 8 hours, 15 minutes, 19 seconds. Time passed: 5 hours, 41 minutes, 26 seconds
2026-09-19 19:53:49,818 - my_experiment - bat_60_ExpoComm_IQL_5M_43 - my_run - INFO - Recent Stats | t_env:     800000 | Episode:     4000
blue_team_alives_mean:   144.0000	blue_team_win_mean:        0.0000	ep_length_mean:          200.0000	episode_length_mean:     199.0000
epsilon:                   0.2495	grad_norm:               716654.8953	info_nce_loss:             1.3019	loss:                    37353.8133
q_loss:                  33958.0121	q_taken_mean:             19.1387	red_team_alives_mean:    144.0000	red_team_win_mean:         0.0000
return_mean:              -3.0834	return_std:                0.0437	target_mean:              19.6360	td_error_abs:            110.0361
test_blue_team_alives_mean:144.0000	test_blue_team_win_mean:   0.0000	test_ep_length_mean:     200.0000	test_episode_length_mean:199.0000
test_red_team_alives_mean:144.0000	test_red_team_win_mean:    0.0000	test_return_mean:         -1.0000	test_return_std:           0.0000

2026-09-19 19:53:55,513 - my_experiment - bat_60_ExpoComm_IQL_5M_43 - my_run - INFO - t_env: 800200 / 5050000
2026-09-19 19:53:55,514 - my_experiment - bat_60_ExpoComm_IQL_5M_43 - my_run - INFO - Estimated time left: 1 days, 9 hours, 26 minutes, 22 seconds. Time passed: 6 hours, 5 minutes, 2 seconds
2026-09-19 20:17:37,394 - my_experiment - bat_60_ExpoComm_IQL_5M_43 - my_run - INFO - Recent Stats | t_env:     850000 | Episode:     4250
blue_team_alives_mean:   144.0000	blue_team_win_mean:        0.0000	ep_length_mean:          200.0000	episode_length_mean:     199.0000
epsilon:                   0.2020	grad_norm:               1447069.7750	info_nce_loss:             1.5568	loss:                    51987.2789
q_loss:                  47261.1617	q_taken_mean:             20.8627	red_team_alives_mean:    144.0000	red_team_win_mean:         0.0000
return_mean:              -2.7191	return_std:                0.0431	target_mean:              21.5377	td_error_abs:            145.0853
test_blue_team_alives_mean:144.0000	test_blue_team_win_mean:   0.0000	test_ep_length_mean:     200.0000	test_episode_length_mean:199.0000
test_red_team_alives_mean:144.0000	test_red_team_win_mean:    0.0000	test_return_mean:         -1.0000	test_return_std:           0.0000

2026-09-19 20:17:43,044 - my_experiment - bat_60_ExpoComm_IQL_5M_43 - my_run - INFO - t_env: 850200 / 5050000
2026-09-19 20:17:43,045 - my_experiment - bat_60_ExpoComm_IQL_5M_43 - my_run - INFO - Estimated time left: 1 days, 9 hours, 18 minutes, 26 seconds. Time passed: 6 hours, 28 minutes, 50 seconds
2026-09-19 20:41:26,324 - my_experiment - bat_60_ExpoComm_IQL_5M_43 - my_run - INFO - Recent Stats | t_env:     900000 | Episode:     4500
blue_team_alives_mean:   144.0000	blue_team_win_mean:        0.0000	ep_length_mean:          200.0000	episode_length_mean:     199.0000
epsilon:                   0.1545	grad_norm:               1854129.5500	info_nce_loss:             1.2110	loss:                    45881.3199
q_loss:                  41710.2910	q_taken_mean:             22.4984	red_team_alives_mean:    144.0000	red_team_win_mean:         0.0000
return_mean:              -2.3577	return_std:                0.0345	target_mean:              23.0888	td_error_abs:            123.0846
test_blue_team_alives_mean:144.0000	test_blue_team_win_mean:   0.0000	test_ep_length_mean:     200.0000	test_episode_length_mean:199.0000
test_red_team_alives_mean:144.0000	test_red_team_win_mean:    0.0000	test_return_mean:         -1.0000	test_return_std:           0.0000

2026-09-19 20:41:31,991 - my_experiment - bat_60_ExpoComm_IQL_5M_43 - my_run - INFO - t_env: 900200 / 5050000
2026-09-19 20:41:31,993 - my_experiment - bat_60_ExpoComm_IQL_5M_43 - my_run - INFO - Estimated time left: 1 days, 8 hours, 56 minutes, 36 seconds. Time passed: 6 hours, 52 minutes, 39 seconds
2026-09-19 21:05:13,503 - my_experiment - bat_60_ExpoComm_IQL_5M_43 - my_run - INFO - Recent Stats | t_env:     950000 | Episode:     4750
blue_team_alives_mean:   144.0000	blue_team_win_mean:        0.0000	ep_length_mean:          200.0000	episode_length_mean:     199.0000
epsilon:                   0.1070	grad_norm:               3304027.2781	info_nce_loss:             0.9467	loss:                    49689.9414
q_loss:                  45172.6742	q_taken_mean:             23.9719	red_team_alives_mean:    144.0000	red_team_win_mean:         0.0000
return_mean:              -1.9982	return_std:                0.0341	target_mean:              24.4691	td_error_abs:            122.9839
test_blue_team_alives_mean:144.0000	test_blue_team_win_mean:   0.0000	test_ep_length_mean:     200.0000	test_episode_length_mean:199.0000
test_red_team_alives_mean:144.0000	test_red_team_win_mean:    0.0000	test_return_mean:         -1.0000	test_return_std:           0.0000

2026-09-19 21:05:19,201 - my_experiment - bat_60_ExpoComm_IQL_5M_43 - my_run - INFO - t_env: 950200 / 5050000
2026-09-19 21:05:19,203 - my_experiment - bat_60_ExpoComm_IQL_5M_43 - my_run - INFO - Estimated time left: 1 days, 8 hours, 30 minutes, 25 seconds. Time passed: 7 hours, 16 minutes, 26 seconds
2026-09-19 21:29:00,619 - my_experiment - bat_60_ExpoComm_IQL_5M_43 - my_run - INFO - Recent Stats | t_env:    1000000 | Episode:     5000
blue_team_alives_mean:   144.0000	blue_team_win_mean:        0.0000	ep_length_mean:          200.0000	episode_length_mean:     199.0000
epsilon:                   0.0595	grad_norm:               5061450.9500	info_nce_loss:             1.7959	loss:                    61252.5914
q_loss:                  55684.1742	q_taken_mean:             25.7928	red_team_alives_mean:    144.0000	red_team_win_mean:         0.0000
return_mean:              -1.6317	return_std:                0.0293	target_mean:              26.2135	td_error_abs:            135.7937
test_blue_team_alives_mean:144.0000	test_blue_team_win_mean:   0.0000	test_ep_length_mean:     200.0000	test_episode_length_mean:199.0000
test_red_team_alives_mean:144.0000	test_red_team_win_mean:    0.0000	test_return_mean:         -1.0000	test_return_std:           0.0000

2026-09-19 21:29:06,353 - my_experiment - bat_60_ExpoComm_IQL_5M_43 - my_run - INFO - t_env: 1000200 / 5050000
2026-09-19 21:29:06,354 - my_experiment - bat_60_ExpoComm_IQL_5M_43 - my_run - INFO - Estimated time left: 1 days, 8 hours, 6 minutes, 33 seconds. Time passed: 7 hours, 40 minutes, 13 seconds
2026-09-19 21:29:11,059 - my_experiment - bat_60_ExpoComm_IQL_5M_43 - my_run - INFO - Saving models to work_dirs/my_experiment/bat_60_ExpoComm_IQL_5M_43/my_run/20260919_134838/models/1000200
2026-09-19 21:52:51,043 - my_experiment - bat_60_ExpoComm_IQL_5M_43 - my_run - INFO - Recent Stats | t_env:    1050000 | Episode:     5250
blue_team_alives_mean:   144.0000	blue_team_win_mean:        0.0000	ep_length_mean:          200.0000	episode_length_mean:     199.0000
epsilon:                   0.0500	grad_norm:               1916239.7000	info_nce_loss:             1.2485	loss:                    56347.8539
q_loss:                  51225.3227	q_taken_mean:             27.5021	red_team_alives_mean:    144.0000	red_team_win_mean:         0.0000
return_mean:              -1.3866	return_std:                0.0188	target_mean:              28.1705	td_error_abs:            136.6743
test_blue_team_alives_mean:144.0000	test_blue_team_win_mean:   0.0000	test_ep_length_mean:     200.0000	test_episode_length_mean:199.0000
test_red_team_alives_mean:144.0000	test_red_team_win_mean:    0.0000	test_return_mean:         -1.0000	test_return_std:           0.0000

2026-09-19 21:52:56,686 - my_experiment - bat_60_ExpoComm_IQL_5M_43 - my_run - INFO - t_env: 1050200 / 5050000
2026-09-19 21:52:56,688 - my_experiment - bat_60_ExpoComm_IQL_5M_43 - my_run - INFO - Estimated time left: 1 days, 7 hours, 47 minutes, 0 seconds. Time passed: 8 hours, 4 minutes, 4 seconds
2026-09-19 22:16:38,927 - my_experiment - bat_60_ExpoComm_IQL_5M_43 - my_run - INFO - Recent Stats | t_env:    1100000 | Episode:     5500
blue_team_alives_mean:   144.0000	blue_team_win_mean:        0.0000	ep_length_mean:          200.0000	episode_length_mean:     199.0000
epsilon:                   0.0500	grad_norm:               7098548.1000	info_nce_loss:             1.4689	loss:                    77516.9508
q_loss:                  70469.9563	q_taken_mean:             29.3721	red_team_alives_mean:    144.0000	red_team_win_mean:         0.0000
return_mean:              -1.3802	return_std:                0.0154	target_mean:              29.7274	td_error_abs:            141.6035
test_blue_team_alives_mean:144.0000	test_blue_team_win_mean:   0.0000	test_ep_length_mean:     200.0000	test_episode_length_mean:199.0000
test_red_team_alives_mean:144.0000	test_red_team_win_mean:    0.0000	test_return_mean:         -1.0000	test_return_std:           0.0000

2026-09-19 22:16:44,605 - my_experiment - bat_60_ExpoComm_IQL_5M_43 - my_run - INFO - t_env: 1100200 / 5050000
2026-09-19 22:16:44,606 - my_experiment - bat_60_ExpoComm_IQL_5M_43 - my_run - INFO - Estimated time left: 1 days, 7 hours, 19 minutes, 59 seconds. Time passed: 8 hours, 27 minutes, 51 seconds
2026-09-19 22:40:28,655 - my_experiment - bat_60_ExpoComm_IQL_5M_43 - my_run - INFO - Recent Stats | t_env:    1150000 | Episode:     5750
blue_team_alives_mean:   144.0000	blue_team_win_mean:        0.0000	ep_length_mean:          200.0000	episode_length_mean:     199.0000
epsilon:                   0.0500	grad_norm:               5044891.0500	info_nce_loss:             0.9379	loss:                    66571.3281
q_loss:                  60519.3891	q_taken_mean:             30.7052	red_team_alives_mean:    144.0000	red_team_win_mean:         0.0000
return_mean:              -1.3805	return_std:                0.0169	target_mean:              31.3041	td_error_abs:            128.2142
test_blue_team_alives_mean:144.0000	test_blue_team_win_mean:   0.0000	test_ep_length_mean:     200.0000	test_episode_length_mean:199.0000
test_red_team_alives_mean:144.0000	test_red_team_win_mean:    0.0000	test_return_mean:         -1.0000	test_return_std:           0.0000

2026-09-19 22:40:34,342 - my_experiment - bat_60_ExpoComm_IQL_5M_43 - my_run - INFO - t_env: 1150200 / 5050000
2026-09-19 22:40:34,345 - my_experiment - bat_60_ExpoComm_IQL_5M_43 - my_run - INFO - Estimated time left: 1 days, 6 hours, 58 minutes, 33 seconds. Time passed: 8 hours, 51 minutes, 41 seconds
2026-09-19 23:04:16,359 - my_experiment - bat_60_ExpoComm_IQL_5M_43 - my_run - INFO - Recent Stats | t_env:    1200000 | Episode:     6000
blue_team_alives_mean:   144.0000	blue_team_win_mean:        0.0000	ep_length_mean:          200.0000	episode_length_mean:     199.0000
epsilon:                   0.0500	grad_norm:               3239481.2875	info_nce_loss:             1.5386	loss:                    59021.8906
q_loss:                  53656.2648	q_taken_mean:             31.9485	red_team_alives_mean:    144.0000	red_team_win_mean:         0.0000
return_mean:              -1.3813	return_std:                0.0147	target_mean:              32.4191	td_error_abs:            105.0896
test_blue_team_alives_mean:144.0000	test_blue_team_win_mean:   0.0000	test_ep_length_mean:     200.0000	test_episode_length_mean:199.0000
test_red_team_alives_mean:144.0000	test_red_team_win_mean:    0.0000	test_return_mean:         -1.0000	test_return_std:           0.0000

2026-09-19 23:04:22,035 - my_experiment - bat_60_ExpoComm_IQL_5M_43 - my_run - INFO - t_env: 1200200 / 5050000
2026-09-19 23:04:22,037 - my_experiment - bat_60_ExpoComm_IQL_5M_43 - my_run - INFO - Estimated time left: 1 days, 6 hours, 32 minutes, 6 seconds. Time passed: 9 hours, 15 minutes, 29 seconds
2026-09-19 23:28:06,536 - my_experiment - bat_60_ExpoComm_IQL_5M_43 - my_run - INFO - Recent Stats | t_env:    1250000 | Episode:     6250
blue_team_alives_mean:   144.0000	blue_team_win_mean:        0.0000	ep_length_mean:          200.0000	episode_length_mean:     199.0000
epsilon:                   0.0500	grad_norm:               5842397.8500	info_nce_loss:             1.5145	loss:                    72337.6555
q_loss:                  65761.5063	q_taken_mean:             32.8328	red_team_alives_mean:    144.0000	red_team_win_mean:         0.0000
return_mean:              -1.3817	return_std:                0.0156	target_mean:              33.4677	td_error_abs:            125.6420
test_blue_team_alives_mean:144.0000	test_blue_team_win_mean:   0.0000	test_ep_length_mean:     200.0000	test_episode_length_mean:199.0000
test_red_team_alives_mean:144.0000	test_red_team_win_mean:    0.0000	test_return_mean:         -1.0000	test_return_std:           0.0000

2026-09-19 23:28:12,236 - my_experiment - bat_60_ExpoComm_IQL_5M_43 - my_run - INFO - t_env: 1250200 / 5050000
2026-09-19 23:28:12,238 - my_experiment - bat_60_ExpoComm_IQL_5M_43 - my_run - INFO - Estimated time left: 1 days, 6 hours, 11 minutes, 29 seconds. Time passed: 9 hours, 39 minutes, 19 seconds
2026-09-19 23:51:56,583 - my_experiment - bat_60_ExpoComm_IQL_5M_43 - my_run - INFO - Recent Stats | t_env:    1300000 | Episode:     6500
blue_team_alives_mean:   144.0000	blue_team_win_mean:        0.0000	ep_length_mean:          200.0000	episode_length_mean:     199.0000
epsilon:                   0.0500	grad_norm:               5315908.7500	info_nce_loss:             1.5810	loss:                    63497.1375
q_loss:                  57724.6703	q_taken_mean:             34.1811	red_team_alives_mean:    144.0000	red_team_win_mean:         0.0000
return_mean:              -1.3799	return_std:                0.0157	target_mean:              34.7297	td_error_abs:            111.1332
test_blue_team_alives_mean:144.0000	test_blue_team_win_mean:   0.0000	test_ep_length_mean:     200.0000	test_episode_length_mean:199.0000
test_red_team_alives_mean:144.0000	test_red_team_win_mean:    0.0000	test_return_mean:         -1.0000	test_return_std:           0.0000

2026-09-19 23:52:02,297 - my_experiment - bat_60_ExpoComm_IQL_5M_43 - my_run - INFO - t_env: 1300200 / 5050000
2026-09-19 23:52:02,299 - my_experiment - bat_60_ExpoComm_IQL_5M_43 - my_run - INFO - Estimated time left: 1 days, 5 hours, 47 minutes, 28 seconds. Time passed: 10 hours, 3 minutes, 9 seconds
2026-09-20 00:15:48,312 - my_experiment - bat_60_ExpoComm_IQL_5M_43 - my_run - INFO - Recent Stats | t_env:    1350000 | Episode:     6750
blue_team_alives_mean:   144.0000	blue_team_win_mean:        0.0000	ep_length_mean:          200.0000	episode_length_mean:     199.0000
epsilon:                   0.0500	grad_norm:               7020215.6000	info_nce_loss:             1.4592	loss:                    63768.3039
q_loss:                  57971.1852	q_taken_mean:             35.6110	red_team_alives_mean:    144.0000	red_team_win_mean:         0.0000
return_mean:              -1.3791	return_std:                0.0160	target_mean:              35.8983	td_error_abs:            107.2867
test_blue_team_alives_mean:144.0000	test_blue_team_win_mean:   0.0000	test_ep_length_mean:     200.0000	test_episode_length_mean:199.0000
test_red_team_alives_mean:144.0000	test_red_team_win_mean:    0.0000	test_return_mean:         -1.0000	test_return_std:           0.0000

2026-09-20 00:15:54,015 - my_experiment - bat_60_ExpoComm_IQL_5M_43 - my_run - INFO - t_env: 1350200 / 5050000
2026-09-20 00:15:54,016 - my_experiment - bat_60_ExpoComm_IQL_5M_43 - my_run - INFO - Estimated time left: 1 days, 5 hours, 25 minutes, 41 seconds. Time passed: 10 hours, 27 minutes, 1 seconds
2026-09-20 00:39:37,385 - my_experiment - bat_60_ExpoComm_IQL_5M_43 - my_run - INFO - Recent Stats | t_env:    1400000 | Episode:     7000
blue_team_alives_mean:   144.0000	blue_team_win_mean:        0.0000	ep_length_mean:          200.0000	episode_length_mean:     199.0000
epsilon:                   0.0500	grad_norm:               9640012.6000	info_nce_loss:             0.6302	loss:                    73264.0031
q_loss:                  66603.6445	q_taken_mean:             36.0742	red_team_alives_mean:    144.0000	red_team_win_mean:         0.0000
return_mean:              -1.3802	return_std:                0.0154	target_mean:              36.1813	td_error_abs:            104.0946
test_blue_team_alives_mean:144.0000	test_blue_team_win_mean:   0.0000	test_ep_length_mean:     200.0000	test_episode_length_mean:199.0000
test_red_team_alives_mean:144.0000	test_red_team_win_mean:    0.0000	test_return_mean:         -1.0000	test_return_std:           0.0000

2026-09-20 00:39:43,104 - my_experiment - bat_60_ExpoComm_IQL_5M_43 - my_run - INFO - t_env: 1400200 / 5050000
2026-09-20 00:39:43,105 - my_experiment - bat_60_ExpoComm_IQL_5M_43 - my_run - INFO - Estimated time left: 1 days, 4 hours, 58 minutes, 37 seconds. Time passed: 10 hours, 50 minutes, 50 seconds
2026-09-20 01:02:40,542 - my_experiment - bat_60_ExpoComm_IQL_5M_43 - my_run - INFO - Recent Stats | t_env:    1450000 | Episode:     7250
blue_team_alives_mean:   144.0000	blue_team_win_mean:        0.0000	ep_length_mean:          200.0000	episode_length_mean:     199.0000
epsilon:                   0.0500	grad_norm:               4097473.3312	info_nce_loss:             1.2070	loss:                    62581.4391
q_loss:                  56892.2250	q_taken_mean:             36.6299	red_team_alives_mean:    144.0000	red_team_win_mean:         0.0000
return_mean:              -1.3812	return_std:                0.0174	target_mean:              36.9665	td_error_abs:            104.6562
test_blue_team_alives_mean:144.0000	test_blue_team_win_mean:   0.0000	test_ep_length_mean:     200.0000	test_episode_length_mean:199.0000
test_red_team_alives_mean:144.0000	test_red_team_win_mean:    0.0000	test_return_mean:         -1.0000	test_return_std:           0.0000

2026-09-20 01:02:46,070 - my_experiment - bat_60_ExpoComm_IQL_5M_43 - my_run - INFO - t_env: 1450200 / 5050000
2026-09-20 01:02:46,072 - my_experiment - bat_60_ExpoComm_IQL_5M_43 - my_run - INFO - Estimated time left: 1 days, 3 hours, 39 minutes, 27 seconds. Time passed: 11 hours, 13 minutes, 53 seconds
2026-09-20 01:25:41,732 - my_experiment - bat_60_ExpoComm_IQL_5M_43 - my_run - INFO - Recent Stats | t_env:    1500000 | Episode:     7500
blue_team_alives_mean:   144.0000	blue_team_win_mean:        0.0000	ep_length_mean:          200.0000	episode_length_mean:     199.0000
epsilon:                   0.0500	grad_norm:               8209458.0750	info_nce_loss:             1.8204	loss:                    65187.5938
q_loss:                  59261.4492	q_taken_mean:             38.1846	red_team_alives_mean:    144.0000	red_team_win_mean:         0.0000
return_mean:              -1.3808	return_std:                0.0159	target_mean:              38.1226	td_error_abs:             91.0896
test_blue_team_alives_mean:144.0000	test_blue_team_win_mean:   0.0000	test_ep_length_mean:     200.0000	test_episode_length_mean:199.0000
test_red_team_alives_mean:144.0000	test_red_team_win_mean:    0.0000	test_return_mean:         -1.0000	test_return_std:           0.0000

2026-09-20 01:25:47,171 - my_experiment - bat_60_ExpoComm_IQL_5M_43 - my_run - INFO - t_env: 1500200 / 5050000
2026-09-20 01:25:47,172 - my_experiment - bat_60_ExpoComm_IQL_5M_43 - my_run - INFO - Estimated time left: 1 days, 3 hours, 14 minutes, 12 seconds. Time passed: 11 hours, 36 minutes, 54 seconds
2026-09-20 01:25:51,762 - my_experiment - bat_60_ExpoComm_IQL_5M_43 - my_run - INFO - Saving models to work_dirs/my_experiment/bat_60_ExpoComm_IQL_5M_43/my_run/20260919_134838/models/1500200
2026-09-20 01:48:44,102 - my_experiment - bat_60_ExpoComm_IQL_5M_43 - my_run - INFO - Recent Stats | t_env:    1550000 | Episode:     7750
blue_team_alives_mean:   144.0000	blue_team_win_mean:        0.0000	ep_length_mean:          200.0000	episode_length_mean:     199.0000
epsilon:                   0.0500	grad_norm:               6931121.4625	info_nce_loss:             1.1335	loss:                    58132.8422
q_loss:                  52848.0383	q_taken_mean:             38.6155	red_team_alives_mean:    144.0000	red_team_win_mean:         0.0000
return_mean:              -1.3807	return_std:                0.0146	target_mean:              38.6942	td_error_abs:             88.4909
test_blue_team_alives_mean:144.0000	test_blue_team_win_mean:   0.0000	test_ep_length_mean:     200.0000	test_episode_length_mean:199.0000
test_red_team_alives_mean:144.0000	test_red_team_win_mean:    0.0000	test_return_mean:         -1.0000	test_return_std:           0.0000

2026-09-20 01:48:49,629 - my_experiment - bat_60_ExpoComm_IQL_5M_43 - my_run - INFO - t_env: 1550200 / 5050000
2026-09-20 01:48:49,631 - my_experiment - bat_60_ExpoComm_IQL_5M_43 - my_run - INFO - Estimated time left: 1 days, 2 hours, 52 minutes, 46 seconds. Time passed: 11 hours, 59 minutes, 56 seconds
2026-09-20 02:11:42,975 - my_experiment - bat_60_ExpoComm_IQL_5M_43 - my_run - INFO - Recent Stats | t_env:    1600000 | Episode:     8000
blue_team_alives_mean:   144.0000	blue_team_win_mean:        0.0000	ep_length_mean:          200.0000	episode_length_mean:     199.0000
epsilon:                   0.0500	grad_norm:               16916155.4250	info_nce_loss:             1.8118	loss:                    141705.5312
q_loss:                  128823.2102	q_taken_mean:             40.5101	red_team_alives_mean:    144.0000	red_team_win_mean:         0.0000
return_mean:              -1.3811	return_std:                0.0156	target_mean:              40.0369	td_error_abs:            142.5224
test_blue_team_alives_mean:144.0000	test_blue_team_win_mean:   0.0000	test_ep_length_mean:     200.0000	test_episode_length_mean:199.0000
test_red_team_alives_mean:144.0000	test_red_team_win_mean:    0.0000	test_return_mean:         -1.0000	test_return_std:           0.0000

2026-09-20 02:11:48,535 - my_experiment - bat_60_ExpoComm_IQL_5M_43 - my_run - INFO - t_env: 1600200 / 5050000
2026-09-20 02:11:48,536 - my_experiment - bat_60_ExpoComm_IQL_5M_43 - my_run - INFO - Estimated time left: 1 days, 2 hours, 25 minutes, 38 seconds. Time passed: 12 hours, 22 minutes, 55 seconds
2026-09-20 02:34:44,203 - my_experiment - bat_60_ExpoComm_IQL_5M_43 - my_run - INFO - Recent Stats | t_env:    1650000 | Episode:     8250
blue_team_alives_mean:   144.0000	blue_team_win_mean:        0.0000	ep_length_mean:          200.0000	episode_length_mean:     199.0000
epsilon:                   0.0500	grad_norm:               11841334.4000	info_nce_loss:             0.4758	loss:                    75333.1672
q_loss:                  68484.6961	q_taken_mean:             40.4193	red_team_alives_mean:    144.0000	red_team_win_mean:         0.0000
return_mean:              -1.3810	return_std:                0.0164	target_mean:              40.7714	td_error_abs:            103.3698
test_blue_team_alives_mean:144.0000	test_blue_team_win_mean:   0.0000	test_ep_length_mean:     200.0000	test_episode_length_mean:199.0000
test_red_team_alives_mean:144.0000	test_red_team_win_mean:    0.0000	test_return_mean:         -1.0000	test_return_std:           0.0000

2026-09-20 02:34:49,713 - my_experiment - bat_60_ExpoComm_IQL_5M_43 - my_run - INFO - t_env: 1650200 / 5050000
2026-09-20 02:34:49,715 - my_experiment - bat_60_ExpoComm_IQL_5M_43 - my_run - INFO - Estimated time left: 1 days, 2 hours, 5 minutes, 14 seconds. Time passed: 12 hours, 45 minutes, 57 seconds
2026-09-20 02:57:45,578 - my_experiment - bat_60_ExpoComm_IQL_5M_43 - my_run - INFO - Recent Stats | t_env:    1700000 | Episode:     8500
blue_team_alives_mean:   144.0000	blue_team_win_mean:        0.0000	ep_length_mean:          200.0000	episode_length_mean:     199.0000
epsilon:                   0.0500	grad_norm:               14078702.1000	info_nce_loss:             1.4865	loss:                    87437.2320
q_loss:                  79488.3914	q_taken_mean:             41.2180	red_team_alives_mean:    144.0000	red_team_win_mean:         0.0000
return_mean:              -1.3816	return_std:                0.0166	target_mean:              41.2645	td_error_abs:            109.6686
test_blue_team_alives_mean:144.0000	test_blue_team_win_mean:   0.0000	test_ep_length_mean:     200.0000	test_episode_length_mean:199.0000
test_red_team_alives_mean:144.0000	test_red_team_win_mean:    0.0000	test_return_mean:         -1.0000	test_return_std:           0.0000

2026-09-20 02:57:51,183 - my_experiment - bat_60_ExpoComm_IQL_5M_43 - my_run - INFO - t_env: 1700200 / 5050000
2026-09-20 02:57:51,185 - my_experiment - bat_60_ExpoComm_IQL_5M_43 - my_run - INFO - Estimated time left: 1 days, 1 hours, 42 minutes, 32 seconds. Time passed: 13 hours, 8 minutes, 58 seconds
2026-09-20 03:20:46,495 - my_experiment - bat_60_ExpoComm_IQL_5M_43 - my_run - INFO - Recent Stats | t_env:    1750000 | Episode:     8750
blue_team_alives_mean:   144.0000	blue_team_win_mean:        0.0000	ep_length_mean:          200.0000	episode_length_mean:     199.0000
epsilon:                   0.0500	grad_norm:               9251903.4000	info_nce_loss:             1.7573	loss:                    70856.0547
q_loss:                  64414.5945	q_taken_mean:             42.0700	red_team_alives_mean:    144.0000	red_team_win_mean:         0.0000
return_mean:              -1.3818	return_std:                0.0148	target_mean:              42.2837	td_error_abs:             72.5046
test_blue_team_alives_mean:144.0000	test_blue_team_win_mean:   0.0000	test_ep_length_mean:     200.0000	test_episode_length_mean:199.0000
test_red_team_alives_mean:144.0000	test_red_team_win_mean:    0.0000	test_return_mean:         -1.0000	test_return_std:           0.0000

2026-09-20 03:20:52,038 - my_experiment - bat_60_ExpoComm_IQL_5M_43 - my_run - INFO - t_env: 1750200 / 5050000
2026-09-20 03:20:52,040 - my_experiment - bat_60_ExpoComm_IQL_5M_43 - my_run - INFO - Estimated time left: 1 days, 1 hours, 18 minutes, 50 seconds. Time passed: 13 hours, 31 minutes, 59 seconds
2026-09-20 03:43:47,919 - my_experiment - bat_60_ExpoComm_IQL_5M_43 - my_run - INFO - Recent Stats | t_env:    1800000 | Episode:     9000
blue_team_alives_mean:   144.0000	blue_team_win_mean:        0.0000	ep_length_mean:          200.0000	episode_length_mean:     199.0000
epsilon:                   0.0500	grad_norm:               14533703.2000	info_nce_loss:             1.7109	loss:                    79005.1031
q_loss:                  71822.8203	q_taken_mean:             42.9012	red_team_alives_mean:    144.0000	red_team_win_mean:         0.0000
return_mean:              -1.3802	return_std:                0.0154	target_mean:              43.1927	td_error_abs:             80.7197
test_blue_team_alives_mean:144.0000	test_blue_team_win_mean:   0.0000	test_ep_length_mean:     200.0000	test_episode_length_mean:199.0000
test_red_team_alives_mean:144.0000	test_red_team_win_mean:    0.0000	test_return_mean:         -1.0000	test_return_std:           0.0000

2026-09-20 03:43:53,373 - my_experiment - bat_60_ExpoComm_IQL_5M_43 - my_run - INFO - t_env: 1800200 / 5050000
2026-09-20 03:43:53,375 - my_experiment - bat_60_ExpoComm_IQL_5M_43 - my_run - INFO - Estimated time left: 1 days, 56 minutes, 21 seconds. Time passed: 13 hours, 55 minutes, 0 seconds
2026-09-20 04:06:49,605 - my_experiment - bat_60_ExpoComm_IQL_5M_43 - my_run - INFO - Recent Stats | t_env:    1850000 | Episode:     9250
blue_team_alives_mean:   144.0000	blue_team_win_mean:        0.0000	ep_length_mean:          200.0000	episode_length_mean:     199.0000
epsilon:                   0.0500	grad_norm:               19306912.2000	info_nce_loss:             2.1117	loss:                    76305.7820
q_loss:                  69368.8930	q_taken_mean:             43.9561	red_team_alives_mean:    144.0000	red_team_win_mean:         0.0000
return_mean:              -1.3828	return_std:                0.0169	target_mean:              43.9832	td_error_abs:             70.0415
test_blue_team_alives_mean:144.0000	test_blue_team_win_mean:   0.0000	test_ep_length_mean:     200.0000	test_episode_length_mean:199.0000
test_red_team_alives_mean:144.0000	test_red_team_win_mean:    0.0000	test_return_mean:         -1.0000	test_return_std:           0.0000

2026-09-20 04:06:55,131 - my_experiment - bat_60_ExpoComm_IQL_5M_43 - my_run - INFO - t_env: 1850200 / 5050000
2026-09-20 04:06:55,132 - my_experiment - bat_60_ExpoComm_IQL_5M_43 - my_run - INFO - Estimated time left: 1 days, 33 minutes, 46 seconds. Time passed: 14 hours, 18 minutes, 2 seconds
2026-09-20 04:29:49,892 - my_experiment - bat_60_ExpoComm_IQL_5M_43 - my_run - INFO - Recent Stats | t_env:    1900000 | Episode:     9500
blue_team_alives_mean:   144.0000	blue_team_win_mean:        0.0000	ep_length_mean:          200.0000	episode_length_mean:     199.0000
epsilon:                   0.0500	grad_norm:               19674471.6000	info_nce_loss:             1.4390	loss:                    106467.3734
q_loss:                  96788.5227	q_taken_mean:             44.5184	red_team_alives_mean:    144.0000	red_team_win_mean:         0.0000
return_mean:              -1.3804	return_std:                0.0157	target_mean:              44.2589	td_error_abs:             91.1023
test_blue_team_alives_mean:144.0000	test_blue_team_win_mean:   0.0000	test_ep_length_mean:     200.0000	test_episode_length_mean:199.0000
test_red_team_alives_mean:144.0000	test_red_team_win_mean:    0.0000	test_return_mean:         -1.0000	test_return_std:           0.0000

2026-09-20 04:29:55,500 - my_experiment - bat_60_ExpoComm_IQL_5M_43 - my_run - INFO - t_env: 1900200 / 5050000
2026-09-20 04:29:55,501 - my_experiment - bat_60_ExpoComm_IQL_5M_43 - my_run - INFO - Estimated time left: 1 days, 9 minutes, 17 seconds. Time passed: 14 hours, 41 minutes, 2 seconds
2026-09-20 04:52:49,986 - my_experiment - bat_60_ExpoComm_IQL_5M_43 - my_run - INFO - Recent Stats | t_env:    1950000 | Episode:     9750
blue_team_alives_mean:   144.0000	blue_team_win_mean:        0.0000	ep_length_mean:          200.0000	episode_length_mean:     199.0000
epsilon:                   0.0500	grad_norm:               16473631.1000	info_nce_loss:             2.2613	loss:                    69707.8266
q_loss:                  63370.7516	q_taken_mean:             44.5361	red_team_alives_mean:    144.0000	red_team_win_mean:         0.0000
return_mean:              -1.3807	return_std:                0.0159	target_mean:              44.4666	td_error_abs:             77.5337
test_blue_team_alives_mean:144.0000	test_blue_team_win_mean:   0.0000	test_ep_length_mean:     200.0000	test_episode_length_mean:199.0000
test_red_team_alives_mean:144.0000	test_red_team_win_mean:    0.0000	test_return_mean:         -1.0000	test_return_std:           0.0000

2026-09-20 04:52:55,472 - my_experiment - bat_60_ExpoComm_IQL_5M_43 - my_run - INFO - t_env: 1950200 / 5050000
2026-09-20 04:52:55,474 - my_experiment - bat_60_ExpoComm_IQL_5M_43 - my_run - INFO - Estimated time left: 23 hours, 45 minutes, 52 seconds. Time passed: 15 hours, 4 minutes, 2 seconds
2026-09-20 05:15:50,401 - my_experiment - bat_60_ExpoComm_IQL_5M_43 - my_run - INFO - Recent Stats | t_env:    2000000 | Episode:    10000
blue_team_alives_mean:   144.0000	blue_team_win_mean:        0.0000	ep_length_mean:          200.0000	episode_length_mean:     199.0000
epsilon:                   0.0500	grad_norm:               12832744.0000	info_nce_loss:             2.1524	loss:                    81585.5867
q_loss:                  74168.7133	q_taken_mean:             45.5810	red_team_alives_mean:    144.0000	red_team_win_mean:         0.0000
return_mean:              -1.3801	return_std:                0.0155	target_mean:              45.5901	td_error_abs:             57.8869
test_blue_team_alives_mean:144.0000	test_blue_team_win_mean:   0.0000	test_ep_length_mean:     200.0000	test_episode_length_mean:199.0000
test_red_team_alives_mean:144.0000	test_red_team_win_mean:    0.0000	test_return_mean:         -1.0000	test_return_std:           0.0000

2026-09-20 05:15:55,864 - my_experiment - bat_60_ExpoComm_IQL_5M_43 - my_run - INFO - t_env: 2000200 / 5050000
2026-09-20 05:15:55,865 - my_experiment - bat_60_ExpoComm_IQL_5M_43 - my_run - INFO - Estimated time left: 23 hours, 23 minutes, 18 seconds. Time passed: 15 hours, 27 minutes, 3 seconds
2026-09-20 05:16:00,426 - my_experiment - bat_60_ExpoComm_IQL_5M_43 - my_run - INFO - Saving models to work_dirs/my_experiment/bat_60_ExpoComm_IQL_5M_43/my_run/20260919_134838/models/2000200
2026-09-20 05:38:50,358 - my_experiment - bat_60_ExpoComm_IQL_5M_43 - my_run - INFO - Recent Stats | t_env:    2050000 | Episode:    10250
blue_team_alives_mean:   144.0000	blue_team_win_mean:        0.0000	ep_length_mean:          200.0000	episode_length_mean:     199.0000
epsilon:                   0.0500	grad_norm:               32739425.6000	info_nce_loss:             1.3062	loss:                    86167.2133
q_loss:                  78333.8305	q_taken_mean:             46.1717	red_team_alives_mean:    144.0000	red_team_win_mean:         0.0000
return_mean:              -1.3793	return_std:                0.0158	target_mean:              46.3770	td_error_abs:             73.4088
test_blue_team_alives_mean:144.0000	test_blue_team_win_mean:   0.0000	test_ep_length_mean:     200.0000	test_episode_length_mean:199.0000
test_red_team_alives_mean:144.0000	test_red_team_win_mean:    0.0000	test_return_mean:         -1.0000	test_return_std:           0.0000

2026-09-20 05:38:55,862 - my_experiment - bat_60_ExpoComm_IQL_5M_43 - my_run - INFO - t_env: 2050200 / 5050000
2026-09-20 05:38:55,864 - my_experiment - bat_60_ExpoComm_IQL_5M_43 - my_run - INFO - Estimated time left: 22 hours, 59 minutes, 54 seconds. Time passed: 15 hours, 50 minutes, 3 seconds
2026-09-20 06:01:51,917 - my_experiment - bat_60_ExpoComm_IQL_5M_43 - my_run - INFO - Recent Stats | t_env:    2100000 | Episode:    10500
blue_team_alives_mean:   144.0000	blue_team_win_mean:        0.0000	ep_length_mean:          200.0000	episode_length_mean:     199.0000
epsilon:                   0.0500	grad_norm:               23682422.0000	info_nce_loss:             1.9004	loss:                    68306.7180
q_loss:                  62097.0172	q_taken_mean:             46.6464	red_team_alives_mean:    144.0000	red_team_win_mean:         0.0000
return_mean:              -1.3806	return_std:                0.0150	target_mean:              46.6279	td_error_abs:             63.4333
test_blue_team_alives_mean:144.0000	test_blue_team_win_mean:   0.0000	test_ep_length_mean:     200.0000	test_episode_length_mean:199.0000
test_red_team_alives_mean:144.0000	test_red_team_win_mean:    0.0000	test_return_mean:         -1.0000	test_return_std:           0.0000

2026-09-20 06:01:57,540 - my_experiment - bat_60_ExpoComm_IQL_5M_43 - my_run - INFO - t_env: 2100200 / 5050000
2026-09-20 06:01:57,541 - my_experiment - bat_60_ExpoComm_IQL_5M_43 - my_run - INFO - Estimated time left: 22 hours, 38 minutes, 33 seconds. Time passed: 16 hours, 13 minutes, 4 seconds
2026-09-20 06:24:54,136 - my_experiment - bat_60_ExpoComm_IQL_5M_43 - my_run - INFO - Recent Stats | t_env:    2150000 | Episode:    10750
blue_team_alives_mean:   144.0000	blue_team_win_mean:        0.0000	ep_length_mean:          200.0000	episode_length_mean:     199.0000
epsilon:                   0.0500	grad_norm:               32517654.4000	info_nce_loss:             1.9354	loss:                    99090.3969
q_loss:                  90082.1773	q_taken_mean:             46.4297	red_team_alives_mean:    144.0000	red_team_win_mean:         0.0000
return_mean:              -1.3803	return_std:                0.0161	target_mean:              46.5980	td_error_abs:             87.1445
test_blue_team_alives_mean:144.0000	test_blue_team_win_mean:   0.0000	test_ep_length_mean:     200.0000	test_episode_length_mean:199.0000
test_red_team_alives_mean:144.0000	test_red_team_win_mean:    0.0000	test_return_mean:         -1.0000	test_return_std:           0.0000

2026-09-20 06:24:59,610 - my_experiment - bat_60_ExpoComm_IQL_5M_43 - my_run - INFO - t_env: 2150200 / 5050000
2026-09-20 06:24:59,611 - my_experiment - bat_60_ExpoComm_IQL_5M_43 - my_run - INFO - Estimated time left: 22 hours, 15 minutes, 54 seconds. Time passed: 16 hours, 36 minutes, 6 seconds
2026-09-20 06:47:56,340 - my_experiment - bat_60_ExpoComm_IQL_5M_43 - my_run - INFO - Recent Stats | t_env:    2200000 | Episode:    11000
blue_team_alives_mean:   144.0000	blue_team_win_mean:        0.0000	ep_length_mean:          200.0000	episode_length_mean:     199.0000
epsilon:                   0.0500	grad_norm:               23765532.2000	info_nce_loss:             1.3968	loss:                    76183.2977
q_loss:                  69257.5422	q_taken_mean:             46.4847	red_team_alives_mean:    144.0000	red_team_win_mean:         0.0000
return_mean:              -1.3799	return_std:                0.0168	target_mean:              46.5231	td_error_abs:             73.1439
test_blue_team_alives_mean:144.0000	test_blue_team_win_mean:   0.0000	test_ep_length_mean:     200.0000	test_episode_length_mean:199.0000
test_red_team_alives_mean:144.0000	test_red_team_win_mean:    0.0000	test_return_mean:         -1.0000	test_return_std:           0.0000

2026-09-20 06:48:01,834 - my_experiment - bat_60_ExpoComm_IQL_5M_43 - my_run - INFO - t_env: 2200200 / 5050000
2026-09-20 06:48:01,836 - my_experiment - bat_60_ExpoComm_IQL_5M_43 - my_run - INFO - Estimated time left: 21 hours, 53 minutes, 1 seconds. Time passed: 16 hours, 59 minutes, 9 seconds
2026-09-20 07:11:01,746 - my_experiment - bat_60_ExpoComm_IQL_5M_43 - my_run - INFO - Recent Stats | t_env:    2250000 | Episode:    11250
blue_team_alives_mean:   144.0000	blue_team_win_mean:        0.0000	ep_length_mean:          200.0000	episode_length_mean:     199.0000
epsilon:                   0.0500	grad_norm:               22350838.4000	info_nce_loss:             1.7460	loss:                    73222.3789
q_loss:                  66565.7984	q_taken_mean:             46.5430	red_team_alives_mean:    144.0000	red_team_win_mean:         0.0000
return_mean:              -1.3817	return_std:                0.0164	target_mean:              46.5502	td_error_abs:             80.0550
test_blue_team_alives_mean:144.0000	test_blue_team_win_mean:   0.0000	test_ep_length_mean:     200.0000	test_episode_length_mean:199.0000
test_red_team_alives_mean:144.0000	test_red_team_win_mean:    0.0000	test_return_mean:         -1.0000	test_return_std:           0.0000

2026-09-20 07:11:07,314 - my_experiment - bat_60_ExpoComm_IQL_5M_43 - my_run - INFO - t_env: 2250200 / 5050000
2026-09-20 07:11:07,316 - my_experiment - bat_60_ExpoComm_IQL_5M_43 - my_run - INFO - Estimated time left: 21 hours, 33 minutes, 1 seconds. Time passed: 17 hours, 22 minutes, 14 seconds
2026-09-20 07:34:09,531 - my_experiment - bat_60_ExpoComm_IQL_5M_43 - my_run - INFO - Recent Stats | t_env:    2300000 | Episode:    11500
blue_team_alives_mean:   144.0000	blue_team_win_mean:        0.0000	ep_length_mean:          200.0000	episode_length_mean:     199.0000
epsilon:                   0.0500	grad_norm:               17397713.1000	info_nce_loss:             1.3980	loss:                    60117.8844
q_loss:                  54652.6219	q_taken_mean:             46.6486	red_team_alives_mean:    144.0000	red_team_win_mean:         0.0000
return_mean:              -1.3822	return_std:                0.0144	target_mean:              46.5819	td_error_abs:             69.0022
test_blue_team_alives_mean:144.0000	test_blue_team_win_mean:   0.0000	test_ep_length_mean:     200.0000	test_episode_length_mean:199.0000
test_red_team_alives_mean:144.0000	test_red_team_win_mean:    0.0000	test_return_mean:         -1.0000	test_return_std:           0.0000

2026-09-20 07:34:15,046 - my_experiment - bat_60_ExpoComm_IQL_5M_43 - my_run - INFO - t_env: 2300200 / 5050000
2026-09-20 07:34:15,048 - my_experiment - bat_60_ExpoComm_IQL_5M_43 - my_run - INFO - Estimated time left: 21 hours, 11 minutes, 59 seconds. Time passed: 17 hours, 45 minutes, 22 seconds
2026-09-20 07:57:14,987 - my_experiment - bat_60_ExpoComm_IQL_5M_43 - my_run - INFO - Recent Stats | t_env:    2350000 | Episode:    11750
blue_team_alives_mean:   144.0000	blue_team_win_mean:        0.0000	ep_length_mean:          200.0000	episode_length_mean:     199.0000
epsilon:                   0.0500	grad_norm:               13556294.2625	info_nce_loss:             1.4861	loss:                    50228.9164
q_loss:                  45662.6512	q_taken_mean:             47.0507	red_team_alives_mean:    144.0000	red_team_win_mean:         0.0000
return_mean:              -1.3800	return_std:                0.0167	target_mean:              46.8546	td_error_abs:             57.1779
test_blue_team_alives_mean:144.0000	test_blue_team_win_mean:   0.0000	test_ep_length_mean:     200.0000	test_episode_length_mean:199.0000
test_red_team_alives_mean:144.0000	test_red_team_win_mean:    0.0000	test_return_mean:         -1.0000	test_return_std:           0.0000

2026-09-20 07:57:20,471 - my_experiment - bat_60_ExpoComm_IQL_5M_43 - my_run - INFO - t_env: 2350200 / 5050000
2026-09-20 07:57:20,472 - my_experiment - bat_60_ExpoComm_IQL_5M_43 - my_run - INFO - Estimated time left: 20 hours, 46 minutes, 47 seconds. Time passed: 18 hours, 8 minutes, 27 seconds
2026-09-20 08:19:49,756 - my_experiment - bat_60_ExpoComm_IQL_5M_43 - my_run - INFO - Recent Stats | t_env:    2400000 | Episode:    12000
blue_team_alives_mean:   144.0000	blue_team_win_mean:        0.0000	ep_length_mean:          200.0000	episode_length_mean:     199.0000
epsilon:                   0.0500	grad_norm:               24099283.0000	info_nce_loss:             1.0174	loss:                    79203.0469
q_loss:                  72002.7699	q_taken_mean:             47.5467	red_team_alives_mean:    144.0000	red_team_win_mean:         0.0000
return_mean:              -1.3811	return_std:                0.0155	target_mean:              47.4237	td_error_abs:             82.6849
test_blue_team_alives_mean:144.0000	test_blue_team_win_mean:   0.0000	test_ep_length_mean:     200.0000	test_episode_length_mean:199.0000
test_red_team_alives_mean:144.0000	test_red_team_win_mean:    0.0000	test_return_mean:         -1.0000	test_return_std:           0.0000

2026-09-20 08:19:55,024 - my_experiment - bat_60_ExpoComm_IQL_5M_43 - my_run - INFO - t_env: 2400200 / 5050000
2026-09-20 08:19:55,025 - my_experiment - bat_60_ExpoComm_IQL_5M_43 - my_run - INFO - Estimated time left: 19 hours, 56 minutes, 25 seconds. Time passed: 18 hours, 31 minutes, 2 seconds
2026-09-20 08:41:47,564 - my_experiment - bat_60_ExpoComm_IQL_5M_43 - my_run - INFO - Recent Stats | t_env:    2450000 | Episode:    12250
blue_team_alives_mean:   144.0000	blue_team_win_mean:        0.0000	ep_length_mean:          200.0000	episode_length_mean:     199.0000
epsilon:                   0.0500	grad_norm:               12068013.7063	info_nce_loss:             0.9973	loss:                    41301.5434
q_loss:                  37546.8574	q_taken_mean:             47.8531	red_team_alives_mean:    144.0000	red_team_win_mean:         0.0000
return_mean:              -1.3804	return_std:                0.0155	target_mean:              47.7546	td_error_abs:             53.9934
test_blue_team_alives_mean:144.0000	test_blue_team_win_mean:   0.0000	test_ep_length_mean:     200.0000	test_episode_length_mean:199.0000
test_red_team_alives_mean:144.0000	test_red_team_win_mean:    0.0000	test_return_mean:         -1.0000	test_return_std:           0.0000

2026-09-20 08:41:52,867 - my_experiment - bat_60_ExpoComm_IQL_5M_43 - my_run - INFO - t_env: 2450200 / 5050000
2026-09-20 08:41:52,869 - my_experiment - bat_60_ExpoComm_IQL_5M_43 - my_run - INFO - Estimated time left: 19 hours, 2 minutes, 2 seconds. Time passed: 18 hours, 53 minutes, 0 seconds
2026-09-20 09:03:45,648 - my_experiment - bat_60_ExpoComm_IQL_5M_43 - my_run - INFO - Recent Stats | t_env:    2500000 | Episode:    12500
blue_team_alives_mean:   144.0000	blue_team_win_mean:        0.0000	ep_length_mean:          200.0000	episode_length_mean:     199.0000
epsilon:                   0.0500	grad_norm:               17838157.7000	info_nce_loss:             1.7938	loss:                    61625.8977
q_loss:                  56023.5445	q_taken_mean:             48.1400	red_team_alives_mean:    144.0000	red_team_win_mean:         0.0000
return_mean:              -1.3806	return_std:                0.0153	target_mean:              47.9101	td_error_abs:             72.4823
test_blue_team_alives_mean:144.0000	test_blue_team_win_mean:   0.0000	test_ep_length_mean:     200.0000	test_episode_length_mean:199.0000
test_red_team_alives_mean:144.0000	test_red_team_win_mean:    0.0000	test_return_mean:         -1.0000	test_return_std:           0.0000

2026-09-20 09:03:50,891 - my_experiment - bat_60_ExpoComm_IQL_5M_43 - my_run - INFO - t_env: 2500200 / 5050000
2026-09-20 09:03:50,892 - my_experiment - bat_60_ExpoComm_IQL_5M_43 - my_run - INFO - Estimated time left: 18 hours, 40 minutes, 13 seconds. Time passed: 19 hours, 14 minutes, 58 seconds
2026-09-20 09:03:55,197 - my_experiment - bat_60_ExpoComm_IQL_5M_43 - my_run - INFO - Saving models to work_dirs/my_experiment/bat_60_ExpoComm_IQL_5M_43/my_run/20260919_134838/models/2500200
2026-09-20 09:25:45,704 - my_experiment - bat_60_ExpoComm_IQL_5M_43 - my_run - INFO - Recent Stats | t_env:    2550000 | Episode:    12750
blue_team_alives_mean:   144.0000	blue_team_win_mean:        0.0000	ep_length_mean:          200.0000	episode_length_mean:     199.0000
epsilon:                   0.0500	grad_norm:               13706728.9750	info_nce_loss:             1.6959	loss:                    38204.6762
q_loss:                  34731.5242	q_taken_mean:             47.1373	red_team_alives_mean:    144.0000	red_team_win_mean:         0.0000
return_mean:              -1.3777	return_std:                0.0162	target_mean:              47.2624	td_error_abs:             59.2683
test_blue_team_alives_mean:144.0000	test_blue_team_win_mean:   0.0000	test_ep_length_mean:     200.0000	test_episode_length_mean:199.0000
test_red_team_alives_mean:144.0000	test_red_team_win_mean:    0.0000	test_return_mean:         -1.0000	test_return_std:           0.0000

2026-09-20 09:25:50,928 - my_experiment - bat_60_ExpoComm_IQL_5M_43 - my_run - INFO - t_env: 2550200 / 5050000
2026-09-20 09:25:50,930 - my_experiment - bat_60_ExpoComm_IQL_5M_43 - my_run - INFO - Estimated time left: 18 hours, 19 minutes, 56 seconds. Time passed: 19 hours, 36 minutes, 58 seconds
2026-09-20 09:47:45,256 - my_experiment - bat_60_ExpoComm_IQL_5M_43 - my_run - INFO - Recent Stats | t_env:    2600000 | Episode:    13000
blue_team_alives_mean:   144.0000	blue_team_win_mean:        0.0000	ep_length_mean:          200.0000	episode_length_mean:     199.0000
epsilon:                   0.0500	grad_norm:               20686508.5000	info_nce_loss:             1.8890	loss:                    61511.2656
q_loss:                  55919.3328	q_taken_mean:             46.9692	red_team_alives_mean:    144.0000	red_team_win_mean:         0.0000
return_mean:              -1.3807	return_std:                0.0150	target_mean:              46.9531	td_error_abs:             78.0026
test_blue_team_alives_mean:144.0000	test_blue_team_win_mean:   0.0000	test_ep_length_mean:     200.0000	test_episode_length_mean:199.0000
test_red_team_alives_mean:144.0000	test_red_team_win_mean:    0.0000	test_return_mean:         -1.0000	test_return_std:           0.0000

2026-09-20 09:47:50,529 - my_experiment - bat_60_ExpoComm_IQL_5M_43 - my_run - INFO - t_env: 2600200 / 5050000
2026-09-20 09:47:50,531 - my_experiment - bat_60_ExpoComm_IQL_5M_43 - my_run - INFO - Estimated time left: 17 hours, 57 minutes, 35 seconds. Time passed: 19 hours, 58 minutes, 57 seconds
2026-09-20 10:09:44,111 - my_experiment - bat_60_ExpoComm_IQL_5M_43 - my_run - INFO - Recent Stats | t_env:    2650000 | Episode:    13250
blue_team_alives_mean:   144.0000	blue_team_win_mean:        0.0000	ep_length_mean:          200.0000	episode_length_mean:     199.0000
epsilon:                   0.0500	grad_norm:               15461299.1000	info_nce_loss:             1.3250	loss:                    43312.9293
q_loss:                  39375.3895	q_taken_mean:             47.0381	red_team_alives_mean:    144.0000	red_team_win_mean:         0.0000
return_mean:              -1.3760	return_std:                0.0169	target_mean:              47.0301	td_error_abs:             68.6411
test_blue_team_alives_mean:144.0000	test_blue_team_win_mean:   0.0000	test_ep_length_mean:     200.0000	test_episode_length_mean:199.0000
test_red_team_alives_mean:144.0000	test_red_team_win_mean:    0.0000	test_return_mean:         -1.0000	test_return_std:           0.0000

2026-09-20 10:09:49,389 - my_experiment - bat_60_ExpoComm_IQL_5M_43 - my_run - INFO - t_env: 2650200 / 5050000
2026-09-20 10:09:49,391 - my_experiment - bat_60_ExpoComm_IQL_5M_43 - my_run - INFO - Estimated time left: 17 hours, 34 minutes, 59 seconds. Time passed: 20 hours, 20 minutes, 56 seconds
2026-09-20 10:31:41,966 - my_experiment - bat_60_ExpoComm_IQL_5M_43 - my_run - INFO - Recent Stats | t_env:    2700000 | Episode:    13500
blue_team_alives_mean:   144.0000	blue_team_win_mean:        0.0040	ep_length_mean:          200.0000	episode_length_mean:     199.0000
epsilon:                   0.0500	grad_norm:               13268547.3000	info_nce_loss:             0.9928	loss:                    39413.4195
q_loss:                  35830.3805	q_taken_mean:             46.7352	red_team_alives_mean:    143.9960	red_team_win_mean:         0.0000
return_mean:              -1.3752	return_std:                0.0164	target_mean:              46.7995	td_error_abs:             67.9772
test_blue_team_alives_mean:144.0000	test_blue_team_win_mean:   0.0000	test_ep_length_mean:     200.0000	test_episode_length_mean:199.0000
test_red_team_alives_mean:144.0000	test_red_team_win_mean:    0.0000	test_return_mean:         -1.0000	test_return_std:           0.0000

2026-09-20 10:31:47,229 - my_experiment - bat_60_ExpoComm_IQL_5M_43 - my_run - INFO - t_env: 2700200 / 5050000
2026-09-20 10:31:47,231 - my_experiment - bat_60_ExpoComm_IQL_5M_43 - my_run - INFO - Estimated time left: 17 hours, 12 minutes, 13 seconds. Time passed: 20 hours, 42 minutes, 54 seconds
2026-09-20 10:53:39,708 - my_experiment - bat_60_ExpoComm_IQL_5M_43 - my_run - INFO - Recent Stats | t_env:    2750000 | Episode:    13750
blue_team_alives_mean:   144.0000	blue_team_win_mean:        0.0000	ep_length_mean:          200.0000	episode_length_mean:     199.0000
epsilon:                   0.0500	grad_norm:               29457837.4500	info_nce_loss:             1.8183	loss:                    111435.0887
q_loss:                  101304.6262	q_taken_mean:             46.8649	red_team_alives_mean:    144.0000	red_team_win_mean:         0.0000
return_mean:              -1.3765	return_std:                0.0172	target_mean:              47.1929	td_error_abs:            112.6849
test_blue_team_alives_mean:144.0000	test_blue_team_win_mean:   0.0000	test_ep_length_mean:     200.0000	test_episode_length_mean:199.0000
test_red_team_alives_mean:144.0000	test_red_team_win_mean:    0.0000	test_return_mean:         -1.0000	test_return_std:           0.0000

2026-09-20 10:53:44,960 - my_experiment - bat_60_ExpoComm_IQL_5M_43 - my_run - INFO - t_env: 2750200 / 5050000
2026-09-20 10:53:44,962 - my_experiment - bat_60_ExpoComm_IQL_5M_43 - my_run - INFO - Estimated time left: 16 hours, 50 minutes, 10 seconds. Time passed: 21 hours, 4 minutes, 52 seconds
2026-09-20 11:15:38,133 - my_experiment - bat_60_ExpoComm_IQL_5M_43 - my_run - INFO - Recent Stats | t_env:    2800000 | Episode:    14000
blue_team_alives_mean:   144.0000	blue_team_win_mean:        0.0000	ep_length_mean:          200.0000	episode_length_mean:     199.0000
epsilon:                   0.0500	grad_norm:               26032739.9000	info_nce_loss:             0.7823	loss:                    99213.0430
q_loss:                  90193.6754	q_taken_mean:             46.8040	red_team_alives_mean:    144.0000	red_team_win_mean:         0.0000
return_mean:              -1.3724	return_std:                0.0179	target_mean:              46.6769	td_error_abs:             99.1136
test_blue_team_alives_mean:144.0000	test_blue_team_win_mean:   0.0000	test_ep_length_mean:     200.0000	test_episode_length_mean:199.0000
test_red_team_alives_mean:144.0000	test_red_team_win_mean:    0.0000	test_return_mean:         -1.0000	test_return_std:           0.0000

2026-09-20 11:15:43,381 - my_experiment - bat_60_ExpoComm_IQL_5M_43 - my_run - INFO - t_env: 2800200 / 5050000
2026-09-20 11:15:43,382 - my_experiment - bat_60_ExpoComm_IQL_5M_43 - my_run - INFO - Estimated time left: 16 hours, 28 minutes, 43 seconds. Time passed: 21 hours, 26 minutes, 50 seconds
2026-09-20 11:37:35,791 - my_experiment - bat_60_ExpoComm_IQL_5M_43 - my_run - INFO - Recent Stats | t_env:    2850000 | Episode:    14250
blue_team_alives_mean:   144.0000	blue_team_win_mean:        0.0000	ep_length_mean:          200.0000	episode_length_mean:     199.0000
epsilon:                   0.0500	grad_norm:               10547338.1000	info_nce_loss:             1.3661	loss:                    26581.0699
q_loss:                  24164.6086	q_taken_mean:             44.8665	red_team_alives_mean:    144.0000	red_team_win_mean:         0.0000
return_mean:              -1.3705	return_std:                0.0265	target_mean:              45.0073	td_error_abs:             69.5167
test_blue_team_alives_mean:144.0000	test_blue_team_win_mean:   0.0000	test_ep_length_mean:     200.0000	test_episode_length_mean:199.0000
test_red_team_alives_mean:144.0000	test_red_team_win_mean:    0.0000	test_return_mean:         -1.0000	test_return_std:           0.0000

2026-09-20 11:37:41,043 - my_experiment - bat_60_ExpoComm_IQL_5M_43 - my_run - INFO - t_env: 2850200 / 5050000
2026-09-20 11:37:41,045 - my_experiment - bat_60_ExpoComm_IQL_5M_43 - my_run - INFO - Estimated time left: 16 hours, 6 minutes, 11 seconds. Time passed: 21 hours, 48 minutes, 48 seconds
2026-09-20 11:59:33,712 - my_experiment - bat_60_ExpoComm_IQL_5M_43 - my_run - INFO - Recent Stats | t_env:    2900000 | Episode:    14500
blue_team_alives_mean:   144.0000	blue_team_win_mean:        0.0160	ep_length_mean:          200.0000	episode_length_mean:     199.0000
epsilon:                   0.0500	grad_norm:               17676040.2063	info_nce_loss:             0.8776	loss:                    56193.1668
q_loss:                  51084.6975	q_taken_mean:             44.8083	red_team_alives_mean:    143.9720	red_team_win_mean:         0.0000
return_mean:              -1.3369	return_std:                0.0460	target_mean:              44.9574	td_error_abs:             78.7430
test_blue_team_alives_mean:144.0000	test_blue_team_win_mean:   0.0000	test_ep_length_mean:     200.0000	test_episode_length_mean:199.0000
test_red_team_alives_mean:144.0000	test_red_team_win_mean:    0.0000	test_return_mean:         -1.0000	test_return_std:           0.0000

2026-09-20 11:59:38,981 - my_experiment - bat_60_ExpoComm_IQL_5M_43 - my_run - INFO - t_env: 2900200 / 5050000
2026-09-20 11:59:38,983 - my_experiment - bat_60_ExpoComm_IQL_5M_43 - my_run - INFO - Estimated time left: 15 hours, 44 minutes, 26 seconds. Time passed: 22 hours, 10 minutes, 46 seconds
2026-09-20 12:21:31,586 - my_experiment - bat_60_ExpoComm_IQL_5M_43 - my_run - INFO - Recent Stats | t_env:    2950000 | Episode:    14750
blue_team_alives_mean:   144.0000	blue_team_win_mean:        0.0120	ep_length_mean:          200.0000	episode_length_mean:     199.0000
epsilon:                   0.0500	grad_norm:               24215036.5000	info_nce_loss:             1.1364	loss:                    87836.5176
q_loss:                  79851.3777	q_taken_mean:             45.6989	red_team_alives_mean:    143.9800	red_team_win_mean:         0.0000
return_mean:              -1.3436	return_std:                0.0432	target_mean:              45.3757	td_error_abs:            110.0374
test_blue_team_alives_mean:144.0000	test_blue_team_win_mean:   0.0000	test_ep_length_mean:     200.0000	test_episode_length_mean:199.0000
test_red_team_alives_mean:144.0000	test_red_team_win_mean:    0.0000	test_return_mean:         -1.0000	test_return_std:           0.0000

2026-09-20 12:21:36,822 - my_experiment - bat_60_ExpoComm_IQL_5M_43 - my_run - INFO - t_env: 2950200 / 5050000
2026-09-20 12:21:36,824 - my_experiment - bat_60_ExpoComm_IQL_5M_43 - my_run - INFO - Estimated time left: 15 hours, 22 minutes, 24 seconds. Time passed: 22 hours, 32 minutes, 44 seconds
2026-09-20 12:43:29,576 - my_experiment - bat_60_ExpoComm_IQL_5M_43 - my_run - INFO - Recent Stats | t_env:    3000000 | Episode:    15000
blue_team_alives_mean:   144.0000	blue_team_win_mean:        0.0040	ep_length_mean:          200.0000	episode_length_mean:     199.0000
epsilon:                   0.0500	grad_norm:               12734662.0000	info_nce_loss:             1.3215	loss:                    36483.9430
q_loss:                  33167.2207	q_taken_mean:             45.3888	red_team_alives_mean:    143.9880	red_team_win_mean:         0.0000
return_mean:              -1.3286	return_std:                0.0312	target_mean:              45.4400	td_error_abs:             71.4361
test_blue_team_alives_mean:144.0000	test_blue_team_win_mean:   0.0000	test_ep_length_mean:     200.0000	test_episode_length_mean:199.0000
test_red_team_alives_mean:144.0000	test_red_team_win_mean:    0.0000	test_return_mean:         -1.0000	test_return_std:           0.0000

2026-09-20 12:43:34,842 - my_experiment - bat_60_ExpoComm_IQL_5M_43 - my_run - INFO - t_env: 3000200 / 5050000
2026-09-20 12:43:34,843 - my_experiment - bat_60_ExpoComm_IQL_5M_43 - my_run - INFO - Estimated time left: 15 hours, 33 seconds. Time passed: 22 hours, 54 minutes, 42 seconds
2026-09-20 12:43:39,201 - my_experiment - bat_60_ExpoComm_IQL_5M_43 - my_run - INFO - Saving models to work_dirs/my_experiment/bat_60_ExpoComm_IQL_5M_43/my_run/20260919_134838/models/3000200
2026-09-20 13:05:36,799 - my_experiment - bat_60_ExpoComm_IQL_5M_43 - my_run - INFO - Recent Stats | t_env:    3050000 | Episode:    15250
blue_team_alives_mean:   144.0000	blue_team_win_mean:        0.0160	ep_length_mean:          200.0000	episode_length_mean:     199.0000
epsilon:                   0.0500	grad_norm:               10147333.1000	info_nce_loss:             1.5246	loss:                    29687.7289
q_loss:                  26988.8445	q_taken_mean:             44.7053	red_team_alives_mean:    143.9840	red_team_win_mean:         0.0000
return_mean:              -1.3255	return_std:                0.0414	target_mean:              44.7102	td_error_abs:             62.2401
test_blue_team_alives_mean:144.0000	test_blue_team_win_mean:   0.0000	test_ep_length_mean:     200.0000	test_episode_length_mean:199.0000
test_red_team_alives_mean:144.0000	test_red_team_win_mean:    0.0000	test_return_mean:         -1.0000	test_return_std:           0.0000

2026-09-20 13:05:42,468 - my_experiment - bat_60_ExpoComm_IQL_5M_43 - my_run - INFO - t_env: 3050200 / 5050000
2026-09-20 13:05:42,470 - my_experiment - bat_60_ExpoComm_IQL_5M_43 - my_run - INFO - Estimated time left: 14 hours, 44 minutes, 59 seconds. Time passed: 23 hours, 16 minutes, 49 seconds
2026-09-20 13:29:09,139 - my_experiment - bat_60_ExpoComm_IQL_5M_43 - my_run - INFO - Recent Stats | t_env:    3100000 | Episode:    15500
blue_team_alives_mean:   144.0000	blue_team_win_mean:        0.0120	ep_length_mean:          200.0000	episode_length_mean:     199.0000
epsilon:                   0.0500	grad_norm:               10586222.2000	info_nce_loss:             1.2212	loss:                    36777.3934
q_loss:                  33433.9934	q_taken_mean:             43.7405	red_team_alives_mean:    143.9880	red_team_win_mean:         0.0000
return_mean:              -1.3495	return_std:                0.0359	target_mean:              43.6737	td_error_abs:             76.4120
test_blue_team_alives_mean:144.0000	test_blue_team_win_mean:   0.0000	test_ep_length_mean:     200.0000	test_episode_length_mean:199.0000
test_red_team_alives_mean:144.0000	test_red_team_win_mean:    0.0000	test_return_mean:         -1.0000	test_return_std:           0.0000

2026-09-20 13:29:14,829 - my_experiment - bat_60_ExpoComm_IQL_5M_43 - my_run - INFO - t_env: 3100200 / 5050000
2026-09-20 13:29:14,830 - my_experiment - bat_60_ExpoComm_IQL_5M_43 - my_run - INFO - Estimated time left: 15 hours, 17 minutes, 56 seconds. Time passed: 23 hours, 40 minutes, 22 seconds
2026-09-20 13:52:40,882 - my_experiment - bat_60_ExpoComm_IQL_5M_43 - my_run - INFO - Recent Stats | t_env:    3150000 | Episode:    15750
blue_team_alives_mean:   143.9960	blue_team_win_mean:        0.0040	ep_length_mean:          200.0000	episode_length_mean:     199.0000
epsilon:                   0.0500	grad_norm:               14271555.3000	info_nce_loss:             1.3451	loss:                    56005.0262
q_loss:                  50913.6605	q_taken_mean:             43.2583	red_team_alives_mean:    143.9920	red_team_win_mean:         0.0040
return_mean:              -1.3389	return_std:                0.0369	target_mean:              43.2826	td_error_abs:             94.3696
test_blue_team_alives_mean:144.0000	test_blue_team_win_mean:   0.0000	test_ep_length_mean:     200.0000	test_episode_length_mean:199.0000
test_red_team_alives_mean:144.0000	test_red_team_win_mean:    0.0000	test_return_mean:         -1.0000	test_return_std:           0.0000

2026-09-20 13:52:46,527 - my_experiment - bat_60_ExpoComm_IQL_5M_43 - my_run - INFO - t_env: 3150200 / 5050000
2026-09-20 13:52:46,529 - my_experiment - bat_60_ExpoComm_IQL_5M_43 - my_run - INFO - Estimated time left: 14 hours, 53 minutes, 58 seconds. Time passed: 1 days, 3 minutes, 53 seconds
2026-09-20 14:16:15,622 - my_experiment - bat_60_ExpoComm_IQL_5M_43 - my_run - INFO - Recent Stats | t_env:    3200000 | Episode:    16000
blue_team_alives_mean:   144.0000	blue_team_win_mean:        0.0120	ep_length_mean:          200.0000	episode_length_mean:     199.0000
epsilon:                   0.0500	grad_norm:               15424960.4000	info_nce_loss:             1.5611	loss:                    73666.7109
q_loss:                  66969.7359	q_taken_mean:             43.3352	red_team_alives_mean:    143.9720	red_team_win_mean:         0.0000
return_mean:              -1.3393	return_std:                0.0329	target_mean:              43.0760	td_error_abs:            110.0872
test_blue_team_alives_mean:144.0000	test_blue_team_win_mean:   0.0000	test_ep_length_mean:     200.0000	test_episode_length_mean:199.0000
test_red_team_alives_mean:144.0000	test_red_team_win_mean:    0.0000	test_return_mean:         -1.0000	test_return_std:           0.0000

2026-09-20 14:16:21,249 - my_experiment - bat_60_ExpoComm_IQL_5M_43 - my_run - INFO - t_env: 3200200 / 5050000
2026-09-20 14:16:21,250 - my_experiment - bat_60_ExpoComm_IQL_5M_43 - my_run - INFO - Estimated time left: 14 hours, 32 minutes, 18 seconds. Time passed: 1 days, 27 minutes, 28 seconds
2026-09-20 14:39:47,617 - my_experiment - bat_60_ExpoComm_IQL_5M_43 - my_run - INFO - Recent Stats | t_env:    3250000 | Episode:    16250
blue_team_alives_mean:   144.0000	blue_team_win_mean:        0.0080	ep_length_mean:          200.0000	episode_length_mean:     199.0000
epsilon:                   0.0500	grad_norm:               4800382.2500	info_nce_loss:             1.0692	loss:                    14216.5904
q_loss:                  12924.1732	q_taken_mean:             43.1381	red_team_alives_mean:    143.9880	red_team_win_mean:         0.0000
return_mean:              -1.3302	return_std:                0.0350	target_mean:              43.0969	td_error_abs:             45.7228
test_blue_team_alives_mean:144.0000	test_blue_team_win_mean:   0.0000	test_ep_length_mean:     200.0000	test_episode_length_mean:199.0000
test_red_team_alives_mean:144.0000	test_red_team_win_mean:    0.0000	test_return_mean:         -1.0000	test_return_std:           0.0000

2026-09-20 14:39:53,217 - my_experiment - bat_60_ExpoComm_IQL_5M_43 - my_run - INFO - t_env: 3250200 / 5050000
2026-09-20 14:39:53,218 - my_experiment - bat_60_ExpoComm_IQL_5M_43 - my_run - INFO - Estimated time left: 14 hours, 7 minutes, 5 seconds. Time passed: 1 days, 51 minutes, 0 seconds
2026-09-20 15:03:19,628 - my_experiment - bat_60_ExpoComm_IQL_5M_43 - my_run - INFO - Recent Stats | t_env:    3300000 | Episode:    16500
blue_team_alives_mean:   143.9960	blue_team_win_mean:        0.0080	ep_length_mean:          200.0000	episode_length_mean:     199.0000
epsilon:                   0.0500	grad_norm:               10079407.2000	info_nce_loss:             0.7276	loss:                    29361.8006
q_loss:                  26692.5457	q_taken_mean:             42.9508	red_team_alives_mean:    143.9920	red_team_win_mean:         0.0040
return_mean:              -1.3237	return_std:                0.0360	target_mean:              42.9303	td_error_abs:             74.6957
test_blue_team_alives_mean:144.0000	test_blue_team_win_mean:   0.0000	test_ep_length_mean:     200.0000	test_episode_length_mean:199.0000
test_red_team_alives_mean:144.0000	test_red_team_win_mean:    0.0000	test_return_mean:         -1.0000	test_return_std:           0.0000

2026-09-20 15:03:25,208 - my_experiment - bat_60_ExpoComm_IQL_5M_43 - my_run - INFO - t_env: 3300200 / 5050000
2026-09-20 15:03:25,209 - my_experiment - bat_60_ExpoComm_IQL_5M_43 - my_run - INFO - Estimated time left: 13 hours, 43 minutes, 34 seconds. Time passed: 1 days, 1 hours, 14 minutes, 32 seconds
2026-09-20 15:26:48,635 - my_experiment - bat_60_ExpoComm_IQL_5M_43 - my_run - INFO - Recent Stats | t_env:    3350000 | Episode:    16750
blue_team_alives_mean:   143.9920	blue_team_win_mean:        0.0160	ep_length_mean:          200.0000	episode_length_mean:     199.0000
epsilon:                   0.0500	grad_norm:               7814084.0000	info_nce_loss:             0.9498	loss:                    25807.6844
q_loss:                  23461.5309	q_taken_mean:             42.6150	red_team_alives_mean:    143.9840	red_team_win_mean:         0.0080
return_mean:              -1.3293	return_std:                0.0420	target_mean:              42.8719	td_error_abs:             67.3011
test_blue_team_alives_mean:144.0000	test_blue_team_win_mean:   0.0000	test_ep_length_mean:     200.0000	test_episode_length_mean:199.0000
test_red_team_alives_mean:144.0000	test_red_team_win_mean:    0.0000	test_return_mean:         -1.0000	test_return_std:           0.0000

2026-09-20 15:26:54,229 - my_experiment - bat_60_ExpoComm_IQL_5M_43 - my_run - INFO - t_env: 3350200 / 5050000
2026-09-20 15:26:54,230 - my_experiment - bat_60_ExpoComm_IQL_5M_43 - my_run - INFO - Estimated time left: 13 hours, 18 minutes, 21 seconds. Time passed: 1 days, 1 hours, 38 minutes, 1 seconds
2026-09-20 15:50:20,299 - my_experiment - bat_60_ExpoComm_IQL_5M_43 - my_run - INFO - Recent Stats | t_env:    3400000 | Episode:    17000
blue_team_alives_mean:   144.0000	blue_team_win_mean:        0.0000	ep_length_mean:          200.0000	episode_length_mean:     199.0000
epsilon:                   0.0500	grad_norm:               4086344.8000	info_nce_loss:             0.4813	loss:                    12081.0430
q_loss:                  10982.7663	q_taken_mean:             42.4983	red_team_alives_mean:    144.0000	red_team_win_mean:         0.0000
return_mean:              -1.3500	return_std:                0.0445	target_mean:              42.4974	td_error_abs:             40.5869
test_blue_team_alives_mean:144.0000	test_blue_team_win_mean:   0.0000	test_ep_length_mean:     200.0000	test_episode_length_mean:199.0000
test_red_team_alives_mean:144.0000	test_red_team_win_mean:    0.0000	test_return_mean:         -1.0000	test_return_std:           0.0000

2026-09-20 15:50:25,982 - my_experiment - bat_60_ExpoComm_IQL_5M_43 - my_run - INFO - t_env: 3400200 / 5050000
2026-09-20 15:50:25,983 - my_experiment - bat_60_ExpoComm_IQL_5M_43 - my_run - INFO - Estimated time left: 12 hours, 56 minutes, 22 seconds. Time passed: 1 days, 2 hours, 1 minutes, 33 seconds
2026-09-20 16:13:52,700 - my_experiment - bat_60_ExpoComm_IQL_5M_43 - my_run - INFO - Recent Stats | t_env:    3450000 | Episode:    17250
blue_team_alives_mean:   144.0000	blue_team_win_mean:        0.0080	ep_length_mean:          200.0000	episode_length_mean:     199.0000
epsilon:                   0.0500	grad_norm:               4638258.8500	info_nce_loss:             0.7379	loss:                    9696.6816
q_loss:                  8815.1651	q_taken_mean:             42.5031	red_team_alives_mean:    143.9880	red_team_win_mean:         0.0000
return_mean:              -1.3133	return_std:                0.0375	target_mean:              42.4699	td_error_abs:             39.7925
test_blue_team_alives_mean:144.0000	test_blue_team_win_mean:   0.0000	test_ep_length_mean:     200.0000	test_episode_length_mean:199.0000
test_red_team_alives_mean:144.0000	test_red_team_win_mean:    0.0000	test_return_mean:         -1.0000	test_return_std:           0.0000

2026-09-20 16:13:58,319 - my_experiment - bat_60_ExpoComm_IQL_5M_43 - my_run - INFO - t_env: 3450200 / 5050000
2026-09-20 16:13:58,321 - my_experiment - bat_60_ExpoComm_IQL_5M_43 - my_run - INFO - Estimated time left: 12 hours, 33 minutes, 9 seconds. Time passed: 1 days, 2 hours, 25 minutes, 5 seconds
2026-09-20 16:37:23,259 - my_experiment - bat_60_ExpoComm_IQL_5M_43 - my_run - INFO - Recent Stats | t_env:    3500000 | Episode:    17500
blue_team_alives_mean:   143.9960	blue_team_win_mean:        0.0280	ep_length_mean:          200.0000	episode_length_mean:     199.0000
epsilon:                   0.0500	grad_norm:               4302419.3500	info_nce_loss:             0.9467	loss:                    8735.5012
q_loss:                  7941.3647	q_taken_mean:             42.6421	red_team_alives_mean:    143.9520	red_team_win_mean:         0.0040
return_mean:              -1.3060	return_std:                0.0307	target_mean:              42.6443	td_error_abs:             38.9839
test_blue_team_alives_mean:144.0000	test_blue_team_win_mean:   0.0000	test_ep_length_mean:     200.0000	test_episode_length_mean:199.0000
test_red_team_alives_mean:144.0000	test_red_team_win_mean:    0.0000	test_return_mean:         -1.0000	test_return_std:           0.0000

2026-09-20 16:37:28,879 - my_experiment - bat_60_ExpoComm_IQL_5M_43 - my_run - INFO - t_env: 3500200 / 5050000
2026-09-20 16:37:28,880 - my_experiment - bat_60_ExpoComm_IQL_5M_43 - my_run - INFO - Estimated time left: 12 hours, 8 minutes, 41 seconds. Time passed: 1 days, 2 hours, 48 minutes, 36 seconds
2026-09-20 16:37:33,501 - my_experiment - bat_60_ExpoComm_IQL_5M_43 - my_run - INFO - Saving models to work_dirs/my_experiment/bat_60_ExpoComm_IQL_5M_43/my_run/20260919_134838/models/3500200
2026-09-20 17:00:54,416 - my_experiment - bat_60_ExpoComm_IQL_5M_43 - my_run - INFO - Recent Stats | t_env:    3550000 | Episode:    17750
blue_team_alives_mean:   144.0000	blue_team_win_mean:        0.0080	ep_length_mean:          200.0000	episode_length_mean:     199.0000
epsilon:                   0.0500	grad_norm:               4394236.1000	info_nce_loss:             0.7723	loss:                    16680.6754
q_loss:                  15164.2506	q_taken_mean:             43.1695	red_team_alives_mean:    143.9880	red_team_win_mean:         0.0000
return_mean:              -1.3269	return_std:                0.0391	target_mean:              43.1612	td_error_abs:             48.3158
test_blue_team_alives_mean:144.0000	test_blue_team_win_mean:   0.0000	test_ep_length_mean:     200.0000	test_episode_length_mean:199.0000
test_red_team_alives_mean:144.0000	test_red_team_win_mean:    0.0000	test_return_mean:         -1.0000	test_return_std:           0.0000

2026-09-20 17:01:00,119 - my_experiment - bat_60_ExpoComm_IQL_5M_43 - my_run - INFO - t_env: 3550200 / 5050000
2026-09-20 17:01:00,121 - my_experiment - bat_60_ExpoComm_IQL_5M_43 - my_run - INFO - Estimated time left: 11 hours, 45 minutes, 31 seconds. Time passed: 1 days, 3 hours, 12 minutes, 7 seconds
2026-09-20 17:24:25,003 - my_experiment - bat_60_ExpoComm_IQL_5M_43 - my_run - INFO - Recent Stats | t_env:    3600000 | Episode:    18000
blue_team_alives_mean:   144.0000	blue_team_win_mean:        0.0040	ep_length_mean:          200.0000	episode_length_mean:     199.0000
epsilon:                   0.0500	grad_norm:               5809246.7500	info_nce_loss:             0.4667	loss:                    21521.8029
q_loss:                  19565.2754	q_taken_mean:             42.9946	red_team_alives_mean:    143.9960	red_team_win_mean:         0.0000
return_mean:              -1.3544	return_std:                0.0422	target_mean:              43.0361	td_error_abs:             62.4485
test_blue_team_alives_mean:144.0000	test_blue_team_win_mean:   0.0000	test_ep_length_mean:     200.0000	test_episode_length_mean:199.0000
test_red_team_alives_mean:144.0000	test_red_team_win_mean:    0.0000	test_return_mean:         -1.0000	test_return_std:           0.0000

2026-09-20 17:24:30,669 - my_experiment - bat_60_ExpoComm_IQL_5M_43 - my_run - INFO - t_env: 3600200 / 5050000
2026-09-20 17:24:30,670 - my_experiment - bat_60_ExpoComm_IQL_5M_43 - my_run - INFO - Estimated time left: 11 hours, 21 minutes, 40 seconds. Time passed: 1 days, 3 hours, 35 minutes, 38 seconds
2026-09-20 17:47:56,745 - my_experiment - bat_60_ExpoComm_IQL_5M_43 - my_run - INFO - Recent Stats | t_env:    3650000 | Episode:    18250
blue_team_alives_mean:   144.0000	blue_team_win_mean:        0.0280	ep_length_mean:          200.0000	episode_length_mean:     199.0000
epsilon:                   0.0500	grad_norm:               5298550.5500	info_nce_loss:             0.7877	loss:                    15376.3459
q_loss:                  13978.4961	q_taken_mean:             43.1804	red_team_alives_mean:    143.9680	red_team_win_mean:         0.0000
return_mean:              -1.3381	return_std:                0.0441	target_mean:              43.1135	td_error_abs:             48.5842
test_blue_team_alives_mean:144.0000	test_blue_team_win_mean:   0.0000	test_ep_length_mean:     200.0000	test_episode_length_mean:199.0000
test_red_team_alives_mean:144.0000	test_red_team_win_mean:    0.0000	test_return_mean:         -1.0000	test_return_std:           0.0000

2026-09-20 17:48:02,344 - my_experiment - bat_60_ExpoComm_IQL_5M_43 - my_run - INFO - t_env: 3650200 / 5050000
2026-09-20 17:48:02,345 - my_experiment - bat_60_ExpoComm_IQL_5M_43 - my_run - INFO - Estimated time left: 10 hours, 58 minutes, 41 seconds. Time passed: 1 days, 3 hours, 59 minutes, 9 seconds
2026-09-20 18:11:27,123 - my_experiment - bat_60_ExpoComm_IQL_5M_43 - my_run - INFO - Recent Stats | t_env:    3700000 | Episode:    18500
blue_team_alives_mean:   144.0000	blue_team_win_mean:        0.0040	ep_length_mean:          200.0000	episode_length_mean:     199.0000
epsilon:                   0.0500	grad_norm:               5035580.1000	info_nce_loss:             0.6064	loss:                    14334.8043
q_loss:                  13031.6402	q_taken_mean:             43.0407	red_team_alives_mean:    143.9960	red_team_win_mean:         0.0000
return_mean:              -1.3371	return_std:                0.0437	target_mean:              42.9713	td_error_abs:             50.9422
test_blue_team_alives_mean:144.0000	test_blue_team_win_mean:   0.0000	test_ep_length_mean:     200.0000	test_episode_length_mean:199.0000
test_red_team_alives_mean:144.0000	test_red_team_win_mean:    0.0000	test_return_mean:         -1.0000	test_return_std:           0.0000

2026-09-20 18:11:32,796 - my_experiment - bat_60_ExpoComm_IQL_5M_43 - my_run - INFO - t_env: 3700200 / 5050000
2026-09-20 18:11:32,798 - my_experiment - bat_60_ExpoComm_IQL_5M_43 - my_run - INFO - Estimated time left: 10 hours, 34 minutes, 36 seconds. Time passed: 1 days, 4 hours, 22 minutes, 40 seconds
2026-09-20 18:35:01,941 - my_experiment - bat_60_ExpoComm_IQL_5M_43 - my_run - INFO - Recent Stats | t_env:    3750000 | Episode:    18750
blue_team_alives_mean:   144.0000	blue_team_win_mean:        0.0120	ep_length_mean:          200.0000	episode_length_mean:     199.0000
epsilon:                   0.0500	grad_norm:               7471113.7000	info_nce_loss:             0.9180	loss:                    21026.8343
q_loss:                  19115.3039	q_taken_mean:             42.4430	red_team_alives_mean:    143.9840	red_team_win_mean:         0.0000
return_mean:              -1.3573	return_std:                0.0374	target_mean:              42.4108	td_error_abs:             72.8099
test_blue_team_alives_mean:144.0000	test_blue_team_win_mean:   0.0000	test_ep_length_mean:     200.0000	test_episode_length_mean:199.0000
test_red_team_alives_mean:144.0000	test_red_team_win_mean:    0.0000	test_return_mean:         -1.0000	test_return_std:           0.0000

2026-09-20 18:35:07,651 - my_experiment - bat_60_ExpoComm_IQL_5M_43 - my_run - INFO - t_env: 3750200 / 5050000
2026-09-20 18:35:07,652 - my_experiment - bat_60_ExpoComm_IQL_5M_43 - my_run - INFO - Estimated time left: 10 hours, 13 minutes, 0 seconds. Time passed: 1 days, 4 hours, 46 minutes, 15 seconds
2026-09-20 18:58:37,178 - my_experiment - bat_60_ExpoComm_IQL_5M_43 - my_run - INFO - Recent Stats | t_env:    3800000 | Episode:    19000
blue_team_alives_mean:   144.0000	blue_team_win_mean:        0.0080	ep_length_mean:          200.0000	episode_length_mean:     199.0000
epsilon:                   0.0500	grad_norm:               5227400.4000	info_nce_loss:             0.9068	loss:                    13197.8683
q_loss:                  11998.0620	q_taken_mean:             41.8403	red_team_alives_mean:    143.9880	red_team_win_mean:         0.0000
return_mean:              -1.3429	return_std:                0.0377	target_mean:              42.0206	td_error_abs:             58.9387
test_blue_team_alives_mean:144.0000	test_blue_team_win_mean:   0.0000	test_ep_length_mean:     200.0000	test_episode_length_mean:199.0000
test_red_team_alives_mean:144.0000	test_red_team_win_mean:    0.0000	test_return_mean:         -1.0000	test_return_std:           0.0000

2026-09-20 18:58:42,804 - my_experiment - bat_60_ExpoComm_IQL_5M_43 - my_run - INFO - t_env: 3800200 / 5050000
2026-09-20 18:58:42,805 - my_experiment - bat_60_ExpoComm_IQL_5M_43 - my_run - INFO - Estimated time left: 9 hours, 49 minutes, 33 seconds. Time passed: 1 days, 5 hours, 9 minutes, 50 seconds
2026-09-20 19:22:11,721 - my_experiment - bat_60_ExpoComm_IQL_5M_43 - my_run - INFO - Recent Stats | t_env:    3850000 | Episode:    19250
blue_team_alives_mean:   144.0000	blue_team_win_mean:        0.0080	ep_length_mean:          200.0000	episode_length_mean:     199.0000
epsilon:                   0.0500	grad_norm:               4681376.3500	info_nce_loss:             0.4648	loss:                    8801.8401
q_loss:                  8001.6728	q_taken_mean:             42.2929	red_team_alives_mean:    143.9920	red_team_win_mean:         0.0000
return_mean:              -1.3311	return_std:                0.0378	target_mean:              42.1994	td_error_abs:             49.9846
test_blue_team_alives_mean:144.0000	test_blue_team_win_mean:   0.0000	test_ep_length_mean:     200.0000	test_episode_length_mean:199.0000
test_red_team_alives_mean:144.0000	test_red_team_win_mean:    0.0000	test_return_mean:         -1.0000	test_return_std:           0.0000

2026-09-20 19:22:17,332 - my_experiment - bat_60_ExpoComm_IQL_5M_43 - my_run - INFO - t_env: 3850200 / 5050000
2026-09-20 19:22:17,334 - my_experiment - bat_60_ExpoComm_IQL_5M_43 - my_run - INFO - Estimated time left: 9 hours, 25 minutes, 43 seconds. Time passed: 1 days, 5 hours, 33 minutes, 24 seconds
2026-09-20 19:45:46,538 - my_experiment - bat_60_ExpoComm_IQL_5M_43 - my_run - INFO - Recent Stats | t_env:    3900000 | Episode:    19500
blue_team_alives_mean:   144.0000	blue_team_win_mean:        0.0160	ep_length_mean:          200.0000	episode_length_mean:     199.0000
epsilon:                   0.0500	grad_norm:               5956302.1000	info_nce_loss:             0.6600	loss:                    12710.0194
q_loss:                  11554.5629	q_taken_mean:             42.3093	red_team_alives_mean:    143.9760	red_team_win_mean:         0.0000
return_mean:              -1.3247	return_std:                0.0372	target_mean:              42.1080	td_error_abs:             62.6390
test_blue_team_alives_mean:144.0000	test_blue_team_win_mean:   0.0000	test_ep_length_mean:     200.0000	test_episode_length_mean:199.0000
test_red_team_alives_mean:144.0000	test_red_team_win_mean:    0.0000	test_return_mean:         -1.0000	test_return_std:           0.0000

2026-09-20 19:45:52,184 - my_experiment - bat_60_ExpoComm_IQL_5M_43 - my_run - INFO - t_env: 3900200 / 5050000
2026-09-20 19:45:52,185 - my_experiment - bat_60_ExpoComm_IQL_5M_43 - my_run - INFO - Estimated time left: 9 hours, 2 minutes, 15 seconds. Time passed: 1 days, 5 hours, 56 minutes, 59 seconds
2026-09-20 20:09:17,567 - my_experiment - bat_60_ExpoComm_IQL_5M_43 - my_run - INFO - Recent Stats | t_env:    3950000 | Episode:    19750
blue_team_alives_mean:   144.0000	blue_team_win_mean:        0.0080	ep_length_mean:          200.0000	episode_length_mean:     199.0000
epsilon:                   0.0500	grad_norm:               5607189.5000	info_nce_loss:             0.5325	loss:                    17766.6759
q_loss:                  16151.5238	q_taken_mean:             41.7449	red_team_alives_mean:    143.9800	red_team_win_mean:         0.0000
return_mean:              -1.3228	return_std:                0.0396	target_mean:              41.7484	td_error_abs:             64.0989
test_blue_team_alives_mean:144.0000	test_blue_team_win_mean:   0.0000	test_ep_length_mean:     200.0000	test_episode_length_mean:199.0000
test_red_team_alives_mean:144.0000	test_red_team_win_mean:    0.0000	test_return_mean:         -1.0000	test_return_std:           0.0000

2026-09-20 20:09:23,189 - my_experiment - bat_60_ExpoComm_IQL_5M_43 - my_run - INFO - t_env: 3950200 / 5050000
2026-09-20 20:09:23,191 - my_experiment - bat_60_ExpoComm_IQL_5M_43 - my_run - INFO - Estimated time left: 8 hours, 37 minutes, 16 seconds. Time passed: 1 days, 6 hours, 20 minutes, 30 seconds
2026-09-20 20:32:54,194 - my_experiment - bat_60_ExpoComm_IQL_5M_43 - my_run - INFO - Recent Stats | t_env:    4000000 | Episode:    20000
blue_team_alives_mean:   144.0000	blue_team_win_mean:        0.0200	ep_length_mean:          200.0000	episode_length_mean:     199.0000
epsilon:                   0.0500	grad_norm:               2426477.7500	info_nce_loss:             0.7863	loss:                    3050.8359
q_loss:                  2773.4872	q_taken_mean:             41.7759	red_team_alives_mean:    143.9800	red_team_win_mean:         0.0000
return_mean:              -1.3156	return_std:                0.0386	target_mean:              41.8001	td_error_abs:             33.6827
test_blue_team_alives_mean:144.0000	test_blue_team_win_mean:   0.0000	test_ep_length_mean:     200.0000	test_episode_length_mean:199.0000
test_red_team_alives_mean:144.0000	test_red_team_win_mean:    0.0000	test_return_mean:         -1.0000	test_return_std:           0.0000

2026-09-20 20:32:59,855 - my_experiment - bat_60_ExpoComm_IQL_5M_43 - my_run - INFO - t_env: 4000200 / 5050000
2026-09-20 20:32:59,857 - my_experiment - bat_60_ExpoComm_IQL_5M_43 - my_run - INFO - Estimated time left: 8 hours, 15 minutes, 44 seconds. Time passed: 1 days, 6 hours, 44 minutes, 7 seconds
2026-09-20 20:33:04,513 - my_experiment - bat_60_ExpoComm_IQL_5M_43 - my_run - INFO - Saving models to work_dirs/my_experiment/bat_60_ExpoComm_IQL_5M_43/my_run/20260919_134838/models/4000200
2026-09-20 20:56:27,499 - my_experiment - bat_60_ExpoComm_IQL_5M_43 - my_run - INFO - Recent Stats | t_env:    4050000 | Episode:    20250
blue_team_alives_mean:   143.9960	blue_team_win_mean:        0.0040	ep_length_mean:          200.0000	episode_length_mean:     199.0000
epsilon:                   0.0500	grad_norm:               2641700.0500	info_nce_loss:             0.8547	loss:                    3174.5363
q_loss:                  2885.9421	q_taken_mean:             41.8696	red_team_alives_mean:    143.9920	red_team_win_mean:         0.0040
return_mean:              -1.3126	return_std:                0.0353	target_mean:              41.8520	td_error_abs:             34.4593
test_blue_team_alives_mean:144.0000	test_blue_team_win_mean:   0.0000	test_ep_length_mean:     200.0000	test_episode_length_mean:199.0000
test_red_team_alives_mean:144.0000	test_red_team_win_mean:    0.0000	test_return_mean:         -1.0000	test_return_std:           0.0000

2026-09-20 20:56:33,248 - my_experiment - bat_60_ExpoComm_IQL_5M_43 - my_run - INFO - t_env: 4050200 / 5050000
2026-09-20 20:56:33,249 - my_experiment - bat_60_ExpoComm_IQL_5M_43 - my_run - INFO - Estimated time left: 7 hours, 51 minutes, 2 seconds. Time passed: 1 days, 7 hours, 7 minutes, 40 seconds
2026-09-20 21:20:10,521 - my_experiment - bat_60_ExpoComm_IQL_5M_43 - my_run - INFO - Recent Stats | t_env:    4100000 | Episode:    20500
blue_team_alives_mean:   144.0000	blue_team_win_mean:        0.0120	ep_length_mean:          200.0000	episode_length_mean:     199.0000
epsilon:                   0.0500	grad_norm:               2663312.4000	info_nce_loss:             0.7858	loss:                    3043.6462
q_loss:                  2766.9511	q_taken_mean:             41.8783	red_team_alives_mean:    143.9840	red_team_win_mean:         0.0000
return_mean:              -1.3018	return_std:                0.0231	target_mean:              41.9225	td_error_abs:             34.7431
test_blue_team_alives_mean:144.0000	test_blue_team_win_mean:   0.0000	test_ep_length_mean:     200.0000	test_episode_length_mean:199.0000
test_red_team_alives_mean:144.0000	test_red_team_win_mean:    0.0000	test_return_mean:         -1.0000	test_return_std:           0.0000

2026-09-20 21:20:16,305 - my_experiment - bat_60_ExpoComm_IQL_5M_43 - my_run - INFO - t_env: 4100200 / 5050000
2026-09-20 21:20:16,306 - my_experiment - bat_60_ExpoComm_IQL_5M_43 - my_run - INFO - Estimated time left: 7 hours, 30 minutes, 32 seconds. Time passed: 1 days, 7 hours, 31 minutes, 23 seconds
2026-09-20 21:43:42,140 - my_experiment - bat_60_ExpoComm_IQL_5M_43 - my_run - INFO - Recent Stats | t_env:    4150000 | Episode:    20750
blue_team_alives_mean:   144.0000	blue_team_win_mean:        0.0120	ep_length_mean:          200.0000	episode_length_mean:     199.0000
epsilon:                   0.0500	grad_norm:               2492595.1250	info_nce_loss:             0.8571	loss:                    2800.8363
q_loss:                  2546.2147	q_taken_mean:             42.0959	red_team_alives_mean:    143.9880	red_team_win_mean:         0.0000
return_mean:              -1.3050	return_std:                0.0320	target_mean:              42.0510	td_error_abs:             32.1035
test_blue_team_alives_mean:144.0000	test_blue_team_win_mean:   0.0000	test_ep_length_mean:     200.0000	test_episode_length_mean:199.0000
test_red_team_alives_mean:144.0000	test_red_team_win_mean:    0.0000	test_return_mean:         -1.0000	test_return_std:           0.0000

2026-09-20 21:43:47,697 - my_experiment - bat_60_ExpoComm_IQL_5M_43 - my_run - INFO - t_env: 4150200 / 5050000
2026-09-20 21:43:47,699 - my_experiment - bat_60_ExpoComm_IQL_5M_43 - my_run - INFO - Estimated time left: 7 hours, 3 minutes, 19 seconds. Time passed: 1 days, 7 hours, 54 minutes, 55 seconds
2026-09-20 22:07:25,170 - my_experiment - bat_60_ExpoComm_IQL_5M_43 - my_run - INFO - Recent Stats | t_env:    4200000 | Episode:    21000
blue_team_alives_mean:   144.0000	blue_team_win_mean:        0.0240	ep_length_mean:          200.0000	episode_length_mean:     199.0000
epsilon:                   0.0500	grad_norm:               2703682.5000	info_nce_loss:             0.6141	loss:                    3284.9911
q_loss:                  2986.3556	q_taken_mean:             42.1947	red_team_alives_mean:    143.9680	red_team_win_mean:         0.0000
return_mean:              -1.3039	return_std:                0.0306	target_mean:              42.2197	td_error_abs:             33.5413
test_blue_team_alives_mean:144.0000	test_blue_team_win_mean:   0.0000	test_ep_length_mean:     200.0000	test_episode_length_mean:199.0000
test_red_team_alives_mean:144.0000	test_red_team_win_mean:    0.0000	test_return_mean:         -1.0000	test_return_std:           0.0000

2026-09-20 22:07:30,839 - my_experiment - bat_60_ExpoComm_IQL_5M_43 - my_run - INFO - t_env: 4200200 / 5050000
2026-09-20 22:07:30,840 - my_experiment - bat_60_ExpoComm_IQL_5M_43 - my_run - INFO - Estimated time left: 6 hours, 43 minutes, 7 seconds. Time passed: 1 days, 8 hours, 18 minutes, 38 seconds
2026-09-20 22:30:59,748 - my_experiment - bat_60_ExpoComm_IQL_5M_43 - my_run - INFO - Recent Stats | t_env:    4250000 | Episode:    21250
blue_team_alives_mean:   144.0000	blue_team_win_mean:        0.0200	ep_length_mean:          200.0000	episode_length_mean:     199.0000
epsilon:                   0.0500	grad_norm:               2979734.4000	info_nce_loss:             0.3854	loss:                    3862.3614
q_loss:                  3511.2377	q_taken_mean:             42.3212	red_team_alives_mean:    143.9760	red_team_win_mean:         0.0000
return_mean:              -1.3017	return_std:                0.0285	target_mean:              42.2987	td_error_abs:             35.0268
test_blue_team_alives_mean:144.0000	test_blue_team_win_mean:   0.0000	test_ep_length_mean:     200.0000	test_episode_length_mean:199.0000
test_red_team_alives_mean:144.0000	test_red_team_win_mean:    0.0000	test_return_mean:         -1.0000	test_return_std:           0.0000

2026-09-20 22:31:05,277 - my_experiment - bat_60_ExpoComm_IQL_5M_43 - my_run - INFO - t_env: 4250200 / 5050000
2026-09-20 22:31:05,279 - my_experiment - bat_60_ExpoComm_IQL_5M_43 - my_run - INFO - Estimated time left: 6 hours, 17 minutes, 5 seconds. Time passed: 1 days, 8 hours, 42 minutes, 12 seconds
2026-09-20 22:54:21,413 - my_experiment - bat_60_ExpoComm_IQL_5M_43 - my_run - INFO - Recent Stats | t_env:    4300000 | Episode:    21500
blue_team_alives_mean:   144.0000	blue_team_win_mean:        0.0120	ep_length_mean:          200.0000	episode_length_mean:     199.0000
epsilon:                   0.0500	grad_norm:               2943681.5000	info_nce_loss:             0.8320	loss:                    3869.2882
q_loss:                  3517.5348	q_taken_mean:             42.2874	red_team_alives_mean:    143.9880	red_team_win_mean:         0.0000
return_mean:              -1.3131	return_std:                0.0327	target_mean:              42.3074	td_error_abs:             34.2424
test_blue_team_alives_mean:144.0000	test_blue_team_win_mean:   0.0000	test_ep_length_mean:     200.0000	test_episode_length_mean:199.0000
test_red_team_alives_mean:144.0000	test_red_team_win_mean:    0.0000	test_return_mean:         -1.0000	test_return_std:           0.0000

2026-09-20 22:54:27,098 - my_experiment - bat_60_ExpoComm_IQL_5M_43 - my_run - INFO - t_env: 4300200 / 5050000
2026-09-20 22:54:27,099 - my_experiment - bat_60_ExpoComm_IQL_5M_43 - my_run - INFO - Estimated time left: 5 hours, 50 minutes, 21 seconds. Time passed: 1 days, 9 hours, 5 minutes, 34 seconds
2026-09-20 23:17:37,103 - my_experiment - bat_60_ExpoComm_IQL_5M_43 - my_run - INFO - Recent Stats | t_env:    4350000 | Episode:    21750
blue_team_alives_mean:   144.0000	blue_team_win_mean:        0.0160	ep_length_mean:          200.0000	episode_length_mean:     199.0000
epsilon:                   0.0500	grad_norm:               2991944.6000	info_nce_loss:             0.9202	loss:                    4064.0310
q_loss:                  3694.5736	q_taken_mean:             42.3886	red_team_alives_mean:    143.9840	red_team_win_mean:         0.0000
return_mean:              -1.3101	return_std:                0.0323	target_mean:              42.3350	td_error_abs:             33.7403
test_blue_team_alives_mean:144.0000	test_blue_team_win_mean:   0.0000	test_ep_length_mean:     200.0000	test_episode_length_mean:199.0000
test_red_team_alives_mean:144.0000	test_red_team_win_mean:    0.0000	test_return_mean:         -1.0000	test_return_std:           0.0000

2026-09-20 23:17:42,785 - my_experiment - bat_60_ExpoComm_IQL_5M_43 - my_run - INFO - t_env: 4350200 / 5050000
2026-09-20 23:17:42,787 - my_experiment - bat_60_ExpoComm_IQL_5M_43 - my_run - INFO - Estimated time left: 5 hours, 25 minutes, 34 seconds. Time passed: 1 days, 9 hours, 28 minutes, 50 seconds
2026-09-20 23:40:41,619 - my_experiment - bat_60_ExpoComm_IQL_5M_43 - my_run - INFO - Recent Stats | t_env:    4400000 | Episode:    22000
blue_team_alives_mean:   144.0000	blue_team_win_mean:        0.0080	ep_length_mean:          200.0000	episode_length_mean:     199.0000
epsilon:                   0.0500	grad_norm:               3841754.4312	info_nce_loss:             0.9054	loss:                    10226.9054
q_loss:                  9297.1867	q_taken_mean:             42.6188	red_team_alives_mean:    143.9880	red_team_win_mean:         0.0000
return_mean:              -1.3326	return_std:                0.0410	target_mean:              42.4290	td_error_abs:             48.6853
test_blue_team_alives_mean:144.0000	test_blue_team_win_mean:   0.0000	test_ep_length_mean:     200.0000	test_episode_length_mean:199.0000
test_red_team_alives_mean:144.0000	test_red_team_win_mean:    0.0000	test_return_mean:         -1.0000	test_return_std:           0.0000

2026-09-20 23:40:47,291 - my_experiment - bat_60_ExpoComm_IQL_5M_43 - my_run - INFO - t_env: 4400200 / 5050000
2026-09-20 23:40:47,292 - my_experiment - bat_60_ExpoComm_IQL_5M_43 - my_run - INFO - Estimated time left: 4 hours, 59 minutes, 53 seconds. Time passed: 1 days, 9 hours, 51 minutes, 54 seconds
2026-09-21 00:04:12,049 - my_experiment - bat_60_ExpoComm_IQL_5M_43 - my_run - INFO - Recent Stats | t_env:    4450000 | Episode:    22250
blue_team_alives_mean:   143.9960	blue_team_win_mean:        0.0040	ep_length_mean:          200.0000	episode_length_mean:     199.0000
epsilon:                   0.0500	grad_norm:               3080711.6695	info_nce_loss:             1.8199	loss:                    292757.4375
q_loss:                  266143.1250	q_taken_mean:             53.0589	red_team_alives_mean:    143.9920	red_team_win_mean:         0.0040
return_mean:              -1.3706	return_std:                0.0253	target_mean:              52.8711	td_error_abs:            109.0284
test_blue_team_alives_mean:144.0000	test_blue_team_win_mean:   0.0000	test_ep_length_mean:     200.0000	test_episode_length_mean:199.0000
test_red_team_alives_mean:144.0000	test_red_team_win_mean:    0.0000	test_return_mean:         -1.0000	test_return_std:           0.0000

2026-09-21 00:04:17,831 - my_experiment - bat_60_ExpoComm_IQL_5M_43 - my_run - INFO - t_env: 4450200 / 5050000
2026-09-21 00:04:17,833 - my_experiment - bat_60_ExpoComm_IQL_5M_43 - my_run - INFO - Estimated time left: 4 hours, 42 minutes, 0 seconds. Time passed: 1 days, 10 hours, 15 minutes, 25 seconds
2026-09-21 00:27:34,360 - my_experiment - bat_60_ExpoComm_IQL_5M_43 - my_run - INFO - Recent Stats | t_env:    4500000 | Episode:    22500
blue_team_alives_mean:   144.0000	blue_team_win_mean:        0.0360	ep_length_mean:          200.0000	episode_length_mean:     199.0000
epsilon:                   0.0500	grad_norm:               12393375.8000	info_nce_loss:             1.4103	loss:                    217174.2375
q_loss:                  197431.1250	q_taken_mean:             52.2327	red_team_alives_mean:    143.9480	red_team_win_mean:         0.0000
return_mean:              -1.3028	return_std:                0.0281	target_mean:              52.3406	td_error_abs:            100.6805
test_blue_team_alives_mean:144.0000	test_blue_team_win_mean:   0.0000	test_ep_length_mean:     200.0000	test_episode_length_mean:199.0000
test_red_team_alives_mean:144.0000	test_red_team_win_mean:    0.0000	test_return_mean:         -1.0000	test_return_std:           0.0000

2026-09-21 00:27:39,998 - my_experiment - bat_60_ExpoComm_IQL_5M_43 - my_run - INFO - t_env: 4500200 / 5050000
2026-09-21 00:27:39,999 - my_experiment - bat_60_ExpoComm_IQL_5M_43 - my_run - INFO - Estimated time left: 4 hours, 16 minutes, 58 seconds. Time passed: 1 days, 10 hours, 38 minutes, 47 seconds
2026-09-21 00:27:44,638 - my_experiment - bat_60_ExpoComm_IQL_5M_43 - my_run - INFO - Saving models to work_dirs/my_experiment/bat_60_ExpoComm_IQL_5M_43/my_run/20260919_134838/models/4500200
2026-09-21 00:51:12,046 - my_experiment - bat_60_ExpoComm_IQL_5M_43 - my_run - INFO - Recent Stats | t_env:    4550000 | Episode:    22750
blue_team_alives_mean:   143.9840	blue_team_win_mean:        0.0440	ep_length_mean:          200.0000	episode_length_mean:     199.0000
epsilon:                   0.0500	grad_norm:               19562723.2000	info_nce_loss:             1.2078	loss:                    110087.5844
q_loss:                  100079.6211	q_taken_mean:             51.9384	red_team_alives_mean:    143.9480	red_team_win_mean:         0.0160
return_mean:              -1.2827	return_std:                0.0174	target_mean:              51.9454	td_error_abs:             61.2991
test_blue_team_alives_mean:144.0000	test_blue_team_win_mean:   0.0000	test_ep_length_mean:     200.0000	test_episode_length_mean:199.0000
test_red_team_alives_mean:144.0000	test_red_team_win_mean:    0.0000	test_return_mean:         -1.0000	test_return_std:           0.0000

2026-09-21 00:51:17,788 - my_experiment - bat_60_ExpoComm_IQL_5M_43 - my_run - INFO - t_env: 4550200 / 5050000
2026-09-21 00:51:17,789 - my_experiment - bat_60_ExpoComm_IQL_5M_43 - my_run - INFO - Estimated time left: 3 hours, 56 minutes, 12 seconds. Time passed: 1 days, 11 hours, 2 minutes, 25 seconds
2026-09-21 01:14:48,506 - my_experiment - bat_60_ExpoComm_IQL_5M_43 - my_run - INFO - Recent Stats | t_env:    4600000 | Episode:    23000
blue_team_alives_mean:   144.0000	blue_team_win_mean:        0.0280	ep_length_mean:          200.0000	episode_length_mean:     199.0000
epsilon:                   0.0500	grad_norm:               25543566.0000	info_nce_loss:             1.3057	loss:                    61539.1359
q_loss:                  55944.6676	q_taken_mean:             51.8030	red_team_alives_mean:    143.9640	red_team_win_mean:         0.0000
return_mean:              -1.2833	return_std:                0.0191	target_mean:              51.6954	td_error_abs:             48.8787
test_blue_team_alives_mean:144.0000	test_blue_team_win_mean:   0.0000	test_ep_length_mean:     200.0000	test_episode_length_mean:199.0000
test_red_team_alives_mean:144.0000	test_red_team_win_mean:    0.0000	test_return_mean:         -1.0000	test_return_std:           0.0000

2026-09-21 01:14:54,286 - my_experiment - bat_60_ExpoComm_IQL_5M_43 - my_run - INFO - t_env: 4600200 / 5050000
2026-09-21 01:14:54,287 - my_experiment - bat_60_ExpoComm_IQL_5M_43 - my_run - INFO - Estimated time left: 3 hours, 32 minutes, 22 seconds. Time passed: 1 days, 11 hours, 26 minutes, 1 seconds
2026-09-21 01:38:29,983 - my_experiment - bat_60_ExpoComm_IQL_5M_43 - my_run - INFO - Recent Stats | t_env:    4650000 | Episode:    23250
blue_team_alives_mean:   144.0000	blue_team_win_mean:        0.0360	ep_length_mean:          200.0000	episode_length_mean:     199.0000
epsilon:                   0.0500	grad_norm:               28557254.4000	info_nce_loss:             1.3533	loss:                    40889.6965
q_loss:                  37172.4504	q_taken_mean:             51.8035	red_team_alives_mean:    143.9520	red_team_win_mean:         0.0000
return_mean:              -1.2866	return_std:                0.0172	target_mean:              51.6665	td_error_abs:             41.1861
test_blue_team_alives_mean:144.0000	test_blue_team_win_mean:   0.0000	test_ep_length_mean:     200.0000	test_episode_length_mean:199.0000
test_red_team_alives_mean:144.0000	test_red_team_win_mean:    0.0000	test_return_mean:         -1.0000	test_return_std:           0.0000

2026-09-21 01:38:35,700 - my_experiment - bat_60_ExpoComm_IQL_5M_43 - my_run - INFO - t_env: 4650200 / 5050000
2026-09-21 01:38:35,702 - my_experiment - bat_60_ExpoComm_IQL_5M_43 - my_run - INFO - Estimated time left: 3 hours, 9 minutes, 25 seconds. Time passed: 1 days, 11 hours, 49 minutes, 43 seconds
2026-09-21 02:02:07,137 - my_experiment - bat_60_ExpoComm_IQL_5M_43 - my_run - INFO - Recent Stats | t_env:    4700000 | Episode:    23500
blue_team_alives_mean:   144.0000	blue_team_win_mean:        0.0320	ep_length_mean:          200.0000	episode_length_mean:     199.0000
epsilon:                   0.0500	grad_norm:               43303657.2000	info_nce_loss:             1.2843	loss:                    108034.5396
q_loss:                  98213.2154	q_taken_mean:             51.6998	red_team_alives_mean:    143.9560	red_team_win_mean:         0.0000
return_mean:              -1.2879	return_std:                0.0247	target_mean:              51.6580	td_error_abs:             62.0186
test_blue_team_alives_mean:144.0000	test_blue_team_win_mean:   0.0000	test_ep_length_mean:     200.0000	test_episode_length_mean:199.0000
test_red_team_alives_mean:144.0000	test_red_team_win_mean:    0.0000	test_return_mean:         -1.0000	test_return_std:           0.0000

2026-09-21 02:02:12,867 - my_experiment - bat_60_ExpoComm_IQL_5M_43 - my_run - INFO - t_env: 4700200 / 5050000
2026-09-21 02:02:12,869 - my_experiment - bat_60_ExpoComm_IQL_5M_43 - my_run - INFO - Estimated time left: 2 hours, 45 minutes, 14 seconds. Time passed: 1 days, 12 hours, 13 minutes, 20 seconds
2026-09-21 02:25:50,449 - my_experiment - bat_60_ExpoComm_IQL_5M_43 - my_run - INFO - Recent Stats | t_env:    4750000 | Episode:    23750
blue_team_alives_mean:   144.0000	blue_team_win_mean:        0.0440	ep_length_mean:          200.0000	episode_length_mean:     199.0000
epsilon:                   0.0500	grad_norm:               28171963.8000	info_nce_loss:             1.1008	loss:                    37981.5705
q_loss:                  34528.7005	q_taken_mean:             51.6533	red_team_alives_mean:    143.9520	red_team_win_mean:         0.0000
return_mean:              -1.2841	return_std:                0.0171	target_mean:              51.5214	td_error_abs:             43.7216
test_blue_team_alives_mean:144.0000	test_blue_team_win_mean:   0.0000	test_ep_length_mean:     200.0000	test_episode_length_mean:199.0000
test_red_team_alives_mean:144.0000	test_red_team_win_mean:    0.0000	test_return_mean:         -1.0000	test_return_std:           0.0000

2026-09-21 02:25:56,149 - my_experiment - bat_60_ExpoComm_IQL_5M_43 - my_run - INFO - t_env: 4750200 / 5050000
2026-09-21 02:25:56,150 - my_experiment - bat_60_ExpoComm_IQL_5M_43 - my_run - INFO - Estimated time left: 2 hours, 22 minutes, 13 seconds. Time passed: 1 days, 12 hours, 37 minutes, 3 seconds
2026-09-21 02:49:32,438 - my_experiment - bat_60_ExpoComm_IQL_5M_43 - my_run - INFO - Recent Stats | t_env:    4800000 | Episode:    24000
blue_team_alives_mean:   144.0000	blue_team_win_mean:        0.0120	ep_length_mean:          200.0000	episode_length_mean:     199.0000
epsilon:                   0.0500	grad_norm:               19377842.1500	info_nce_loss:             1.0335	loss:                    20645.0629
q_loss:                  18768.2393	q_taken_mean:             51.5317	red_team_alives_mean:    143.9880	red_team_win_mean:         0.0000
return_mean:              -1.2985	return_std:                0.0220	target_mean:              51.4350	td_error_abs:             31.4110
test_blue_team_alives_mean:144.0000	test_blue_team_win_mean:   0.0000	test_ep_length_mean:     200.0000	test_episode_length_mean:199.0000
test_red_team_alives_mean:144.0000	test_red_team_win_mean:    0.0000	test_return_mean:         -1.0000	test_return_std:           0.0000

2026-09-21 02:49:38,098 - my_experiment - bat_60_ExpoComm_IQL_5M_43 - my_run - INFO - t_env: 4800200 / 5050000
2026-09-21 02:49:38,100 - my_experiment - bat_60_ExpoComm_IQL_5M_43 - my_run - INFO - Estimated time left: 1 hours, 58 minutes, 24 seconds. Time passed: 1 days, 13 hours, 45 seconds
2026-09-21 03:13:21,217 - my_experiment - bat_60_ExpoComm_IQL_5M_43 - my_run - INFO - Recent Stats | t_env:    4850000 | Episode:    24250
blue_team_alives_mean:   143.9960	blue_team_win_mean:        0.0080	ep_length_mean:          200.0000	episode_length_mean:     199.0000
epsilon:                   0.0500	grad_norm:               28568370.5000	info_nce_loss:             1.3918	loss:                    29706.3705
q_loss:                  27005.7908	q_taken_mean:             51.5600	red_team_alives_mean:    143.9840	red_team_win_mean:         0.0040
return_mean:              -1.3003	return_std:                0.0198	target_mean:              51.4100	td_error_abs:             37.8508
test_blue_team_alives_mean:144.0000	test_blue_team_win_mean:   0.0000	test_ep_length_mean:     200.0000	test_episode_length_mean:199.0000
test_red_team_alives_mean:144.0000	test_red_team_win_mean:    0.0000	test_return_mean:         -1.0000	test_return_std:           0.0000

2026-09-21 03:13:26,891 - my_experiment - bat_60_ExpoComm_IQL_5M_43 - my_run - INFO - t_env: 4850200 / 5050000
2026-09-21 03:13:26,893 - my_experiment - bat_60_ExpoComm_IQL_5M_43 - my_run - INFO - Estimated time left: 1 hours, 35 minutes, 9 seconds. Time passed: 1 days, 13 hours, 24 minutes, 34 seconds
2026-09-21 03:37:02,702 - my_experiment - bat_60_ExpoComm_IQL_5M_43 - my_run - INFO - Recent Stats | t_env:    4900000 | Episode:    24500
blue_team_alives_mean:   144.0000	blue_team_win_mean:        0.0080	ep_length_mean:          200.0000	episode_length_mean:     199.0000
epsilon:                   0.0500	grad_norm:               20851482.7688	info_nce_loss:             1.1838	loss:                    21420.0277
q_loss:                  19472.7521	q_taken_mean:             51.4811	red_team_alives_mean:    143.9920	red_team_win_mean:         0.0000
return_mean:              -1.3002	return_std:                0.0174	target_mean:              51.3986	td_error_abs:             31.8700
test_blue_team_alives_mean:144.0000	test_blue_team_win_mean:   0.0000	test_ep_length_mean:     200.0000	test_episode_length_mean:199.0000
test_red_team_alives_mean:144.0000	test_red_team_win_mean:    0.0000	test_return_mean:         -1.0000	test_return_std:           0.0000

2026-09-21 03:37:08,352 - my_experiment - bat_60_ExpoComm_IQL_5M_43 - my_run - INFO - t_env: 4900200 / 5050000
2026-09-21 03:37:08,354 - my_experiment - bat_60_ExpoComm_IQL_5M_43 - my_run - INFO - Estimated time left: 1 hours, 10 minutes, 58 seconds. Time passed: 1 days, 13 hours, 48 minutes, 15 seconds
2026-09-21 04:00:43,340 - my_experiment - bat_60_ExpoComm_IQL_5M_43 - my_run - INFO - Recent Stats | t_env:    4950000 | Episode:    24750
blue_team_alives_mean:   144.0000	blue_team_win_mean:        0.0120	ep_length_mean:          200.0000	episode_length_mean:     199.0000
epsilon:                   0.0500	grad_norm:               27058245.3000	info_nce_loss:             1.1583	loss:                    25139.2325
q_loss:                  22853.8480	q_taken_mean:             51.4125	red_team_alives_mean:    143.9840	red_team_win_mean:         0.0000
return_mean:              -1.3145	return_std:                0.0296	target_mean:              51.2734	td_error_abs:             35.8817
test_blue_team_alives_mean:144.0000	test_blue_team_win_mean:   0.0000	test_ep_length_mean:     200.0000	test_episode_length_mean:199.0000
test_red_team_alives_mean:144.0000	test_red_team_win_mean:    0.0000	test_return_mean:         -1.0000	test_return_std:           0.0000

2026-09-21 04:00:49,078 - my_experiment - bat_60_ExpoComm_IQL_5M_43 - my_run - INFO - t_env: 4950200 / 5050000
2026-09-21 04:00:49,080 - my_experiment - bat_60_ExpoComm_IQL_5M_43 - my_run - INFO - Estimated time left: 47 minutes, 15 seconds. Time passed: 1 days, 14 hours, 11 minutes, 56 seconds
2026-09-21 04:24:25,568 - my_experiment - bat_60_ExpoComm_IQL_5M_43 - my_run - INFO - Recent Stats | t_env:    5000000 | Episode:    25000
blue_team_alives_mean:   143.9920	blue_team_win_mean:        0.0320	ep_length_mean:          200.0000	episode_length_mean:     199.0000
epsilon:                   0.0500	grad_norm:               20005204.7500	info_nce_loss:             1.2535	loss:                    18535.2357
q_loss:                  16850.2135	q_taken_mean:             51.2954	red_team_alives_mean:    143.9520	red_team_win_mean:         0.0080
return_mean:              -1.2767	return_std:                0.0263	target_mean:              51.1981	td_error_abs:             30.7977
test_blue_team_alives_mean:144.0000	test_blue_team_win_mean:   0.0000	test_ep_length_mean:     200.0000	test_episode_length_mean:199.0000
test_red_team_alives_mean:144.0000	test_red_team_win_mean:    0.0000	test_return_mean:         -1.0000	test_return_std:           0.0000

2026-09-21 04:24:31,286 - my_experiment - bat_60_ExpoComm_IQL_5M_43 - my_run - INFO - t_env: 5000200 / 5050000
2026-09-21 04:24:31,288 - my_experiment - bat_60_ExpoComm_IQL_5M_43 - my_run - INFO - Estimated time left: 23 minutes, 36 seconds. Time passed: 1 days, 14 hours, 35 minutes, 38 seconds
2026-09-21 04:24:36,029 - my_experiment - bat_60_ExpoComm_IQL_5M_43 - my_run - INFO - Saving models to work_dirs/my_experiment/bat_60_ExpoComm_IQL_5M_43/my_run/20260919_134838/models/5000200
2026-09-21 04:48:11,038 - my_experiment - bat_60_ExpoComm_IQL_5M_43 - my_run - INFO - Recent Stats | t_env:    5050000 | Episode:    25250
blue_team_alives_mean:   144.0000	blue_team_win_mean:        0.0560	ep_length_mean:          200.0000	episode_length_mean:     199.0000
epsilon:                   0.0500	grad_norm:               30398850.2000	info_nce_loss:             1.4050	loss:                    26269.6434
q_loss:                  23881.4944	q_taken_mean:             51.1942	red_team_alives_mean:    143.9120	red_team_win_mean:         0.0000
return_mean:              -1.3030	return_std:                0.0285	target_mean:              51.0526	td_error_abs:             39.0113
test_blue_team_alives_mean:144.0000	test_blue_team_win_mean:   0.0000	test_ep_length_mean:     200.0000	test_episode_length_mean:199.0000
test_red_team_alives_mean:144.0000	test_red_team_win_mean:    0.0000	test_return_mean:         -1.0000	test_return_std:           0.0000

2026-09-21 04:48:16,810 - my_experiment - bat_60_ExpoComm_IQL_5M_43 - my_run - INFO - t_env: 5050200 / 5050000
2026-09-21 04:48:16,812 - my_experiment - bat_60_ExpoComm_IQL_5M_43 - my_run - INFO - Estimated time left: -. Time passed: 1 days, 14 hours, 59 minutes, 24 seconds
2026-09-21 04:48:21,555 - my_experiment - bat_60_ExpoComm_IQL_5M_43 - my_run - INFO - Finished Training
