Gym has been unmaintained since 2022 and does not support NumPy 2.0 amongst other critical functionality.
Please upgrade to Gymnasium, the maintained drop-in replacement of Gym, or contact the authors of your software and request that they upgrade.
Users of this version of Gym should be able to simply replace 'import gym' with 'import gymnasium as gym' in the vast majority of cases.
See the migration guide at https://gymnasium.farama.org/introduction/migration_guide/ for additional information.
src/main.py:81: DeprecationWarning: Using or importing the ABCs from 'collections' instead of from 'collections.abc' is deprecated since Python 3.3, and in 3.10 it will stop working
  if isinstance(v, collections.Mapping):
wandb: [wandb.login()] Loaded credentials for https://api.wandb.ai from /home/pparsons/.netrc.
wandb: Currently logged in as: peterparsons02 (peterparsons02-eth-z-rich) to https://api.wandb.ai. Use `wandb login --relogin` to force relogin
wandb: setting up run 9b7heypq
wandb: Tracking run with wandb version 0.24.1
wandb: Run data is saved locally in /usr/itetnas04/data-scratch-01/pparsons/data/MyExpoComm/wandb/run-20260919_134831-9b7heypq
wandb: Run `wandb offline` to turn off syncing.
wandb: Syncing run my_run-bat_60_ExpoComm_IQL_5M_42-20260919_134831
wandb: ⭐️ View project at https://wandb.ai/peterparsons02-eth-z-rich/my_experiment
wandb: 🚀 View run at https://wandb.ai/peterparsons02-eth-z-rich/my_experiment/runs/9b7heypq
2026-09-19 13:48:32,926 - my_experiment - bat_60_ExpoComm_IQL_5M_42 - my_run - INFO - Current directory: /usr/itetnas04/data-scratch-01/pparsons/data/MyExpoComm.
2026-09-19 13:48:32,926 - my_experiment - bat_60_ExpoComm_IQL_5M_42 - my_run - INFO - Experiment Parameters:
2026-09-19 13:48:32,928 - my_experiment - bat_60_ExpoComm_IQL_5M_42 - my_run - INFO - 

{   'action_selector': 'epsilon_greedy',
    'add_value_last_step': True,
    'agent': 'ExpoComm_one_peer_cont',
    'agent_output_type': 'q',
    'attention_dim': 32,
    'aux_coef': 0.1,
    'batch_size': 16,
    'batch_size_run': 1,
    'buffer_cpu_only': True,
    'buffer_size': 1000,
    'checkpoint_path': '',
    'double_q': True,
    'env': 'MAgent_Battle',
    'env_args': {   'global_reward': True,
                    'map_name': 'battle_view7',
                    'map_size': 60,
                    'max_cycles': 200,
                    'minimap_mode': False,
                    'pretrained_ckpt': None,
                    'seed': 42},
    'epsilon_anneal_time': 1000000,
    'epsilon_finish': 0.05,
    'epsilon_start': 1.0,
    'evaluate': False,
    'evaluation_epsilon': 0.0,
    'exp_name': 'my_experiment',
    'gamma': 0.99,
    'global_reward': True,
    'grad_norm_clip': 10,
    'hidden_dim': 64,
    'hypergroup': None,
    'hypernet_embed': 64,
    'hypernet_layers': 2,
    'label': 'default_label',
    'learner': 'cont_q_learner',
    'learner_log_interval': 10000,
    'load_step': 0,
    'local_results_path': 'results',
    'log_interval': 50000,
    'lr': 0.0005,
    'mac': 'ExpoComm_mac',
    'mixer': None,
    'mixing_embed_dim': 64,
    'name': 'bat_60_ExpoComm_IQL_5M_42',
    'neg_num': 20,
    'obs_agent_id': True,
    'obs_individual_obs': False,
    'obs_last_action': True,
    'one_peer': True,
    'optim_alpha': 0.99,
    'optim_eps': 1e-05,
    'pos_flag': False,
    'render': False,
    'repeat_id': 1,
    'run_name': 'my_run',
    'runner': 'episode',
    'runner_log_interval': 10000,
    'save_model': True,
    'save_model_interval': 500000,
    'save_replay': False,
    'seed': 42,
    'standardise_returns': False,
    'standardise_rewards': True,
    't_max': 5050000,
    'target_update_interval_or_tau': 200,
    'temperature': 0.07,
    'test_greedy': True,
    'test_interval': 50000,
    'test_nepisode': 1,
    'topk_neighbors': 7,
    'use_cuda': True,
    'use_rnn': True,
    'use_tensorboard': True,
    'work_dir': 'work_dirs/my_experiment/bat_60_ExpoComm_IQL_5M_42/my_run/20260919_134831'}

/usr/itetnas04/data-scratch-01/pparsons/data/conda_envs/ExpoComm/lib/python3.8/site-packages/pettingzoo/utils/conversions.py:41: UserWarning: The `from_parallel` function is deprecated. Use the `parallel_to_aec` function instead.
  warnings.warn("The `from_parallel` function is deprecated. Use the `parallel_to_aec` function instead.")
/usr/itetnas04/data-scratch-01/pparsons/data/conda_envs/ExpoComm/lib/python3.8/site-packages/pettingzoo/utils/wrappers/base.py:44: UserWarning: The `observation_spaces` dictionary is deprecated. Use the `observation_space` function instead.
  warnings.warn("The `observation_spaces` dictionary is deprecated. Use the `observation_space` function instead.")
/usr/itetnas04/data-scratch-01/pparsons/data/conda_envs/ExpoComm/lib/python3.8/site-packages/pettingzoo/utils/conversions.py:36: UserWarning: The `to_parallel` function is deprecated. Use the `aec_to_parallel` function instead.
  warnings.warn("The `to_parallel` function is deprecated. Use the `aec_to_parallel` function instead.")
/usr/itetnas04/data-scratch-01/pparsons/data/conda_envs/ExpoComm/lib/python3.8/site-packages/pettingzoo/utils/conversions.py:80: UserWarning: The `action_spaces` dictionary is deprecated. Use the `action_space` function instead.
  warnings.warn("The `action_spaces` dictionary is deprecated. Use the `action_space` function instead.")
/usr/itetnas04/data-scratch-01/pparsons/data/conda_envs/ExpoComm/lib/python3.8/site-packages/pettingzoo/utils/wrappers/base.py:52: UserWarning: The `action_spaces` dictionary is deprecated. Use the `action_space` function instead.
  warnings.warn("The `action_spaces` dictionary is deprecated. Use the `action_space` function instead.")
/usr/itetnas04/data-scratch-01/pparsons/data/conda_envs/ExpoComm/lib/python3.8/site-packages/pettingzoo/utils/conversions.py:72: UserWarning: The `observation_spaces` dictionary is deprecated. Use the `observation_space` function instead.
  warnings.warn("The `observation_spaces` dictionary is deprecated. Use the `observation_space` function instead.")
2026-09-19 13:48:45,449 - my_experiment - bat_60_ExpoComm_IQL_5M_42 - my_run - INFO - Beginning training for 5050000 timesteps
/usr/itetnas04/data-scratch-01/pparsons/data/MyExpoComm/src/envs/battle_wrappers.py:265: UserWarning: To copy construct from a tensor, it is recommended to use sourceTensor.clone().detach() or sourceTensor.clone().detach().requires_grad_(True), rather than torch.tensor(sourceTensor).
  actions = torch.tensor(actions, dtype=torch.long)
2026-09-19 13:48:55,240 - my_experiment - bat_60_ExpoComm_IQL_5M_42 - my_run - INFO - t_env: 200 / 5050000
2026-09-19 13:48:55,240 - my_experiment - bat_60_ExpoComm_IQL_5M_42 - my_run - INFO - Estimated time left: 16 minutes, 24 seconds. Time passed: 9 seconds
2026-09-19 13:48:59,636 - my_experiment - bat_60_ExpoComm_IQL_5M_42 - my_run - INFO - Saving models to work_dirs/my_experiment/bat_60_ExpoComm_IQL_5M_42/my_run/20260919_134831/models/200
2026-09-19 14:11:30,299 - my_experiment - bat_60_ExpoComm_IQL_5M_42 - my_run - INFO - Recent Stats | t_env:      50000 | Episode:      250
blue_team_alives_mean:   143.9960	blue_team_win_mean:        0.0000	ep_length_mean:          200.0000	episode_length_mean:     199.0000
epsilon:                   0.9620	grad_norm:               60324.4125	info_nce_loss:             2.1934	loss:                    23174.2590
q_loss:                  21067.5082	q_taken_mean:              0.0003	red_team_alives_mean:    144.0000	red_team_win_mean:         0.0040
return_mean:              -8.5064	return_std:                0.0526	target_mean:               0.0593	td_error_abs:            115.5243
test_blue_team_alives_mean:144.0000	test_blue_team_win_mean:   0.0000	test_ep_length_mean:     200.0000	test_episode_length_mean:199.0000
test_red_team_alives_mean:144.0000	test_red_team_win_mean:    0.0000	test_return_mean:        -21.0000	test_return_std:           0.0000

2026-09-19 14:11:35,742 - my_experiment - bat_60_ExpoComm_IQL_5M_42 - my_run - INFO - t_env: 50200 / 5050000
2026-09-19 14:11:35,743 - my_experiment - bat_60_ExpoComm_IQL_5M_42 - my_run - INFO - Estimated time left: 1 days, 13 hours, 47 minutes, 24 seconds. Time passed: 22 minutes, 50 seconds
2026-09-19 14:34:15,804 - my_experiment - bat_60_ExpoComm_IQL_5M_42 - my_run - INFO - Recent Stats | t_env:     100000 | Episode:      500
blue_team_alives_mean:   144.0000	blue_team_win_mean:        0.0000	ep_length_mean:          200.0000	episode_length_mean:     199.0000
epsilon:                   0.9145	grad_norm:               70439.2410	info_nce_loss:             0.3307	loss:                    23709.2996
q_loss:                  21553.9086	q_taken_mean:              0.0102	red_team_alives_mean:    144.0000	red_team_win_mean:         0.0000
return_mean:              -8.1455	return_std:                0.0614	target_mean:               0.1688	td_error_abs:            117.1501
test_blue_team_alives_mean:144.0000	test_blue_team_win_mean:   0.0000	test_ep_length_mean:     200.0000	test_episode_length_mean:199.0000
test_red_team_alives_mean:144.0000	test_red_team_win_mean:    0.0000	test_return_mean:        -11.0000	test_return_std:           0.0000

2026-09-19 14:34:21,292 - my_experiment - bat_60_ExpoComm_IQL_5M_42 - my_run - INFO - t_env: 100200 / 5050000
2026-09-19 14:34:21,294 - my_experiment - bat_60_ExpoComm_IQL_5M_42 - my_run - INFO - Estimated time left: 1 days, 13 hours, 33 minutes, 3 seconds. Time passed: 45 minutes, 35 seconds
2026-09-19 14:56:59,499 - my_experiment - bat_60_ExpoComm_IQL_5M_42 - my_run - INFO - Recent Stats | t_env:     150000 | Episode:      750
blue_team_alives_mean:   144.0000	blue_team_win_mean:        0.0000	ep_length_mean:          200.0000	episode_length_mean:     199.0000
epsilon:                   0.8670	grad_norm:               61393.5031	info_nce_loss:             0.2400	loss:                    23975.5898
q_loss:                  21795.9902	q_taken_mean:              0.1947	red_team_alives_mean:    144.0000	red_team_win_mean:         0.0000
return_mean:              -7.7876	return_std:                0.0596	target_mean:               0.3222	td_error_abs:            117.9785
test_blue_team_alives_mean:144.0000	test_blue_team_win_mean:   0.0000	test_ep_length_mean:     200.0000	test_episode_length_mean:199.0000
test_red_team_alives_mean:144.0000	test_red_team_win_mean:    0.0000	test_return_mean:         -7.6667	test_return_std:           0.0000

2026-09-19 14:57:05,015 - my_experiment - bat_60_ExpoComm_IQL_5M_42 - my_run - INFO - t_env: 150200 / 5050000
2026-09-19 14:57:05,016 - my_experiment - bat_60_ExpoComm_IQL_5M_42 - my_run - INFO - Estimated time left: 1 days, 13 hours, 7 minutes, 19 seconds. Time passed: 1 hours, 8 minutes, 19 seconds
2026-09-19 15:19:47,377 - my_experiment - bat_60_ExpoComm_IQL_5M_42 - my_run - INFO - Recent Stats | t_env:     200000 | Episode:     1000
blue_team_alives_mean:   144.0000	blue_team_win_mean:        0.0000	ep_length_mean:          200.0000	episode_length_mean:     199.0000
epsilon:                   0.8195	grad_norm:               115358.3148	info_nce_loss:             0.3950	loss:                    25016.2023
q_loss:                  22742.0020	q_taken_mean:              0.7400	red_team_alives_mean:    144.0000	red_team_win_mean:         0.0000
return_mean:              -7.4248	return_std:                0.0564	target_mean:               0.9294	td_error_abs:            120.9851
test_blue_team_alives_mean:144.0000	test_blue_team_win_mean:   0.0000	test_ep_length_mean:     200.0000	test_episode_length_mean:199.0000
test_red_team_alives_mean:144.0000	test_red_team_win_mean:    0.0000	test_return_mean:         -6.0000	test_return_std:           0.0000

2026-09-19 15:19:53,122 - my_experiment - bat_60_ExpoComm_IQL_5M_42 - my_run - INFO - t_env: 200200 / 5050000
2026-09-19 15:19:53,123 - my_experiment - bat_60_ExpoComm_IQL_5M_42 - my_run - INFO - Estimated time left: 1 days, 12 hours, 51 minutes, 40 seconds. Time passed: 1 hours, 31 minutes, 7 seconds
2026-09-19 15:42:40,456 - my_experiment - bat_60_ExpoComm_IQL_5M_42 - my_run - INFO - Recent Stats | t_env:     250000 | Episode:     1250
blue_team_alives_mean:   144.0000	blue_team_win_mean:        0.0000	ep_length_mean:          200.0000	episode_length_mean:     199.0000
epsilon:                   0.7720	grad_norm:               150728.9488	info_nce_loss:             0.1969	loss:                    30305.0441
q_loss:                  27550.0402	q_taken_mean:              1.6052	red_team_alives_mean:    144.0000	red_team_win_mean:         0.0000
return_mean:              -7.0667	return_std:                0.0601	target_mean:               2.0279	td_error_abs:            133.5760
test_blue_team_alives_mean:144.0000	test_blue_team_win_mean:   0.0000	test_ep_length_mean:     200.0000	test_episode_length_mean:199.0000
test_red_team_alives_mean:144.0000	test_red_team_win_mean:    0.0000	test_return_mean:         -5.0000	test_return_std:           0.0000

2026-09-19 15:42:45,919 - my_experiment - bat_60_ExpoComm_IQL_5M_42 - my_run - INFO - t_env: 250200 / 5050000
2026-09-19 15:42:45,920 - my_experiment - bat_60_ExpoComm_IQL_5M_42 - my_run - INFO - Estimated time left: 1 days, 12 hours, 36 minutes, 23 seconds. Time passed: 1 hours, 54 minutes, 0 seconds
2026-09-19 16:05:25,239 - my_experiment - bat_60_ExpoComm_IQL_5M_42 - my_run - INFO - Recent Stats | t_env:     300000 | Episode:     1500
blue_team_alives_mean:   144.0000	blue_team_win_mean:        0.0000	ep_length_mean:          200.0000	episode_length_mean:     199.0000
epsilon:                   0.7245	grad_norm:               86836.4094	info_nce_loss:             0.1853	loss:                    25243.5320
q_loss:                  22948.6652	q_taken_mean:              3.1222	red_team_alives_mean:    144.0000	red_team_win_mean:         0.0000
return_mean:              -6.6966	return_std:                0.0528	target_mean:               3.3482	td_error_abs:            119.6946
test_blue_team_alives_mean:144.0000	test_blue_team_win_mean:   0.0000	test_ep_length_mean:     200.0000	test_episode_length_mean:199.0000
test_red_team_alives_mean:144.0000	test_red_team_win_mean:    0.0000	test_return_mean:         -1.0000	test_return_std:           0.0000

2026-09-19 16:05:30,696 - my_experiment - bat_60_ExpoComm_IQL_5M_42 - my_run - INFO - t_env: 300200 / 5050000
2026-09-19 16:05:30,697 - my_experiment - bat_60_ExpoComm_IQL_5M_42 - my_run - INFO - Estimated time left: 1 days, 12 hours, 48 seconds. Time passed: 2 hours, 16 minutes, 45 seconds
2026-09-19 16:28:09,839 - my_experiment - bat_60_ExpoComm_IQL_5M_42 - my_run - INFO - Recent Stats | t_env:     350000 | Episode:     1750
blue_team_alives_mean:   144.0000	blue_team_win_mean:        0.0000	ep_length_mean:          200.0000	episode_length_mean:     199.0000
epsilon:                   0.6770	grad_norm:               117101.8188	info_nce_loss:             0.0875	loss:                    24000.3777
q_loss:                  21818.5246	q_taken_mean:              4.7076	red_team_alives_mean:    144.0000	red_team_win_mean:         0.0000
return_mean:              -6.3431	return_std:                0.0537	target_mean:               4.9458	td_error_abs:            115.7167
test_blue_team_alives_mean:144.0000	test_blue_team_win_mean:   0.0000	test_ep_length_mean:     200.0000	test_episode_length_mean:199.0000
test_red_team_alives_mean:144.0000	test_red_team_win_mean:    0.0000	test_return_mean:         -1.0000	test_return_std:           0.0000

2026-09-19 16:28:15,265 - my_experiment - bat_60_ExpoComm_IQL_5M_42 - my_run - INFO - t_env: 350200 / 5050000
2026-09-19 16:28:15,267 - my_experiment - bat_60_ExpoComm_IQL_5M_42 - my_run - INFO - Estimated time left: 1 days, 11 hours, 37 minutes, 43 seconds. Time passed: 2 hours, 39 minutes, 29 seconds
2026-09-19 16:50:53,680 - my_experiment - bat_60_ExpoComm_IQL_5M_42 - my_run - INFO - Recent Stats | t_env:     400000 | Episode:     2000
blue_team_alives_mean:   144.0000	blue_team_win_mean:        0.0000	ep_length_mean:          200.0000	episode_length_mean:     199.0000
epsilon:                   0.6295	grad_norm:               150051.0258	info_nce_loss:             0.1688	loss:                    26521.4043
q_loss:                  24110.3670	q_taken_mean:              6.7836	red_team_alives_mean:    144.0000	red_team_win_mean:         0.0000
return_mean:              -5.9792	return_std:                0.0547	target_mean:               7.0809	td_error_abs:            116.5083
test_blue_team_alives_mean:144.0000	test_blue_team_win_mean:   0.0000	test_ep_length_mean:     200.0000	test_episode_length_mean:199.0000
test_red_team_alives_mean:144.0000	test_red_team_win_mean:    0.0000	test_return_mean:         -1.0000	test_return_std:           0.0000

2026-09-19 16:50:59,131 - my_experiment - bat_60_ExpoComm_IQL_5M_42 - my_run - INFO - t_env: 400200 / 5050000
2026-09-19 16:50:59,132 - my_experiment - bat_60_ExpoComm_IQL_5M_42 - my_run - INFO - Estimated time left: 1 days, 11 hours, 13 minutes, 53 seconds. Time passed: 3 hours, 2 minutes, 13 seconds
2026-09-19 17:13:35,912 - my_experiment - bat_60_ExpoComm_IQL_5M_42 - my_run - INFO - Recent Stats | t_env:     450000 | Episode:     2250
blue_team_alives_mean:   144.0000	blue_team_win_mean:        0.0000	ep_length_mean:          200.0000	episode_length_mean:     199.0000
epsilon:                   0.5820	grad_norm:               268578.1273	info_nce_loss:             0.2092	loss:                    33664.1566
q_loss:                  30603.7781	q_taken_mean:              8.6304	red_team_alives_mean:    144.0000	red_team_win_mean:         0.0000
return_mean:              -5.6161	return_std:                0.0500	target_mean:               9.1636	td_error_abs:            131.7562
test_blue_team_alives_mean:144.0000	test_blue_team_win_mean:   0.0000	test_ep_length_mean:     200.0000	test_episode_length_mean:199.0000
test_red_team_alives_mean:144.0000	test_red_team_win_mean:    0.0000	test_return_mean:         -1.0000	test_return_std:           0.0000

2026-09-19 17:13:41,334 - my_experiment - bat_60_ExpoComm_IQL_5M_42 - my_run - INFO - t_env: 450200 / 5050000
2026-09-19 17:13:41,336 - my_experiment - bat_60_ExpoComm_IQL_5M_42 - my_run - INFO - Estimated time left: 1 days, 10 hours, 48 minutes, 37 seconds. Time passed: 3 hours, 24 minutes, 55 seconds
2026-09-19 17:36:20,069 - my_experiment - bat_60_ExpoComm_IQL_5M_42 - my_run - INFO - Recent Stats | t_env:     500000 | Episode:     2500
blue_team_alives_mean:   144.0000	blue_team_win_mean:        0.0000	ep_length_mean:          200.0000	episode_length_mean:     199.0000
epsilon:                   0.5345	grad_norm:               271119.1281	info_nce_loss:             0.0617	loss:                    29621.3930
q_loss:                  26928.5391	q_taken_mean:             10.9211	red_team_alives_mean:    144.0000	red_team_win_mean:         0.0000
return_mean:              -5.2543	return_std:                0.0484	target_mean:              11.2458	td_error_abs:            111.5795
test_blue_team_alives_mean:144.0000	test_blue_team_win_mean:   0.0000	test_ep_length_mean:     200.0000	test_episode_length_mean:199.0000
test_red_team_alives_mean:144.0000	test_red_team_win_mean:    0.0000	test_return_mean:         -1.0000	test_return_std:           0.0000

2026-09-19 17:36:25,501 - my_experiment - bat_60_ExpoComm_IQL_5M_42 - my_run - INFO - t_env: 500200 / 5050000
2026-09-19 17:36:25,503 - my_experiment - bat_60_ExpoComm_IQL_5M_42 - my_run - INFO - Estimated time left: 1 days, 10 hours, 28 minutes, 53 seconds. Time passed: 3 hours, 47 minutes, 40 seconds
2026-09-19 17:36:29,944 - my_experiment - bat_60_ExpoComm_IQL_5M_42 - my_run - INFO - Saving models to work_dirs/my_experiment/bat_60_ExpoComm_IQL_5M_42/my_run/20260919_134831/models/500200
2026-09-19 17:59:03,725 - my_experiment - bat_60_ExpoComm_IQL_5M_42 - my_run - INFO - Recent Stats | t_env:     550000 | Episode:     2750
blue_team_alives_mean:   144.0000	blue_team_win_mean:        0.0000	ep_length_mean:          200.0000	episode_length_mean:     199.0000
epsilon:                   0.4870	grad_norm:               333666.4141	info_nce_loss:             0.1469	loss:                    29244.5871
q_loss:                  26585.9879	q_taken_mean:             13.0452	red_team_alives_mean:    144.0000	red_team_win_mean:         0.0000
return_mean:              -4.8863	return_std:                0.0497	target_mean:              13.3106	td_error_abs:            104.9248
test_blue_team_alives_mean:144.0000	test_blue_team_win_mean:   0.0000	test_ep_length_mean:     200.0000	test_episode_length_mean:199.0000
test_red_team_alives_mean:144.0000	test_red_team_win_mean:    0.0000	test_return_mean:         -1.0000	test_return_std:           0.0000

2026-09-19 17:59:09,173 - my_experiment - bat_60_ExpoComm_IQL_5M_42 - my_run - INFO - t_env: 550200 / 5050000
2026-09-19 17:59:09,175 - my_experiment - bat_60_ExpoComm_IQL_5M_42 - my_run - INFO - Estimated time left: 1 days, 10 hours, 5 minutes, 24 seconds. Time passed: 4 hours, 10 minutes, 23 seconds
2026-09-19 18:21:48,487 - my_experiment - bat_60_ExpoComm_IQL_5M_42 - my_run - INFO - Recent Stats | t_env:     600000 | Episode:     3000
blue_team_alives_mean:   144.0000	blue_team_win_mean:        0.0000	ep_length_mean:          200.0000	episode_length_mean:     199.0000
epsilon:                   0.4395	grad_norm:               515858.3914	info_nce_loss:             0.1767	loss:                    31344.5219
q_loss:                  28495.0199	q_taken_mean:             15.0895	red_team_alives_mean:    144.0000	red_team_win_mean:         0.0000
return_mean:              -4.5267	return_std:                0.0467	target_mean:              15.4006	td_error_abs:            106.5154
test_blue_team_alives_mean:144.0000	test_blue_team_win_mean:   0.0000	test_ep_length_mean:     200.0000	test_episode_length_mean:199.0000
test_red_team_alives_mean:144.0000	test_red_team_win_mean:    0.0000	test_return_mean:         -1.0000	test_return_std:           0.0000

2026-09-19 18:21:53,914 - my_experiment - bat_60_ExpoComm_IQL_5M_42 - my_run - INFO - t_env: 600200 / 5050000
2026-09-19 18:21:53,916 - my_experiment - bat_60_ExpoComm_IQL_5M_42 - my_run - INFO - Estimated time left: 1 days, 9 hours, 44 minutes, 16 seconds. Time passed: 4 hours, 33 minutes, 8 seconds
2026-09-19 18:44:31,564 - my_experiment - bat_60_ExpoComm_IQL_5M_42 - my_run - INFO - Recent Stats | t_env:     650000 | Episode:     3250
blue_team_alives_mean:   144.0000	blue_team_win_mean:        0.0000	ep_length_mean:          200.0000	episode_length_mean:     199.0000
epsilon:                   0.3920	grad_norm:               1140175.0500	info_nce_loss:             0.2501	loss:                    45202.7781
q_loss:                  41093.4344	q_taken_mean:             17.1941	red_team_alives_mean:    144.0000	red_team_win_mean:         0.0000
return_mean:              -4.1637	return_std:                0.0462	target_mean:              17.7968	td_error_abs:            139.7212
test_blue_team_alives_mean:144.0000	test_blue_team_win_mean:   0.0000	test_ep_length_mean:     200.0000	test_episode_length_mean:199.0000
test_red_team_alives_mean:144.0000	test_red_team_win_mean:    0.0000	test_return_mean:         -1.0000	test_return_std:           0.0000

2026-09-19 18:44:37,002 - my_experiment - bat_60_ExpoComm_IQL_5M_42 - my_run - INFO - t_env: 650200 / 5050000
2026-09-19 18:44:37,004 - my_experiment - bat_60_ExpoComm_IQL_5M_42 - my_run - INFO - Estimated time left: 1 days, 9 hours, 19 minutes, 6 seconds. Time passed: 4 hours, 55 minutes, 51 seconds
2026-09-19 19:07:16,343 - my_experiment - bat_60_ExpoComm_IQL_5M_42 - my_run - INFO - Recent Stats | t_env:     700000 | Episode:     3500
blue_team_alives_mean:   144.0000	blue_team_win_mean:        0.0000	ep_length_mean:          200.0000	episode_length_mean:     199.0000
epsilon:                   0.3445	grad_norm:               986616.6125	info_nce_loss:             0.3283	loss:                    30825.3289
q_loss:                  28023.0266	q_taken_mean:             19.2820	red_team_alives_mean:    144.0000	red_team_win_mean:         0.0000
return_mean:              -3.8073	return_std:                0.0446	target_mean:              19.6949	td_error_abs:            104.6494
test_blue_team_alives_mean:144.0000	test_blue_team_win_mean:   0.0000	test_ep_length_mean:     200.0000	test_episode_length_mean:199.0000
test_red_team_alives_mean:144.0000	test_red_team_win_mean:    0.0000	test_return_mean:         -1.0000	test_return_std:           0.0000

2026-09-19 19:07:21,760 - my_experiment - bat_60_ExpoComm_IQL_5M_42 - my_run - INFO - t_env: 700200 / 5050000
2026-09-19 19:07:21,762 - my_experiment - bat_60_ExpoComm_IQL_5M_42 - my_run - INFO - Estimated time left: 1 days, 8 hours, 58 minutes, 48 seconds. Time passed: 5 hours, 18 minutes, 36 seconds
2026-09-19 19:30:01,252 - my_experiment - bat_60_ExpoComm_IQL_5M_42 - my_run - INFO - Recent Stats | t_env:     750000 | Episode:     3750
blue_team_alives_mean:   144.0000	blue_team_win_mean:        0.0000	ep_length_mean:          200.0000	episode_length_mean:     199.0000
epsilon:                   0.2970	grad_norm:               1099909.5063	info_nce_loss:             0.5023	loss:                    33922.4125
q_loss:                  30838.5566	q_taken_mean:             21.1566	red_team_alives_mean:    144.0000	red_team_win_mean:         0.0000
return_mean:              -3.4402	return_std:                0.0440	target_mean:              21.5204	td_error_abs:            108.9988
test_blue_team_alives_mean:144.0000	test_blue_team_win_mean:   0.0000	test_ep_length_mean:     200.0000	test_episode_length_mean:199.0000
test_red_team_alives_mean:144.0000	test_red_team_win_mean:    0.0000	test_return_mean:         -1.0000	test_return_std:           0.0000

2026-09-19 19:30:06,664 - my_experiment - bat_60_ExpoComm_IQL_5M_42 - my_run - INFO - t_env: 750200 / 5050000
2026-09-19 19:30:06,665 - my_experiment - bat_60_ExpoComm_IQL_5M_42 - my_run - INFO - Estimated time left: 1 days, 8 hours, 36 minutes, 16 seconds. Time passed: 5 hours, 41 minutes, 21 seconds
2026-09-19 19:53:39,604 - my_experiment - bat_60_ExpoComm_IQL_5M_42 - my_run - INFO - Recent Stats | t_env:     800000 | Episode:     4000
blue_team_alives_mean:   144.0000	blue_team_win_mean:        0.0000	ep_length_mean:          200.0000	episode_length_mean:     199.0000
epsilon:                   0.2495	grad_norm:               2156028.3500	info_nce_loss:             0.6166	loss:                    35797.8477
q_loss:                  32543.4980	q_taken_mean:             22.8257	red_team_alives_mean:    144.0000	red_team_win_mean:         0.0000
return_mean:              -3.0812	return_std:                0.0438	target_mean:              23.2171	td_error_abs:            112.0089
test_blue_team_alives_mean:144.0000	test_blue_team_win_mean:   0.0000	test_ep_length_mean:     200.0000	test_episode_length_mean:199.0000
test_red_team_alives_mean:144.0000	test_red_team_win_mean:    0.0000	test_return_mean:         -1.0000	test_return_std:           0.0000

2026-09-19 19:53:45,297 - my_experiment - bat_60_ExpoComm_IQL_5M_42 - my_run - INFO - t_env: 800200 / 5050000
2026-09-19 19:53:45,299 - my_experiment - bat_60_ExpoComm_IQL_5M_42 - my_run - INFO - Estimated time left: 1 days, 9 hours, 29 minutes, 38 seconds. Time passed: 6 hours, 4 minutes, 59 seconds
2026-09-19 20:17:35,178 - my_experiment - bat_60_ExpoComm_IQL_5M_42 - my_run - INFO - Recent Stats | t_env:     850000 | Episode:     4250
blue_team_alives_mean:   144.0000	blue_team_win_mean:        0.0000	ep_length_mean:          200.0000	episode_length_mean:     199.0000
epsilon:                   0.2020	grad_norm:               3502250.6250	info_nce_loss:             0.7171	loss:                    58323.7742
q_loss:                  53021.6125	q_taken_mean:             24.6658	red_team_alives_mean:    144.0000	red_team_win_mean:         0.0000
return_mean:              -2.7200	return_std:                0.0399	target_mean:              25.3527	td_error_abs:            149.9660
test_blue_team_alives_mean:144.0000	test_blue_team_win_mean:   0.0000	test_ep_length_mean:     200.0000	test_episode_length_mean:199.0000
test_red_team_alives_mean:144.0000	test_red_team_win_mean:    0.0000	test_return_mean:         -1.0000	test_return_std:           0.0000

2026-09-19 20:17:40,923 - my_experiment - bat_60_ExpoComm_IQL_5M_42 - my_run - INFO - t_env: 850200 / 5050000
2026-09-19 20:17:40,925 - my_experiment - bat_60_ExpoComm_IQL_5M_42 - my_run - INFO - Estimated time left: 1 days, 9 hours, 29 minutes, 46 seconds. Time passed: 6 hours, 28 minutes, 55 seconds
2026-09-19 20:41:25,287 - my_experiment - bat_60_ExpoComm_IQL_5M_42 - my_run - INFO - Recent Stats | t_env:     900000 | Episode:     4500
blue_team_alives_mean:   144.0000	blue_team_win_mean:        0.0000	ep_length_mean:          200.0000	episode_length_mean:     199.0000
epsilon:                   0.1545	grad_norm:               3134555.9500	info_nce_loss:             0.8538	loss:                    43181.0422
q_loss:                  39255.4934	q_taken_mean:             26.7187	red_team_alives_mean:    144.0000	red_team_win_mean:         0.0000
return_mean:              -2.3583	return_std:                0.0372	target_mean:              26.9903	td_error_abs:            116.4119
test_blue_team_alives_mean:144.0000	test_blue_team_win_mean:   0.0000	test_ep_length_mean:     200.0000	test_episode_length_mean:199.0000
test_red_team_alives_mean:144.0000	test_red_team_win_mean:    0.0000	test_return_mean:         -1.0000	test_return_std:           0.0000

2026-09-19 20:41:30,996 - my_experiment - bat_60_ExpoComm_IQL_5M_42 - my_run - INFO - t_env: 900200 / 5050000
2026-09-19 20:41:30,999 - my_experiment - bat_60_ExpoComm_IQL_5M_42 - my_run - INFO - Estimated time left: 1 days, 8 hours, 58 minutes, 10 seconds. Time passed: 6 hours, 52 minutes, 45 seconds
2026-09-19 21:05:15,976 - my_experiment - bat_60_ExpoComm_IQL_5M_42 - my_run - INFO - Recent Stats | t_env:     950000 | Episode:     4750
blue_team_alives_mean:   144.0000	blue_team_win_mean:        0.0000	ep_length_mean:          200.0000	episode_length_mean:     199.0000
epsilon:                   0.1070	grad_norm:               3185640.6750	info_nce_loss:             0.5724	loss:                    34404.5242
q_loss:                  31276.8398	q_taken_mean:             28.3554	red_team_alives_mean:    144.0000	red_team_win_mean:         0.0000
return_mean:              -1.9940	return_std:                0.0321	target_mean:              28.7333	td_error_abs:            103.5450
test_blue_team_alives_mean:144.0000	test_blue_team_win_mean:   0.0000	test_ep_length_mean:     200.0000	test_episode_length_mean:199.0000
test_red_team_alives_mean:144.0000	test_red_team_win_mean:    0.0000	test_return_mean:         -1.0000	test_return_std:           0.0000

2026-09-19 21:05:21,655 - my_experiment - bat_60_ExpoComm_IQL_5M_42 - my_run - INFO - t_env: 950200 / 5050000
2026-09-19 21:05:21,657 - my_experiment - bat_60_ExpoComm_IQL_5M_42 - my_run - INFO - Estimated time left: 1 days, 8 hours, 35 minutes, 8 seconds. Time passed: 7 hours, 16 minutes, 36 seconds
2026-09-19 21:29:10,026 - my_experiment - bat_60_ExpoComm_IQL_5M_42 - my_run - INFO - Recent Stats | t_env:    1000000 | Episode:     5000
blue_team_alives_mean:   144.0000	blue_team_win_mean:        0.0000	ep_length_mean:          200.0000	episode_length_mean:     199.0000
epsilon:                   0.0595	grad_norm:               2274199.2250	info_nce_loss:             1.0974	loss:                    28287.2754
q_loss:                  25715.7049	q_taken_mean:             30.0859	red_team_alives_mean:    144.0000	red_team_win_mean:         0.0000
return_mean:              -1.6334	return_std:                0.0292	target_mean:              30.3989	td_error_abs:             89.3237
test_blue_team_alives_mean:144.0000	test_blue_team_win_mean:   0.0000	test_ep_length_mean:     200.0000	test_episode_length_mean:199.0000
test_red_team_alives_mean:144.0000	test_red_team_win_mean:    0.0000	test_return_mean:         -1.0000	test_return_std:           0.0000

2026-09-19 21:29:15,743 - my_experiment - bat_60_ExpoComm_IQL_5M_42 - my_run - INFO - t_env: 1000200 / 5050000
2026-09-19 21:29:15,745 - my_experiment - bat_60_ExpoComm_IQL_5M_42 - my_run - INFO - Estimated time left: 1 days, 8 hours, 15 minutes, 55 seconds. Time passed: 7 hours, 40 minutes, 30 seconds
2026-09-19 21:29:20,408 - my_experiment - bat_60_ExpoComm_IQL_5M_42 - my_run - INFO - Saving models to work_dirs/my_experiment/bat_60_ExpoComm_IQL_5M_42/my_run/20260919_134831/models/1000200
2026-09-19 21:53:02,282 - my_experiment - bat_60_ExpoComm_IQL_5M_42 - my_run - INFO - Recent Stats | t_env:    1050000 | Episode:     5250
blue_team_alives_mean:   144.0000	blue_team_win_mean:        0.0000	ep_length_mean:          200.0000	episode_length_mean:     199.0000
epsilon:                   0.0500	grad_norm:               4337928.0500	info_nce_loss:             1.1301	loss:                    52418.3145
q_loss:                  47653.0121	q_taken_mean:             31.7910	red_team_alives_mean:    144.0000	red_team_win_mean:         0.0000
return_mean:              -1.3885	return_std:                0.0189	target_mean:              32.4128	td_error_abs:            136.2940
test_blue_team_alives_mean:144.0000	test_blue_team_win_mean:   0.0000	test_ep_length_mean:     200.0000	test_episode_length_mean:199.0000
test_red_team_alives_mean:144.0000	test_red_team_win_mean:    0.0000	test_return_mean:         -1.0000	test_return_std:           0.0000

2026-09-19 21:53:07,997 - my_experiment - bat_60_ExpoComm_IQL_5M_42 - my_run - INFO - t_env: 1050200 / 5050000
2026-09-19 21:53:07,998 - my_experiment - bat_60_ExpoComm_IQL_5M_42 - my_run - INFO - Estimated time left: 1 days, 7 hours, 49 minutes, 34 seconds. Time passed: 8 hours, 4 minutes, 22 seconds
2026-09-19 22:16:53,579 - my_experiment - bat_60_ExpoComm_IQL_5M_42 - my_run - INFO - Recent Stats | t_env:    1100000 | Episode:     5500
blue_team_alives_mean:   144.0000	blue_team_win_mean:        0.0000	ep_length_mean:          200.0000	episode_length_mean:     199.0000
epsilon:                   0.0500	grad_norm:               7073393.7750	info_nce_loss:             0.9392	loss:                    45054.1375
q_loss:                  40958.3070	q_taken_mean:             33.7938	red_team_alives_mean:    144.0000	red_team_win_mean:         0.0000
return_mean:              -1.3803	return_std:                0.0161	target_mean:              34.1215	td_error_abs:             96.8133
test_blue_team_alives_mean:144.0000	test_blue_team_win_mean:   0.0000	test_ep_length_mean:     200.0000	test_episode_length_mean:199.0000
test_red_team_alives_mean:144.0000	test_red_team_win_mean:    0.0000	test_return_mean:         -1.0000	test_return_std:           0.0000

2026-09-19 22:16:59,257 - my_experiment - bat_60_ExpoComm_IQL_5M_42 - my_run - INFO - t_env: 1100200 / 5050000
2026-09-19 22:16:59,258 - my_experiment - bat_60_ExpoComm_IQL_5M_42 - my_run - INFO - Estimated time left: 1 days, 7 hours, 24 minutes, 23 seconds. Time passed: 8 hours, 28 minutes, 13 seconds
2026-09-19 22:40:46,102 - my_experiment - bat_60_ExpoComm_IQL_5M_42 - my_run - INFO - Recent Stats | t_env:    1150000 | Episode:     5750
blue_team_alives_mean:   144.0000	blue_team_win_mean:        0.0000	ep_length_mean:          200.0000	episode_length_mean:     199.0000
epsilon:                   0.0500	grad_norm:               8633628.8250	info_nce_loss:             1.0122	loss:                    39653.8113
q_loss:                  36048.9191	q_taken_mean:             35.2413	red_team_alives_mean:    144.0000	red_team_win_mean:         0.0000
return_mean:              -1.3798	return_std:                0.0158	target_mean:              35.4222	td_error_abs:             91.9480
test_blue_team_alives_mean:144.0000	test_blue_team_win_mean:   0.0000	test_ep_length_mean:     200.0000	test_episode_length_mean:199.0000
test_red_team_alives_mean:144.0000	test_red_team_win_mean:    0.0000	test_return_mean:         -1.0000	test_return_std:           0.0000

2026-09-19 22:40:51,822 - my_experiment - bat_60_ExpoComm_IQL_5M_42 - my_run - INFO - t_env: 1150200 / 5050000
2026-09-19 22:40:51,824 - my_experiment - bat_60_ExpoComm_IQL_5M_42 - my_run - INFO - Estimated time left: 1 days, 7 hours, 2 minutes, 14 seconds. Time passed: 8 hours, 52 minutes, 6 seconds
2026-09-19 23:04:37,709 - my_experiment - bat_60_ExpoComm_IQL_5M_42 - my_run - INFO - Recent Stats | t_env:    1200000 | Episode:     6000
blue_team_alives_mean:   144.0000	blue_team_win_mean:        0.0000	ep_length_mean:          200.0000	episode_length_mean:     199.0000
epsilon:                   0.0500	grad_norm:               6477801.8750	info_nce_loss:             1.0083	loss:                    37637.2748
q_loss:                  34215.7045	q_taken_mean:             36.2175	red_team_alives_mean:    144.0000	red_team_win_mean:         0.0000
return_mean:              -1.3793	return_std:                0.0162	target_mean:              36.4253	td_error_abs:             89.7038
test_blue_team_alives_mean:144.0000	test_blue_team_win_mean:   0.0000	test_ep_length_mean:     200.0000	test_episode_length_mean:199.0000
test_red_team_alives_mean:144.0000	test_red_team_win_mean:    0.0000	test_return_mean:         -1.0000	test_return_std:           0.0000

2026-09-19 23:04:43,337 - my_experiment - bat_60_ExpoComm_IQL_5M_42 - my_run - INFO - t_env: 1200200 / 5050000
2026-09-19 23:04:43,339 - my_experiment - bat_60_ExpoComm_IQL_5M_42 - my_run - INFO - Estimated time left: 1 days, 6 hours, 37 minutes, 0 seconds. Time passed: 9 hours, 15 minutes, 57 seconds
2026-09-19 23:28:29,667 - my_experiment - bat_60_ExpoComm_IQL_5M_42 - my_run - INFO - Recent Stats | t_env:    1250000 | Episode:     6250
blue_team_alives_mean:   144.0000	blue_team_win_mean:        0.0000	ep_length_mean:          200.0000	episode_length_mean:     199.0000
epsilon:                   0.0500	grad_norm:               5868088.7000	info_nce_loss:             0.8816	loss:                    34225.7074
q_loss:                  31114.2799	q_taken_mean:             37.1165	red_team_alives_mean:    144.0000	red_team_win_mean:         0.0000
return_mean:              -1.3818	return_std:                0.0169	target_mean:              37.6026	td_error_abs:            101.4069
test_blue_team_alives_mean:144.0000	test_blue_team_win_mean:   0.0000	test_ep_length_mean:     200.0000	test_episode_length_mean:199.0000
test_red_team_alives_mean:144.0000	test_red_team_win_mean:    0.0000	test_return_mean:         -1.0000	test_return_std:           0.0000

2026-09-19 23:28:35,360 - my_experiment - bat_60_ExpoComm_IQL_5M_42 - my_run - INFO - t_env: 1250200 / 5050000
2026-09-19 23:28:35,361 - my_experiment - bat_60_ExpoComm_IQL_5M_42 - my_run - INFO - Estimated time left: 1 days, 6 hours, 13 minutes, 47 seconds. Time passed: 9 hours, 39 minutes, 49 seconds
2026-09-19 23:52:21,529 - my_experiment - bat_60_ExpoComm_IQL_5M_42 - my_run - INFO - Recent Stats | t_env:    1300000 | Episode:     6500
blue_team_alives_mean:   144.0000	blue_team_win_mean:        0.0000	ep_length_mean:          200.0000	episode_length_mean:     199.0000
epsilon:                   0.0500	grad_norm:               5787595.4500	info_nce_loss:             1.2282	loss:                    23867.2285
q_loss:                  21697.4805	q_taken_mean:             38.2462	red_team_alives_mean:    144.0000	red_team_win_mean:         0.0000
return_mean:              -1.3810	return_std:                0.0166	target_mean:              38.4597	td_error_abs:             73.4662
test_blue_team_alives_mean:144.0000	test_blue_team_win_mean:   0.0000	test_ep_length_mean:     200.0000	test_episode_length_mean:199.0000
test_red_team_alives_mean:144.0000	test_red_team_win_mean:    0.0000	test_return_mean:         -1.0000	test_return_std:           0.0000

2026-09-19 23:52:27,222 - my_experiment - bat_60_ExpoComm_IQL_5M_42 - my_run - INFO - t_env: 1300200 / 5050000
2026-09-19 23:52:27,224 - my_experiment - bat_60_ExpoComm_IQL_5M_42 - my_run - INFO - Estimated time left: 1 days, 5 hours, 49 minutes, 43 seconds. Time passed: 10 hours, 3 minutes, 41 seconds
2026-09-20 00:16:15,744 - my_experiment - bat_60_ExpoComm_IQL_5M_42 - my_run - INFO - Recent Stats | t_env:    1350000 | Episode:     6750
blue_team_alives_mean:   144.0000	blue_team_win_mean:        0.0000	ep_length_mean:          200.0000	episode_length_mean:     199.0000
epsilon:                   0.0500	grad_norm:               10753247.6000	info_nce_loss:             0.6874	loss:                    31969.8080
q_loss:                  29608.2564	q_taken_mean:             38.8414	red_team_alives_mean:    144.0000	red_team_win_mean:         0.0000
return_mean:              -1.3819	return_std:                0.0156	target_mean:              38.9121	td_error_abs:             78.8163
test_blue_team_alives_mean:144.0000	test_blue_team_win_mean:   0.0000	test_ep_length_mean:     200.0000	test_episode_length_mean:199.0000
test_red_team_alives_mean:144.0000	test_red_team_win_mean:    0.0000	test_return_mean:         -1.0000	test_return_std:           0.0000

2026-09-20 00:16:21,457 - my_experiment - bat_60_ExpoComm_IQL_5M_42 - my_run - INFO - t_env: 1350200 / 5050000
2026-09-20 00:16:21,459 - my_experiment - bat_60_ExpoComm_IQL_5M_42 - my_run - INFO - Estimated time left: 1 days, 5 hours, 28 minutes, 47 seconds. Time passed: 10 hours, 27 minutes, 36 seconds
2026-09-20 00:39:37,760 - my_experiment - bat_60_ExpoComm_IQL_5M_42 - my_run - INFO - Recent Stats | t_env:    1400000 | Episode:     7000
blue_team_alives_mean:   144.0000	blue_team_win_mean:        0.0000	ep_length_mean:          200.0000	episode_length_mean:     199.0000
epsilon:                   0.0500	grad_norm:               15920164.6000	info_nce_loss:             1.1244	loss:                    81127.2625
q_loss:                  73752.0570	q_taken_mean:             40.8375	red_team_alives_mean:    144.0000	red_team_win_mean:         0.0000
return_mean:              -1.3820	return_std:                0.0165	target_mean:              40.9648	td_error_abs:            107.2533
test_blue_team_alives_mean:144.0000	test_blue_team_win_mean:   0.0000	test_ep_length_mean:     200.0000	test_episode_length_mean:199.0000
test_red_team_alives_mean:144.0000	test_red_team_win_mean:    0.0000	test_return_mean:         -1.0000	test_return_std:           0.0000

2026-09-20 00:39:43,235 - my_experiment - bat_60_ExpoComm_IQL_5M_42 - my_run - INFO - t_env: 1400200 / 5050000
2026-09-20 00:39:43,237 - my_experiment - bat_60_ExpoComm_IQL_5M_42 - my_run - INFO - Estimated time left: 1 days, 4 hours, 25 minutes, 24 seconds. Time passed: 10 hours, 50 minutes, 57 seconds
2026-09-20 01:02:44,963 - my_experiment - bat_60_ExpoComm_IQL_5M_42 - my_run - INFO - Recent Stats | t_env:    1450000 | Episode:     7250
blue_team_alives_mean:   144.0000	blue_team_win_mean:        0.0000	ep_length_mean:          200.0000	episode_length_mean:     199.0000
epsilon:                   0.0500	grad_norm:               6260312.8625	info_nce_loss:             1.1437	loss:                    30614.7289
q_loss:                  27831.5713	q_taken_mean:             40.6269	red_team_alives_mean:    144.0000	red_team_win_mean:         0.0000
return_mean:              -1.3812	return_std:                0.0166	target_mean:              40.8481	td_error_abs:             90.5686
test_blue_team_alives_mean:144.0000	test_blue_team_win_mean:   0.0000	test_ep_length_mean:     200.0000	test_episode_length_mean:199.0000
test_red_team_alives_mean:144.0000	test_red_team_win_mean:    0.0000	test_return_mean:         -1.0000	test_return_std:           0.0000

2026-09-20 01:02:50,501 - my_experiment - bat_60_ExpoComm_IQL_5M_42 - my_run - INFO - t_env: 1450200 / 5050000
2026-09-20 01:02:50,502 - my_experiment - bat_60_ExpoComm_IQL_5M_42 - my_run - INFO - Estimated time left: 1 days, 3 hours, 44 minutes, 37 seconds. Time passed: 11 hours, 14 minutes, 5 seconds
2026-09-20 01:25:51,282 - my_experiment - bat_60_ExpoComm_IQL_5M_42 - my_run - INFO - Recent Stats | t_env:    1500000 | Episode:     7500
blue_team_alives_mean:   144.0000	blue_team_win_mean:        0.0000	ep_length_mean:          200.0000	episode_length_mean:     199.0000
epsilon:                   0.0500	grad_norm:               9674059.5500	info_nce_loss:             0.8131	loss:                    34775.1402
q_loss:                  31613.7641	q_taken_mean:             41.4332	red_team_alives_mean:    144.0000	red_team_win_mean:         0.0000
return_mean:              -1.3802	return_std:                0.0164	target_mean:              41.4616	td_error_abs:             82.1373
test_blue_team_alives_mean:144.0000	test_blue_team_win_mean:   0.0000	test_ep_length_mean:     200.0000	test_episode_length_mean:199.0000
test_red_team_alives_mean:144.0000	test_red_team_win_mean:    0.0000	test_return_mean:         -1.0000	test_return_std:           0.0000

2026-09-20 01:25:56,805 - my_experiment - bat_60_ExpoComm_IQL_5M_42 - my_run - INFO - t_env: 1500200 / 5050000
2026-09-20 01:25:56,807 - my_experiment - bat_60_ExpoComm_IQL_5M_42 - my_run - INFO - Estimated time left: 1 days, 3 hours, 20 minutes, 22 seconds. Time passed: 11 hours, 37 minutes, 11 seconds
2026-09-20 01:26:01,285 - my_experiment - bat_60_ExpoComm_IQL_5M_42 - my_run - INFO - Saving models to work_dirs/my_experiment/bat_60_ExpoComm_IQL_5M_42/my_run/20260919_134831/models/1500200
2026-09-20 01:48:59,722 - my_experiment - bat_60_ExpoComm_IQL_5M_42 - my_run - INFO - Recent Stats | t_env:    1550000 | Episode:     7750
blue_team_alives_mean:   144.0000	blue_team_win_mean:        0.0000	ep_length_mean:          200.0000	episode_length_mean:     199.0000
epsilon:                   0.0500	grad_norm:               8900049.5000	info_nce_loss:             0.7796	loss:                    37640.7750
q_loss:                  34218.8867	q_taken_mean:             41.4813	red_team_alives_mean:    144.0000	red_team_win_mean:         0.0000
return_mean:              -1.3802	return_std:                0.0162	target_mean:              41.5461	td_error_abs:             82.7573
test_blue_team_alives_mean:144.0000	test_blue_team_win_mean:   0.0000	test_ep_length_mean:     200.0000	test_episode_length_mean:199.0000
test_red_team_alives_mean:144.0000	test_red_team_win_mean:    0.0000	test_return_mean:         -1.0000	test_return_std:           0.0000

2026-09-20 01:49:05,274 - my_experiment - bat_60_ExpoComm_IQL_5M_42 - my_run - INFO - t_env: 1550200 / 5050000
2026-09-20 01:49:05,275 - my_experiment - bat_60_ExpoComm_IQL_5M_42 - my_run - INFO - Estimated time left: 1 days, 2 hours, 59 minutes, 47 seconds. Time passed: 12 hours, 19 seconds
2026-09-20 02:12:05,755 - my_experiment - bat_60_ExpoComm_IQL_5M_42 - my_run - INFO - Recent Stats | t_env:    1600000 | Episode:     8000
blue_team_alives_mean:   144.0000	blue_team_win_mean:        0.0000	ep_length_mean:          200.0000	episode_length_mean:     199.0000
epsilon:                   0.0500	grad_norm:               3984439.4250	info_nce_loss:             0.4151	loss:                    20107.8223
q_loss:                  18279.8387	q_taken_mean:             41.4714	red_team_alives_mean:    144.0000	red_team_win_mean:         0.0000
return_mean:              -1.3781	return_std:                0.0163	target_mean:              41.7277	td_error_abs:             61.0728
test_blue_team_alives_mean:144.0000	test_blue_team_win_mean:   0.0000	test_ep_length_mean:     200.0000	test_episode_length_mean:199.0000
test_red_team_alives_mean:144.0000	test_red_team_win_mean:    0.0000	test_return_mean:         -1.0000	test_return_std:           0.0000

2026-09-20 02:12:11,326 - my_experiment - bat_60_ExpoComm_IQL_5M_42 - my_run - INFO - t_env: 1600200 / 5050000
2026-09-20 02:12:11,328 - my_experiment - bat_60_ExpoComm_IQL_5M_42 - my_run - INFO - Estimated time left: 1 days, 2 hours, 33 minutes, 52 seconds. Time passed: 12 hours, 23 minutes, 25 seconds
2026-09-20 02:35:14,098 - my_experiment - bat_60_ExpoComm_IQL_5M_42 - my_run - INFO - Recent Stats | t_env:    1650000 | Episode:     8250
blue_team_alives_mean:   144.0000	blue_team_win_mean:        0.0000	ep_length_mean:          200.0000	episode_length_mean:     199.0000
epsilon:                   0.0500	grad_norm:               10598671.4250	info_nce_loss:             0.9487	loss:                    79227.7469
q_loss:                  72025.2230	q_taken_mean:             42.5148	red_team_alives_mean:    144.0000	red_team_win_mean:         0.0000
return_mean:              -1.4009	return_std:                0.0769	target_mean:              42.7724	td_error_abs:            118.3958
test_blue_team_alives_mean:144.0000	test_blue_team_win_mean:   0.0000	test_ep_length_mean:     200.0000	test_episode_length_mean:199.0000
test_red_team_alives_mean:144.0000	test_red_team_win_mean:    0.0000	test_return_mean:         -1.0000	test_return_std:           0.0000

2026-09-20 02:35:19,687 - my_experiment - bat_60_ExpoComm_IQL_5M_42 - my_run - INFO - t_env: 1650200 / 5050000
2026-09-20 02:35:19,689 - my_experiment - bat_60_ExpoComm_IQL_5M_42 - my_run - INFO - Estimated time left: 1 days, 2 hours, 13 minutes, 22 seconds. Time passed: 12 hours, 46 minutes, 34 seconds
2026-09-20 02:58:20,063 - my_experiment - bat_60_ExpoComm_IQL_5M_42 - my_run - INFO - Recent Stats | t_env:    1700000 | Episode:     8500
blue_team_alives_mean:   144.0000	blue_team_win_mean:        0.0000	ep_length_mean:          200.0000	episode_length_mean:     199.0000
epsilon:                   0.0500	grad_norm:               4007268.6000	info_nce_loss:             0.8872	loss:                    22882.2324
q_loss:                  20802.0295	q_taken_mean:             43.5308	red_team_alives_mean:    144.0000	red_team_win_mean:         0.0000
return_mean:              -1.4592	return_std:                0.1561	target_mean:              43.6429	td_error_abs:             62.5485
test_blue_team_alives_mean:144.0000	test_blue_team_win_mean:   0.0000	test_ep_length_mean:     200.0000	test_episode_length_mean:199.0000
test_red_team_alives_mean:144.0000	test_red_team_win_mean:    0.0000	test_return_mean:         -1.0000	test_return_std:           0.0000

2026-09-20 02:58:25,537 - my_experiment - bat_60_ExpoComm_IQL_5M_42 - my_run - INFO - t_env: 1700200 / 5050000
2026-09-20 02:58:25,540 - my_experiment - bat_60_ExpoComm_IQL_5M_42 - my_run - INFO - Estimated time left: 1 days, 1 hours, 47 minutes, 26 seconds. Time passed: 13 hours, 9 minutes, 40 seconds
2026-09-20 03:21:25,431 - my_experiment - bat_60_ExpoComm_IQL_5M_42 - my_run - INFO - Recent Stats | t_env:    1750000 | Episode:     8750
blue_team_alives_mean:   144.0000	blue_team_win_mean:        0.0000	ep_length_mean:          200.0000	episode_length_mean:     199.0000
epsilon:                   0.0500	grad_norm:               5524112.5000	info_nce_loss:             0.7613	loss:                    21732.9914
q_loss:                  19757.2650	q_taken_mean:             43.8423	red_team_alives_mean:    144.0000	red_team_win_mean:         0.0000
return_mean:              -1.4370	return_std:                0.0771	target_mean:              43.6469	td_error_abs:             64.5236
test_blue_team_alives_mean:144.0000	test_blue_team_win_mean:   0.0000	test_ep_length_mean:     200.0000	test_episode_length_mean:199.0000
test_red_team_alives_mean:144.0000	test_red_team_win_mean:    0.0000	test_return_mean:         -1.0007	test_return_std:           0.0000

2026-09-20 03:21:30,991 - my_experiment - bat_60_ExpoComm_IQL_5M_42 - my_run - INFO - t_env: 1750200 / 5050000
2026-09-20 03:21:30,992 - my_experiment - bat_60_ExpoComm_IQL_5M_42 - my_run - INFO - Estimated time left: 1 days, 1 hours, 23 minutes, 54 seconds. Time passed: 13 hours, 32 minutes, 45 seconds
2026-09-20 03:44:30,017 - my_experiment - bat_60_ExpoComm_IQL_5M_42 - my_run - INFO - Recent Stats | t_env:    1800000 | Episode:     9000
blue_team_alives_mean:   144.0000	blue_team_win_mean:        0.0000	ep_length_mean:          200.0000	episode_length_mean:     199.0000
epsilon:                   0.0500	grad_norm:               6909098.9250	info_nce_loss:             0.6709	loss:                    28308.2861
q_loss:                  25734.8054	q_taken_mean:             43.1711	red_team_alives_mean:    144.0000	red_team_win_mean:         0.0000
return_mean:              -1.3807	return_std:                0.0143	target_mean:              43.5067	td_error_abs:             76.5427
test_blue_team_alives_mean:144.0000	test_blue_team_win_mean:   0.0000	test_ep_length_mean:     200.0000	test_episode_length_mean:199.0000
test_red_team_alives_mean:144.0000	test_red_team_win_mean:    0.0000	test_return_mean:         -1.0007	test_return_std:           0.0000

2026-09-20 03:44:35,565 - my_experiment - bat_60_ExpoComm_IQL_5M_42 - my_run - INFO - t_env: 1800200 / 5050000
2026-09-20 03:44:35,566 - my_experiment - bat_60_ExpoComm_IQL_5M_42 - my_run - INFO - Estimated time left: 1 days, 59 minutes, 51 seconds. Time passed: 13 hours, 55 minutes, 50 seconds
2026-09-20 04:07:35,428 - my_experiment - bat_60_ExpoComm_IQL_5M_42 - my_run - INFO - Recent Stats | t_env:    1850000 | Episode:     9250
blue_team_alives_mean:   144.0000	blue_team_win_mean:        0.0000	ep_length_mean:          200.0000	episode_length_mean:     199.0000
epsilon:                   0.0500	grad_norm:               3249784.1750	info_nce_loss:             0.5955	loss:                    14523.5981
q_loss:                  13203.2713	q_taken_mean:             42.7019	red_team_alives_mean:    144.0000	red_team_win_mean:         0.0000
return_mean:              -1.3810	return_std:                0.0155	target_mean:              42.7561	td_error_abs:             59.4183
test_blue_team_alives_mean:144.0000	test_blue_team_win_mean:   0.0000	test_ep_length_mean:     200.0000	test_episode_length_mean:199.0000
test_red_team_alives_mean:144.0000	test_red_team_win_mean:    0.0000	test_return_mean:         -1.0007	test_return_std:           0.0000

2026-09-20 04:07:41,049 - my_experiment - bat_60_ExpoComm_IQL_5M_42 - my_run - INFO - t_env: 1850200 / 5050000
2026-09-20 04:07:41,051 - my_experiment - bat_60_ExpoComm_IQL_5M_42 - my_run - INFO - Estimated time left: 1 days, 37 minutes, 45 seconds. Time passed: 14 hours, 18 minutes, 55 seconds
2026-09-20 04:30:40,410 - my_experiment - bat_60_ExpoComm_IQL_5M_42 - my_run - INFO - Recent Stats | t_env:    1900000 | Episode:     9500
blue_team_alives_mean:   144.0000	blue_team_win_mean:        0.0000	ep_length_mean:          200.0000	episode_length_mean:     199.0000
epsilon:                   0.0500	grad_norm:               5384408.3500	info_nce_loss:             0.4406	loss:                    27712.6992
q_loss:                  25193.3629	q_taken_mean:             42.2854	red_team_alives_mean:    144.0000	red_team_win_mean:         0.0000
return_mean:              -1.3828	return_std:                0.0155	target_mean:              42.3007	td_error_abs:             79.2564
test_blue_team_alives_mean:144.0000	test_blue_team_win_mean:   0.0000	test_ep_length_mean:     200.0000	test_episode_length_mean:199.0000
test_red_team_alives_mean:144.0000	test_red_team_win_mean:    0.0000	test_return_mean:         -1.0007	test_return_std:           0.0000

2026-09-20 04:30:45,873 - my_experiment - bat_60_ExpoComm_IQL_5M_42 - my_run - INFO - t_env: 1900200 / 5050000
2026-09-20 04:30:45,875 - my_experiment - bat_60_ExpoComm_IQL_5M_42 - my_run - INFO - Estimated time left: 1 days, 13 minutes, 58 seconds. Time passed: 14 hours, 42 minutes, 0 seconds
2026-09-20 04:53:46,497 - my_experiment - bat_60_ExpoComm_IQL_5M_42 - my_run - INFO - Recent Stats | t_env:    1950000 | Episode:     9750
blue_team_alives_mean:   144.0000	blue_team_win_mean:        0.0000	ep_length_mean:          200.0000	episode_length_mean:     199.0000
epsilon:                   0.0500	grad_norm:               3569935.5000	info_nce_loss:             0.7637	loss:                    21500.6561
q_loss:                  19546.0509	q_taken_mean:             42.3056	red_team_alives_mean:    144.0000	red_team_win_mean:         0.0000
return_mean:              -1.3811	return_std:                0.0162	target_mean:              42.5273	td_error_abs:             65.5343
test_blue_team_alives_mean:144.0000	test_blue_team_win_mean:   0.0000	test_ep_length_mean:     200.0000	test_episode_length_mean:199.0000
test_red_team_alives_mean:144.0000	test_red_team_win_mean:    0.0000	test_return_mean:         -1.0007	test_return_std:           0.0000

2026-09-20 04:53:51,971 - my_experiment - bat_60_ExpoComm_IQL_5M_42 - my_run - INFO - t_env: 1950200 / 5050000
2026-09-20 04:53:51,973 - my_experiment - bat_60_ExpoComm_IQL_5M_42 - my_run - INFO - Estimated time left: 23 hours, 52 minutes, 12 seconds. Time passed: 15 hours, 5 minutes, 6 seconds
2026-09-20 05:16:52,726 - my_experiment - bat_60_ExpoComm_IQL_5M_42 - my_run - INFO - Recent Stats | t_env:    2000000 | Episode:    10000
blue_team_alives_mean:   144.0000	blue_team_win_mean:        0.0000	ep_length_mean:          200.0000	episode_length_mean:     199.0000
epsilon:                   0.0500	grad_norm:               8151733.8500	info_nce_loss:             0.7029	loss:                    44320.5084
q_loss:                  40291.3701	q_taken_mean:             43.4418	red_team_alives_mean:    144.0000	red_team_win_mean:         0.0000
return_mean:              -1.3806	return_std:                0.0165	target_mean:              43.3090	td_error_abs:             98.7791
test_blue_team_alives_mean:144.0000	test_blue_team_win_mean:   0.0000	test_ep_length_mean:     200.0000	test_episode_length_mean:199.0000
test_red_team_alives_mean:144.0000	test_red_team_win_mean:    0.0000	test_return_mean:         -1.0000	test_return_std:           0.0000

2026-09-20 05:16:58,212 - my_experiment - bat_60_ExpoComm_IQL_5M_42 - my_run - INFO - t_env: 2000200 / 5050000
2026-09-20 05:16:58,215 - my_experiment - bat_60_ExpoComm_IQL_5M_42 - my_run - INFO - Estimated time left: 23 hours, 29 minutes, 15 seconds. Time passed: 15 hours, 28 minutes, 12 seconds
2026-09-20 05:17:02,777 - my_experiment - bat_60_ExpoComm_IQL_5M_42 - my_run - INFO - Saving models to work_dirs/my_experiment/bat_60_ExpoComm_IQL_5M_42/my_run/20260919_134831/models/2000200
2026-09-20 05:39:57,363 - my_experiment - bat_60_ExpoComm_IQL_5M_42 - my_run - INFO - Recent Stats | t_env:    2050000 | Episode:    10250
blue_team_alives_mean:   144.0000	blue_team_win_mean:        0.0000	ep_length_mean:          200.0000	episode_length_mean:     199.0000
epsilon:                   0.0500	grad_norm:               5630954.3750	info_nce_loss:             0.6142	loss:                    29130.5156
q_loss:                  26482.2867	q_taken_mean:             44.8590	red_team_alives_mean:    144.0000	red_team_win_mean:         0.0000
return_mean:              -1.3817	return_std:                0.0155	target_mean:              44.9270	td_error_abs:             78.0337
test_blue_team_alives_mean:144.0000	test_blue_team_win_mean:   0.0000	test_ep_length_mean:     200.0000	test_episode_length_mean:199.0000
test_red_team_alives_mean:144.0000	test_red_team_win_mean:    0.0000	test_return_mean:         -1.0000	test_return_std:           0.0000

2026-09-20 05:40:02,963 - my_experiment - bat_60_ExpoComm_IQL_5M_42 - my_run - INFO - t_env: 2050200 / 5050000
2026-09-20 05:40:02,965 - my_experiment - bat_60_ExpoComm_IQL_5M_42 - my_run - INFO - Estimated time left: 23 hours, 4 minutes, 39 seconds. Time passed: 15 hours, 51 minutes, 17 seconds
2026-09-20 06:03:02,923 - my_experiment - bat_60_ExpoComm_IQL_5M_42 - my_run - INFO - Recent Stats | t_env:    2100000 | Episode:    10500
blue_team_alives_mean:   144.0000	blue_team_win_mean:        0.0000	ep_length_mean:          200.0000	episode_length_mean:     199.0000
epsilon:                   0.0500	grad_norm:               7280232.8750	info_nce_loss:             0.5078	loss:                    35926.2521
q_loss:                  32660.2289	q_taken_mean:             45.3813	red_team_alives_mean:    144.0000	red_team_win_mean:         0.0000
return_mean:              -1.3821	return_std:                0.0153	target_mean:              45.5203	td_error_abs:             87.1626
test_blue_team_alives_mean:144.0000	test_blue_team_win_mean:   0.0000	test_ep_length_mean:     200.0000	test_episode_length_mean:199.0000
test_red_team_alives_mean:144.0000	test_red_team_win_mean:    0.0000	test_return_mean:         -1.0000	test_return_std:           0.0000

2026-09-20 06:03:08,515 - my_experiment - bat_60_ExpoComm_IQL_5M_42 - my_run - INFO - t_env: 2100200 / 5050000
2026-09-20 06:03:08,517 - my_experiment - bat_60_ExpoComm_IQL_5M_42 - my_run - INFO - Estimated time left: 22 hours, 42 minutes, 21 seconds. Time passed: 16 hours, 14 minutes, 23 seconds
2026-09-20 06:26:10,578 - my_experiment - bat_60_ExpoComm_IQL_5M_42 - my_run - INFO - Recent Stats | t_env:    2150000 | Episode:    10750
blue_team_alives_mean:   144.0000	blue_team_win_mean:        0.0000	ep_length_mean:          200.0000	episode_length_mean:     199.0000
epsilon:                   0.0500	grad_norm:               6175139.8750	info_nce_loss:             0.5019	loss:                    28953.6650
q_loss:                  26321.5131	q_taken_mean:             45.5808	red_team_alives_mean:    144.0000	red_team_win_mean:         0.0000
return_mean:              -1.3821	return_std:                0.0149	target_mean:              45.4715	td_error_abs:             76.4010
test_blue_team_alives_mean:144.0000	test_blue_team_win_mean:   0.0000	test_ep_length_mean:     200.0000	test_episode_length_mean:199.0000
test_red_team_alives_mean:144.0000	test_red_team_win_mean:    0.0000	test_return_mean:         -1.0000	test_return_std:           0.0000

2026-09-20 06:26:16,109 - my_experiment - bat_60_ExpoComm_IQL_5M_42 - my_run - INFO - t_env: 2150200 / 5050000
2026-09-20 06:26:16,111 - my_experiment - bat_60_ExpoComm_IQL_5M_42 - my_run - INFO - Estimated time left: 22 hours, 21 minutes, 14 seconds. Time passed: 16 hours, 37 minutes, 30 seconds
2026-09-20 06:49:18,088 - my_experiment - bat_60_ExpoComm_IQL_5M_42 - my_run - INFO - Recent Stats | t_env:    2200000 | Episode:    11000
blue_team_alives_mean:   144.0000	blue_team_win_mean:        0.0000	ep_length_mean:          200.0000	episode_length_mean:     199.0000
epsilon:                   0.0500	grad_norm:               4959498.6250	info_nce_loss:             0.4484	loss:                    22697.5135
q_loss:                  20634.1034	q_taken_mean:             45.6915	red_team_alives_mean:    144.0000	red_team_win_mean:         0.0000
return_mean:              -1.3826	return_std:                0.0155	target_mean:              45.4750	td_error_abs:             66.2352
test_blue_team_alives_mean:144.0000	test_blue_team_win_mean:   0.0000	test_ep_length_mean:     200.0000	test_episode_length_mean:199.0000
test_red_team_alives_mean:144.0000	test_red_team_win_mean:    0.0000	test_return_mean:         -1.0000	test_return_std:           0.0000

2026-09-20 06:49:23,533 - my_experiment - bat_60_ExpoComm_IQL_5M_42 - my_run - INFO - t_env: 2200200 / 5050000
2026-09-20 06:49:23,535 - my_experiment - bat_60_ExpoComm_IQL_5M_42 - my_run - INFO - Estimated time left: 21 hours, 57 minutes, 57 seconds. Time passed: 17 hours, 38 seconds
2026-09-20 07:12:26,425 - my_experiment - bat_60_ExpoComm_IQL_5M_42 - my_run - INFO - Recent Stats | t_env:    2250000 | Episode:    11250
blue_team_alives_mean:   144.0000	blue_team_win_mean:        0.0000	ep_length_mean:          200.0000	episode_length_mean:     199.0000
epsilon:                   0.0500	grad_norm:               5258046.2750	info_nce_loss:             0.7777	loss:                    19852.1177
q_loss:                  18047.3795	q_taken_mean:             45.2450	red_team_alives_mean:    144.0000	red_team_win_mean:         0.0000
return_mean:              -1.3829	return_std:                0.0192	target_mean:              45.5662	td_error_abs:             76.1287
test_blue_team_alives_mean:144.0000	test_blue_team_win_mean:   0.0000	test_ep_length_mean:     200.0000	test_episode_length_mean:199.0000
test_red_team_alives_mean:144.0000	test_red_team_win_mean:    0.0000	test_return_mean:         -1.0000	test_return_std:           0.0000

2026-09-20 07:12:32,010 - my_experiment - bat_60_ExpoComm_IQL_5M_42 - my_run - INFO - t_env: 2250200 / 5050000
2026-09-20 07:12:32,012 - my_experiment - bat_60_ExpoComm_IQL_5M_42 - my_run - INFO - Estimated time left: 21 hours, 35 minutes, 49 seconds. Time passed: 17 hours, 23 minutes, 46 seconds
2026-09-20 07:35:36,359 - my_experiment - bat_60_ExpoComm_IQL_5M_42 - my_run - INFO - Recent Stats | t_env:    2300000 | Episode:    11500
blue_team_alives_mean:   144.0000	blue_team_win_mean:        0.0000	ep_length_mean:          200.0000	episode_length_mean:     199.0000
epsilon:                   0.0500	grad_norm:               3242165.8500	info_nce_loss:             0.5151	loss:                    8505.6889
q_loss:                  7732.4443	q_taken_mean:             45.6717	red_team_alives_mean:    144.0000	red_team_win_mean:         0.0000
return_mean:              -1.3811	return_std:                0.0164	target_mean:              45.7402	td_error_abs:             47.2257
test_blue_team_alives_mean:144.0000	test_blue_team_win_mean:   0.0000	test_ep_length_mean:     200.0000	test_episode_length_mean:199.0000
test_red_team_alives_mean:144.0000	test_red_team_win_mean:    0.0000	test_return_mean:         -1.0000	test_return_std:           0.0000

2026-09-20 07:35:41,889 - my_experiment - bat_60_ExpoComm_IQL_5M_42 - my_run - INFO - t_env: 2300200 / 5050000
2026-09-20 07:35:41,890 - my_experiment - bat_60_ExpoComm_IQL_5M_42 - my_run - INFO - Estimated time left: 21 hours, 13 minutes, 57 seconds. Time passed: 17 hours, 46 minutes, 56 seconds
2026-09-20 07:58:42,901 - my_experiment - bat_60_ExpoComm_IQL_5M_42 - my_run - INFO - Recent Stats | t_env:    2350000 | Episode:    11750
blue_team_alives_mean:   144.0000	blue_team_win_mean:        0.0000	ep_length_mean:          200.0000	episode_length_mean:     199.0000
epsilon:                   0.0500	grad_norm:               5714118.9500	info_nce_loss:             0.4323	loss:                    26395.4281
q_loss:                  23995.8442	q_taken_mean:             45.8530	red_team_alives_mean:    144.0000	red_team_win_mean:         0.0000
return_mean:              -1.3833	return_std:                0.0161	target_mean:              46.0398	td_error_abs:             72.6418
test_blue_team_alives_mean:144.0000	test_blue_team_win_mean:   0.0000	test_ep_length_mean:     200.0000	test_episode_length_mean:199.0000
test_red_team_alives_mean:144.0000	test_red_team_win_mean:    0.0000	test_return_mean:         -1.0000	test_return_std:           0.0000

2026-09-20 07:58:48,478 - my_experiment - bat_60_ExpoComm_IQL_5M_42 - my_run - INFO - t_env: 2350200 / 5050000
2026-09-20 07:58:48,479 - my_experiment - bat_60_ExpoComm_IQL_5M_42 - my_run - INFO - Estimated time left: 20 hours, 47 minutes, 50 seconds. Time passed: 18 hours, 10 minutes, 3 seconds
2026-09-20 08:21:48,210 - my_experiment - bat_60_ExpoComm_IQL_5M_42 - my_run - INFO - Recent Stats | t_env:    2400000 | Episode:    12000
blue_team_alives_mean:   144.0000	blue_team_win_mean:        0.0000	ep_length_mean:          200.0000	episode_length_mean:     199.0000
epsilon:                   0.0500	grad_norm:               2823856.6250	info_nce_loss:             0.5206	loss:                    6646.3564
q_loss:                  6042.1421	q_taken_mean:             46.2462	red_team_alives_mean:    144.0000	red_team_win_mean:         0.0000
return_mean:              -1.3806	return_std:                0.0155	target_mean:              46.2157	td_error_abs:             41.0514
test_blue_team_alives_mean:144.0000	test_blue_team_win_mean:   0.0000	test_ep_length_mean:     200.0000	test_episode_length_mean:199.0000
test_red_team_alives_mean:144.0000	test_red_team_win_mean:    0.0000	test_return_mean:         -1.0000	test_return_std:           0.0000

2026-09-20 08:21:53,639 - my_experiment - bat_60_ExpoComm_IQL_5M_42 - my_run - INFO - t_env: 2400200 / 5050000
2026-09-20 08:21:53,641 - my_experiment - bat_60_ExpoComm_IQL_5M_42 - my_run - INFO - Estimated time left: 20 hours, 23 minutes, 28 seconds. Time passed: 18 hours, 33 minutes, 8 seconds
2026-09-20 08:44:51,996 - my_experiment - bat_60_ExpoComm_IQL_5M_42 - my_run - INFO - Recent Stats | t_env:    2450000 | Episode:    12250
blue_team_alives_mean:   144.0000	blue_team_win_mean:        0.0000	ep_length_mean:          200.0000	episode_length_mean:     199.0000
epsilon:                   0.0500	grad_norm:               2484700.2500	info_nce_loss:             0.2972	loss:                    4771.4058
q_loss:                  4337.6436	q_taken_mean:             46.5418	red_team_alives_mean:    144.0000	red_team_win_mean:         0.0000
return_mean:              -1.3809	return_std:                0.0158	target_mean:              46.5320	td_error_abs:             36.2956
test_blue_team_alives_mean:144.0000	test_blue_team_win_mean:   0.0000	test_ep_length_mean:     200.0000	test_episode_length_mean:199.0000
test_red_team_alives_mean:144.0000	test_red_team_win_mean:    0.0000	test_return_mean:         -1.0000	test_return_std:           0.0000

2026-09-20 08:44:57,569 - my_experiment - bat_60_ExpoComm_IQL_5M_42 - my_run - INFO - t_env: 2450200 / 5050000
2026-09-20 08:44:57,571 - my_experiment - bat_60_ExpoComm_IQL_5M_42 - my_run - INFO - Estimated time left: 19 hours, 59 minutes, 18 seconds. Time passed: 18 hours, 56 minutes, 12 seconds
2026-09-20 09:07:42,264 - my_experiment - bat_60_ExpoComm_IQL_5M_42 - my_run - INFO - Recent Stats | t_env:    2500000 | Episode:    12500
blue_team_alives_mean:   144.0000	blue_team_win_mean:        0.0000	ep_length_mean:          200.0000	episode_length_mean:     199.0000
epsilon:                   0.0500	grad_norm:               2685216.8500	info_nce_loss:             0.6482	loss:                    4874.8598
q_loss:                  4431.6906	q_taken_mean:             46.8686	red_team_alives_mean:    144.0000	red_team_win_mean:         0.0000
return_mean:              -1.3827	return_std:                0.0147	target_mean:              46.8651	td_error_abs:             33.5758
test_blue_team_alives_mean:144.0000	test_blue_team_win_mean:   0.0000	test_ep_length_mean:     200.0000	test_episode_length_mean:199.0000
test_red_team_alives_mean:144.0000	test_red_team_win_mean:    0.0000	test_return_mean:         -1.0000	test_return_std:           0.0000

2026-09-20 09:07:47,747 - my_experiment - bat_60_ExpoComm_IQL_5M_42 - my_run - INFO - t_env: 2500200 / 5050000
2026-09-20 09:07:47,748 - my_experiment - bat_60_ExpoComm_IQL_5M_42 - my_run - INFO - Estimated time left: 19 hours, 24 minutes, 33 seconds. Time passed: 19 hours, 19 minutes, 2 seconds
2026-09-20 09:07:52,234 - my_experiment - bat_60_ExpoComm_IQL_5M_42 - my_run - INFO - Saving models to work_dirs/my_experiment/bat_60_ExpoComm_IQL_5M_42/my_run/20260919_134831/models/2500200
2026-09-20 09:30:28,934 - my_experiment - bat_60_ExpoComm_IQL_5M_42 - my_run - INFO - Recent Stats | t_env:    2550000 | Episode:    12750
blue_team_alives_mean:   144.0000	blue_team_win_mean:        0.0000	ep_length_mean:          200.0000	episode_length_mean:     199.0000
epsilon:                   0.0500	grad_norm:               3738025.3500	info_nce_loss:             0.5011	loss:                    6880.5344
q_loss:                  6255.0313	q_taken_mean:             47.2759	red_team_alives_mean:    144.0000	red_team_win_mean:         0.0000
return_mean:              -1.3819	return_std:                0.0154	target_mean:              47.1923	td_error_abs:             37.9292
test_blue_team_alives_mean:144.0000	test_blue_team_win_mean:   0.0000	test_ep_length_mean:     200.0000	test_episode_length_mean:199.0000
test_red_team_alives_mean:144.0000	test_red_team_win_mean:    0.0000	test_return_mean:         -1.0000	test_return_std:           0.0000

2026-09-20 09:30:34,413 - my_experiment - bat_60_ExpoComm_IQL_5M_42 - my_run - INFO - t_env: 2550200 / 5050000
2026-09-20 09:30:34,415 - my_experiment - bat_60_ExpoComm_IQL_5M_42 - my_run - INFO - Estimated time left: 18 hours, 58 minutes, 47 seconds. Time passed: 19 hours, 41 minutes, 48 seconds
2026-09-20 09:53:16,167 - my_experiment - bat_60_ExpoComm_IQL_5M_42 - my_run - INFO - Recent Stats | t_env:    2600000 | Episode:    13000
blue_team_alives_mean:   144.0000	blue_team_win_mean:        0.0000	ep_length_mean:          200.0000	episode_length_mean:     199.0000
epsilon:                   0.0500	grad_norm:               3236291.6125	info_nce_loss:             0.4845	loss:                    5983.3744
q_loss:                  5439.4313	q_taken_mean:             47.4513	red_team_alives_mean:    144.0000	red_team_win_mean:         0.0000
return_mean:              -1.3804	return_std:                0.0153	target_mean:              47.4361	td_error_abs:             33.9489
test_blue_team_alives_mean:144.0000	test_blue_team_win_mean:   0.0000	test_ep_length_mean:     200.0000	test_episode_length_mean:199.0000
test_red_team_alives_mean:144.0000	test_red_team_win_mean:    0.0000	test_return_mean:         -1.0000	test_return_std:           0.0000

2026-09-20 09:53:21,621 - my_experiment - bat_60_ExpoComm_IQL_5M_42 - my_run - INFO - t_env: 2600200 / 5050000
2026-09-20 09:53:21,623 - my_experiment - bat_60_ExpoComm_IQL_5M_42 - my_run - INFO - Estimated time left: 18 hours, 36 minutes, 27 seconds. Time passed: 20 hours, 4 minutes, 36 seconds
2026-09-20 10:16:00,778 - my_experiment - bat_60_ExpoComm_IQL_5M_42 - my_run - INFO - Recent Stats | t_env:    2650000 | Episode:    13250
blue_team_alives_mean:   144.0000	blue_team_win_mean:        0.0000	ep_length_mean:          200.0000	episode_length_mean:     199.0000
epsilon:                   0.0500	grad_norm:               3324850.2000	info_nce_loss:             0.3309	loss:                    6655.5510
q_loss:                  6050.5009	q_taken_mean:             47.7379	red_team_alives_mean:    144.0000	red_team_win_mean:         0.0000
return_mean:              -1.3814	return_std:                0.0178	target_mean:              47.7030	td_error_abs:             33.5327
test_blue_team_alives_mean:144.0000	test_blue_team_win_mean:   0.0000	test_ep_length_mean:     200.0000	test_episode_length_mean:199.0000
test_red_team_alives_mean:144.0000	test_red_team_win_mean:    0.0000	test_return_mean:         -1.0000	test_return_std:           0.0000

2026-09-20 10:16:06,270 - my_experiment - bat_60_ExpoComm_IQL_5M_42 - my_run - INFO - t_env: 2650200 / 5050000
2026-09-20 10:16:06,271 - my_experiment - bat_60_ExpoComm_IQL_5M_42 - my_run - INFO - Estimated time left: 18 hours, 11 minutes, 37 seconds. Time passed: 20 hours, 27 minutes, 20 seconds
2026-09-20 10:38:34,857 - my_experiment - bat_60_ExpoComm_IQL_5M_42 - my_run - INFO - Recent Stats | t_env:    2700000 | Episode:    13500
blue_team_alives_mean:   144.0000	blue_team_win_mean:        0.0000	ep_length_mean:          200.0000	episode_length_mean:     199.0000
epsilon:                   0.0500	grad_norm:               3523119.2000	info_nce_loss:             0.5108	loss:                    6450.6097
q_loss:                  5864.1906	q_taken_mean:             47.9396	red_team_alives_mean:    144.0000	red_team_win_mean:         0.0000
return_mean:              -1.3818	return_std:                0.0166	target_mean:              47.9277	td_error_abs:             33.9282
test_blue_team_alives_mean:144.0000	test_blue_team_win_mean:   0.0000	test_ep_length_mean:     200.0000	test_episode_length_mean:199.0000
test_red_team_alives_mean:144.0000	test_red_team_win_mean:    0.0000	test_return_mean:         -1.0000	test_return_std:           0.0000

2026-09-20 10:38:40,045 - my_experiment - bat_60_ExpoComm_IQL_5M_42 - my_run - INFO - t_env: 2700200 / 5050000
2026-09-20 10:38:40,047 - my_experiment - bat_60_ExpoComm_IQL_5M_42 - my_run - INFO - Estimated time left: 17 hours, 40 minutes, 22 seconds. Time passed: 20 hours, 49 minutes, 54 seconds
2026-09-20 11:00:12,867 - my_experiment - bat_60_ExpoComm_IQL_5M_42 - my_run - INFO - Recent Stats | t_env:    2750000 | Episode:    13750
blue_team_alives_mean:   144.0000	blue_team_win_mean:        0.0000	ep_length_mean:          200.0000	episode_length_mean:     199.0000
epsilon:                   0.0500	grad_norm:               3785036.9750	info_nce_loss:             0.2369	loss:                    8212.9458
q_loss:                  7466.3240	q_taken_mean:             48.2235	red_team_alives_mean:    144.0000	red_team_win_mean:         0.0000
return_mean:              -1.3823	return_std:                0.0172	target_mean:              48.1279	td_error_abs:             34.4518
test_blue_team_alives_mean:144.0000	test_blue_team_win_mean:   0.0000	test_ep_length_mean:     200.0000	test_episode_length_mean:199.0000
test_red_team_alives_mean:144.0000	test_red_team_win_mean:    0.0000	test_return_mean:         -1.0000	test_return_std:           0.0000

2026-09-20 11:00:18,091 - my_experiment - bat_60_ExpoComm_IQL_5M_42 - my_run - INFO - t_env: 2750200 / 5050000
2026-09-20 11:00:18,092 - my_experiment - bat_60_ExpoComm_IQL_5M_42 - my_run - INFO - Estimated time left: 16 hours, 35 minutes, 4 seconds. Time passed: 21 hours, 11 minutes, 32 seconds
2026-09-20 11:21:50,193 - my_experiment - bat_60_ExpoComm_IQL_5M_42 - my_run - INFO - Recent Stats | t_env:    2800000 | Episode:    14000
blue_team_alives_mean:   144.0000	blue_team_win_mean:        0.0000	ep_length_mean:          200.0000	episode_length_mean:     199.0000
epsilon:                   0.0500	grad_norm:               3208751.3000	info_nce_loss:             0.6511	loss:                    6120.4067
q_loss:                  5564.0061	q_taken_mean:             48.3454	red_team_alives_mean:    144.0000	red_team_win_mean:         0.0000
return_mean:              -1.3805	return_std:                0.0148	target_mean:              48.3324	td_error_abs:             30.1791
test_blue_team_alives_mean:144.0000	test_blue_team_win_mean:   0.0000	test_ep_length_mean:     200.0000	test_episode_length_mean:199.0000
test_red_team_alives_mean:144.0000	test_red_team_win_mean:    0.0000	test_return_mean:         -1.0000	test_return_std:           0.0000

2026-09-20 11:21:55,359 - my_experiment - bat_60_ExpoComm_IQL_5M_42 - my_run - INFO - t_env: 2800200 / 5050000
2026-09-20 11:21:55,361 - my_experiment - bat_60_ExpoComm_IQL_5M_42 - my_run - INFO - Estimated time left: 16 hours, 12 minutes, 51 seconds. Time passed: 21 hours, 33 minutes, 9 seconds
2026-09-20 11:43:27,594 - my_experiment - bat_60_ExpoComm_IQL_5M_42 - my_run - INFO - Recent Stats | t_env:    2850000 | Episode:    14250
blue_team_alives_mean:   144.0000	blue_team_win_mean:        0.0000	ep_length_mean:          200.0000	episode_length_mean:     199.0000
epsilon:                   0.0500	grad_norm:               4222381.0250	info_nce_loss:             0.7031	loss:                    8824.6937
q_loss:                  8022.4489	q_taken_mean:             48.5988	red_team_alives_mean:    144.0000	red_team_win_mean:         0.0000
return_mean:              -1.3823	return_std:                0.0155	target_mean:              48.5214	td_error_abs:             33.2131
test_blue_team_alives_mean:144.0000	test_blue_team_win_mean:   0.0000	test_ep_length_mean:     200.0000	test_episode_length_mean:199.0000
test_red_team_alives_mean:144.0000	test_red_team_win_mean:    0.0000	test_return_mean:         -1.0000	test_return_std:           0.0000

2026-09-20 11:43:32,796 - my_experiment - bat_60_ExpoComm_IQL_5M_42 - my_run - INFO - t_env: 2850200 / 5050000
2026-09-20 11:43:32,798 - my_experiment - bat_60_ExpoComm_IQL_5M_42 - my_run - INFO - Estimated time left: 15 hours, 51 minutes, 22 seconds. Time passed: 21 hours, 54 minutes, 47 seconds
2026-09-20 12:05:06,654 - my_experiment - bat_60_ExpoComm_IQL_5M_42 - my_run - INFO - Recent Stats | t_env:    2900000 | Episode:    14500
blue_team_alives_mean:   144.0000	blue_team_win_mean:        0.0000	ep_length_mean:          200.0000	episode_length_mean:     199.0000
epsilon:                   0.0500	grad_norm:               3967778.3250	info_nce_loss:             0.5927	loss:                    7359.6600
q_loss:                  6690.6000	q_taken_mean:             48.6727	red_team_alives_mean:    144.0000	red_team_win_mean:         0.0000
return_mean:              -1.3817	return_std:                0.0170	target_mean:              48.6330	td_error_abs:             32.6551
test_blue_team_alives_mean:144.0000	test_blue_team_win_mean:   0.0000	test_ep_length_mean:     200.0000	test_episode_length_mean:199.0000
test_red_team_alives_mean:144.0000	test_red_team_win_mean:    0.0000	test_return_mean:         -1.0000	test_return_std:           0.0000

2026-09-20 12:05:11,838 - my_experiment - bat_60_ExpoComm_IQL_5M_42 - my_run - INFO - t_env: 2900200 / 5050000
2026-09-20 12:05:11,839 - my_experiment - bat_60_ExpoComm_IQL_5M_42 - my_run - INFO - Estimated time left: 15 hours, 30 minutes, 53 seconds. Time passed: 22 hours, 16 minutes, 26 seconds
2026-09-20 12:26:44,815 - my_experiment - bat_60_ExpoComm_IQL_5M_42 - my_run - INFO - Recent Stats | t_env:    2950000 | Episode:    14750
blue_team_alives_mean:   144.0000	blue_team_win_mean:        0.0000	ep_length_mean:          200.0000	episode_length_mean:     199.0000
epsilon:                   0.0500	grad_norm:               4873171.0000	info_nce_loss:             0.3222	loss:                    11002.3791
q_loss:                  10002.1627	q_taken_mean:             48.9228	red_team_alives_mean:    144.0000	red_team_win_mean:         0.0000
return_mean:              -1.3820	return_std:                0.0157	target_mean:              48.8031	td_error_abs:             35.4141
test_blue_team_alives_mean:144.0000	test_blue_team_win_mean:   0.0000	test_ep_length_mean:     200.0000	test_episode_length_mean:199.0000
test_red_team_alives_mean:144.0000	test_red_team_win_mean:    0.0000	test_return_mean:         -1.0000	test_return_std:           0.0000

2026-09-20 12:26:50,014 - my_experiment - bat_60_ExpoComm_IQL_5M_42 - my_run - INFO - t_env: 2950200 / 5050000
2026-09-20 12:26:50,016 - my_experiment - bat_60_ExpoComm_IQL_5M_42 - my_run - INFO - Estimated time left: 15 hours, 8 minutes, 38 seconds. Time passed: 22 hours, 38 minutes, 4 seconds
2026-09-20 12:48:21,545 - my_experiment - bat_60_ExpoComm_IQL_5M_42 - my_run - INFO - Recent Stats | t_env:    3000000 | Episode:    15000
blue_team_alives_mean:   144.0000	blue_team_win_mean:        0.0000	ep_length_mean:          200.0000	episode_length_mean:     199.0000
epsilon:                   0.0500	grad_norm:               3779757.8750	info_nce_loss:             0.4638	loss:                    8243.4528
q_loss:                  7494.0481	q_taken_mean:             49.0369	red_team_alives_mean:    144.0000	red_team_win_mean:         0.0000
return_mean:              -1.3807	return_std:                0.0166	target_mean:              48.9955	td_error_abs:             30.1515
test_blue_team_alives_mean:144.0000	test_blue_team_win_mean:   0.0000	test_ep_length_mean:     200.0000	test_episode_length_mean:199.0000
test_red_team_alives_mean:144.0000	test_red_team_win_mean:    0.0000	test_return_mean:         -1.0000	test_return_std:           0.0000

2026-09-20 12:48:26,748 - my_experiment - bat_60_ExpoComm_IQL_5M_42 - my_run - INFO - t_env: 3000200 / 5050000
2026-09-20 12:48:26,750 - my_experiment - bat_60_ExpoComm_IQL_5M_42 - my_run - INFO - Estimated time left: 14 hours, 46 minutes, 0 seconds. Time passed: 22 hours, 59 minutes, 41 seconds
2026-09-20 12:48:30,987 - my_experiment - bat_60_ExpoComm_IQL_5M_42 - my_run - INFO - Saving models to work_dirs/my_experiment/bat_60_ExpoComm_IQL_5M_42/my_run/20260919_134831/models/3000200
2026-09-20 13:10:35,347 - my_experiment - bat_60_ExpoComm_IQL_5M_42 - my_run - INFO - Recent Stats | t_env:    3050000 | Episode:    15250
blue_team_alives_mean:   144.0000	blue_team_win_mean:        0.0000	ep_length_mean:          200.0000	episode_length_mean:     199.0000
epsilon:                   0.0500	grad_norm:               4835115.0250	info_nce_loss:             0.5313	loss:                    10227.5913
q_loss:                  9297.8100	q_taken_mean:             49.1863	red_team_alives_mean:    144.0000	red_team_win_mean:         0.0000
return_mean:              -1.3824	return_std:                0.0162	target_mean:              49.0919	td_error_abs:             32.0215
test_blue_team_alives_mean:144.0000	test_blue_team_win_mean:   0.0000	test_ep_length_mean:     200.0000	test_episode_length_mean:199.0000
test_red_team_alives_mean:144.0000	test_red_team_win_mean:    0.0000	test_return_mean:         -1.0000	test_return_std:           0.0000

2026-09-20 13:10:40,892 - my_experiment - bat_60_ExpoComm_IQL_5M_42 - my_run - INFO - t_env: 3050200 / 5050000
2026-09-20 13:10:40,894 - my_experiment - bat_60_ExpoComm_IQL_5M_42 - my_run - INFO - Estimated time left: 14 hours, 49 minutes, 20 seconds. Time passed: 23 hours, 21 minutes, 55 seconds
2026-09-20 13:33:14,136 - my_experiment - bat_60_ExpoComm_IQL_5M_42 - my_run - INFO - Recent Stats | t_env:    3100000 | Episode:    15500
blue_team_alives_mean:   144.0000	blue_team_win_mean:        0.0000	ep_length_mean:          200.0000	episode_length_mean:     199.0000
epsilon:                   0.0500	grad_norm:               4533886.9500	info_nce_loss:             0.4429	loss:                    8430.0631
q_loss:                  7663.6937	q_taken_mean:             49.1891	red_team_alives_mean:    144.0000	red_team_win_mean:         0.0000
return_mean:              -1.3820	return_std:                0.0166	target_mean:              49.1627	td_error_abs:             31.6199
test_blue_team_alives_mean:144.0000	test_blue_team_win_mean:   0.0000	test_ep_length_mean:     200.0000	test_episode_length_mean:199.0000
test_red_team_alives_mean:144.0000	test_red_team_win_mean:    0.0000	test_return_mean:         -1.0000	test_return_std:           0.0000

2026-09-20 13:33:19,687 - my_experiment - bat_60_ExpoComm_IQL_5M_42 - my_run - INFO - t_env: 3100200 / 5050000
2026-09-20 13:33:19,688 - my_experiment - bat_60_ExpoComm_IQL_5M_42 - my_run - INFO - Estimated time left: 14 hours, 43 minutes, 7 seconds. Time passed: 23 hours, 44 minutes, 34 seconds
2026-09-20 13:55:54,209 - my_experiment - bat_60_ExpoComm_IQL_5M_42 - my_run - INFO - Recent Stats | t_env:    3150000 | Episode:    15750
blue_team_alives_mean:   144.0000	blue_team_win_mean:        0.0000	ep_length_mean:          200.0000	episode_length_mean:     199.0000
epsilon:                   0.0500	grad_norm:               5605653.2750	info_nce_loss:             0.5390	loss:                    12650.2139
q_loss:                  11500.1943	q_taken_mean:             49.3769	red_team_alives_mean:    144.0000	red_team_win_mean:         0.0000
return_mean:              -1.3793	return_std:                0.0161	target_mean:              49.2639	td_error_abs:             35.8573
test_blue_team_alives_mean:144.0000	test_blue_team_win_mean:   0.0000	test_ep_length_mean:     200.0000	test_episode_length_mean:199.0000
test_red_team_alives_mean:144.0000	test_red_team_win_mean:    0.0000	test_return_mean:         -1.0000	test_return_std:           0.0000

2026-09-20 13:55:59,625 - my_experiment - bat_60_ExpoComm_IQL_5M_42 - my_run - INFO - t_env: 3150200 / 5050000
2026-09-20 13:55:59,626 - my_experiment - bat_60_ExpoComm_IQL_5M_42 - my_run - INFO - Estimated time left: 14 hours, 21 minutes, 12 seconds. Time passed: 1 days, 7 minutes, 14 seconds
2026-09-20 14:18:33,530 - my_experiment - bat_60_ExpoComm_IQL_5M_42 - my_run - INFO - Recent Stats | t_env:    3200000 | Episode:    16000
blue_team_alives_mean:   144.0000	blue_team_win_mean:        0.0000	ep_length_mean:          200.0000	episode_length_mean:     199.0000
epsilon:                   0.0500	grad_norm:               4868353.5250	info_nce_loss:             0.5242	loss:                    8383.0073
q_loss:                  7620.9155	q_taken_mean:             49.3798	red_team_alives_mean:    144.0000	red_team_win_mean:         0.0000
return_mean:              -1.3847	return_std:                0.0235	target_mean:              49.3564	td_error_abs:             28.6424
test_blue_team_alives_mean:144.0000	test_blue_team_win_mean:   0.0000	test_ep_length_mean:     200.0000	test_episode_length_mean:199.0000
test_red_team_alives_mean:144.0000	test_red_team_win_mean:    0.0000	test_return_mean:         -1.0000	test_return_std:           0.0000

2026-09-20 14:18:38,923 - my_experiment - bat_60_ExpoComm_IQL_5M_42 - my_run - INFO - t_env: 3200200 / 5050000
2026-09-20 14:18:38,924 - my_experiment - bat_60_ExpoComm_IQL_5M_42 - my_run - INFO - Estimated time left: 13 hours, 58 minutes, 8 seconds. Time passed: 1 days, 29 minutes, 53 seconds
2026-09-20 14:41:13,541 - my_experiment - bat_60_ExpoComm_IQL_5M_42 - my_run - INFO - Recent Stats | t_env:    3250000 | Episode:    16250
blue_team_alives_mean:   144.0000	blue_team_win_mean:        0.0000	ep_length_mean:          200.0000	episode_length_mean:     199.0000
epsilon:                   0.0500	grad_norm:               6136119.2625	info_nce_loss:             0.2860	loss:                    44469.2394
q_loss:                  40426.5827	q_taken_mean:             49.1146	red_team_alives_mean:    144.0000	red_team_win_mean:         0.0000
return_mean:              -1.3816	return_std:                0.0174	target_mean:              49.1622	td_error_abs:             56.8904
test_blue_team_alives_mean:144.0000	test_blue_team_win_mean:   0.0000	test_ep_length_mean:     200.0000	test_episode_length_mean:199.0000
test_red_team_alives_mean:144.0000	test_red_team_win_mean:    0.0000	test_return_mean:         -1.0000	test_return_std:           0.0000

2026-09-20 14:41:19,071 - my_experiment - bat_60_ExpoComm_IQL_5M_42 - my_run - INFO - t_env: 3250200 / 5050000
2026-09-20 14:41:19,072 - my_experiment - bat_60_ExpoComm_IQL_5M_42 - my_run - INFO - Estimated time left: 13 hours, 35 minutes, 59 seconds. Time passed: 1 days, 52 minutes, 33 seconds
2026-09-20 15:03:54,284 - my_experiment - bat_60_ExpoComm_IQL_5M_42 - my_run - INFO - Recent Stats | t_env:    3300000 | Episode:    16500
blue_team_alives_mean:   144.0000	blue_team_win_mean:        0.0000	ep_length_mean:          200.0000	episode_length_mean:     199.0000
epsilon:                   0.0500	grad_norm:               8938813.3625	info_nce_loss:             0.5935	loss:                    22520.0908
q_loss:                  20472.8097	q_taken_mean:             48.6772	red_team_alives_mean:    144.0000	red_team_win_mean:         0.0000
return_mean:              -1.3645	return_std:                0.0363	target_mean:              48.6329	td_error_abs:             65.2690
test_blue_team_alives_mean:144.0000	test_blue_team_win_mean:   0.0000	test_ep_length_mean:     200.0000	test_episode_length_mean:199.0000
test_red_team_alives_mean:144.0000	test_red_team_win_mean:    0.0000	test_return_mean:         -1.0000	test_return_std:           0.0000

2026-09-20 15:03:59,700 - my_experiment - bat_60_ExpoComm_IQL_5M_42 - my_run - INFO - t_env: 3300200 / 5050000
2026-09-20 15:03:59,702 - my_experiment - bat_60_ExpoComm_IQL_5M_42 - my_run - INFO - Estimated time left: 13 hours, 13 minutes, 36 seconds. Time passed: 1 days, 1 hours, 15 minutes, 14 seconds
2026-09-20 15:26:34,872 - my_experiment - bat_60_ExpoComm_IQL_5M_42 - my_run - INFO - Recent Stats | t_env:    3350000 | Episode:    16750
blue_team_alives_mean:   144.0000	blue_team_win_mean:        0.0000	ep_length_mean:          200.0000	episode_length_mean:     199.0000
epsilon:                   0.0500	grad_norm:               11272842.6000	info_nce_loss:             0.2344	loss:                    38331.9996
q_loss:                  34847.2730	q_taken_mean:             48.3857	red_team_alives_mean:    144.0000	red_team_win_mean:         0.0000
return_mean:              -1.3394	return_std:                0.0679	target_mean:              48.2943	td_error_abs:             72.8949
test_blue_team_alives_mean:144.0000	test_blue_team_win_mean:   0.0000	test_ep_length_mean:     200.0000	test_episode_length_mean:199.0000
test_red_team_alives_mean:144.0000	test_red_team_win_mean:    0.0000	test_return_mean:         -1.0000	test_return_std:           0.0000

2026-09-20 15:26:40,214 - my_experiment - bat_60_ExpoComm_IQL_5M_42 - my_run - INFO - t_env: 3350200 / 5050000
2026-09-20 15:26:40,216 - my_experiment - bat_60_ExpoComm_IQL_5M_42 - my_run - INFO - Estimated time left: 12 hours, 50 minutes, 52 seconds. Time passed: 1 days, 1 hours, 37 minutes, 54 seconds
2026-09-20 15:49:18,550 - my_experiment - bat_60_ExpoComm_IQL_5M_42 - my_run - INFO - Recent Stats | t_env:    3400000 | Episode:    17000
blue_team_alives_mean:   144.0000	blue_team_win_mean:        0.0040	ep_length_mean:          200.0000	episode_length_mean:     199.0000
epsilon:                   0.0500	grad_norm:               5026907.7000	info_nce_loss:             0.4997	loss:                    8041.9002
q_loss:                  7310.8184	q_taken_mean:             47.7362	red_team_alives_mean:    143.9960	red_team_win_mean:         0.0000
return_mean:              -1.3114	return_std:                0.0388	target_mean:              47.5785	td_error_abs:             41.5064
test_blue_team_alives_mean:144.0000	test_blue_team_win_mean:   0.0000	test_ep_length_mean:     200.0000	test_episode_length_mean:199.0000
test_red_team_alives_mean:144.0000	test_red_team_win_mean:    0.0000	test_return_mean:         -1.0000	test_return_std:           0.0000

2026-09-20 15:49:23,939 - my_experiment - bat_60_ExpoComm_IQL_5M_42 - my_run - INFO - t_env: 3400200 / 5050000
2026-09-20 15:49:23,941 - my_experiment - bat_60_ExpoComm_IQL_5M_42 - my_run - INFO - Estimated time left: 12 hours, 29 minutes, 57 seconds. Time passed: 1 days, 2 hours, 38 seconds
2026-09-20 16:12:01,267 - my_experiment - bat_60_ExpoComm_IQL_5M_42 - my_run - INFO - Recent Stats | t_env:    3450000 | Episode:    17250
blue_team_alives_mean:   143.9960	blue_team_win_mean:        0.0040	ep_length_mean:          200.0000	episode_length_mean:     199.0000
epsilon:                   0.0500	grad_norm:               3204919.0625	info_nce_loss:             0.3208	loss:                    6936.5854
q_loss:                  6305.9868	q_taken_mean:             46.2321	red_team_alives_mean:    143.9960	red_team_win_mean:         0.0040
return_mean:              -1.1252	return_std:                0.0210	target_mean:              46.2574	td_error_abs:             38.7034
test_blue_team_alives_mean:144.0000	test_blue_team_win_mean:   0.0000	test_ep_length_mean:     200.0000	test_episode_length_mean:199.0000
test_red_team_alives_mean:144.0000	test_red_team_win_mean:    0.0000	test_return_mean:         -1.0000	test_return_std:           0.0000

2026-09-20 16:12:06,737 - my_experiment - bat_60_ExpoComm_IQL_5M_42 - my_run - INFO - t_env: 3450200 / 5050000
2026-09-20 16:12:06,738 - my_experiment - bat_60_ExpoComm_IQL_5M_42 - my_run - INFO - Estimated time left: 12 hours, 6 minutes, 44 seconds. Time passed: 1 days, 2 hours, 23 minutes, 21 seconds
2026-09-20 16:34:42,144 - my_experiment - bat_60_ExpoComm_IQL_5M_42 - my_run - INFO - Recent Stats | t_env:    3500000 | Episode:    17500
blue_team_alives_mean:   144.0000	blue_team_win_mean:        0.0000	ep_length_mean:          200.0000	episode_length_mean:     199.0000
epsilon:                   0.0500	grad_norm:               5605044.6250	info_nce_loss:             0.3171	loss:                    17702.0040
q_loss:                  16092.7310	q_taken_mean:             44.8384	red_team_alives_mean:    144.0000	red_team_win_mean:         0.0000
return_mean:              -1.1281	return_std:                0.0293	target_mean:              44.9102	td_error_abs:             65.4019
test_blue_team_alives_mean:144.0000	test_blue_team_win_mean:   0.0000	test_ep_length_mean:     200.0000	test_episode_length_mean:199.0000
test_red_team_alives_mean:144.0000	test_red_team_win_mean:    0.0000	test_return_mean:         -1.0000	test_return_std:           0.0000

2026-09-20 16:34:47,020 - my_experiment - bat_60_ExpoComm_IQL_5M_42 - my_run - INFO - t_env: 3500200 / 5050000
2026-09-20 16:34:47,021 - my_experiment - bat_60_ExpoComm_IQL_5M_42 - my_run - INFO - Estimated time left: 11 hours, 42 minutes, 43 seconds. Time passed: 1 days, 2 hours, 46 minutes, 1 seconds
2026-09-20 16:34:51,407 - my_experiment - bat_60_ExpoComm_IQL_5M_42 - my_run - INFO - Saving models to work_dirs/my_experiment/bat_60_ExpoComm_IQL_5M_42/my_run/20260919_134831/models/3500200
2026-09-20 16:57:20,566 - my_experiment - bat_60_ExpoComm_IQL_5M_42 - my_run - INFO - Recent Stats | t_env:    3550000 | Episode:    17750
blue_team_alives_mean:   141.9680	blue_team_win_mean:        0.0000	ep_length_mean:          200.0000	episode_length_mean:     199.0000
epsilon:                   0.0500	grad_norm:               4499857.9500	info_nce_loss:             0.4663	loss:                    17865.5078
q_loss:                  16241.3711	q_taken_mean:             44.5152	red_team_alives_mean:    144.0000	red_team_win_mean:         0.0400
return_mean:              -1.7179	return_std:                1.1350	target_mean:              44.5409	td_error_abs:             68.1494
test_blue_team_alives_mean:144.0000	test_blue_team_win_mean:   0.0000	test_ep_length_mean:     200.0000	test_episode_length_mean:199.0000
test_red_team_alives_mean:144.0000	test_red_team_win_mean:    0.0000	test_return_mean:         -3.0849	test_return_std:           0.0000

2026-09-20 16:57:25,929 - my_experiment - bat_60_ExpoComm_IQL_5M_42 - my_run - INFO - t_env: 3550200 / 5050000
2026-09-20 16:57:25,930 - my_experiment - bat_60_ExpoComm_IQL_5M_42 - my_run - INFO - Estimated time left: 11 hours, 19 minutes, 21 seconds. Time passed: 1 days, 3 hours, 8 minutes, 40 seconds
2026-09-20 17:20:02,008 - my_experiment - bat_60_ExpoComm_IQL_5M_42 - my_run - INFO - Recent Stats | t_env:    3600000 | Episode:    18000
blue_team_alives_mean:   144.0000	blue_team_win_mean:        0.0000	ep_length_mean:          200.0000	episode_length_mean:     199.0000
epsilon:                   0.0500	grad_norm:               2227200.8000	info_nce_loss:             0.3351	loss:                    10412.3394
q_loss:                  9465.7631	q_taken_mean:             43.7365	red_team_alives_mean:    144.0000	red_team_win_mean:         0.0000
return_mean:              -1.2288	return_std:                0.0784	target_mean:              43.8069	td_error_abs:             52.9440
test_blue_team_alives_mean:144.0000	test_blue_team_win_mean:   0.0000	test_ep_length_mean:     200.0000	test_episode_length_mean:199.0000
test_red_team_alives_mean:144.0000	test_red_team_win_mean:    0.0000	test_return_mean:         -3.0849	test_return_std:           0.0000

2026-09-20 17:20:07,558 - my_experiment - bat_60_ExpoComm_IQL_5M_42 - my_run - INFO - t_env: 3600200 / 5050000
2026-09-20 17:20:07,559 - my_experiment - bat_60_ExpoComm_IQL_5M_42 - my_run - INFO - Estimated time left: 10 hours, 58 minutes, 1 seconds. Time passed: 1 days, 3 hours, 31 minutes, 22 seconds
2026-09-20 17:42:44,484 - my_experiment - bat_60_ExpoComm_IQL_5M_42 - my_run - INFO - Recent Stats | t_env:    3650000 | Episode:    18250
blue_team_alives_mean:   144.0000	blue_team_win_mean:        0.0120	ep_length_mean:          200.0000	episode_length_mean:     199.0000
epsilon:                   0.0500	grad_norm:               2757671.9500	info_nce_loss:             0.5037	loss:                    12254.9883
q_loss:                  11140.8984	q_taken_mean:             43.8302	red_team_alives_mean:    143.9880	red_team_win_mean:         0.0000
return_mean:              -1.2324	return_std:                0.1210	target_mean:              43.7674	td_error_abs:             62.9655
test_blue_team_alives_mean:144.0000	test_blue_team_win_mean:   0.0000	test_ep_length_mean:     200.0000	test_episode_length_mean:199.0000
test_red_team_alives_mean:144.0000	test_red_team_win_mean:    0.0000	test_return_mean:         -3.0849	test_return_std:           0.0000

2026-09-20 17:42:49,999 - my_experiment - bat_60_ExpoComm_IQL_5M_42 - my_run - INFO - t_env: 3650200 / 5050000
2026-09-20 17:42:50,000 - my_experiment - bat_60_ExpoComm_IQL_5M_42 - my_run - INFO - Estimated time left: 10 hours, 35 minutes, 42 seconds. Time passed: 1 days, 3 hours, 54 minutes, 4 seconds
2026-09-20 18:05:25,508 - my_experiment - bat_60_ExpoComm_IQL_5M_42 - my_run - INFO - Recent Stats | t_env:    3700000 | Episode:    18500
blue_team_alives_mean:   143.9960	blue_team_win_mean:        0.0000	ep_length_mean:          200.0000	episode_length_mean:     199.0000
epsilon:                   0.0500	grad_norm:               3342666.9500	info_nce_loss:             0.1852	loss:                    17703.3891
q_loss:                  16093.9899	q_taken_mean:             43.7914	red_team_alives_mean:    144.0000	red_team_win_mean:         0.0040
return_mean:              -1.1647	return_std:                0.0723	target_mean:              43.7923	td_error_abs:             68.1992
test_blue_team_alives_mean:144.0000	test_blue_team_win_mean:   0.0000	test_ep_length_mean:     200.0000	test_episode_length_mean:199.0000
test_red_team_alives_mean:144.0000	test_red_team_win_mean:    0.0000	test_return_mean:         -3.0849	test_return_std:           0.0000

2026-09-20 18:05:31,017 - my_experiment - bat_60_ExpoComm_IQL_5M_42 - my_run - INFO - t_env: 3700200 / 5050000
2026-09-20 18:05:31,019 - my_experiment - bat_60_ExpoComm_IQL_5M_42 - my_run - INFO - Estimated time left: 10 hours, 12 minutes, 22 seconds. Time passed: 1 days, 4 hours, 16 minutes, 45 seconds
2026-09-20 18:28:12,203 - my_experiment - bat_60_ExpoComm_IQL_5M_42 - my_run - INFO - Recent Stats | t_env:    3750000 | Episode:    18750
blue_team_alives_mean:   144.0000	blue_team_win_mean:        0.0040	ep_length_mean:          200.0000	episode_length_mean:     199.0000
epsilon:                   0.0500	grad_norm:               3259605.9250	info_nce_loss:             0.2520	loss:                    14084.7821
q_loss:                  12804.3475	q_taken_mean:             44.3353	red_team_alives_mean:    143.9920	red_team_win_mean:         0.0000
return_mean:              -1.1502	return_std:                0.0590	target_mean:              44.4109	td_error_abs:             63.4446
test_blue_team_alives_mean:144.0000	test_blue_team_win_mean:   0.0000	test_ep_length_mean:     200.0000	test_episode_length_mean:199.0000
test_red_team_alives_mean:144.0000	test_red_team_win_mean:    0.0000	test_return_mean:         -3.0849	test_return_std:           0.0000

2026-09-20 18:28:17,665 - my_experiment - bat_60_ExpoComm_IQL_5M_42 - my_run - INFO - t_env: 3750200 / 5050000
2026-09-20 18:28:17,667 - my_experiment - bat_60_ExpoComm_IQL_5M_42 - my_run - INFO - Estimated time left: 9 hours, 52 minutes, 7 seconds. Time passed: 1 days, 4 hours, 39 minutes, 32 seconds
2026-09-20 18:51:02,468 - my_experiment - bat_60_ExpoComm_IQL_5M_42 - my_run - INFO - Recent Stats | t_env:    3800000 | Episode:    19000
blue_team_alives_mean:   144.0000	blue_team_win_mean:        0.0080	ep_length_mean:          200.0000	episode_length_mean:     199.0000
epsilon:                   0.0500	grad_norm:               2260202.9750	info_nce_loss:             0.2679	loss:                    6484.8859
q_loss:                  5895.3509	q_taken_mean:             44.7427	red_team_alives_mean:    143.9920	red_team_win_mean:         0.0000
return_mean:              -1.2552	return_std:                0.0613	target_mean:              44.6209	td_error_abs:             46.8774
test_blue_team_alives_mean:144.0000	test_blue_team_win_mean:   0.0000	test_ep_length_mean:     200.0000	test_episode_length_mean:199.0000
test_red_team_alives_mean:144.0000	test_red_team_win_mean:    0.0000	test_return_mean:         -1.0000	test_return_std:           0.0000

2026-09-20 18:51:08,140 - my_experiment - bat_60_ExpoComm_IQL_5M_42 - my_run - INFO - t_env: 3800200 / 5050000
2026-09-20 18:51:08,142 - my_experiment - bat_60_ExpoComm_IQL_5M_42 - my_run - INFO - Estimated time left: 9 hours, 30 minutes, 56 seconds. Time passed: 1 days, 5 hours, 2 minutes, 22 seconds
2026-09-20 19:14:03,140 - my_experiment - bat_60_ExpoComm_IQL_5M_42 - my_run - INFO - Recent Stats | t_env:    3850000 | Episode:    19250
blue_team_alives_mean:   143.9960	blue_team_win_mean:        0.0080	ep_length_mean:          200.0000	episode_length_mean:     199.0000
epsilon:                   0.0500	grad_norm:               4156371.8250	info_nce_loss:             0.2765	loss:                    18248.5505
q_loss:                  16589.5916	q_taken_mean:             44.3358	red_team_alives_mean:    143.9920	red_team_win_mean:         0.0040
return_mean:              -1.1784	return_std:                0.0377	target_mean:              44.1622	td_error_abs:             74.8604
test_blue_team_alives_mean:144.0000	test_blue_team_win_mean:   0.0000	test_ep_length_mean:     200.0000	test_episode_length_mean:199.0000
test_red_team_alives_mean:144.0000	test_red_team_win_mean:    0.0000	test_return_mean:         -1.0000	test_return_std:           0.0000

2026-09-20 19:14:08,610 - my_experiment - bat_60_ExpoComm_IQL_5M_42 - my_run - INFO - t_env: 3850200 / 5050000
2026-09-20 19:14:08,612 - my_experiment - bat_60_ExpoComm_IQL_5M_42 - my_run - INFO - Estimated time left: 9 hours, 12 minutes, 5 seconds. Time passed: 1 days, 5 hours, 25 minutes, 23 seconds
2026-09-20 19:36:55,400 - my_experiment - bat_60_ExpoComm_IQL_5M_42 - my_run - INFO - Recent Stats | t_env:    3900000 | Episode:    19500
blue_team_alives_mean:   144.0000	blue_team_win_mean:        0.0000	ep_length_mean:          200.0000	episode_length_mean:     199.0000
epsilon:                   0.0500	grad_norm:               1221608.3750	info_nce_loss:             0.3390	loss:                    4011.4240
q_loss:                  3646.7491	q_taken_mean:             43.9896	red_team_alives_mean:    144.0000	red_team_win_mean:         0.0000
return_mean:              -1.2045	return_std:                0.0625	target_mean:              43.9872	td_error_abs:             39.9987
test_blue_team_alives_mean:144.0000	test_blue_team_win_mean:   0.0000	test_ep_length_mean:     200.0000	test_episode_length_mean:199.0000
test_red_team_alives_mean:144.0000	test_red_team_win_mean:    0.0000	test_return_mean:         -1.0000	test_return_std:           0.0000

2026-09-20 19:37:00,782 - my_experiment - bat_60_ExpoComm_IQL_5M_42 - my_run - INFO - t_env: 3900200 / 5050000
2026-09-20 19:37:00,783 - my_experiment - bat_60_ExpoComm_IQL_5M_42 - my_run - INFO - Estimated time left: 8 hours, 45 minutes, 54 seconds. Time passed: 1 days, 5 hours, 48 minutes, 15 seconds
2026-09-20 19:59:45,892 - my_experiment - bat_60_ExpoComm_IQL_5M_42 - my_run - INFO - Recent Stats | t_env:    3950000 | Episode:    19750
blue_team_alives_mean:   144.0000	blue_team_win_mean:        0.0000	ep_length_mean:          200.0000	episode_length_mean:     199.0000
epsilon:                   0.0500	grad_norm:               1459210.9750	info_nce_loss:             0.4303	loss:                    3839.1417
q_loss:                  3490.1287	q_taken_mean:             44.1060	red_team_alives_mean:    144.0000	red_team_win_mean:         0.0000
return_mean:              -1.2187	return_std:                0.0542	target_mean:              44.0418	td_error_abs:             38.5974
test_blue_team_alives_mean:144.0000	test_blue_team_win_mean:   0.0000	test_ep_length_mean:     200.0000	test_episode_length_mean:199.0000
test_red_team_alives_mean:144.0000	test_red_team_win_mean:    0.0000	test_return_mean:         -1.0000	test_return_std:           0.0000

2026-09-20 19:59:51,365 - my_experiment - bat_60_ExpoComm_IQL_5M_42 - my_run - INFO - t_env: 3950200 / 5050000
2026-09-20 19:59:51,366 - my_experiment - bat_60_ExpoComm_IQL_5M_42 - my_run - INFO - Estimated time left: 8 hours, 22 minutes, 27 seconds. Time passed: 1 days, 6 hours, 11 minutes, 5 seconds
2026-09-20 20:22:32,515 - my_experiment - bat_60_ExpoComm_IQL_5M_42 - my_run - INFO - Recent Stats | t_env:    4000000 | Episode:    20000
blue_team_alives_mean:   144.0000	blue_team_win_mean:        0.0040	ep_length_mean:          200.0000	episode_length_mean:     199.0000
epsilon:                   0.0500	grad_norm:               1387709.5250	info_nce_loss:             0.2518	loss:                    3598.9329
q_loss:                  3271.7572	q_taken_mean:             44.0349	red_team_alives_mean:    143.9960	red_team_win_mean:         0.0000
return_mean:              -1.2163	return_std:                0.0538	target_mean:              44.0479	td_error_abs:             38.0452
test_blue_team_alives_mean:144.0000	test_blue_team_win_mean:   0.0000	test_ep_length_mean:     200.0000	test_episode_length_mean:199.0000
test_red_team_alives_mean:144.0000	test_red_team_win_mean:    0.0000	test_return_mean:         -1.0000	test_return_std:           0.0000

2026-09-20 20:22:37,976 - my_experiment - bat_60_ExpoComm_IQL_5M_42 - my_run - INFO - t_env: 4000200 / 5050000
2026-09-20 20:22:37,977 - my_experiment - bat_60_ExpoComm_IQL_5M_42 - my_run - INFO - Estimated time left: 7 hours, 58 minutes, 13 seconds. Time passed: 1 days, 6 hours, 33 minutes, 52 seconds
2026-09-20 20:22:42,428 - my_experiment - bat_60_ExpoComm_IQL_5M_42 - my_run - INFO - Saving models to work_dirs/my_experiment/bat_60_ExpoComm_IQL_5M_42/my_run/20260919_134831/models/4000200
2026-09-20 20:45:19,869 - my_experiment - bat_60_ExpoComm_IQL_5M_42 - my_run - INFO - Recent Stats | t_env:    4050000 | Episode:    20250
blue_team_alives_mean:   144.0000	blue_team_win_mean:        0.0080	ep_length_mean:          200.0000	episode_length_mean:     199.0000
epsilon:                   0.0500	grad_norm:               1406692.8500	info_nce_loss:             0.1990	loss:                    3713.4801
q_loss:                  3375.8909	q_taken_mean:             44.0594	red_team_alives_mean:    143.9920	red_team_win_mean:         0.0000
return_mean:              -1.2310	return_std:                0.0537	target_mean:              44.0263	td_error_abs:             38.6524
test_blue_team_alives_mean:144.0000	test_blue_team_win_mean:   0.0000	test_ep_length_mean:     200.0000	test_episode_length_mean:199.0000
test_red_team_alives_mean:144.0000	test_red_team_win_mean:    0.0000	test_return_mean:         -1.0000	test_return_std:           0.0000

2026-09-20 20:45:25,405 - my_experiment - bat_60_ExpoComm_IQL_5M_42 - my_run - INFO - t_env: 4050200 / 5050000
2026-09-20 20:45:25,407 - my_experiment - bat_60_ExpoComm_IQL_5M_42 - my_run - INFO - Estimated time left: 7 hours, 35 minutes, 43 seconds. Time passed: 1 days, 6 hours, 56 minutes, 39 seconds
2026-09-20 21:08:04,738 - my_experiment - bat_60_ExpoComm_IQL_5M_42 - my_run - INFO - Recent Stats | t_env:    4100000 | Episode:    20500
blue_team_alives_mean:   144.0000	blue_team_win_mean:        0.0040	ep_length_mean:          200.0000	episode_length_mean:     199.0000
epsilon:                   0.0500	grad_norm:               1448927.7750	info_nce_loss:             0.3030	loss:                    3549.4423
q_loss:                  3226.7658	q_taken_mean:             43.9924	red_team_alives_mean:    143.9960	red_team_win_mean:         0.0000
return_mean:              -1.2622	return_std:                0.0713	target_mean:              44.0214	td_error_abs:             38.8559
test_blue_team_alives_mean:144.0000	test_blue_team_win_mean:   0.0000	test_ep_length_mean:     200.0000	test_episode_length_mean:199.0000
test_red_team_alives_mean:144.0000	test_red_team_win_mean:    0.0000	test_return_mean:         -1.0000	test_return_std:           0.0000

2026-09-20 21:08:10,230 - my_experiment - bat_60_ExpoComm_IQL_5M_42 - my_run - INFO - t_env: 4100200 / 5050000
2026-09-20 21:08:10,231 - my_experiment - bat_60_ExpoComm_IQL_5M_42 - my_run - INFO - Estimated time left: 7 hours, 12 minutes, 6 seconds. Time passed: 1 days, 7 hours, 19 minutes, 24 seconds
2026-09-20 21:31:06,375 - my_experiment - bat_60_ExpoComm_IQL_5M_42 - my_run - INFO - Recent Stats | t_env:    4150000 | Episode:    20750
blue_team_alives_mean:   144.0000	blue_team_win_mean:        0.0000	ep_length_mean:          200.0000	episode_length_mean:     199.0000
epsilon:                   0.0500	grad_norm:               1429401.6000	info_nce_loss:             0.3618	loss:                    3384.1626
q_loss:                  3076.5115	q_taken_mean:             44.0588	red_team_alives_mean:    144.0000	red_team_win_mean:         0.0000
return_mean:              -1.2552	return_std:                0.0683	target_mean:              44.0301	td_error_abs:             37.9537
test_blue_team_alives_mean:144.0000	test_blue_team_win_mean:   0.0000	test_ep_length_mean:     200.0000	test_episode_length_mean:199.0000
test_red_team_alives_mean:144.0000	test_red_team_win_mean:    0.0000	test_return_mean:         -1.0000	test_return_std:           0.0000

2026-09-20 21:31:11,988 - my_experiment - bat_60_ExpoComm_IQL_5M_42 - my_run - INFO - t_env: 4150200 / 5050000
2026-09-20 21:31:11,990 - my_experiment - bat_60_ExpoComm_IQL_5M_42 - my_run - INFO - Estimated time left: 6 hours, 54 minutes, 26 seconds. Time passed: 1 days, 7 hours, 42 minutes, 26 seconds
2026-09-20 21:54:13,981 - my_experiment - bat_60_ExpoComm_IQL_5M_42 - my_run - INFO - Recent Stats | t_env:    4200000 | Episode:    21000
blue_team_alives_mean:   144.0000	blue_team_win_mean:        0.0000	ep_length_mean:          200.0000	episode_length_mean:     199.0000
epsilon:                   0.0500	grad_norm:               1379162.1000	info_nce_loss:             0.2622	loss:                    3102.9628
q_loss:                  2820.8753	q_taken_mean:             44.0779	red_team_alives_mean:    144.0000	red_team_win_mean:         0.0000
return_mean:              -1.2701	return_std:                0.0637	target_mean:              44.1035	td_error_abs:             36.3878
test_blue_team_alives_mean:144.0000	test_blue_team_win_mean:   0.0000	test_ep_length_mean:     200.0000	test_episode_length_mean:199.0000
test_red_team_alives_mean:144.0000	test_red_team_win_mean:    0.0000	test_return_mean:         -1.0000	test_return_std:           0.0000

2026-09-20 21:54:19,405 - my_experiment - bat_60_ExpoComm_IQL_5M_42 - my_run - INFO - t_env: 4200200 / 5050000
2026-09-20 21:54:19,407 - my_experiment - bat_60_ExpoComm_IQL_5M_42 - my_run - INFO - Estimated time left: 6 hours, 33 minutes, 0 seconds. Time passed: 1 days, 8 hours, 5 minutes, 33 seconds
2026-09-20 22:17:11,837 - my_experiment - bat_60_ExpoComm_IQL_5M_42 - my_run - INFO - Recent Stats | t_env:    4250000 | Episode:    21250
blue_team_alives_mean:   143.9960	blue_team_win_mean:        0.0000	ep_length_mean:          200.0000	episode_length_mean:     199.0000
epsilon:                   0.0500	grad_norm:               1511916.8750	info_nce_loss:             0.2896	loss:                    3431.8462
q_loss:                  3119.8602	q_taken_mean:             44.0805	red_team_alives_mean:    144.0000	red_team_win_mean:         0.0040
return_mean:              -1.2236	return_std:                0.0666	target_mean:              44.0559	td_error_abs:             38.5773
test_blue_team_alives_mean:144.0000	test_blue_team_win_mean:   0.0000	test_ep_length_mean:     200.0000	test_episode_length_mean:199.0000
test_red_team_alives_mean:144.0000	test_red_team_win_mean:    0.0000	test_return_mean:         -1.0000	test_return_std:           0.0000

2026-09-20 22:17:17,380 - my_experiment - bat_60_ExpoComm_IQL_5M_42 - my_run - INFO - t_env: 4250200 / 5050000
2026-09-20 22:17:17,382 - my_experiment - bat_60_ExpoComm_IQL_5M_42 - my_run - INFO - Estimated time left: 6 hours, 7 minutes, 22 seconds. Time passed: 1 days, 8 hours, 28 minutes, 31 seconds
2026-09-20 22:40:26,566 - my_experiment - bat_60_ExpoComm_IQL_5M_42 - my_run - INFO - Recent Stats | t_env:    4300000 | Episode:    21500
blue_team_alives_mean:   143.9960	blue_team_win_mean:        0.0040	ep_length_mean:          200.0000	episode_length_mean:     199.0000
epsilon:                   0.0500	grad_norm:               1380811.3750	info_nce_loss:             0.2207	loss:                    3086.2187
q_loss:                  2805.6533	q_taken_mean:             44.0812	red_team_alives_mean:    143.9960	red_team_win_mean:         0.0040
return_mean:              -1.1459	return_std:                0.0535	target_mean:              44.1058	td_error_abs:             36.2395
test_blue_team_alives_mean:144.0000	test_blue_team_win_mean:   0.0000	test_ep_length_mean:     200.0000	test_episode_length_mean:199.0000
test_red_team_alives_mean:144.0000	test_red_team_win_mean:    0.0000	test_return_mean:         -1.0000	test_return_std:           0.0000

2026-09-20 22:40:32,108 - my_experiment - bat_60_ExpoComm_IQL_5M_42 - my_run - INFO - t_env: 4300200 / 5050000
2026-09-20 22:40:32,109 - my_experiment - bat_60_ExpoComm_IQL_5M_42 - my_run - INFO - Estimated time left: 5 hours, 48 minutes, 35 seconds. Time passed: 1 days, 8 hours, 51 minutes, 46 seconds
2026-09-20 23:03:33,418 - my_experiment - bat_60_ExpoComm_IQL_5M_42 - my_run - INFO - Recent Stats | t_env:    4350000 | Episode:    21750
blue_team_alives_mean:   144.0000	blue_team_win_mean:        0.0040	ep_length_mean:          200.0000	episode_length_mean:     199.0000
epsilon:                   0.0500	grad_norm:               1379471.0750	info_nce_loss:             0.1629	loss:                    3013.1937
q_loss:                  2739.2670	q_taken_mean:             44.1601	red_team_alives_mean:    143.9960	red_team_win_mean:         0.0000
return_mean:              -1.1065	return_std:                0.0199	target_mean:              44.1390	td_error_abs:             35.6300
test_blue_team_alives_mean:144.0000	test_blue_team_win_mean:   0.0000	test_ep_length_mean:     200.0000	test_episode_length_mean:199.0000
test_red_team_alives_mean:144.0000	test_red_team_win_mean:    0.0000	test_return_mean:         -1.0000	test_return_std:           0.0000

2026-09-20 23:03:39,083 - my_experiment - bat_60_ExpoComm_IQL_5M_42 - my_run - INFO - t_env: 4350200 / 5050000
2026-09-20 23:03:39,085 - my_experiment - bat_60_ExpoComm_IQL_5M_42 - my_run - INFO - Estimated time left: 5 hours, 23 minutes, 32 seconds. Time passed: 1 days, 9 hours, 14 minutes, 53 seconds
2026-09-20 23:27:01,422 - my_experiment - bat_60_ExpoComm_IQL_5M_42 - my_run - INFO - Recent Stats | t_env:    4400000 | Episode:    22000
blue_team_alives_mean:   143.9840	blue_team_win_mean:        0.0120	ep_length_mean:          200.0000	episode_length_mean:     199.0000
epsilon:                   0.0500	grad_norm:               1336723.2750	info_nce_loss:             0.3407	loss:                    2933.0312
q_loss:                  2666.3919	q_taken_mean:             44.3037	red_team_alives_mean:    143.9800	red_team_win_mean:         0.0120
return_mean:              -1.1006	return_std:                0.0189	target_mean:              44.3223	td_error_abs:             34.9072
test_blue_team_alives_mean:144.0000	test_blue_team_win_mean:   0.0000	test_ep_length_mean:     200.0000	test_episode_length_mean:199.0000
test_red_team_alives_mean:144.0000	test_red_team_win_mean:    0.0000	test_return_mean:         -1.0000	test_return_std:           0.0000

2026-09-20 23:27:07,021 - my_experiment - bat_60_ExpoComm_IQL_5M_42 - my_run - INFO - t_env: 4400200 / 5050000
2026-09-20 23:27:07,022 - my_experiment - bat_60_ExpoComm_IQL_5M_42 - my_run - INFO - Estimated time left: 5 hours, 4 minutes, 57 seconds. Time passed: 1 days, 9 hours, 38 minutes, 21 seconds
2026-09-20 23:50:16,329 - my_experiment - bat_60_ExpoComm_IQL_5M_42 - my_run - INFO - Recent Stats | t_env:    4450000 | Episode:    22250
blue_team_alives_mean:   138.4440	blue_team_win_mean:        0.0000	ep_length_mean:          200.0000	episode_length_mean:     199.0000
epsilon:                   0.0500	grad_norm:               1163088.6375	info_nce_loss:             0.2309	loss:                    9379.1122
q_loss:                  8526.4657	q_taken_mean:             44.2739	red_team_alives_mean:    143.9920	red_team_win_mean:         0.1360
return_mean:              -2.3590	return_std:                2.5240	target_mean:              44.2900	td_error_abs:             49.1393
test_blue_team_alives_mean:144.0000	test_blue_team_win_mean:   0.0000	test_ep_length_mean:     200.0000	test_episode_length_mean:199.0000
test_red_team_alives_mean:144.0000	test_red_team_win_mean:    0.0000	test_return_mean:         -1.0000	test_return_std:           0.0000

2026-09-20 23:50:21,790 - my_experiment - bat_60_ExpoComm_IQL_5M_42 - my_run - INFO - t_env: 4450200 / 5050000
2026-09-20 23:50:21,792 - my_experiment - bat_60_ExpoComm_IQL_5M_42 - my_run - INFO - Estimated time left: 4 hours, 38 minutes, 51 seconds. Time passed: 1 days, 10 hours, 1 minutes, 36 seconds
2026-09-21 00:13:21,815 - my_experiment - bat_60_ExpoComm_IQL_5M_42 - my_run - INFO - Recent Stats | t_env:    4500000 | Episode:    22500
blue_team_alives_mean:   144.0000	blue_team_win_mean:        0.0040	ep_length_mean:          200.0000	episode_length_mean:     199.0000
epsilon:                   0.0500	grad_norm:               1525728.8453	info_nce_loss:             0.2263	loss:                    32274.6787
q_loss:                  29340.6176	q_taken_mean:             43.5852	red_team_alives_mean:    143.9960	red_team_win_mean:         0.0000
return_mean:              -1.2895	return_std:                0.1103	target_mean:              43.6277	td_error_abs:             61.9033
test_blue_team_alives_mean:144.0000	test_blue_team_win_mean:   0.0000	test_ep_length_mean:     200.0000	test_episode_length_mean:199.0000
test_red_team_alives_mean:144.0000	test_red_team_win_mean:    0.0000	test_return_mean:         -1.0000	test_return_std:           0.0000

2026-09-21 00:13:27,367 - my_experiment - bat_60_ExpoComm_IQL_5M_42 - my_run - INFO - t_env: 4500200 / 5050000
2026-09-21 00:13:27,369 - my_experiment - bat_60_ExpoComm_IQL_5M_42 - my_run - INFO - Estimated time left: 4 hours, 13 minutes, 55 seconds. Time passed: 1 days, 10 hours, 24 minutes, 41 seconds
2026-09-21 00:13:32,010 - my_experiment - bat_60_ExpoComm_IQL_5M_42 - my_run - INFO - Saving models to work_dirs/my_experiment/bat_60_ExpoComm_IQL_5M_42/my_run/20260919_134831/models/4500200
2026-09-21 00:36:42,736 - my_experiment - bat_60_ExpoComm_IQL_5M_42 - my_run - INFO - Recent Stats | t_env:    4550000 | Episode:    22750
blue_team_alives_mean:   144.0000	blue_team_win_mean:        0.0000	ep_length_mean:          200.0000	episode_length_mean:     199.0000
epsilon:                   0.0500	grad_norm:               3895989.3000	info_nce_loss:             0.1720	loss:                    34127.6392
q_loss:                  31025.1260	q_taken_mean:             43.8548	red_team_alives_mean:    144.0000	red_team_win_mean:         0.0000
return_mean:              -1.3710	return_std:                0.0191	target_mean:              43.5346	td_error_abs:             93.8585
test_blue_team_alives_mean:144.0000	test_blue_team_win_mean:   0.0000	test_ep_length_mean:     200.0000	test_episode_length_mean:199.0000
test_red_team_alives_mean:144.0000	test_red_team_win_mean:    0.0000	test_return_mean:         -1.0000	test_return_std:           0.0000

2026-09-21 00:36:48,296 - my_experiment - bat_60_ExpoComm_IQL_5M_42 - my_run - INFO - t_env: 4550200 / 5050000
2026-09-21 00:36:48,297 - my_experiment - bat_60_ExpoComm_IQL_5M_42 - my_run - INFO - Estimated time left: 3 hours, 53 minutes, 23 seconds. Time passed: 1 days, 10 hours, 48 minutes, 2 seconds
2026-09-21 00:59:41,420 - my_experiment - bat_60_ExpoComm_IQL_5M_42 - my_run - INFO - Recent Stats | t_env:    4600000 | Episode:    23000
blue_team_alives_mean:   144.0000	blue_team_win_mean:        0.0000	ep_length_mean:          200.0000	episode_length_mean:     199.0000
epsilon:                   0.0500	grad_norm:               2911175.8000	info_nce_loss:             0.3116	loss:                    17551.5980
q_loss:                  15955.9982	q_taken_mean:             42.4971	red_team_alives_mean:    144.0000	red_team_win_mean:         0.0000
return_mean:              -1.2923	return_std:                0.0698	target_mean:              42.6574	td_error_abs:             76.2092
test_blue_team_alives_mean:144.0000	test_blue_team_win_mean:   0.0000	test_ep_length_mean:     200.0000	test_episode_length_mean:199.0000
test_red_team_alives_mean:144.0000	test_red_team_win_mean:    0.0000	test_return_mean:         -1.0000	test_return_std:           0.0000

2026-09-21 00:59:46,888 - my_experiment - bat_60_ExpoComm_IQL_5M_42 - my_run - INFO - t_env: 4600200 / 5050000
2026-09-21 00:59:46,890 - my_experiment - bat_60_ExpoComm_IQL_5M_42 - my_run - INFO - Estimated time left: 3 hours, 26 minutes, 41 seconds. Time passed: 1 days, 11 hours, 11 minutes, 1 seconds
2026-09-21 01:22:55,062 - my_experiment - bat_60_ExpoComm_IQL_5M_42 - my_run - INFO - Recent Stats | t_env:    4650000 | Episode:    23250
blue_team_alives_mean:   143.9960	blue_team_win_mean:        0.0040	ep_length_mean:          200.0000	episode_length_mean:     199.0000
epsilon:                   0.0500	grad_norm:               1233565.7750	info_nce_loss:             0.2662	loss:                    4570.7184
q_loss:                  4155.1984	q_taken_mean:             42.3018	red_team_alives_mean:    143.9920	red_team_win_mean:         0.0040
return_mean:              -1.2403	return_std:                0.0971	target_mean:              42.2928	td_error_abs:             42.4119
test_blue_team_alives_mean:144.0000	test_blue_team_win_mean:   0.0000	test_ep_length_mean:     200.0000	test_episode_length_mean:199.0000
test_red_team_alives_mean:144.0000	test_red_team_win_mean:    0.0000	test_return_mean:         -1.0000	test_return_std:           0.0000

2026-09-21 01:23:00,665 - my_experiment - bat_60_ExpoComm_IQL_5M_42 - my_run - INFO - t_env: 4650200 / 5050000
2026-09-21 01:23:00,667 - my_experiment - bat_60_ExpoComm_IQL_5M_42 - my_run - INFO - Estimated time left: 3 hours, 5 minutes, 44 seconds. Time passed: 1 days, 11 hours, 34 minutes, 15 seconds
2026-09-21 01:46:11,723 - my_experiment - bat_60_ExpoComm_IQL_5M_42 - my_run - INFO - Recent Stats | t_env:    4700000 | Episode:    23500
blue_team_alives_mean:   144.0000	blue_team_win_mean:        0.0040	ep_length_mean:          200.0000	episode_length_mean:     199.0000
epsilon:                   0.0500	grad_norm:               1547407.8375	info_nce_loss:             0.1722	loss:                    5088.8809
q_loss:                  4626.2554	q_taken_mean:             42.7244	red_team_alives_mean:    143.9960	red_team_win_mean:         0.0000
return_mean:              -1.0938	return_std:                0.0183	target_mean:              42.7180	td_error_abs:             42.5012
test_blue_team_alives_mean:144.0000	test_blue_team_win_mean:   0.0000	test_ep_length_mean:     200.0000	test_episode_length_mean:199.0000
test_red_team_alives_mean:144.0000	test_red_team_win_mean:    0.0000	test_return_mean:         -1.0000	test_return_std:           0.0000

2026-09-21 01:46:17,264 - my_experiment - bat_60_ExpoComm_IQL_5M_42 - my_run - INFO - t_env: 4700200 / 5050000
2026-09-21 01:46:17,266 - my_experiment - bat_60_ExpoComm_IQL_5M_42 - my_run - INFO - Estimated time left: 2 hours, 42 minutes, 50 seconds. Time passed: 1 days, 11 hours, 57 minutes, 31 seconds
2026-09-21 02:09:03,445 - my_experiment - bat_60_ExpoComm_IQL_5M_42 - my_run - INFO - Recent Stats | t_env:    4750000 | Episode:    23750
blue_team_alives_mean:   143.9960	blue_team_win_mean:        0.0000	ep_length_mean:          200.0000	episode_length_mean:     199.0000
epsilon:                   0.0500	grad_norm:               1454600.2406	info_nce_loss:             0.2856	loss:                    5586.9274
q_loss:                  5079.0249	q_taken_mean:             42.7818	red_team_alives_mean:    144.0000	red_team_win_mean:         0.0040
return_mean:              -1.0975	return_std:                0.0262	target_mean:              42.7070	td_error_abs:             44.8373
test_blue_team_alives_mean:144.0000	test_blue_team_win_mean:   0.0000	test_ep_length_mean:     200.0000	test_episode_length_mean:199.0000
test_red_team_alives_mean:144.0000	test_red_team_win_mean:    0.0000	test_return_mean:         -1.0000	test_return_std:           0.0000

2026-09-21 02:09:08,884 - my_experiment - bat_60_ExpoComm_IQL_5M_42 - my_run - INFO - t_env: 4750200 / 5050000
2026-09-21 02:09:08,885 - my_experiment - bat_60_ExpoComm_IQL_5M_42 - my_run - INFO - Estimated time left: 2 hours, 17 minutes, 4 seconds. Time passed: 1 days, 12 hours, 20 minutes, 23 seconds
2026-09-21 02:31:54,310 - my_experiment - bat_60_ExpoComm_IQL_5M_42 - my_run - INFO - Recent Stats | t_env:    4800000 | Episode:    24000
blue_team_alives_mean:   143.9920	blue_team_win_mean:        0.0080	ep_length_mean:          200.0000	episode_length_mean:     199.0000
epsilon:                   0.0500	grad_norm:               2885564.9000	info_nce_loss:             0.1215	loss:                    12568.1006
q_loss:                  11425.5461	q_taken_mean:             42.6573	red_team_alives_mean:    143.9920	red_team_win_mean:         0.0080
return_mean:              -1.1279	return_std:                0.0567	target_mean:              42.6624	td_error_abs:             69.9721
test_blue_team_alives_mean:144.0000	test_blue_team_win_mean:   0.0000	test_ep_length_mean:     200.0000	test_episode_length_mean:199.0000
test_red_team_alives_mean:144.0000	test_red_team_win_mean:    0.0000	test_return_mean:         -1.0000	test_return_std:           0.0000

2026-09-21 02:31:59,795 - my_experiment - bat_60_ExpoComm_IQL_5M_42 - my_run - INFO - t_env: 4800200 / 5050000
2026-09-21 02:31:59,796 - my_experiment - bat_60_ExpoComm_IQL_5M_42 - my_run - INFO - Estimated time left: 1 hours, 54 minutes, 9 seconds. Time passed: 1 days, 12 hours, 43 minutes, 14 seconds
2026-09-21 02:54:41,444 - my_experiment - bat_60_ExpoComm_IQL_5M_42 - my_run - INFO - Recent Stats | t_env:    4850000 | Episode:    24250
blue_team_alives_mean:   139.4080	blue_team_win_mean:        0.0120	ep_length_mean:          200.0000	episode_length_mean:     199.0000
epsilon:                   0.0500	grad_norm:               834974.2250	info_nce_loss:             0.1843	loss:                    4149.0385
q_loss:                  3771.8532	q_taken_mean:             43.5020	red_team_alives_mean:    143.9840	red_team_win_mean:         0.1360
return_mean:              -1.9445	return_std:                1.3628	target_mean:              43.3605	td_error_abs:             40.4644
test_blue_team_alives_mean:144.0000	test_blue_team_win_mean:   0.0000	test_ep_length_mean:     200.0000	test_episode_length_mean:199.0000
test_red_team_alives_mean:144.0000	test_red_team_win_mean:    0.0000	test_return_mean:         -1.0000	test_return_std:           0.0000

2026-09-21 02:54:46,872 - my_experiment - bat_60_ExpoComm_IQL_5M_42 - my_run - INFO - t_env: 4850200 / 5050000
2026-09-21 02:54:46,873 - my_experiment - bat_60_ExpoComm_IQL_5M_42 - my_run - INFO - Estimated time left: 1 hours, 31 minutes, 2 seconds. Time passed: 1 days, 13 hours, 6 minutes, 1 seconds
2026-09-21 03:17:25,208 - my_experiment - bat_60_ExpoComm_IQL_5M_42 - my_run - INFO - Recent Stats | t_env:    4900000 | Episode:    24500
blue_team_alives_mean:   143.9960	blue_team_win_mean:        0.0040	ep_length_mean:          200.0000	episode_length_mean:     199.0000
epsilon:                   0.0500	grad_norm:               1241770.4141	info_nce_loss:             0.1975	loss:                    5742.4136
q_loss:                  5220.3760	q_taken_mean:             42.9515	red_team_alives_mean:    143.9880	red_team_win_mean:         0.0040
return_mean:              -1.2048	return_std:                0.0838	target_mean:              42.9131	td_error_abs:             45.7586
test_blue_team_alives_mean:144.0000	test_blue_team_win_mean:   0.0000	test_ep_length_mean:     200.0000	test_episode_length_mean:199.0000
test_red_team_alives_mean:144.0000	test_red_team_win_mean:    0.0000	test_return_mean:         -1.0000	test_return_std:           0.0000

2026-09-21 03:17:30,556 - my_experiment - bat_60_ExpoComm_IQL_5M_42 - my_run - INFO - t_env: 4900200 / 5050000
2026-09-21 03:17:30,557 - my_experiment - bat_60_ExpoComm_IQL_5M_42 - my_run - INFO - Estimated time left: 1 hours, 8 minutes, 5 seconds. Time passed: 1 days, 13 hours, 28 minutes, 45 seconds
2026-09-21 03:40:06,053 - my_experiment - bat_60_ExpoComm_IQL_5M_42 - my_run - INFO - Recent Stats | t_env:    4950000 | Episode:    24750
blue_team_alives_mean:   144.0000	blue_team_win_mean:        0.0040	ep_length_mean:          200.0000	episode_length_mean:     199.0000
epsilon:                   0.0500	grad_norm:               2248381.8250	info_nce_loss:             0.1949	loss:                    22684.1705
q_loss:                  20621.9736	q_taken_mean:             41.6959	red_team_alives_mean:    143.9960	red_team_win_mean:         0.0000
return_mean:              -1.2166	return_std:                0.0695	target_mean:              41.7957	td_error_abs:             67.9851
test_blue_team_alives_mean:144.0000	test_blue_team_win_mean:   0.0000	test_ep_length_mean:     200.0000	test_episode_length_mean:199.0000
test_red_team_alives_mean:144.0000	test_red_team_win_mean:    0.0000	test_return_mean:         -1.0000	test_return_std:           0.0000

2026-09-21 03:40:11,443 - my_experiment - bat_60_ExpoComm_IQL_5M_42 - my_run - INFO - t_env: 4950200 / 5050000
2026-09-21 03:40:11,445 - my_experiment - bat_60_ExpoComm_IQL_5M_42 - my_run - INFO - Estimated time left: 45 minutes, 16 seconds. Time passed: 1 days, 13 hours, 51 minutes, 25 seconds
2026-09-21 04:02:47,855 - my_experiment - bat_60_ExpoComm_IQL_5M_42 - my_run - INFO - Recent Stats | t_env:    5000000 | Episode:    25000
blue_team_alives_mean:   144.0000	blue_team_win_mean:        0.0120	ep_length_mean:          200.0000	episode_length_mean:     199.0000
epsilon:                   0.0500	grad_norm:               1677952.3750	info_nce_loss:             0.1424	loss:                    55089.5842
q_loss:                  50081.4396	q_taken_mean:             40.7718	red_team_alives_mean:    143.9880	red_team_win_mean:         0.0000
return_mean:              -1.2438	return_std:                0.0990	target_mean:              40.3657	td_error_abs:             90.8057
test_blue_team_alives_mean:144.0000	test_blue_team_win_mean:   0.0000	test_ep_length_mean:     200.0000	test_episode_length_mean:199.0000
test_red_team_alives_mean:144.0000	test_red_team_win_mean:    0.0000	test_return_mean:         -1.0000	test_return_std:           0.0000

2026-09-21 04:02:53,258 - my_experiment - bat_60_ExpoComm_IQL_5M_42 - my_run - INFO - t_env: 5000200 / 5050000
2026-09-21 04:02:53,259 - my_experiment - bat_60_ExpoComm_IQL_5M_42 - my_run - INFO - Estimated time left: 22 minutes, 36 seconds. Time passed: 1 days, 14 hours, 14 minutes, 7 seconds
2026-09-21 04:02:57,725 - my_experiment - bat_60_ExpoComm_IQL_5M_42 - my_run - INFO - Saving models to work_dirs/my_experiment/bat_60_ExpoComm_IQL_5M_42/my_run/20260919_134831/models/5000200
2026-09-21 04:25:28,540 - my_experiment - bat_60_ExpoComm_IQL_5M_42 - my_run - INFO - Recent Stats | t_env:    5050000 | Episode:    25250
blue_team_alives_mean:   144.0000	blue_team_win_mean:        0.0000	ep_length_mean:          200.0000	episode_length_mean:     199.0000
epsilon:                   0.0500	grad_norm:               795187.8094	info_nce_loss:             0.0769	loss:                    21272.2128
q_loss:                  19338.3753	q_taken_mean:             41.7146	red_team_alives_mean:    144.0000	red_team_win_mean:         0.0000
return_mean:              -1.1601	return_std:                0.0930	target_mean:              41.6394	td_error_abs:             41.8502
test_blue_team_alives_mean:144.0000	test_blue_team_win_mean:   0.0000	test_ep_length_mean:     200.0000	test_episode_length_mean:199.0000
test_red_team_alives_mean:144.0000	test_red_team_win_mean:    0.0000	test_return_mean:         -1.0000	test_return_std:           0.0000

2026-09-21 04:25:33,934 - my_experiment - bat_60_ExpoComm_IQL_5M_42 - my_run - INFO - t_env: 5050200 / 5050000
2026-09-21 04:25:33,936 - my_experiment - bat_60_ExpoComm_IQL_5M_42 - my_run - INFO - Estimated time left: -. Time passed: 1 days, 14 hours, 36 minutes, 48 seconds
2026-09-21 04:25:38,402 - my_experiment - bat_60_ExpoComm_IQL_5M_42 - my_run - INFO - Finished Training
