Gym has been unmaintained since 2022 and does not support NumPy 2.0 amongst other critical functionality.
Please upgrade to Gymnasium, the maintained drop-in replacement of Gym, or contact the authors of your software and request that they upgrade.
Users of this version of Gym should be able to simply replace 'import gym' with 'import gymnasium as gym' in the vast majority of cases.
See the migration guide at https://gymnasium.farama.org/introduction/migration_guide/ for additional information.
src/main.py:81: DeprecationWarning: Using or importing the ABCs from 'collections' instead of from 'collections.abc' is deprecated since Python 3.3, and in 3.10 it will stop working
  if isinstance(v, collections.Mapping):
wandb: [wandb.login()] Loaded credentials for https://api.wandb.ai from /home/pparsons/.netrc.
wandb: Currently logged in as: peterparsons02 (peterparsons02-eth-z-rich) to https://api.wandb.ai. Use `wandb login --relogin` to force relogin
wandb: setting up run 95ekswzo
wandb: Tracking run with wandb version 0.24.1
wandb: Run data is saved locally in /usr/itetnas04/data-scratch-01/pparsons/data/MyExpoComm/wandb/run-20260814_064126-95ekswzo
wandb: Run `wandb offline` to turn off syncing.
wandb: Syncing run my_run-bat_60_HybridComm_static_45-20260814_064126
wandb: ⭐️ View project at https://wandb.ai/peterparsons02-eth-z-rich/my_experiment
wandb: 🚀 View run at https://wandb.ai/peterparsons02-eth-z-rich/my_experiment/runs/95ekswzo
2026-08-14 06:41:28,217 - my_experiment - bat_60_HybridComm_static_45 - my_run - INFO - Current directory: /usr/itetnas04/data-scratch-01/pparsons/data/MyExpoComm.
2026-08-14 06:41:28,218 - my_experiment - bat_60_HybridComm_static_45 - my_run - INFO - Experiment Parameters:
2026-08-14 06:41:28,219 - my_experiment - bat_60_HybridComm_static_45 - my_run - INFO - 

{   'action_selector': 'epsilon_greedy',
    'add_value_last_step': True,
    'agent': 'ExpoComm_static_cont',
    'agent_output_type': 'q',
    'attention_dim': 16,
    'aux_coef': 0.1,
    'batch_size': 16,
    'batch_size_run': 1,
    'buffer_cpu_only': True,
    'buffer_size': 1000,
    'checkpoint_path': '',
    'double_q': True,
    'env': 'MAgent_Battle',
    'env_args': {   'global_reward': True,
                    'map_name': 'battle_view7',
                    'map_size': 60,
                    'max_cycles': 200,
                    'minimap_mode': False,
                    'pretrained_ckpt': None,
                    'seed': 45},
    'epsilon_anneal_time': 1000000,
    'epsilon_finish': 0.05,
    'epsilon_start': 1.0,
    'evaluate': False,
    'evaluation_epsilon': 0.0,
    'exp_name': 'my_experiment',
    'gamma': 0.99,
    'global_reward': True,
    'grad_norm_clip': 10,
    'hidden_dim': 64,
    'hypergroup': None,
    'label': 'default_label',
    'learner': 'hybrid_comm_learner',
    'learner_log_interval': 10000,
    'load_step': 0,
    'local_results_path': 'results',
    'log_interval': 50000,
    'lr': 0.0005,
    'mac': 'ExpoComm_mac',
    'mixer': None,
    'name': 'bat_60_HybridComm_static_45',
    'neg_num': 20,
    'obs_agent_id': True,
    'obs_individual_obs': False,
    'obs_last_action': True,
    'optim_alpha': 0.99,
    'optim_eps': 1e-05,
    'render': False,
    'repeat_id': 1,
    'run_name': 'my_run',
    'runner': 'episode',
    'runner_log_interval': 10000,
    'save_model': True,
    'save_model_interval': 500000,
    'save_replay': False,
    'seed': 45,
    'standardise_returns': False,
    'standardise_rewards': True,
    't_max': 5050000,
    'target_update_interval_or_tau': 200,
    'temperature': 0.07,
    'test_greedy': True,
    'test_interval': 50000,
    'test_nepisode': 1,
    'topk_neighbors': 7,
    'use_cuda': True,
    'use_rnn': True,
    'use_tensorboard': True,
    'work_dir': 'work_dirs/my_experiment/bat_60_HybridComm_static_45/my_run/20260814_064126'}

/usr/itetnas04/data-scratch-01/pparsons/data/conda_envs/ExpoComm/lib/python3.8/site-packages/pettingzoo/utils/conversions.py:41: UserWarning: The `from_parallel` function is deprecated. Use the `parallel_to_aec` function instead.
  warnings.warn("The `from_parallel` function is deprecated. Use the `parallel_to_aec` function instead.")
/usr/itetnas04/data-scratch-01/pparsons/data/conda_envs/ExpoComm/lib/python3.8/site-packages/pettingzoo/utils/wrappers/base.py:44: UserWarning: The `observation_spaces` dictionary is deprecated. Use the `observation_space` function instead.
  warnings.warn("The `observation_spaces` dictionary is deprecated. Use the `observation_space` function instead.")
/usr/itetnas04/data-scratch-01/pparsons/data/conda_envs/ExpoComm/lib/python3.8/site-packages/pettingzoo/utils/conversions.py:36: UserWarning: The `to_parallel` function is deprecated. Use the `aec_to_parallel` function instead.
  warnings.warn("The `to_parallel` function is deprecated. Use the `aec_to_parallel` function instead.")
/usr/itetnas04/data-scratch-01/pparsons/data/conda_envs/ExpoComm/lib/python3.8/site-packages/pettingzoo/utils/conversions.py:80: UserWarning: The `action_spaces` dictionary is deprecated. Use the `action_space` function instead.
  warnings.warn("The `action_spaces` dictionary is deprecated. Use the `action_space` function instead.")
/usr/itetnas04/data-scratch-01/pparsons/data/conda_envs/ExpoComm/lib/python3.8/site-packages/pettingzoo/utils/wrappers/base.py:52: UserWarning: The `action_spaces` dictionary is deprecated. Use the `action_space` function instead.
  warnings.warn("The `action_spaces` dictionary is deprecated. Use the `action_space` function instead.")
/usr/itetnas04/data-scratch-01/pparsons/data/conda_envs/ExpoComm/lib/python3.8/site-packages/pettingzoo/utils/conversions.py:72: UserWarning: The `observation_spaces` dictionary is deprecated. Use the `observation_space` function instead.
  warnings.warn("The `observation_spaces` dictionary is deprecated. Use the `observation_space` function instead.")
2026-08-14 06:41:40,452 - my_experiment - bat_60_HybridComm_static_45 - my_run - INFO - Beginning training for 5050000 timesteps
/usr/itetnas04/data-scratch-01/pparsons/data/MyExpoComm/src/envs/battle_wrappers.py:265: UserWarning: To copy construct from a tensor, it is recommended to use sourceTensor.clone().detach() or sourceTensor.clone().detach().requires_grad_(True), rather than torch.tensor(sourceTensor).
  actions = torch.tensor(actions, dtype=torch.long)
2026-08-14 06:41:45,687 - my_experiment - bat_60_HybridComm_static_45 - my_run - INFO - t_env: 200 / 5050000
2026-08-14 06:41:45,687 - my_experiment - bat_60_HybridComm_static_45 - my_run - INFO - Estimated time left: 8 minutes, 46 seconds. Time passed: 5 seconds
2026-08-14 06:41:50,199 - my_experiment - bat_60_HybridComm_static_45 - my_run - INFO - Saving models to work_dirs/my_experiment/bat_60_HybridComm_static_45/my_run/20260814_064126/models/200
2026-08-14 07:05:36,345 - my_experiment - bat_60_HybridComm_static_45 - my_run - INFO - Recent Stats | t_env:      50000 | Episode:      250
blue_team_alives_mean:   143.9840	blue_team_win_mean:        1.0000	ep_length_mean:          200.0000	episode_length_mean:     199.0000
epsilon:                   0.9620	grad_norm:                 3.8989	info_nce_loss:             2.0708	loss:                      1.0993
q_loss:                    0.9994	red_team_alives_mean:    138.1920	red_team_win_mean:         0.0000	return_mean:              -8.2298
return_std:                0.0997	test_blue_team_alives_mean:144.0000	test_blue_team_win_mean:   0.0000	test_ep_length_mean:     200.0000
test_episode_length_mean:199.0000	test_red_team_alives_mean:144.0000	test_red_team_win_mean:    0.0000	test_return_mean:         -1.0000
test_return_std:           0.0000	
2026-08-14 07:05:42,174 - my_experiment - bat_60_HybridComm_static_45 - my_run - INFO - t_env: 50200 / 5050000
2026-08-14 07:05:42,176 - my_experiment - bat_60_HybridComm_static_45 - my_run - INFO - Estimated time left: 1 days, 15 hours, 54 minutes, 3 seconds. Time passed: 24 minutes, 1 seconds
2026-08-14 07:29:32,358 - my_experiment - bat_60_HybridComm_static_45 - my_run - INFO - Recent Stats | t_env:     100000 | Episode:      500
blue_team_alives_mean:   143.9320	blue_team_win_mean:        1.0000	ep_length_mean:          200.0000	episode_length_mean:     199.0000
epsilon:                   0.9145	grad_norm:                14.7018	info_nce_loss:             1.8564	loss:                      1.2612
q_loss:                    1.1466	red_team_alives_mean:    130.6080	red_team_win_mean:         0.0000	return_mean:              -7.6524
return_std:                0.1716	test_blue_team_alives_mean:144.0000	test_blue_team_win_mean:   0.5000	test_ep_length_mean:     200.0000
test_episode_length_mean:199.0000	test_red_team_alives_mean:126.0000	test_red_team_win_mean:    0.0000	test_return_mean:         -0.9584
test_return_std:           0.0000	
2026-08-14 07:29:38,022 - my_experiment - bat_60_HybridComm_static_45 - my_run - INFO - t_env: 100200 / 5050000
2026-08-14 07:29:38,023 - my_experiment - bat_60_HybridComm_static_45 - my_run - INFO - Estimated time left: 1 days, 15 hours, 29 minutes, 3 seconds. Time passed: 47 minutes, 57 seconds
2026-08-14 07:52:41,169 - my_experiment - bat_60_HybridComm_static_45 - my_run - INFO - Recent Stats | t_env:     150000 | Episode:      750
blue_team_alives_mean:   143.4920	blue_team_win_mean:        1.0000	ep_length_mean:          200.0000	episode_length_mean:     199.0000
epsilon:                   0.8670	grad_norm:                 5.9049	info_nce_loss:             0.6223	loss:                      1.4951
q_loss:                    1.3592	red_team_alives_mean:     97.6280	red_team_win_mean:         0.0000	return_mean:              -6.3312
return_std:                0.2122	test_blue_team_alives_mean:144.0000	test_blue_team_win_mean:   0.6667	test_ep_length_mean:     200.0000
test_episode_length_mean:199.0000	test_red_team_alives_mean:123.3333	test_red_team_win_mean:    0.0000	test_return_mean:         -0.9303
test_return_std:           0.0000	
2026-08-14 07:52:46,632 - my_experiment - bat_60_HybridComm_static_45 - my_run - INFO - t_env: 150200 / 5050000
2026-08-14 07:52:46,635 - my_experiment - bat_60_HybridComm_static_45 - my_run - INFO - Estimated time left: 1 days, 13 hours, 47 minutes, 58 seconds. Time passed: 1 hours, 11 minutes, 6 seconds
2026-08-14 08:14:55,142 - my_experiment - bat_60_HybridComm_static_45 - my_run - INFO - Recent Stats | t_env:     200000 | Episode:     1000
blue_team_alives_mean:   143.0160	blue_team_win_mean:        1.0000	ep_length_mean:          200.0000	episode_length_mean:     199.0000
epsilon:                   0.8195	grad_norm:                11.4742	info_nce_loss:             0.2898	loss:                      1.5185
q_loss:                    1.3805	red_team_alives_mean:     73.3360	red_team_win_mean:         0.0000	return_mean:              -4.9801
return_std:                0.1653	test_blue_team_alives_mean:144.0000	test_blue_team_win_mean:   0.7500	test_ep_length_mean:     200.0000
test_episode_length_mean:199.0000	test_red_team_alives_mean:121.5000	test_red_team_win_mean:    0.0000	test_return_mean:         -0.9222
test_return_std:           0.0000	
2026-08-14 08:15:00,494 - my_experiment - bat_60_HybridComm_static_45 - my_run - INFO - t_env: 200200 / 5050000
2026-08-14 08:15:00,496 - my_experiment - bat_60_HybridComm_static_45 - my_run - INFO - Estimated time left: 1 days, 11 hours, 56 minutes, 19 seconds. Time passed: 1 hours, 33 minutes, 20 seconds
2026-08-14 08:36:31,095 - my_experiment - bat_60_HybridComm_static_45 - my_run - INFO - Recent Stats | t_env:     250000 | Episode:     1250
blue_team_alives_mean:   142.9040	blue_team_win_mean:        1.0000	ep_length_mean:          200.0000	episode_length_mean:     199.0000
epsilon:                   0.7720	grad_norm:                39.1649	info_nce_loss:             0.2351	loss:                      2.0173
q_loss:                    1.8339	red_team_alives_mean:     67.6120	red_team_win_mean:         0.0000	return_mean:              -3.9766
return_std:                0.1572	test_blue_team_alives_mean:144.0000	test_blue_team_win_mean:   0.8000	test_ep_length_mean:     200.0000
test_episode_length_mean:199.0000	test_red_team_alives_mean:119.4000	test_red_team_win_mean:    0.0000	test_return_mean:         -0.9040
test_return_std:           0.0000	
2026-08-14 08:36:36,252 - my_experiment - bat_60_HybridComm_static_45 - my_run - INFO - t_env: 250200 / 5050000
2026-08-14 08:36:36,253 - my_experiment - bat_60_HybridComm_static_45 - my_run - INFO - Estimated time left: 1 days, 10 hours, 33 minutes, 7 seconds. Time passed: 1 hours, 54 minutes, 55 seconds
2026-08-14 08:57:44,697 - my_experiment - bat_60_HybridComm_static_45 - my_run - INFO - Recent Stats | t_env:     300000 | Episode:     1500
blue_team_alives_mean:   142.7080	blue_team_win_mean:        1.0000	ep_length_mean:          200.0000	episode_length_mean:     199.0000
epsilon:                   0.7245	grad_norm:               103.5351	info_nce_loss:             0.2130	loss:                      1.7012
q_loss:                    1.5465	red_team_alives_mean:     68.7720	red_team_win_mean:         0.0000	return_mean:              -3.3695
return_std:                0.1552	test_blue_team_alives_mean:144.0000	test_blue_team_win_mean:   1.0000	test_ep_length_mean:     200.0000
test_episode_length_mean:199.0000	test_red_team_alives_mean:102.2000	test_red_team_win_mean:    0.0000	test_return_mean:         -0.8313
test_return_std:           0.0000	
2026-08-14 08:57:49,737 - my_experiment - bat_60_HybridComm_static_45 - my_run - INFO - t_env: 300200 / 5050000
2026-08-14 08:57:49,739 - my_experiment - bat_60_HybridComm_static_45 - my_run - INFO - Estimated time left: 1 days, 9 hours, 36 minutes, 16 seconds. Time passed: 2 hours, 16 minutes, 9 seconds
2026-08-14 09:18:42,437 - my_experiment - bat_60_HybridComm_static_45 - my_run - INFO - Recent Stats | t_env:     350000 | Episode:     1750
blue_team_alives_mean:   142.7280	blue_team_win_mean:        1.0000	ep_length_mean:          200.0000	episode_length_mean:     199.0000
epsilon:                   0.6770	grad_norm:               200.8704	info_nce_loss:             0.1801	loss:                      1.4501
q_loss:                    1.3183	red_team_alives_mean:     65.9960	red_team_win_mean:         0.0000	return_mean:              -3.0011
return_std:                0.1648	test_blue_team_alives_mean:144.0000	test_blue_team_win_mean:   1.0000	test_ep_length_mean:     200.0000
test_episode_length_mean:199.0000	test_red_team_alives_mean:104.4000	test_red_team_win_mean:    0.0000	test_return_mean:         -0.9562
test_return_std:           0.0000	
2026-08-14 09:18:47,507 - my_experiment - bat_60_HybridComm_static_45 - my_run - INFO - t_env: 350200 / 5050000
2026-08-14 09:18:47,509 - my_experiment - bat_60_HybridComm_static_45 - my_run - INFO - Estimated time left: 1 days, 8 hours, 50 minutes, 25 seconds. Time passed: 2 hours, 37 minutes, 7 seconds
2026-08-14 09:39:38,648 - my_experiment - bat_60_HybridComm_static_45 - my_run - INFO - Recent Stats | t_env:     400000 | Episode:     2000
blue_team_alives_mean:   143.0120	blue_team_win_mean:        1.0000	ep_length_mean:          200.0000	episode_length_mean:     199.0000
epsilon:                   0.6295	grad_norm:               855.2718	info_nce_loss:             0.2601	loss:                      3.1639
q_loss:                    2.8762	red_team_alives_mean:     66.4080	red_team_win_mean:         0.0000	return_mean:              -2.7331
return_std:                0.1670	test_blue_team_alives_mean:144.0000	test_blue_team_win_mean:   1.0000	test_ep_length_mean:     200.0000
test_episode_length_mean:199.0000	test_red_team_alives_mean:100.2000	test_red_team_win_mean:    0.0000	test_return_mean:         -0.9920
test_return_std:           0.0000	
2026-08-14 09:39:43,709 - my_experiment - bat_60_HybridComm_static_45 - my_run - INFO - t_env: 400200 / 5050000
2026-08-14 09:39:43,711 - my_experiment - bat_60_HybridComm_static_45 - my_run - INFO - Estimated time left: 1 days, 8 hours, 27 minutes, 1 seconds. Time passed: 2 hours, 58 minutes, 3 seconds
2026-08-14 10:00:27,815 - my_experiment - bat_60_HybridComm_static_45 - my_run - INFO - Recent Stats | t_env:     450000 | Episode:     2250
blue_team_alives_mean:   143.3080	blue_team_win_mean:        1.0000	ep_length_mean:          200.0000	episode_length_mean:     199.0000
epsilon:                   0.5820	grad_norm:               249.9433	info_nce_loss:             0.2451	loss:                      1.5656
q_loss:                    1.4232	red_team_alives_mean:     68.1840	red_team_win_mean:         0.0000	return_mean:              -2.5619
return_std:                0.1789	test_blue_team_alives_mean:144.0000	test_blue_team_win_mean:   1.0000	test_ep_length_mean:     200.0000
test_episode_length_mean:199.0000	test_red_team_alives_mean: 99.2000	test_red_team_win_mean:    0.0000	test_return_mean:         -1.0302
test_return_std:           0.0000	
2026-08-14 10:00:32,735 - my_experiment - bat_60_HybridComm_static_45 - my_run - INFO - t_env: 450200 / 5050000
2026-08-14 10:00:32,737 - my_experiment - bat_60_HybridComm_static_45 - my_run - INFO - Estimated time left: 1 days, 7 hours, 55 minutes, 5 seconds. Time passed: 3 hours, 18 minutes, 52 seconds
2026-08-14 10:21:05,533 - my_experiment - bat_60_HybridComm_static_45 - my_run - INFO - Recent Stats | t_env:     500000 | Episode:     2500
blue_team_alives_mean:   143.4720	blue_team_win_mean:        1.0000	ep_length_mean:          200.0000	episode_length_mean:     199.0000
epsilon:                   0.5345	grad_norm:               517.5370	info_nce_loss:             0.3078	loss:                      1.1685
q_loss:                    1.0623	red_team_alives_mean:     64.5240	red_team_win_mean:         0.0000	return_mean:              -2.2503
return_std:                0.1542	test_blue_team_alives_mean:144.0000	test_blue_team_win_mean:   1.0000	test_ep_length_mean:     200.0000
test_episode_length_mean:199.0000	test_red_team_alives_mean: 95.6000	test_red_team_win_mean:    0.0000	test_return_mean:         -1.0881
test_return_std:           0.0000	
2026-08-14 10:21:10,462 - my_experiment - bat_60_HybridComm_static_45 - my_run - INFO - t_env: 500200 / 5050000
2026-08-14 10:21:10,464 - my_experiment - bat_60_HybridComm_static_45 - my_run - INFO - Estimated time left: 1 days, 7 hours, 17 minutes, 8 seconds. Time passed: 3 hours, 39 minutes, 30 seconds
2026-08-14 10:21:15,004 - my_experiment - bat_60_HybridComm_static_45 - my_run - INFO - Saving models to work_dirs/my_experiment/bat_60_HybridComm_static_45/my_run/20260814_064126/models/500200
2026-08-14 10:41:36,313 - my_experiment - bat_60_HybridComm_static_45 - my_run - INFO - Recent Stats | t_env:     550000 | Episode:     2750
blue_team_alives_mean:   143.6720	blue_team_win_mean:        1.0000	ep_length_mean:          200.0000	episode_length_mean:     199.0000
epsilon:                   0.4870	grad_norm:               1078.1476	info_nce_loss:             0.3200	loss:                      2.9992
q_loss:                    2.7265	red_team_alives_mean:     63.9000	red_team_win_mean:         0.0000	return_mean:              -2.0493
return_std:                0.1347	test_blue_team_alives_mean:144.0000	test_blue_team_win_mean:   1.0000	test_ep_length_mean:     200.0000
test_episode_length_mean:199.0000	test_red_team_alives_mean:104.6000	test_red_team_win_mean:    0.0000	test_return_mean:         -1.2339
test_return_std:           0.0000	
2026-08-14 10:41:41,188 - my_experiment - bat_60_HybridComm_static_45 - my_run - INFO - t_env: 550200 / 5050000
2026-08-14 10:41:41,189 - my_experiment - bat_60_HybridComm_static_45 - my_run - INFO - Estimated time left: 1 days, 6 hours, 46 minutes, 0 seconds. Time passed: 4 hours, 0 seconds
2026-08-14 11:02:16,152 - my_experiment - bat_60_HybridComm_static_45 - my_run - INFO - Recent Stats | t_env:     600000 | Episode:     3000
blue_team_alives_mean:   143.7640	blue_team_win_mean:        1.0000	ep_length_mean:          200.0000	episode_length_mean:     199.0000
epsilon:                   0.4395	grad_norm:               1019.8958	info_nce_loss:             0.3185	loss:                      1.3970
q_loss:                    1.2700	red_team_alives_mean:     68.0360	red_team_win_mean:         0.0000	return_mean:              -1.9826
return_std:                0.1800	test_blue_team_alives_mean:144.0000	test_blue_team_win_mean:   1.0000	test_ep_length_mean:     200.0000
test_episode_length_mean:199.0000	test_red_team_alives_mean:101.0000	test_red_team_win_mean:    0.0000	test_return_mean:         -1.1451
test_return_std:           0.0000	
2026-08-14 11:02:21,026 - my_experiment - bat_60_HybridComm_static_45 - my_run - INFO - t_env: 600200 / 5050000
2026-08-14 11:02:21,028 - my_experiment - bat_60_HybridComm_static_45 - my_run - INFO - Estimated time left: 1 days, 6 hours, 39 minutes, 0 seconds. Time passed: 4 hours, 20 minutes, 40 seconds
2026-08-14 11:22:42,602 - my_experiment - bat_60_HybridComm_static_45 - my_run - INFO - Recent Stats | t_env:     650000 | Episode:     3250
blue_team_alives_mean:   143.8520	blue_team_win_mean:        1.0000	ep_length_mean:          200.0000	episode_length_mean:     199.0000
epsilon:                   0.3920	grad_norm:               788.3378	info_nce_loss:             0.1841	loss:                      1.5369
q_loss:                    1.3972	red_team_alives_mean:     63.7680	red_team_win_mean:         0.0000	return_mean:              -1.7717
return_std:                0.1349	test_blue_team_alives_mean:144.0000	test_blue_team_win_mean:   1.0000	test_ep_length_mean:     200.0000
test_episode_length_mean:199.0000	test_red_team_alives_mean: 98.2000	test_red_team_win_mean:    0.0000	test_return_mean:         -1.1455
test_return_std:           0.0000	
2026-08-14 11:22:47,418 - my_experiment - bat_60_HybridComm_static_45 - my_run - INFO - t_env: 650200 / 5050000
2026-08-14 11:22:47,420 - my_experiment - bat_60_HybridComm_static_45 - my_run - INFO - Estimated time left: 1 days, 5 hours, 58 minutes, 37 seconds. Time passed: 4 hours, 41 minutes, 6 seconds
2026-08-14 11:44:39,791 - my_experiment - bat_60_HybridComm_static_45 - my_run - INFO - Recent Stats | t_env:     700000 | Episode:     3500
blue_team_alives_mean:   143.9040	blue_team_win_mean:        1.0000	ep_length_mean:          200.0000	episode_length_mean:     199.0000
epsilon:                   0.3445	grad_norm:               637.6928	info_nce_loss:             0.1605	loss:                      1.0190
q_loss:                    0.9263	red_team_alives_mean:     57.3440	red_team_win_mean:         0.0000	return_mean:              -1.5124
return_std:                0.1441	test_blue_team_alives_mean:144.0000	test_blue_team_win_mean:   1.0000	test_ep_length_mean:     200.0000
test_episode_length_mean:199.0000	test_red_team_alives_mean:103.2000	test_red_team_win_mean:    0.0000	test_return_mean:         -1.1302
test_return_std:           0.0000	
2026-08-14 11:44:44,995 - my_experiment - bat_60_HybridComm_static_45 - my_run - INFO - t_env: 700200 / 5050000
2026-08-14 11:44:44,997 - my_experiment - bat_60_HybridComm_static_45 - my_run - INFO - Estimated time left: 1 days, 7 hours, 50 minutes, 23 seconds. Time passed: 5 hours, 3 minutes, 4 seconds
2026-08-14 12:06:58,457 - my_experiment - bat_60_HybridComm_static_45 - my_run - INFO - Recent Stats | t_env:     750000 | Episode:     3750
blue_team_alives_mean:   143.8520	blue_team_win_mean:        1.0000	ep_length_mean:          200.0000	episode_length_mean:     199.0000
epsilon:                   0.2970	grad_norm:               1785.6915	info_nce_loss:             0.2022	loss:                      2.9459
q_loss:                    2.6781	red_team_alives_mean:     57.4840	red_team_win_mean:         0.0000	return_mean:              -1.4355
return_std:                0.1817	test_blue_team_alives_mean:144.0000	test_blue_team_win_mean:   1.0000	test_ep_length_mean:     200.0000
test_episode_length_mean:199.0000	test_red_team_alives_mean:109.4000	test_red_team_win_mean:    0.0000	test_return_mean:         -1.1024
test_return_std:           0.0000	
2026-08-14 12:07:03,770 - my_experiment - bat_60_HybridComm_static_45 - my_run - INFO - t_env: 750200 / 5050000
2026-08-14 12:07:03,772 - my_experiment - bat_60_HybridComm_static_45 - my_run - INFO - Estimated time left: 1 days, 7 hours, 58 minutes, 49 seconds. Time passed: 5 hours, 25 minutes, 23 seconds
2026-08-14 12:29:22,977 - my_experiment - bat_60_HybridComm_static_45 - my_run - INFO - Recent Stats | t_env:     800000 | Episode:     4000
blue_team_alives_mean:   143.9800	blue_team_win_mean:        1.0000	ep_length_mean:          200.0000	episode_length_mean:     199.0000
epsilon:                   0.2495	grad_norm:               1963.1071	info_nce_loss:             0.2975	loss:                      3.2626
q_loss:                    2.9660	red_team_alives_mean:     60.3880	red_team_win_mean:         0.0000	return_mean:              -1.3696
return_std:                0.1476	test_blue_team_alives_mean:144.0000	test_blue_team_win_mean:   1.0000	test_ep_length_mean:     200.0000
test_episode_length_mean:199.0000	test_red_team_alives_mean:107.4000	test_red_team_win_mean:    0.0000	test_return_mean:         -1.1252
test_return_std:           0.0000	
2026-08-14 12:29:28,358 - my_experiment - bat_60_HybridComm_static_45 - my_run - INFO - t_env: 800200 / 5050000
2026-08-14 12:29:28,359 - my_experiment - bat_60_HybridComm_static_45 - my_run - INFO - Estimated time left: 1 days, 7 hours, 44 minutes, 44 seconds. Time passed: 5 hours, 47 minutes, 47 seconds
2026-08-14 12:51:47,968 - my_experiment - bat_60_HybridComm_static_45 - my_run - INFO - Recent Stats | t_env:     850000 | Episode:     4250
blue_team_alives_mean:   143.9840	blue_team_win_mean:        1.0000	ep_length_mean:          200.0000	episode_length_mean:     199.0000
epsilon:                   0.2020	grad_norm:               1191.8904	info_nce_loss:             0.3306	loss:                      1.6728
q_loss:                    1.5207	red_team_alives_mean:     64.9200	red_team_win_mean:         0.0000	return_mean:              -1.4027
return_std:                0.2589	test_blue_team_alives_mean:144.0000	test_blue_team_win_mean:   1.0000	test_ep_length_mean:     200.0000
test_episode_length_mean:199.0000	test_red_team_alives_mean:114.6000	test_red_team_win_mean:    0.0000	test_return_mean:         -1.1664
test_return_std:           0.0000	
2026-08-14 12:51:53,337 - my_experiment - bat_60_HybridComm_static_45 - my_run - INFO - t_env: 850200 / 5050000
2026-08-14 12:51:53,339 - my_experiment - bat_60_HybridComm_static_45 - my_run - INFO - Estimated time left: 1 days, 7 hours, 22 minutes, 52 seconds. Time passed: 6 hours, 10 minutes, 12 seconds
2026-08-14 13:14:25,893 - my_experiment - bat_60_HybridComm_static_45 - my_run - INFO - Recent Stats | t_env:     900000 | Episode:     4500
blue_team_alives_mean:   143.9920	blue_team_win_mean:        1.0000	ep_length_mean:          200.0000	episode_length_mean:     199.0000
epsilon:                   0.1545	grad_norm:               1434.4099	info_nce_loss:             0.2479	loss:                      2.0136
q_loss:                    1.8306	red_team_alives_mean:     65.2320	red_team_win_mean:         0.0000	return_mean:              -1.1895
return_std:                0.1416	test_blue_team_alives_mean:143.8000	test_blue_team_win_mean:   1.0000	test_ep_length_mean:     200.0000
test_episode_length_mean:199.0000	test_red_team_alives_mean:122.2000	test_red_team_win_mean:    0.0000	test_return_mean:         -1.3548
test_return_std:           0.0000	
2026-08-14 13:14:31,653 - my_experiment - bat_60_HybridComm_static_45 - my_run - INFO - t_env: 900200 / 5050000
2026-08-14 13:14:31,655 - my_experiment - bat_60_HybridComm_static_45 - my_run - INFO - Estimated time left: 1 days, 7 hours, 18 minutes, 54 seconds. Time passed: 6 hours, 32 minutes, 51 seconds
2026-08-14 13:36:58,687 - my_experiment - bat_60_HybridComm_static_45 - my_run - INFO - Recent Stats | t_env:     950000 | Episode:     4750
blue_team_alives_mean:   143.9960	blue_team_win_mean:        1.0000	ep_length_mean:          200.0000	episode_length_mean:     199.0000
epsilon:                   0.1070	grad_norm:               844.7110	info_nce_loss:             0.1391	loss:                      1.1803
q_loss:                    1.0730	red_team_alives_mean:     64.1640	red_team_win_mean:         0.0000	return_mean:              -1.0240
return_std:                0.1233	test_blue_team_alives_mean:143.8000	test_blue_team_win_mean:   1.0000	test_ep_length_mean:     200.0000
test_episode_length_mean:199.0000	test_red_team_alives_mean:120.8000	test_red_team_win_mean:    0.0000	test_return_mean:         -1.3533
test_return_std:           0.0000	
2026-08-14 13:37:04,201 - my_experiment - bat_60_HybridComm_static_45 - my_run - INFO - t_env: 950200 / 5050000
2026-08-14 13:37:04,203 - my_experiment - bat_60_HybridComm_static_45 - my_run - INFO - Estimated time left: 1 days, 6 hours, 48 minutes, 23 seconds. Time passed: 6 hours, 55 minutes, 23 seconds
2026-08-14 13:59:37,079 - my_experiment - bat_60_HybridComm_static_45 - my_run - INFO - Recent Stats | t_env:    1000000 | Episode:     5000
blue_team_alives_mean:   143.9360	blue_team_win_mean:        1.0000	ep_length_mean:          200.0000	episode_length_mean:     199.0000
epsilon:                   0.0595	grad_norm:               784.7275	info_nce_loss:             0.1050	loss:                      0.8443
q_loss:                    0.7675	red_team_alives_mean:     66.6160	red_team_win_mean:         0.0000	return_mean:              -0.9607
return_std:                0.1154	test_blue_team_alives_mean:143.8000	test_blue_team_win_mean:   1.0000	test_ep_length_mean:     200.0000
test_episode_length_mean:199.0000	test_red_team_alives_mean:117.2000	test_red_team_win_mean:    0.0000	test_return_mean:         -1.3574
test_return_std:           0.0000	
2026-08-14 13:59:42,607 - my_experiment - bat_60_HybridComm_static_45 - my_run - INFO - t_env: 1000200 / 5050000
2026-08-14 13:59:42,609 - my_experiment - bat_60_HybridComm_static_45 - my_run - INFO - Estimated time left: 1 days, 6 hours, 33 minutes, 45 seconds. Time passed: 7 hours, 18 minutes, 2 seconds
2026-08-14 13:59:47,459 - my_experiment - bat_60_HybridComm_static_45 - my_run - INFO - Saving models to work_dirs/my_experiment/bat_60_HybridComm_static_45/my_run/20260814_064126/models/1000200
2026-08-14 14:22:48,853 - my_experiment - bat_60_HybridComm_static_45 - my_run - INFO - Recent Stats | t_env:    1050000 | Episode:     5250
blue_team_alives_mean:   143.6280	blue_team_win_mean:        1.0000	ep_length_mean:          200.0000	episode_length_mean:     199.0000
epsilon:                   0.0500	grad_norm:               752.1705	info_nce_loss:             0.2981	loss:                      1.0365
q_loss:                    0.9423	red_team_alives_mean:     71.9680	red_team_win_mean:         0.0000	return_mean:              -0.9980
return_std:                0.2912	test_blue_team_alives_mean:143.8000	test_blue_team_win_mean:   1.0000	test_ep_length_mean:     200.0000
test_episode_length_mean:199.0000	test_red_team_alives_mean:118.8000	test_red_team_win_mean:    0.0000	test_return_mean:         -1.2573
test_return_std:           0.0000	
2026-08-14 14:22:54,377 - my_experiment - bat_60_HybridComm_static_45 - my_run - INFO - t_env: 1050200 / 5050000
2026-08-14 14:22:54,379 - my_experiment - bat_60_HybridComm_static_45 - my_run - INFO - Estimated time left: 1 days, 6 hours, 55 minutes, 36 seconds. Time passed: 7 hours, 41 minutes, 13 seconds
2026-08-14 14:46:03,119 - my_experiment - bat_60_HybridComm_static_45 - my_run - INFO - Recent Stats | t_env:    1100000 | Episode:     5500
blue_team_alives_mean:   143.0160	blue_team_win_mean:        1.0000	ep_length_mean:          200.0000	episode_length_mean:     199.0000
epsilon:                   0.0500	grad_norm:               1011.7628	info_nce_loss:             0.2320	loss:                      1.3519
q_loss:                    1.2290	red_team_alives_mean:     81.5360	red_team_win_mean:         0.0000	return_mean:              -1.1101
return_std:                0.3034	test_blue_team_alives_mean:143.8000	test_blue_team_win_mean:   1.0000	test_ep_length_mean:     200.0000
test_episode_length_mean:199.0000	test_red_team_alives_mean:104.8000	test_red_team_win_mean:    0.0000	test_return_mean:         -1.2437
test_return_std:           0.0000	
2026-08-14 14:46:08,573 - my_experiment - bat_60_HybridComm_static_45 - my_run - INFO - t_env: 1100200 / 5050000
2026-08-14 14:46:08,575 - my_experiment - bat_60_HybridComm_static_45 - my_run - INFO - Estimated time left: 1 days, 6 hours, 35 minutes, 35 seconds. Time passed: 8 hours, 4 minutes, 28 seconds
2026-08-14 15:08:52,692 - my_experiment - bat_60_HybridComm_static_45 - my_run - INFO - Recent Stats | t_env:    1150000 | Episode:     5750
blue_team_alives_mean:   143.9320	blue_team_win_mean:        1.0000	ep_length_mean:          200.0000	episode_length_mean:     199.0000
epsilon:                   0.0500	grad_norm:               1031.0604	info_nce_loss:             0.2137	loss:                      1.3144
q_loss:                    1.1949	red_team_alives_mean:     77.5040	red_team_win_mean:         0.0000	return_mean:              -0.9392
return_std:                0.1168	test_blue_team_alives_mean:144.0000	test_blue_team_win_mean:   1.0000	test_ep_length_mean:     200.0000
test_episode_length_mean:199.0000	test_red_team_alives_mean: 97.0000	test_red_team_win_mean:    0.0000	test_return_mean:         -1.0402
test_return_std:           0.0000	
2026-08-14 15:08:58,068 - my_experiment - bat_60_HybridComm_static_45 - my_run - INFO - t_env: 1150200 / 5050000
2026-08-14 15:08:58,069 - my_experiment - bat_60_HybridComm_static_45 - my_run - INFO - Estimated time left: 1 days, 5 hours, 40 minutes, 15 seconds. Time passed: 8 hours, 27 minutes, 17 seconds
2026-08-14 15:31:49,850 - my_experiment - bat_60_HybridComm_static_45 - my_run - INFO - Recent Stats | t_env:    1200000 | Episode:     6000
blue_team_alives_mean:   143.9720	blue_team_win_mean:        1.0000	ep_length_mean:          200.0000	episode_length_mean:     199.0000
epsilon:                   0.0500	grad_norm:               1810.8681	info_nce_loss:             0.1821	loss:                      2.7171
q_loss:                    2.4701	red_team_alives_mean:     83.7600	red_team_win_mean:         0.0000	return_mean:              -1.0117
return_std:                0.1365	test_blue_team_alives_mean:144.0000	test_blue_team_win_mean:   1.0000	test_ep_length_mean:     200.0000
test_episode_length_mean:199.0000	test_red_team_alives_mean: 88.2000	test_red_team_win_mean:    0.0000	test_return_mean:         -1.0345
test_return_std:           0.0000	
2026-08-14 15:31:55,414 - my_experiment - bat_60_HybridComm_static_45 - my_run - INFO - t_env: 1200200 / 5050000
2026-08-14 15:31:55,416 - my_experiment - bat_60_HybridComm_static_45 - my_run - INFO - Estimated time left: 1 days, 5 hours, 27 minutes, 30 seconds. Time passed: 8 hours, 50 minutes, 14 seconds
2026-08-14 15:55:13,497 - my_experiment - bat_60_HybridComm_static_45 - my_run - INFO - Recent Stats | t_env:    1250000 | Episode:     6250
blue_team_alives_mean:   143.9960	blue_team_win_mean:        1.0000	ep_length_mean:          200.0000	episode_length_mean:     199.0000
epsilon:                   0.0500	grad_norm:               982.6250	info_nce_loss:             0.0971	loss:                      2.0737
q_loss:                    1.8852	red_team_alives_mean:     91.3160	red_team_win_mean:         0.0000	return_mean:              -1.0374
return_std:                0.1641	test_blue_team_alives_mean:144.0000	test_blue_team_win_mean:   1.0000	test_ep_length_mean:     200.0000
test_episode_length_mean:199.0000	test_red_team_alives_mean: 87.0000	test_red_team_win_mean:    0.0000	test_return_mean:         -1.0510
test_return_std:           0.0000	
2026-08-14 15:55:19,550 - my_experiment - bat_60_HybridComm_static_45 - my_run - INFO - t_env: 1250200 / 5050000
2026-08-14 15:55:19,552 - my_experiment - bat_60_HybridComm_static_45 - my_run - INFO - Estimated time left: 1 days, 5 hours, 38 minutes, 28 seconds. Time passed: 9 hours, 13 minutes, 39 seconds
2026-08-14 16:18:32,397 - my_experiment - bat_60_HybridComm_static_45 - my_run - INFO - Recent Stats | t_env:    1300000 | Episode:     6500
blue_team_alives_mean:   143.9000	blue_team_win_mean:        1.0000	ep_length_mean:          200.0000	episode_length_mean:     199.0000
epsilon:                   0.0500	grad_norm:               1182.4439	info_nce_loss:             0.1841	loss:                      1.6538
q_loss:                    1.5035	red_team_alives_mean:     90.3800	red_team_win_mean:         0.0000	return_mean:              -1.0909
return_std:                0.2828	test_blue_team_alives_mean:144.0000	test_blue_team_win_mean:   1.0000	test_ep_length_mean:     200.0000
test_episode_length_mean:199.0000	test_red_team_alives_mean: 94.0000	test_red_team_win_mean:    0.0000	test_return_mean:         -1.1350
test_return_std:           0.0000	
2026-08-14 16:18:37,884 - my_experiment - bat_60_HybridComm_static_45 - my_run - INFO - t_env: 1300200 / 5050000
2026-08-14 16:18:37,886 - my_experiment - bat_60_HybridComm_static_45 - my_run - INFO - Estimated time left: 1 days, 5 hours, 7 minutes, 49 seconds. Time passed: 9 hours, 36 minutes, 57 seconds
2026-08-14 16:41:57,541 - my_experiment - bat_60_HybridComm_static_45 - my_run - INFO - Recent Stats | t_env:    1350000 | Episode:     6750
blue_team_alives_mean:   143.2160	blue_team_win_mean:        1.0000	ep_length_mean:          200.0000	episode_length_mean:     199.0000
epsilon:                   0.0500	grad_norm:               1677.0375	info_nce_loss:             0.2708	loss:                      2.8705
q_loss:                    2.6096	red_team_alives_mean:     81.7800	red_team_win_mean:         0.0000	return_mean:              -1.2306
return_std:                0.5478	test_blue_team_alives_mean:144.0000	test_blue_team_win_mean:   1.0000	test_ep_length_mean:     200.0000
test_episode_length_mean:199.0000	test_red_team_alives_mean: 99.6000	test_red_team_win_mean:    0.0000	test_return_mean:         -1.0796
test_return_std:           0.0000	
2026-08-14 16:42:03,004 - my_experiment - bat_60_HybridComm_static_45 - my_run - INFO - t_env: 1350200 / 5050000
2026-08-14 16:42:03,006 - my_experiment - bat_60_HybridComm_static_45 - my_run - INFO - Estimated time left: 1 days, 4 hours, 52 minutes, 53 seconds. Time passed: 10 hours, 22 seconds
2026-08-14 17:04:59,559 - my_experiment - bat_60_HybridComm_static_45 - my_run - INFO - Recent Stats | t_env:    1400000 | Episode:     7000
blue_team_alives_mean:   143.2840	blue_team_win_mean:        1.0000	ep_length_mean:          200.0000	episode_length_mean:     199.0000
epsilon:                   0.0500	grad_norm:               1265.5107	info_nce_loss:             0.2915	loss:                      1.5327
q_loss:                    1.3934	red_team_alives_mean:     83.0840	red_team_win_mean:         0.0000	return_mean:              -1.0419
return_std:                0.2312	test_blue_team_alives_mean:144.0000	test_blue_team_win_mean:   1.0000	test_ep_length_mean:     200.0000
test_episode_length_mean:199.0000	test_red_team_alives_mean:106.6000	test_red_team_win_mean:    0.0000	test_return_mean:         -1.2547
test_return_std:           0.0000	
2026-08-14 17:05:04,909 - my_experiment - bat_60_HybridComm_static_45 - my_run - INFO - t_env: 1400200 / 5050000
2026-08-14 17:05:04,910 - my_experiment - bat_60_HybridComm_static_45 - my_run - INFO - Estimated time left: 1 days, 4 hours, 1 minutes, 13 seconds. Time passed: 10 hours, 23 minutes, 24 seconds
2026-08-14 17:27:51,536 - my_experiment - bat_60_HybridComm_static_45 - my_run - INFO - Recent Stats | t_env:    1450000 | Episode:     7250
blue_team_alives_mean:   144.0000	blue_team_win_mean:        1.0000	ep_length_mean:          200.0000	episode_length_mean:     199.0000
epsilon:                   0.0500	grad_norm:               906.7997	info_nce_loss:             0.1246	loss:                      0.8391
q_loss:                    0.7628	red_team_alives_mean:     74.6280	red_team_win_mean:         0.0000	return_mean:              -0.8974
return_std:                0.0748	test_blue_team_alives_mean:144.0000	test_blue_team_win_mean:   1.0000	test_ep_length_mean:     200.0000
test_episode_length_mean:199.0000	test_red_team_alives_mean:112.2000	test_red_team_win_mean:    0.0000	test_return_mean:         -1.2510
test_return_std:           0.0000	
2026-08-14 17:27:56,837 - my_experiment - bat_60_HybridComm_static_45 - my_run - INFO - t_env: 1450200 / 5050000
2026-08-14 17:27:56,839 - my_experiment - bat_60_HybridComm_static_45 - my_run - INFO - Estimated time left: 1 days, 3 hours, 26 minutes, 13 seconds. Time passed: 10 hours, 46 minutes, 16 seconds
2026-08-14 17:50:51,321 - my_experiment - bat_60_HybridComm_static_45 - my_run - INFO - Recent Stats | t_env:    1500000 | Episode:     7500
blue_team_alives_mean:   143.9080	blue_team_win_mean:        1.0000	ep_length_mean:          200.0000	episode_length_mean:     199.0000
epsilon:                   0.0500	grad_norm:               793.4630	info_nce_loss:             0.2421	loss:                      0.7394
q_loss:                    0.6722	red_team_alives_mean:     76.7640	red_team_win_mean:         0.0000	return_mean:              -0.9521
return_std:                0.1136	test_blue_team_alives_mean:144.0000	test_blue_team_win_mean:   1.0000	test_ep_length_mean:     200.0000
test_episode_length_mean:199.0000	test_red_team_alives_mean:107.8000	test_red_team_win_mean:    0.0000	test_return_mean:         -1.2232
test_return_std:           0.0000	
2026-08-14 17:50:56,779 - my_experiment - bat_60_HybridComm_static_45 - my_run - INFO - t_env: 1500200 / 5050000
2026-08-14 17:50:56,781 - my_experiment - bat_60_HybridComm_static_45 - my_run - INFO - Estimated time left: 1 days, 3 hours, 12 minutes, 50 seconds. Time passed: 11 hours, 9 minutes, 16 seconds
2026-08-14 17:51:01,540 - my_experiment - bat_60_HybridComm_static_45 - my_run - INFO - Saving models to work_dirs/my_experiment/bat_60_HybridComm_static_45/my_run/20260814_064126/models/1500200
2026-08-14 18:13:47,428 - my_experiment - bat_60_HybridComm_static_45 - my_run - INFO - Recent Stats | t_env:    1550000 | Episode:     7750
blue_team_alives_mean:   143.6600	blue_team_win_mean:        1.0000	ep_length_mean:          200.0000	episode_length_mean:     199.0000
epsilon:                   0.0500	grad_norm:               885.6975	info_nce_loss:             0.2594	loss:                      0.7650
q_loss:                    0.6954	red_team_alives_mean:     75.2520	red_team_win_mean:         0.0000	return_mean:              -0.9761
return_std:                0.1322	test_blue_team_alives_mean:144.0000	test_blue_team_win_mean:   1.0000	test_ep_length_mean:     200.0000
test_episode_length_mean:199.0000	test_red_team_alives_mean: 95.6000	test_red_team_win_mean:    0.0000	test_return_mean:         -1.1715
test_return_std:           0.0000	
2026-08-14 18:13:52,847 - my_experiment - bat_60_HybridComm_static_45 - my_run - INFO - t_env: 1550200 / 5050000
2026-08-14 18:13:52,849 - my_experiment - bat_60_HybridComm_static_45 - my_run - INFO - Estimated time left: 1 days, 2 hours, 45 minutes, 19 seconds. Time passed: 11 hours, 32 minutes, 12 seconds
2026-08-14 18:36:47,439 - my_experiment - bat_60_HybridComm_static_45 - my_run - INFO - Recent Stats | t_env:    1600000 | Episode:     8000
blue_team_alives_mean:   143.8360	blue_team_win_mean:        1.0000	ep_length_mean:          200.0000	episode_length_mean:     199.0000
epsilon:                   0.0500	grad_norm:               941.9608	info_nce_loss:             0.2008	loss:                      0.7843
q_loss:                    0.7130	red_team_alives_mean:     75.6800	red_team_win_mean:         0.0000	return_mean:              -0.9401
return_std:                0.0879	test_blue_team_alives_mean:144.0000	test_blue_team_win_mean:   1.0000	test_ep_length_mean:     200.0000
test_episode_length_mean:199.0000	test_red_team_alives_mean: 93.8000	test_red_team_win_mean:    0.0000	test_return_mean:         -1.1720
test_return_std:           0.0000	
2026-08-14 18:36:52,843 - my_experiment - bat_60_HybridComm_static_45 - my_run - INFO - t_env: 1600200 / 5050000
2026-08-14 18:36:52,845 - my_experiment - bat_60_HybridComm_static_45 - my_run - INFO - Estimated time left: 1 days, 2 hours, 26 minutes, 54 seconds. Time passed: 11 hours, 55 minutes, 12 seconds
2026-08-14 18:59:46,061 - my_experiment - bat_60_HybridComm_static_45 - my_run - INFO - Recent Stats | t_env:    1650000 | Episode:     8250
blue_team_alives_mean:   143.1160	blue_team_win_mean:        1.0000	ep_length_mean:          200.0000	episode_length_mean:     199.0000
epsilon:                   0.0500	grad_norm:               1093.2009	info_nce_loss:             0.1147	loss:                      1.0683
q_loss:                    0.9712	red_team_alives_mean:     78.0960	red_team_win_mean:         0.0000	return_mean:              -1.0408
return_std:                0.2704	test_blue_team_alives_mean:144.0000	test_blue_team_win_mean:   1.0000	test_ep_length_mean:     200.0000
test_episode_length_mean:199.0000	test_red_team_alives_mean: 88.4000	test_red_team_win_mean:    0.0000	test_return_mean:         -1.0249
test_return_std:           0.0000	
2026-08-14 18:59:51,487 - my_experiment - bat_60_HybridComm_static_45 - my_run - INFO - t_env: 1650200 / 5050000
2026-08-14 18:59:51,489 - my_experiment - bat_60_HybridComm_static_45 - my_run - INFO - Estimated time left: 1 days, 2 hours, 2 minutes, 22 seconds. Time passed: 12 hours, 18 minutes, 11 seconds
2026-08-14 19:22:59,101 - my_experiment - bat_60_HybridComm_static_45 - my_run - INFO - Recent Stats | t_env:    1700000 | Episode:     8500
blue_team_alives_mean:   143.5320	blue_team_win_mean:        1.0000	ep_length_mean:          200.0000	episode_length_mean:     199.0000
epsilon:                   0.0500	grad_norm:               1267.4040	info_nce_loss:             0.2219	loss:                      1.5530
q_loss:                    1.4118	red_team_alives_mean:     77.0360	red_team_win_mean:         0.0000	return_mean:              -1.1377
return_std:                0.5304	test_blue_team_alives_mean:144.0000	test_blue_team_win_mean:   1.0000	test_ep_length_mean:     200.0000
test_episode_length_mean:199.0000	test_red_team_alives_mean: 87.4000	test_red_team_win_mean:    0.0000	test_return_mean:         -1.0311
test_return_std:           0.0000	
2026-08-14 19:23:04,848 - my_experiment - bat_60_HybridComm_static_45 - my_run - INFO - t_env: 1700200 / 5050000
2026-08-14 19:23:04,850 - my_experiment - bat_60_HybridComm_static_45 - my_run - INFO - Estimated time left: 1 days, 1 hours, 55 minutes, 49 seconds. Time passed: 12 hours, 41 minutes, 24 seconds
2026-08-14 19:46:14,777 - my_experiment - bat_60_HybridComm_static_45 - my_run - INFO - Recent Stats | t_env:    1750000 | Episode:     8750
blue_team_alives_mean:   143.9560	blue_team_win_mean:        0.9960	ep_length_mean:          200.0000	episode_length_mean:     199.0000
epsilon:                   0.0500	grad_norm:               1783.8997	info_nce_loss:             0.3252	loss:                      2.3507
q_loss:                    2.1370	red_team_alives_mean:     84.4600	red_team_win_mean:         0.0000	return_mean:              -1.0195
return_std:                0.1711	test_blue_team_alives_mean:144.0000	test_blue_team_win_mean:   1.0000	test_ep_length_mean:     200.0000
test_episode_length_mean:199.0000	test_red_team_alives_mean: 96.4000	test_red_team_win_mean:    0.0000	test_return_mean:         -1.1299
test_return_std:           0.0000	
2026-08-14 19:46:20,238 - my_experiment - bat_60_HybridComm_static_45 - my_run - INFO - t_env: 1750200 / 5050000
2026-08-14 19:46:20,240 - my_experiment - bat_60_HybridComm_static_45 - my_run - INFO - Estimated time left: 1 days, 1 hours, 34 minutes, 50 seconds. Time passed: 13 hours, 4 minutes, 39 seconds
2026-08-14 20:09:37,301 - my_experiment - bat_60_HybridComm_static_45 - my_run - INFO - Recent Stats | t_env:    1800000 | Episode:     9000
blue_team_alives_mean:   143.9760	blue_team_win_mean:        1.0000	ep_length_mean:          200.0000	episode_length_mean:     199.0000
epsilon:                   0.0500	grad_norm:               1494.9217	info_nce_loss:             0.2541	loss:                      2.1937
q_loss:                    1.9942	red_team_alives_mean:     78.4120	red_team_win_mean:         0.0000	return_mean:              -1.0145
return_std:                0.1507	test_blue_team_alives_mean:144.0000	test_blue_team_win_mean:   1.0000	test_ep_length_mean:     200.0000
test_episode_length_mean:199.0000	test_red_team_alives_mean: 99.8000	test_red_team_win_mean:    0.0000	test_return_mean:         -1.0975
test_return_std:           0.0000	
2026-08-14 20:09:42,813 - my_experiment - bat_60_HybridComm_static_45 - my_run - INFO - t_env: 1800200 / 5050000
2026-08-14 20:09:42,815 - my_experiment - bat_60_HybridComm_static_45 - my_run - INFO - Estimated time left: 1 days, 1 hours, 19 minutes, 21 seconds. Time passed: 13 hours, 28 minutes, 2 seconds
2026-08-14 20:33:05,406 - my_experiment - bat_60_HybridComm_static_45 - my_run - INFO - Recent Stats | t_env:    1850000 | Episode:     9250
blue_team_alives_mean:   143.9280	blue_team_win_mean:        0.9840	ep_length_mean:          200.0000	episode_length_mean:     199.0000
epsilon:                   0.0500	grad_norm:               2548.8164	info_nce_loss:             0.2229	loss:                      3.9149
q_loss:                    3.5590	red_team_alives_mean:     85.1840	red_team_win_mean:         0.0000	return_mean:              -1.0821
return_std:                0.2407	test_blue_team_alives_mean:144.0000	test_blue_team_win_mean:   1.0000	test_ep_length_mean:     200.0000
test_episode_length_mean:199.0000	test_red_team_alives_mean:100.2000	test_red_team_win_mean:    0.0000	test_return_mean:         -1.1091
test_return_std:           0.0000	
2026-08-14 20:33:10,794 - my_experiment - bat_60_HybridComm_static_45 - my_run - INFO - t_env: 1850200 / 5050000
2026-08-14 20:33:10,796 - my_experiment - bat_60_HybridComm_static_45 - my_run - INFO - Estimated time left: 1 days, 1 hours, 1 minutes, 45 seconds. Time passed: 13 hours, 51 minutes, 30 seconds
2026-08-14 20:57:00,486 - my_experiment - bat_60_HybridComm_static_45 - my_run - INFO - Recent Stats | t_env:    1900000 | Episode:     9500
blue_team_alives_mean:   143.8480	blue_team_win_mean:        0.9640	ep_length_mean:          200.0000	episode_length_mean:     199.0000
epsilon:                   0.0500	grad_norm:               1958.6413	info_nce_loss:             0.1297	loss:                      3.5141
q_loss:                    3.1947	red_team_alives_mean:     91.5800	red_team_win_mean:         0.0000	return_mean:              -1.0879
return_std:                0.1508	test_blue_team_alives_mean:144.0000	test_blue_team_win_mean:   1.0000	test_ep_length_mean:     200.0000
test_episode_length_mean:199.0000	test_red_team_alives_mean:103.2000	test_red_team_win_mean:    0.0000	test_return_mean:         -1.0801
test_return_std:           0.0000	
2026-08-14 20:57:05,944 - my_experiment - bat_60_HybridComm_static_45 - my_run - INFO - t_env: 1900200 / 5050000
2026-08-14 20:57:05,946 - my_experiment - bat_60_HybridComm_static_45 - my_run - INFO - Estimated time left: 1 days, 1 hours, 6 minutes, 48 seconds. Time passed: 14 hours, 15 minutes, 25 seconds
2026-08-14 21:20:14,119 - my_experiment - bat_60_HybridComm_static_45 - my_run - INFO - Recent Stats | t_env:    1950000 | Episode:     9750
blue_team_alives_mean:   142.5240	blue_team_win_mean:        1.0000	ep_length_mean:          200.0000	episode_length_mean:     199.0000
epsilon:                   0.0500	grad_norm:               1483.0047	info_nce_loss:             0.2075	loss:                      2.8145
q_loss:                    2.5586	red_team_alives_mean:     79.4960	red_team_win_mean:         0.0000	return_mean:              -1.1924
return_std:                0.5699	test_blue_team_alives_mean:144.0000	test_blue_team_win_mean:   1.0000	test_ep_length_mean:     200.0000
test_episode_length_mean:199.0000	test_red_team_alives_mean:102.4000	test_red_team_win_mean:    0.0000	test_return_mean:         -1.0756
test_return_std:           0.0000	
2026-08-14 21:20:19,748 - my_experiment - bat_60_HybridComm_static_45 - my_run - INFO - t_env: 1950200 / 5050000
2026-08-14 21:20:19,750 - my_experiment - bat_60_HybridComm_static_45 - my_run - INFO - Estimated time left: 1 days, 10 seconds. Time passed: 14 hours, 38 minutes, 39 seconds
2026-08-14 21:43:58,984 - my_experiment - bat_60_HybridComm_static_45 - my_run - INFO - Recent Stats | t_env:    2000000 | Episode:    10000
blue_team_alives_mean:   143.8800	blue_team_win_mean:        0.9880	ep_length_mean:          200.0000	episode_length_mean:     199.0000
epsilon:                   0.0500	grad_norm:               2204.5186	info_nce_loss:             0.3516	loss:                      2.5677
q_loss:                    2.3343	red_team_alives_mean:     87.8040	red_team_win_mean:         0.0040	return_mean:              -1.3242
return_std:                0.7420	test_blue_team_alives_mean:144.0000	test_blue_team_win_mean:   1.0000	test_ep_length_mean:     200.0000
test_episode_length_mean:199.0000	test_red_team_alives_mean: 93.6000	test_red_team_win_mean:    0.0000	test_return_mean:         -0.9885
test_return_std:           0.0000	
2026-08-14 21:44:05,169 - my_experiment - bat_60_HybridComm_static_45 - my_run - INFO - t_env: 2000200 / 5050000
2026-08-14 21:44:05,171 - my_experiment - bat_60_HybridComm_static_45 - my_run - INFO - Estimated time left: 1 days, 9 minutes, 4 seconds. Time passed: 15 hours, 2 minutes, 24 seconds
2026-08-14 21:44:10,189 - my_experiment - bat_60_HybridComm_static_45 - my_run - INFO - Saving models to work_dirs/my_experiment/bat_60_HybridComm_static_45/my_run/20260814_064126/models/2000200
2026-08-14 22:07:28,893 - my_experiment - bat_60_HybridComm_static_45 - my_run - INFO - Recent Stats | t_env:    2050000 | Episode:    10250
blue_team_alives_mean:   143.9640	blue_team_win_mean:        1.0000	ep_length_mean:          200.0000	episode_length_mean:     199.0000
epsilon:                   0.0500	grad_norm:               1236.3055	info_nce_loss:             0.1661	loss:                      2.1187
q_loss:                    1.9261	red_team_alives_mean:     89.3320	red_team_win_mean:         0.0000	return_mean:              -1.0935
return_std:                0.2298	test_blue_team_alives_mean:144.0000	test_blue_team_win_mean:   1.0000	test_ep_length_mean:     200.0000
test_episode_length_mean:199.0000	test_red_team_alives_mean:102.8000	test_red_team_win_mean:    0.0000	test_return_mean:         -1.1089
test_return_std:           0.0000	
2026-08-14 22:07:35,089 - my_experiment - bat_60_HybridComm_static_45 - my_run - INFO - t_env: 2050200 / 5050000
2026-08-14 22:07:35,090 - my_experiment - bat_60_HybridComm_static_45 - my_run - INFO - Estimated time left: 23 hours, 29 minutes, 49 seconds. Time passed: 15 hours, 25 minutes, 54 seconds
2026-08-14 22:31:19,421 - my_experiment - bat_60_HybridComm_static_45 - my_run - INFO - Recent Stats | t_env:    2100000 | Episode:    10500
blue_team_alives_mean:   143.9960	blue_team_win_mean:        0.9360	ep_length_mean:          200.0000	episode_length_mean:     199.0000
epsilon:                   0.0500	grad_norm:               1211.8563	info_nce_loss:             0.2240	loss:                      1.3669
q_loss:                    1.2426	red_team_alives_mean:     99.4560	red_team_win_mean:         0.0000	return_mean:              -1.1380
return_std:                0.2192	test_blue_team_alives_mean:144.0000	test_blue_team_win_mean:   1.0000	test_ep_length_mean:     200.0000
test_episode_length_mean:199.0000	test_red_team_alives_mean:107.2000	test_red_team_win_mean:    0.0000	test_return_mean:         -1.0966
test_return_std:           0.0000	
2026-08-14 22:31:24,918 - my_experiment - bat_60_HybridComm_static_45 - my_run - INFO - t_env: 2100200 / 5050000
2026-08-14 22:31:24,920 - my_experiment - bat_60_HybridComm_static_45 - my_run - INFO - Estimated time left: 23 hours, 25 minutes, 54 seconds. Time passed: 15 hours, 49 minutes, 44 seconds
2026-08-14 22:54:18,832 - my_experiment - bat_60_HybridComm_static_45 - my_run - INFO - Recent Stats | t_env:    2150000 | Episode:    10750
blue_team_alives_mean:   143.7960	blue_team_win_mean:        0.9960	ep_length_mean:          200.0000	episode_length_mean:     199.0000
epsilon:                   0.0500	grad_norm:               3446.9699	info_nce_loss:             0.1298	loss:                      6.6376
q_loss:                    6.0342	red_team_alives_mean:     77.5480	red_team_win_mean:         0.0000	return_mean:              -1.0184
return_std:                0.1910	test_blue_team_alives_mean:144.0000	test_blue_team_win_mean:   1.0000	test_ep_length_mean:     200.0000
test_episode_length_mean:199.0000	test_red_team_alives_mean:101.4000	test_red_team_win_mean:    0.0000	test_return_mean:         -1.0952
test_return_std:           0.0000	
2026-08-14 22:54:24,359 - my_experiment - bat_60_HybridComm_static_45 - my_run - INFO - t_env: 2150200 / 5050000
2026-08-14 22:54:24,361 - my_experiment - bat_60_HybridComm_static_45 - my_run - INFO - Estimated time left: 22 hours, 13 minutes, 22 seconds. Time passed: 16 hours, 12 minutes, 43 seconds
2026-08-14 23:17:56,244 - my_experiment - bat_60_HybridComm_static_45 - my_run - INFO - Recent Stats | t_env:    2200000 | Episode:    11000
blue_team_alives_mean:   143.8960	blue_team_win_mean:        0.9320	ep_length_mean:          200.0000	episode_length_mean:     199.0000
epsilon:                   0.0500	grad_norm:               2494.7281	info_nce_loss:             0.2000	loss:                      4.0447
q_loss:                    3.6770	red_team_alives_mean:     88.4840	red_team_win_mean:         0.0000	return_mean:              -1.1212
return_std:                0.2437	test_blue_team_alives_mean:144.0000	test_blue_team_win_mean:   1.0000	test_ep_length_mean:     200.0000
test_episode_length_mean:199.0000	test_red_team_alives_mean:107.8000	test_red_team_win_mean:    0.0000	test_return_mean:         -1.1016
test_return_std:           0.0000	
2026-08-14 23:18:02,201 - my_experiment - bat_60_HybridComm_static_45 - my_run - INFO - t_env: 2200200 / 5050000
2026-08-14 23:18:02,203 - my_experiment - bat_60_HybridComm_static_45 - my_run - INFO - Estimated time left: 22 hours, 26 minutes, 51 seconds. Time passed: 16 hours, 36 minutes, 21 seconds
2026-08-14 23:41:36,097 - my_experiment - bat_60_HybridComm_static_45 - my_run - INFO - Recent Stats | t_env:    2250000 | Episode:    11250
blue_team_alives_mean:   143.7800	blue_team_win_mean:        1.0000	ep_length_mean:          200.0000	episode_length_mean:     199.0000
epsilon:                   0.0500	grad_norm:               4421.0544	info_nce_loss:             0.2178	loss:                     10.0667
q_loss:                    9.1515	red_team_alives_mean:     87.9880	red_team_win_mean:         0.0000	return_mean:              -1.1412
return_std:                0.2458	test_blue_team_alives_mean:144.0000	test_blue_team_win_mean:   1.0000	test_ep_length_mean:     200.0000
test_episode_length_mean:199.0000	test_red_team_alives_mean:116.4000	test_red_team_win_mean:    0.0000	test_return_mean:         -1.0947
test_return_std:           0.0000	
2026-08-14 23:41:41,532 - my_experiment - bat_60_HybridComm_static_45 - my_run - INFO - t_env: 2250200 / 5050000
2026-08-14 23:41:41,533 - my_experiment - bat_60_HybridComm_static_45 - my_run - INFO - Estimated time left: 22 hours, 4 minutes, 36 seconds. Time passed: 17 hours, 1 seconds
2026-08-15 00:04:56,514 - my_experiment - bat_60_HybridComm_static_45 - my_run - INFO - Recent Stats | t_env:    2300000 | Episode:    11500
blue_team_alives_mean:   143.9360	blue_team_win_mean:        0.9680	ep_length_mean:          200.0000	episode_length_mean:     199.0000
epsilon:                   0.0500	grad_norm:               3222.3946	info_nce_loss:             0.2459	loss:                      6.5468
q_loss:                    5.9516	red_team_alives_mean:     80.8440	red_team_win_mean:         0.0000	return_mean:              -1.0129
return_std:                0.1435	test_blue_team_alives_mean:144.0000	test_blue_team_win_mean:   1.0000	test_ep_length_mean:     200.0000
test_episode_length_mean:199.0000	test_red_team_alives_mean:110.0000	test_red_team_win_mean:    0.0000	test_return_mean:         -1.0547
test_return_std:           0.0000	
2026-08-15 00:05:01,849 - my_experiment - bat_60_HybridComm_static_45 - my_run - INFO - t_env: 2300200 / 5050000
2026-08-15 00:05:01,851 - my_experiment - bat_60_HybridComm_static_45 - my_run - INFO - Estimated time left: 21 hours, 23 minutes, 31 seconds. Time passed: 17 hours, 23 minutes, 21 seconds
2026-08-15 00:28:45,539 - my_experiment - bat_60_HybridComm_static_45 - my_run - INFO - Recent Stats | t_env:    2350000 | Episode:    11750
blue_team_alives_mean:   144.0000	blue_team_win_mean:        0.9080	ep_length_mean:          200.0000	episode_length_mean:     199.0000
epsilon:                   0.0500	grad_norm:               1572.6744	info_nce_loss:             0.3118	loss:                      2.7021
q_loss:                    2.4564	red_team_alives_mean:    100.7280	red_team_win_mean:         0.0000	return_mean:              -1.1703
return_std:                0.2169	test_blue_team_alives_mean:144.0000	test_blue_team_win_mean:   1.0000	test_ep_length_mean:     200.0000
test_episode_length_mean:199.0000	test_red_team_alives_mean:104.0000	test_red_team_win_mean:    0.0000	test_return_mean:         -1.0505
test_return_std:           0.0000	
2026-08-15 00:28:50,822 - my_experiment - bat_60_HybridComm_static_45 - my_run - INFO - t_env: 2350200 / 5050000
2026-08-15 00:28:50,823 - my_experiment - bat_60_HybridComm_static_45 - my_run - INFO - Estimated time left: 21 hours, 25 minutes, 58 seconds. Time passed: 17 hours, 47 minutes, 10 seconds
2026-08-15 00:52:33,318 - my_experiment - bat_60_HybridComm_static_45 - my_run - INFO - Recent Stats | t_env:    2400000 | Episode:    12000
blue_team_alives_mean:   143.9800	blue_team_win_mean:        0.9960	ep_length_mean:          200.0000	episode_length_mean:     199.0000
epsilon:                   0.0500	grad_norm:               582.4437	info_nce_loss:             0.1834	loss:                      0.6561
q_loss:                    0.5965	red_team_alives_mean:     90.4080	red_team_win_mean:         0.0000	return_mean:              -1.0642
return_std:                0.1470	test_blue_team_alives_mean:144.0000	test_blue_team_win_mean:   1.0000	test_ep_length_mean:     200.0000
test_episode_length_mean:199.0000	test_red_team_alives_mean:107.6000	test_red_team_win_mean:    0.0000	test_return_mean:         -1.0495
test_return_std:           0.0000	
2026-08-15 00:52:38,980 - my_experiment - bat_60_HybridComm_static_45 - my_run - INFO - t_env: 2400200 / 5050000
2026-08-15 00:52:38,981 - my_experiment - bat_60_HybridComm_static_45 - my_run - INFO - Estimated time left: 21 hours, 1 minutes, 26 seconds. Time passed: 18 hours, 10 minutes, 58 seconds
2026-08-15 01:16:17,156 - my_experiment - bat_60_HybridComm_static_45 - my_run - INFO - Recent Stats | t_env:    2450000 | Episode:    12250
blue_team_alives_mean:   143.8160	blue_team_win_mean:        0.9200	ep_length_mean:          200.0000	episode_length_mean:     199.0000
epsilon:                   0.0500	grad_norm:               1314.2275	info_nce_loss:             0.2549	loss:                      1.6669
q_loss:                    1.5154	red_team_alives_mean:    100.3560	red_team_win_mean:         0.0000	return_mean:              -1.2343
return_std:                0.4196	test_blue_team_alives_mean:144.0000	test_blue_team_win_mean:   1.0000	test_ep_length_mean:     200.0000
test_episode_length_mean:199.0000	test_red_team_alives_mean:101.8000	test_red_team_win_mean:    0.0000	test_return_mean:         -1.0583
test_return_std:           0.0000	
2026-08-15 01:16:22,587 - my_experiment - bat_60_HybridComm_static_45 - my_run - INFO - t_env: 2450200 / 5050000
2026-08-15 01:16:22,589 - my_experiment - bat_60_HybridComm_static_45 - my_run - INFO - Estimated time left: 20 hours, 33 minutes, 41 seconds. Time passed: 18 hours, 34 minutes, 42 seconds
2026-08-15 01:40:12,071 - my_experiment - bat_60_HybridComm_static_45 - my_run - INFO - Recent Stats | t_env:    2500000 | Episode:    12500
blue_team_alives_mean:   143.3440	blue_team_win_mean:        0.9000	ep_length_mean:          200.0000	episode_length_mean:     199.0000
epsilon:                   0.0500	grad_norm:               1765.9361	info_nce_loss:             0.3258	loss:                      3.0772
q_loss:                    2.7975	red_team_alives_mean:     98.6760	red_team_win_mean:         0.0000	return_mean:              -1.2760
return_std:                0.4489	test_blue_team_alives_mean:144.0000	test_blue_team_win_mean:   1.0000	test_ep_length_mean:     200.0000
test_episode_length_mean:199.0000	test_red_team_alives_mean:100.0000	test_red_team_win_mean:    0.0000	test_return_mean:         -1.0636
test_return_std:           0.0000	
2026-08-15 01:40:17,934 - my_experiment - bat_60_HybridComm_static_45 - my_run - INFO - t_env: 2500200 / 5050000
2026-08-15 01:40:17,936 - my_experiment - bat_60_HybridComm_static_45 - my_run - INFO - Estimated time left: 20 hours, 19 minutes, 56 seconds. Time passed: 18 hours, 58 minutes, 37 seconds
2026-08-15 01:40:22,718 - my_experiment - bat_60_HybridComm_static_45 - my_run - INFO - Saving models to work_dirs/my_experiment/bat_60_HybridComm_static_45/my_run/20260814_064126/models/2500200
2026-08-15 02:02:22,882 - my_experiment - bat_60_HybridComm_static_45 - my_run - INFO - Recent Stats | t_env:    2550000 | Episode:    12750
blue_team_alives_mean:   144.0000	blue_team_win_mean:        0.8640	ep_length_mean:          200.0000	episode_length_mean:     199.0000
epsilon:                   0.0500	grad_norm:               751.1111	info_nce_loss:             0.2541	loss:                      1.6397
q_loss:                    1.4906	red_team_alives_mean:     99.4440	red_team_win_mean:         0.0000	return_mean:              -1.1212
return_std:                0.1891	test_blue_team_alives_mean:144.0000	test_blue_team_win_mean:   1.0000	test_ep_length_mean:     200.0000
test_episode_length_mean:199.0000	test_red_team_alives_mean: 99.4000	test_red_team_win_mean:    0.0000	test_return_mean:         -0.9831
test_return_std:           0.0000	
2026-08-15 02:02:28,229 - my_experiment - bat_60_HybridComm_static_45 - my_run - INFO - t_env: 2550200 / 5050000
2026-08-15 02:02:28,231 - my_experiment - bat_60_HybridComm_static_45 - my_run - INFO - Estimated time left: 18 hours, 28 minutes, 29 seconds. Time passed: 19 hours, 20 minutes, 47 seconds
2026-08-15 02:24:22,338 - my_experiment - bat_60_HybridComm_static_45 - my_run - INFO - Recent Stats | t_env:    2600000 | Episode:    13000
blue_team_alives_mean:   143.9520	blue_team_win_mean:        0.8680	ep_length_mean:          200.0000	episode_length_mean:     199.0000
epsilon:                   0.0500	grad_norm:               2164.5338	info_nce_loss:             0.1556	loss:                      3.3886
q_loss:                    3.0806	red_team_alives_mean:     90.4840	red_team_win_mean:         0.0000	return_mean:              -1.1679
return_std:                0.4180	test_blue_team_alives_mean:144.0000	test_blue_team_win_mean:   0.8000	test_ep_length_mean:     200.0000
test_episode_length_mean:199.0000	test_red_team_alives_mean:112.2000	test_red_team_win_mean:    0.0000	test_return_mean:         -1.0015
test_return_std:           0.0000	
2026-08-15 02:24:26,994 - my_experiment - bat_60_HybridComm_static_45 - my_run - INFO - t_env: 2600200 / 5050000
2026-08-15 02:24:26,996 - my_experiment - bat_60_HybridComm_static_45 - my_run - INFO - Estimated time left: 17 hours, 56 minutes, 54 seconds. Time passed: 19 hours, 42 minutes, 46 seconds
2026-08-15 02:46:20,669 - my_experiment - bat_60_HybridComm_static_45 - my_run - INFO - Recent Stats | t_env:    2650000 | Episode:    13250
blue_team_alives_mean:   143.9920	blue_team_win_mean:        0.9080	ep_length_mean:          200.0000	episode_length_mean:     199.0000
epsilon:                   0.0500	grad_norm:               1088.0025	info_nce_loss:             0.2823	loss:                      1.5518
q_loss:                    1.4107	red_team_alives_mean:     96.9680	red_team_win_mean:         0.0000	return_mean:              -1.1921
return_std:                0.2397	test_blue_team_alives_mean:144.0000	test_blue_team_win_mean:   0.8000	test_ep_length_mean:     200.0000
test_episode_length_mean:199.0000	test_red_team_alives_mean:103.0000	test_red_team_win_mean:    0.0000	test_return_mean:         -0.9333
test_return_std:           0.0000	
2026-08-15 02:46:26,314 - my_experiment - bat_60_HybridComm_static_45 - my_run - INFO - t_env: 2650200 / 5050000
2026-08-15 02:46:26,316 - my_experiment - bat_60_HybridComm_static_45 - my_run - INFO - Estimated time left: 17 hours, 35 minutes, 22 seconds. Time passed: 20 hours, 4 minutes, 45 seconds
2026-08-15 03:08:20,512 - my_experiment - bat_60_HybridComm_static_45 - my_run - INFO - Recent Stats | t_env:    2700000 | Episode:    13500
blue_team_alives_mean:   143.9960	blue_team_win_mean:        0.9040	ep_length_mean:          200.0000	episode_length_mean:     199.0000
epsilon:                   0.0500	grad_norm:               1038.3415	info_nce_loss:             0.1866	loss:                      1.7938
q_loss:                    1.6308	red_team_alives_mean:     96.6480	red_team_win_mean:         0.0000	return_mean:              -1.1371
return_std:                0.2481	test_blue_team_alives_mean:144.0000	test_blue_team_win_mean:   0.8000	test_ep_length_mean:     200.0000
test_episode_length_mean:199.0000	test_red_team_alives_mean:105.2000	test_red_team_win_mean:    0.0000	test_return_mean:         -0.9346
test_return_std:           0.0000	
2026-08-15 03:08:25,414 - my_experiment - bat_60_HybridComm_static_45 - my_run - INFO - t_env: 2700200 / 5050000
2026-08-15 03:08:25,416 - my_experiment - bat_60_HybridComm_static_45 - my_run - INFO - Estimated time left: 17 hours, 13 minutes, 12 seconds. Time passed: 20 hours, 26 minutes, 44 seconds
2026-08-15 03:30:24,424 - my_experiment - bat_60_HybridComm_static_45 - my_run - INFO - Recent Stats | t_env:    2750000 | Episode:    13750
blue_team_alives_mean:   143.9920	blue_team_win_mean:        0.9960	ep_length_mean:          200.0000	episode_length_mean:     199.0000
epsilon:                   0.0500	grad_norm:               3424.4531	info_nce_loss:             0.1761	loss:                      6.7704
q_loss:                    6.1549	red_team_alives_mean:     96.9720	red_team_win_mean:         0.0000	return_mean:              -1.1983
return_std:                0.2215	test_blue_team_alives_mean:144.0000	test_blue_team_win_mean:   0.8000	test_ep_length_mean:     200.0000
test_episode_length_mean:199.0000	test_red_team_alives_mean: 97.2000	test_red_team_win_mean:    0.0000	test_return_mean:         -0.9327
test_return_std:           0.0000	
2026-08-15 03:30:29,282 - my_experiment - bat_60_HybridComm_static_45 - my_run - INFO - t_env: 2750200 / 5050000
2026-08-15 03:30:29,284 - my_experiment - bat_60_HybridComm_static_45 - my_run - INFO - Estimated time left: 16 hours, 54 minutes, 52 seconds. Time passed: 20 hours, 48 minutes, 48 seconds
2026-08-15 03:51:29,532 - my_experiment - bat_60_HybridComm_static_45 - my_run - INFO - Recent Stats | t_env:    2800000 | Episode:    14000
blue_team_alives_mean:   143.8200	blue_team_win_mean:        0.9760	ep_length_mean:          200.0000	episode_length_mean:     199.0000
epsilon:                   0.0500	grad_norm:               1476.3654	info_nce_loss:             0.3484	loss:                      4.1914
q_loss:                    3.8103	red_team_alives_mean:     81.2600	red_team_win_mean:         0.0000	return_mean:              -1.0355
return_std:                0.1731	test_blue_team_alives_mean:144.0000	test_blue_team_win_mean:   0.8000	test_ep_length_mean:     200.0000
test_episode_length_mean:199.0000	test_red_team_alives_mean: 85.2000	test_red_team_win_mean:    0.0000	test_return_mean:         -0.8646
test_return_std:           0.0000	
2026-08-15 03:51:34,233 - my_experiment - bat_60_HybridComm_static_45 - my_run - INFO - t_env: 2800200 / 5050000
2026-08-15 03:51:34,234 - my_experiment - bat_60_HybridComm_static_45 - my_run - INFO - Estimated time left: 15 hours, 48 minutes, 37 seconds. Time passed: 21 hours, 9 minutes, 53 seconds
2026-08-15 04:13:06,221 - my_experiment - bat_60_HybridComm_static_45 - my_run - INFO - Recent Stats | t_env:    2850000 | Episode:    14250
blue_team_alives_mean:   143.7520	blue_team_win_mean:        0.9760	ep_length_mean:          200.0000	episode_length_mean:     199.0000
epsilon:                   0.0500	grad_norm:               7291.8753	info_nce_loss:             0.1885	loss:                     16.8734
q_loss:                   15.3394	red_team_alives_mean:     88.1720	red_team_win_mean:         0.0000	return_mean:              -1.1731
return_std:                0.3270	test_blue_team_alives_mean:144.0000	test_blue_team_win_mean:   1.0000	test_ep_length_mean:     200.0000
test_episode_length_mean:199.0000	test_red_team_alives_mean: 68.8000	test_red_team_win_mean:    0.0000	test_return_mean:         -0.7982
test_return_std:           0.0000	
2026-08-15 04:13:11,132 - my_experiment - bat_60_HybridComm_static_45 - my_run - INFO - t_env: 2850200 / 5050000
2026-08-15 04:13:11,134 - my_experiment - bat_60_HybridComm_static_45 - my_run - INFO - Estimated time left: 15 hours, 50 minutes, 58 seconds. Time passed: 21 hours, 31 minutes, 30 seconds
2026-08-15 04:34:44,134 - my_experiment - bat_60_HybridComm_static_45 - my_run - INFO - Recent Stats | t_env:    2900000 | Episode:    14500
blue_team_alives_mean:   144.0000	blue_team_win_mean:        0.9960	ep_length_mean:          200.0000	episode_length_mean:     199.0000
epsilon:                   0.0500	grad_norm:               1712.7888	info_nce_loss:             0.3347	loss:                      3.1146
q_loss:                    2.8315	red_team_alives_mean:     84.8800	red_team_win_mean:         0.0000	return_mean:              -1.0130
return_std:                0.2019	test_blue_team_alives_mean:144.0000	test_blue_team_win_mean:   1.0000	test_ep_length_mean:     200.0000
test_episode_length_mean:199.0000	test_red_team_alives_mean: 77.2000	test_red_team_win_mean:    0.0000	test_return_mean:         -0.8710
test_return_std:           0.0000	
2026-08-15 04:34:49,628 - my_experiment - bat_60_HybridComm_static_45 - my_run - INFO - t_env: 2900200 / 5050000
2026-08-15 04:34:49,630 - my_experiment - bat_60_HybridComm_static_45 - my_run - INFO - Estimated time left: 15 hours, 30 minutes, 30 seconds. Time passed: 21 hours, 53 minutes, 9 seconds
2026-08-15 04:56:45,047 - my_experiment - bat_60_HybridComm_static_45 - my_run - INFO - Recent Stats | t_env:    2950000 | Episode:    14750
blue_team_alives_mean:   143.6720	blue_team_win_mean:        0.9680	ep_length_mean:          200.0000	episode_length_mean:     199.0000
epsilon:                   0.0500	grad_norm:               1345.1085	info_nce_loss:             0.2026	loss:                      1.6363
q_loss:                    1.4875	red_team_alives_mean:     94.6280	red_team_win_mean:         0.0000	return_mean:              -1.4731
return_std:                0.8976	test_blue_team_alives_mean:144.0000	test_blue_team_win_mean:   1.0000	test_ep_length_mean:     200.0000
test_episode_length_mean:199.0000	test_red_team_alives_mean: 76.8000	test_red_team_win_mean:    0.0000	test_return_mean:         -0.8517
test_return_std:           0.0000	
2026-08-15 04:56:50,522 - my_experiment - bat_60_HybridComm_static_45 - my_run - INFO - t_env: 2950200 / 5050000
2026-08-15 04:56:50,524 - my_experiment - bat_60_HybridComm_static_45 - my_run - INFO - Estimated time left: 15 hours, 24 minutes, 32 seconds. Time passed: 22 hours, 15 minutes, 10 seconds
2026-08-15 05:17:50,658 - my_experiment - bat_60_HybridComm_static_45 - my_run - INFO - Recent Stats | t_env:    3000000 | Episode:    15000
blue_team_alives_mean:   143.7400	blue_team_win_mean:        0.9160	ep_length_mean:          200.0000	episode_length_mean:     199.0000
epsilon:                   0.0500	grad_norm:               940.2267	info_nce_loss:             0.1336	loss:                      2.8620
q_loss:                    2.6018	red_team_alives_mean:     85.7280	red_team_win_mean:         0.0000	return_mean:              -1.0750
return_std:                0.2000	test_blue_team_alives_mean:144.0000	test_blue_team_win_mean:   1.0000	test_ep_length_mean:     200.0000
test_episode_length_mean:199.0000	test_red_team_alives_mean: 86.6000	test_red_team_win_mean:    0.0000	test_return_mean:         -0.8385
test_return_std:           0.0000	
2026-08-15 05:17:56,180 - my_experiment - bat_60_HybridComm_static_45 - my_run - INFO - t_env: 3000200 / 5050000
2026-08-15 05:17:56,182 - my_experiment - bat_60_HybridComm_static_45 - my_run - INFO - Estimated time left: 14 hours, 24 minutes, 46 seconds. Time passed: 22 hours, 36 minutes, 15 seconds
2026-08-15 05:18:00,750 - my_experiment - bat_60_HybridComm_static_45 - my_run - INFO - Saving models to work_dirs/my_experiment/bat_60_HybridComm_static_45/my_run/20260814_064126/models/3000200
2026-08-15 05:39:14,490 - my_experiment - bat_60_HybridComm_static_45 - my_run - INFO - Recent Stats | t_env:    3050000 | Episode:    15250
blue_team_alives_mean:   143.9960	blue_team_win_mean:        0.9520	ep_length_mean:          200.0000	episode_length_mean:     199.0000
epsilon:                   0.0500	grad_norm:               1852.6886	info_nce_loss:             0.2700	loss:                      4.3316
q_loss:                    3.9378	red_team_alives_mean:     85.9520	red_team_win_mean:         0.0000	return_mean:              -1.0440
return_std:                0.2347	test_blue_team_alives_mean:144.0000	test_blue_team_win_mean:   1.0000	test_ep_length_mean:     200.0000
test_episode_length_mean:199.0000	test_red_team_alives_mean:103.0000	test_red_team_win_mean:    0.0000	test_return_mean:         -0.9349
test_return_std:           0.0000	
2026-08-15 05:39:19,985 - my_experiment - bat_60_HybridComm_static_45 - my_run - INFO - t_env: 3050200 / 5050000
2026-08-15 05:39:19,986 - my_experiment - bat_60_HybridComm_static_45 - my_run - INFO - Estimated time left: 14 hours, 15 minutes, 47 seconds. Time passed: 22 hours, 57 minutes, 39 seconds
2026-08-15 06:01:04,390 - my_experiment - bat_60_HybridComm_static_45 - my_run - INFO - Recent Stats | t_env:    3100000 | Episode:    15500
blue_team_alives_mean:   144.0000	blue_team_win_mean:        0.7960	ep_length_mean:          200.0000	episode_length_mean:     199.0000
epsilon:                   0.0500	grad_norm:               626.8339	info_nce_loss:             0.4987	loss:                      1.7294
q_loss:                    1.5722	red_team_alives_mean:     95.0160	red_team_win_mean:         0.0000	return_mean:              -1.1101
return_std:                0.2566	test_blue_team_alives_mean:144.0000	test_blue_team_win_mean:   0.8000	test_ep_length_mean:     200.0000
test_episode_length_mean:199.0000	test_red_team_alives_mean:119.4000	test_red_team_win_mean:    0.0000	test_return_mean:         -0.9959
test_return_std:           0.0000	
2026-08-15 06:01:09,220 - my_experiment - bat_60_HybridComm_static_45 - my_run - INFO - t_env: 3100200 / 5050000
2026-08-15 06:01:09,222 - my_experiment - bat_60_HybridComm_static_45 - my_run - INFO - Estimated time left: 14 hours, 10 minutes, 54 seconds. Time passed: 23 hours, 19 minutes, 28 seconds
2026-08-15 06:22:23,418 - my_experiment - bat_60_HybridComm_static_45 - my_run - INFO - Recent Stats | t_env:    3150000 | Episode:    15750
blue_team_alives_mean:   143.6840	blue_team_win_mean:        0.9400	ep_length_mean:          200.0000	episode_length_mean:     199.0000
epsilon:                   0.0500	grad_norm:               1150.1961	info_nce_loss:             0.2083	loss:                      2.2907
q_loss:                    2.0825	red_team_alives_mean:     91.5400	red_team_win_mean:         0.0000	return_mean:              -1.3360
return_std:                0.7478	test_blue_team_alives_mean:144.0000	test_blue_team_win_mean:   0.8000	test_ep_length_mean:     200.0000
test_episode_length_mean:199.0000	test_red_team_alives_mean:120.2000	test_red_team_win_mean:    0.0000	test_return_mean:         -0.9948
test_return_std:           0.0000	
2026-08-15 06:22:28,241 - my_experiment - bat_60_HybridComm_static_45 - my_run - INFO - t_env: 3150200 / 5050000
2026-08-15 06:22:28,243 - my_experiment - bat_60_HybridComm_static_45 - my_run - INFO - Estimated time left: 13 hours, 29 minutes, 57 seconds. Time passed: 23 hours, 40 minutes, 47 seconds
2026-08-15 06:44:35,394 - my_experiment - bat_60_HybridComm_static_45 - my_run - INFO - Recent Stats | t_env:    3200000 | Episode:    16000
blue_team_alives_mean:   142.2840	blue_team_win_mean:        0.8680	ep_length_mean:          200.0000	episode_length_mean:     199.0000
epsilon:                   0.0500	grad_norm:               1348.9178	info_nce_loss:             0.1323	loss:                      2.9075
q_loss:                    2.6432	red_team_alives_mean:     81.2240	red_team_win_mean:         0.0000	return_mean:              -1.0750
return_std:                0.2087	test_blue_team_alives_mean:140.8000	test_blue_team_win_mean:   0.8000	test_ep_length_mean:     200.0000
test_episode_length_mean:199.0000	test_red_team_alives_mean:116.6000	test_red_team_win_mean:    0.0000	test_return_mean:         -1.0712
test_return_std:           0.0000	
2026-08-15 06:44:41,443 - my_experiment - bat_60_HybridComm_static_45 - my_run - INFO - t_env: 3200200 / 5050000
2026-08-15 06:44:41,444 - my_experiment - bat_60_HybridComm_static_45 - my_run - INFO - Estimated time left: 13 hours, 42 minutes, 3 seconds. Time passed: 1 days, 3 minutes, 0 seconds
2026-08-15 07:07:44,555 - my_experiment - bat_60_HybridComm_static_45 - my_run - INFO - Recent Stats | t_env:    3250000 | Episode:    16250
blue_team_alives_mean:   143.8440	blue_team_win_mean:        0.9840	ep_length_mean:          200.0000	episode_length_mean:     199.0000
epsilon:                   0.0500	grad_norm:               1255.5168	info_nce_loss:             0.1037	loss:                      3.8476
q_loss:                    3.4978	red_team_alives_mean:     88.3760	red_team_win_mean:         0.0000	return_mean:              -1.0500
return_std:                0.2195	test_blue_team_alives_mean:140.8000	test_blue_team_win_mean:   0.8000	test_ep_length_mean:     200.0000
test_episode_length_mean:199.0000	test_red_team_alives_mean:112.6000	test_red_team_win_mean:    0.0000	test_return_mean:         -1.0832
test_return_std:           0.0000	
2026-08-15 07:07:49,709 - my_experiment - bat_60_HybridComm_static_45 - my_run - INFO - t_env: 3250200 / 5050000
2026-08-15 07:07:49,711 - my_experiment - bat_60_HybridComm_static_45 - my_run - INFO - Estimated time left: 13 hours, 52 minutes, 52 seconds. Time passed: 1 days, 26 minutes, 9 seconds
2026-08-15 07:31:02,098 - my_experiment - bat_60_HybridComm_static_45 - my_run - INFO - Recent Stats | t_env:    3300000 | Episode:    16500
blue_team_alives_mean:   144.0000	blue_team_win_mean:        0.9920	ep_length_mean:          200.0000	episode_length_mean:     199.0000
epsilon:                   0.0500	grad_norm:               879.7146	info_nce_loss:             0.1460	loss:                      3.3243
q_loss:                    3.0221	red_team_alives_mean:     84.6760	red_team_win_mean:         0.0000	return_mean:              -1.0097
return_std:                0.1377	test_blue_team_alives_mean:140.8000	test_blue_team_win_mean:   0.8000	test_ep_length_mean:     200.0000
test_episode_length_mean:199.0000	test_red_team_alives_mean: 99.6000	test_red_team_win_mean:    0.0000	test_return_mean:         -0.9928
test_return_std:           0.0000	
2026-08-15 07:31:07,368 - my_experiment - bat_60_HybridComm_static_45 - my_run - INFO - t_env: 3300200 / 5050000
2026-08-15 07:31:07,370 - my_experiment - bat_60_HybridComm_static_45 - my_run - INFO - Estimated time left: 13 hours, 35 minutes, 12 seconds. Time passed: 1 days, 49 minutes, 26 seconds
2026-08-15 07:54:36,802 - my_experiment - bat_60_HybridComm_static_45 - my_run - INFO - Recent Stats | t_env:    3350000 | Episode:    16750
blue_team_alives_mean:   144.0000	blue_team_win_mean:        0.8720	ep_length_mean:          200.0000	episode_length_mean:     199.0000
epsilon:                   0.0500	grad_norm:               2041.1309	info_nce_loss:             0.1318	loss:                      4.8881
q_loss:                    4.4437	red_team_alives_mean:     97.9880	red_team_win_mean:         0.0000	return_mean:              -1.0978
return_std:                0.2042	test_blue_team_alives_mean:140.8000	test_blue_team_win_mean:   1.0000	test_ep_length_mean:     200.0000
test_episode_length_mean:199.0000	test_red_team_alives_mean: 89.0000	test_red_team_win_mean:    0.0000	test_return_mean:         -0.9862
test_return_std:           0.0000	
2026-08-15 07:54:42,727 - my_experiment - bat_60_HybridComm_static_45 - my_run - INFO - t_env: 3350200 / 5050000
2026-08-15 07:54:42,729 - my_experiment - bat_60_HybridComm_static_45 - my_run - INFO - Estimated time left: 13 hours, 21 minutes, 56 seconds. Time passed: 1 days, 1 hours, 13 minutes, 2 seconds
2026-08-15 08:18:31,032 - my_experiment - bat_60_HybridComm_static_45 - my_run - INFO - Recent Stats | t_env:    3400000 | Episode:    17000
blue_team_alives_mean:   144.0000	blue_team_win_mean:        0.9680	ep_length_mean:          200.0000	episode_length_mean:     199.0000
epsilon:                   0.0500	grad_norm:               997.8370	info_nce_loss:             0.2357	loss:                      2.2531
q_loss:                    2.0483	red_team_alives_mean:    101.8080	red_team_win_mean:         0.0000	return_mean:              -1.1111
return_std:                0.1499	test_blue_team_alives_mean:140.8000	test_blue_team_win_mean:   1.0000	test_ep_length_mean:     200.0000
test_episode_length_mean:199.0000	test_red_team_alives_mean: 84.2000	test_red_team_win_mean:    0.0000	test_return_mean:         -0.9480
test_return_std:           0.0000	
2026-08-15 08:18:36,996 - my_experiment - bat_60_HybridComm_static_45 - my_run - INFO - t_env: 3400200 / 5050000
2026-08-15 08:18:36,997 - my_experiment - bat_60_HybridComm_static_45 - my_run - INFO - Estimated time left: 13 hours, 8 minutes, 45 seconds. Time passed: 1 days, 1 hours, 36 minutes, 56 seconds
2026-08-15 08:41:49,602 - my_experiment - bat_60_HybridComm_static_45 - my_run - INFO - Recent Stats | t_env:    3450000 | Episode:    17250
blue_team_alives_mean:   143.9400	blue_team_win_mean:        0.9080	ep_length_mean:          200.0000	episode_length_mean:     199.0000
epsilon:                   0.0500	grad_norm:               2096.1066	info_nce_loss:             0.1918	loss:                      2.9295
q_loss:                    2.6632	red_team_alives_mean:    100.4000	red_team_win_mean:         0.0000	return_mean:              -1.1694
return_std:                0.2284	test_blue_team_alives_mean:144.0000	test_blue_team_win_mean:   0.8000	test_ep_length_mean:     200.0000
test_episode_length_mean:199.0000	test_red_team_alives_mean: 93.4000	test_red_team_win_mean:    0.0000	test_return_mean:         -0.8811
test_return_std:           0.0000	
2026-08-15 08:41:54,870 - my_experiment - bat_60_HybridComm_static_45 - my_run - INFO - t_env: 3450200 / 5050000
2026-08-15 08:41:54,872 - my_experiment - bat_60_HybridComm_static_45 - my_run - INFO - Estimated time left: 12 hours, 25 minutes, 26 seconds. Time passed: 1 days, 2 hours, 14 seconds
2026-08-15 09:05:14,254 - my_experiment - bat_60_HybridComm_static_45 - my_run - INFO - Recent Stats | t_env:    3500000 | Episode:    17500
blue_team_alives_mean:   143.9400	blue_team_win_mean:        0.8240	ep_length_mean:          200.0000	episode_length_mean:     199.0000
epsilon:                   0.0500	grad_norm:               1730.7081	info_nce_loss:             0.2859	loss:                      1.8423
q_loss:                    1.6748	red_team_alives_mean:     91.7040	red_team_win_mean:         0.0000	return_mean:              -1.0719
return_std:                0.1919	test_blue_team_alives_mean:144.0000	test_blue_team_win_mean:   0.8000	test_ep_length_mean:     200.0000
test_episode_length_mean:199.0000	test_red_team_alives_mean: 89.0000	test_red_team_win_mean:    0.0000	test_return_mean:         -0.8625
test_return_std:           0.0000	
2026-08-15 09:05:19,676 - my_experiment - bat_60_HybridComm_static_45 - my_run - INFO - t_env: 3500200 / 5050000
2026-08-15 09:05:19,677 - my_experiment - bat_60_HybridComm_static_45 - my_run - INFO - Estimated time left: 12 hours, 5 minutes, 43 seconds. Time passed: 1 days, 2 hours, 23 minutes, 39 seconds
2026-08-15 09:05:24,326 - my_experiment - bat_60_HybridComm_static_45 - my_run - INFO - Saving models to work_dirs/my_experiment/bat_60_HybridComm_static_45/my_run/20260814_064126/models/3500200
2026-08-15 09:27:55,045 - my_experiment - bat_60_HybridComm_static_45 - my_run - INFO - Recent Stats | t_env:    3550000 | Episode:    17750
blue_team_alives_mean:   143.9840	blue_team_win_mean:        0.9960	ep_length_mean:          200.0000	episode_length_mean:     199.0000
epsilon:                   0.0500	grad_norm:               1860.9789	info_nce_loss:             0.2271	loss:                      2.0147
q_loss:                    1.8316	red_team_alives_mean:     81.3400	red_team_win_mean:         0.0000	return_mean:              -0.9991
return_std:                0.1482	test_blue_team_alives_mean:144.0000	test_blue_team_win_mean:   0.8000	test_ep_length_mean:     200.0000
test_episode_length_mean:199.0000	test_red_team_alives_mean: 94.6000	test_red_team_win_mean:    0.0000	test_return_mean:         -0.9167
test_return_std:           0.0000	
2026-08-15 09:28:00,348 - my_experiment - bat_60_HybridComm_static_45 - my_run - INFO - t_env: 3550200 / 5050000
2026-08-15 09:28:00,350 - my_experiment - bat_60_HybridComm_static_45 - my_run - INFO - Estimated time left: 11 hours, 20 minutes, 14 seconds. Time passed: 1 days, 2 hours, 46 minutes, 19 seconds
2026-08-15 09:50:37,446 - my_experiment - bat_60_HybridComm_static_45 - my_run - INFO - Recent Stats | t_env:    3600000 | Episode:    18000
blue_team_alives_mean:   143.7880	blue_team_win_mean:        1.0000	ep_length_mean:          200.0000	episode_length_mean:     199.0000
epsilon:                   0.0500	grad_norm:               1624.8799	info_nce_loss:             0.1494	loss:                      2.3210
q_loss:                    2.1100	red_team_alives_mean:     72.9960	red_team_win_mean:         0.0000	return_mean:              -1.1729
return_std:                0.7575	test_blue_team_alives_mean:144.0000	test_blue_team_win_mean:   0.8000	test_ep_length_mean:     200.0000
test_episode_length_mean:199.0000	test_red_team_alives_mean: 92.4000	test_red_team_win_mean:    0.0000	test_return_mean:         -0.9071
test_return_std:           0.0000	
2026-08-15 09:50:42,800 - my_experiment - bat_60_HybridComm_static_45 - my_run - INFO - t_env: 3600200 / 5050000
2026-08-15 09:50:42,801 - my_experiment - bat_60_HybridComm_static_45 - my_run - INFO - Estimated time left: 10 hours, 58 minutes, 25 seconds. Time passed: 1 days, 3 hours, 9 minutes, 2 seconds
2026-08-15 10:13:47,799 - my_experiment - bat_60_HybridComm_static_45 - my_run - INFO - Recent Stats | t_env:    3650000 | Episode:    18250
blue_team_alives_mean:   143.9880	blue_team_win_mean:        1.0000	ep_length_mean:          200.0000	episode_length_mean:     199.0000
epsilon:                   0.0500	grad_norm:               1035.5414	info_nce_loss:             0.1670	loss:                      1.4662
q_loss:                    1.3329	red_team_alives_mean:     83.8000	red_team_win_mean:         0.0000	return_mean:              -1.0307
return_std:                0.1739	test_blue_team_alives_mean:144.0000	test_blue_team_win_mean:   0.8000	test_ep_length_mean:     200.0000
test_episode_length_mean:199.0000	test_red_team_alives_mean: 89.4000	test_red_team_win_mean:    0.0000	test_return_mean:         -0.9108
test_return_std:           0.0000	
2026-08-15 10:13:53,213 - my_experiment - bat_60_HybridComm_static_45 - my_run - INFO - t_env: 3650200 / 5050000
2026-08-15 10:13:53,215 - my_experiment - bat_60_HybridComm_static_45 - my_run - INFO - Estimated time left: 10 hours, 48 minutes, 46 seconds. Time passed: 1 days, 3 hours, 32 minutes, 12 seconds
2026-08-15 10:36:38,123 - my_experiment - bat_60_HybridComm_static_45 - my_run - INFO - Recent Stats | t_env:    3700000 | Episode:    18500
blue_team_alives_mean:   143.5920	blue_team_win_mean:        0.9040	ep_length_mean:          200.0000	episode_length_mean:     199.0000
epsilon:                   0.0500	grad_norm:               1214.4441	info_nce_loss:             0.2193	loss:                      2.0681
q_loss:                    1.8801	red_team_alives_mean:     89.6520	red_team_win_mean:         0.0000	return_mean:              -1.1594
return_std:                0.2959	test_blue_team_alives_mean:144.0000	test_blue_team_win_mean:   1.0000	test_ep_length_mean:     200.0000
test_episode_length_mean:199.0000	test_red_team_alives_mean: 70.0000	test_red_team_win_mean:    0.0000	test_return_mean:         -0.8541
test_return_std:           0.0000	
2026-08-15 10:36:43,861 - my_experiment - bat_60_HybridComm_static_45 - my_run - INFO - t_env: 3700200 / 5050000
2026-08-15 10:36:43,863 - my_experiment - bat_60_HybridComm_static_45 - my_run - INFO - Estimated time left: 10 hours, 16 minutes, 41 seconds. Time passed: 1 days, 3 hours, 55 minutes, 3 seconds
2026-08-15 10:59:48,601 - my_experiment - bat_60_HybridComm_static_45 - my_run - INFO - Recent Stats | t_env:    3750000 | Episode:    18750
blue_team_alives_mean:   143.9520	blue_team_win_mean:        0.9560	ep_length_mean:          200.0000	episode_length_mean:     199.0000
epsilon:                   0.0500	grad_norm:               2423.8801	info_nce_loss:             0.1863	loss:                      4.6713
q_loss:                    4.2467	red_team_alives_mean:     81.8160	red_team_win_mean:         0.0000	return_mean:              -1.0224
return_std:                0.2117	test_blue_team_alives_mean:144.0000	test_blue_team_win_mean:   1.0000	test_ep_length_mean:     200.0000
test_episode_length_mean:199.0000	test_red_team_alives_mean: 73.4000	test_red_team_win_mean:    0.0000	test_return_mean:         -0.8579
test_return_std:           0.0000	
2026-08-15 10:59:53,606 - my_experiment - bat_60_HybridComm_static_45 - my_run - INFO - t_env: 3750200 / 5050000
2026-08-15 10:59:53,608 - my_experiment - bat_60_HybridComm_static_45 - my_run - INFO - Estimated time left: 10 hours, 2 minutes, 7 seconds. Time passed: 1 days, 4 hours, 18 minutes, 13 seconds
2026-08-15 11:22:45,950 - my_experiment - bat_60_HybridComm_static_45 - my_run - INFO - Recent Stats | t_env:    3800000 | Episode:    19000
blue_team_alives_mean:   143.9960	blue_team_win_mean:        0.8840	ep_length_mean:          200.0000	episode_length_mean:     199.0000
epsilon:                   0.0500	grad_norm:               1379.7794	info_nce_loss:             0.2366	loss:                      2.0472
q_loss:                    1.8611	red_team_alives_mean:     93.1960	red_team_win_mean:         0.0000	return_mean:              -1.0521
return_std:                0.1651	test_blue_team_alives_mean:143.8000	test_blue_team_win_mean:   1.0000	test_ep_length_mean:     200.0000
test_episode_length_mean:199.0000	test_red_team_alives_mean: 65.6000	test_red_team_win_mean:    0.0000	test_return_mean:         -0.7992
test_return_std:           0.0000	
2026-08-15 11:22:51,368 - my_experiment - bat_60_HybridComm_static_45 - my_run - INFO - t_env: 3800200 / 5050000
2026-08-15 11:22:51,369 - my_experiment - bat_60_HybridComm_static_45 - my_run - INFO - Estimated time left: 9 hours, 33 minutes, 58 seconds. Time passed: 1 days, 4 hours, 41 minutes, 10 seconds
2026-08-15 11:45:44,910 - my_experiment - bat_60_HybridComm_static_45 - my_run - INFO - Recent Stats | t_env:    3850000 | Episode:    19250
blue_team_alives_mean:   143.8840	blue_team_win_mean:        0.9680	ep_length_mean:          200.0000	episode_length_mean:     199.0000
epsilon:                   0.0500	grad_norm:               584.6973	info_nce_loss:             0.3077	loss:                      0.9747
q_loss:                    0.8861	red_team_alives_mean:     83.1920	red_team_win_mean:         0.0000	return_mean:              -1.1434
return_std:                0.3295	test_blue_team_alives_mean:143.8000	test_blue_team_win_mean:   1.0000	test_ep_length_mean:     200.0000
test_episode_length_mean:199.0000	test_red_team_alives_mean: 66.0000	test_red_team_win_mean:    0.0000	test_return_mean:         -0.7721
test_return_std:           0.0000	
2026-08-15 11:45:50,177 - my_experiment - bat_60_HybridComm_static_45 - my_run - INFO - t_env: 3850200 / 5050000
2026-08-15 11:45:50,178 - my_experiment - bat_60_HybridComm_static_45 - my_run - INFO - Estimated time left: 9 hours, 11 minutes, 25 seconds. Time passed: 1 days, 5 hours, 4 minutes, 9 seconds
2026-08-15 12:08:26,826 - my_experiment - bat_60_HybridComm_static_45 - my_run - INFO - Recent Stats | t_env:    3900000 | Episode:    19500
blue_team_alives_mean:   143.9960	blue_team_win_mean:        0.9960	ep_length_mean:          200.0000	episode_length_mean:     199.0000
epsilon:                   0.0500	grad_norm:               674.1459	info_nce_loss:             0.1876	loss:                      0.7314
q_loss:                    0.6649	red_team_alives_mean:     81.4720	red_team_win_mean:         0.0000	return_mean:              -0.9460
return_std:                0.1631	test_blue_team_alives_mean:143.8000	test_blue_team_win_mean:   1.0000	test_ep_length_mean:     200.0000
test_episode_length_mean:199.0000	test_red_team_alives_mean: 71.0000	test_red_team_win_mean:    0.0000	test_return_mean:         -0.7593
test_return_std:           0.0000	
2026-08-15 12:08:32,402 - my_experiment - bat_60_HybridComm_static_45 - my_run - INFO - t_env: 3900200 / 5050000
2026-08-15 12:08:32,403 - my_experiment - bat_60_HybridComm_static_45 - my_run - INFO - Estimated time left: 8 hours, 42 minutes, 5 seconds. Time passed: 1 days, 5 hours, 26 minutes, 51 seconds
2026-08-15 12:31:55,042 - my_experiment - bat_60_HybridComm_static_45 - my_run - INFO - Recent Stats | t_env:    3950000 | Episode:    19750
blue_team_alives_mean:   143.8720	blue_team_win_mean:        0.9480	ep_length_mean:          200.0000	episode_length_mean:     199.0000
epsilon:                   0.0500	grad_norm:               1345.4761	info_nce_loss:             0.1320	loss:                      2.3439
q_loss:                    2.1308	red_team_alives_mean:     92.2320	red_team_win_mean:         0.0000	return_mean:              -1.0884
return_std:                0.1903	test_blue_team_alives_mean:143.8000	test_blue_team_win_mean:   1.0000	test_ep_length_mean:     200.0000
test_episode_length_mean:199.0000	test_red_team_alives_mean: 79.4000	test_red_team_win_mean:    0.0000	test_return_mean:         -0.7658
test_return_std:           0.0000	
2026-08-15 12:32:01,021 - my_experiment - bat_60_HybridComm_static_45 - my_run - INFO - t_env: 3950200 / 5050000
2026-08-15 12:32:01,023 - my_experiment - bat_60_HybridComm_static_45 - my_run - INFO - Estimated time left: 8 hours, 36 minutes, 23 seconds. Time passed: 1 days, 5 hours, 50 minutes, 20 seconds
2026-08-15 12:54:54,847 - my_experiment - bat_60_HybridComm_static_45 - my_run - INFO - Recent Stats | t_env:    4000000 | Episode:    20000
blue_team_alives_mean:   143.0120	blue_team_win_mean:        0.9120	ep_length_mean:          200.0000	episode_length_mean:     199.0000
epsilon:                   0.0500	grad_norm:               793.1920	info_nce_loss:             0.1835	loss:                      1.2611
q_loss:                    1.1464	red_team_alives_mean:     86.5040	red_team_win_mean:         0.0040	return_mean:              -1.2531
return_std:                0.5934	test_blue_team_alives_mean:143.8000	test_blue_team_win_mean:   1.0000	test_ep_length_mean:     200.0000
test_episode_length_mean:199.0000	test_red_team_alives_mean: 88.4000	test_red_team_win_mean:    0.0000	test_return_mean:         -0.7847
test_return_std:           0.0000	
2026-08-15 12:55:00,038 - my_experiment - bat_60_HybridComm_static_45 - my_run - INFO - t_env: 4000200 / 5050000
2026-08-15 12:55:00,040 - my_experiment - bat_60_HybridComm_static_45 - my_run - INFO - Estimated time left: 8 hours, 2 minutes, 33 seconds. Time passed: 1 days, 6 hours, 13 minutes, 19 seconds
2026-08-15 12:55:04,207 - my_experiment - bat_60_HybridComm_static_45 - my_run - INFO - Saving models to work_dirs/my_experiment/bat_60_HybridComm_static_45/my_run/20260814_064126/models/4000200
2026-08-15 13:18:07,098 - my_experiment - bat_60_HybridComm_static_45 - my_run - INFO - Recent Stats | t_env:    4050000 | Episode:    20250
blue_team_alives_mean:   144.0000	blue_team_win_mean:        0.9880	ep_length_mean:          200.0000	episode_length_mean:     199.0000
epsilon:                   0.0500	grad_norm:               890.7374	info_nce_loss:             0.1214	loss:                      1.3028
q_loss:                    1.1844	red_team_alives_mean:     88.0720	red_team_win_mean:         0.0000	return_mean:              -1.0420
return_std:                0.1582	test_blue_team_alives_mean:144.0000	test_blue_team_win_mean:   1.0000	test_ep_length_mean:     200.0000
test_episode_length_mean:199.0000	test_red_team_alives_mean: 91.2000	test_red_team_win_mean:    0.0000	test_return_mean:         -0.8040
test_return_std:           0.0000	
2026-08-15 13:18:12,288 - my_experiment - bat_60_HybridComm_static_45 - my_run - INFO - t_env: 4050200 / 5050000
2026-08-15 13:18:12,289 - my_experiment - bat_60_HybridComm_static_45 - my_run - INFO - Estimated time left: 7 hours, 43 minutes, 59 seconds. Time passed: 1 days, 6 hours, 36 minutes, 31 seconds
2026-08-15 13:41:42,704 - my_experiment - bat_60_HybridComm_static_45 - my_run - INFO - Recent Stats | t_env:    4100000 | Episode:    20500
blue_team_alives_mean:   143.9640	blue_team_win_mean:        0.9800	ep_length_mean:          200.0000	episode_length_mean:     199.0000
epsilon:                   0.0500	grad_norm:               1035.0239	info_nce_loss:             0.2999	loss:                      1.4920
q_loss:                    1.3564	red_team_alives_mean:     88.0160	red_team_win_mean:         0.0000	return_mean:              -1.0412
return_std:                0.1727	test_blue_team_alives_mean:144.0000	test_blue_team_win_mean:   1.0000	test_ep_length_mean:     200.0000
test_episode_length_mean:199.0000	test_red_team_alives_mean: 90.4000	test_red_team_win_mean:    0.0000	test_return_mean:         -0.8331
test_return_std:           0.0000	
2026-08-15 13:41:48,730 - my_experiment - bat_60_HybridComm_static_45 - my_run - INFO - t_env: 4100200 / 5050000
2026-08-15 13:41:48,731 - my_experiment - bat_60_HybridComm_static_45 - my_run - INFO - Estimated time left: 7 hours, 28 minutes, 26 seconds. Time passed: 1 days, 7 hours, 8 seconds
2026-08-15 14:05:21,861 - my_experiment - bat_60_HybridComm_static_45 - my_run - INFO - Recent Stats | t_env:    4150000 | Episode:    20750
blue_team_alives_mean:   143.9760	blue_team_win_mean:        0.9000	ep_length_mean:          200.0000	episode_length_mean:     199.0000
epsilon:                   0.0500	grad_norm:               789.6181	info_nce_loss:             0.2957	loss:                      1.4454
q_loss:                    1.3140	red_team_alives_mean:    103.3120	red_team_win_mean:         0.0000	return_mean:              -1.1501
return_std:                0.1512	test_blue_team_alives_mean:144.0000	test_blue_team_win_mean:   1.0000	test_ep_length_mean:     200.0000
test_episode_length_mean:199.0000	test_red_team_alives_mean: 99.6000	test_red_team_win_mean:    0.0000	test_return_mean:         -0.8818
test_return_std:           0.0000	
2026-08-15 14:05:27,269 - my_experiment - bat_60_HybridComm_static_45 - my_run - INFO - t_env: 4150200 / 5050000
2026-08-15 14:05:27,270 - my_experiment - bat_60_HybridComm_static_45 - my_run - INFO - Estimated time left: 7 hours, 5 minutes, 28 seconds. Time passed: 1 days, 7 hours, 23 minutes, 46 seconds
2026-08-15 14:28:47,333 - my_experiment - bat_60_HybridComm_static_45 - my_run - INFO - Recent Stats | t_env:    4200000 | Episode:    21000
blue_team_alives_mean:   144.0000	blue_team_win_mean:        0.9240	ep_length_mean:          200.0000	episode_length_mean:     199.0000
epsilon:                   0.0500	grad_norm:               794.9174	info_nce_loss:             0.0973	loss:                      1.2392
q_loss:                    1.1266	red_team_alives_mean:     89.0720	red_team_win_mean:         0.0000	return_mean:              -1.0457
return_std:                0.1830	test_blue_team_alives_mean:144.0000	test_blue_team_win_mean:   1.0000	test_ep_length_mean:     200.0000
test_episode_length_mean:199.0000	test_red_team_alives_mean: 99.0000	test_red_team_win_mean:    0.0000	test_return_mean:         -0.9364
test_return_std:           0.0000	
2026-08-15 14:28:53,458 - my_experiment - bat_60_HybridComm_static_45 - my_run - INFO - t_env: 4200200 / 5050000
2026-08-15 14:28:53,460 - my_experiment - bat_60_HybridComm_static_45 - my_run - INFO - Estimated time left: 6 hours, 38 minutes, 19 seconds. Time passed: 1 days, 7 hours, 47 minutes, 13 seconds
2026-08-15 14:52:18,681 - my_experiment - bat_60_HybridComm_static_45 - my_run - INFO - Recent Stats | t_env:    4250000 | Episode:    21250
blue_team_alives_mean:   143.9800	blue_team_win_mean:        0.9400	ep_length_mean:          200.0000	episode_length_mean:     199.0000
epsilon:                   0.0500	grad_norm:               910.3651	info_nce_loss:             0.2729	loss:                      1.3388
q_loss:                    1.2171	red_team_alives_mean:     99.2760	red_team_win_mean:         0.0000	return_mean:              -1.1378
return_std:                0.1811	test_blue_team_alives_mean:144.0000	test_blue_team_win_mean:   1.0000	test_ep_length_mean:     200.0000
test_episode_length_mean:199.0000	test_red_team_alives_mean: 94.8000	test_red_team_win_mean:    0.0000	test_return_mean:         -0.9211
test_return_std:           0.0000	
2026-08-15 14:52:24,052 - my_experiment - bat_60_HybridComm_static_45 - my_run - INFO - t_env: 4250200 / 5050000
2026-08-15 14:52:24,054 - my_experiment - bat_60_HybridComm_static_45 - my_run - INFO - Estimated time left: 6 hours, 16 minutes, 3 seconds. Time passed: 1 days, 8 hours, 10 minutes, 43 seconds
2026-08-15 15:15:31,252 - my_experiment - bat_60_HybridComm_static_45 - my_run - INFO - Recent Stats | t_env:    4300000 | Episode:    21500
blue_team_alives_mean:   143.9680	blue_team_win_mean:        0.9320	ep_length_mean:          200.0000	episode_length_mean:     199.0000
epsilon:                   0.0500	grad_norm:               1045.3670	info_nce_loss:             0.1958	loss:                      1.8964
q_loss:                    1.7240	red_team_alives_mean:     85.3320	red_team_win_mean:         0.0000	return_mean:              -1.0302
return_std:                0.1572	test_blue_team_alives_mean:144.0000	test_blue_team_win_mean:   1.0000	test_ep_length_mean:     200.0000
test_episode_length_mean:199.0000	test_red_team_alives_mean:105.2000	test_red_team_win_mean:    0.0000	test_return_mean:         -1.0161
test_return_std:           0.0000	
2026-08-15 15:15:37,233 - my_experiment - bat_60_HybridComm_static_45 - my_run - INFO - t_env: 4300200 / 5050000
2026-08-15 15:15:37,235 - my_experiment - bat_60_HybridComm_static_45 - my_run - INFO - Estimated time left: 5 hours, 48 minutes, 12 seconds. Time passed: 1 days, 8 hours, 33 minutes, 56 seconds
2026-08-15 15:38:58,347 - my_experiment - bat_60_HybridComm_static_45 - my_run - INFO - Recent Stats | t_env:    4350000 | Episode:    21750
blue_team_alives_mean:   143.5600	blue_team_win_mean:        0.8920	ep_length_mean:          200.0000	episode_length_mean:     199.0000
epsilon:                   0.0500	grad_norm:               1218.5387	info_nce_loss:             0.3346	loss:                      2.0186
q_loss:                    1.8351	red_team_alives_mean:     90.0760	red_team_win_mean:         0.0000	return_mean:              -1.0831
return_std:                0.1911	test_blue_team_alives_mean:144.0000	test_blue_team_win_mean:   1.0000	test_ep_length_mean:     200.0000
test_episode_length_mean:199.0000	test_red_team_alives_mean:115.2000	test_red_team_win_mean:    0.0000	test_return_mean:         -1.0275
test_return_std:           0.0000	
2026-08-15 15:39:04,205 - my_experiment - bat_60_HybridComm_static_45 - my_run - INFO - t_env: 4350200 / 5050000
2026-08-15 15:39:04,207 - my_experiment - bat_60_HybridComm_static_45 - my_run - INFO - Estimated time left: 5 hours, 28 minutes, 11 seconds. Time passed: 1 days, 8 hours, 57 minutes, 23 seconds
2026-08-15 16:00:28,405 - my_experiment - bat_60_HybridComm_static_45 - my_run - INFO - Recent Stats | t_env:    4400000 | Episode:    22000
blue_team_alives_mean:   143.1680	blue_team_win_mean:        1.0000	ep_length_mean:          200.0000	episode_length_mean:     199.0000
epsilon:                   0.0500	grad_norm:               512.3053	info_nce_loss:             0.2817	loss:                      0.8197
q_loss:                    0.7451	red_team_alives_mean:     79.4600	red_team_win_mean:         0.0000	return_mean:              -1.0294
return_std:                0.1356	test_blue_team_alives_mean:144.0000	test_blue_team_win_mean:   1.0000	test_ep_length_mean:     200.0000
test_episode_length_mean:199.0000	test_red_team_alives_mean:111.4000	test_red_team_win_mean:    0.0000	test_return_mean:         -1.0225
test_return_std:           0.0000	
2026-08-15 16:00:33,734 - my_experiment - bat_60_HybridComm_static_45 - my_run - INFO - t_env: 4400200 / 5050000
2026-08-15 16:00:33,736 - my_experiment - bat_60_HybridComm_static_45 - my_run - INFO - Estimated time left: 4 hours, 39 minutes, 18 seconds. Time passed: 1 days, 9 hours, 18 minutes, 53 seconds
2026-08-15 16:21:53,036 - my_experiment - bat_60_HybridComm_static_45 - my_run - INFO - Recent Stats | t_env:    4450000 | Episode:    22250
blue_team_alives_mean:   143.8040	blue_team_win_mean:        0.9880	ep_length_mean:          200.0000	episode_length_mean:     199.0000
epsilon:                   0.0500	grad_norm:               696.2102	info_nce_loss:             0.2046	loss:                      0.8920
q_loss:                    0.8109	red_team_alives_mean:     82.8160	red_team_win_mean:         0.0000	return_mean:              -1.0195
return_std:                0.1602	test_blue_team_alives_mean:143.8000	test_blue_team_win_mean:   1.0000	test_ep_length_mean:     200.0000
test_episode_length_mean:199.0000	test_red_team_alives_mean:119.0000	test_red_team_win_mean:    0.0000	test_return_mean:         -1.0300
test_return_std:           0.0000	
2026-08-15 16:21:57,969 - my_experiment - bat_60_HybridComm_static_45 - my_run - INFO - t_env: 4450200 / 5050000
2026-08-15 16:21:57,970 - my_experiment - bat_60_HybridComm_static_45 - my_run - INFO - Estimated time left: 4 hours, 16 minutes, 45 seconds. Time passed: 1 days, 9 hours, 40 minutes, 17 seconds
2026-08-15 16:42:46,833 - my_experiment - bat_60_HybridComm_static_45 - my_run - INFO - Recent Stats | t_env:    4500000 | Episode:    22500
blue_team_alives_mean:   143.9440	blue_team_win_mean:        1.0000	ep_length_mean:          200.0000	episode_length_mean:     199.0000
epsilon:                   0.0500	grad_norm:               596.7931	info_nce_loss:             0.1367	loss:                      0.6795
q_loss:                    0.6177	red_team_alives_mean:     72.0560	red_team_win_mean:         0.0000	return_mean:              -0.9196
return_std:                0.1090	test_blue_team_alives_mean:143.8000	test_blue_team_win_mean:   1.0000	test_ep_length_mean:     200.0000
test_episode_length_mean:199.0000	test_red_team_alives_mean:112.4000	test_red_team_win_mean:    0.0000	test_return_mean:         -1.0409
test_return_std:           0.0000	
2026-08-15 16:42:51,767 - my_experiment - bat_60_HybridComm_static_45 - my_run - INFO - t_env: 4500200 / 5050000
2026-08-15 16:42:51,769 - my_experiment - bat_60_HybridComm_static_45 - my_run - INFO - Estimated time left: 3 hours, 49 minutes, 46 seconds. Time passed: 1 days, 10 hours, 1 minutes, 11 seconds
2026-08-15 16:42:55,968 - my_experiment - bat_60_HybridComm_static_45 - my_run - INFO - Saving models to work_dirs/my_experiment/bat_60_HybridComm_static_45/my_run/20260814_064126/models/4500200
2026-08-15 17:04:02,514 - my_experiment - bat_60_HybridComm_static_45 - my_run - INFO - Recent Stats | t_env:    4550000 | Episode:    22750
blue_team_alives_mean:   142.3080	blue_team_win_mean:        0.9640	ep_length_mean:          200.0000	episode_length_mean:     199.0000
epsilon:                   0.0500	grad_norm:               1340.2100	info_nce_loss:             0.2685	loss:                      2.7506
q_loss:                    2.5006	red_team_alives_mean:     85.4600	red_team_win_mean:         0.0040	return_mean:              -1.2308
return_std:                0.5145	test_blue_team_alives_mean:143.8000	test_blue_team_win_mean:   1.0000	test_ep_length_mean:     200.0000
test_episode_length_mean:199.0000	test_red_team_alives_mean:105.4000	test_red_team_win_mean:    0.0000	test_return_mean:         -1.0342
test_return_std:           0.0000	
2026-08-15 17:04:07,412 - my_experiment - bat_60_HybridComm_static_45 - my_run - INFO - t_env: 4550200 / 5050000
2026-08-15 17:04:07,413 - my_experiment - bat_60_HybridComm_static_45 - my_run - INFO - Estimated time left: 3 hours, 32 minutes, 31 seconds. Time passed: 1 days, 10 hours, 22 minutes, 26 seconds
2026-08-15 17:25:10,336 - my_experiment - bat_60_HybridComm_static_45 - my_run - INFO - Recent Stats | t_env:    4600000 | Episode:    23000
blue_team_alives_mean:   143.1600	blue_team_win_mean:        0.9960	ep_length_mean:          200.0000	episode_length_mean:     199.0000
epsilon:                   0.0500	grad_norm:               970.6705	info_nce_loss:             0.3032	loss:                      1.6047
q_loss:                    1.4588	red_team_alives_mean:     80.2920	red_team_win_mean:         0.0000	return_mean:              -0.9981
return_std:                0.1533	test_blue_team_alives_mean:143.8000	test_blue_team_win_mean:   1.0000	test_ep_length_mean:     200.0000
test_episode_length_mean:199.0000	test_red_team_alives_mean:107.6000	test_red_team_win_mean:    0.0000	test_return_mean:         -1.0392
test_return_std:           0.0000	
2026-08-15 17:25:15,381 - my_experiment - bat_60_HybridComm_static_45 - my_run - INFO - t_env: 4600200 / 5050000
2026-08-15 17:25:15,382 - my_experiment - bat_60_HybridComm_static_45 - my_run - INFO - Estimated time left: 3 hours, 10 minutes, 6 seconds. Time passed: 1 days, 10 hours, 43 minutes, 34 seconds
2026-08-15 17:47:03,500 - my_experiment - bat_60_HybridComm_static_45 - my_run - INFO - Recent Stats | t_env:    4650000 | Episode:    23250
blue_team_alives_mean:   143.9480	blue_team_win_mean:        0.9880	ep_length_mean:          200.0000	episode_length_mean:     199.0000
epsilon:                   0.0500	grad_norm:               1400.0337	info_nce_loss:             0.2080	loss:                      2.1466
q_loss:                    1.9514	red_team_alives_mean:     93.9000	red_team_win_mean:         0.0000	return_mean:              -1.0821
return_std:                0.1918	test_blue_team_alives_mean:143.8000	test_blue_team_win_mean:   1.0000	test_ep_length_mean:     200.0000
test_episode_length_mean:199.0000	test_red_team_alives_mean:113.0000	test_red_team_win_mean:    0.0000	test_return_mean:         -1.0479
test_return_std:           0.0000	
2026-08-15 17:47:09,137 - my_experiment - bat_60_HybridComm_static_45 - my_run - INFO - t_env: 4650200 / 5050000
2026-08-15 17:47:09,138 - my_experiment - bat_60_HybridComm_static_45 - my_run - INFO - Estimated time left: 2 hours, 55 minutes, 4 seconds. Time passed: 1 days, 11 hours, 5 minutes, 28 seconds
2026-08-15 18:09:03,755 - my_experiment - bat_60_HybridComm_static_45 - my_run - INFO - Recent Stats | t_env:    4700000 | Episode:    23500
blue_team_alives_mean:   143.7720	blue_team_win_mean:        0.9360	ep_length_mean:          200.0000	episode_length_mean:     199.0000
epsilon:                   0.0500	grad_norm:               782.9995	info_nce_loss:             0.0839	loss:                      1.4365
q_loss:                    1.3059	red_team_alives_mean:    102.3560	red_team_win_mean:         0.0000	return_mean:              -1.2206
return_std:                0.3099	test_blue_team_alives_mean:144.0000	test_blue_team_win_mean:   1.0000	test_ep_length_mean:     200.0000
test_episode_length_mean:199.0000	test_red_team_alives_mean:114.4000	test_red_team_win_mean:    0.0000	test_return_mean:         -1.0323
test_return_std:           0.0000	
2026-08-15 18:09:09,296 - my_experiment - bat_60_HybridComm_static_45 - my_run - INFO - t_env: 4700200 / 5050000
2026-08-15 18:09:09,297 - my_experiment - bat_60_HybridComm_static_45 - my_run - INFO - Estimated time left: 2 hours, 33 minutes, 55 seconds. Time passed: 1 days, 11 hours, 27 minutes, 28 seconds
2026-08-15 18:30:34,746 - my_experiment - bat_60_HybridComm_static_45 - my_run - INFO - Recent Stats | t_env:    4750000 | Episode:    23750
blue_team_alives_mean:   143.5560	blue_team_win_mean:        0.9600	ep_length_mean:          200.0000	episode_length_mean:     199.0000
epsilon:                   0.0500	grad_norm:               793.7461	info_nce_loss:             0.0742	loss:                      1.3103
q_loss:                    1.1912	red_team_alives_mean:     97.1120	red_team_win_mean:         0.0000	return_mean:              -1.1887
return_std:                0.3859	test_blue_team_alives_mean:144.0000	test_blue_team_win_mean:   1.0000	test_ep_length_mean:     200.0000
test_episode_length_mean:199.0000	test_red_team_alives_mean:117.0000	test_red_team_win_mean:    0.0000	test_return_mean:         -1.0354
test_return_std:           0.0000	
2026-08-15 18:30:39,682 - my_experiment - bat_60_HybridComm_static_45 - my_run - INFO - t_env: 4750200 / 5050000
2026-08-15 18:30:39,683 - my_experiment - bat_60_HybridComm_static_45 - my_run - INFO - Estimated time left: 2 hours, 8 minutes, 57 seconds. Time passed: 1 days, 11 hours, 48 minutes, 59 seconds
2026-08-15 18:52:52,355 - my_experiment - bat_60_HybridComm_static_45 - my_run - INFO - Recent Stats | t_env:    4800000 | Episode:    24000
blue_team_alives_mean:   144.0000	blue_team_win_mean:        0.9600	ep_length_mean:          200.0000	episode_length_mean:     199.0000
epsilon:                   0.0500	grad_norm:               518.4876	info_nce_loss:             0.1384	loss:                      1.1426
q_loss:                    1.0387	red_team_alives_mean:     99.0320	red_team_win_mean:         0.0000	return_mean:              -1.1161
return_std:                0.1289	test_blue_team_alives_mean:144.0000	test_blue_team_win_mean:   1.0000	test_ep_length_mean:     200.0000
test_episode_length_mean:199.0000	test_red_team_alives_mean:117.0000	test_red_team_win_mean:    0.0000	test_return_mean:         -0.9587
test_return_std:           0.0000	
2026-08-15 18:52:57,883 - my_experiment - bat_60_HybridComm_static_45 - my_run - INFO - t_env: 4800200 / 5050000
2026-08-15 18:52:57,885 - my_experiment - bat_60_HybridComm_static_45 - my_run - INFO - Estimated time left: 1 hours, 51 minutes, 25 seconds. Time passed: 1 days, 12 hours, 11 minutes, 17 seconds
2026-08-15 19:15:38,787 - my_experiment - bat_60_HybridComm_static_45 - my_run - INFO - Recent Stats | t_env:    4850000 | Episode:    24250
blue_team_alives_mean:   143.8560	blue_team_win_mean:        0.7640	ep_length_mean:          200.0000	episode_length_mean:     199.0000
epsilon:                   0.0500	grad_norm:               440.9845	info_nce_loss:             0.1943	loss:                      1.1337
q_loss:                    1.0306	red_team_alives_mean:    119.5880	red_team_win_mean:         0.0000	return_mean:              -1.2966
return_std:                0.2379	test_blue_team_alives_mean:144.0000	test_blue_team_win_mean:   0.8000	test_ep_length_mean:     200.0000
test_episode_length_mean:199.0000	test_red_team_alives_mean:118.0000	test_red_team_win_mean:    0.0000	test_return_mean:         -0.9565
test_return_std:           0.0000	
2026-08-15 19:15:43,860 - my_experiment - bat_60_HybridComm_static_45 - my_run - INFO - t_env: 4850200 / 5050000
2026-08-15 19:15:43,862 - my_experiment - bat_60_HybridComm_static_45 - my_run - INFO - Estimated time left: 1 hours, 30 minutes, 58 seconds. Time passed: 1 days, 12 hours, 34 minutes, 3 seconds
2026-08-15 19:37:49,450 - my_experiment - bat_60_HybridComm_static_45 - my_run - INFO - Recent Stats | t_env:    4900000 | Episode:    24500
blue_team_alives_mean:   143.2640	blue_team_win_mean:        0.9360	ep_length_mean:          200.0000	episode_length_mean:     199.0000
epsilon:                   0.0500	grad_norm:               783.9522	info_nce_loss:             0.1027	loss:                      1.8384
q_loss:                    1.6713	red_team_alives_mean:     91.5920	red_team_win_mean:         0.0000	return_mean:              -1.0889
return_std:                0.1907	test_blue_team_alives_mean:144.0000	test_blue_team_win_mean:   0.8000	test_ep_length_mean:     200.0000
test_episode_length_mean:199.0000	test_red_team_alives_mean:103.6000	test_red_team_win_mean:    0.0000	test_return_mean:         -0.9105
test_return_std:           0.0000	
2026-08-15 19:37:55,575 - my_experiment - bat_60_HybridComm_static_45 - my_run - INFO - t_env: 4900200 / 5050000
2026-08-15 19:37:55,577 - my_experiment - bat_60_HybridComm_static_45 - my_run - INFO - Estimated time left: 1 hours, 6 minutes, 29 seconds. Time passed: 1 days, 12 hours, 56 minutes, 15 seconds
2026-08-15 20:00:57,971 - my_experiment - bat_60_HybridComm_static_45 - my_run - INFO - Recent Stats | t_env:    4950000 | Episode:    24750
blue_team_alives_mean:   143.7560	blue_team_win_mean:        0.7680	ep_length_mean:          200.0000	episode_length_mean:     199.0000
epsilon:                   0.0500	grad_norm:               684.0032	info_nce_loss:             0.1918	loss:                      0.9235
q_loss:                    0.8396	red_team_alives_mean:    109.7720	red_team_win_mean:         0.0000	return_mean:              -1.4349
return_std:                0.5146	test_blue_team_alives_mean:144.0000	test_blue_team_win_mean:   0.6000	test_ep_length_mean:     200.0000
test_episode_length_mean:199.0000	test_red_team_alives_mean:106.2000	test_red_team_win_mean:    0.0000	test_return_mean:         -0.9141
test_return_std:           0.0000	
2026-08-15 20:01:03,509 - my_experiment - bat_60_HybridComm_static_45 - my_run - INFO - t_env: 4950200 / 5050000
2026-08-15 20:01:03,510 - my_experiment - bat_60_HybridComm_static_45 - my_run - INFO - Estimated time left: 46 minutes, 10 seconds. Time passed: 1 days, 13 hours, 19 minutes, 23 seconds
2026-08-15 20:23:24,320 - my_experiment - bat_60_HybridComm_static_45 - my_run - INFO - Recent Stats | t_env:    5000000 | Episode:    25000
blue_team_alives_mean:   143.6080	blue_team_win_mean:        0.7360	ep_length_mean:          200.0000	episode_length_mean:     199.0000
epsilon:                   0.0500	grad_norm:               470.5645	info_nce_loss:             0.3296	loss:                      1.0778
q_loss:                    0.9798	red_team_alives_mean:    117.6720	red_team_win_mean:         0.0000	return_mean:              -1.4002
return_std:                0.5469	test_blue_team_alives_mean:144.0000	test_blue_team_win_mean:   0.4000	test_ep_length_mean:     200.0000
test_episode_length_mean:199.0000	test_red_team_alives_mean:114.8000	test_red_team_win_mean:    0.0000	test_return_mean:         -0.9152
test_return_std:           0.0000	
2026-08-15 20:23:29,197 - my_experiment - bat_60_HybridComm_static_45 - my_run - INFO - t_env: 5000200 / 5050000
2026-08-15 20:23:29,199 - my_experiment - bat_60_HybridComm_static_45 - my_run - INFO - Estimated time left: 22 minutes, 20 seconds. Time passed: 1 days, 13 hours, 41 minutes, 48 seconds
2026-08-15 20:23:33,268 - my_experiment - bat_60_HybridComm_static_45 - my_run - INFO - Saving models to work_dirs/my_experiment/bat_60_HybridComm_static_45/my_run/20260814_064126/models/5000200
2026-08-15 20:44:41,715 - my_experiment - bat_60_HybridComm_static_45 - my_run - INFO - Recent Stats | t_env:    5050000 | Episode:    25250
blue_team_alives_mean:   144.0000	blue_team_win_mean:        1.0000	ep_length_mean:          200.0000	episode_length_mean:     199.0000
epsilon:                   0.0500	grad_norm:               1520.2958	info_nce_loss:             0.2172	loss:                      2.5501
q_loss:                    2.3183	red_team_alives_mean:     85.4400	red_team_win_mean:         0.0000	return_mean:              -0.9909
return_std:                0.1392	test_blue_team_alives_mean:144.0000	test_blue_team_win_mean:   0.4000	test_ep_length_mean:     200.0000
test_episode_length_mean:199.0000	test_red_team_alives_mean:115.4000	test_red_team_win_mean:    0.0000	test_return_mean:         -0.9162
test_return_std:           0.0000	
2026-08-15 20:44:46,739 - my_experiment - bat_60_HybridComm_static_45 - my_run - INFO - t_env: 5050200 / 5050000
2026-08-15 20:44:46,740 - my_experiment - bat_60_HybridComm_static_45 - my_run - INFO - Estimated time left: -. Time passed: 1 days, 14 hours, 3 minutes, 6 seconds
2026-08-15 20:44:50,994 - my_experiment - bat_60_HybridComm_static_45 - my_run - INFO - Finished Training
