Gym has been unmaintained since 2022 and does not support NumPy 2.0 amongst other critical functionality.
Please upgrade to Gymnasium, the maintained drop-in replacement of Gym, or contact the authors of your software and request that they upgrade.
Users of this version of Gym should be able to simply replace 'import gym' with 'import gymnasium as gym' in the vast majority of cases.
See the migration guide at https://gymnasium.farama.org/introduction/migration_guide/ for additional information.
src/main.py:81: DeprecationWarning: Using or importing the ABCs from 'collections' instead of from 'collections.abc' is deprecated since Python 3.3, and in 3.10 it will stop working
  if isinstance(v, collections.Mapping):
wandb: [wandb.login()] Loaded credentials for https://api.wandb.ai from /home/pparsons/.netrc.
wandb: Currently logged in as: peterparsons02 (peterparsons02-eth-z-rich) to https://api.wandb.ai. Use `wandb login --relogin` to force relogin
wandb: setting up run qvtc9prp
wandb: Tracking run with wandb version 0.24.1
wandb: Run data is saved locally in /usr/itetnas04/data-scratch-01/pparsons/data/MyExpoComm/wandb/run-20260409_160209-qvtc9prp
wandb: Run `wandb offline` to turn off syncing.
wandb: Syncing run my_run-bat_ExpoComm_5M-20260409_160207
wandb: ⭐️ View project at https://wandb.ai/peterparsons02-eth-z-rich/my_experiment
wandb: 🚀 View run at https://wandb.ai/peterparsons02-eth-z-rich/my_experiment/runs/qvtc9prp
2026-04-09 16:02:13,996 - my_experiment - bat_ExpoComm_5M - my_run - INFO - Current directory: /usr/itetnas04/data-scratch-01/pparsons/data/MyExpoComm.
2026-04-09 16:02:13,996 - my_experiment - bat_ExpoComm_5M - my_run - INFO - Experiment Parameters:
2026-04-09 16:02:13,997 - my_experiment - bat_ExpoComm_5M - my_run - INFO - 

{   'action_selector': 'epsilon_greedy',
    'add_value_last_step': True,
    'agent': 'ExpoComm_one_peer_cont',
    'agent_output_type': 'q',
    'aux_coef': 0.1,
    'batch_size': 32,
    'batch_size_run': 1,
    'buffer_cpu_only': True,
    'buffer_size': 2000,
    'checkpoint_path': '',
    'double_q': True,
    'env': 'MAgent_Battle',
    'env_args': {   'global_reward': True,
                    'map_name': 'battle_view7',
                    'map_size': 25,
                    'max_cycles': 200,
                    'minimap_mode': False,
                    'pretrained_ckpt': None,
                    'seed': 42},
    'epsilon_anneal_time': 1000000,
    'epsilon_finish': 0.05,
    'epsilon_start': 1.0,
    'evaluate': False,
    'evaluation_epsilon': 0.0,
    'exp_name': 'my_experiment',
    'gamma': 0.99,
    'global_reward': True,
    'grad_norm_clip': 10,
    'hidden_dim': 64,
    'hypergroup': None,
    'hypernet_embed': 64,
    'hypernet_layers': 2,
    'label': 'default_label',
    'learner': 'cont_q_learner',
    'learner_log_interval': 10000,
    'load_step': 0,
    'local_results_path': 'results',
    'log_interval': 50000,
    'lr': 0.0005,
    'mac': 'ExpoComm_mac',
    'mixer': 'qmix',
    'mixing_embed_dim': 64,
    'name': 'bat_ExpoComm_5M',
    'neg_num': 20,
    'obs_agent_id': True,
    'obs_individual_obs': False,
    'obs_last_action': True,
    'one_peer': True,
    'optim_alpha': 0.99,
    'optim_eps': 1e-05,
    'pos_flag': False,
    'render': False,
    'repeat_id': 1,
    'run_name': 'my_run',
    'runner': 'episode',
    'runner_log_interval': 10000,
    'save_model': True,
    'save_model_interval': 500000,
    'save_replay': False,
    'seed': 42,
    'standardise_returns': False,
    'standardise_rewards': True,
    't_max': 5050000,
    'target_update_interval_or_tau': 200,
    'temperature': 0.07,
    'test_greedy': True,
    'test_interval': 50000,
    'test_nepisode': 1,
    'topk_neighbors': 7,
    'use_cuda': True,
    'use_rnn': True,
    'use_tensorboard': True,
    'work_dir': 'work_dirs/my_experiment/bat_ExpoComm_5M/my_run/20260409_160207'}

/usr/itetnas04/data-scratch-01/pparsons/data/conda_envs/ExpoComm/lib/python3.8/site-packages/pettingzoo/utils/conversions.py:41: UserWarning: The `from_parallel` function is deprecated. Use the `parallel_to_aec` function instead.
  warnings.warn("The `from_parallel` function is deprecated. Use the `parallel_to_aec` function instead.")
/usr/itetnas04/data-scratch-01/pparsons/data/conda_envs/ExpoComm/lib/python3.8/site-packages/pettingzoo/utils/wrappers/base.py:44: UserWarning: The `observation_spaces` dictionary is deprecated. Use the `observation_space` function instead.
  warnings.warn("The `observation_spaces` dictionary is deprecated. Use the `observation_space` function instead.")
/usr/itetnas04/data-scratch-01/pparsons/data/conda_envs/ExpoComm/lib/python3.8/site-packages/pettingzoo/utils/conversions.py:36: UserWarning: The `to_parallel` function is deprecated. Use the `aec_to_parallel` function instead.
  warnings.warn("The `to_parallel` function is deprecated. Use the `aec_to_parallel` function instead.")
/usr/itetnas04/data-scratch-01/pparsons/data/conda_envs/ExpoComm/lib/python3.8/site-packages/pettingzoo/utils/conversions.py:80: UserWarning: The `action_spaces` dictionary is deprecated. Use the `action_space` function instead.
  warnings.warn("The `action_spaces` dictionary is deprecated. Use the `action_space` function instead.")
/usr/itetnas04/data-scratch-01/pparsons/data/conda_envs/ExpoComm/lib/python3.8/site-packages/pettingzoo/utils/wrappers/base.py:52: UserWarning: The `action_spaces` dictionary is deprecated. Use the `action_space` function instead.
  warnings.warn("The `action_spaces` dictionary is deprecated. Use the `action_space` function instead.")
/usr/itetnas04/data-scratch-01/pparsons/data/conda_envs/ExpoComm/lib/python3.8/site-packages/pettingzoo/utils/conversions.py:72: UserWarning: The `observation_spaces` dictionary is deprecated. Use the `observation_space` function instead.
  warnings.warn("The `observation_spaces` dictionary is deprecated. Use the `observation_space` function instead.")
2026-04-09 16:02:37,351 - my_experiment - bat_ExpoComm_5M - my_run - INFO - Beginning training for 5050000 timesteps
/usr/itetnas04/data-scratch-01/pparsons/data/MyExpoComm/src/envs/battle_wrappers.py:258: UserWarning: To copy construct from a tensor, it is recommended to use sourceTensor.clone().detach() or sourceTensor.clone().detach().requires_grad_(True), rather than torch.tensor(sourceTensor).
  actions = torch.tensor(actions, dtype=torch.long)
2026-04-09 16:02:53,000 - my_experiment - bat_ExpoComm_5M - my_run - INFO - t_env: 200 / 5050000
2026-04-09 16:02:53,000 - my_experiment - bat_ExpoComm_5M - my_run - INFO - Estimated time left: 26 minutes, 14 seconds. Time passed: 15 seconds
2026-04-09 16:02:53,731 - my_experiment - bat_ExpoComm_5M - my_run - INFO - Saving models to work_dirs/my_experiment/bat_ExpoComm_5M/my_run/20260409_160207/models/200
2026-04-09 16:08:16,874 - my_experiment - bat_ExpoComm_5M - my_run - INFO - Recent Stats | t_env:      50000 | Episode:      250
blue_team_alives_mean:    19.9800	blue_team_win_mean:        0.0000	ep_length_mean:          200.0000	episode_length_mean:     199.0000
epsilon:                   0.9620	grad_norm:               4629.3876	info_nce_loss:             2.7640	loss:                    1400.4326
q_loss:                  1273.1206	q_taken_mean:              0.0176	red_team_alives_mean:     20.0000	red_team_win_mean:         0.0160
return_mean:              -8.4154	return_std:                0.1506	target_mean:               0.7740	td_error_abs:             21.0592
test_blue_team_alives_mean: 20.0000	test_blue_team_win_mean:   0.0000	test_ep_length_mean:     200.0000	test_episode_length_mean:199.0000
test_red_team_alives_mean: 20.0000	test_red_team_win_mean:    0.0000	test_return_mean:         -3.8500	test_return_std:           0.0000

2026-04-09 16:08:18,264 - my_experiment - bat_ExpoComm_5M - my_run - INFO - t_env: 50200 / 5050000
2026-04-09 16:08:18,265 - my_experiment - bat_ExpoComm_5M - my_run - INFO - Estimated time left: 9 hours, 2 minutes, 5 seconds. Time passed: 5 minutes, 40 seconds
2026-04-09 16:14:01,391 - my_experiment - bat_ExpoComm_5M - my_run - INFO - Recent Stats | t_env:     100000 | Episode:      500
blue_team_alives_mean:    19.8920	blue_team_win_mean:        0.0000	ep_length_mean:          200.0000	episode_length_mean:     199.0000
epsilon:                   0.9145	grad_norm:               7246.7307	info_nce_loss:             2.2602	loss:                    1280.9961
q_loss:                  1164.5420	q_taken_mean:              4.3766	red_team_alives_mean:     20.0000	red_team_win_mean:         0.0800
return_mean:              -7.9423	return_std:                0.2455	target_mean:               5.0663	td_error_abs:             18.2970
test_blue_team_alives_mean: 20.0000	test_blue_team_win_mean:   0.0000	test_ep_length_mean:     200.0000	test_episode_length_mean:199.0000
test_red_team_alives_mean: 20.0000	test_red_team_win_mean:    0.0000	test_return_mean:         -2.4250	test_return_std:           0.0000

2026-04-09 16:14:02,808 - my_experiment - bat_ExpoComm_5M - my_run - INFO - t_env: 100200 / 5050000
2026-04-09 16:14:02,809 - my_experiment - bat_ExpoComm_5M - my_run - INFO - Estimated time left: 9 hours, 28 minutes, 28 seconds. Time passed: 11 minutes, 25 seconds
2026-04-09 16:19:46,039 - my_experiment - bat_ExpoComm_5M - my_run - INFO - Recent Stats | t_env:     150000 | Episode:      750
blue_team_alives_mean:    19.5960	blue_team_win_mean:        0.0000	ep_length_mean:          200.0000	episode_length_mean:     199.0000
epsilon:                   0.8670	grad_norm:               10930.5173	info_nce_loss:             1.5065	loss:                    1482.5503
q_loss:                  1347.7730	q_taken_mean:              8.5425	red_team_alives_mean:     20.0000	red_team_win_mean:         0.2520
return_mean:              -7.4333	return_std:                0.3907	target_mean:               9.1733	td_error_abs:             19.8755
test_blue_team_alives_mean: 20.0000	test_blue_team_win_mean:   0.0000	test_ep_length_mean:     200.0000	test_episode_length_mean:199.0000
test_red_team_alives_mean: 20.0000	test_red_team_win_mean:    0.0000	test_return_mean:         -2.4767	test_return_std:           0.0000

2026-04-09 16:19:47,445 - my_experiment - bat_ExpoComm_5M - my_run - INFO - t_env: 150200 / 5050000
2026-04-09 16:19:47,446 - my_experiment - bat_ExpoComm_5M - my_run - INFO - Estimated time left: 9 hours, 22 minutes, 53 seconds. Time passed: 17 minutes, 10 seconds
2026-04-09 16:25:30,462 - my_experiment - bat_ExpoComm_5M - my_run - INFO - Recent Stats | t_env:     200000 | Episode:     1000
blue_team_alives_mean:    16.7320	blue_team_win_mean:        0.0000	ep_length_mean:          200.0000	episode_length_mean:     199.0000
epsilon:                   0.8195	grad_norm:               20904.8957	info_nce_loss:             0.9755	loss:                    2001.1450
q_loss:                  1819.2228	q_taken_mean:             12.4430	red_team_alives_mean:     20.0000	red_team_win_mean:         0.6640
return_mean:              -6.1513	return_std:                0.9234	target_mean:              12.8946	td_error_abs:             24.7304
test_blue_team_alives_mean: 19.5000	test_blue_team_win_mean:   0.0000	test_ep_length_mean:     200.0000	test_episode_length_mean:199.0000
test_red_team_alives_mean: 20.0000	test_red_team_win_mean:    0.2500	test_return_mean:         -1.9825	test_return_std:           0.0000

2026-04-09 16:25:31,910 - my_experiment - bat_ExpoComm_5M - my_run - INFO - t_env: 200200 / 5050000
2026-04-09 16:25:31,911 - my_experiment - bat_ExpoComm_5M - my_run - INFO - Estimated time left: 9 hours, 16 minutes, 51 seconds. Time passed: 22 minutes, 54 seconds
2026-04-09 16:31:14,068 - my_experiment - bat_ExpoComm_5M - my_run - INFO - Recent Stats | t_env:     250000 | Episode:     1250
blue_team_alives_mean:    11.7760	blue_team_win_mean:        0.0000	ep_length_mean:          200.0000	episode_length_mean:     199.0000
epsilon:                   0.7720	grad_norm:               42259.3486	info_nce_loss:             0.9666	loss:                    4191.2342
q_loss:                  3810.2129	q_taken_mean:             16.6633	red_team_alives_mean:     20.0000	red_team_win_mean:         1.0000
return_mean:              -4.3876	return_std:                0.7618	target_mean:              17.9789	td_error_abs:             38.4330
test_blue_team_alives_mean: 16.6000	test_blue_team_win_mean:   0.0000	test_ep_length_mean:     200.0000	test_episode_length_mean:199.0000
test_red_team_alives_mean: 20.0000	test_red_team_win_mean:    0.4000	test_return_mean:         -1.7870	test_return_std:           0.0000

2026-04-09 16:31:15,455 - my_experiment - bat_ExpoComm_5M - my_run - INFO - t_env: 250200 / 5050000
2026-04-09 16:31:15,456 - my_experiment - bat_ExpoComm_5M - my_run - INFO - Estimated time left: 9 hours, 9 minutes, 38 seconds. Time passed: 28 minutes, 38 seconds
2026-04-09 16:36:55,003 - my_experiment - bat_ExpoComm_5M - my_run - INFO - Recent Stats | t_env:     300000 | Episode:     1500
blue_team_alives_mean:     7.4440	blue_team_win_mean:        0.0000	ep_length_mean:          200.0000	episode_length_mean:     199.0000
epsilon:                   0.7245	grad_norm:               45627.4361	info_nce_loss:             0.5441	loss:                    4001.9261
q_loss:                  3638.1147	q_taken_mean:             21.5550	red_team_alives_mean:     20.0000	red_team_win_mean:         1.0000
return_mean:              -3.0524	return_std:                0.6628	target_mean:              22.3309	td_error_abs:             34.3777
test_blue_team_alives_mean: 13.6000	test_blue_team_win_mean:   0.0000	test_ep_length_mean:     200.0000	test_episode_length_mean:199.0000
test_red_team_alives_mean: 20.0000	test_red_team_win_mean:    0.6000	test_return_mean:         -2.3520	test_return_std:           0.0000

2026-04-09 16:36:56,351 - my_experiment - bat_ExpoComm_5M - my_run - INFO - t_env: 300200 / 5050000
2026-04-09 16:36:56,352 - my_experiment - bat_ExpoComm_5M - my_run - INFO - Estimated time left: 8 hours, 59 minutes, 43 seconds. Time passed: 34 minutes, 19 seconds
2026-04-09 16:42:34,137 - my_experiment - bat_ExpoComm_5M - my_run - INFO - Recent Stats | t_env:     350153 | Episode:     1751
blue_team_alives_mean:     3.9362	blue_team_win_mean:        0.0000	ep_length_mean:          199.9529	episode_length_mean:     198.9529
epsilon:                   0.6768	grad_norm:               75484.0695	info_nce_loss:             0.5183	loss:                    4574.9037
q_loss:                  4159.0033	q_taken_mean:             26.1062	red_team_alives_mean:     20.0000	red_team_win_mean:         1.0000
return_mean:              -2.2021	return_std:                0.4475	target_mean:              27.0285	td_error_abs:             37.2563
test_blue_team_alives_mean: 10.6000	test_blue_team_win_mean:   0.0000	test_ep_length_mean:     200.0000	test_episode_length_mean:199.0000
test_red_team_alives_mean: 20.0000	test_red_team_win_mean:    0.8000	test_return_mean:         -3.3260	test_return_std:           0.0000

2026-04-09 16:42:35,500 - my_experiment - bat_ExpoComm_5M - my_run - INFO - t_env: 350353 / 5050000
2026-04-09 16:42:35,501 - my_experiment - bat_ExpoComm_5M - my_run - INFO - Estimated time left: 8 hours, 49 minutes, 40 seconds. Time passed: 39 minutes, 58 seconds
2026-04-09 16:48:12,261 - my_experiment - bat_ExpoComm_5M - my_run - INFO - Recent Stats | t_env:     400153 | Episode:     2001
blue_team_alives_mean:     3.5398	blue_team_win_mean:        0.0000	ep_length_mean:          199.8627	episode_length_mean:     198.8627
epsilon:                   0.6292	grad_norm:               111730.7664	info_nce_loss:             0.8527	loss:                    4605.6703
q_loss:                  4186.9729	q_taken_mean:             31.5419	red_team_alives_mean:     20.0000	red_team_win_mean:         1.0000
return_mean:              -1.8746	return_std:                0.4172	target_mean:              32.3814	td_error_abs:             38.5880
test_blue_team_alives_mean:  7.6000	test_blue_team_win_mean:   0.0000	test_ep_length_mean:     200.0000	test_episode_length_mean:199.0000
test_red_team_alives_mean: 20.0000	test_red_team_win_mean:    1.0000	test_return_mean:         -3.6500	test_return_std:           0.0000

2026-04-09 16:48:13,640 - my_experiment - bat_ExpoComm_5M - my_run - INFO - t_env: 400353 / 5050000
2026-04-09 16:48:13,641 - my_experiment - bat_ExpoComm_5M - my_run - INFO - Estimated time left: 8 hours, 44 minutes, 4 seconds. Time passed: 45 minutes, 36 seconds
2026-04-09 16:53:48,644 - my_experiment - bat_ExpoComm_5M - my_run - INFO - Recent Stats | t_env:     450153 | Episode:     2251
blue_team_alives_mean:     3.5000	blue_team_win_mean:        0.0000	ep_length_mean:          200.0000	episode_length_mean:     199.0000
epsilon:                   0.5817	grad_norm:               295058.8641	info_nce_loss:             0.4811	loss:                    9166.0048
q_loss:                  8332.7314	q_taken_mean:             37.2183	red_team_alives_mean:     20.0000	red_team_win_mean:         1.0000
return_mean:              -1.8617	return_std:                0.3203	target_mean:              39.3616	td_error_abs:             60.4501
test_blue_team_alives_mean:  4.2000	test_blue_team_win_mean:   0.0000	test_ep_length_mean:     200.0000	test_episode_length_mean:199.0000
test_red_team_alives_mean: 20.0000	test_red_team_win_mean:    1.0000	test_return_mean:         -3.5320	test_return_std:           0.0000

2026-04-09 16:53:50,009 - my_experiment - bat_ExpoComm_5M - my_run - INFO - t_env: 450353 / 5050000
2026-04-09 16:53:50,010 - my_experiment - bat_ExpoComm_5M - my_run - INFO - Estimated time left: 8 hours, 35 minutes, 43 seconds. Time passed: 51 minutes, 12 seconds
2026-04-09 16:59:25,364 - my_experiment - bat_ExpoComm_5M - my_run - INFO - Recent Stats | t_env:     500181 | Episode:     2502
blue_team_alives_mean:     3.1296	blue_team_win_mean:        0.0000	ep_length_mean:          199.3255	episode_length_mean:     198.3255
epsilon:                   0.5341	grad_norm:               232901.1437	info_nce_loss:             0.4944	loss:                    5127.7261
q_loss:                  4661.5692	q_taken_mean:             43.8122	red_team_alives_mean:     20.0000	red_team_win_mean:         1.0000
return_mean:              -1.4202	return_std:                0.4505	target_mean:              44.4437	td_error_abs:             44.3797
test_blue_team_alives_mean:  4.4000	test_blue_team_win_mean:   0.0000	test_ep_length_mean:     200.0000	test_episode_length_mean:199.0000
test_red_team_alives_mean: 20.0000	test_red_team_win_mean:    1.0000	test_return_mean:         -3.4340	test_return_std:           0.0000

2026-04-09 16:59:26,713 - my_experiment - bat_ExpoComm_5M - my_run - INFO - t_env: 500381 / 5050000
2026-04-09 16:59:26,714 - my_experiment - bat_ExpoComm_5M - my_run - INFO - Estimated time left: 8 hours, 30 minutes, 20 seconds. Time passed: 56 minutes, 49 seconds
2026-04-09 16:59:27,408 - my_experiment - bat_ExpoComm_5M - my_run - INFO - Saving models to work_dirs/my_experiment/bat_ExpoComm_5M/my_run/20260409_160207/models/500381
2026-04-09 17:05:00,574 - my_experiment - bat_ExpoComm_5M - my_run - INFO - Recent Stats | t_env:     550181 | Episode:     2752
blue_team_alives_mean:     3.2080	blue_team_win_mean:        0.0000	ep_length_mean:          200.0000	episode_length_mean:     199.0000
epsilon:                   0.4866	grad_norm:               301588.4547	info_nce_loss:             0.4740	loss:                    5140.2742
q_loss:                  4672.9765	q_taken_mean:             50.3624	red_team_alives_mean:     20.0000	red_team_win_mean:         1.0000
return_mean:              -1.0539	return_std:                0.3725	target_mean:              50.4096	td_error_abs:             46.8819
test_blue_team_alives_mean:  4.4000	test_blue_team_win_mean:   0.0000	test_ep_length_mean:     200.0000	test_episode_length_mean:199.0000
test_red_team_alives_mean: 20.0000	test_red_team_win_mean:    1.0000	test_return_mean:         -2.2590	test_return_std:           0.0000

2026-04-09 17:05:01,924 - my_experiment - bat_ExpoComm_5M - my_run - INFO - t_env: 550381 / 5050000
2026-04-09 17:05:01,925 - my_experiment - bat_ExpoComm_5M - my_run - INFO - Estimated time left: 8 hours, 22 minutes, 46 seconds. Time passed: 1 hours, 2 minutes, 24 seconds
2026-04-09 17:10:35,908 - my_experiment - bat_ExpoComm_5M - my_run - INFO - Recent Stats | t_env:     600181 | Episode:     3002
blue_team_alives_mean:     3.5920	blue_team_win_mean:        0.0000	ep_length_mean:          200.0000	episode_length_mean:     199.0000
epsilon:                   0.4391	grad_norm:               273369.1531	info_nce_loss:             0.5646	loss:                    4983.1450
q_loss:                  4530.1318	q_taken_mean:             56.0816	red_team_alives_mean:     20.0000	red_team_win_mean:         1.0000
return_mean:              -1.2744	return_std:                0.4105	target_mean:              55.7333	td_error_abs:             47.9464
test_blue_team_alives_mean:  4.6000	test_blue_team_win_mean:   0.0000	test_ep_length_mean:     200.0000	test_episode_length_mean:199.0000
test_red_team_alives_mean: 20.0000	test_red_team_win_mean:    1.0000	test_return_mean:         -1.4550	test_return_std:           0.0000

2026-04-09 17:10:37,308 - my_experiment - bat_ExpoComm_5M - my_run - INFO - t_env: 600381 / 5050000
2026-04-09 17:10:37,309 - my_experiment - bat_ExpoComm_5M - my_run - INFO - Estimated time left: 8 hours, 17 minutes, 26 seconds. Time passed: 1 hours, 7 minutes, 59 seconds
2026-04-09 17:16:12,664 - my_experiment - bat_ExpoComm_5M - my_run - INFO - Recent Stats | t_env:     650181 | Episode:     3252
blue_team_alives_mean:     4.5880	blue_team_win_mean:        0.0000	ep_length_mean:          200.0000	episode_length_mean:     199.0000
epsilon:                   0.3916	grad_norm:               127613.3141	info_nce_loss:             0.5194	loss:                    4100.2597
q_loss:                  3727.5088	q_taken_mean:             59.5784	red_team_alives_mean:     20.0000	red_team_win_mean:         1.0000
return_mean:              -1.3825	return_std:                0.4121	target_mean:              59.4347	td_error_abs:             43.2675
test_blue_team_alives_mean:  5.8000	test_blue_team_win_mean:   0.0000	test_ep_length_mean:     200.0000	test_episode_length_mean:199.0000
test_red_team_alives_mean: 20.0000	test_red_team_win_mean:    1.0000	test_return_mean:         -0.7050	test_return_std:           0.0000

2026-04-09 17:16:14,061 - my_experiment - bat_ExpoComm_5M - my_run - INFO - t_env: 650381 / 5050000
2026-04-09 17:16:14,062 - my_experiment - bat_ExpoComm_5M - my_run - INFO - Estimated time left: 8 hours, 13 minutes, 51 seconds. Time passed: 1 hours, 13 minutes, 36 seconds
2026-04-09 17:21:49,603 - my_experiment - bat_ExpoComm_5M - my_run - INFO - Recent Stats | t_env:     700181 | Episode:     3502
blue_team_alives_mean:     4.4440	blue_team_win_mean:        0.0000	ep_length_mean:          200.0000	episode_length_mean:     199.0000
epsilon:                   0.3441	grad_norm:               243905.5094	info_nce_loss:             0.5431	loss:                    4443.2670
q_loss:                  4039.3337	q_taken_mean:             63.5014	red_team_alives_mean:     20.0000	red_team_win_mean:         1.0000
return_mean:              -0.9591	return_std:                0.5319	target_mean:              63.3692	td_error_abs:             45.5508
test_blue_team_alives_mean:  6.4000	test_blue_team_win_mean:   0.0000	test_ep_length_mean:     200.0000	test_episode_length_mean:199.0000
test_red_team_alives_mean: 20.0000	test_red_team_win_mean:    1.0000	test_return_mean:         -0.8700	test_return_std:           0.0000

2026-04-09 17:21:50,943 - my_experiment - bat_ExpoComm_5M - my_run - INFO - t_env: 700381 / 5050000
2026-04-09 17:21:50,944 - my_experiment - bat_ExpoComm_5M - my_run - INFO - Estimated time left: 8 hours, 8 minutes, 26 seconds. Time passed: 1 hours, 19 minutes, 13 seconds
2026-04-09 17:27:29,831 - my_experiment - bat_ExpoComm_5M - my_run - INFO - Recent Stats | t_env:     750181 | Episode:     3752
blue_team_alives_mean:     4.9840	blue_team_win_mean:        0.0000	ep_length_mean:          200.0000	episode_length_mean:     199.0000
epsilon:                   0.2966	grad_norm:               170494.0719	info_nce_loss:             0.4268	loss:                    3581.4835
q_loss:                  3255.8941	q_taken_mean:             66.1492	red_team_alives_mean:     19.9960	red_team_win_mean:         1.0000
return_mean:              -0.7187	return_std:                0.6084	target_mean:              66.1736	td_error_abs:             40.4056
test_blue_team_alives_mean:  7.0000	test_blue_team_win_mean:   0.0000	test_ep_length_mean:     200.0000	test_episode_length_mean:199.0000
test_red_team_alives_mean: 20.0000	test_red_team_win_mean:    1.0000	test_return_mean:         -0.9370	test_return_std:           0.0000

2026-04-09 17:27:31,236 - my_experiment - bat_ExpoComm_5M - my_run - INFO - t_env: 750381 / 5050000
2026-04-09 17:27:31,237 - my_experiment - bat_ExpoComm_5M - my_run - INFO - Estimated time left: 8 hours, 7 minutes, 42 seconds. Time passed: 1 hours, 24 minutes, 53 seconds
2026-04-09 17:33:15,788 - my_experiment - bat_ExpoComm_5M - my_run - INFO - Recent Stats | t_env:     800181 | Episode:     4002
blue_team_alives_mean:     9.4400	blue_team_win_mean:        0.0000	ep_length_mean:          200.0000	episode_length_mean:     199.0000
epsilon:                   0.2491	grad_norm:               321894.3375	info_nce_loss:             0.4227	loss:                    5361.0345
q_loss:                  4873.6677	q_taken_mean:             75.0128	red_team_alives_mean:     20.0000	red_team_win_mean:         1.0000
return_mean:              -1.1762	return_std:                1.0878	target_mean:              75.7490	td_error_abs:             50.0583
test_blue_team_alives_mean:  8.2000	test_blue_team_win_mean:   0.0000	test_ep_length_mean:     200.0000	test_episode_length_mean:199.0000
test_red_team_alives_mean: 20.0000	test_red_team_win_mean:    1.0000	test_return_mean:         -1.1030	test_return_std:           0.0000

2026-04-09 17:33:17,198 - my_experiment - bat_ExpoComm_5M - my_run - INFO - t_env: 800381 / 5050000
2026-04-09 17:33:17,199 - my_experiment - bat_ExpoComm_5M - my_run - INFO - Estimated time left: 8 hours, 10 minutes, 4 seconds. Time passed: 1 hours, 30 minutes, 39 seconds
2026-04-09 17:39:03,379 - my_experiment - bat_ExpoComm_5M - my_run - INFO - Recent Stats | t_env:     850181 | Episode:     4252
blue_team_alives_mean:    16.9040	blue_team_win_mean:        0.0000	ep_length_mean:          200.0000	episode_length_mean:     199.0000
epsilon:                   0.2016	grad_norm:               381129.8812	info_nce_loss:             0.2361	loss:                    5856.9772
q_loss:                  5324.5248	q_taken_mean:             92.1274	red_team_alives_mean:     20.0000	red_team_win_mean:         0.8840
return_mean:              -2.7061	return_std:                1.0229	target_mean:              91.9138	td_error_abs:             50.6031
test_blue_team_alives_mean: 10.8000	test_blue_team_win_mean:   0.0000	test_ep_length_mean:     200.0000	test_episode_length_mean:199.0000
test_red_team_alives_mean: 20.0000	test_red_team_win_mean:    1.0000	test_return_mean:         -1.5350	test_return_std:           0.0000

2026-04-09 17:39:04,750 - my_experiment - bat_ExpoComm_5M - my_run - INFO - t_env: 850381 / 5050000
2026-04-09 17:39:04,751 - my_experiment - bat_ExpoComm_5M - my_run - INFO - Estimated time left: 8 hours, 6 minutes, 31 seconds. Time passed: 1 hours, 36 minutes, 27 seconds
2026-04-09 17:44:50,745 - my_experiment - bat_ExpoComm_5M - my_run - INFO - Recent Stats | t_env:     900181 | Episode:     4502
blue_team_alives_mean:    19.3680	blue_team_win_mean:        0.0000	ep_length_mean:          200.0000	episode_length_mean:     199.0000
epsilon:                   0.1541	grad_norm:               742336.4500	info_nce_loss:             0.4924	loss:                    7309.8389
q_loss:                  6645.3080	q_taken_mean:             96.6935	red_team_alives_mean:     20.0000	red_team_win_mean:         0.4080
return_mean:              -2.3679	return_std:                0.6801	target_mean:              97.1067	td_error_abs:             52.7373
test_blue_team_alives_mean: 12.4000	test_blue_team_win_mean:   0.0000	test_ep_length_mean:     200.0000	test_episode_length_mean:199.0000
test_red_team_alives_mean: 20.0000	test_red_team_win_mean:    1.0000	test_return_mean:         -1.7230	test_return_std:           0.0000

2026-04-09 17:44:52,120 - my_experiment - bat_ExpoComm_5M - my_run - INFO - t_env: 900381 / 5050000
2026-04-09 17:44:52,121 - my_experiment - bat_ExpoComm_5M - my_run - INFO - Estimated time left: 8 hours, 29 seconds. Time passed: 1 hours, 42 minutes, 14 seconds
2026-04-09 17:50:37,216 - my_experiment - bat_ExpoComm_5M - my_run - INFO - Recent Stats | t_env:     950181 | Episode:     4752
blue_team_alives_mean:    17.1600	blue_team_win_mean:        0.0000	ep_length_mean:          200.0000	episode_length_mean:     199.0000
epsilon:                   0.1066	grad_norm:               721196.8812	info_nce_loss:             0.4257	loss:                    6234.9014
q_loss:                  5668.0920	q_taken_mean:            109.7578	red_team_alives_mean:     20.0000	red_team_win_mean:         0.8760
return_mean:              -1.5186	return_std:                0.5930	target_mean:             109.6221	td_error_abs:             49.7656
test_blue_team_alives_mean: 15.2000	test_blue_team_win_mean:   0.0000	test_ep_length_mean:     200.0000	test_episode_length_mean:199.0000
test_red_team_alives_mean: 20.0000	test_red_team_win_mean:    1.0000	test_return_mean:         -1.9880	test_return_std:           0.0000

2026-04-09 17:50:38,675 - my_experiment - bat_ExpoComm_5M - my_run - INFO - t_env: 950381 / 5050000
2026-04-09 17:50:38,676 - my_experiment - bat_ExpoComm_5M - my_run - INFO - Estimated time left: 7 hours, 53 minutes, 34 seconds. Time passed: 1 hours, 48 minutes, 1 seconds
2026-04-09 17:56:23,469 - my_experiment - bat_ExpoComm_5M - my_run - INFO - Recent Stats | t_env:    1000181 | Episode:     5002
blue_team_alives_mean:    16.3760	blue_team_win_mean:        0.0000	ep_length_mean:          200.0000	episode_length_mean:     199.0000
epsilon:                   0.0591	grad_norm:               1293736.7875	info_nce_loss:             0.3953	loss:                    9998.0839
q_loss:                  9089.1672	q_taken_mean:            118.6630	red_team_alives_mean:     20.0000	red_team_win_mean:         0.9640
return_mean:              -1.4406	return_std:                0.7450	target_mean:             118.8831	td_error_abs:             59.1002
test_blue_team_alives_mean: 16.6000	test_blue_team_win_mean:   0.0000	test_ep_length_mean:     200.0000	test_episode_length_mean:199.0000
test_red_team_alives_mean: 20.0000	test_red_team_win_mean:    1.0000	test_return_mean:         -2.1410	test_return_std:           0.0000

2026-04-09 17:56:24,869 - my_experiment - bat_ExpoComm_5M - my_run - INFO - t_env: 1000381 / 5050000
2026-04-09 17:56:24,870 - my_experiment - bat_ExpoComm_5M - my_run - INFO - Estimated time left: 7 hours, 47 minutes, 19 seconds. Time passed: 1 hours, 53 minutes, 47 seconds
2026-04-09 17:56:25,628 - my_experiment - bat_ExpoComm_5M - my_run - INFO - Saving models to work_dirs/my_experiment/bat_ExpoComm_5M/my_run/20260409_160207/models/1000381
2026-04-09 18:02:08,990 - my_experiment - bat_ExpoComm_5M - my_run - INFO - Recent Stats | t_env:    1050181 | Episode:     5252
blue_team_alives_mean:    15.1720	blue_team_win_mean:        0.0000	ep_length_mean:          200.0000	episode_length_mean:     199.0000
epsilon:                   0.0500	grad_norm:               635849.3938	info_nce_loss:             0.6546	loss:                    4903.5144
q_loss:                  4457.7403	q_taken_mean:            127.4592	red_team_alives_mean:     20.0000	red_team_win_mean:         0.9840
return_mean:              -1.2858	return_std:                0.7472	target_mean:             127.2506	td_error_abs:             47.4580
test_blue_team_alives_mean: 17.6000	test_blue_team_win_mean:   0.0000	test_ep_length_mean:     200.0000	test_episode_length_mean:199.0000
test_red_team_alives_mean: 20.0000	test_red_team_win_mean:    1.0000	test_return_mean:         -2.0160	test_return_std:           0.0000

2026-04-09 18:02:10,388 - my_experiment - bat_ExpoComm_5M - my_run - INFO - t_env: 1050381 / 5050000
2026-04-09 18:02:10,389 - my_experiment - bat_ExpoComm_5M - my_run - INFO - Estimated time left: 7 hours, 40 minutes, 38 seconds. Time passed: 1 hours, 59 minutes, 33 seconds
2026-04-09 18:07:56,282 - my_experiment - bat_ExpoComm_5M - my_run - INFO - Recent Stats | t_env:    1100181 | Episode:     5502
blue_team_alives_mean:    18.3040	blue_team_win_mean:        0.0000	ep_length_mean:          200.0000	episode_length_mean:     199.0000
epsilon:                   0.0500	grad_norm:               800588.0625	info_nce_loss:             0.2419	loss:                    4536.5589
q_loss:                  4124.1445	q_taken_mean:            133.6320	red_team_alives_mean:     20.0000	red_team_win_mean:         0.7680
return_mean:              -1.5543	return_std:                0.5079	target_mean:             133.5020	td_error_abs:             45.1969
test_blue_team_alives_mean: 17.6000	test_blue_team_win_mean:   0.0000	test_ep_length_mean:     200.0000	test_episode_length_mean:199.0000
test_red_team_alives_mean: 20.0000	test_red_team_win_mean:    1.0000	test_return_mean:         -1.6750	test_return_std:           0.0000

2026-04-09 18:07:57,691 - my_experiment - bat_ExpoComm_5M - my_run - INFO - t_env: 1100381 / 5050000
2026-04-09 18:07:57,692 - my_experiment - bat_ExpoComm_5M - my_run - INFO - Estimated time left: 7 hours, 37 minutes, 14 seconds. Time passed: 2 hours, 5 minutes, 20 seconds
2026-04-09 18:13:43,576 - my_experiment - bat_ExpoComm_5M - my_run - INFO - Recent Stats | t_env:    1150181 | Episode:     5752
blue_team_alives_mean:    18.5600	blue_team_win_mean:        0.0000	ep_length_mean:          200.0000	episode_length_mean:     199.0000
epsilon:                   0.0500	grad_norm:               865489.0375	info_nce_loss:             0.5159	loss:                    5044.4418
q_loss:                  4585.8562	q_taken_mean:            139.1447	red_team_alives_mean:     20.0000	red_team_win_mean:         0.6520
return_mean:              -1.6133	return_std:                0.4770	target_mean:             139.4189	td_error_abs:             47.5681
test_blue_team_alives_mean: 17.2000	test_blue_team_win_mean:   0.0000	test_ep_length_mean:     200.0000	test_episode_length_mean:199.0000
test_red_team_alives_mean: 20.0000	test_red_team_win_mean:    1.0000	test_return_mean:         -1.5640	test_return_std:           0.0000

2026-04-09 18:13:44,953 - my_experiment - bat_ExpoComm_5M - my_run - INFO - t_env: 1150381 / 5050000
2026-04-09 18:13:44,953 - my_experiment - bat_ExpoComm_5M - my_run - INFO - Estimated time left: 7 hours, 31 minutes, 23 seconds. Time passed: 2 hours, 11 minutes, 7 seconds
2026-04-09 18:19:30,484 - my_experiment - bat_ExpoComm_5M - my_run - INFO - Recent Stats | t_env:    1200181 | Episode:     6002
blue_team_alives_mean:    19.1640	blue_team_win_mean:        0.0000	ep_length_mean:          200.0000	episode_length_mean:     199.0000
epsilon:                   0.0500	grad_norm:               1045527.1375	info_nce_loss:             0.4108	loss:                    5245.8211
q_loss:                  4768.9282	q_taken_mean:            147.5485	red_team_alives_mean:     20.0000	red_team_win_mean:         0.4840
return_mean:              -1.5867	return_std:                0.3231	target_mean:             147.5638	td_error_abs:             46.6743
test_blue_team_alives_mean: 17.6000	test_blue_team_win_mean:   0.0000	test_ep_length_mean:     200.0000	test_episode_length_mean:199.0000
test_red_team_alives_mean: 20.0000	test_red_team_win_mean:    0.8000	test_return_mean:         -1.4890	test_return_std:           0.0000

2026-04-09 18:19:31,864 - my_experiment - bat_ExpoComm_5M - my_run - INFO - t_env: 1200381 / 5050000
2026-04-09 18:19:31,865 - my_experiment - bat_ExpoComm_5M - my_run - INFO - Estimated time left: 7 hours, 25 minutes, 9 seconds. Time passed: 2 hours, 16 minutes, 54 seconds
2026-04-09 18:25:17,645 - my_experiment - bat_ExpoComm_5M - my_run - INFO - Recent Stats | t_env:    1250181 | Episode:     6252
blue_team_alives_mean:    19.6240	blue_team_win_mean:        0.0000	ep_length_mean:          200.0000	episode_length_mean:     199.0000
epsilon:                   0.0500	grad_norm:               1160345.2625	info_nce_loss:             0.3298	loss:                    5478.6952
q_loss:                  4980.6320	q_taken_mean:            149.1838	red_team_alives_mean:     20.0000	red_team_win_mean:         0.2960
return_mean:              -1.4303	return_std:                0.2020	target_mean:             149.4792	td_error_abs:             47.4585
test_blue_team_alives_mean: 18.4000	test_blue_team_win_mean:   0.0000	test_ep_length_mean:     200.0000	test_episode_length_mean:199.0000
test_red_team_alives_mean: 20.0000	test_red_team_win_mean:    0.6000	test_return_mean:         -1.4010	test_return_std:           0.0000

2026-04-09 18:25:19,086 - my_experiment - bat_ExpoComm_5M - my_run - INFO - t_env: 1250381 / 5050000
2026-04-09 18:25:19,087 - my_experiment - bat_ExpoComm_5M - my_run - INFO - Estimated time left: 7 hours, 19 minutes, 46 seconds. Time passed: 2 hours, 22 minutes, 41 seconds
2026-04-09 18:31:04,656 - my_experiment - bat_ExpoComm_5M - my_run - INFO - Recent Stats | t_env:    1300181 | Episode:     6502
blue_team_alives_mean:    18.9800	blue_team_win_mean:        0.0000	ep_length_mean:          200.0000	episode_length_mean:     199.0000
epsilon:                   0.0500	grad_norm:               1252585.5750	info_nce_loss:             0.3982	loss:                    5019.4718
q_loss:                  4563.1561	q_taken_mean:            156.3253	red_team_alives_mean:     20.0000	red_team_win_mean:         0.5600
return_mean:              -1.4632	return_std:                0.3362	target_mean:             156.2791	td_error_abs:             44.4475
test_blue_team_alives_mean: 19.2000	test_blue_team_win_mean:   0.0000	test_ep_length_mean:     200.0000	test_episode_length_mean:199.0000
test_red_team_alives_mean: 20.0000	test_red_team_win_mean:    0.4000	test_return_mean:         -1.5050	test_return_std:           0.0000

2026-04-09 18:31:06,055 - my_experiment - bat_ExpoComm_5M - my_run - INFO - t_env: 1300381 / 5050000
2026-04-09 18:31:06,056 - my_experiment - bat_ExpoComm_5M - my_run - INFO - Estimated time left: 7 hours, 13 minutes, 40 seconds. Time passed: 2 hours, 28 minutes, 28 seconds
2026-04-09 18:36:52,024 - my_experiment - bat_ExpoComm_5M - my_run - INFO - Recent Stats | t_env:    1350181 | Episode:     6752
blue_team_alives_mean:    18.4840	blue_team_win_mean:        0.0000	ep_length_mean:          200.0000	episode_length_mean:     199.0000
epsilon:                   0.0500	grad_norm:               1225558.4750	info_nce_loss:             0.1144	loss:                    4604.0817
q_loss:                  4185.5289	q_taken_mean:            155.3212	red_team_alives_mean:     20.0000	red_team_win_mean:         0.7480
return_mean:              -1.4496	return_std:                0.3756	target_mean:             155.7597	td_error_abs:             43.1243
test_blue_team_alives_mean: 18.8000	test_blue_team_win_mean:   0.0000	test_ep_length_mean:     200.0000	test_episode_length_mean:199.0000
test_red_team_alives_mean: 20.0000	test_red_team_win_mean:    0.4000	test_return_mean:         -1.2210	test_return_std:           0.0000

2026-04-09 18:36:53,427 - my_experiment - bat_ExpoComm_5M - my_run - INFO - t_env: 1350381 / 5050000
2026-04-09 18:36:53,427 - my_experiment - bat_ExpoComm_5M - my_run - INFO - Estimated time left: 7 hours, 8 minutes, 22 seconds. Time passed: 2 hours, 34 minutes, 16 seconds
2026-04-09 18:42:39,303 - my_experiment - bat_ExpoComm_5M - my_run - INFO - Recent Stats | t_env:    1400181 | Episode:     7002
blue_team_alives_mean:    18.6080	blue_team_win_mean:        0.0000	ep_length_mean:          200.0000	episode_length_mean:     199.0000
epsilon:                   0.0500	grad_norm:               1344951.5750	info_nce_loss:             0.6586	loss:                    4626.0026
q_loss:                  4205.4569	q_taken_mean:            162.1504	red_team_alives_mean:     20.0000	red_team_win_mean:         0.7360
return_mean:              -1.6106	return_std:                0.3784	target_mean:             161.9595	td_error_abs:             41.6436
test_blue_team_alives_mean: 19.0000	test_blue_team_win_mean:   0.0000	test_ep_length_mean:     200.0000	test_episode_length_mean:199.0000
test_red_team_alives_mean: 20.0000	test_red_team_win_mean:    0.4000	test_return_mean:         -1.3370	test_return_std:           0.0000

2026-04-09 18:42:40,704 - my_experiment - bat_ExpoComm_5M - my_run - INFO - t_env: 1400381 / 5050000
2026-04-09 18:42:40,705 - my_experiment - bat_ExpoComm_5M - my_run - INFO - Estimated time left: 7 hours, 2 minutes, 28 seconds. Time passed: 2 hours, 40 minutes, 3 seconds
2026-04-09 18:48:26,319 - my_experiment - bat_ExpoComm_5M - my_run - INFO - Recent Stats | t_env:    1450181 | Episode:     7252
blue_team_alives_mean:    18.4560	blue_team_win_mean:        0.0000	ep_length_mean:          200.0000	episode_length_mean:     199.0000
epsilon:                   0.0500	grad_norm:               1422801.9000	info_nce_loss:             0.4933	loss:                    4658.1290
q_loss:                  4234.6627	q_taken_mean:            164.9610	red_team_alives_mean:     20.0000	red_team_win_mean:         0.7600
return_mean:              -1.4721	return_std:                0.3716	target_mean:             165.2597	td_error_abs:             43.8216
test_blue_team_alives_mean: 18.8000	test_blue_team_win_mean:   0.0000	test_ep_length_mean:     200.0000	test_episode_length_mean:199.0000
test_red_team_alives_mean: 20.0000	test_red_team_win_mean:    0.6000	test_return_mean:         -1.3010	test_return_std:           0.0000

2026-04-09 18:48:27,711 - my_experiment - bat_ExpoComm_5M - my_run - INFO - t_env: 1450381 / 5050000
2026-04-09 18:48:27,712 - my_experiment - bat_ExpoComm_5M - my_run - INFO - Estimated time left: 6 hours, 56 minutes, 21 seconds. Time passed: 2 hours, 45 minutes, 50 seconds
2026-04-09 18:54:13,664 - my_experiment - bat_ExpoComm_5M - my_run - INFO - Recent Stats | t_env:    1500181 | Episode:     7502
blue_team_alives_mean:    18.3800	blue_team_win_mean:        0.0000	ep_length_mean:          200.0000	episode_length_mean:     199.0000
epsilon:                   0.0500	grad_norm:               1256483.0875	info_nce_loss:             0.5038	loss:                    3996.7088
q_loss:                  3633.3715	q_taken_mean:            166.1334	red_team_alives_mean:     20.0000	red_team_win_mean:         0.7640
return_mean:              -1.7575	return_std:                0.5193	target_mean:             165.9599	td_error_abs:             39.3152
test_blue_team_alives_mean: 18.0000	test_blue_team_win_mean:   0.0000	test_ep_length_mean:     200.0000	test_episode_length_mean:199.0000
test_red_team_alives_mean: 20.0000	test_red_team_win_mean:    0.8000	test_return_mean:         -1.2030	test_return_std:           0.0000

2026-04-09 18:54:15,072 - my_experiment - bat_ExpoComm_5M - my_run - INFO - t_env: 1500381 / 5050000
2026-04-09 18:54:15,073 - my_experiment - bat_ExpoComm_5M - my_run - INFO - Estimated time left: 6 hours, 51 minutes, 0 seconds. Time passed: 2 hours, 51 minutes, 37 seconds
2026-04-09 18:54:15,814 - my_experiment - bat_ExpoComm_5M - my_run - INFO - Saving models to work_dirs/my_experiment/bat_ExpoComm_5M/my_run/20260409_160207/models/1500381
2026-04-09 19:00:02,069 - my_experiment - bat_ExpoComm_5M - my_run - INFO - Recent Stats | t_env:    1550181 | Episode:     7752
blue_team_alives_mean:    18.8640	blue_team_win_mean:        0.0000	ep_length_mean:          200.0000	episode_length_mean:     199.0000
epsilon:                   0.0500	grad_norm:               1414897.9250	info_nce_loss:             0.3314	loss:                    3906.8042
q_loss:                  3551.6401	q_taken_mean:            169.6668	red_team_alives_mean:     20.0000	red_team_win_mean:         0.6960
return_mean:              -1.4006	return_std:                0.3278	target_mean:             169.9660	td_error_abs:             38.4725
test_blue_team_alives_mean: 17.8000	test_blue_team_win_mean:   0.0000	test_ep_length_mean:     200.0000	test_episode_length_mean:199.0000
test_red_team_alives_mean: 20.0000	test_red_team_win_mean:    1.0000	test_return_mean:         -1.1690	test_return_std:           0.0000

2026-04-09 19:00:03,452 - my_experiment - bat_ExpoComm_5M - my_run - INFO - t_env: 1550381 / 5050000
2026-04-09 19:00:03,453 - my_experiment - bat_ExpoComm_5M - my_run - INFO - Estimated time left: 6 hours, 46 minutes, 23 seconds. Time passed: 2 hours, 57 minutes, 26 seconds
2026-04-09 19:05:50,287 - my_experiment - bat_ExpoComm_5M - my_run - INFO - Recent Stats | t_env:    1600181 | Episode:     8002
blue_team_alives_mean:    18.5560	blue_team_win_mean:        0.0000	ep_length_mean:          200.0000	episode_length_mean:     199.0000
epsilon:                   0.0500	grad_norm:               1271932.8000	info_nce_loss:             0.3340	loss:                    3496.4978
q_loss:                  3178.6343	q_taken_mean:            171.0798	red_team_alives_mean:     20.0000	red_team_win_mean:         0.7560
return_mean:              -1.1456	return_std:                0.3404	target_mean:             171.0198	td_error_abs:             36.7056
test_blue_team_alives_mean: 18.4000	test_blue_team_win_mean:   0.0000	test_ep_length_mean:     200.0000	test_episode_length_mean:199.0000
test_red_team_alives_mean: 20.0000	test_red_team_win_mean:    0.8000	test_return_mean:         -1.2260	test_return_std:           0.0000

2026-04-09 19:05:51,693 - my_experiment - bat_ExpoComm_5M - my_run - INFO - t_env: 1600381 / 5050000
2026-04-09 19:05:51,694 - my_experiment - bat_ExpoComm_5M - my_run - INFO - Estimated time left: 6 hours, 40 minutes, 25 seconds. Time passed: 3 hours, 3 minutes, 14 seconds
2026-04-09 19:11:37,767 - my_experiment - bat_ExpoComm_5M - my_run - INFO - Recent Stats | t_env:    1650181 | Episode:     8252
blue_team_alives_mean:    18.8520	blue_team_win_mean:        0.0000	ep_length_mean:          200.0000	episode_length_mean:     199.0000
epsilon:                   0.0500	grad_norm:               1523720.8750	info_nce_loss:             0.2214	loss:                    3916.6416
q_loss:                  3560.5833	q_taken_mean:            170.8176	red_team_alives_mean:     20.0000	red_team_win_mean:         0.7200
return_mean:              -1.1556	return_std:                0.2869	target_mean:             171.0846	td_error_abs:             39.2888
test_blue_team_alives_mean: 18.8000	test_blue_team_win_mean:   0.0000	test_ep_length_mean:     200.0000	test_episode_length_mean:199.0000
test_red_team_alives_mean: 20.0000	test_red_team_win_mean:    0.6000	test_return_mean:         -1.1920	test_return_std:           0.0000

2026-04-09 19:11:39,151 - my_experiment - bat_ExpoComm_5M - my_run - INFO - t_env: 1650381 / 5050000
2026-04-09 19:11:39,151 - my_experiment - bat_ExpoComm_5M - my_run - INFO - Estimated time left: 6 hours, 33 minutes, 44 seconds. Time passed: 3 hours, 9 minutes, 1 seconds
2026-04-09 19:17:25,514 - my_experiment - bat_ExpoComm_5M - my_run - INFO - Recent Stats | t_env:    1700181 | Episode:     8502
blue_team_alives_mean:    19.0160	blue_team_win_mean:        0.0000	ep_length_mean:          200.0000	episode_length_mean:     199.0000
epsilon:                   0.0500	grad_norm:               1469633.6250	info_nce_loss:             0.2815	loss:                    3662.3954
q_loss:                  3329.4503	q_taken_mean:            171.3824	red_team_alives_mean:     20.0000	red_team_win_mean:         0.5920
return_mean:              -1.2181	return_std:                0.3001	target_mean:             171.2814	td_error_abs:             37.1614
test_blue_team_alives_mean: 18.6000	test_blue_team_win_mean:   0.0000	test_ep_length_mean:     200.0000	test_episode_length_mean:199.0000
test_red_team_alives_mean: 20.0000	test_red_team_win_mean:    0.6000	test_return_mean:         -1.0400	test_return_std:           0.0000

2026-04-09 19:17:26,962 - my_experiment - bat_ExpoComm_5M - my_run - INFO - t_env: 1700381 / 5050000
2026-04-09 19:17:26,963 - my_experiment - bat_ExpoComm_5M - my_run - INFO - Estimated time left: 6 hours, 28 minutes, 20 seconds. Time passed: 3 hours, 14 minutes, 49 seconds
2026-04-09 19:23:13,321 - my_experiment - bat_ExpoComm_5M - my_run - INFO - Recent Stats | t_env:    1750181 | Episode:     8752
blue_team_alives_mean:    19.0840	blue_team_win_mean:        0.0000	ep_length_mean:          200.0000	episode_length_mean:     199.0000
epsilon:                   0.0500	grad_norm:               1445344.5500	info_nce_loss:             0.4155	loss:                    3594.4362
q_loss:                  3267.6693	q_taken_mean:            172.0120	red_team_alives_mean:     20.0000	red_team_win_mean:         0.5680
return_mean:              -1.3573	return_std:                0.3100	target_mean:             172.6024	td_error_abs:             38.3329
test_blue_team_alives_mean: 19.2000	test_blue_team_win_mean:   0.0000	test_ep_length_mean:     200.0000	test_episode_length_mean:199.0000
test_red_team_alives_mean: 20.0000	test_red_team_win_mean:    0.6000	test_return_mean:         -1.1370	test_return_std:           0.0000

2026-04-09 19:23:14,722 - my_experiment - bat_ExpoComm_5M - my_run - INFO - t_env: 1750381 / 5050000
2026-04-09 19:23:14,723 - my_experiment - bat_ExpoComm_5M - my_run - INFO - Estimated time left: 6 hours, 22 minutes, 29 seconds. Time passed: 3 hours, 20 minutes, 37 seconds
2026-04-09 19:29:00,660 - my_experiment - bat_ExpoComm_5M - my_run - INFO - Recent Stats | t_env:    1800181 | Episode:     9002
blue_team_alives_mean:    19.0120	blue_team_win_mean:        0.0000	ep_length_mean:          200.0000	episode_length_mean:     199.0000
epsilon:                   0.0500	grad_norm:               1447931.0250	info_nce_loss:             0.5681	loss:                    3344.6863
q_loss:                  3040.6239	q_taken_mean:            172.4678	red_team_alives_mean:     20.0000	red_team_win_mean:         0.5720
return_mean:              -1.1514	return_std:                0.2948	target_mean:             172.2502	td_error_abs:             33.4278
test_blue_team_alives_mean: 19.4000	test_blue_team_win_mean:   0.0000	test_ep_length_mean:     200.0000	test_episode_length_mean:199.0000
test_red_team_alives_mean: 20.0000	test_red_team_win_mean:    0.4000	test_return_mean:         -1.0950	test_return_std:           0.0000

2026-04-09 19:29:02,041 - my_experiment - bat_ExpoComm_5M - my_run - INFO - t_env: 1800381 / 5050000
2026-04-09 19:29:02,042 - my_experiment - bat_ExpoComm_5M - my_run - INFO - Estimated time left: 6 hours, 16 minutes, 13 seconds. Time passed: 3 hours, 26 minutes, 24 seconds
2026-04-09 19:34:49,624 - my_experiment - bat_ExpoComm_5M - my_run - INFO - Recent Stats | t_env:    1850181 | Episode:     9252
blue_team_alives_mean:    19.4280	blue_team_win_mean:        0.0000	ep_length_mean:          200.0000	episode_length_mean:     199.0000
epsilon:                   0.0500	grad_norm:               1430736.7750	info_nce_loss:             0.4730	loss:                    3619.6835
q_loss:                  3290.6214	q_taken_mean:            172.8481	red_team_alives_mean:     20.0000	red_team_win_mean:         0.4000
return_mean:              -1.3770	return_std:                0.2667	target_mean:             173.3298	td_error_abs:             39.7959
test_blue_team_alives_mean: 19.2000	test_blue_team_win_mean:   0.0000	test_ep_length_mean:     200.0000	test_episode_length_mean:199.0000
test_red_team_alives_mean: 20.0000	test_red_team_win_mean:    0.6000	test_return_mean:         -1.0680	test_return_std:           0.0000

2026-04-09 19:34:51,045 - my_experiment - bat_ExpoComm_5M - my_run - INFO - t_env: 1850381 / 5050000
2026-04-09 19:34:51,046 - my_experiment - bat_ExpoComm_5M - my_run - INFO - Estimated time left: 6 hours, 12 minutes, 13 seconds. Time passed: 3 hours, 32 minutes, 13 seconds
2026-04-09 19:40:38,061 - my_experiment - bat_ExpoComm_5M - my_run - INFO - Recent Stats | t_env:    1900181 | Episode:     9502
blue_team_alives_mean:    19.4800	blue_team_win_mean:        0.0000	ep_length_mean:          200.0000	episode_length_mean:     199.0000
epsilon:                   0.0500	grad_norm:               1410207.2000	info_nce_loss:             0.4058	loss:                    3300.0950
q_loss:                  3000.0863	q_taken_mean:            173.7343	red_team_alives_mean:     20.0000	red_team_win_mean:         0.3480
return_mean:              -1.3257	return_std:                0.2232	target_mean:             173.6266	td_error_abs:             34.3946
test_blue_team_alives_mean: 19.2000	test_blue_team_win_mean:   0.0000	test_ep_length_mean:     200.0000	test_episode_length_mean:199.0000
test_red_team_alives_mean: 20.0000	test_red_team_win_mean:    0.6000	test_return_mean:         -1.0300	test_return_std:           0.0000

2026-04-09 19:40:39,484 - my_experiment - bat_ExpoComm_5M - my_run - INFO - t_env: 1900381 / 5050000
2026-04-09 19:40:39,485 - my_experiment - bat_ExpoComm_5M - my_run - INFO - Estimated time left: 6 hours, 5 minutes, 49 seconds. Time passed: 3 hours, 38 minutes, 2 seconds
2026-04-09 19:46:26,349 - my_experiment - bat_ExpoComm_5M - my_run - INFO - Recent Stats | t_env:    1950181 | Episode:     9752
blue_team_alives_mean:    19.4160	blue_team_win_mean:        0.0000	ep_length_mean:          200.0000	episode_length_mean:     199.0000
epsilon:                   0.0500	grad_norm:               1413583.7000	info_nce_loss:             0.5273	loss:                    3288.1056
q_loss:                  2989.1869	q_taken_mean:            174.2649	red_team_alives_mean:     20.0000	red_team_win_mean:         0.4320
return_mean:              -1.4193	return_std:                0.2451	target_mean:             174.6546	td_error_abs:             34.1978
test_blue_team_alives_mean: 19.6000	test_blue_team_win_mean:   0.0000	test_ep_length_mean:     200.0000	test_episode_length_mean:199.0000
test_red_team_alives_mean: 20.0000	test_red_team_win_mean:    0.4000	test_return_mean:         -1.1010	test_return_std:           0.0000

2026-04-09 19:46:27,747 - my_experiment - bat_ExpoComm_5M - my_run - INFO - t_env: 1950381 / 5050000
2026-04-09 19:46:27,747 - my_experiment - bat_ExpoComm_5M - my_run - INFO - Estimated time left: 5 hours, 59 minutes, 49 seconds. Time passed: 3 hours, 43 minutes, 50 seconds
2026-04-09 19:52:14,577 - my_experiment - bat_ExpoComm_5M - my_run - INFO - Recent Stats | t_env:    2000181 | Episode:    10002
blue_team_alives_mean:    19.6080	blue_team_win_mean:        0.0000	ep_length_mean:          200.0000	episode_length_mean:     199.0000
epsilon:                   0.0500	grad_norm:               1284736.7125	info_nce_loss:             0.2625	loss:                    2854.8550
q_loss:                  2595.3228	q_taken_mean:            173.8828	red_team_alives_mean:     20.0000	red_team_win_mean:         0.3040
return_mean:              -1.4065	return_std:                0.2074	target_mean:             173.6879	td_error_abs:             31.2761
test_blue_team_alives_mean: 19.8000	test_blue_team_win_mean:   0.0000	test_ep_length_mean:     200.0000	test_episode_length_mean:199.0000
test_red_team_alives_mean: 20.0000	test_red_team_win_mean:    0.2000	test_return_mean:         -1.0950	test_return_std:           0.0000

2026-04-09 19:52:15,991 - my_experiment - bat_ExpoComm_5M - my_run - INFO - t_env: 2000381 / 5050000
2026-04-09 19:52:15,992 - my_experiment - bat_ExpoComm_5M - my_run - INFO - Estimated time left: 5 hours, 54 minutes, 0 seconds. Time passed: 3 hours, 49 minutes, 38 seconds
2026-04-09 19:52:16,737 - my_experiment - bat_ExpoComm_5M - my_run - INFO - Saving models to work_dirs/my_experiment/bat_ExpoComm_5M/my_run/20260409_160207/models/2000381
2026-04-09 19:58:03,375 - my_experiment - bat_ExpoComm_5M - my_run - INFO - Recent Stats | t_env:    2050181 | Episode:    10252
blue_team_alives_mean:    19.4920	blue_team_win_mean:        0.0000	ep_length_mean:          200.0000	episode_length_mean:     199.0000
epsilon:                   0.0500	grad_norm:               1103086.4125	info_nce_loss:             0.3920	loss:                    2844.6218
q_loss:                  2586.0199	q_taken_mean:            171.9135	red_team_alives_mean:     20.0000	red_team_win_mean:         0.3680
return_mean:              -1.4537	return_std:                0.2506	target_mean:             172.1009	td_error_abs:             33.9113
test_blue_team_alives_mean: 19.8000	test_blue_team_win_mean:   0.0000	test_ep_length_mean:     200.0000	test_episode_length_mean:199.0000
test_red_team_alives_mean: 20.0000	test_red_team_win_mean:    0.2000	test_return_mean:         -1.1010	test_return_std:           0.0000

2026-04-09 19:58:04,790 - my_experiment - bat_ExpoComm_5M - my_run - INFO - t_env: 2050381 / 5050000
2026-04-09 19:58:04,791 - my_experiment - bat_ExpoComm_5M - my_run - INFO - Estimated time left: 5 hours, 48 minutes, 45 seconds. Time passed: 3 hours, 55 minutes, 27 seconds
2026-04-09 20:03:51,818 - my_experiment - bat_ExpoComm_5M - my_run - INFO - Recent Stats | t_env:    2100181 | Episode:    10502
blue_team_alives_mean:    19.6840	blue_team_win_mean:        0.0000	ep_length_mean:          200.0000	episode_length_mean:     199.0000
epsilon:                   0.0500	grad_norm:               1286506.4750	info_nce_loss:             0.2320	loss:                    3574.9411
q_loss:                  3249.9464	q_taken_mean:            171.8585	red_team_alives_mean:     20.0000	red_team_win_mean:         0.2600
return_mean:              -1.3975	return_std:                0.1966	target_mean:             171.3869	td_error_abs:             37.4949
test_blue_team_alives_mean: 20.0000	test_blue_team_win_mean:   0.0000	test_ep_length_mean:     200.0000	test_episode_length_mean:199.0000
test_red_team_alives_mean: 20.0000	test_red_team_win_mean:    0.0000	test_return_mean:         -1.1960	test_return_std:           0.0000

2026-04-09 20:03:53,223 - my_experiment - bat_ExpoComm_5M - my_run - INFO - t_env: 2100381 / 5050000
2026-04-09 20:03:53,224 - my_experiment - bat_ExpoComm_5M - my_run - INFO - Estimated time left: 5 hours, 42 minutes, 34 seconds. Time passed: 4 hours, 1 minutes, 15 seconds
2026-04-09 20:09:40,070 - my_experiment - bat_ExpoComm_5M - my_run - INFO - Recent Stats | t_env:    2150181 | Episode:    10752
blue_team_alives_mean:    19.6280	blue_team_win_mean:        0.0000	ep_length_mean:          200.0000	episode_length_mean:     199.0000
epsilon:                   0.0500	grad_norm:               1249718.4250	info_nce_loss:             0.4338	loss:                    3288.2241
q_loss:                  2989.2946	q_taken_mean:            171.2189	red_team_alives_mean:     20.0000	red_team_win_mean:         0.2880
return_mean:              -1.3407	return_std:                0.1910	target_mean:             171.4621	td_error_abs:             33.3615
test_blue_team_alives_mean: 20.0000	test_blue_team_win_mean:   0.0000	test_ep_length_mean:     200.0000	test_episode_length_mean:199.0000
test_red_team_alives_mean: 20.0000	test_red_team_win_mean:    0.0000	test_return_mean:         -1.2080	test_return_std:           0.0000

2026-04-09 20:09:41,534 - my_experiment - bat_ExpoComm_5M - my_run - INFO - t_env: 2150381 / 5050000
2026-04-09 20:09:41,535 - my_experiment - bat_ExpoComm_5M - my_run - INFO - Estimated time left: 5 hours, 36 minutes, 39 seconds. Time passed: 4 hours, 7 minutes, 4 seconds
2026-04-09 20:15:28,642 - my_experiment - bat_ExpoComm_5M - my_run - INFO - Recent Stats | t_env:    2200181 | Episode:    11002
blue_team_alives_mean:    19.6880	blue_team_win_mean:        0.0000	ep_length_mean:          200.0000	episode_length_mean:     199.0000
epsilon:                   0.0500	grad_norm:               1714276.7000	info_nce_loss:             0.1531	loss:                    7538.0474
q_loss:                  6852.7704	q_taken_mean:            169.6237	red_team_alives_mean:     20.0000	red_team_win_mean:         0.2520
return_mean:              -1.4374	return_std:                0.2695	target_mean:             170.1804	td_error_abs:             52.6609
test_blue_team_alives_mean: 20.0000	test_blue_team_win_mean:   0.0000	test_ep_length_mean:     200.0000	test_episode_length_mean:199.0000
test_red_team_alives_mean: 20.0000	test_red_team_win_mean:    0.0000	test_return_mean:         -1.1950	test_return_std:           0.0000

2026-04-09 20:15:30,035 - my_experiment - bat_ExpoComm_5M - my_run - INFO - t_env: 2200381 / 5050000
2026-04-09 20:15:30,036 - my_experiment - bat_ExpoComm_5M - my_run - INFO - Estimated time left: 5 hours, 31 minutes, 1 seconds. Time passed: 4 hours, 12 minutes, 52 seconds
2026-04-09 20:21:17,015 - my_experiment - bat_ExpoComm_5M - my_run - INFO - Recent Stats | t_env:    2250181 | Episode:    11252
blue_team_alives_mean:    19.5280	blue_team_win_mean:        0.0000	ep_length_mean:          200.0000	episode_length_mean:     199.0000
epsilon:                   0.0500	grad_norm:               1016104.9187	info_nce_loss:             0.4939	loss:                    6002.2322
q_loss:                  5456.5747	q_taken_mean:            169.3192	red_team_alives_mean:     20.0000	red_team_win_mean:         0.2880
return_mean:              -1.5257	return_std:                0.3270	target_mean:             169.5851	td_error_abs:             48.0525
test_blue_team_alives_mean: 19.6000	test_blue_team_win_mean:   0.0000	test_ep_length_mean:     200.0000	test_episode_length_mean:199.0000
test_red_team_alives_mean: 20.0000	test_red_team_win_mean:    0.2000	test_return_mean:         -1.1330	test_return_std:           0.0000

2026-04-09 20:21:18,449 - my_experiment - bat_ExpoComm_5M - my_run - INFO - t_env: 2250381 / 5050000
2026-04-09 20:21:18,450 - my_experiment - bat_ExpoComm_5M - my_run - INFO - Estimated time left: 5 hours, 25 minutes, 8 seconds. Time passed: 4 hours, 18 minutes, 41 seconds
2026-04-09 20:27:04,906 - my_experiment - bat_ExpoComm_5M - my_run - INFO - Recent Stats | t_env:    2300181 | Episode:    11502
blue_team_alives_mean:    18.0800	blue_team_win_mean:        0.0000	ep_length_mean:          200.0000	episode_length_mean:     199.0000
epsilon:                   0.0500	grad_norm:               2045348.0719	info_nce_loss:             0.5990	loss:                    15318.5805
q_loss:                  13925.9822	q_taken_mean:            167.5775	red_team_alives_mean:     20.0000	red_team_win_mean:         0.6960
return_mean:              -1.2374	return_std:                0.5788	target_mean:             168.1356	td_error_abs:             55.6056
test_blue_team_alives_mean: 19.4000	test_blue_team_win_mean:   0.0000	test_ep_length_mean:     200.0000	test_episode_length_mean:199.0000
test_red_team_alives_mean: 20.0000	test_red_team_win_mean:    0.4000	test_return_mean:         -1.0600	test_return_std:           0.0000

2026-04-09 20:27:06,291 - my_experiment - bat_ExpoComm_5M - my_run - INFO - t_env: 2300381 / 5050000
2026-04-09 20:27:06,291 - my_experiment - bat_ExpoComm_5M - my_run - INFO - Estimated time left: 5 hours, 18 minutes, 48 seconds. Time passed: 4 hours, 24 minutes, 28 seconds
2026-04-09 20:32:51,248 - my_experiment - bat_ExpoComm_5M - my_run - INFO - Recent Stats | t_env:    2350181 | Episode:    11752
blue_team_alives_mean:    16.1560	blue_team_win_mean:        0.0000	ep_length_mean:          200.0000	episode_length_mean:     199.0000
epsilon:                   0.0500	grad_norm:               1112427.3625	info_nce_loss:             0.4094	loss:                    4993.6985
q_loss:                  4539.7259	q_taken_mean:            161.0394	red_team_alives_mean:     20.0000	red_team_win_mean:         0.8680
return_mean:              -3.0446	return_std:                3.1875	target_mean:             162.2965	td_error_abs:             43.5568
test_blue_team_alives_mean: 19.0000	test_blue_team_win_mean:   0.0000	test_ep_length_mean:     200.0000	test_episode_length_mean:199.0000
test_red_team_alives_mean: 20.0000	test_red_team_win_mean:    0.6000	test_return_mean:         -0.9710	test_return_std:           0.0000

2026-04-09 20:32:52,636 - my_experiment - bat_ExpoComm_5M - my_run - INFO - t_env: 2350381 / 5050000
2026-04-09 20:32:52,637 - my_experiment - bat_ExpoComm_5M - my_run - INFO - Estimated time left: 5 hours, 11 minutes, 40 seconds. Time passed: 4 hours, 30 minutes, 15 seconds
2026-04-09 20:38:36,285 - my_experiment - bat_ExpoComm_5M - my_run - INFO - Recent Stats | t_env:    2400181 | Episode:    12002
blue_team_alives_mean:    13.4880	blue_team_win_mean:        0.0000	ep_length_mean:          200.0000	episode_length_mean:     199.0000
epsilon:                   0.0500	grad_norm:               1278094.8375	info_nce_loss:             0.2910	loss:                    9401.7716
q_loss:                  8547.0653	q_taken_mean:            158.3512	red_team_alives_mean:     20.0000	red_team_win_mean:         0.9960
return_mean:              -0.7617	return_std:                1.0869	target_mean:             157.3241	td_error_abs:             65.3704
test_blue_team_alives_mean: 18.0000	test_blue_team_win_mean:   0.0000	test_ep_length_mean:     200.0000	test_episode_length_mean:199.0000
test_red_team_alives_mean: 20.0000	test_red_team_win_mean:    0.8000	test_return_mean:         -1.0020	test_return_std:           0.0000

2026-04-09 20:38:37,661 - my_experiment - bat_ExpoComm_5M - my_run - INFO - t_env: 2400381 / 5050000
2026-04-09 20:38:37,662 - my_experiment - bat_ExpoComm_5M - my_run - INFO - Estimated time left: 5 hours, 4 minutes, 43 seconds. Time passed: 4 hours, 36 minutes, 0 seconds
2026-04-09 20:44:19,724 - my_experiment - bat_ExpoComm_5M - my_run - INFO - Recent Stats | t_env:    2450181 | Episode:    12252
blue_team_alives_mean:    12.4680	blue_team_win_mean:        0.0000	ep_length_mean:          200.0000	episode_length_mean:     199.0000
epsilon:                   0.0500	grad_norm:               1044982.0594	info_nce_loss:             0.4607	loss:                    5677.4154
q_loss:                  5161.2865	q_taken_mean:            152.7406	red_team_alives_mean:     20.0000	red_team_win_mean:         1.0000
return_mean:              -0.2031	return_std:                0.9271	target_mean:             153.7634	td_error_abs:             37.9968
test_blue_team_alives_mean: 16.8000	test_blue_team_win_mean:   0.0000	test_ep_length_mean:     200.0000	test_episode_length_mean:199.0000
test_red_team_alives_mean: 20.0000	test_red_team_win_mean:    1.0000	test_return_mean:         -0.7000	test_return_std:           0.0000

2026-04-09 20:44:21,114 - my_experiment - bat_ExpoComm_5M - my_run - INFO - t_env: 2450381 / 5050000
2026-04-09 20:44:21,115 - my_experiment - bat_ExpoComm_5M - my_run - INFO - Estimated time left: 4 hours, 57 minutes, 36 seconds. Time passed: 4 hours, 41 minutes, 43 seconds
2026-04-09 20:50:01,724 - my_experiment - bat_ExpoComm_5M - my_run - INFO - Recent Stats | t_env:    2500181 | Episode:    12502
blue_team_alives_mean:    12.3400	blue_team_win_mean:        0.0000	ep_length_mean:          200.0000	episode_length_mean:     199.0000
epsilon:                   0.0500	grad_norm:               1352135.4312	info_nce_loss:             0.4600	loss:                    9917.8163
q_loss:                  9016.1966	q_taken_mean:            146.1056	red_team_alives_mean:     20.0000	red_team_win_mean:         0.9880
return_mean:              -0.3179	return_std:                0.9494	target_mean:             146.7417	td_error_abs:             54.0920
test_blue_team_alives_mean: 15.4000	test_blue_team_win_mean:   0.0000	test_ep_length_mean:     200.0000	test_episode_length_mean:199.0000
test_red_team_alives_mean: 20.0000	test_red_team_win_mean:    1.0000	test_return_mean:         -0.4330	test_return_std:           0.0000

2026-04-09 20:50:03,099 - my_experiment - bat_ExpoComm_5M - my_run - INFO - t_env: 2500381 / 5050000
2026-04-09 20:50:03,100 - my_experiment - bat_ExpoComm_5M - my_run - INFO - Estimated time left: 4 hours, 50 minutes, 38 seconds. Time passed: 4 hours, 47 minutes, 25 seconds
2026-04-09 20:50:03,804 - my_experiment - bat_ExpoComm_5M - my_run - INFO - Saving models to work_dirs/my_experiment/bat_ExpoComm_5M/my_run/20260409_160207/models/2500381
2026-04-09 20:55:42,394 - my_experiment - bat_ExpoComm_5M - my_run - INFO - Recent Stats | t_env:    2550181 | Episode:    12752
blue_team_alives_mean:    11.3520	blue_team_win_mean:        0.0000	ep_length_mean:          200.0000	episode_length_mean:     199.0000
epsilon:                   0.0500	grad_norm:               925689.3125	info_nce_loss:             0.2121	loss:                    4377.3494
q_loss:                  3979.4085	q_taken_mean:            137.1933	red_team_alives_mean:     20.0000	red_team_win_mean:         1.0000
return_mean:               0.4016	return_std:                0.8871	target_mean:             137.5941	td_error_abs:             40.8177
test_blue_team_alives_mean: 14.0000	test_blue_team_win_mean:   0.0000	test_ep_length_mean:     200.0000	test_episode_length_mean:199.0000
test_red_team_alives_mean: 20.0000	test_red_team_win_mean:    1.0000	test_return_mean:         -0.0500	test_return_std:           0.0000

2026-04-09 20:55:43,781 - my_experiment - bat_ExpoComm_5M - my_run - INFO - t_env: 2550381 / 5050000
2026-04-09 20:55:43,782 - my_experiment - bat_ExpoComm_5M - my_run - INFO - Estimated time left: 4 hours, 43 minutes, 51 seconds. Time passed: 4 hours, 53 minutes, 6 seconds
2026-04-09 21:01:24,440 - my_experiment - bat_ExpoComm_5M - my_run - INFO - Recent Stats | t_env:    2600181 | Episode:    13002
blue_team_alives_mean:    11.6160	blue_team_win_mean:        0.0000	ep_length_mean:          200.0000	episode_length_mean:     199.0000
epsilon:                   0.0500	grad_norm:               619058.1875	info_nce_loss:             0.2907	loss:                    3656.5742
q_loss:                  3324.1584	q_taken_mean:            131.1043	red_team_alives_mean:     20.0000	red_team_win_mean:         0.9880
return_mean:               0.2959	return_std:                1.0156	target_mean:             131.5634	td_error_abs:             42.2832
test_blue_team_alives_mean: 12.2000	test_blue_team_win_mean:   0.0000	test_ep_length_mean:     200.0000	test_episode_length_mean:199.0000
test_red_team_alives_mean: 20.0000	test_red_team_win_mean:    1.0000	test_return_mean:          0.5130	test_return_std:           0.0000

2026-04-09 21:01:25,824 - my_experiment - bat_ExpoComm_5M - my_run - INFO - t_env: 2600381 / 5050000
2026-04-09 21:01:25,825 - my_experiment - bat_ExpoComm_5M - my_run - INFO - Estimated time left: 4 hours, 39 minutes, 17 seconds. Time passed: 4 hours, 58 minutes, 48 seconds
2026-04-09 21:07:05,868 - my_experiment - bat_ExpoComm_5M - my_run - INFO - Recent Stats | t_env:    2650181 | Episode:    13252
blue_team_alives_mean:    11.3440	blue_team_win_mean:        0.0000	ep_length_mean:          200.0000	episode_length_mean:     199.0000
epsilon:                   0.0500	grad_norm:               320403.6188	info_nce_loss:             0.3241	loss:                    1980.8025
q_loss:                  1800.7295	q_taken_mean:            124.3459	red_team_alives_mean:     20.0000	red_team_win_mean:         1.0000
return_mean:               0.4208	return_std:                0.8007	target_mean:             124.7847	td_error_abs:             30.1139
test_blue_team_alives_mean: 10.8000	test_blue_team_win_mean:   0.0000	test_ep_length_mean:     200.0000	test_episode_length_mean:199.0000
test_red_team_alives_mean: 20.0000	test_red_team_win_mean:    1.0000	test_return_mean:          1.2000	test_return_std:           0.0000

2026-04-09 21:07:07,310 - my_experiment - bat_ExpoComm_5M - my_run - INFO - t_env: 2650381 / 5050000
2026-04-09 21:07:07,310 - my_experiment - bat_ExpoComm_5M - my_run - INFO - Estimated time left: 4 hours, 33 minutes, 8 seconds. Time passed: 5 hours, 4 minutes, 29 seconds
2026-04-09 21:12:46,903 - my_experiment - bat_ExpoComm_5M - my_run - INFO - Recent Stats | t_env:    2700181 | Episode:    13502
blue_team_alives_mean:    10.6440	blue_team_win_mean:        0.0000	ep_length_mean:          200.0000	episode_length_mean:     199.0000
epsilon:                   0.0500	grad_norm:               626164.7812	info_nce_loss:             0.5229	loss:                    3192.5068
q_loss:                  2902.2789	q_taken_mean:            124.3440	red_team_alives_mean:     20.0000	red_team_win_mean:         1.0000
return_mean:               0.4393	return_std:                1.5839	target_mean:             124.8224	td_error_abs:             36.6950
test_blue_team_alives_mean:  9.8000	test_blue_team_win_mean:   0.0000	test_ep_length_mean:     200.0000	test_episode_length_mean:199.0000
test_red_team_alives_mean: 20.0000	test_red_team_win_mean:    1.0000	test_return_mean:         -0.6710	test_return_std:           0.0000

2026-04-09 21:12:48,256 - my_experiment - bat_ExpoComm_5M - my_run - INFO - t_env: 2700381 / 5050000
2026-04-09 21:12:48,257 - my_experiment - bat_ExpoComm_5M - my_run - INFO - Estimated time left: 4 hours, 27 minutes, 1 seconds. Time passed: 5 hours, 10 minutes, 10 seconds
2026-04-09 21:18:27,890 - my_experiment - bat_ExpoComm_5M - my_run - INFO - Recent Stats | t_env:    2750181 | Episode:    13752
blue_team_alives_mean:    11.5120	blue_team_win_mean:        0.0000	ep_length_mean:          200.0000	episode_length_mean:     199.0000
epsilon:                   0.0500	grad_norm:               608505.3219	info_nce_loss:             0.4675	loss:                    4003.4039
q_loss:                  3639.4581	q_taken_mean:            118.9095	red_team_alives_mean:     20.0000	red_team_win_mean:         0.9000
return_mean:              -2.6105	return_std:                4.5974	target_mean:             119.5181	td_error_abs:             42.0661
test_blue_team_alives_mean:  9.6000	test_blue_team_win_mean:   0.0000	test_ep_length_mean:     200.0000	test_episode_length_mean:199.0000
test_red_team_alives_mean: 20.0000	test_red_team_win_mean:    1.0000	test_return_mean:         -0.5560	test_return_std:           0.0000

2026-04-09 21:18:29,256 - my_experiment - bat_ExpoComm_5M - my_run - INFO - t_env: 2750381 / 5050000
2026-04-09 21:18:29,257 - my_experiment - bat_ExpoComm_5M - my_run - INFO - Estimated time left: 4 hours, 21 minutes, 23 seconds. Time passed: 5 hours, 15 minutes, 51 seconds
2026-04-09 21:24:08,240 - my_experiment - bat_ExpoComm_5M - my_run - INFO - Recent Stats | t_env:    2800181 | Episode:    14002
blue_team_alives_mean:     9.6920	blue_team_win_mean:        0.0000	ep_length_mean:          200.0000	episode_length_mean:     199.0000
epsilon:                   0.0500	grad_norm:               434861.3625	info_nce_loss:             0.5245	loss:                    2316.1398
q_loss:                  2105.5816	q_taken_mean:            116.3131	red_team_alives_mean:     20.0000	red_team_win_mean:         1.0000
return_mean:               0.3309	return_std:                1.6906	target_mean:             116.5699	td_error_abs:             32.8991
test_blue_team_alives_mean:  9.4000	test_blue_team_win_mean:   0.0000	test_ep_length_mean:     200.0000	test_episode_length_mean:199.0000
test_red_team_alives_mean: 20.0000	test_red_team_win_mean:    1.0000	test_return_mean:         -0.5200	test_return_std:           0.0000

2026-04-09 21:24:09,608 - my_experiment - bat_ExpoComm_5M - my_run - INFO - t_env: 2800381 / 5050000
2026-04-09 21:24:09,609 - my_experiment - bat_ExpoComm_5M - my_run - INFO - Estimated time left: 4 hours, 15 minutes, 13 seconds. Time passed: 5 hours, 21 minutes, 32 seconds
2026-04-09 21:29:47,264 - my_experiment - bat_ExpoComm_5M - my_run - INFO - Recent Stats | t_env:    2850181 | Episode:    14252
blue_team_alives_mean:     9.8280	blue_team_win_mean:        0.0000	ep_length_mean:          200.0000	episode_length_mean:     199.0000
epsilon:                   0.0500	grad_norm:               821338.9062	info_nce_loss:             0.1550	loss:                    6233.8515
q_loss:                  5667.1376	q_taken_mean:            112.6979	red_team_alives_mean:     20.0000	red_team_win_mean:         1.0000
return_mean:               0.8701	return_std:                0.8485	target_mean:             114.6306	td_error_abs:             52.5296
test_blue_team_alives_mean:  9.4000	test_blue_team_win_mean:   0.0000	test_ep_length_mean:     200.0000	test_episode_length_mean:199.0000
test_red_team_alives_mean: 20.0000	test_red_team_win_mean:    1.0000	test_return_mean:         -0.5140	test_return_std:           0.0000

2026-04-09 21:29:48,634 - my_experiment - bat_ExpoComm_5M - my_run - INFO - t_env: 2850381 / 5050000
2026-04-09 21:29:48,635 - my_experiment - bat_ExpoComm_5M - my_run - INFO - Estimated time left: 4 hours, 8 minutes, 34 seconds. Time passed: 5 hours, 27 minutes, 11 seconds
2026-04-09 21:35:26,596 - my_experiment - bat_ExpoComm_5M - my_run - INFO - Recent Stats | t_env:    2900181 | Episode:    14502
blue_team_alives_mean:     9.5400	blue_team_win_mean:        0.0000	ep_length_mean:          200.0000	episode_length_mean:     199.0000
epsilon:                   0.0500	grad_norm:               448650.4813	info_nce_loss:             0.2585	loss:                    2472.2729
q_loss:                  2247.5208	q_taken_mean:            113.2624	red_team_alives_mean:     20.0000	red_team_win_mean:         0.9960
return_mean:              -0.3368	return_std:                2.1364	target_mean:             113.6570	td_error_abs:             33.7244
test_blue_team_alives_mean:  9.6000	test_blue_team_win_mean:   0.0000	test_ep_length_mean:     200.0000	test_episode_length_mean:199.0000
test_red_team_alives_mean: 20.0000	test_red_team_win_mean:    1.0000	test_return_mean:         -1.1440	test_return_std:           0.0000

2026-04-09 21:35:27,960 - my_experiment - bat_ExpoComm_5M - my_run - INFO - t_env: 2900381 / 5050000
2026-04-09 21:35:27,961 - my_experiment - bat_ExpoComm_5M - my_run - INFO - Estimated time left: 4 hours, 3 minutes, 8 seconds. Time passed: 5 hours, 32 minutes, 50 seconds
2026-04-09 21:41:05,180 - my_experiment - bat_ExpoComm_5M - my_run - INFO - Recent Stats | t_env:    2950181 | Episode:    14752
blue_team_alives_mean:     8.3880	blue_team_win_mean:        0.0000	ep_length_mean:          200.0000	episode_length_mean:     199.0000
epsilon:                   0.0500	grad_norm:               209584.6250	info_nce_loss:             0.1482	loss:                    1345.9272
q_loss:                  1223.5702	q_taken_mean:            113.8878	red_team_alives_mean:     20.0000	red_team_win_mean:         1.0000
return_mean:               1.4443	return_std:                0.5044	target_mean:             114.0770	td_error_abs:             24.0311
test_blue_team_alives_mean:  9.4000	test_blue_team_win_mean:   0.0000	test_ep_length_mean:     200.0000	test_episode_length_mean:199.0000
test_red_team_alives_mean: 20.0000	test_red_team_win_mean:    1.0000	test_return_mean:          0.9160	test_return_std:           0.0000

2026-04-09 21:41:06,554 - my_experiment - bat_ExpoComm_5M - my_run - INFO - t_env: 2950381 / 5050000
2026-04-09 21:41:06,555 - my_experiment - bat_ExpoComm_5M - my_run - INFO - Estimated time left: 3 hours, 56 minutes, 58 seconds. Time passed: 5 hours, 38 minutes, 29 seconds
2026-04-09 21:46:42,966 - my_experiment - bat_ExpoComm_5M - my_run - INFO - Recent Stats | t_env:    3000181 | Episode:    15002
blue_team_alives_mean:     8.9240	blue_team_win_mean:        0.0000	ep_length_mean:          200.0000	episode_length_mean:     199.0000
epsilon:                   0.0500	grad_norm:               225715.4094	info_nce_loss:             0.4735	loss:                    1372.1304
q_loss:                  1247.3913	q_taken_mean:            114.6188	red_team_alives_mean:     20.0000	red_team_win_mean:         1.0000
return_mean:               1.2646	return_std:                0.5774	target_mean:             114.3494	td_error_abs:             24.9877
test_blue_team_alives_mean:  8.8000	test_blue_team_win_mean:   0.0000	test_ep_length_mean:     200.0000	test_episode_length_mean:199.0000
test_red_team_alives_mean: 20.0000	test_red_team_win_mean:    1.0000	test_return_mean:          1.1680	test_return_std:           0.0000

2026-04-09 21:46:44,315 - my_experiment - bat_ExpoComm_5M - my_run - INFO - t_env: 3000381 / 5050000
2026-04-09 21:46:44,316 - my_experiment - bat_ExpoComm_5M - my_run - INFO - Estimated time left: 3 hours, 50 minutes, 45 seconds. Time passed: 5 hours, 44 minutes, 6 seconds
2026-04-09 21:46:45,026 - my_experiment - bat_ExpoComm_5M - my_run - INFO - Saving models to work_dirs/my_experiment/bat_ExpoComm_5M/my_run/20260409_160207/models/3000381
2026-04-09 21:52:21,473 - my_experiment - bat_ExpoComm_5M - my_run - INFO - Recent Stats | t_env:    3050181 | Episode:    15252
blue_team_alives_mean:     8.5440	blue_team_win_mean:        0.0000	ep_length_mean:          200.0000	episode_length_mean:     199.0000
epsilon:                   0.0500	grad_norm:               206633.3406	info_nce_loss:             0.3480	loss:                    1297.5350
q_loss:                  1179.5773	q_taken_mean:            114.3560	red_team_alives_mean:     20.0000	red_team_win_mean:         1.0000
return_mean:               1.4071	return_std:                0.5562	target_mean:             114.4496	td_error_abs:             23.8938
test_blue_team_alives_mean:  8.4000	test_blue_team_win_mean:   0.0000	test_ep_length_mean:     200.0000	test_episode_length_mean:199.0000
test_red_team_alives_mean: 20.0000	test_red_team_win_mean:    1.0000	test_return_mean:          1.2140	test_return_std:           0.0000

2026-04-09 21:52:22,832 - my_experiment - bat_ExpoComm_5M - my_run - INFO - t_env: 3050381 / 5050000
2026-04-09 21:52:22,832 - my_experiment - bat_ExpoComm_5M - my_run - INFO - Estimated time left: 3 hours, 45 minutes, 38 seconds. Time passed: 5 hours, 49 minutes, 45 seconds
2026-04-09 21:57:59,092 - my_experiment - bat_ExpoComm_5M - my_run - INFO - Recent Stats | t_env:    3100181 | Episode:    15502
blue_team_alives_mean:     7.6320	blue_team_win_mean:        0.0000	ep_length_mean:          200.0000	episode_length_mean:     199.0000
epsilon:                   0.0500	grad_norm:               224621.4875	info_nce_loss:             0.4301	loss:                    1262.3588
q_loss:                  1147.5989	q_taken_mean:            115.8549	red_team_alives_mean:     20.0000	red_team_win_mean:         1.0000
return_mean:               1.5491	return_std:                0.5576	target_mean:             115.6292	td_error_abs:             23.5495
test_blue_team_alives_mean:  8.0000	test_blue_team_win_mean:   0.0000	test_ep_length_mean:     200.0000	test_episode_length_mean:199.0000
test_red_team_alives_mean: 20.0000	test_red_team_win_mean:    1.0000	test_return_mean:          1.2990	test_return_std:           0.0000

2026-04-09 21:58:00,466 - my_experiment - bat_ExpoComm_5M - my_run - INFO - t_env: 3100381 / 5050000
2026-04-09 21:58:00,467 - my_experiment - bat_ExpoComm_5M - my_run - INFO - Estimated time left: 3 hours, 39 minutes, 25 seconds. Time passed: 5 hours, 55 minutes, 23 seconds
2026-04-09 22:03:35,308 - my_experiment - bat_ExpoComm_5M - my_run - INFO - Recent Stats | t_env:    3150181 | Episode:    15752
blue_team_alives_mean:     6.6240	blue_team_win_mean:        0.0000	ep_length_mean:          200.0000	episode_length_mean:     199.0000
epsilon:                   0.0500	grad_norm:               265597.7125	info_nce_loss:             0.3102	loss:                    1531.7292
q_loss:                  1392.4811	q_taken_mean:            114.8244	red_team_alives_mean:     20.0000	red_team_win_mean:         1.0000
return_mean:               1.8541	return_std:                0.5217	target_mean:             114.9317	td_error_abs:             26.7393
test_blue_team_alives_mean:  7.6000	test_blue_team_win_mean:   0.0000	test_ep_length_mean:     200.0000	test_episode_length_mean:199.0000
test_red_team_alives_mean: 20.0000	test_red_team_win_mean:    1.0000	test_return_mean:          1.9620	test_return_std:           0.0000

2026-04-09 22:03:36,673 - my_experiment - bat_ExpoComm_5M - my_run - INFO - t_env: 3150381 / 5050000
2026-04-09 22:03:36,674 - my_experiment - bat_ExpoComm_5M - my_run - INFO - Estimated time left: 3 hours, 32 minutes, 53 seconds. Time passed: 6 hours, 59 seconds
2026-04-09 22:09:06,729 - my_experiment - bat_ExpoComm_5M - my_run - INFO - Recent Stats | t_env:    3200181 | Episode:    16002
blue_team_alives_mean:     7.7000	blue_team_win_mean:        0.0000	ep_length_mean:          200.0000	episode_length_mean:     199.0000
epsilon:                   0.0500	grad_norm:               322152.6000	info_nce_loss:             0.3373	loss:                    1844.3528
q_loss:                  1676.6844	q_taken_mean:            114.9794	red_team_alives_mean:     20.0000	red_team_win_mean:         1.0000
return_mean:               1.4384	return_std:                0.7828	target_mean:             115.1870	td_error_abs:             28.5366
test_blue_team_alives_mean:  6.2000	test_blue_team_win_mean:   0.0000	test_ep_length_mean:     200.0000	test_episode_length_mean:199.0000
test_red_team_alives_mean: 20.0000	test_red_team_win_mean:    1.0000	test_return_mean:          2.4500	test_return_std:           0.0000

2026-04-09 22:09:08,052 - my_experiment - bat_ExpoComm_5M - my_run - INFO - t_env: 3200381 / 5050000
2026-04-09 22:09:08,053 - my_experiment - bat_ExpoComm_5M - my_run - INFO - Estimated time left: 3 hours, 24 minutes, 18 seconds. Time passed: 6 hours, 6 minutes, 30 seconds
2026-04-09 22:14:33,124 - my_experiment - bat_ExpoComm_5M - my_run - INFO - Recent Stats | t_env:    3250181 | Episode:    16252
blue_team_alives_mean:     6.7120	blue_team_win_mean:        0.0000	ep_length_mean:          200.0000	episode_length_mean:     199.0000
epsilon:                   0.0500	grad_norm:               197129.7734	info_nce_loss:             0.1582	loss:                    1137.6753
q_loss:                  1034.2503	q_taken_mean:            115.2052	red_team_alives_mean:     20.0000	red_team_win_mean:         1.0000
return_mean:               1.7776	return_std:                0.5218	target_mean:             115.1408	td_error_abs:             22.2434
test_blue_team_alives_mean:  5.6000	test_blue_team_win_mean:   0.0000	test_ep_length_mean:     200.0000	test_episode_length_mean:199.0000
test_red_team_alives_mean: 20.0000	test_red_team_win_mean:    1.0000	test_return_mean:          2.5850	test_return_std:           0.0000

2026-04-09 22:14:34,453 - my_experiment - bat_ExpoComm_5M - my_run - INFO - t_env: 3250381 / 5050000
2026-04-09 22:14:34,454 - my_experiment - bat_ExpoComm_5M - my_run - INFO - Estimated time left: 3 hours, 15 minutes, 47 seconds. Time passed: 6 hours, 11 minutes, 57 seconds
2026-04-09 22:19:54,754 - my_experiment - bat_ExpoComm_5M - my_run - INFO - Recent Stats | t_env:    3300181 | Episode:    16502
blue_team_alives_mean:     6.5560	blue_team_win_mean:        0.0000	ep_length_mean:          200.0000	episode_length_mean:     199.0000
epsilon:                   0.0500	grad_norm:               186417.2516	info_nce_loss:             0.3210	loss:                    1063.2655
q_loss:                  966.6050	q_taken_mean:            115.1942	red_team_alives_mean:     20.0000	red_team_win_mean:         1.0000
return_mean:               1.8505	return_std:                0.5356	target_mean:             115.0149	td_error_abs:             21.8627
test_blue_team_alives_mean:  5.6000	test_blue_team_win_mean:   0.0000	test_ep_length_mean:     200.0000	test_episode_length_mean:199.0000
test_red_team_alives_mean: 20.0000	test_red_team_win_mean:    1.0000	test_return_mean:          2.5000	test_return_std:           0.0000

2026-04-09 22:19:56,074 - my_experiment - bat_ExpoComm_5M - my_run - INFO - t_env: 3300381 / 5050000
2026-04-09 22:19:56,075 - my_experiment - bat_ExpoComm_5M - my_run - INFO - Estimated time left: 3 hours, 7 minutes, 34 seconds. Time passed: 6 hours, 17 minutes, 18 seconds
2026-04-09 22:25:18,656 - my_experiment - bat_ExpoComm_5M - my_run - INFO - Recent Stats | t_env:    3350181 | Episode:    16752
blue_team_alives_mean:     6.6960	blue_team_win_mean:        0.0000	ep_length_mean:          200.0000	episode_length_mean:     199.0000
epsilon:                   0.0500	grad_norm:               206606.4500	info_nce_loss:             0.3117	loss:                    1116.8776
q_loss:                  1015.3432	q_taken_mean:            114.4046	red_team_alives_mean:     20.0000	red_team_win_mean:         1.0000
return_mean:               1.8128	return_std:                0.5689	target_mean:             114.4706	td_error_abs:             23.4298
test_blue_team_alives_mean:  5.8000	test_blue_team_win_mean:   0.0000	test_ep_length_mean:     200.0000	test_episode_length_mean:199.0000
test_red_team_alives_mean: 20.0000	test_red_team_win_mean:    1.0000	test_return_mean:          2.4330	test_return_std:           0.0000

2026-04-09 22:25:20,011 - my_experiment - bat_ExpoComm_5M - my_run - INFO - t_env: 3350381 / 5050000
2026-04-09 22:25:20,012 - my_experiment - bat_ExpoComm_5M - my_run - INFO - Estimated time left: 3 hours, 3 minutes, 31 seconds. Time passed: 6 hours, 22 minutes, 42 seconds
2026-04-09 22:30:45,432 - my_experiment - bat_ExpoComm_5M - my_run - INFO - Recent Stats | t_env:    3400181 | Episode:    17002
blue_team_alives_mean:     6.9280	blue_team_win_mean:        0.0000	ep_length_mean:          200.0000	episode_length_mean:     199.0000
epsilon:                   0.0500	grad_norm:               199114.9156	info_nce_loss:             0.2496	loss:                    1081.2632
q_loss:                  982.9665	q_taken_mean:            114.2782	red_team_alives_mean:     20.0000	red_team_win_mean:         1.0000
return_mean:               1.7581	return_std:                0.5614	target_mean:             114.0405	td_error_abs:             22.5216
test_blue_team_alives_mean:  6.4000	test_blue_team_win_mean:   0.0000	test_ep_length_mean:     200.0000	test_episode_length_mean:199.0000
test_red_team_alives_mean: 20.0000	test_red_team_win_mean:    1.0000	test_return_mean:          2.2440	test_return_std:           0.0000

2026-04-09 22:30:46,730 - my_experiment - bat_ExpoComm_5M - my_run - INFO - t_env: 3400381 / 5050000
2026-04-09 22:30:46,730 - my_experiment - bat_ExpoComm_5M - my_run - INFO - Estimated time left: 2 hours, 59 minutes, 39 seconds. Time passed: 6 hours, 28 minutes, 9 seconds
2026-04-09 22:36:07,984 - my_experiment - bat_ExpoComm_5M - my_run - INFO - Recent Stats | t_env:    3450181 | Episode:    17252
blue_team_alives_mean:     7.7240	blue_team_win_mean:        0.0000	ep_length_mean:          200.0000	episode_length_mean:     199.0000
epsilon:                   0.0500	grad_norm:               152015.7422	info_nce_loss:             0.2615	loss:                    898.4486
q_loss:                  816.7715	q_taken_mean:            113.5923	red_team_alives_mean:     20.0000	red_team_win_mean:         1.0000
return_mean:               1.5292	return_std:                0.5153	target_mean:             113.5855	td_error_abs:             19.4206
test_blue_team_alives_mean:  7.4000	test_blue_team_win_mean:   0.0000	test_ep_length_mean:     200.0000	test_episode_length_mean:199.0000
test_red_team_alives_mean: 20.0000	test_red_team_win_mean:    1.0000	test_return_mean:          1.9040	test_return_std:           0.0000

2026-04-09 22:36:09,274 - my_experiment - bat_ExpoComm_5M - my_run - INFO - t_env: 3450381 / 5050000
2026-04-09 22:36:09,274 - my_experiment - bat_ExpoComm_5M - my_run - INFO - Estimated time left: 2 hours, 51 minutes, 58 seconds. Time passed: 6 hours, 33 minutes, 31 seconds
2026-04-09 22:41:30,903 - my_experiment - bat_ExpoComm_5M - my_run - INFO - Recent Stats | t_env:    3500181 | Episode:    17502
blue_team_alives_mean:     7.8160	blue_team_win_mean:        0.0000	ep_length_mean:          200.0000	episode_length_mean:     199.0000
epsilon:                   0.0500	grad_norm:               166380.5719	info_nce_loss:             0.1962	loss:                    1091.9914
q_loss:                  992.7195	q_taken_mean:            112.0949	red_team_alives_mean:     20.0000	red_team_win_mean:         1.0000
return_mean:               1.5101	return_std:                0.5721	target_mean:             112.6316	td_error_abs:             21.9400
test_blue_team_alives_mean:  8.0000	test_blue_team_win_mean:   0.0000	test_ep_length_mean:     200.0000	test_episode_length_mean:199.0000
test_red_team_alives_mean: 20.0000	test_red_team_win_mean:    1.0000	test_return_mean:          1.7260	test_return_std:           0.0000

2026-04-09 22:41:32,222 - my_experiment - bat_ExpoComm_5M - my_run - INFO - t_env: 3500381 / 5050000
2026-04-09 22:41:32,223 - my_experiment - bat_ExpoComm_5M - my_run - INFO - Estimated time left: 2 hours, 46 minutes, 48 seconds. Time passed: 6 hours, 38 minutes, 54 seconds
2026-04-09 22:41:32,966 - my_experiment - bat_ExpoComm_5M - my_run - INFO - Saving models to work_dirs/my_experiment/bat_ExpoComm_5M/my_run/20260409_160207/models/3500381
2026-04-09 22:46:53,818 - my_experiment - bat_ExpoComm_5M - my_run - INFO - Recent Stats | t_env:    3550181 | Episode:    17752
blue_team_alives_mean:     8.8880	blue_team_win_mean:        0.0000	ep_length_mean:          200.0000	episode_length_mean:     199.0000
epsilon:                   0.0500	grad_norm:               234662.5344	info_nce_loss:             0.4049	loss:                    1480.2949
q_loss:                  1345.7226	q_taken_mean:            111.2951	red_team_alives_mean:     20.0000	red_team_win_mean:         1.0000
return_mean:               1.1259	return_std:                0.7513	target_mean:             111.0025	td_error_abs:             27.5551
test_blue_team_alives_mean:  8.2000	test_blue_team_win_mean:   0.0000	test_ep_length_mean:     200.0000	test_episode_length_mean:199.0000
test_red_team_alives_mean: 20.0000	test_red_team_win_mean:    1.0000	test_return_mean:          1.5960	test_return_std:           0.0000

2026-04-09 22:46:55,135 - my_experiment - bat_ExpoComm_5M - my_run - INFO - t_env: 3550381 / 5050000
2026-04-09 22:46:55,136 - my_experiment - bat_ExpoComm_5M - my_run - INFO - Estimated time left: 2 hours, 41 minutes, 24 seconds. Time passed: 6 hours, 44 minutes, 17 seconds
2026-04-09 22:52:17,715 - my_experiment - bat_ExpoComm_5M - my_run - INFO - Recent Stats | t_env:    3600181 | Episode:    18002
blue_team_alives_mean:     9.0880	blue_team_win_mean:        0.0000	ep_length_mean:          200.0000	episode_length_mean:     199.0000
epsilon:                   0.0500	grad_norm:               355404.2406	info_nce_loss:             0.2926	loss:                    2131.6212
q_loss:                  1937.8373	q_taken_mean:            108.3665	red_team_alives_mean:     20.0000	red_team_win_mean:         1.0000
return_mean:               1.2459	return_std:                0.7079	target_mean:             108.3161	td_error_abs:             31.7836
test_blue_team_alives_mean:  9.2000	test_blue_team_win_mean:   0.0000	test_ep_length_mean:     200.0000	test_episode_length_mean:199.0000
test_red_team_alives_mean: 20.0000	test_red_team_win_mean:    1.0000	test_return_mean:          1.3810	test_return_std:           0.0000

2026-04-09 22:52:19,005 - my_experiment - bat_ExpoComm_5M - my_run - INFO - t_env: 3600381 / 5050000
2026-04-09 22:52:19,005 - my_experiment - bat_ExpoComm_5M - my_run - INFO - Estimated time left: 2 hours, 36 minutes, 29 seconds. Time passed: 6 hours, 49 minutes, 41 seconds
2026-04-09 22:57:39,339 - my_experiment - bat_ExpoComm_5M - my_run - INFO - Recent Stats | t_env:    3650181 | Episode:    18252
blue_team_alives_mean:     7.6680	blue_team_win_mean:        0.0000	ep_length_mean:          200.0000	episode_length_mean:     199.0000
epsilon:                   0.0500	grad_norm:               275029.9750	info_nce_loss:             0.4684	loss:                    1595.1732
q_loss:                  1450.1574	q_taken_mean:            104.8586	red_team_alives_mean:     20.0000	red_team_win_mean:         1.0000
return_mean:               1.4754	return_std:                0.6049	target_mean:             105.1527	td_error_abs:             28.3017
test_blue_team_alives_mean:  8.6000	test_blue_team_win_mean:   0.0000	test_ep_length_mean:     200.0000	test_episode_length_mean:199.0000
test_red_team_alives_mean: 20.0000	test_red_team_win_mean:    1.0000	test_return_mean:          1.5650	test_return_std:           0.0000

2026-04-09 22:57:40,623 - my_experiment - bat_ExpoComm_5M - my_run - INFO - t_env: 3650381 / 5050000
2026-04-09 22:57:40,624 - my_experiment - bat_ExpoComm_5M - my_run - INFO - Estimated time left: 2 hours, 30 minutes, 2 seconds. Time passed: 6 hours, 55 minutes, 3 seconds
2026-04-09 23:03:02,130 - my_experiment - bat_ExpoComm_5M - my_run - INFO - Recent Stats | t_env:    3700181 | Episode:    18502
blue_team_alives_mean:     7.1080	blue_team_win_mean:        0.0000	ep_length_mean:          200.0000	episode_length_mean:     199.0000
epsilon:                   0.0500	grad_norm:               160968.8828	info_nce_loss:             0.1624	loss:                    861.8182
q_loss:                  783.4711	q_taken_mean:            103.1862	red_team_alives_mean:     20.0000	red_team_win_mean:         1.0000
return_mean:               1.6075	return_std:                0.5745	target_mean:             103.4339	td_error_abs:             20.5042
test_blue_team_alives_mean:  8.6000	test_blue_team_win_mean:   0.0000	test_ep_length_mean:     200.0000	test_episode_length_mean:199.0000
test_red_team_alives_mean: 20.0000	test_red_team_win_mean:    1.0000	test_return_mean:          1.5840	test_return_std:           0.0000

2026-04-09 23:03:03,441 - my_experiment - bat_ExpoComm_5M - my_run - INFO - t_env: 3700381 / 5050000
2026-04-09 23:03:03,442 - my_experiment - bat_ExpoComm_5M - my_run - INFO - Estimated time left: 2 hours, 25 minutes, 13 seconds. Time passed: 7 hours, 26 seconds
2026-04-09 23:08:25,582 - my_experiment - bat_ExpoComm_5M - my_run - INFO - Recent Stats | t_env:    3750181 | Episode:    18752
blue_team_alives_mean:     7.2920	blue_team_win_mean:        0.0000	ep_length_mean:          200.0000	episode_length_mean:     199.0000
epsilon:                   0.0500	grad_norm:               241736.1328	info_nce_loss:             0.1575	loss:                    1439.7085
q_loss:                  1308.8259	q_taken_mean:            100.6332	red_team_alives_mean:     20.0000	red_team_win_mean:         1.0000
return_mean:               1.2376	return_std:                0.9052	target_mean:             101.3003	td_error_abs:             26.8260
test_blue_team_alives_mean:  8.4000	test_blue_team_win_mean:   0.0000	test_ep_length_mean:     200.0000	test_episode_length_mean:199.0000
test_red_team_alives_mean: 20.0000	test_red_team_win_mean:    1.0000	test_return_mean:          1.4990	test_return_std:           0.0000

2026-04-09 23:08:26,885 - my_experiment - bat_ExpoComm_5M - my_run - INFO - t_env: 3750381 / 5050000
2026-04-09 23:08:26,886 - my_experiment - bat_ExpoComm_5M - my_run - INFO - Estimated time left: 2 hours, 20 minutes, 7 seconds. Time passed: 7 hours, 5 minutes, 49 seconds
2026-04-09 23:13:52,914 - my_experiment - bat_ExpoComm_5M - my_run - INFO - Recent Stats | t_env:    3800181 | Episode:    19002
blue_team_alives_mean:     6.8280	blue_team_win_mean:        0.0000	ep_length_mean:          200.0000	episode_length_mean:     199.0000
epsilon:                   0.0500	grad_norm:               237838.3719	info_nce_loss:             0.2858	loss:                    1245.6123
q_loss:                  1132.3748	q_taken_mean:            101.0058	red_team_alives_mean:     20.0000	red_team_win_mean:         1.0000
return_mean:               1.6407	return_std:                0.5362	target_mean:             100.5249	td_error_abs:             26.5359
test_blue_team_alives_mean:  7.8000	test_blue_team_win_mean:   0.0000	test_ep_length_mean:     200.0000	test_episode_length_mean:199.0000
test_red_team_alives_mean: 20.0000	test_red_team_win_mean:    1.0000	test_return_mean:          1.7620	test_return_std:           0.0000

2026-04-09 23:13:54,245 - my_experiment - bat_ExpoComm_5M - my_run - INFO - t_env: 3800381 / 5050000
2026-04-09 23:13:54,246 - my_experiment - bat_ExpoComm_5M - my_run - INFO - Estimated time left: 2 hours, 16 minutes, 21 seconds. Time passed: 7 hours, 11 minutes, 16 seconds
2026-04-09 23:19:23,622 - my_experiment - bat_ExpoComm_5M - my_run - INFO - Recent Stats | t_env:    3850181 | Episode:    19252
blue_team_alives_mean:     7.0320	blue_team_win_mean:        0.0000	ep_length_mean:          200.0000	episode_length_mean:     199.0000
epsilon:                   0.0500	grad_norm:               227056.8031	info_nce_loss:             0.4759	loss:                    1310.7796
q_loss:                  1191.6179	q_taken_mean:             99.1289	red_team_alives_mean:     20.0000	red_team_win_mean:         1.0000
return_mean:               1.6330	return_std:                0.5150	target_mean:              99.4397	td_error_abs:             27.3117
test_blue_team_alives_mean:  6.6000	test_blue_team_win_mean:   0.0000	test_ep_length_mean:     200.0000	test_episode_length_mean:199.0000
test_red_team_alives_mean: 20.0000	test_red_team_win_mean:    1.0000	test_return_mean:          2.0260	test_return_std:           0.0000

2026-04-09 23:19:24,949 - my_experiment - bat_ExpoComm_5M - my_run - INFO - t_env: 3850381 / 5050000
2026-04-09 23:19:24,950 - my_experiment - bat_ExpoComm_5M - my_run - INFO - Estimated time left: 2 hours, 12 minutes, 14 seconds. Time passed: 7 hours, 16 minutes, 47 seconds
2026-04-09 23:24:53,498 - my_experiment - bat_ExpoComm_5M - my_run - INFO - Recent Stats | t_env:    3900181 | Episode:    19502
blue_team_alives_mean:     7.4080	blue_team_win_mean:        0.0000	ep_length_mean:          200.0000	episode_length_mean:     199.0000
epsilon:                   0.0500	grad_norm:               133269.8297	info_nce_loss:             0.3392	loss:                    882.2959
q_loss:                  802.0872	q_taken_mean:             97.1840	red_team_alives_mean:     20.0000	red_team_win_mean:         1.0000
return_mean:               1.3579	return_std:                0.8090	target_mean:              97.2479	td_error_abs:             20.3862
test_blue_team_alives_mean:  6.2000	test_blue_team_win_mean:   0.0000	test_ep_length_mean:     200.0000	test_episode_length_mean:199.0000
test_red_team_alives_mean: 20.0000	test_red_team_win_mean:    1.0000	test_return_mean:          2.0810	test_return_std:           0.0000

2026-04-09 23:24:54,885 - my_experiment - bat_ExpoComm_5M - my_run - INFO - t_env: 3900381 / 5050000
2026-04-09 23:24:54,886 - my_experiment - bat_ExpoComm_5M - my_run - INFO - Estimated time left: 2 hours, 6 minutes, 26 seconds. Time passed: 7 hours, 22 minutes, 17 seconds
2026-04-09 23:30:24,124 - my_experiment - bat_ExpoComm_5M - my_run - INFO - Recent Stats | t_env:    3950181 | Episode:    19752
blue_team_alives_mean:     7.7440	blue_team_win_mean:        0.0000	ep_length_mean:          200.0000	episode_length_mean:     199.0000
epsilon:                   0.0500	grad_norm:               99626.4590	info_nce_loss:             0.3052	loss:                    605.6985
q_loss:                  550.6350	q_taken_mean:             96.8741	red_team_alives_mean:     20.0000	red_team_win_mean:         1.0000
return_mean:               1.5115	return_std:                0.5590	target_mean:              96.8923	td_error_abs:             16.1437
test_blue_team_alives_mean:  7.0000	test_blue_team_win_mean:   0.0000	test_ep_length_mean:     200.0000	test_episode_length_mean:199.0000
test_red_team_alives_mean: 20.0000	test_red_team_win_mean:    1.0000	test_return_mean:          1.9320	test_return_std:           0.0000

2026-04-09 23:30:25,521 - my_experiment - bat_ExpoComm_5M - my_run - INFO - t_env: 3950381 / 5050000
2026-04-09 23:30:25,522 - my_experiment - bat_ExpoComm_5M - my_run - INFO - Estimated time left: 2 hours, 1 minutes, 11 seconds. Time passed: 7 hours, 27 minutes, 48 seconds
2026-04-09 23:35:53,460 - my_experiment - bat_ExpoComm_5M - my_run - INFO - Recent Stats | t_env:    4000181 | Episode:    20002
blue_team_alives_mean:     6.2760	blue_team_win_mean:        0.0000	ep_length_mean:          200.0000	episode_length_mean:     199.0000
epsilon:                   0.0500	grad_norm:               152488.2539	info_nce_loss:             0.3465	loss:                    921.2875
q_loss:                  837.5341	q_taken_mean:             94.9095	red_team_alives_mean:     20.0000	red_team_win_mean:         1.0000
return_mean:               1.9185	return_std:                0.4820	target_mean:              95.3851	td_error_abs:             21.0060
test_blue_team_alives_mean:  7.2000	test_blue_team_win_mean:   0.0000	test_ep_length_mean:     200.0000	test_episode_length_mean:199.0000
test_red_team_alives_mean: 20.0000	test_red_team_win_mean:    1.0000	test_return_mean:          1.9860	test_return_std:           0.0000

2026-04-09 23:35:54,799 - my_experiment - bat_ExpoComm_5M - my_run - INFO - t_env: 4000381 / 5050000
2026-04-09 23:35:54,800 - my_experiment - bat_ExpoComm_5M - my_run - INFO - Estimated time left: 1 hours, 55 minutes, 12 seconds. Time passed: 7 hours, 33 minutes, 17 seconds
2026-04-09 23:35:55,556 - my_experiment - bat_ExpoComm_5M - my_run - INFO - Saving models to work_dirs/my_experiment/bat_ExpoComm_5M/my_run/20260409_160207/models/4000381
2026-04-09 23:41:22,373 - my_experiment - bat_ExpoComm_5M - my_run - INFO - Recent Stats | t_env:    4050181 | Episode:    20252
blue_team_alives_mean:     6.5480	blue_team_win_mean:        0.0000	ep_length_mean:          200.0000	episode_length_mean:     199.0000
epsilon:                   0.0500	grad_norm:               159424.4266	info_nce_loss:             0.3429	loss:                    980.9032
q_loss:                  891.7302	q_taken_mean:             93.6483	red_team_alives_mean:     20.0000	red_team_win_mean:         1.0000
return_mean:               1.9212	return_std:                0.4644	target_mean:              94.2540	td_error_abs:             21.7052
test_blue_team_alives_mean:  7.4000	test_blue_team_win_mean:   0.0000	test_ep_length_mean:     200.0000	test_episode_length_mean:199.0000
test_red_team_alives_mean: 20.0000	test_red_team_win_mean:    1.0000	test_return_mean:          2.0000	test_return_std:           0.0000

2026-04-09 23:41:23,700 - my_experiment - bat_ExpoComm_5M - my_run - INFO - t_env: 4050381 / 5050000
2026-04-09 23:41:23,701 - my_experiment - bat_ExpoComm_5M - my_run - INFO - Estimated time left: 1 hours, 49 minutes, 35 seconds. Time passed: 7 hours, 38 minutes, 46 seconds
2026-04-09 23:46:51,610 - my_experiment - bat_ExpoComm_5M - my_run - INFO - Recent Stats | t_env:    4100181 | Episode:    20502
blue_team_alives_mean:     6.4360	blue_team_win_mean:        0.0000	ep_length_mean:          200.0000	episode_length_mean:     199.0000
epsilon:                   0.0500	grad_norm:               127577.1797	info_nce_loss:             0.3381	loss:                    791.6044
q_loss:                  719.6404	q_taken_mean:             92.0260	red_team_alives_mean:     20.0000	red_team_win_mean:         1.0000
return_mean:               1.9264	return_std:                0.4479	target_mean:              92.3254	td_error_abs:             18.9411
test_blue_team_alives_mean:  7.0000	test_blue_team_win_mean:   0.0000	test_ep_length_mean:     200.0000	test_episode_length_mean:199.0000
test_red_team_alives_mean: 20.0000	test_red_team_win_mean:    1.0000	test_return_mean:          2.0020	test_return_std:           0.0000

2026-04-09 23:46:52,950 - my_experiment - bat_ExpoComm_5M - my_run - INFO - t_env: 4100381 / 5050000
2026-04-09 23:46:52,951 - my_experiment - bat_ExpoComm_5M - my_run - INFO - Estimated time left: 1 hours, 44 minutes, 13 seconds. Time passed: 7 hours, 44 minutes, 15 seconds
2026-04-09 23:52:12,622 - my_experiment - bat_ExpoComm_5M - my_run - INFO - Recent Stats | t_env:    4150181 | Episode:    20752
blue_team_alives_mean:     6.8000	blue_team_win_mean:        0.0000	ep_length_mean:          200.0000	episode_length_mean:     199.0000
epsilon:                   0.0500	grad_norm:               128925.1207	info_nce_loss:             0.2664	loss:                    756.4670
q_loss:                  687.6973	q_taken_mean:             90.7365	red_team_alives_mean:     20.0000	red_team_win_mean:         1.0000
return_mean:               1.8366	return_std:                0.4463	target_mean:              91.2003	td_error_abs:             18.5267
test_blue_team_alives_mean:  7.4000	test_blue_team_win_mean:   0.0000	test_ep_length_mean:     200.0000	test_episode_length_mean:199.0000
test_red_team_alives_mean: 20.0000	test_red_team_win_mean:    1.0000	test_return_mean:          1.9290	test_return_std:           0.0000

2026-04-09 23:52:13,924 - my_experiment - bat_ExpoComm_5M - my_run - INFO - t_env: 4150381 / 5050000
2026-04-09 23:52:13,925 - my_experiment - bat_ExpoComm_5M - my_run - INFO - Estimated time left: 1 hours, 36 minutes, 15 seconds. Time passed: 7 hours, 49 minutes, 36 seconds
2026-04-09 23:57:35,382 - my_experiment - bat_ExpoComm_5M - my_run - INFO - Recent Stats | t_env:    4200181 | Episode:    21002
blue_team_alives_mean:     6.4240	blue_team_win_mean:        0.0000	ep_length_mean:          200.0000	episode_length_mean:     199.0000
epsilon:                   0.0500	grad_norm:               120248.2578	info_nce_loss:             0.1932	loss:                    693.3547
q_loss:                  630.3224	q_taken_mean:             90.2501	red_team_alives_mean:     20.0000	red_team_win_mean:         1.0000
return_mean:               1.9087	return_std:                0.4769	target_mean:              90.4192	td_error_abs:             18.5076
test_blue_team_alives_mean:  6.2000	test_blue_team_win_mean:   0.0000	test_ep_length_mean:     200.0000	test_episode_length_mean:199.0000
test_red_team_alives_mean: 20.0000	test_red_team_win_mean:    1.0000	test_return_mean:          2.1980	test_return_std:           0.0000

2026-04-09 23:57:36,673 - my_experiment - bat_ExpoComm_5M - my_run - INFO - t_env: 4200381 / 5050000
2026-04-09 23:57:36,673 - my_experiment - bat_ExpoComm_5M - my_run - INFO - Estimated time left: 1 hours, 31 minutes, 24 seconds. Time passed: 7 hours, 54 minutes, 59 seconds
2026-04-10 00:03:05,190 - my_experiment - bat_ExpoComm_5M - my_run - INFO - Recent Stats | t_env:    4250181 | Episode:    21252
blue_team_alives_mean:     6.1600	blue_team_win_mean:        0.0000	ep_length_mean:          200.0000	episode_length_mean:     199.0000
epsilon:                   0.0500	grad_norm:               172222.4937	info_nce_loss:             0.1216	loss:                    1084.8047
q_loss:                  986.1861	q_taken_mean:             87.8339	red_team_alives_mean:     20.0000	red_team_win_mean:         1.0000
return_mean:               1.9824	return_std:                0.5178	target_mean:              88.3423	td_error_abs:             23.3288
test_blue_team_alives_mean:  6.0000	test_blue_team_win_mean:   0.0000	test_ep_length_mean:     200.0000	test_episode_length_mean:199.0000
test_red_team_alives_mean: 20.0000	test_red_team_win_mean:    1.0000	test_return_mean:          2.2480	test_return_std:           0.0000

2026-04-10 00:03:06,488 - my_experiment - bat_ExpoComm_5M - my_run - INFO - t_env: 4250381 / 5050000
2026-04-10 00:03:06,489 - my_experiment - bat_ExpoComm_5M - my_run - INFO - Estimated time left: 1 hours, 27 minutes, 54 seconds. Time passed: 8 hours, 29 seconds
2026-04-10 00:08:35,457 - my_experiment - bat_ExpoComm_5M - my_run - INFO - Recent Stats | t_env:    4300181 | Episode:    21502
blue_team_alives_mean:     5.8880	blue_team_win_mean:        0.0000	ep_length_mean:          200.0000	episode_length_mean:     199.0000
epsilon:                   0.0500	grad_norm:               156821.8656	info_nce_loss:             0.2260	loss:                    879.9002
q_loss:                  799.9093	q_taken_mean:             86.7693	red_team_alives_mean:     20.0000	red_team_win_mean:         1.0000
return_mean:               2.0669	return_std:                0.4687	target_mean:              87.0605	td_error_abs:             22.0774
test_blue_team_alives_mean:  6.0000	test_blue_team_win_mean:   0.0000	test_ep_length_mean:     200.0000	test_episode_length_mean:199.0000
test_red_team_alives_mean: 20.0000	test_red_team_win_mean:    1.0000	test_return_mean:          2.1580	test_return_std:           0.0000

2026-04-10 00:08:36,782 - my_experiment - bat_ExpoComm_5M - my_run - INFO - t_env: 4300381 / 5050000
2026-04-10 00:08:36,783 - my_experiment - bat_ExpoComm_5M - my_run - INFO - Estimated time left: 1 hours, 22 minutes, 31 seconds. Time passed: 8 hours, 5 minutes, 59 seconds
2026-04-10 00:13:59,418 - my_experiment - bat_ExpoComm_5M - my_run - INFO - Recent Stats | t_env:    4350181 | Episode:    21752
blue_team_alives_mean:     5.2680	blue_team_win_mean:        0.0000	ep_length_mean:          200.0000	episode_length_mean:     199.0000
epsilon:                   0.0500	grad_norm:               189725.1859	info_nce_loss:             0.1974	loss:                    1404.9110
q_loss:                  1277.1918	q_taken_mean:             84.3336	red_team_alives_mean:     20.0000	red_team_win_mean:         1.0000
return_mean:               2.1673	return_std:                0.4729	target_mean:              84.7280	td_error_abs:             27.0682
test_blue_team_alives_mean:  6.4000	test_blue_team_win_mean:   0.0000	test_ep_length_mean:     200.0000	test_episode_length_mean:199.0000
test_red_team_alives_mean: 20.0000	test_red_team_win_mean:    1.0000	test_return_mean:          2.1830	test_return_std:           0.0000

2026-04-10 00:14:00,747 - my_experiment - bat_ExpoComm_5M - my_run - INFO - t_env: 4350381 / 5050000
2026-04-10 00:14:00,748 - my_experiment - bat_ExpoComm_5M - my_run - INFO - Estimated time left: 1 hours, 15 minutes, 33 seconds. Time passed: 8 hours, 11 minutes, 23 seconds
2026-04-10 00:19:18,173 - my_experiment - bat_ExpoComm_5M - my_run - INFO - Recent Stats | t_env:    4400181 | Episode:    22002
blue_team_alives_mean:     5.2640	blue_team_win_mean:        0.0000	ep_length_mean:          200.0000	episode_length_mean:     199.0000
epsilon:                   0.0500	grad_norm:               54816.4941	info_nce_loss:             0.2257	loss:                    454.0386
q_loss:                  412.7623	q_taken_mean:             83.4544	red_team_alives_mean:     20.0000	red_team_win_mean:         1.0000
return_mean:               2.2127	return_std:                0.4684	target_mean:              83.4226	td_error_abs:             13.1830
test_blue_team_alives_mean:  6.0000	test_blue_team_win_mean:   0.0000	test_ep_length_mean:     200.0000	test_episode_length_mean:199.0000
test_red_team_alives_mean: 20.0000	test_red_team_win_mean:    1.0000	test_return_mean:          2.2570	test_return_std:           0.0000

2026-04-10 00:19:19,456 - my_experiment - bat_ExpoComm_5M - my_run - INFO - t_env: 4400381 / 5050000
2026-04-10 00:19:19,457 - my_experiment - bat_ExpoComm_5M - my_run - INFO - Estimated time left: 1 hours, 9 minutes, 0 seconds. Time passed: 8 hours, 16 minutes, 42 seconds
2026-04-10 00:24:38,021 - my_experiment - bat_ExpoComm_5M - my_run - INFO - Recent Stats | t_env:    4450181 | Episode:    22252
blue_team_alives_mean:     5.2600	blue_team_win_mean:        0.0000	ep_length_mean:          200.0000	episode_length_mean:     199.0000
epsilon:                   0.0500	grad_norm:               95905.5699	info_nce_loss:             0.1761	loss:                    674.0474
q_loss:                  612.7704	q_taken_mean:             81.3801	red_team_alives_mean:     20.0000	red_team_win_mean:         1.0000
return_mean:               2.2172	return_std:                0.5097	target_mean:              81.5900	td_error_abs:             17.1404
test_blue_team_alives_mean:  5.8000	test_blue_team_win_mean:   0.0000	test_ep_length_mean:     200.0000	test_episode_length_mean:199.0000
test_red_team_alives_mean: 20.0000	test_red_team_win_mean:    1.0000	test_return_mean:          2.3290	test_return_std:           0.0000

2026-04-10 00:24:39,318 - my_experiment - bat_ExpoComm_5M - my_run - INFO - t_env: 4450381 / 5050000
2026-04-10 00:24:39,319 - my_experiment - bat_ExpoComm_5M - my_run - INFO - Estimated time left: 1 hours, 3 minutes, 55 seconds. Time passed: 8 hours, 22 minutes, 1 seconds
2026-04-10 00:29:55,668 - my_experiment - bat_ExpoComm_5M - my_run - INFO - Recent Stats | t_env:    4500181 | Episode:    22502
blue_team_alives_mean:     5.0320	blue_team_win_mean:        0.0000	ep_length_mean:          200.0000	episode_length_mean:     199.0000
epsilon:                   0.0500	grad_norm:               84141.0500	info_nce_loss:             0.2215	loss:                    738.3407
q_loss:                  671.2188	q_taken_mean:             80.6792	red_team_alives_mean:     20.0000	red_team_win_mean:         1.0000
return_mean:               2.1986	return_std:                0.5127	target_mean:              80.9325	td_error_abs:             16.6772
test_blue_team_alives_mean:  5.6000	test_blue_team_win_mean:   0.0000	test_ep_length_mean:     200.0000	test_episode_length_mean:199.0000
test_red_team_alives_mean: 20.0000	test_red_team_win_mean:    1.0000	test_return_mean:          2.4370	test_return_std:           0.0000

2026-04-10 00:29:56,947 - my_experiment - bat_ExpoComm_5M - my_run - INFO - t_env: 4500381 / 5050000
2026-04-10 00:29:56,948 - my_experiment - bat_ExpoComm_5M - my_run - INFO - Estimated time left: 58 minutes, 11 seconds. Time passed: 8 hours, 27 minutes, 19 seconds
2026-04-10 00:29:57,624 - my_experiment - bat_ExpoComm_5M - my_run - INFO - Saving models to work_dirs/my_experiment/bat_ExpoComm_5M/my_run/20260409_160207/models/4500381
2026-04-10 00:35:12,192 - my_experiment - bat_ExpoComm_5M - my_run - INFO - Recent Stats | t_env:    4550181 | Episode:    22752
blue_team_alives_mean:     4.4120	blue_team_win_mean:        0.0000	ep_length_mean:          200.0000	episode_length_mean:     199.0000
epsilon:                   0.0500	grad_norm:               58089.2855	info_nce_loss:             0.1470	loss:                    523.1778
q_loss:                  475.6162	q_taken_mean:             80.2693	red_team_alives_mean:     20.0000	red_team_win_mean:         1.0000
return_mean:               2.4098	return_std:                0.4120	target_mean:              80.2672	td_error_abs:             14.2981
test_blue_team_alives_mean:  5.4000	test_blue_team_win_mean:   0.0000	test_ep_length_mean:     200.0000	test_episode_length_mean:199.0000
test_red_team_alives_mean: 20.0000	test_red_team_win_mean:    1.0000	test_return_mean:          2.5480	test_return_std:           0.0000

2026-04-10 00:35:13,530 - my_experiment - bat_ExpoComm_5M - my_run - INFO - t_env: 4550381 / 5050000
2026-04-10 00:35:13,531 - my_experiment - bat_ExpoComm_5M - my_run - INFO - Estimated time left: 52 minutes, 43 seconds. Time passed: 8 hours, 32 minutes, 36 seconds
2026-04-10 00:40:29,568 - my_experiment - bat_ExpoComm_5M - my_run - INFO - Recent Stats | t_env:    4600181 | Episode:    23002
blue_team_alives_mean:     4.1920	blue_team_win_mean:        0.0000	ep_length_mean:          200.0000	episode_length_mean:     199.0000
epsilon:                   0.0500	grad_norm:               58937.8340	info_nce_loss:             0.2338	loss:                    500.9878
q_loss:                  455.4435	q_taken_mean:             79.5038	red_team_alives_mean:     20.0000	red_team_win_mean:         1.0000
return_mean:               2.4763	return_std:                0.4629	target_mean:              79.4824	td_error_abs:             14.1743
test_blue_team_alives_mean:  5.8000	test_blue_team_win_mean:   0.0000	test_ep_length_mean:     200.0000	test_episode_length_mean:199.0000
test_red_team_alives_mean: 20.0000	test_red_team_win_mean:    1.0000	test_return_mean:          2.4530	test_return_std:           0.0000

2026-04-10 00:40:30,896 - my_experiment - bat_ExpoComm_5M - my_run - INFO - t_env: 4600381 / 5050000
2026-04-10 00:40:30,897 - my_experiment - bat_ExpoComm_5M - my_run - INFO - Estimated time left: 47 minutes, 33 seconds. Time passed: 8 hours, 37 minutes, 53 seconds
2026-04-10 00:45:45,561 - my_experiment - bat_ExpoComm_5M - my_run - INFO - Recent Stats | t_env:    4650181 | Episode:    23252
blue_team_alives_mean:     3.9520	blue_team_win_mean:        0.0000	ep_length_mean:          200.0000	episode_length_mean:     199.0000
epsilon:                   0.0500	grad_norm:               115920.8320	info_nce_loss:             0.3112	loss:                    800.7157
q_loss:                  727.9234	q_taken_mean:             77.0120	red_team_alives_mean:     20.0000	red_team_win_mean:         1.0000
return_mean:               2.5577	return_std:                0.4741	target_mean:              77.2701	td_error_abs:             20.4104
test_blue_team_alives_mean:  5.8000	test_blue_team_win_mean:   0.0000	test_ep_length_mean:     200.0000	test_episode_length_mean:199.0000
test_red_team_alives_mean: 20.0000	test_red_team_win_mean:    1.0000	test_return_mean:          2.5020	test_return_std:           0.0000

2026-04-10 00:45:46,843 - my_experiment - bat_ExpoComm_5M - my_run - INFO - t_env: 4650381 / 5050000
2026-04-10 00:45:46,843 - my_experiment - bat_ExpoComm_5M - my_run - INFO - Estimated time left: 42 minutes, 5 seconds. Time passed: 8 hours, 43 minutes, 9 seconds
2026-04-10 00:51:01,597 - my_experiment - bat_ExpoComm_5M - my_run - INFO - Recent Stats | t_env:    4700181 | Episode:    23502
blue_team_alives_mean:     3.7720	blue_team_win_mean:        0.0000	ep_length_mean:          200.0000	episode_length_mean:     199.0000
epsilon:                   0.0500	grad_norm:               74238.7312	info_nce_loss:             0.3193	loss:                    594.3867
q_loss:                  540.3515	q_taken_mean:             75.1538	red_team_alives_mean:     20.0000	red_team_win_mean:         1.0000
return_mean:               2.6593	return_std:                0.4556	target_mean:              75.2671	td_error_abs:             15.7626
test_blue_team_alives_mean:  6.2000	test_blue_team_win_mean:   0.0000	test_ep_length_mean:     200.0000	test_episode_length_mean:199.0000
test_red_team_alives_mean: 20.0000	test_red_team_win_mean:    1.0000	test_return_mean:          2.4100	test_return_std:           0.0000

2026-04-10 00:51:02,870 - my_experiment - bat_ExpoComm_5M - my_run - INFO - t_env: 4700381 / 5050000
2026-04-10 00:51:02,870 - my_experiment - bat_ExpoComm_5M - my_run - INFO - Estimated time left: 36 minutes, 49 seconds. Time passed: 8 hours, 48 minutes, 25 seconds
2026-04-10 00:56:16,559 - my_experiment - bat_ExpoComm_5M - my_run - INFO - Recent Stats | t_env:    4750181 | Episode:    23752
blue_team_alives_mean:     3.6400	blue_team_win_mean:        0.0000	ep_length_mean:          200.0000	episode_length_mean:     199.0000
epsilon:                   0.0500	grad_norm:               44631.0609	info_nce_loss:             0.2455	loss:                    461.9352
q_loss:                  419.9411	q_taken_mean:             74.7862	red_team_alives_mean:     20.0000	red_team_win_mean:         1.0000
return_mean:               2.6459	return_std:                0.4434	target_mean:              74.7194	td_error_abs:             12.8647
test_blue_team_alives_mean:  6.0000	test_blue_team_win_mean:   0.0000	test_ep_length_mean:     200.0000	test_episode_length_mean:199.0000
test_red_team_alives_mean: 20.0000	test_red_team_win_mean:    1.0000	test_return_mean:          2.4350	test_return_std:           0.0000

2026-04-10 00:56:17,826 - my_experiment - bat_ExpoComm_5M - my_run - INFO - t_env: 4750381 / 5050000
2026-04-10 00:56:17,827 - my_experiment - bat_ExpoComm_5M - my_run - INFO - Estimated time left: 31 minutes, 27 seconds. Time passed: 8 hours, 53 minutes, 40 seconds
2026-04-10 01:01:32,471 - my_experiment - bat_ExpoComm_5M - my_run - INFO - Recent Stats | t_env:    4800181 | Episode:    24002
blue_team_alives_mean:     3.4760	blue_team_win_mean:        0.0000	ep_length_mean:          200.0000	episode_length_mean:     199.0000
epsilon:                   0.0500	grad_norm:               44582.9148	info_nce_loss:             0.3108	loss:                    435.2198
q_loss:                  395.6544	q_taken_mean:             74.2548	red_team_alives_mean:     20.0000	red_team_win_mean:         1.0000
return_mean:               2.7361	return_std:                0.4437	target_mean:              74.1568	td_error_abs:             12.4873
test_blue_team_alives_mean:  5.4000	test_blue_team_win_mean:   0.0000	test_ep_length_mean:     200.0000	test_episode_length_mean:199.0000
test_red_team_alives_mean: 20.0000	test_red_team_win_mean:    1.0000	test_return_mean:          2.6650	test_return_std:           0.0000

2026-04-10 01:01:33,759 - my_experiment - bat_ExpoComm_5M - my_run - INFO - t_env: 4800381 / 5050000
2026-04-10 01:01:33,760 - my_experiment - bat_ExpoComm_5M - my_run - INFO - Estimated time left: 26 minutes, 17 seconds. Time passed: 8 hours, 58 minutes, 56 seconds
2026-04-10 01:06:48,679 - my_experiment - bat_ExpoComm_5M - my_run - INFO - Recent Stats | t_env:    4850181 | Episode:    24252
blue_team_alives_mean:     3.4960	blue_team_win_mean:        0.0000	ep_length_mean:          200.0000	episode_length_mean:     199.0000
epsilon:                   0.0500	grad_norm:               89049.5398	info_nce_loss:             0.3044	loss:                    765.5953
q_loss:                  695.9957	q_taken_mean:             73.2210	red_team_alives_mean:     20.0000	red_team_win_mean:         0.9960
return_mean:               2.4175	return_std:                0.9148	target_mean:              73.0704	td_error_abs:             18.9265
test_blue_team_alives_mean:  4.6000	test_blue_team_win_mean:   0.0000	test_ep_length_mean:     200.0000	test_episode_length_mean:199.0000
test_red_team_alives_mean: 20.0000	test_red_team_win_mean:    1.0000	test_return_mean:          2.8600	test_return_std:           0.0000

2026-04-10 01:06:49,951 - my_experiment - bat_ExpoComm_5M - my_run - INFO - t_env: 4850381 / 5050000
2026-04-10 01:06:49,951 - my_experiment - bat_ExpoComm_5M - my_run - INFO - Estimated time left: 21 minutes, 2 seconds. Time passed: 9 hours, 4 minutes, 12 seconds
2026-04-10 01:12:02,849 - my_experiment - bat_ExpoComm_5M - my_run - INFO - Recent Stats | t_env:    4900181 | Episode:    24502
blue_team_alives_mean:     3.2160	blue_team_win_mean:        0.0000	ep_length_mean:          200.0000	episode_length_mean:     199.0000
epsilon:                   0.0500	grad_norm:               85354.1016	info_nce_loss:             0.2109	loss:                    821.4326
q_loss:                  746.7569	q_taken_mean:             72.6987	red_team_alives_mean:     20.0000	red_team_win_mean:         1.0000
return_mean:               2.6640	return_std:                0.6551	target_mean:              72.5625	td_error_abs:             20.0971
test_blue_team_alives_mean:  4.4000	test_blue_team_win_mean:   0.0000	test_ep_length_mean:     200.0000	test_episode_length_mean:199.0000
test_red_team_alives_mean: 20.0000	test_red_team_win_mean:    1.0000	test_return_mean:          2.6650	test_return_std:           0.0000

2026-04-10 01:12:04,126 - my_experiment - bat_ExpoComm_5M - my_run - INFO - t_env: 4900381 / 5050000
2026-04-10 01:12:04,127 - my_experiment - bat_ExpoComm_5M - my_run - INFO - Estimated time left: 15 minutes, 40 seconds. Time passed: 9 hours, 9 minutes, 26 seconds
2026-04-10 01:17:20,248 - my_experiment - bat_ExpoComm_5M - my_run - INFO - Recent Stats | t_env:    4950238 | Episode:    24755
blue_team_alives_mean:     3.0053	blue_team_win_mean:        0.0000	ep_length_mean:          199.0314	episode_length_mean:     198.0314
epsilon:                   0.0500	grad_norm:               67311.1695	info_nce_loss:             0.2762	loss:                    584.6073
q_loss:                  531.4612	q_taken_mean:             71.3420	red_team_alives_mean:     20.0000	red_team_win_mean:         1.0000
return_mean:               2.6068	return_std:                0.7894	target_mean:              71.4528	td_error_abs:             16.2419
test_blue_team_alives_mean:  4.0000	test_blue_team_win_mean:   0.0000	test_ep_length_mean:     200.0000	test_episode_length_mean:199.0000
test_red_team_alives_mean: 20.0000	test_red_team_win_mean:    1.0000	test_return_mean:          2.7920	test_return_std:           0.0000

2026-04-10 01:17:21,521 - my_experiment - bat_ExpoComm_5M - my_run - INFO - t_env: 4950438 / 5050000
2026-04-10 01:17:21,522 - my_experiment - bat_ExpoComm_5M - my_run - INFO - Estimated time left: 10 minutes, 31 seconds. Time passed: 9 hours, 14 minutes, 44 seconds
2026-04-10 01:22:38,609 - my_experiment - bat_ExpoComm_5M - my_run - INFO - Saving models to work_dirs/my_experiment/bat_ExpoComm_5M/my_run/20260409_160207/models/5000417
2026-04-10 01:22:38,641 - my_experiment - bat_ExpoComm_5M - my_run - INFO - Recent Stats | t_env:    5000417 | Episode:    25010
blue_team_alives_mean:     3.0313	blue_team_win_mean:        0.0000	ep_length_mean:          196.2391	episode_length_mean:     195.2391
epsilon:                   0.0500	grad_norm:               66114.1816	info_nce_loss:             0.2341	loss:                    584.9148
q_loss:                  531.7408	q_taken_mean:             69.5457	red_team_alives_mean:     20.0000	red_team_win_mean:         1.0000
return_mean:               2.5654	return_std:                0.7097	target_mean:              69.6729	td_error_abs:             16.4565
test_blue_team_alives_mean:  3.4000	test_blue_team_win_mean:   0.0000	test_ep_length_mean:     200.0000	test_episode_length_mean:199.0000
test_red_team_alives_mean: 20.0000	test_red_team_win_mean:    1.0000	test_return_mean:          2.9690	test_return_std:           0.0000

2026-04-10 01:22:39,884 - my_experiment - bat_ExpoComm_5M - my_run - INFO - t_env: 5000617 / 5050000
2026-04-10 01:22:39,885 - my_experiment - bat_ExpoComm_5M - my_run - INFO - Estimated time left: 5 minutes, 13 seconds. Time passed: 9 hours, 20 minutes, 2 seconds
2026-04-10 01:27:51,843 - my_experiment - bat_ExpoComm_5M - my_run - INFO - Finished Training
Exception in thread IntMsgThr:
socket.send() raised exception.
socket.send() raised exception.
socket.send() raised exception.
socket.send() raised exception.
Traceback (most recent call last):
  File "/usr/itetnas04/data-scratch-01/pparsons/data/conda_envs/ExpoComm/lib/python3.8/threading.py", line 932, in _bootstrap_inner
    self.run()
  File "/usr/itetnas04/data-scratch-01/pparsons/data/conda_envs/ExpoComm/lib/python3.8/threading.py", line 870, in run
    self._target(*self._args, **self._kwargs)
  File "/usr/itetnas04/data-scratch-01/pparsons/data/conda_envs/ExpoComm/lib/python3.8/site-packages/wandb/sdk/wandb_run.py", line 336, in check_internal_messages
    self._loop_check_status(
  File "/usr/itetnas04/data-scratch-01/pparsons/data/conda_envs/ExpoComm/lib/python3.8/site-packages/wandb/sdk/wandb_run.py", line 237, in _loop_check_status
    local_handle = request()
  File "/usr/itetnas04/data-scratch-01/pparsons/data/conda_envs/ExpoComm/lib/python3.8/site-packages/wandb/sdk/interface/interface.py", line 1007, in deliver_internal_messages
socket.send() raised exception.
socket.send() raised exception.
socket.send() raised exception.
socket.send() raised exception.
socket.send() raised exception.
socket.send() raised exception.
socket.send() raised exception.
socket.send() raised exception.
socket.send() raised exception.
socket.send() raised exception.
socket.send() raised exception.
socket.send() raised exception.
socket.send() raised exception.
socket.send() raised exception.
socket.send() raised exception.
socket.send() raised exception.
socket.send() raised exception.
socket.send() raised exception.
socket.send() raised exception.
socket.send() raised exception.
socket.send() raised exception.
socket.send() raised exception.
socket.send() raised exception.
socket.send() raised exception.
socket.send() raised exception.
socket.send() raised exception.
socket.send() raised exception.
socket.send() raised exception.
socket.send() raised exception.
socket.send() raised exception.
socket.send() raised exception.
socket.send() raised exception.
socket.send() raised exception.
socket.send() raised exception.
socket.send() raised exception.
socket.send() raised exception.
    return self._deliver_internal_messages(internal_message)
  File "/usr/itetnas04/data-scratch-01/pparsons/data/conda_envs/ExpoComm/lib/python3.8/site-packages/wandb/sdk/interface/interface_shared.py", line 499, in _deliver_internal_messages
socket.send() raised exception.
socket.send() raised exception.
socket.send() raised exception.
socket.send() raised exception.
socket.send() raised exception.
socket.send() raised exception.
socket.send() raised exception.
socket.send() raised exception.
    return self._deliver(record)
  File "/usr/itetnas04/data-scratch-01/pparsons/data/conda_envs/ExpoComm/lib/python3.8/site-packages/wandb/sdk/interface/interface_sock.py", line 50, in _deliver
socket.send() raised exception.
socket.send() raised exception.
socket.send() raised exception.
socket.send() raised exception.
socket.send() raised exception.
socket.send() raised exception.
socket.send() raised exception.
socket.send() raised exception.
    return self._asyncer.run(lambda: self.deliver_async(record))
  File "/usr/itetnas04/data-scratch-01/pparsons/data/conda_envs/ExpoComm/lib/python3.8/site-packages/wandb/sdk/lib/asyncio_manager.py", line 136, in run
socket.send() raised exception.
socket.send() raised exception.
socket.send() raised exception.
socket.send() raised exception.
socket.send() raised exception.
socket.send() raised exception.
socket.send() raised exception.
socket.send() raised exception.
    return future.result()
  File "/usr/itetnas04/data-scratch-01/pparsons/data/conda_envs/ExpoComm/lib/python3.8/concurrent/futures/_base.py", line 444, in result
socket.send() raised exception.
socket.send() raised exception.
socket.send() raised exception.
socket.send() raised exception.
socket.send() raised exception.
socket.send() raised exception.
socket.send() raised exception.
socket.send() raised exception.
    return self.__get_result()
  File "/usr/itetnas04/data-scratch-01/pparsons/data/conda_envs/ExpoComm/lib/python3.8/concurrent/futures/_base.py", line 389, in __get_result
socket.send() raised exception.
socket.send() raised exception.
socket.send() raised exception.
socket.send() raised exception.
socket.send() raised exception.
socket.send() raised exception.
socket.send() raised exception.
socket.send() raised exception.
    raise self._exception
  File "/usr/itetnas04/data-scratch-01/pparsons/data/conda_envs/ExpoComm/lib/python3.8/site-packages/wandb/sdk/lib/asyncio_manager.py", line 219, in _wrap
    return await fn()
  File "/usr/itetnas04/data-scratch-01/pparsons/data/conda_envs/ExpoComm/lib/python3.8/site-packages/wandb/sdk/interface/interface_sock.py", line 58, in deliver_async
    socket.send() raised exception.
handle = await self._client.deliver(request)
  File "/usr/itetnas04/data-scratch-01/pparsons/data/conda_envs/ExpoComm/lib/python3.8/site-packages/wandb/sdk/lib/service/service_client.py", line 54, in deliver
socket.send() raised exception.
socket.send() raised exception.
socket.send() raised exception.
socket.send() raised exception.
socket.send() raised exception.
socket.send() raised exception.
socket.send() raised exception.
socket.send() raised exception.
socket.send() raised exception.
socket.send() raised exception.
socket.send() raised exception.
socket.send() raised exception.
socket.send() raised exception.
socket.send() raised exception.
socket.send() raised exception.
    await self._send_server_request(request)
  File "/usr/itetnas04/data-scratch-01/pparsons/data/conda_envs/ExpoComm/lib/python3.8/site-packages/wandb/sdk/lib/service/service_client.py", line 64, in _send_server_request
    await self._writer.drain()
  File "/usr/itetnas04/data-scratch-01/pparsons/data/conda_envs/ExpoComm/lib/python3.8/asyncio/streams.py", line 387, in drain
    await self._protocol._drain_helper()
  File "/usr/itetnas04/data-scratch-01/pparsons/data/conda_envs/ExpoComm/lib/python3.8/asyncio/streams.py", line 190, in _drain_helper
    raise ConnectionResetError('Connection lost')
ConnectionResetError: Connection lost
socket.send() raised exception.
socket.send() raised exception.
socket.send() raised exception.
socket.send() raised exception.
socket.send() raised exception.
socket.send() raised exception.
socket.send() raised exception.
socket.send() raised exception.
socket.send() raised exception.
socket.send() raised exception.
socket.send() raised exception.
socket.send() raised exception.
socket.send() raised exception.
socket.send() raised exception.
socket.send() raised exception.
socket.send() raised exception.
socket.send() raised exception.
socket.send() raised exception.
socket.send() raised exception.
socket.send() raised exception.
socket.send() raised exception.
socket.send() raised exception.
socket.send() raised exception.
socket.send() raised exception.
socket.send() raised exception.
socket.send() raised exception.
socket.send() raised exception.
socket.send() raised exception.
socket.send() raised exception.
socket.send() raised exception.
socket.send() raised exception.
socket.send() raised exception.
socket.send() raised exception.
socket.send() raised exception.
socket.send() raised exception.
socket.send() raised exception.
socket.send() raised exception.
socket.send() raised exception.
socket.send() raised exception.
socket.send() raised exception.
socket.send() raised exception.
socket.send() raised exception.
socket.send() raised exception.
socket.send() raised exception.
socket.send() raised exception.
socket.send() raised exception.
