Gym has been unmaintained since 2022 and does not support NumPy 2.0 amongst other critical functionality.
Please upgrade to Gymnasium, the maintained drop-in replacement of Gym, or contact the authors of your software and request that they upgrade.
Users of this version of Gym should be able to simply replace 'import gym' with 'import gymnasium as gym' in the vast majority of cases.
See the migration guide at https://gymnasium.farama.org/introduction/migration_guide/ for additional information.
src/main.py:81: DeprecationWarning: Using or importing the ABCs from 'collections' instead of from 'collections.abc' is deprecated since Python 3.3, and in 3.10 it will stop working
  if isinstance(v, collections.Mapping):
wandb: [wandb.login()] Loaded credentials for https://api.wandb.ai from /home/pparsons/.netrc.
wandb: Currently logged in as: peterparsons02 (peterparsons02-eth-z-rich) to https://api.wandb.ai. Use `wandb login --relogin` to force relogin
wandb: setting up run a7c3yr1q
wandb: Tracking run with wandb version 0.24.1
wandb: Run data is saved locally in /usr/itetnas04/data-scratch-01/pparsons/data/MyExpoComm/wandb/run-20260909_120611-a7c3yr1q
wandb: Run `wandb offline` to turn off syncing.
wandb: Syncing run my_run-bat_60_HybridComm_n9_45-20260909_120607
wandb: ⭐️ View project at https://wandb.ai/peterparsons02-eth-z-rich/my_experiment
wandb: 🚀 View run at https://wandb.ai/peterparsons02-eth-z-rich/my_experiment/runs/a7c3yr1q
2026-09-09 12:06:21,374 - my_experiment - bat_60_HybridComm_n9_45 - my_run - INFO - Current directory: /usr/itetnas04/data-scratch-01/pparsons/data/MyExpoComm.
2026-09-09 12:06:21,375 - my_experiment - bat_60_HybridComm_n9_45 - my_run - INFO - Experiment Parameters:
2026-09-09 12:06:21,377 - my_experiment - bat_60_HybridComm_n9_45 - my_run - INFO - 

{   'action_selector': 'epsilon_greedy',
    'add_value_last_step': True,
    'agent': 'ExpoComm_one_peer_cont',
    'agent_output_type': 'q',
    'attention_dim': 32,
    'aux_coef': 0.1,
    'batch_size': 16,
    'batch_size_run': 1,
    'buffer_cpu_only': True,
    'buffer_size': 1000,
    'checkpoint_path': '',
    'double_q': True,
    'env': 'MAgent_Battle',
    'env_args': {   'global_reward': True,
                    'map_name': 'battle_view7',
                    'map_size': 60,
                    'max_cycles': 200,
                    'minimap_mode': False,
                    'pretrained_ckpt': None,
                    'seed': 45},
    'epsilon_anneal_time': 1000000,
    'epsilon_finish': 0.05,
    'epsilon_start': 1.0,
    'evaluate': False,
    'evaluation_epsilon': 0.0,
    'exp_name': 'my_experiment',
    'gamma': 0.99,
    'global_reward': True,
    'grad_norm_clip': 10,
    'hidden_dim': 64,
    'hypergroup': None,
    'label': 'default_label',
    'learner': 'hybrid_comm_learner',
    'learner_log_interval': 10000,
    'load_step': 0,
    'local_results_path': 'results',
    'log_interval': 50000,
    'lr': 0.0005,
    'mac': 'ExpoComm_mac',
    'mixer': None,
    'name': 'bat_60_HybridComm_n9_45',
    'neg_num': 20,
    'obs_agent_id': True,
    'obs_individual_obs': False,
    'obs_last_action': True,
    'one_peer': True,
    'optim_alpha': 0.99,
    'optim_eps': 1e-05,
    'render': False,
    'repeat_id': 1,
    'run_name': 'my_run',
    'runner': 'episode',
    'runner_log_interval': 10000,
    'save_model': True,
    'save_model_interval': 500000,
    'save_replay': False,
    'seed': 45,
    'standardise_returns': False,
    'standardise_rewards': True,
    't_max': 5050000,
    'target_update_interval_or_tau': 200,
    'temperature': 0.07,
    'test_greedy': True,
    'test_interval': 50000,
    'test_nepisode': 1,
    'topk_neighbors': 9,
    'use_cuda': True,
    'use_rnn': True,
    'use_tensorboard': True,
    'work_dir': 'work_dirs/my_experiment/bat_60_HybridComm_n9_45/my_run/20260909_120607'}

/usr/itetnas04/data-scratch-01/pparsons/data/conda_envs/ExpoComm/lib/python3.8/site-packages/pettingzoo/utils/conversions.py:41: UserWarning: The `from_parallel` function is deprecated. Use the `parallel_to_aec` function instead.
  warnings.warn("The `from_parallel` function is deprecated. Use the `parallel_to_aec` function instead.")
/usr/itetnas04/data-scratch-01/pparsons/data/conda_envs/ExpoComm/lib/python3.8/site-packages/pettingzoo/utils/wrappers/base.py:44: UserWarning: The `observation_spaces` dictionary is deprecated. Use the `observation_space` function instead.
  warnings.warn("The `observation_spaces` dictionary is deprecated. Use the `observation_space` function instead.")
/usr/itetnas04/data-scratch-01/pparsons/data/conda_envs/ExpoComm/lib/python3.8/site-packages/pettingzoo/utils/conversions.py:36: UserWarning: The `to_parallel` function is deprecated. Use the `aec_to_parallel` function instead.
  warnings.warn("The `to_parallel` function is deprecated. Use the `aec_to_parallel` function instead.")
/usr/itetnas04/data-scratch-01/pparsons/data/conda_envs/ExpoComm/lib/python3.8/site-packages/pettingzoo/utils/conversions.py:80: UserWarning: The `action_spaces` dictionary is deprecated. Use the `action_space` function instead.
  warnings.warn("The `action_spaces` dictionary is deprecated. Use the `action_space` function instead.")
/usr/itetnas04/data-scratch-01/pparsons/data/conda_envs/ExpoComm/lib/python3.8/site-packages/pettingzoo/utils/wrappers/base.py:52: UserWarning: The `action_spaces` dictionary is deprecated. Use the `action_space` function instead.
  warnings.warn("The `action_spaces` dictionary is deprecated. Use the `action_space` function instead.")
/usr/itetnas04/data-scratch-01/pparsons/data/conda_envs/ExpoComm/lib/python3.8/site-packages/pettingzoo/utils/conversions.py:72: UserWarning: The `observation_spaces` dictionary is deprecated. Use the `observation_space` function instead.
  warnings.warn("The `observation_spaces` dictionary is deprecated. Use the `observation_space` function instead.")
2026-09-09 12:06:46,602 - my_experiment - bat_60_HybridComm_n9_45 - my_run - INFO - Beginning training for 5050000 timesteps
/usr/itetnas04/data-scratch-01/pparsons/data/MyExpoComm/src/envs/battle_wrappers.py:265: UserWarning: To copy construct from a tensor, it is recommended to use sourceTensor.clone().detach() or sourceTensor.clone().detach().requires_grad_(True), rather than torch.tensor(sourceTensor).
  actions = torch.tensor(actions, dtype=torch.long)
2026-09-09 12:07:08,231 - my_experiment - bat_60_HybridComm_n9_45 - my_run - INFO - t_env: 200 / 5050000
2026-09-09 12:07:08,232 - my_experiment - bat_60_HybridComm_n9_45 - my_run - INFO - Estimated time left: 36 minutes, 15 seconds. Time passed: 21 seconds
2026-09-09 12:07:12,721 - my_experiment - bat_60_HybridComm_n9_45 - my_run - INFO - Saving models to work_dirs/my_experiment/bat_60_HybridComm_n9_45/my_run/20260909_120607/models/200
2026-09-09 12:29:27,772 - my_experiment - bat_60_HybridComm_n9_45 - my_run - INFO - Recent Stats | t_env:      50000 | Episode:      250
blue_team_alives_mean:   143.9920	blue_team_win_mean:        0.9920	ep_length_mean:          200.0000	episode_length_mean:     199.0000
epsilon:                   0.9620	grad_norm:                 1.1329	info_nce_loss:             2.2707	loss:                      1.1030
q_loss:                    1.0027	red_team_alives_mean:    137.9920	red_team_win_mean:         0.0000	return_mean:              -8.2277
return_std:                0.0982	test_blue_team_alives_mean:144.0000	test_blue_team_win_mean:   0.0000	test_ep_length_mean:     200.0000
test_episode_length_mean:199.0000	test_red_team_alives_mean:144.0000	test_red_team_win_mean:    0.0000	test_return_mean:         -1.0208
test_return_std:           0.0000	
2026-09-09 12:29:33,169 - my_experiment - bat_60_HybridComm_n9_45 - my_run - INFO - t_env: 50200 / 5050000
2026-09-09 12:29:33,170 - my_experiment - bat_60_HybridComm_n9_45 - my_run - INFO - Estimated time left: 1 days, 13 hours, 21 minutes, 28 seconds. Time passed: 22 minutes, 46 seconds
2026-09-09 12:52:02,181 - my_experiment - bat_60_HybridComm_n9_45 - my_run - INFO - Recent Stats | t_env:     100000 | Episode:      500
blue_team_alives_mean:   143.9600	blue_team_win_mean:        1.0000	ep_length_mean:          200.0000	episode_length_mean:     199.0000
epsilon:                   0.9145	grad_norm:                 2.9222	info_nce_loss:             1.4417	loss:                      1.1475
q_loss:                    1.0432	red_team_alives_mean:    136.1480	red_team_win_mean:         0.0000	return_mean:              -7.7978
return_std:                0.1535	test_blue_team_alives_mean:144.0000	test_blue_team_win_mean:   0.5000	test_ep_length_mean:     200.0000
test_episode_length_mean:199.0000	test_red_team_alives_mean:140.5000	test_red_team_win_mean:    0.0000	test_return_mean:         -1.0087
test_return_std:           0.0000	
2026-09-09 12:52:07,621 - my_experiment - bat_60_HybridComm_n9_45 - my_run - INFO - t_env: 100200 / 5050000
2026-09-09 12:52:07,622 - my_experiment - bat_60_HybridComm_n9_45 - my_run - INFO - Estimated time left: 1 days, 13 hours, 14 minutes, 45 seconds. Time passed: 45 minutes, 21 seconds
2026-09-09 13:14:38,966 - my_experiment - bat_60_HybridComm_n9_45 - my_run - INFO - Recent Stats | t_env:     150000 | Episode:      750
blue_team_alives_mean:   143.9760	blue_team_win_mean:        0.9880	ep_length_mean:          200.0000	episode_length_mean:     199.0000
epsilon:                   0.8670	grad_norm:                 3.9488	info_nce_loss:             0.8579	loss:                      1.1399
q_loss:                    1.0362	red_team_alives_mean:    135.9640	red_team_win_mean:         0.0000	return_mean:              -7.4913
return_std:                0.1455	test_blue_team_alives_mean:144.0000	test_blue_team_win_mean:   0.3333	test_ep_length_mean:     200.0000
test_episode_length_mean:199.0000	test_red_team_alives_mean:141.6667	test_red_team_win_mean:    0.0000	test_return_mean:         -1.0058
test_return_std:           0.0000	
2026-09-09 13:14:44,397 - my_experiment - bat_60_HybridComm_n9_45 - my_run - INFO - t_env: 150200 / 5050000
2026-09-09 13:14:44,398 - my_experiment - bat_60_HybridComm_n9_45 - my_run - INFO - Estimated time left: 1 days, 12 hours, 55 minutes, 58 seconds. Time passed: 1 hours, 7 minutes, 57 seconds
2026-09-09 13:37:17,270 - my_experiment - bat_60_HybridComm_n9_45 - my_run - INFO - Recent Stats | t_env:     200000 | Episode:     1000
blue_team_alives_mean:   143.9920	blue_team_win_mean:        0.8760	ep_length_mean:          200.0000	episode_length_mean:     199.0000
epsilon:                   0.8195	grad_norm:                 4.4934	info_nce_loss:             0.8256	loss:                      1.1164
q_loss:                    1.0149	red_team_alives_mean:    141.0880	red_team_win_mean:         0.0000	return_mean:              -7.3392
return_std:                0.0955	test_blue_team_alives_mean:144.0000	test_blue_team_win_mean:   0.2500	test_ep_length_mean:     200.0000
test_episode_length_mean:199.0000	test_red_team_alives_mean:142.2500	test_red_team_win_mean:    0.0000	test_return_mean:         -1.0044
test_return_std:           0.0000	
2026-09-09 13:37:22,672 - my_experiment - bat_60_HybridComm_n9_45 - my_run - INFO - t_env: 200200 / 5050000
2026-09-09 13:37:22,673 - my_experiment - bat_60_HybridComm_n9_45 - my_run - INFO - Estimated time left: 1 days, 12 hours, 35 minutes, 47 seconds. Time passed: 1 hours, 30 minutes, 36 seconds
2026-09-09 13:59:53,070 - my_experiment - bat_60_HybridComm_n9_45 - my_run - INFO - Recent Stats | t_env:     250000 | Episode:     1250
blue_team_alives_mean:   143.9960	blue_team_win_mean:        0.9480	ep_length_mean:          200.0000	episode_length_mean:     199.0000
epsilon:                   0.7720	grad_norm:                26.2073	info_nce_loss:             0.5051	loss:                      1.2710
q_loss:                    1.1582	red_team_alives_mean:    140.1120	red_team_win_mean:         0.0000	return_mean:              -6.9461
return_std:                0.1029	test_blue_team_alives_mean:144.0000	test_blue_team_win_mean:   0.2000	test_ep_length_mean:     200.0000
test_episode_length_mean:199.0000	test_red_team_alives_mean:142.6000	test_red_team_win_mean:    0.0000	test_return_mean:         -1.0035
test_return_std:           0.0000	
2026-09-09 13:59:58,484 - my_experiment - bat_60_HybridComm_n9_45 - my_run - INFO - t_env: 250200 / 5050000
2026-09-09 13:59:58,485 - my_experiment - bat_60_HybridComm_n9_45 - my_run - INFO - Estimated time left: 1 days, 12 hours, 9 minutes, 12 seconds. Time passed: 1 hours, 53 minutes, 11 seconds
2026-09-09 14:22:19,730 - my_experiment - bat_60_HybridComm_n9_45 - my_run - INFO - Recent Stats | t_env:     300000 | Episode:     1500
blue_team_alives_mean:   143.9360	blue_team_win_mean:        0.9880	ep_length_mean:          200.0000	episode_length_mean:     199.0000
epsilon:                   0.7245	grad_norm:                 7.0309	info_nce_loss:             0.7622	loss:                      1.2624
q_loss:                    1.1476	red_team_alives_mean:    127.2200	red_team_win_mean:         0.0000	return_mean:              -6.3941
return_std:                0.1372	test_blue_team_alives_mean:144.0000	test_blue_team_win_mean:   0.2000	test_ep_length_mean:     200.0000
test_episode_length_mean:199.0000	test_red_team_alives_mean:142.6000	test_red_team_win_mean:    0.0000	test_return_mean:         -0.9993
test_return_std:           0.0000	
2026-09-09 14:22:25,098 - my_experiment - bat_60_HybridComm_n9_45 - my_run - INFO - t_env: 300200 / 5050000
2026-09-09 14:22:25,098 - my_experiment - bat_60_HybridComm_n9_45 - my_run - INFO - Estimated time left: 1 days, 11 hours, 32 minutes, 2 seconds. Time passed: 2 hours, 15 minutes, 38 seconds
2026-09-09 14:44:45,854 - my_experiment - bat_60_HybridComm_n9_45 - my_run - INFO - Recent Stats | t_env:     350000 | Episode:     1750
blue_team_alives_mean:   143.8960	blue_team_win_mean:        0.9960	ep_length_mean:          200.0000	episode_length_mean:     199.0000
epsilon:                   0.6770	grad_norm:                11.3540	info_nce_loss:             0.6253	loss:                      1.4604
q_loss:                    1.3276	red_team_alives_mean:    120.4760	red_team_win_mean:         0.0040	return_mean:              -5.9502
return_std:                0.1661	test_blue_team_alives_mean:144.0000	test_blue_team_win_mean:   0.2000	test_ep_length_mean:     200.0000
test_episode_length_mean:199.0000	test_red_team_alives_mean:140.4000	test_red_team_win_mean:    0.0000	test_return_mean:         -0.9986
test_return_std:           0.0000	
2026-09-09 14:44:51,292 - my_experiment - bat_60_HybridComm_n9_45 - my_run - INFO - t_env: 350200 / 5050000
2026-09-09 14:44:51,293 - my_experiment - bat_60_HybridComm_n9_45 - my_run - INFO - Estimated time left: 1 days, 11 hours, 8 minutes, 56 seconds. Time passed: 2 hours, 38 minutes, 4 seconds
2026-09-09 15:07:11,740 - my_experiment - bat_60_HybridComm_n9_45 - my_run - INFO - Recent Stats | t_env:     400000 | Episode:     2000
blue_team_alives_mean:   143.9680	blue_team_win_mean:        1.0000	ep_length_mean:          200.0000	episode_length_mean:     199.0000
epsilon:                   0.6295	grad_norm:                 8.8066	info_nce_loss:             0.7112	loss:                      1.4947
q_loss:                    1.3588	red_team_alives_mean:    124.5960	red_team_win_mean:         0.0000	return_mean:              -5.6138
return_std:                0.1446	test_blue_team_alives_mean:144.0000	test_blue_team_win_mean:   0.2000	test_ep_length_mean:     200.0000
test_episode_length_mean:199.0000	test_red_team_alives_mean:140.4000	test_red_team_win_mean:    0.0000	test_return_mean:         -0.9986
test_return_std:           0.0000	
2026-09-09 15:07:17,133 - my_experiment - bat_60_HybridComm_n9_45 - my_run - INFO - t_env: 400200 / 5050000
2026-09-09 15:07:17,134 - my_experiment - bat_60_HybridComm_n9_45 - my_run - INFO - Estimated time left: 1 days, 10 hours, 45 minutes, 57 seconds. Time passed: 3 hours, 30 seconds
2026-09-09 15:29:17,425 - my_experiment - bat_60_HybridComm_n9_45 - my_run - INFO - Recent Stats | t_env:     450000 | Episode:     2250
blue_team_alives_mean:   143.7160	blue_team_win_mean:        1.0000	ep_length_mean:          200.0000	episode_length_mean:     199.0000
epsilon:                   0.5820	grad_norm:                36.1636	info_nce_loss:             0.2911	loss:                      2.6686
q_loss:                    2.4260	red_team_alives_mean:    112.6960	red_team_win_mean:         0.0000	return_mean:              -4.9471
return_std:                0.1576	test_blue_team_alives_mean:144.0000	test_blue_team_win_mean:   0.2000	test_ep_length_mean:     200.0000
test_episode_length_mean:199.0000	test_red_team_alives_mean:140.4000	test_red_team_win_mean:    0.0000	test_return_mean:         -0.9986
test_return_std:           0.0000	
2026-09-09 15:29:22,753 - my_experiment - bat_60_HybridComm_n9_45 - my_run - INFO - t_env: 450200 / 5050000
2026-09-09 15:29:22,754 - my_experiment - bat_60_HybridComm_n9_45 - my_run - INFO - Estimated time left: 1 days, 9 hours, 52 minutes, 31 seconds. Time passed: 3 hours, 22 minutes, 36 seconds
2026-09-09 15:50:57,971 - my_experiment - bat_60_HybridComm_n9_45 - my_run - INFO - Recent Stats | t_env:     500000 | Episode:     2500
blue_team_alives_mean:   143.0920	blue_team_win_mean:        1.0000	ep_length_mean:          200.0000	episode_length_mean:     199.0000
epsilon:                   0.5345	grad_norm:                26.0381	info_nce_loss:             0.7811	loss:                      2.9837
q_loss:                    2.7125	red_team_alives_mean:     91.5600	red_team_win_mean:         0.0000	return_mean:              -4.0754
return_std:                0.2385	test_blue_team_alives_mean:144.0000	test_blue_team_win_mean:   0.2000	test_ep_length_mean:     200.0000
test_episode_length_mean:199.0000	test_red_team_alives_mean:140.4000	test_red_team_win_mean:    0.0000	test_return_mean:         -0.9990
test_return_std:           0.0000	
2026-09-09 15:51:03,204 - my_experiment - bat_60_HybridComm_n9_45 - my_run - INFO - t_env: 500200 / 5050000
2026-09-09 15:51:03,205 - my_experiment - bat_60_HybridComm_n9_45 - my_run - INFO - Estimated time left: 1 days, 8 hours, 52 minutes, 15 seconds. Time passed: 3 hours, 44 minutes, 16 seconds
2026-09-09 15:51:07,653 - my_experiment - bat_60_HybridComm_n9_45 - my_run - INFO - Saving models to work_dirs/my_experiment/bat_60_HybridComm_n9_45/my_run/20260909_120607/models/500200
2026-09-09 16:12:22,619 - my_experiment - bat_60_HybridComm_n9_45 - my_run - INFO - Recent Stats | t_env:     550000 | Episode:     2750
blue_team_alives_mean:   143.1240	blue_team_win_mean:        1.0000	ep_length_mean:          200.0000	episode_length_mean:     199.0000
epsilon:                   0.4870	grad_norm:                39.3138	info_nce_loss:             1.0677	loss:                      3.4047
q_loss:                    3.0952	red_team_alives_mean:     88.4080	red_team_win_mean:         0.0000	return_mean:              -3.6193
return_std:                0.3504	test_blue_team_alives_mean:144.0000	test_blue_team_win_mean:   0.4000	test_ep_length_mean:     200.0000
test_episode_length_mean:199.0000	test_red_team_alives_mean:138.8000	test_red_team_win_mean:    0.0000	test_return_mean:         -1.0025
test_return_std:           0.0000	
2026-09-09 16:12:27,639 - my_experiment - bat_60_HybridComm_n9_45 - my_run - INFO - t_env: 550200 / 5050000
2026-09-09 16:12:27,640 - my_experiment - bat_60_HybridComm_n9_45 - my_run - INFO - Estimated time left: 1 days, 8 hours, 6 minutes, 34 seconds. Time passed: 4 hours, 5 minutes, 41 seconds
2026-09-09 16:33:28,693 - my_experiment - bat_60_HybridComm_n9_45 - my_run - INFO - Recent Stats | t_env:     600000 | Episode:     3000
blue_team_alives_mean:   142.8080	blue_team_win_mean:        1.0000	ep_length_mean:          200.0000	episode_length_mean:     199.0000
epsilon:                   0.4395	grad_norm:                59.1801	info_nce_loss:             0.6212	loss:                      3.5289
q_loss:                    3.2081	red_team_alives_mean:     78.9480	red_team_win_mean:         0.0000	return_mean:              -3.0976
return_std:                0.2290	test_blue_team_alives_mean:143.8000	test_blue_team_win_mean:   0.4000	test_ep_length_mean:     200.0000
test_episode_length_mean:199.0000	test_red_team_alives_mean:139.4000	test_red_team_win_mean:    0.0000	test_return_mean:         -1.0616
test_return_std:           0.0000	
2026-09-09 16:33:33,671 - my_experiment - bat_60_HybridComm_n9_45 - my_run - INFO - t_env: 600200 / 5050000
2026-09-09 16:33:33,672 - my_experiment - bat_60_HybridComm_n9_45 - my_run - INFO - Estimated time left: 1 days, 7 hours, 17 minutes, 51 seconds. Time passed: 4 hours, 26 minutes, 47 seconds
2026-09-09 16:54:17,499 - my_experiment - bat_60_HybridComm_n9_45 - my_run - INFO - Recent Stats | t_env:     650000 | Episode:     3250
blue_team_alives_mean:   142.9400	blue_team_win_mean:        1.0000	ep_length_mean:          200.0000	episode_length_mean:     199.0000
epsilon:                   0.3920	grad_norm:               123.4900	info_nce_loss:             0.7746	loss:                      3.9520
q_loss:                    3.5928	red_team_alives_mean:     75.8560	red_team_win_mean:         0.0000	return_mean:              -2.7285
return_std:                0.1474	test_blue_team_alives_mean:143.8000	test_blue_team_win_mean:   0.6000	test_ep_length_mean:     200.0000
test_episode_length_mean:199.0000	test_red_team_alives_mean:137.2000	test_red_team_win_mean:    0.0000	test_return_mean:         -1.0616
test_return_std:           0.0000	
2026-09-09 16:54:22,560 - my_experiment - bat_60_HybridComm_n9_45 - my_run - INFO - t_env: 650200 / 5050000
2026-09-09 16:54:22,561 - my_experiment - bat_60_HybridComm_n9_45 - my_run - INFO - Estimated time left: 1 days, 6 hours, 31 minutes, 37 seconds. Time passed: 4 hours, 47 minutes, 35 seconds
2026-09-09 17:15:26,521 - my_experiment - bat_60_HybridComm_n9_45 - my_run - INFO - Recent Stats | t_env:     700000 | Episode:     3500
blue_team_alives_mean:   142.4240	blue_team_win_mean:        1.0000	ep_length_mean:          200.0000	episode_length_mean:     199.0000
epsilon:                   0.3445	grad_norm:                59.5189	info_nce_loss:             0.5337	loss:                      2.3575
q_loss:                    2.1432	red_team_alives_mean:     86.1960	red_team_win_mean:         0.0000	return_mean:              -2.7493
return_std:                0.2163	test_blue_team_alives_mean:143.2000	test_blue_team_win_mean:   0.8000	test_ep_length_mean:     200.0000
test_episode_length_mean:199.0000	test_red_team_alives_mean:130.8000	test_red_team_win_mean:    0.0000	test_return_mean:         -1.0823
test_return_std:           0.0000	
2026-09-09 17:15:31,673 - my_experiment - bat_60_HybridComm_n9_45 - my_run - INFO - t_env: 700200 / 5050000
2026-09-09 17:15:31,674 - my_experiment - bat_60_HybridComm_n9_45 - my_run - INFO - Estimated time left: 1 days, 6 hours, 40 minutes, 7 seconds. Time passed: 5 hours, 8 minutes, 45 seconds
2026-09-09 17:37:04,179 - my_experiment - bat_60_HybridComm_n9_45 - my_run - INFO - Recent Stats | t_env:     750000 | Episode:     3750
blue_team_alives_mean:   143.3720	blue_team_win_mean:        1.0000	ep_length_mean:          200.0000	episode_length_mean:     199.0000
epsilon:                   0.2970	grad_norm:                92.6036	info_nce_loss:             0.6399	loss:                      2.2411
q_loss:                    2.0373	red_team_alives_mean:    102.7320	red_team_win_mean:         0.0000	return_mean:              -2.8485
return_std:                0.1698	test_blue_team_alives_mean:142.6000	test_blue_team_win_mean:   1.0000	test_ep_length_mean:     200.0000
test_episode_length_mean:199.0000	test_red_team_alives_mean:125.0000	test_red_team_win_mean:    0.0000	test_return_mean:         -1.1326
test_return_std:           0.0000	
2026-09-09 17:37:09,487 - my_experiment - bat_60_HybridComm_n9_45 - my_run - INFO - t_env: 750200 / 5050000
2026-09-09 17:37:09,488 - my_experiment - bat_60_HybridComm_n9_45 - my_run - INFO - Estimated time left: 1 days, 7 hours, 6 seconds. Time passed: 5 hours, 30 minutes, 22 seconds
2026-09-09 17:59:05,514 - my_experiment - bat_60_HybridComm_n9_45 - my_run - INFO - Recent Stats | t_env:     800000 | Episode:     4000
blue_team_alives_mean:   143.9120	blue_team_win_mean:        1.0000	ep_length_mean:          200.0000	episode_length_mean:     199.0000
epsilon:                   0.2495	grad_norm:                90.3802	info_nce_loss:             0.7935	loss:                      1.7399
q_loss:                    1.5820	red_team_alives_mean:    114.6360	red_team_win_mean:         0.0000	return_mean:              -2.7081
return_std:                0.1987	test_blue_team_alives_mean:142.6000	test_blue_team_win_mean:   1.0000	test_ep_length_mean:     200.0000
test_episode_length_mean:199.0000	test_red_team_alives_mean:125.2000	test_red_team_win_mean:    0.0000	test_return_mean:         -1.1340
test_return_std:           0.0000	
2026-09-09 17:59:10,809 - my_experiment - bat_60_HybridComm_n9_45 - my_run - INFO - t_env: 800200 / 5050000
2026-09-09 17:59:10,810 - my_experiment - bat_60_HybridComm_n9_45 - my_run - INFO - Estimated time left: 1 days, 7 hours, 11 minutes, 47 seconds. Time passed: 5 hours, 52 minutes, 24 seconds
2026-09-09 18:20:13,908 - my_experiment - bat_60_HybridComm_n9_45 - my_run - INFO - Recent Stats | t_env:     850000 | Episode:     4250
blue_team_alives_mean:   143.9160	blue_team_win_mean:        1.0000	ep_length_mean:          200.0000	episode_length_mean:     199.0000
epsilon:                   0.2020	grad_norm:                96.4790	info_nce_loss:             0.6627	loss:                      1.7254
q_loss:                    1.5686	red_team_alives_mean:     93.0280	red_team_win_mean:         0.0000	return_mean:              -2.1082
return_std:                0.1808	test_blue_team_alives_mean:142.8000	test_blue_team_win_mean:   1.0000	test_ep_length_mean:     200.0000
test_episode_length_mean:199.0000	test_red_team_alives_mean:127.2000	test_red_team_win_mean:    0.0000	test_return_mean:         -1.0841
test_return_std:           0.0000	
2026-09-09 18:20:18,771 - my_experiment - bat_60_HybridComm_n9_45 - my_run - INFO - t_env: 850200 / 5050000
2026-09-09 18:20:18,772 - my_experiment - bat_60_HybridComm_n9_45 - my_run - INFO - Estimated time left: 1 days, 5 hours, 35 minutes, 3 seconds. Time passed: 6 hours, 13 minutes, 32 seconds
2026-09-09 18:40:13,618 - my_experiment - bat_60_HybridComm_n9_45 - my_run - INFO - Recent Stats | t_env:     900000 | Episode:     4500
blue_team_alives_mean:   143.9680	blue_team_win_mean:        1.0000	ep_length_mean:          200.0000	episode_length_mean:     199.0000
epsilon:                   0.1545	grad_norm:               214.3527	info_nce_loss:             0.3922	loss:                      2.3399
q_loss:                    2.1278	red_team_alives_mean:     65.2360	red_team_win_mean:         0.0000	return_mean:              -1.4542
return_std:                0.1413	test_blue_team_alives_mean:142.8000	test_blue_team_win_mean:   0.8000	test_ep_length_mean:     200.0000
test_episode_length_mean:199.0000	test_red_team_alives_mean:129.4000	test_red_team_win_mean:    0.0000	test_return_mean:         -1.2523
test_return_std:           0.0000	
2026-09-09 18:40:18,206 - my_experiment - bat_60_HybridComm_n9_45 - my_run - INFO - t_env: 900200 / 5050000
2026-09-09 18:40:18,207 - my_experiment - bat_60_HybridComm_n9_45 - my_run - INFO - Estimated time left: 1 days, 3 hours, 39 minutes, 8 seconds. Time passed: 6 hours, 33 minutes, 31 seconds
2026-09-09 19:00:45,954 - my_experiment - bat_60_HybridComm_n9_45 - my_run - INFO - Recent Stats | t_env:     950000 | Episode:     4750
blue_team_alives_mean:   143.9880	blue_team_win_mean:        1.0000	ep_length_mean:          200.0000	episode_length_mean:     199.0000
epsilon:                   0.1070	grad_norm:               167.6864	info_nce_loss:             0.2715	loss:                      1.9273
q_loss:                    1.7521	red_team_alives_mean:     77.9440	red_team_win_mean:         0.0000	return_mean:              -1.2518
return_std:                0.1632	test_blue_team_alives_mean:143.4000	test_blue_team_win_mean:   0.8000	test_ep_length_mean:     200.0000
test_episode_length_mean:199.0000	test_red_team_alives_mean:122.8000	test_red_team_win_mean:    0.0000	test_return_mean:         -1.1774
test_return_std:           0.0000	
2026-09-09 19:00:50,993 - my_experiment - bat_60_HybridComm_n9_45 - my_run - INFO - t_env: 950200 / 5050000
2026-09-09 19:00:50,994 - my_experiment - bat_60_HybridComm_n9_45 - my_run - INFO - Estimated time left: 1 days, 4 hours, 4 minutes, 43 seconds. Time passed: 6 hours, 54 minutes, 4 seconds
2026-09-09 19:22:29,636 - my_experiment - bat_60_HybridComm_n9_45 - my_run - INFO - Recent Stats | t_env:    1000000 | Episode:     5000
blue_team_alives_mean:   143.8480	blue_team_win_mean:        1.0000	ep_length_mean:          200.0000	episode_length_mean:     199.0000
epsilon:                   0.0595	grad_norm:               130.9417	info_nce_loss:             0.2572	loss:                      1.3212
q_loss:                    1.2011	red_team_alives_mean:    110.6800	red_team_win_mean:         0.0000	return_mean:              -1.4161
return_std:                0.0994	test_blue_team_alives_mean:144.0000	test_blue_team_win_mean:   0.8000	test_ep_length_mean:     200.0000
test_episode_length_mean:199.0000	test_red_team_alives_mean:118.6000	test_red_team_win_mean:    0.0000	test_return_mean:         -1.1036
test_return_std:           0.0000	
2026-09-09 19:22:34,782 - my_experiment - bat_60_HybridComm_n9_45 - my_run - INFO - t_env: 1000200 / 5050000
2026-09-09 19:22:34,783 - my_experiment - bat_60_HybridComm_n9_45 - my_run - INFO - Estimated time left: 1 days, 5 hours, 20 minutes, 1 seconds. Time passed: 7 hours, 15 minutes, 48 seconds
2026-09-09 19:22:39,046 - my_experiment - bat_60_HybridComm_n9_45 - my_run - INFO - Saving models to work_dirs/my_experiment/bat_60_HybridComm_n9_45/my_run/20260909_120607/models/1000200
2026-09-09 19:43:57,063 - my_experiment - bat_60_HybridComm_n9_45 - my_run - INFO - Recent Stats | t_env:    1050000 | Episode:     5250
blue_team_alives_mean:   143.8320	blue_team_win_mean:        1.0000	ep_length_mean:          200.0000	episode_length_mean:     199.0000
epsilon:                   0.0500	grad_norm:               173.3971	info_nce_loss:             0.7214	loss:                      1.1624
q_loss:                    1.0568	red_team_alives_mean:    101.8560	red_team_win_mean:         0.0000	return_mean:              -1.2072
return_std:                0.0939	test_blue_team_alives_mean:143.8000	test_blue_team_win_mean:   0.8000	test_ep_length_mean:     200.0000
test_episode_length_mean:199.0000	test_red_team_alives_mean:112.2000	test_red_team_win_mean:    0.0000	test_return_mean:         -1.0769
test_return_std:           0.0000	
2026-09-09 19:44:02,251 - my_experiment - bat_60_HybridComm_n9_45 - my_run - INFO - t_env: 1050200 / 5050000
2026-09-09 19:44:02,252 - my_experiment - bat_60_HybridComm_n9_45 - my_run - INFO - Estimated time left: 1 days, 4 hours, 36 minutes, 32 seconds. Time passed: 7 hours, 37 minutes, 15 seconds
2026-09-09 20:05:04,357 - my_experiment - bat_60_HybridComm_n9_45 - my_run - INFO - Recent Stats | t_env:    1100000 | Episode:     5500
blue_team_alives_mean:   143.7560	blue_team_win_mean:        1.0000	ep_length_mean:          200.0000	episode_length_mean:     199.0000
epsilon:                   0.0500	grad_norm:               312.5468	info_nce_loss:             1.1933	loss:                      1.5018
q_loss:                    1.3653	red_team_alives_mean:     97.3160	red_team_win_mean:         0.0000	return_mean:              -1.1511
return_std:                0.0919	test_blue_team_alives_mean:143.8000	test_blue_team_win_mean:   0.8000	test_ep_length_mean:     200.0000
test_episode_length_mean:199.0000	test_red_team_alives_mean:107.6000	test_red_team_win_mean:    0.0000	test_return_mean:         -1.0887
test_return_std:           0.0000	
2026-09-09 20:05:09,447 - my_experiment - bat_60_HybridComm_n9_45 - my_run - INFO - t_env: 1100200 / 5050000
2026-09-09 20:05:09,448 - my_experiment - bat_60_HybridComm_n9_45 - my_run - INFO - Estimated time left: 1 days, 3 hours, 48 minutes, 23 seconds. Time passed: 7 hours, 58 minutes, 22 seconds
2026-09-09 20:26:02,697 - my_experiment - bat_60_HybridComm_n9_45 - my_run - INFO - Recent Stats | t_env:    1150000 | Episode:     5750
blue_team_alives_mean:   143.9480	blue_team_win_mean:        0.9960	ep_length_mean:          200.0000	episode_length_mean:     199.0000
epsilon:                   0.0500	grad_norm:               209.4604	info_nce_loss:             0.6823	loss:                      1.0485
q_loss:                    0.9532	red_team_alives_mean:     89.3640	red_team_win_mean:         0.0000	return_mean:              -1.0641
return_std:                0.0652	test_blue_team_alives_mean:143.8000	test_blue_team_win_mean:   1.0000	test_ep_length_mean:     200.0000
test_episode_length_mean:199.0000	test_red_team_alives_mean: 97.4000	test_red_team_win_mean:    0.0000	test_return_mean:         -0.8974
test_return_std:           0.0000	
2026-09-09 20:26:07,815 - my_experiment - bat_60_HybridComm_n9_45 - my_run - INFO - t_env: 1150200 / 5050000
2026-09-09 20:26:07,815 - my_experiment - bat_60_HybridComm_n9_45 - my_run - INFO - Estimated time left: 1 days, 3 hours, 15 minutes, 47 seconds. Time passed: 8 hours, 19 minutes, 21 seconds
2026-09-09 20:47:26,003 - my_experiment - bat_60_HybridComm_n9_45 - my_run - INFO - Recent Stats | t_env:    1200000 | Episode:     6000
blue_team_alives_mean:   143.7160	blue_team_win_mean:        0.9720	ep_length_mean:          200.0000	episode_length_mean:     199.0000
epsilon:                   0.0500	grad_norm:                99.6880	info_nce_loss:             0.2942	loss:                      0.8911
q_loss:                    0.8101	red_team_alives_mean:     98.1960	red_team_win_mean:         0.0000	return_mean:              -1.1730
return_std:                0.1777	test_blue_team_alives_mean:143.8000	test_blue_team_win_mean:   1.0000	test_ep_length_mean:     200.0000
test_episode_length_mean:199.0000	test_red_team_alives_mean:101.8000	test_red_team_win_mean:    0.0000	test_return_mean:         -0.9258
test_return_std:           0.0000	
2026-09-09 20:47:31,372 - my_experiment - bat_60_HybridComm_n9_45 - my_run - INFO - t_env: 1200200 / 5050000
2026-09-09 20:47:31,373 - my_experiment - bat_60_HybridComm_n9_45 - my_run - INFO - Estimated time left: 1 days, 3 hours, 27 minutes, 8 seconds. Time passed: 8 hours, 40 minutes, 44 seconds
2026-09-09 21:09:21,646 - my_experiment - bat_60_HybridComm_n9_45 - my_run - INFO - Recent Stats | t_env:    1250000 | Episode:     6250
blue_team_alives_mean:   143.7560	blue_team_win_mean:        0.9120	ep_length_mean:          200.0000	episode_length_mean:     199.0000
epsilon:                   0.0500	grad_norm:               365.8768	info_nce_loss:             0.7663	loss:                      5.6765
q_loss:                    5.1604	red_team_alives_mean:    118.1560	red_team_win_mean:         0.0000	return_mean:              -1.3012
return_std:                0.1674	test_blue_team_alives_mean:143.8000	test_blue_team_win_mean:   1.0000	test_ep_length_mean:     200.0000
test_episode_length_mean:199.0000	test_red_team_alives_mean:102.8000	test_red_team_win_mean:    0.0000	test_return_mean:         -0.9340
test_return_std:           0.0000	
2026-09-09 21:09:27,023 - my_experiment - bat_60_HybridComm_n9_45 - my_run - INFO - t_env: 1250200 / 5050000
2026-09-09 21:09:27,024 - my_experiment - bat_60_HybridComm_n9_45 - my_run - INFO - Estimated time left: 1 days, 3 hours, 46 minutes, 24 seconds. Time passed: 9 hours, 2 minutes, 40 seconds
2026-09-09 21:31:15,456 - my_experiment - bat_60_HybridComm_n9_45 - my_run - INFO - Recent Stats | t_env:    1300000 | Episode:     6500
blue_team_alives_mean:   143.9960	blue_team_win_mean:        0.9440	ep_length_mean:          200.0000	episode_length_mean:     199.0000
epsilon:                   0.0500	grad_norm:               102.4446	info_nce_loss:             0.9987	loss:                      1.3520
q_loss:                    1.2291	red_team_alives_mean:    113.0760	red_team_win_mean:         0.0000	return_mean:              -1.2149
return_std:                0.1207	test_blue_team_alives_mean:144.0000	test_blue_team_win_mean:   1.0000	test_ep_length_mean:     200.0000
test_episode_length_mean:199.0000	test_red_team_alives_mean:110.4000	test_red_team_win_mean:    0.0000	test_return_mean:         -0.9549
test_return_std:           0.0000	
2026-09-09 21:31:20,624 - my_experiment - bat_60_HybridComm_n9_45 - my_run - INFO - t_env: 1300200 / 5050000
2026-09-09 21:31:20,625 - my_experiment - bat_60_HybridComm_n9_45 - my_run - INFO - Estimated time left: 1 days, 3 hours, 21 minutes, 54 seconds. Time passed: 9 hours, 24 minutes, 34 seconds
2026-09-09 21:52:57,452 - my_experiment - bat_60_HybridComm_n9_45 - my_run - INFO - Recent Stats | t_env:    1350000 | Episode:     6750
blue_team_alives_mean:   143.9880	blue_team_win_mean:        0.9400	ep_length_mean:          200.0000	episode_length_mean:     199.0000
epsilon:                   0.0500	grad_norm:               122.6511	info_nce_loss:             0.9360	loss:                      1.7055
q_loss:                    1.5505	red_team_alives_mean:    113.9040	red_team_win_mean:         0.0000	return_mean:              -1.2507
return_std:                0.1279	test_blue_team_alives_mean:144.0000	test_blue_team_win_mean:   1.0000	test_ep_length_mean:     200.0000
test_episode_length_mean:199.0000	test_red_team_alives_mean:112.2000	test_red_team_win_mean:    0.0000	test_return_mean:         -0.9340
test_return_std:           0.0000	
2026-09-09 21:53:02,442 - my_experiment - bat_60_HybridComm_n9_45 - my_run - INFO - t_env: 1350200 / 5050000
2026-09-09 21:53:02,443 - my_experiment - bat_60_HybridComm_n9_45 - my_run - INFO - Estimated time left: 1 days, 2 hours, 45 minutes, 29 seconds. Time passed: 9 hours, 46 minutes, 15 seconds
2026-09-09 22:14:34,292 - my_experiment - bat_60_HybridComm_n9_45 - my_run - INFO - Recent Stats | t_env:    1400000 | Episode:     7000
blue_team_alives_mean:   143.9240	blue_team_win_mean:        0.9600	ep_length_mean:          200.0000	episode_length_mean:     199.0000
epsilon:                   0.0500	grad_norm:               171.6241	info_nce_loss:             0.3624	loss:                      1.3445
q_loss:                    1.2223	red_team_alives_mean:    107.3800	red_team_win_mean:         0.0000	return_mean:              -1.2194
return_std:                0.1215	test_blue_team_alives_mean:144.0000	test_blue_team_win_mean:   1.0000	test_ep_length_mean:     200.0000
test_episode_length_mean:199.0000	test_red_team_alives_mean:110.2000	test_red_team_win_mean:    0.0000	test_return_mean:         -0.9303
test_return_std:           0.0000	
2026-09-09 22:14:39,488 - my_experiment - bat_60_HybridComm_n9_45 - my_run - INFO - t_env: 1400200 / 5050000
2026-09-09 22:14:39,489 - my_experiment - bat_60_HybridComm_n9_45 - my_run - INFO - Estimated time left: 1 days, 2 hours, 17 minutes, 59 seconds. Time passed: 10 hours, 7 minutes, 52 seconds
2026-09-09 22:36:02,596 - my_experiment - bat_60_HybridComm_n9_45 - my_run - INFO - Recent Stats | t_env:    1450000 | Episode:     7250
blue_team_alives_mean:   143.7760	blue_team_win_mean:        0.9720	ep_length_mean:          200.0000	episode_length_mean:     199.0000
epsilon:                   0.0500	grad_norm:               143.6598	info_nce_loss:             0.5312	loss:                      1.3095
q_loss:                    1.1904	red_team_alives_mean:    101.5480	red_team_win_mean:         0.0000	return_mean:              -1.2348
return_std:                0.2461	test_blue_team_alives_mean:144.0000	test_blue_team_win_mean:   1.0000	test_ep_length_mean:     200.0000
test_episode_length_mean:199.0000	test_red_team_alives_mean:113.8000	test_red_team_win_mean:    0.0000	test_return_mean:         -0.9524
test_return_std:           0.0000	
2026-09-09 22:36:07,727 - my_experiment - bat_60_HybridComm_n9_45 - my_run - INFO - t_env: 1450200 / 5050000
2026-09-09 22:36:07,728 - my_experiment - bat_60_HybridComm_n9_45 - my_run - INFO - Estimated time left: 1 days, 1 hours, 45 minutes, 48 seconds. Time passed: 10 hours, 29 minutes, 21 seconds
2026-09-09 22:57:32,969 - my_experiment - bat_60_HybridComm_n9_45 - my_run - INFO - Recent Stats | t_env:    1500000 | Episode:     7500
blue_team_alives_mean:   143.1960	blue_team_win_mean:        0.9640	ep_length_mean:          200.0000	episode_length_mean:     199.0000
epsilon:                   0.0500	grad_norm:               165.8078	info_nce_loss:             0.4949	loss:                      0.9857
q_loss:                    0.8961	red_team_alives_mean:     99.5360	red_team_win_mean:         0.0000	return_mean:              -1.1787
return_std:                0.1621	test_blue_team_alives_mean:144.0000	test_blue_team_win_mean:   1.0000	test_ep_length_mean:     200.0000
test_episode_length_mean:199.0000	test_red_team_alives_mean:111.2000	test_red_team_win_mean:    0.0000	test_return_mean:         -0.9355
test_return_std:           0.0000	
2026-09-09 22:57:38,379 - my_experiment - bat_60_HybridComm_n9_45 - my_run - INFO - t_env: 1500200 / 5050000
2026-09-09 22:57:38,380 - my_experiment - bat_60_HybridComm_n9_45 - my_run - INFO - Estimated time left: 1 days, 1 hours, 27 minutes, 11 seconds. Time passed: 10 hours, 50 minutes, 51 seconds
2026-09-09 22:57:42,868 - my_experiment - bat_60_HybridComm_n9_45 - my_run - INFO - Saving models to work_dirs/my_experiment/bat_60_HybridComm_n9_45/my_run/20260909_120607/models/1500200
2026-09-09 23:18:48,430 - my_experiment - bat_60_HybridComm_n9_45 - my_run - INFO - Recent Stats | t_env:    1550000 | Episode:     7750
blue_team_alives_mean:   142.4080	blue_team_win_mean:        0.9680	ep_length_mean:          200.0000	episode_length_mean:     199.0000
epsilon:                   0.0500	grad_norm:               117.8927	info_nce_loss:             0.7945	loss:                      0.6781
q_loss:                    0.6165	red_team_alives_mean:    104.6560	red_team_win_mean:         0.0320	return_mean:              -1.5925
return_std:                1.0019	test_blue_team_alives_mean:144.0000	test_blue_team_win_mean:   1.0000	test_ep_length_mean:     200.0000
test_episode_length_mean:199.0000	test_red_team_alives_mean:109.0000	test_red_team_win_mean:    0.0000	test_return_mean:         -0.9302
test_return_std:           0.0000	
2026-09-09 23:18:53,848 - my_experiment - bat_60_HybridComm_n9_45 - my_run - INFO - t_env: 1550200 / 5050000
2026-09-09 23:18:53,849 - my_experiment - bat_60_HybridComm_n9_45 - my_run - INFO - Estimated time left: 1 days, 47 minutes, 57 seconds. Time passed: 11 hours, 12 minutes, 7 seconds
2026-09-09 23:40:03,643 - my_experiment - bat_60_HybridComm_n9_45 - my_run - INFO - Recent Stats | t_env:    1600000 | Episode:     8000
blue_team_alives_mean:   143.7600	blue_team_win_mean:        0.9800	ep_length_mean:          200.0000	episode_length_mean:     199.0000
epsilon:                   0.0500	grad_norm:                98.2304	info_nce_loss:             0.9319	loss:                      0.5629
q_loss:                    0.5117	red_team_alives_mean:     94.8360	red_team_win_mean:         0.0000	return_mean:              -1.1825
return_std:                0.3858	test_blue_team_alives_mean:144.0000	test_blue_team_win_mean:   1.0000	test_ep_length_mean:     200.0000
test_episode_length_mean:199.0000	test_red_team_alives_mean:110.6000	test_red_team_win_mean:    0.0000	test_return_mean:         -0.9694
test_return_std:           0.0000	
2026-09-09 23:40:09,004 - my_experiment - bat_60_HybridComm_n9_45 - my_run - INFO - t_env: 1600200 / 5050000
2026-09-09 23:40:09,005 - my_experiment - bat_60_HybridComm_n9_45 - my_run - INFO - Estimated time left: 1 days, 26 minutes, 20 seconds. Time passed: 11 hours, 33 minutes, 22 seconds
2026-09-10 00:01:11,601 - my_experiment - bat_60_HybridComm_n9_45 - my_run - INFO - Recent Stats | t_env:    1650000 | Episode:     8250
blue_team_alives_mean:   143.9760	blue_team_win_mean:        0.9480	ep_length_mean:          200.0000	episode_length_mean:     199.0000
epsilon:                   0.0500	grad_norm:               157.1804	info_nce_loss:             0.7431	loss:                      0.8910
q_loss:                    0.8100	red_team_alives_mean:    102.7400	red_team_win_mean:         0.0000	return_mean:              -1.4311
return_std:                0.8458	test_blue_team_alives_mean:144.0000	test_blue_team_win_mean:   1.0000	test_ep_length_mean:     200.0000
test_episode_length_mean:199.0000	test_red_team_alives_mean:112.2000	test_red_team_win_mean:    0.0000	test_return_mean:         -0.9655
test_return_std:           0.0000	
2026-09-10 00:01:16,743 - my_experiment - bat_60_HybridComm_n9_45 - my_run - INFO - t_env: 1650200 / 5050000
2026-09-10 00:01:16,744 - my_experiment - bat_60_HybridComm_n9_45 - my_run - INFO - Estimated time left: 23 hours, 56 minutes, 41 seconds. Time passed: 11 hours, 54 minutes, 30 seconds
2026-09-10 00:21:39,487 - my_experiment - bat_60_HybridComm_n9_45 - my_run - INFO - Recent Stats | t_env:    1700000 | Episode:     8500
blue_team_alives_mean:   143.9360	blue_team_win_mean:        0.9800	ep_length_mean:          200.0000	episode_length_mean:     199.0000
epsilon:                   0.0500	grad_norm:                96.1121	info_nce_loss:             0.2874	loss:                      0.4963
q_loss:                    0.4512	red_team_alives_mean:     85.4880	red_team_win_mean:         0.0000	return_mean:              -1.0174
return_std:                0.0885	test_blue_team_alives_mean:144.0000	test_blue_team_win_mean:   1.0000	test_ep_length_mean:     200.0000
test_episode_length_mean:199.0000	test_red_team_alives_mean:115.2000	test_red_team_win_mean:    0.0000	test_return_mean:         -0.9618
test_return_std:           0.0000	
2026-09-10 00:21:44,597 - my_experiment - bat_60_HybridComm_n9_45 - my_run - INFO - t_env: 1700200 / 5050000
2026-09-10 00:21:44,598 - my_experiment - bat_60_HybridComm_n9_45 - my_run - INFO - Estimated time left: 22 hours, 51 minutes, 1 seconds. Time passed: 12 hours, 14 minutes, 57 seconds
2026-09-10 00:42:40,987 - my_experiment - bat_60_HybridComm_n9_45 - my_run - INFO - Recent Stats | t_env:    1750000 | Episode:     8750
blue_team_alives_mean:   143.9800	blue_team_win_mean:        0.9920	ep_length_mean:          200.0000	episode_length_mean:     199.0000
epsilon:                   0.0500	grad_norm:                47.0655	info_nce_loss:             1.1155	loss:                      0.4542
q_loss:                    0.4129	red_team_alives_mean:     95.1200	red_team_win_mean:         0.0000	return_mean:              -1.0522
return_std:                0.1011	test_blue_team_alives_mean:144.0000	test_blue_team_win_mean:   1.0000	test_ep_length_mean:     200.0000
test_episode_length_mean:199.0000	test_red_team_alives_mean:120.6000	test_red_team_win_mean:    0.0000	test_return_mean:         -0.9709
test_return_std:           0.0000	
2026-09-10 00:42:45,984 - my_experiment - bat_60_HybridComm_n9_45 - my_run - INFO - t_env: 1750200 / 5050000
2026-09-10 00:42:45,985 - my_experiment - bat_60_HybridComm_n9_45 - my_run - INFO - Estimated time left: 23 hours, 7 minutes, 26 seconds. Time passed: 12 hours, 35 minutes, 59 seconds
2026-09-10 01:03:49,527 - my_experiment - bat_60_HybridComm_n9_45 - my_run - INFO - Recent Stats | t_env:    1800000 | Episode:     9000
blue_team_alives_mean:   143.9600	blue_team_win_mean:        0.9720	ep_length_mean:          200.0000	episode_length_mean:     199.0000
epsilon:                   0.0500	grad_norm:                94.4811	info_nce_loss:             0.5474	loss:                      0.4639
q_loss:                    0.4217	red_team_alives_mean:     96.1880	red_team_win_mean:         0.0000	return_mean:              -1.0731
return_std:                0.1459	test_blue_team_alives_mean:144.0000	test_blue_team_win_mean:   1.0000	test_ep_length_mean:     200.0000
test_episode_length_mean:199.0000	test_red_team_alives_mean:115.2000	test_red_team_win_mean:    0.0000	test_return_mean:         -0.9620
test_return_std:           0.0000	
2026-09-10 01:03:54,688 - my_experiment - bat_60_HybridComm_n9_45 - my_run - INFO - t_env: 1800200 / 5050000
2026-09-10 01:03:54,689 - my_experiment - bat_60_HybridComm_n9_45 - my_run - INFO - Estimated time left: 22 hours, 54 minutes, 20 seconds. Time passed: 12 hours, 57 minutes, 8 seconds
2026-09-10 01:25:23,341 - my_experiment - bat_60_HybridComm_n9_45 - my_run - INFO - Recent Stats | t_env:    1850000 | Episode:     9250
blue_team_alives_mean:   143.3600	blue_team_win_mean:        0.8560	ep_length_mean:          200.0000	episode_length_mean:     199.0000
epsilon:                   0.0500	grad_norm:                49.5049	info_nce_loss:             0.0883	loss:                      0.5622
q_loss:                    0.5110	red_team_alives_mean:    112.4640	red_team_win_mean:         0.0000	return_mean:              -1.4194
return_std:                0.6811	test_blue_team_alives_mean:144.0000	test_blue_team_win_mean:   1.0000	test_ep_length_mean:     200.0000
test_episode_length_mean:199.0000	test_red_team_alives_mean:102.2000	test_red_team_win_mean:    0.0000	test_return_mean:         -0.8766
test_return_std:           0.0000	
2026-09-10 01:25:28,450 - my_experiment - bat_60_HybridComm_n9_45 - my_run - INFO - t_env: 1850200 / 5050000
2026-09-10 01:25:28,451 - my_experiment - bat_60_HybridComm_n9_45 - my_run - INFO - Estimated time left: 22 hours, 59 minutes, 55 seconds. Time passed: 13 hours, 18 minutes, 41 seconds
2026-09-10 01:46:13,586 - my_experiment - bat_60_HybridComm_n9_45 - my_run - INFO - Recent Stats | t_env:    1900000 | Episode:     9500
blue_team_alives_mean:   143.6880	blue_team_win_mean:        0.9720	ep_length_mean:          200.0000	episode_length_mean:     199.0000
epsilon:                   0.0500	grad_norm:               125.5532	info_nce_loss:             0.3515	loss:                      0.6368
q_loss:                    0.5901	red_team_alives_mean:    101.6120	red_team_win_mean:         0.0000	return_mean:              -1.1439
return_std:                0.1466	test_blue_team_alives_mean:143.4000	test_blue_team_win_mean:   1.0000	test_ep_length_mean:     200.0000
test_episode_length_mean:199.0000	test_red_team_alives_mean:103.8000	test_red_team_win_mean:    0.0000	test_return_mean:         -0.8846
test_return_std:           0.0000	
2026-09-10 01:46:18,485 - my_experiment - bat_60_HybridComm_n9_45 - my_run - INFO - t_env: 1900200 / 5050000
2026-09-10 01:46:18,486 - my_experiment - bat_60_HybridComm_n9_45 - my_run - INFO - Estimated time left: 21 hours, 52 minutes, 27 seconds. Time passed: 13 hours, 39 minutes, 31 seconds
2026-09-10 02:06:44,534 - my_experiment - bat_60_HybridComm_n9_45 - my_run - INFO - Recent Stats | t_env:    1950000 | Episode:     9750
blue_team_alives_mean:   142.2560	blue_team_win_mean:        0.9680	ep_length_mean:          200.0000	episode_length_mean:     199.0000
epsilon:                   0.0500	grad_norm:               159.7556	info_nce_loss:             0.4482	loss:                      1.1677
q_loss:                    1.0616	red_team_alives_mean:     84.0560	red_team_win_mean:         0.0240	return_mean:              -1.2298
return_std:                0.7736	test_blue_team_alives_mean:143.4000	test_blue_team_win_mean:   1.0000	test_ep_length_mean:     200.0000
test_episode_length_mean:199.0000	test_red_team_alives_mean: 94.8000	test_red_team_win_mean:    0.0000	test_return_mean:         -0.8522
test_return_std:           0.0000	
2026-09-10 02:06:49,450 - my_experiment - bat_60_HybridComm_n9_45 - my_run - INFO - t_env: 1950200 / 5050000
2026-09-10 02:06:49,451 - my_experiment - bat_60_HybridComm_n9_45 - my_run - INFO - Estimated time left: 21 hours, 11 minutes, 54 seconds. Time passed: 14 hours, 2 seconds
2026-09-10 02:27:55,967 - my_experiment - bat_60_HybridComm_n9_45 - my_run - INFO - Recent Stats | t_env:    2000000 | Episode:    10000
blue_team_alives_mean:   142.9720	blue_team_win_mean:        0.8680	ep_length_mean:          200.0000	episode_length_mean:     199.0000
epsilon:                   0.0500	grad_norm:               153.5488	info_nce_loss:             0.6206	loss:                      1.1700
q_loss:                    1.0637	red_team_alives_mean:    112.2840	red_team_win_mean:         0.0240	return_mean:              -1.8067
return_std:                1.5044	test_blue_team_alives_mean:135.0000	test_blue_team_win_mean:   0.8000	test_ep_length_mean:     200.0000
test_episode_length_mean:199.0000	test_red_team_alives_mean: 95.8000	test_red_team_win_mean:    0.2000	test_return_mean:         -3.0254
test_return_std:           0.0000	
2026-09-10 02:28:00,730 - my_experiment - bat_60_HybridComm_n9_45 - my_run - INFO - t_env: 2000200 / 5050000
2026-09-10 02:28:00,731 - my_experiment - bat_60_HybridComm_n9_45 - my_run - INFO - Estimated time left: 21 hours, 32 minutes, 23 seconds. Time passed: 14 hours, 21 minutes, 14 seconds
2026-09-10 02:28:04,825 - my_experiment - bat_60_HybridComm_n9_45 - my_run - INFO - Saving models to work_dirs/my_experiment/bat_60_HybridComm_n9_45/my_run/20260909_120607/models/2000200
2026-09-10 02:48:17,599 - my_experiment - bat_60_HybridComm_n9_45 - my_run - INFO - Recent Stats | t_env:    2050000 | Episode:    10250
blue_team_alives_mean:   143.9640	blue_team_win_mean:        0.9720	ep_length_mean:          200.0000	episode_length_mean:     199.0000
epsilon:                   0.0500	grad_norm:               100.8764	info_nce_loss:             0.5552	loss:                      0.6697
q_loss:                    0.6088	red_team_alives_mean:     93.8400	red_team_win_mean:         0.0000	return_mean:              -1.0397
return_std:                0.1254	test_blue_team_alives_mean:135.0000	test_blue_team_win_mean:   0.8000	test_ep_length_mean:     200.0000
test_episode_length_mean:199.0000	test_red_team_alives_mean: 93.8000	test_red_team_win_mean:    0.2000	test_return_mean:         -3.0070
test_return_std:           0.0000	
2026-09-10 02:48:22,507 - my_experiment - bat_60_HybridComm_n9_45 - my_run - INFO - t_env: 2050200 / 5050000
2026-09-10 02:48:22,508 - my_experiment - bat_60_HybridComm_n9_45 - my_run - INFO - Estimated time left: 20 hours, 21 minutes, 41 seconds. Time passed: 14 hours, 41 minutes, 35 seconds
2026-09-10 03:08:35,832 - my_experiment - bat_60_HybridComm_n9_45 - my_run - INFO - Recent Stats | t_env:    2100000 | Episode:    10500
blue_team_alives_mean:   143.4560	blue_team_win_mean:        0.9880	ep_length_mean:          200.0000	episode_length_mean:     199.0000
epsilon:                   0.0500	grad_norm:               170.5789	info_nce_loss:             0.3557	loss:                      1.1146
q_loss:                    1.0133	red_team_alives_mean:     88.2200	red_team_win_mean:         0.0000	return_mean:              -1.1003
return_std:                0.2055	test_blue_team_alives_mean:135.0000	test_blue_team_win_mean:   0.8000	test_ep_length_mean:     200.0000
test_episode_length_mean:199.0000	test_red_team_alives_mean: 92.2000	test_red_team_win_mean:    0.2000	test_return_mean:         -3.0049
test_return_std:           0.0000	
2026-09-10 03:08:40,520 - my_experiment - bat_60_HybridComm_n9_45 - my_run - INFO - t_env: 2100200 / 5050000
2026-09-10 03:08:40,521 - my_experiment - bat_60_HybridComm_n9_45 - my_run - INFO - Estimated time left: 19 hours, 57 minutes, 37 seconds. Time passed: 15 hours, 1 minutes, 53 seconds
2026-09-10 03:28:56,949 - my_experiment - bat_60_HybridComm_n9_45 - my_run - INFO - Recent Stats | t_env:    2150000 | Episode:    10750
blue_team_alives_mean:   143.8920	blue_team_win_mean:        0.9960	ep_length_mean:          200.0000	episode_length_mean:     199.0000
epsilon:                   0.0500	grad_norm:               105.5013	info_nce_loss:             0.6726	loss:                      0.5037
q_loss:                    0.4605	red_team_alives_mean:     89.6800	red_team_win_mean:         0.0000	return_mean:              -1.0216
return_std:                0.1483	test_blue_team_alives_mean:135.6000	test_blue_team_win_mean:   0.8000	test_ep_length_mean:     200.0000
test_episode_length_mean:199.0000	test_red_team_alives_mean: 86.4000	test_red_team_win_mean:    0.2000	test_return_mean:         -2.9657
test_return_std:           0.0000	
2026-09-10 03:29:01,822 - my_experiment - bat_60_HybridComm_n9_45 - my_run - INFO - t_env: 2150200 / 5050000
2026-09-10 03:29:01,823 - my_experiment - bat_60_HybridComm_n9_45 - my_run - INFO - Estimated time left: 19 hours, 40 minutes, 30 seconds. Time passed: 15 hours, 22 minutes, 15 seconds
2026-09-10 03:49:15,476 - my_experiment - bat_60_HybridComm_n9_45 - my_run - INFO - Recent Stats | t_env:    2200000 | Episode:    11000
blue_team_alives_mean:   143.9080	blue_team_win_mean:        0.9960	ep_length_mean:          200.0000	episode_length_mean:     199.0000
epsilon:                   0.0500	grad_norm:               210.2019	info_nce_loss:             0.7636	loss:                      1.0448
q_loss:                    0.9498	red_team_alives_mean:     90.8520	red_team_win_mean:         0.0000	return_mean:              -1.0260
return_std:                0.1696	test_blue_team_alives_mean:135.6000	test_blue_team_win_mean:   0.8000	test_ep_length_mean:     200.0000
test_episode_length_mean:199.0000	test_red_team_alives_mean: 90.8000	test_red_team_win_mean:    0.2000	test_return_mean:         -2.9750
test_return_std:           0.0000	
2026-09-10 03:49:20,366 - my_experiment - bat_60_HybridComm_n9_45 - my_run - INFO - t_env: 2200200 / 5050000
2026-09-10 03:49:20,367 - my_experiment - bat_60_HybridComm_n9_45 - my_run - INFO - Estimated time left: 19 hours, 17 minutes, 32 seconds. Time passed: 15 hours, 42 minutes, 33 seconds
2026-09-10 04:09:15,543 - my_experiment - bat_60_HybridComm_n9_45 - my_run - INFO - Recent Stats | t_env:    2250000 | Episode:    11250
blue_team_alives_mean:   143.9040	blue_team_win_mean:        0.9840	ep_length_mean:          200.0000	episode_length_mean:     199.0000
epsilon:                   0.0500	grad_norm:                50.0997	info_nce_loss:             0.4497	loss:                      0.2430
q_loss:                    0.2209	red_team_alives_mean:     83.6160	red_team_win_mean:         0.0000	return_mean:              -0.9739
return_std:                0.1300	test_blue_team_alives_mean:144.0000	test_blue_team_win_mean:   1.0000	test_ep_length_mean:     200.0000
test_episode_length_mean:199.0000	test_red_team_alives_mean: 86.2000	test_red_team_win_mean:    0.0000	test_return_mean:         -0.7939
test_return_std:           0.0000	
2026-09-10 04:09:20,342 - my_experiment - bat_60_HybridComm_n9_45 - my_run - INFO - t_env: 2250200 / 5050000
2026-09-10 04:09:20,343 - my_experiment - bat_60_HybridComm_n9_45 - my_run - INFO - Estimated time left: 18 hours, 39 minutes, 53 seconds. Time passed: 16 hours, 2 minutes, 33 seconds
2026-09-10 04:28:45,606 - my_experiment - bat_60_HybridComm_n9_45 - my_run - INFO - Recent Stats | t_env:    2300000 | Episode:    11500
blue_team_alives_mean:   143.9200	blue_team_win_mean:        1.0000	ep_length_mean:          200.0000	episode_length_mean:     199.0000
epsilon:                   0.0500	grad_norm:                70.6361	info_nce_loss:             0.6573	loss:                      0.2232
q_loss:                    0.2060	red_team_alives_mean:     70.6560	red_team_win_mean:         0.0000	return_mean:              -0.8888
return_std:                0.0774	test_blue_team_alives_mean:144.0000	test_blue_team_win_mean:   1.0000	test_ep_length_mean:     200.0000
test_episode_length_mean:199.0000	test_red_team_alives_mean: 88.2000	test_red_team_win_mean:    0.0000	test_return_mean:         -0.7942
test_return_std:           0.0000	
2026-09-10 04:28:50,252 - my_experiment - bat_60_HybridComm_n9_45 - my_run - INFO - t_env: 2300200 / 5050000
2026-09-10 04:28:50,253 - my_experiment - bat_60_HybridComm_n9_45 - my_run - INFO - Estimated time left: 17 hours, 52 minutes, 20 seconds. Time passed: 16 hours, 22 minutes, 3 seconds
2026-09-10 04:48:54,323 - my_experiment - bat_60_HybridComm_n9_45 - my_run - INFO - Recent Stats | t_env:    2350000 | Episode:    11750
blue_team_alives_mean:   143.9640	blue_team_win_mean:        1.0000	ep_length_mean:          200.0000	episode_length_mean:     199.0000
epsilon:                   0.0500	grad_norm:                69.2443	info_nce_loss:             0.8063	loss:                      0.2251
q_loss:                    0.2047	red_team_alives_mean:     83.0320	red_team_win_mean:         0.0000	return_mean:              -0.9675
return_std:                0.0959	test_blue_team_alives_mean:144.0000	test_blue_team_win_mean:   1.0000	test_ep_length_mean:     200.0000
test_episode_length_mean:199.0000	test_red_team_alives_mean: 92.0000	test_red_team_win_mean:    0.0000	test_return_mean:         -0.8030
test_return_std:           0.0000	
2026-09-10 04:48:59,269 - my_experiment - bat_60_HybridComm_n9_45 - my_run - INFO - t_env: 2350200 / 5050000
2026-09-10 04:48:59,270 - my_experiment - bat_60_HybridComm_n9_45 - my_run - INFO - Estimated time left: 18 hours, 8 minutes, 2 seconds. Time passed: 16 hours, 42 minutes, 12 seconds
2026-09-10 05:09:26,837 - my_experiment - bat_60_HybridComm_n9_45 - my_run - INFO - Recent Stats | t_env:    2400000 | Episode:    12000
blue_team_alives_mean:   143.5960	blue_team_win_mean:        0.9960	ep_length_mean:          200.0000	episode_length_mean:     199.0000
epsilon:                   0.0500	grad_norm:                82.8734	info_nce_loss:             0.4481	loss:                      0.3196
q_loss:                    0.3049	red_team_alives_mean:     92.6600	red_team_win_mean:         0.0000	return_mean:              -1.1865
return_std:                0.4997	test_blue_team_alives_mean:144.0000	test_blue_team_win_mean:   1.0000	test_ep_length_mean:     200.0000
test_episode_length_mean:199.0000	test_red_team_alives_mean: 96.4000	test_red_team_win_mean:    0.0000	test_return_mean:         -0.8788
test_return_std:           0.0000	
2026-09-10 05:09:31,708 - my_experiment - bat_60_HybridComm_n9_45 - my_run - INFO - t_env: 2400200 / 5050000
2026-09-10 05:09:31,709 - my_experiment - bat_60_HybridComm_n9_45 - my_run - INFO - Estimated time left: 18 hours, 8 minutes, 34 seconds. Time passed: 17 hours, 2 minutes, 45 seconds
2026-09-10 05:29:58,721 - my_experiment - bat_60_HybridComm_n9_45 - my_run - INFO - Recent Stats | t_env:    2450000 | Episode:    12250
blue_team_alives_mean:   143.9840	blue_team_win_mean:        1.0000	ep_length_mean:          200.0000	episode_length_mean:     199.0000
epsilon:                   0.0500	grad_norm:                80.4656	info_nce_loss:             0.2712	loss:                      0.3855
q_loss:                    0.3535	red_team_alives_mean:     90.4520	red_team_win_mean:         0.0000	return_mean:              -1.0196
return_std:                0.1387	test_blue_team_alives_mean:144.0000	test_blue_team_win_mean:   1.0000	test_ep_length_mean:     200.0000
test_episode_length_mean:199.0000	test_red_team_alives_mean: 94.0000	test_red_team_win_mean:    0.0000	test_return_mean:         -0.8740
test_return_std:           0.0000	
2026-09-10 05:30:03,553 - my_experiment - bat_60_HybridComm_n9_45 - my_run - INFO - t_env: 2450200 / 5050000
2026-09-10 05:30:03,554 - my_experiment - bat_60_HybridComm_n9_45 - my_run - INFO - Estimated time left: 17 hours, 47 minutes, 30 seconds. Time passed: 17 hours, 23 minutes, 16 seconds
2026-09-10 05:50:33,881 - my_experiment - bat_60_HybridComm_n9_45 - my_run - INFO - Recent Stats | t_env:    2500000 | Episode:    12500
blue_team_alives_mean:   142.9080	blue_team_win_mean:        0.9560	ep_length_mean:          200.0000	episode_length_mean:     199.0000
epsilon:                   0.0500	grad_norm:               111.9559	info_nce_loss:             0.3468	loss:                      0.5705
q_loss:                    0.5186	red_team_alives_mean:     92.1480	red_team_win_mean:         0.0120	return_mean:              -1.4587
return_std:                1.1463	test_blue_team_alives_mean:144.0000	test_blue_team_win_mean:   1.0000	test_ep_length_mean:     200.0000
test_episode_length_mean:199.0000	test_red_team_alives_mean: 94.6000	test_red_team_win_mean:    0.0000	test_return_mean:         -0.8630
test_return_std:           0.0000	
2026-09-10 05:50:38,729 - my_experiment - bat_60_HybridComm_n9_45 - my_run - INFO - t_env: 2500200 / 5050000
2026-09-10 05:50:38,730 - my_experiment - bat_60_HybridComm_n9_45 - my_run - INFO - Estimated time left: 17 hours, 29 minutes, 49 seconds. Time passed: 17 hours, 43 minutes, 52 seconds
2026-09-10 05:50:42,761 - my_experiment - bat_60_HybridComm_n9_45 - my_run - INFO - Saving models to work_dirs/my_experiment/bat_60_HybridComm_n9_45/my_run/20260909_120607/models/2500200
2026-09-10 06:11:14,766 - my_experiment - bat_60_HybridComm_n9_45 - my_run - INFO - Recent Stats | t_env:    2550000 | Episode:    12750
blue_team_alives_mean:   143.9840	blue_team_win_mean:        0.9240	ep_length_mean:          200.0000	episode_length_mean:     199.0000
epsilon:                   0.0500	grad_norm:               124.1776	info_nce_loss:             0.6629	loss:                      0.8201
q_loss:                    0.7456	red_team_alives_mean:     97.1680	red_team_win_mean:         0.0000	return_mean:              -1.0733
return_std:                0.1572	test_blue_team_alives_mean:144.0000	test_blue_team_win_mean:   1.0000	test_ep_length_mean:     200.0000
test_episode_length_mean:199.0000	test_red_team_alives_mean: 93.6000	test_red_team_win_mean:    0.0000	test_return_mean:         -0.8578
test_return_std:           0.0000	
2026-09-10 06:11:20,137 - my_experiment - bat_60_HybridComm_n9_45 - my_run - INFO - t_env: 2550200 / 5050000
2026-09-10 06:11:20,138 - my_experiment - bat_60_HybridComm_n9_45 - my_run - INFO - Estimated time left: 17 hours, 14 minutes, 25 seconds. Time passed: 18 hours, 4 minutes, 33 seconds
2026-09-10 06:31:52,477 - my_experiment - bat_60_HybridComm_n9_45 - my_run - INFO - Recent Stats | t_env:    2600000 | Episode:    13000
blue_team_alives_mean:   143.9360	blue_team_win_mean:        0.9800	ep_length_mean:          200.0000	episode_length_mean:     199.0000
epsilon:                   0.0500	grad_norm:               113.3535	info_nce_loss:             0.6928	loss:                      0.5854
q_loss:                    0.5322	red_team_alives_mean:     95.2440	red_team_win_mean:         0.0000	return_mean:              -1.0624
return_std:                0.1579	test_blue_team_alives_mean:144.0000	test_blue_team_win_mean:   1.0000	test_ep_length_mean:     200.0000
test_episode_length_mean:199.0000	test_red_team_alives_mean:106.4000	test_red_team_win_mean:    0.0000	test_return_mean:         -0.8975
test_return_std:           0.0000	
2026-09-10 06:31:57,233 - my_experiment - bat_60_HybridComm_n9_45 - my_run - INFO - t_env: 2600200 / 5050000
2026-09-10 06:31:57,234 - my_experiment - bat_60_HybridComm_n9_45 - my_run - INFO - Estimated time left: 16 hours, 50 minutes, 12 seconds. Time passed: 18 hours, 25 minutes, 10 seconds
2026-09-10 06:52:41,934 - my_experiment - bat_60_HybridComm_n9_45 - my_run - INFO - Recent Stats | t_env:    2650000 | Episode:    13250
blue_team_alives_mean:   143.9720	blue_team_win_mean:        0.9560	ep_length_mean:          200.0000	episode_length_mean:     199.0000
epsilon:                   0.0500	grad_norm:                84.1913	info_nce_loss:             0.2354	loss:                      0.3648
q_loss:                    0.3317	red_team_alives_mean:     93.2960	red_team_win_mean:         0.0000	return_mean:              -1.0748
return_std:                0.1442	test_blue_team_alives_mean:143.8000	test_blue_team_win_mean:   1.0000	test_ep_length_mean:     200.0000
test_episode_length_mean:199.0000	test_red_team_alives_mean:101.4000	test_red_team_win_mean:    0.0000	test_return_mean:         -0.8389
test_return_std:           0.0000	
2026-09-10 06:52:46,753 - my_experiment - bat_60_HybridComm_n9_45 - my_run - INFO - t_env: 2650200 / 5050000
2026-09-10 06:52:46,754 - my_experiment - bat_60_HybridComm_n9_45 - my_run - INFO - Estimated time left: 16 hours, 39 minutes, 31 seconds. Time passed: 18 hours, 46 minutes, 0 seconds
2026-09-10 07:12:59,502 - my_experiment - bat_60_HybridComm_n9_45 - my_run - INFO - Recent Stats | t_env:    2700000 | Episode:    13500
blue_team_alives_mean:   143.9840	blue_team_win_mean:        1.0000	ep_length_mean:          200.0000	episode_length_mean:     199.0000
epsilon:                   0.0500	grad_norm:                80.0880	info_nce_loss:             0.6208	loss:                      0.3639
q_loss:                    0.3308	red_team_alives_mean:     87.3720	red_team_win_mean:         0.0000	return_mean:              -1.0219
return_std:                0.1310	test_blue_team_alives_mean:143.8000	test_blue_team_win_mean:   1.0000	test_ep_length_mean:     200.0000
test_episode_length_mean:199.0000	test_red_team_alives_mean: 99.8000	test_red_team_win_mean:    0.0000	test_return_mean:         -0.8395
test_return_std:           0.0000	
2026-09-10 07:13:04,731 - my_experiment - bat_60_HybridComm_n9_45 - my_run - INFO - t_env: 2700200 / 5050000
2026-09-10 07:13:04,732 - my_experiment - bat_60_HybridComm_n9_45 - my_run - INFO - Estimated time left: 15 hours, 54 minutes, 0 seconds. Time passed: 19 hours, 6 minutes, 18 seconds
2026-09-10 07:33:02,495 - my_experiment - bat_60_HybridComm_n9_45 - my_run - INFO - Recent Stats | t_env:    2750000 | Episode:    13750
blue_team_alives_mean:   143.9320	blue_team_win_mean:        1.0000	ep_length_mean:          200.0000	episode_length_mean:     199.0000
epsilon:                   0.0500	grad_norm:                46.8776	info_nce_loss:             0.4764	loss:                      0.1859
q_loss:                    0.1690	red_team_alives_mean:     85.0320	red_team_win_mean:         0.0000	return_mean:              -1.0031
return_std:                0.1114	test_blue_team_alives_mean:143.8000	test_blue_team_win_mean:   1.0000	test_ep_length_mean:     200.0000
test_episode_length_mean:199.0000	test_red_team_alives_mean:106.0000	test_red_team_win_mean:    0.0000	test_return_mean:         -0.8674
test_return_std:           0.0000	
2026-09-10 07:33:07,193 - my_experiment - bat_60_HybridComm_n9_45 - my_run - INFO - t_env: 2750200 / 5050000
2026-09-10 07:33:07,194 - my_experiment - bat_60_HybridComm_n9_45 - my_run - INFO - Estimated time left: 15 hours, 21 minutes, 48 seconds. Time passed: 19 hours, 26 minutes, 20 seconds
2026-09-10 07:53:23,952 - my_experiment - bat_60_HybridComm_n9_45 - my_run - INFO - Recent Stats | t_env:    2800000 | Episode:    14000
blue_team_alives_mean:   143.8920	blue_team_win_mean:        0.9840	ep_length_mean:          200.0000	episode_length_mean:     199.0000
epsilon:                   0.0500	grad_norm:               108.7469	info_nce_loss:             0.7816	loss:                      0.4169
q_loss:                    0.3790	red_team_alives_mean:     84.8320	red_team_win_mean:         0.0000	return_mean:              -1.0420
return_std:                0.1318	test_blue_team_alives_mean:143.8000	test_blue_team_win_mean:   1.0000	test_ep_length_mean:     200.0000
test_episode_length_mean:199.0000	test_red_team_alives_mean:103.4000	test_red_team_win_mean:    0.0000	test_return_mean:         -0.8745
test_return_std:           0.0000	
2026-09-10 07:53:28,863 - my_experiment - bat_60_HybridComm_n9_45 - my_run - INFO - t_env: 2800200 / 5050000
2026-09-10 07:53:28,864 - my_experiment - bat_60_HybridComm_n9_45 - my_run - INFO - Estimated time left: 15 hours, 16 minutes, 10 seconds. Time passed: 19 hours, 46 minutes, 42 seconds
2026-09-10 08:14:28,277 - my_experiment - bat_60_HybridComm_n9_45 - my_run - INFO - Recent Stats | t_env:    2850000 | Episode:    14250
blue_team_alives_mean:   143.8840	blue_team_win_mean:        0.9200	ep_length_mean:          200.0000	episode_length_mean:     199.0000
epsilon:                   0.0500	grad_norm:                54.4183	info_nce_loss:             0.3022	loss:                      0.2281
q_loss:                    0.2073	red_team_alives_mean:    100.7800	red_team_win_mean:         0.0000	return_mean:              -1.1756
return_std:                0.1427	test_blue_team_alives_mean:143.8000	test_blue_team_win_mean:   1.0000	test_ep_length_mean:     200.0000
test_episode_length_mean:199.0000	test_red_team_alives_mean: 95.2000	test_red_team_win_mean:    0.0000	test_return_mean:         -0.8440
test_return_std:           0.0000	
2026-09-10 08:14:32,957 - my_experiment - bat_60_HybridComm_n9_45 - my_run - INFO - t_env: 2850200 / 5050000
2026-09-10 08:14:32,958 - my_experiment - bat_60_HybridComm_n9_45 - my_run - INFO - Estimated time left: 15 hours, 26 minutes, 55 seconds. Time passed: 20 hours, 7 minutes, 46 seconds
2026-09-10 08:35:16,438 - my_experiment - bat_60_HybridComm_n9_45 - my_run - INFO - Recent Stats | t_env:    2900000 | Episode:    14500
blue_team_alives_mean:   143.3000	blue_team_win_mean:        0.8560	ep_length_mean:          200.0000	episode_length_mean:     199.0000
epsilon:                   0.0500	grad_norm:                90.1104	info_nce_loss:             0.4337	loss:                      0.4655
q_loss:                    0.4232	red_team_alives_mean:     99.7280	red_team_win_mean:         0.0040	return_mean:              -1.2252
return_std:                0.2614	test_blue_team_alives_mean:144.0000	test_blue_team_win_mean:   1.0000	test_ep_length_mean:     200.0000
test_episode_length_mean:199.0000	test_red_team_alives_mean:104.2000	test_red_team_win_mean:    0.0000	test_return_mean:         -0.8887
test_return_std:           0.0000	
2026-09-10 08:35:21,034 - my_experiment - bat_60_HybridComm_n9_45 - my_run - INFO - t_env: 2900200 / 5050000
2026-09-10 08:35:21,035 - my_experiment - bat_60_HybridComm_n9_45 - my_run - INFO - Estimated time left: 14 hours, 54 minutes, 22 seconds. Time passed: 20 hours, 28 minutes, 34 seconds
2026-09-10 08:55:53,451 - my_experiment - bat_60_HybridComm_n9_45 - my_run - INFO - Recent Stats | t_env:    2950000 | Episode:    14750
blue_team_alives_mean:   143.8200	blue_team_win_mean:        0.8880	ep_length_mean:          200.0000	episode_length_mean:     199.0000
epsilon:                   0.0500	grad_norm:                60.5707	info_nce_loss:             0.4583	loss:                      0.5515
q_loss:                    0.5013	red_team_alives_mean:     95.7720	red_team_win_mean:         0.0000	return_mean:              -1.1322
return_std:                0.2160	test_blue_team_alives_mean:144.0000	test_blue_team_win_mean:   1.0000	test_ep_length_mean:     200.0000
test_episode_length_mean:199.0000	test_red_team_alives_mean: 99.4000	test_red_team_win_mean:    0.0000	test_return_mean:         -0.8683
test_return_std:           0.0000	
2026-09-10 08:55:58,338 - my_experiment - bat_60_HybridComm_n9_45 - my_run - INFO - t_env: 2950200 / 5050000
2026-09-10 08:55:58,339 - my_experiment - bat_60_HybridComm_n9_45 - my_run - INFO - Estimated time left: 14 hours, 26 minutes, 1 seconds. Time passed: 20 hours, 49 minutes, 11 seconds
2026-09-10 09:16:12,726 - my_experiment - bat_60_HybridComm_n9_45 - my_run - INFO - Recent Stats | t_env:    3000000 | Episode:    15000
blue_team_alives_mean:   143.7640	blue_team_win_mean:        0.9960	ep_length_mean:          200.0000	episode_length_mean:     199.0000
epsilon:                   0.0500	grad_norm:                49.7344	info_nce_loss:             0.4817	loss:                      0.2319
q_loss:                    0.2108	red_team_alives_mean:     87.5160	red_team_win_mean:         0.0000	return_mean:              -1.0888
return_std:                0.1530	test_blue_team_alives_mean:144.0000	test_blue_team_win_mean:   1.0000	test_ep_length_mean:     200.0000
test_episode_length_mean:199.0000	test_red_team_alives_mean: 90.0000	test_red_team_win_mean:    0.0000	test_return_mean:         -0.8302
test_return_std:           0.0000	
2026-09-10 09:16:17,489 - my_experiment - bat_60_HybridComm_n9_45 - my_run - INFO - t_env: 3000200 / 5050000
2026-09-10 09:16:17,489 - my_experiment - bat_60_HybridComm_n9_45 - my_run - INFO - Estimated time left: 13 hours, 53 minutes, 0 seconds. Time passed: 21 hours, 9 minutes, 30 seconds
2026-09-10 09:16:21,428 - my_experiment - bat_60_HybridComm_n9_45 - my_run - INFO - Saving models to work_dirs/my_experiment/bat_60_HybridComm_n9_45/my_run/20260909_120607/models/3000200
2026-09-10 09:36:05,055 - my_experiment - bat_60_HybridComm_n9_45 - my_run - INFO - Recent Stats | t_env:    3050000 | Episode:    15250
blue_team_alives_mean:   143.8360	blue_team_win_mean:        1.0000	ep_length_mean:          200.0000	episode_length_mean:     199.0000
epsilon:                   0.0500	grad_norm:                74.6295	info_nce_loss:             0.3618	loss:                      0.2698
q_loss:                    0.2478	red_team_alives_mean:     81.4720	red_team_win_mean:         0.0000	return_mean:              -0.9974
return_std:                0.1467	test_blue_team_alives_mean:144.0000	test_blue_team_win_mean:   1.0000	test_ep_length_mean:     200.0000
test_episode_length_mean:199.0000	test_red_team_alives_mean: 89.4000	test_red_team_win_mean:    0.0000	test_return_mean:         -0.8189
test_return_std:           0.0000	
2026-09-10 09:36:09,968 - my_experiment - bat_60_HybridComm_n9_45 - my_run - INFO - t_env: 3050200 / 5050000
2026-09-10 09:36:09,969 - my_experiment - bat_60_HybridComm_n9_45 - my_run - INFO - Estimated time left: 13 hours, 14 minutes, 54 seconds. Time passed: 21 hours, 29 minutes, 23 seconds
2026-09-10 09:56:32,586 - my_experiment - bat_60_HybridComm_n9_45 - my_run - INFO - Recent Stats | t_env:    3100000 | Episode:    15500
blue_team_alives_mean:   143.2080	blue_team_win_mean:        0.9760	ep_length_mean:          200.0000	episode_length_mean:     199.0000
epsilon:                   0.0500	grad_norm:                50.8048	info_nce_loss:             0.5056	loss:                      0.2217
q_loss:                    0.2016	red_team_alives_mean:     89.9320	red_team_win_mean:         0.0000	return_mean:              -1.1354
return_std:                0.2899	test_blue_team_alives_mean:144.0000	test_blue_team_win_mean:   1.0000	test_ep_length_mean:     200.0000
test_episode_length_mean:199.0000	test_red_team_alives_mean: 85.0000	test_red_team_win_mean:    0.0000	test_return_mean:         -0.8089
test_return_std:           0.0000	
2026-09-10 09:56:37,634 - my_experiment - bat_60_HybridComm_n9_45 - my_run - INFO - t_env: 3100200 / 5050000
2026-09-10 09:56:37,635 - my_experiment - bat_60_HybridComm_n9_45 - my_run - INFO - Estimated time left: 13 hours, 17 minutes, 54 seconds. Time passed: 21 hours, 49 minutes, 51 seconds
2026-09-10 10:17:08,149 - my_experiment - bat_60_HybridComm_n9_45 - my_run - INFO - Recent Stats | t_env:    3150000 | Episode:    15750
blue_team_alives_mean:   143.9560	blue_team_win_mean:        0.9680	ep_length_mean:          200.0000	episode_length_mean:     199.0000
epsilon:                   0.0500	grad_norm:                51.5770	info_nce_loss:             0.5962	loss:                      0.2690
q_loss:                    0.2445	red_team_alives_mean:     94.8560	red_team_win_mean:         0.0000	return_mean:              -1.0738
return_std:                0.1855	test_blue_team_alives_mean:144.0000	test_blue_team_win_mean:   1.0000	test_ep_length_mean:     200.0000
test_episode_length_mean:199.0000	test_red_team_alives_mean: 87.8000	test_red_team_win_mean:    0.0000	test_return_mean:         -0.8254
test_return_std:           0.0000	
2026-09-10 10:17:13,502 - my_experiment - bat_60_HybridComm_n9_45 - my_run - INFO - t_env: 3150200 / 5050000
2026-09-10 10:17:13,503 - my_experiment - bat_60_HybridComm_n9_45 - my_run - INFO - Estimated time left: 13 hours, 2 minutes, 38 seconds. Time passed: 22 hours, 10 minutes, 26 seconds
2026-09-10 10:37:31,996 - my_experiment - bat_60_HybridComm_n9_45 - my_run - INFO - Recent Stats | t_env:    3200000 | Episode:    16000
blue_team_alives_mean:   143.8960	blue_team_win_mean:        0.9480	ep_length_mean:          200.0000	episode_length_mean:     199.0000
epsilon:                   0.0500	grad_norm:                62.4659	info_nce_loss:             0.3920	loss:                      0.2629
q_loss:                    0.2446	red_team_alives_mean:     94.2440	red_team_win_mean:         0.0000	return_mean:              -1.0835
return_std:                0.2126	test_blue_team_alives_mean:144.0000	test_blue_team_win_mean:   0.8000	test_ep_length_mean:     200.0000
test_episode_length_mean:199.0000	test_red_team_alives_mean:103.2000	test_red_team_win_mean:    0.0000	test_return_mean:         -0.8806
test_return_std:           0.0000	
2026-09-10 10:37:36,848 - my_experiment - bat_60_HybridComm_n9_45 - my_run - INFO - t_env: 3200200 / 5050000
2026-09-10 10:37:36,848 - my_experiment - bat_60_HybridComm_n9_45 - my_run - INFO - Estimated time left: 12 hours, 34 minutes, 18 seconds. Time passed: 22 hours, 30 minutes, 50 seconds
2026-09-10 10:58:18,057 - my_experiment - bat_60_HybridComm_n9_45 - my_run - INFO - Recent Stats | t_env:    3250000 | Episode:    16250
blue_team_alives_mean:   143.9920	blue_team_win_mean:        0.9640	ep_length_mean:          200.0000	episode_length_mean:     199.0000
epsilon:                   0.0500	grad_norm:                55.2225	info_nce_loss:             0.5499	loss:                      0.2802
q_loss:                    0.2568	red_team_alives_mean:     96.5840	red_team_win_mean:         0.0000	return_mean:              -1.0540
return_std:                0.1661	test_blue_team_alives_mean:144.0000	test_blue_team_win_mean:   0.8000	test_ep_length_mean:     200.0000
test_episode_length_mean:199.0000	test_red_team_alives_mean:114.6000	test_red_team_win_mean:    0.0000	test_return_mean:         -0.9286
test_return_std:           0.0000	
2026-09-10 10:58:22,617 - my_experiment - bat_60_HybridComm_n9_45 - my_run - INFO - t_env: 3250200 / 5050000
2026-09-10 10:58:22,618 - my_experiment - bat_60_HybridComm_n9_45 - my_run - INFO - Estimated time left: 12 hours, 27 minutes, 22 seconds. Time passed: 22 hours, 51 minutes, 36 seconds
2026-09-10 11:18:37,166 - my_experiment - bat_60_HybridComm_n9_45 - my_run - INFO - Recent Stats | t_env:    3300000 | Episode:    16500
blue_team_alives_mean:   143.9800	blue_team_win_mean:        0.9840	ep_length_mean:          200.0000	episode_length_mean:     199.0000
epsilon:                   0.0500	grad_norm:                44.2533	info_nce_loss:             0.3242	loss:                      0.1610
q_loss:                    0.1503	red_team_alives_mean:     88.2040	red_team_win_mean:         0.0000	return_mean:              -1.0276
return_std:                0.1636	test_blue_team_alives_mean:144.0000	test_blue_team_win_mean:   0.8000	test_ep_length_mean:     200.0000
test_episode_length_mean:199.0000	test_red_team_alives_mean:107.2000	test_red_team_win_mean:    0.0000	test_return_mean:         -0.9129
test_return_std:           0.0000	
2026-09-10 11:18:42,095 - my_experiment - bat_60_HybridComm_n9_45 - my_run - INFO - t_env: 3300200 / 5050000
2026-09-10 11:18:42,095 - my_experiment - bat_60_HybridComm_n9_45 - my_run - INFO - Estimated time left: 11 hours, 51 minutes, 16 seconds. Time passed: 23 hours, 11 minutes, 55 seconds
2026-09-10 11:38:58,293 - my_experiment - bat_60_HybridComm_n9_45 - my_run - INFO - Recent Stats | t_env:    3350000 | Episode:    16750
blue_team_alives_mean:   143.9800	blue_team_win_mean:        0.9760	ep_length_mean:          200.0000	episode_length_mean:     199.0000
epsilon:                   0.0500	grad_norm:                48.1433	info_nce_loss:             0.4433	loss:                      0.2133
q_loss:                    0.1939	red_team_alives_mean:     85.4240	red_team_win_mean:         0.0000	return_mean:              -1.0257
return_std:                0.1523	test_blue_team_alives_mean:144.0000	test_blue_team_win_mean:   0.8000	test_ep_length_mean:     200.0000
test_episode_length_mean:199.0000	test_red_team_alives_mean:106.6000	test_red_team_win_mean:    0.0000	test_return_mean:         -0.9106
test_return_std:           0.0000	
2026-09-10 11:39:03,080 - my_experiment - bat_60_HybridComm_n9_45 - my_run - INFO - t_env: 3350200 / 5050000
2026-09-10 11:39:03,081 - my_experiment - bat_60_HybridComm_n9_45 - my_run - INFO - Estimated time left: 11 hours, 31 minutes, 48 seconds. Time passed: 23 hours, 32 minutes, 16 seconds
2026-09-10 11:59:05,228 - my_experiment - bat_60_HybridComm_n9_45 - my_run - INFO - Recent Stats | t_env:    3400000 | Episode:    17000
blue_team_alives_mean:   143.9680	blue_team_win_mean:        1.0000	ep_length_mean:          200.0000	episode_length_mean:     199.0000
epsilon:                   0.0500	grad_norm:                69.7289	info_nce_loss:             0.4566	loss:                      0.2550
q_loss:                    0.2336	red_team_alives_mean:     81.0920	red_team_win_mean:         0.0000	return_mean:              -1.0018
return_std:                0.1180	test_blue_team_alives_mean:144.0000	test_blue_team_win_mean:   0.8000	test_ep_length_mean:     200.0000
test_episode_length_mean:199.0000	test_red_team_alives_mean: 97.2000	test_red_team_win_mean:    0.0000	test_return_mean:         -0.8425
test_return_std:           0.0000	
2026-09-10 11:59:09,925 - my_experiment - bat_60_HybridComm_n9_45 - my_run - INFO - t_env: 3400200 / 5050000
2026-09-10 11:59:09,926 - my_experiment - bat_60_HybridComm_n9_45 - my_run - INFO - Estimated time left: 11 hours, 3 minutes, 41 seconds. Time passed: 23 hours, 52 minutes, 23 seconds
2026-09-10 12:19:15,206 - my_experiment - bat_60_HybridComm_n9_45 - my_run - INFO - Recent Stats | t_env:    3450000 | Episode:    17250
blue_team_alives_mean:   143.8880	blue_team_win_mean:        1.0000	ep_length_mean:          200.0000	episode_length_mean:     199.0000
epsilon:                   0.0500	grad_norm:                59.4124	info_nce_loss:             0.5094	loss:                      0.2111
q_loss:                    0.1919	red_team_alives_mean:     79.9880	red_team_win_mean:         0.0000	return_mean:              -0.9975
return_std:                0.1426	test_blue_team_alives_mean:144.0000	test_blue_team_win_mean:   1.0000	test_ep_length_mean:     200.0000
test_episode_length_mean:199.0000	test_red_team_alives_mean: 81.4000	test_red_team_win_mean:    0.0000	test_return_mean:         -0.7944
test_return_std:           0.0000	
2026-09-10 12:19:20,615 - my_experiment - bat_60_HybridComm_n9_45 - my_run - INFO - t_env: 3450200 / 5050000
2026-09-10 12:19:20,616 - my_experiment - bat_60_HybridComm_n9_45 - my_run - INFO - Estimated time left: 10 hours, 45 minutes, 37 seconds. Time passed: 1 days, 12 minutes, 34 seconds
2026-09-10 12:40:10,083 - my_experiment - bat_60_HybridComm_n9_45 - my_run - INFO - Recent Stats | t_env:    3500000 | Episode:    17500
blue_team_alives_mean:   143.0480	blue_team_win_mean:        0.9480	ep_length_mean:          200.0000	episode_length_mean:     199.0000
epsilon:                   0.0500	grad_norm:                59.8939	info_nce_loss:             0.4873	loss:                      0.3360
q_loss:                    0.3055	red_team_alives_mean:    100.0520	red_team_win_mean:         0.0120	return_mean:              -1.4618
return_std:                0.6915	test_blue_team_alives_mean:144.0000	test_blue_team_win_mean:   0.8000	test_ep_length_mean:     200.0000
test_episode_length_mean:199.0000	test_red_team_alives_mean: 82.4000	test_red_team_win_mean:    0.0000	test_return_mean:         -0.9223
test_return_std:           0.0000	
2026-09-10 12:40:14,678 - my_experiment - bat_60_HybridComm_n9_45 - my_run - INFO - t_env: 3500200 / 5050000
2026-09-10 12:40:14,678 - my_experiment - bat_60_HybridComm_n9_45 - my_run - INFO - Estimated time left: 10 hours, 47 minutes, 50 seconds. Time passed: 1 days, 33 minutes, 28 seconds
2026-09-10 12:40:18,619 - my_experiment - bat_60_HybridComm_n9_45 - my_run - INFO - Saving models to work_dirs/my_experiment/bat_60_HybridComm_n9_45/my_run/20260909_120607/models/3500200
2026-09-10 13:01:06,160 - my_experiment - bat_60_HybridComm_n9_45 - my_run - INFO - Recent Stats | t_env:    3550000 | Episode:    17750
blue_team_alives_mean:   143.7120	blue_team_win_mean:        0.9200	ep_length_mean:          200.0000	episode_length_mean:     199.0000
epsilon:                   0.0500	grad_norm:                58.4160	info_nce_loss:             0.2529	loss:                      0.3506
q_loss:                    0.3187	red_team_alives_mean:    104.6640	red_team_win_mean:         0.0000	return_mean:              -1.1524
return_std:                0.1587	test_blue_team_alives_mean:144.0000	test_blue_team_win_mean:   0.8000	test_ep_length_mean:     200.0000
test_episode_length_mean:199.0000	test_red_team_alives_mean: 86.0000	test_red_team_win_mean:    0.0000	test_return_mean:         -0.9560
test_return_std:           0.0000	
2026-09-10 13:01:11,514 - my_experiment - bat_60_HybridComm_n9_45 - my_run - INFO - t_env: 3550200 / 5050000
2026-09-10 13:01:11,515 - my_experiment - bat_60_HybridComm_n9_45 - my_run - INFO - Estimated time left: 10 hours, 28 minutes, 20 seconds. Time passed: 1 days, 54 minutes, 24 seconds
2026-09-10 13:22:04,674 - my_experiment - bat_60_HybridComm_n9_45 - my_run - INFO - Recent Stats | t_env:    3600000 | Episode:    18000
blue_team_alives_mean:   143.7920	blue_team_win_mean:        0.9640	ep_length_mean:          200.0000	episode_length_mean:     199.0000
epsilon:                   0.0500	grad_norm:                67.9664	info_nce_loss:             0.3589	loss:                      0.3437
q_loss:                    0.3124	red_team_alives_mean:    101.5160	red_team_win_mean:         0.0000	return_mean:              -1.1175
return_std:                0.1460	test_blue_team_alives_mean:144.0000	test_blue_team_win_mean:   0.8000	test_ep_length_mean:     200.0000
test_episode_length_mean:199.0000	test_red_team_alives_mean: 95.6000	test_red_team_win_mean:    0.0000	test_return_mean:         -0.9855
test_return_std:           0.0000	
2026-09-10 13:22:09,978 - my_experiment - bat_60_HybridComm_n9_45 - my_run - INFO - t_env: 3600200 / 5050000
2026-09-10 13:22:09,979 - my_experiment - bat_60_HybridComm_n9_45 - my_run - INFO - Estimated time left: 10 hours, 8 minutes, 10 seconds. Time passed: 1 days, 1 hours, 15 minutes, 23 seconds
2026-09-10 13:43:07,961 - my_experiment - bat_60_HybridComm_n9_45 - my_run - INFO - Recent Stats | t_env:    3650000 | Episode:    18250
blue_team_alives_mean:   143.8560	blue_team_win_mean:        0.9520	ep_length_mean:          200.0000	episode_length_mean:     199.0000
epsilon:                   0.0500	grad_norm:                51.8681	info_nce_loss:             0.3085	loss:                      0.4246
q_loss:                    0.3860	red_team_alives_mean:    102.9720	red_team_win_mean:         0.0000	return_mean:              -1.1664
return_std:                0.1549	test_blue_team_alives_mean:144.0000	test_blue_team_win_mean:   0.8000	test_ep_length_mean:     200.0000
test_episode_length_mean:199.0000	test_red_team_alives_mean:105.4000	test_red_team_win_mean:    0.0000	test_return_mean:         -1.0223
test_return_std:           0.0000	
2026-09-10 13:43:13,270 - my_experiment - bat_60_HybridComm_n9_45 - my_run - INFO - t_env: 3650200 / 5050000
2026-09-10 13:43:13,271 - my_experiment - bat_60_HybridComm_n9_45 - my_run - INFO - Estimated time left: 9 hours, 49 minutes, 27 seconds. Time passed: 1 days, 1 hours, 36 minutes, 26 seconds
2026-09-10 14:04:05,613 - my_experiment - bat_60_HybridComm_n9_45 - my_run - INFO - Recent Stats | t_env:    3700000 | Episode:    18500
blue_team_alives_mean:   143.6000	blue_team_win_mean:        0.9120	ep_length_mean:          200.0000	episode_length_mean:     199.0000
epsilon:                   0.0500	grad_norm:                62.9018	info_nce_loss:             0.4007	loss:                      0.3003
q_loss:                    0.2730	red_team_alives_mean:     92.6800	red_team_win_mean:         0.0000	return_mean:              -1.2286
return_std:                0.1322	test_blue_team_alives_mean:144.0000	test_blue_team_win_mean:   0.6000	test_ep_length_mean:     200.0000
test_episode_length_mean:199.0000	test_red_team_alives_mean:121.2000	test_red_team_win_mean:    0.0000	test_return_mean:         -1.0705
test_return_std:           0.0000	
2026-09-10 14:04:10,498 - my_experiment - bat_60_HybridComm_n9_45 - my_run - INFO - t_env: 3700200 / 5050000
2026-09-10 14:04:10,499 - my_experiment - bat_60_HybridComm_n9_45 - my_run - INFO - Estimated time left: 9 hours, 25 minutes, 40 seconds. Time passed: 1 days, 1 hours, 57 minutes, 23 seconds
2026-09-10 14:24:09,106 - my_experiment - bat_60_HybridComm_n9_45 - my_run - INFO - Recent Stats | t_env:    3750000 | Episode:    18750
blue_team_alives_mean:   143.5800	blue_team_win_mean:        0.9880	ep_length_mean:          200.0000	episode_length_mean:     199.0000
epsilon:                   0.0500	grad_norm:                44.8859	info_nce_loss:             0.5006	loss:                      0.1989
q_loss:                    0.1808	red_team_alives_mean:     83.8560	red_team_win_mean:         0.0000	return_mean:              -1.1310
return_std:                0.1327	test_blue_team_alives_mean:143.8000	test_blue_team_win_mean:   0.8000	test_ep_length_mean:     200.0000
test_episode_length_mean:199.0000	test_red_team_alives_mean:113.0000	test_red_team_win_mean:    0.0000	test_return_mean:         -0.9323
test_return_std:           0.0000	
2026-09-10 14:24:13,948 - my_experiment - bat_60_HybridComm_n9_45 - my_run - INFO - t_env: 3750200 / 5050000
2026-09-10 14:24:13,949 - my_experiment - bat_60_HybridComm_n9_45 - my_run - INFO - Estimated time left: 8 hours, 41 minutes, 24 seconds. Time passed: 1 days, 2 hours, 17 minutes, 27 seconds
2026-09-10 14:44:31,722 - my_experiment - bat_60_HybridComm_n9_45 - my_run - INFO - Recent Stats | t_env:    3800000 | Episode:    19000
blue_team_alives_mean:   143.5720	blue_team_win_mean:        0.9720	ep_length_mean:          200.0000	episode_length_mean:     199.0000
epsilon:                   0.0500	grad_norm:                46.5169	info_nce_loss:             0.3227	loss:                      0.2174
q_loss:                    0.1977	red_team_alives_mean:     88.1320	red_team_win_mean:         0.0000	return_mean:              -1.1387
return_std:                0.1572	test_blue_team_alives_mean:143.8000	test_blue_team_win_mean:   0.8000	test_ep_length_mean:     200.0000
test_episode_length_mean:199.0000	test_red_team_alives_mean:122.2000	test_red_team_win_mean:    0.0000	test_return_mean:         -0.9590
test_return_std:           0.0000	
2026-09-10 14:44:36,564 - my_experiment - bat_60_HybridComm_n9_45 - my_run - INFO - t_env: 3800200 / 5050000
2026-09-10 14:44:36,565 - my_experiment - bat_60_HybridComm_n9_45 - my_run - INFO - Estimated time left: 8 hours, 29 minutes, 20 seconds. Time passed: 1 days, 2 hours, 37 minutes, 49 seconds
2026-09-10 15:05:01,789 - my_experiment - bat_60_HybridComm_n9_45 - my_run - INFO - Recent Stats | t_env:    3850000 | Episode:    19250
blue_team_alives_mean:   143.7920	blue_team_win_mean:        1.0000	ep_length_mean:          200.0000	episode_length_mean:     199.0000
epsilon:                   0.0500	grad_norm:                49.4855	info_nce_loss:             0.3374	loss:                      0.2203
q_loss:                    0.2002	red_team_alives_mean:     89.3040	red_team_win_mean:         0.0000	return_mean:              -1.0844
return_std:                0.1294	test_blue_team_alives_mean:143.4000	test_blue_team_win_mean:   0.8000	test_ep_length_mean:     200.0000
test_episode_length_mean:199.0000	test_red_team_alives_mean:117.8000	test_red_team_win_mean:    0.0000	test_return_mean:         -1.0067
test_return_std:           0.0000	
2026-09-10 15:05:06,830 - my_experiment - bat_60_HybridComm_n9_45 - my_run - INFO - t_env: 3850200 / 5050000
2026-09-10 15:05:06,831 - my_experiment - bat_60_HybridComm_n9_45 - my_run - INFO - Estimated time left: 8 hours, 12 minutes, 1 seconds. Time passed: 1 days, 2 hours, 58 minutes, 20 seconds
2026-09-10 15:25:57,783 - my_experiment - bat_60_HybridComm_n9_45 - my_run - INFO - Recent Stats | t_env:    3900000 | Episode:    19500
blue_team_alives_mean:   140.9760	blue_team_win_mean:        0.8640	ep_length_mean:          200.0000	episode_length_mean:     199.0000
epsilon:                   0.0500	grad_norm:                33.4177	info_nce_loss:             0.4382	loss:                      0.2134
q_loss:                    0.1940	red_team_alives_mean:    107.6760	red_team_win_mean:         0.0400	return_mean:              -1.5616
return_std:                0.9213	test_blue_team_alives_mean:143.4000	test_blue_team_win_mean:   0.8000	test_ep_length_mean:     200.0000
test_episode_length_mean:199.0000	test_red_team_alives_mean:110.4000	test_red_team_win_mean:    0.0000	test_return_mean:         -0.9859
test_return_std:           0.0000	
2026-09-10 15:26:02,418 - my_experiment - bat_60_HybridComm_n9_45 - my_run - INFO - t_env: 3900200 / 5050000
2026-09-10 15:26:02,419 - my_experiment - bat_60_HybridComm_n9_45 - my_run - INFO - Estimated time left: 8 hours, 1 minutes, 13 seconds. Time passed: 1 days, 3 hours, 19 minutes, 15 seconds
2026-09-10 15:46:22,215 - my_experiment - bat_60_HybridComm_n9_45 - my_run - INFO - Recent Stats | t_env:    3950000 | Episode:    19750
blue_team_alives_mean:   143.8600	blue_team_win_mean:        1.0000	ep_length_mean:          200.0000	episode_length_mean:     199.0000
epsilon:                   0.0500	grad_norm:                61.9239	info_nce_loss:             0.4769	loss:                      0.4280
q_loss:                    0.3891	red_team_alives_mean:     91.2640	red_team_win_mean:         0.0000	return_mean:              -1.0332
return_std:                0.1107	test_blue_team_alives_mean:143.4000	test_blue_team_win_mean:   1.0000	test_ep_length_mean:     200.0000
test_episode_length_mean:199.0000	test_red_team_alives_mean: 93.4000	test_red_team_win_mean:    0.0000	test_return_mean:         -0.9296
test_return_std:           0.0000	
2026-09-10 15:46:27,642 - my_experiment - bat_60_HybridComm_n9_45 - my_run - INFO - t_env: 3950200 / 5050000
2026-09-10 15:46:27,643 - my_experiment - bat_60_HybridComm_n9_45 - my_run - INFO - Estimated time left: 7 hours, 29 minutes, 10 seconds. Time passed: 1 days, 3 hours, 39 minutes, 41 seconds
2026-09-10 16:07:13,145 - my_experiment - bat_60_HybridComm_n9_45 - my_run - INFO - Recent Stats | t_env:    4000000 | Episode:    20000
blue_team_alives_mean:   141.7440	blue_team_win_mean:        0.9600	ep_length_mean:          200.0000	episode_length_mean:     199.0000
epsilon:                   0.0500	grad_norm:                56.6925	info_nce_loss:             0.2151	loss:                      0.4382
q_loss:                    0.4011	red_team_alives_mean:    100.8120	red_team_win_mean:         0.0000	return_mean:              -1.2448
return_std:                0.2074	test_blue_team_alives_mean:143.6000	test_blue_team_win_mean:   1.0000	test_ep_length_mean:     200.0000
test_episode_length_mean:199.0000	test_red_team_alives_mean: 99.6000	test_red_team_win_mean:    0.0000	test_return_mean:         -0.9357
test_return_std:           0.0000	
2026-09-10 16:07:18,082 - my_experiment - bat_60_HybridComm_n9_45 - my_run - INFO - t_env: 4000200 / 5050000
2026-09-10 16:07:18,082 - my_experiment - bat_60_HybridComm_n9_45 - my_run - INFO - Estimated time left: 7 hours, 17 minutes, 34 seconds. Time passed: 1 days, 4 hours, 31 seconds
2026-09-10 16:07:22,111 - my_experiment - bat_60_HybridComm_n9_45 - my_run - INFO - Saving models to work_dirs/my_experiment/bat_60_HybridComm_n9_45/my_run/20260909_120607/models/4000200
2026-09-10 16:28:27,775 - my_experiment - bat_60_HybridComm_n9_45 - my_run - INFO - Recent Stats | t_env:    4050000 | Episode:    20250
blue_team_alives_mean:   143.5000	blue_team_win_mean:        0.8800	ep_length_mean:          200.0000	episode_length_mean:     199.0000
epsilon:                   0.0500	grad_norm:                30.8754	info_nce_loss:             0.4976	loss:                      0.2257
q_loss:                    0.2051	red_team_alives_mean:    101.0880	red_team_win_mean:         0.0000	return_mean:              -1.2095
return_std:                0.1595	test_blue_team_alives_mean:143.6000	test_blue_team_win_mean:   1.0000	test_ep_length_mean:     200.0000
test_episode_length_mean:199.0000	test_red_team_alives_mean: 95.4000	test_red_team_win_mean:    0.0000	test_return_mean:         -0.8941
test_return_std:           0.0000	
2026-09-10 16:28:33,133 - my_experiment - bat_60_HybridComm_n9_45 - my_run - INFO - t_env: 4050200 / 5050000
2026-09-10 16:28:33,134 - my_experiment - bat_60_HybridComm_n9_45 - my_run - INFO - Estimated time left: 7 hours, 4 minutes, 55 seconds. Time passed: 1 days, 4 hours, 21 minutes, 46 seconds
2026-09-10 16:49:20,728 - my_experiment - bat_60_HybridComm_n9_45 - my_run - INFO - Recent Stats | t_env:    4100000 | Episode:    20500
blue_team_alives_mean:   143.9160	blue_team_win_mean:        0.9480	ep_length_mean:          200.0000	episode_length_mean:     199.0000
epsilon:                   0.0500	grad_norm:                58.1942	info_nce_loss:             0.1653	loss:                      0.3236
q_loss:                    0.2942	red_team_alives_mean:    100.9960	red_team_win_mean:         0.0000	return_mean:              -1.1765
return_std:                0.1471	test_blue_team_alives_mean:144.0000	test_blue_team_win_mean:   1.0000	test_ep_length_mean:     200.0000
test_episode_length_mean:199.0000	test_red_team_alives_mean:102.2000	test_red_team_win_mean:    0.0000	test_return_mean:         -0.8551
test_return_std:           0.0000	
2026-09-10 16:49:25,513 - my_experiment - bat_60_HybridComm_n9_45 - my_run - INFO - t_env: 4100200 / 5050000
2026-09-10 16:49:25,514 - my_experiment - bat_60_HybridComm_n9_45 - my_run - INFO - Estimated time left: 6 hours, 36 minutes, 30 seconds. Time passed: 1 days, 4 hours, 42 minutes, 38 seconds
2026-09-10 17:10:00,840 - my_experiment - bat_60_HybridComm_n9_45 - my_run - INFO - Recent Stats | t_env:    4150000 | Episode:    20750
blue_team_alives_mean:   143.5320	blue_team_win_mean:        0.9560	ep_length_mean:          200.0000	episode_length_mean:     199.0000
epsilon:                   0.0500	grad_norm:                21.0345	info_nce_loss:             0.3974	loss:                      0.1856
q_loss:                    0.1687	red_team_alives_mean:     92.7960	red_team_win_mean:         0.0000	return_mean:              -1.3103
return_std:                0.4598	test_blue_team_alives_mean:144.0000	test_blue_team_win_mean:   1.0000	test_ep_length_mean:     200.0000
test_episode_length_mean:199.0000	test_red_team_alives_mean:103.8000	test_red_team_win_mean:    0.0000	test_return_mean:         -0.8618
test_return_std:           0.0000	
2026-09-10 17:10:05,592 - my_experiment - bat_60_HybridComm_n9_45 - my_run - INFO - t_env: 4150200 / 5050000
2026-09-10 17:10:05,592 - my_experiment - bat_60_HybridComm_n9_45 - my_run - INFO - Estimated time left: 6 hours, 11 minutes, 56 seconds. Time passed: 1 days, 5 hours, 3 minutes, 18 seconds
2026-09-10 17:30:47,210 - my_experiment - bat_60_HybridComm_n9_45 - my_run - INFO - Recent Stats | t_env:    4200000 | Episode:    21000
blue_team_alives_mean:   143.9680	blue_team_win_mean:        1.0000	ep_length_mean:          200.0000	episode_length_mean:     199.0000
epsilon:                   0.0500	grad_norm:                44.4576	info_nce_loss:             0.2936	loss:                      0.2530
q_loss:                    0.2368	red_team_alives_mean:     99.8720	red_team_win_mean:         0.0000	return_mean:              -1.0990
return_std:                0.1327	test_blue_team_alives_mean:144.0000	test_blue_team_win_mean:   1.0000	test_ep_length_mean:     200.0000
test_episode_length_mean:199.0000	test_red_team_alives_mean:107.6000	test_red_team_win_mean:    0.0000	test_return_mean:         -0.8718
test_return_std:           0.0000	
2026-09-10 17:30:52,019 - my_experiment - bat_60_HybridComm_n9_45 - my_run - INFO - t_env: 4200200 / 5050000
2026-09-10 17:30:52,020 - my_experiment - bat_60_HybridComm_n9_45 - my_run - INFO - Estimated time left: 5 hours, 53 minutes, 4 seconds. Time passed: 1 days, 5 hours, 24 minutes, 5 seconds
2026-09-10 17:51:34,304 - my_experiment - bat_60_HybridComm_n9_45 - my_run - INFO - Recent Stats | t_env:    4250000 | Episode:    21250
blue_team_alives_mean:   143.9400	blue_team_win_mean:        0.9600	ep_length_mean:          200.0000	episode_length_mean:     199.0000
epsilon:                   0.0500	grad_norm:                37.2575	info_nce_loss:             0.3752	loss:                      0.2515
q_loss:                    0.2286	red_team_alives_mean:     94.6600	red_team_win_mean:         0.0000	return_mean:              -1.0942
return_std:                0.1525	test_blue_team_alives_mean:144.0000	test_blue_team_win_mean:   1.0000	test_ep_length_mean:     200.0000
test_episode_length_mean:199.0000	test_red_team_alives_mean:104.0000	test_red_team_win_mean:    0.0000	test_return_mean:         -0.8603
test_return_std:           0.0000	
2026-09-10 17:51:39,434 - my_experiment - bat_60_HybridComm_n9_45 - my_run - INFO - t_env: 4250200 / 5050000
2026-09-10 17:51:39,435 - my_experiment - bat_60_HybridComm_n9_45 - my_run - INFO - Estimated time left: 5 hours, 32 minutes, 33 seconds. Time passed: 1 days, 5 hours, 44 minutes, 52 seconds
2026-09-10 18:12:29,299 - my_experiment - bat_60_HybridComm_n9_45 - my_run - INFO - Recent Stats | t_env:    4300000 | Episode:    21500
blue_team_alives_mean:   143.9800	blue_team_win_mean:        0.9880	ep_length_mean:          200.0000	episode_length_mean:     199.0000
epsilon:                   0.0500	grad_norm:                63.5353	info_nce_loss:             0.2764	loss:                      0.2321
q_loss:                    0.2146	red_team_alives_mean:     99.3520	red_team_win_mean:         0.0000	return_mean:              -1.1084
return_std:                0.1543	test_blue_team_alives_mean:143.8000	test_blue_team_win_mean:   1.0000	test_ep_length_mean:     200.0000
test_episode_length_mean:199.0000	test_red_team_alives_mean:109.8000	test_red_team_win_mean:    0.0000	test_return_mean:         -0.8927
test_return_std:           0.0000	
2026-09-10 18:12:34,199 - my_experiment - bat_60_HybridComm_n9_45 - my_run - INFO - t_env: 4300200 / 5050000
2026-09-10 18:12:34,200 - my_experiment - bat_60_HybridComm_n9_45 - my_run - INFO - Estimated time left: 5 hours, 13 minutes, 36 seconds. Time passed: 1 days, 6 hours, 5 minutes, 47 seconds
2026-09-10 18:32:54,943 - my_experiment - bat_60_HybridComm_n9_45 - my_run - INFO - Recent Stats | t_env:    4350000 | Episode:    21750
blue_team_alives_mean:   143.8560	blue_team_win_mean:        0.9560	ep_length_mean:          200.0000	episode_length_mean:     199.0000
epsilon:                   0.0500	grad_norm:                40.4044	info_nce_loss:             0.5166	loss:                      0.2355
q_loss:                    0.2141	red_team_alives_mean:     90.2840	red_team_win_mean:         0.0000	return_mean:              -1.0757
return_std:                0.1480	test_blue_team_alives_mean:143.8000	test_blue_team_win_mean:   1.0000	test_ep_length_mean:     200.0000
test_episode_length_mean:199.0000	test_red_team_alives_mean:103.4000	test_red_team_win_mean:    0.0000	test_return_mean:         -0.8736
test_return_std:           0.0000	
2026-09-10 18:32:59,851 - my_experiment - bat_60_HybridComm_n9_45 - my_run - INFO - t_env: 4350200 / 5050000
2026-09-10 18:32:59,851 - my_experiment - bat_60_HybridComm_n9_45 - my_run - INFO - Estimated time left: 4 hours, 45 minutes, 54 seconds. Time passed: 1 days, 6 hours, 26 minutes, 13 seconds
2026-09-10 18:53:16,343 - my_experiment - bat_60_HybridComm_n9_45 - my_run - INFO - Recent Stats | t_env:    4400000 | Episode:    22000
blue_team_alives_mean:   143.3840	blue_team_win_mean:        0.9760	ep_length_mean:          200.0000	episode_length_mean:     199.0000
epsilon:                   0.0500	grad_norm:                42.6385	info_nce_loss:             0.3463	loss:                      0.1821
q_loss:                    0.1675	red_team_alives_mean:     87.5840	red_team_win_mean:         0.0000	return_mean:              -1.1840
return_std:                0.4587	test_blue_team_alives_mean:143.8000	test_blue_team_win_mean:   1.0000	test_ep_length_mean:     200.0000
test_episode_length_mean:199.0000	test_red_team_alives_mean:104.8000	test_red_team_win_mean:    0.0000	test_return_mean:         -0.8818
test_return_std:           0.0000	
2026-09-10 18:53:21,132 - my_experiment - bat_60_HybridComm_n9_45 - my_run - INFO - t_env: 4400200 / 5050000
2026-09-10 18:53:21,133 - my_experiment - bat_60_HybridComm_n9_45 - my_run - INFO - Estimated time left: 4 hours, 24 minutes, 31 seconds. Time passed: 1 days, 6 hours, 46 minutes, 34 seconds
2026-09-10 19:13:47,122 - my_experiment - bat_60_HybridComm_n9_45 - my_run - INFO - Recent Stats | t_env:    4450000 | Episode:    22250
blue_team_alives_mean:   143.6440	blue_team_win_mean:        0.9840	ep_length_mean:          200.0000	episode_length_mean:     199.0000
epsilon:                   0.0500	grad_norm:                33.4839	info_nce_loss:             0.5186	loss:                      0.2329
q_loss:                    0.2117	red_team_alives_mean:     86.5440	red_team_win_mean:         0.0000	return_mean:              -1.1499
return_std:                0.3454	test_blue_team_alives_mean:143.8000	test_blue_team_win_mean:   1.0000	test_ep_length_mean:     200.0000
test_episode_length_mean:199.0000	test_red_team_alives_mean: 99.2000	test_red_team_win_mean:    0.0000	test_return_mean:         -0.8809
test_return_std:           0.0000	
2026-09-10 19:13:52,244 - my_experiment - bat_60_HybridComm_n9_45 - my_run - INFO - t_env: 4450200 / 5050000
2026-09-10 19:13:52,245 - my_experiment - bat_60_HybridComm_n9_45 - my_run - INFO - Estimated time left: 4 hours, 6 minutes, 8 seconds. Time passed: 1 days, 7 hours, 7 minutes, 5 seconds
2026-09-10 19:34:05,058 - my_experiment - bat_60_HybridComm_n9_45 - my_run - INFO - Recent Stats | t_env:    4500000 | Episode:    22500
blue_team_alives_mean:   144.0000	blue_team_win_mean:        0.9800	ep_length_mean:          200.0000	episode_length_mean:     199.0000
epsilon:                   0.0500	grad_norm:                41.3857	info_nce_loss:             0.3825	loss:                      0.2923
q_loss:                    0.2657	red_team_alives_mean:     90.7280	red_team_win_mean:         0.0000	return_mean:              -1.0493
return_std:                0.1360	test_blue_team_alives_mean:143.8000	test_blue_team_win_mean:   1.0000	test_ep_length_mean:     200.0000
test_episode_length_mean:199.0000	test_red_team_alives_mean: 98.2000	test_red_team_win_mean:    0.0000	test_return_mean:         -0.8791
test_return_std:           0.0000	
2026-09-10 19:34:09,615 - my_experiment - bat_60_HybridComm_n9_45 - my_run - INFO - t_env: 4500200 / 5050000
2026-09-10 19:34:09,615 - my_experiment - bat_60_HybridComm_n9_45 - my_run - INFO - Estimated time left: 3 hours, 43 minutes, 6 seconds. Time passed: 1 days, 7 hours, 27 minutes, 23 seconds
2026-09-10 19:34:13,332 - my_experiment - bat_60_HybridComm_n9_45 - my_run - INFO - Saving models to work_dirs/my_experiment/bat_60_HybridComm_n9_45/my_run/20260909_120607/models/4500200
2026-09-10 19:54:57,303 - my_experiment - bat_60_HybridComm_n9_45 - my_run - INFO - Recent Stats | t_env:    4550000 | Episode:    22750
blue_team_alives_mean:   143.9440	blue_team_win_mean:        0.9160	ep_length_mean:          200.0000	episode_length_mean:     199.0000
epsilon:                   0.0500	grad_norm:                31.9294	info_nce_loss:             0.5122	loss:                      0.2615
q_loss:                    0.2417	red_team_alives_mean:     94.6240	red_team_win_mean:         0.0000	return_mean:              -1.0948
return_std:                0.1940	test_blue_team_alives_mean:144.0000	test_blue_team_win_mean:   1.0000	test_ep_length_mean:     200.0000
test_episode_length_mean:199.0000	test_red_team_alives_mean: 87.2000	test_red_team_win_mean:    0.0000	test_return_mean:         -0.8227
test_return_std:           0.0000	
2026-09-10 19:55:02,721 - my_experiment - bat_60_HybridComm_n9_45 - my_run - INFO - t_env: 4550200 / 5050000
2026-09-10 19:55:02,722 - my_experiment - bat_60_HybridComm_n9_45 - my_run - INFO - Estimated time left: 3 hours, 28 minutes, 46 seconds. Time passed: 1 days, 7 hours, 48 minutes, 16 seconds
2026-09-10 20:15:13,748 - my_experiment - bat_60_HybridComm_n9_45 - my_run - INFO - Recent Stats | t_env:    4600000 | Episode:    23000
blue_team_alives_mean:   143.9800	blue_team_win_mean:        0.9360	ep_length_mean:          200.0000	episode_length_mean:     199.0000
epsilon:                   0.0500	grad_norm:                20.0619	info_nce_loss:             0.3983	loss:                      0.2143
q_loss:                    0.1948	red_team_alives_mean:     90.5840	red_team_win_mean:         0.0000	return_mean:              -1.0522
return_std:                0.1749	test_blue_team_alives_mean:144.0000	test_blue_team_win_mean:   1.0000	test_ep_length_mean:     200.0000
test_episode_length_mean:199.0000	test_red_team_alives_mean: 93.0000	test_red_team_win_mean:    0.0000	test_return_mean:         -0.8413
test_return_std:           0.0000	
2026-09-10 20:15:18,714 - my_experiment - bat_60_HybridComm_n9_45 - my_run - INFO - t_env: 4600200 / 5050000
2026-09-10 20:15:18,714 - my_experiment - bat_60_HybridComm_n9_45 - my_run - INFO - Estimated time left: 3 hours, 2 minutes, 19 seconds. Time passed: 1 days, 8 hours, 8 minutes, 32 seconds
2026-09-10 20:35:05,720 - my_experiment - bat_60_HybridComm_n9_45 - my_run - INFO - Recent Stats | t_env:    4650000 | Episode:    23250
blue_team_alives_mean:   143.9880	blue_team_win_mean:        0.9960	ep_length_mean:          200.0000	episode_length_mean:     199.0000
epsilon:                   0.0500	grad_norm:                31.5309	info_nce_loss:             0.3240	loss:                      0.2120
q_loss:                    0.1927	red_team_alives_mean:     70.3200	red_team_win_mean:         0.0000	return_mean:              -0.9283
return_std:                0.1228	test_blue_team_alives_mean:144.0000	test_blue_team_win_mean:   1.0000	test_ep_length_mean:     200.0000
test_episode_length_mean:199.0000	test_red_team_alives_mean: 85.6000	test_red_team_win_mean:    0.0000	test_return_mean:         -0.8168
test_return_std:           0.0000	
2026-09-10 20:35:11,061 - my_experiment - bat_60_HybridComm_n9_45 - my_run - INFO - t_env: 4650200 / 5050000
2026-09-10 20:35:11,062 - my_experiment - bat_60_HybridComm_n9_45 - my_run - INFO - Estimated time left: 2 hours, 38 minutes, 54 seconds. Time passed: 1 days, 8 hours, 28 minutes, 24 seconds
2026-09-10 20:55:15,154 - my_experiment - bat_60_HybridComm_n9_45 - my_run - INFO - Recent Stats | t_env:    4700000 | Episode:    23500
blue_team_alives_mean:   143.4600	blue_team_win_mean:        0.9640	ep_length_mean:          200.0000	episode_length_mean:     199.0000
epsilon:                   0.0500	grad_norm:                19.9279	info_nce_loss:             0.4601	loss:                      0.2169
q_loss:                    0.1972	red_team_alives_mean:     76.1560	red_team_win_mean:         0.0000	return_mean:              -1.0223
return_std:                0.1933	test_blue_team_alives_mean:144.0000	test_blue_team_win_mean:   0.8000	test_ep_length_mean:     200.0000
test_episode_length_mean:199.0000	test_red_team_alives_mean:104.4000	test_red_team_win_mean:    0.0000	test_return_mean:         -0.8724
test_return_std:           0.0000	
2026-09-10 20:55:20,253 - my_experiment - bat_60_HybridComm_n9_45 - my_run - INFO - t_env: 4700200 / 5050000
2026-09-10 20:55:20,254 - my_experiment - bat_60_HybridComm_n9_45 - my_run - INFO - Estimated time left: 2 hours, 20 minutes, 59 seconds. Time passed: 1 days, 8 hours, 48 minutes, 33 seconds
2026-09-10 21:15:37,259 - my_experiment - bat_60_HybridComm_n9_45 - my_run - INFO - Recent Stats | t_env:    4750000 | Episode:    23750
blue_team_alives_mean:   142.0480	blue_team_win_mean:        0.9840	ep_length_mean:          200.0000	episode_length_mean:     199.0000
epsilon:                   0.0500	grad_norm:                25.0572	info_nce_loss:             0.3874	loss:                      0.2567
q_loss:                    0.2334	red_team_alives_mean:     86.3840	red_team_win_mean:         0.0040	return_mean:              -1.2223
return_std:                0.3504	test_blue_team_alives_mean:139.6000	test_blue_team_win_mean:   0.8000	test_ep_length_mean:     200.0000
test_episode_length_mean:199.0000	test_red_team_alives_mean:103.4000	test_red_team_win_mean:    0.0000	test_return_mean:         -1.0492
test_return_std:           0.0000	
2026-09-10 21:15:41,792 - my_experiment - bat_60_HybridComm_n9_45 - my_run - INFO - t_env: 4750200 / 5050000
2026-09-10 21:15:41,793 - my_experiment - bat_60_HybridComm_n9_45 - my_run - INFO - Estimated time left: 2 hours, 2 minutes, 4 seconds. Time passed: 1 days, 9 hours, 8 minutes, 55 seconds
2026-09-10 21:36:08,247 - my_experiment - bat_60_HybridComm_n9_45 - my_run - INFO - Recent Stats | t_env:    4800000 | Episode:    24000
blue_team_alives_mean:   143.8600	blue_team_win_mean:        0.9400	ep_length_mean:          200.0000	episode_length_mean:     199.0000
epsilon:                   0.0500	grad_norm:                47.8547	info_nce_loss:             0.4864	loss:                      0.4265
q_loss:                    0.3878	red_team_alives_mean:     79.8320	red_team_win_mean:         0.0000	return_mean:              -1.0381
return_std:                0.1882	test_blue_team_alives_mean:139.6000	test_blue_team_win_mean:   0.8000	test_ep_length_mean:     200.0000
test_episode_length_mean:199.0000	test_red_team_alives_mean: 99.8000	test_red_team_win_mean:    0.0000	test_return_mean:         -1.0426
test_return_std:           0.0000	
2026-09-10 21:36:13,592 - my_experiment - bat_60_HybridComm_n9_45 - my_run - INFO - t_env: 4800200 / 5050000
2026-09-10 21:36:13,593 - my_experiment - bat_60_HybridComm_n9_45 - my_run - INFO - Estimated time left: 1 hours, 42 minutes, 34 seconds. Time passed: 1 days, 9 hours, 29 minutes, 26 seconds
2026-09-10 21:56:31,016 - my_experiment - bat_60_HybridComm_n9_45 - my_run - INFO - Recent Stats | t_env:    4850000 | Episode:    24250
blue_team_alives_mean:   143.8000	blue_team_win_mean:        0.9280	ep_length_mean:          200.0000	episode_length_mean:     199.0000
epsilon:                   0.0500	grad_norm:                25.1136	info_nce_loss:             0.3144	loss:                      0.2585
q_loss:                    0.2350	red_team_alives_mean:     89.2920	red_team_win_mean:         0.0000	return_mean:              -1.0759
return_std:                0.1650	test_blue_team_alives_mean:139.6000	test_blue_team_win_mean:   0.8000	test_ep_length_mean:     200.0000
test_episode_length_mean:199.0000	test_red_team_alives_mean: 96.6000	test_red_team_win_mean:    0.0000	test_return_mean:         -1.0318
test_return_std:           0.0000	
2026-09-10 21:56:35,815 - my_experiment - bat_60_HybridComm_n9_45 - my_run - INFO - t_env: 4850200 / 5050000
2026-09-10 21:56:35,815 - my_experiment - bat_60_HybridComm_n9_45 - my_run - INFO - Estimated time left: 1 hours, 21 minutes, 24 seconds. Time passed: 1 days, 9 hours, 49 minutes, 49 seconds
2026-09-10 22:16:53,809 - my_experiment - bat_60_HybridComm_n9_45 - my_run - INFO - Recent Stats | t_env:    4900000 | Episode:    24500
blue_team_alives_mean:   143.9760	blue_team_win_mean:        0.9520	ep_length_mean:          200.0000	episode_length_mean:     199.0000
epsilon:                   0.0500	grad_norm:                18.0861	info_nce_loss:             0.3327	loss:                      0.2505
q_loss:                    0.2277	red_team_alives_mean:     87.0680	red_team_win_mean:         0.0000	return_mean:              -1.0529
return_std:                0.1765	test_blue_team_alives_mean:139.6000	test_blue_team_win_mean:   0.8000	test_ep_length_mean:     200.0000
test_episode_length_mean:199.0000	test_red_team_alives_mean:105.2000	test_red_team_win_mean:    0.0000	test_return_mean:         -1.0544
test_return_std:           0.0000	
2026-09-10 22:16:58,620 - my_experiment - bat_60_HybridComm_n9_45 - my_run - INFO - t_env: 4900200 / 5050000
2026-09-10 22:16:58,621 - my_experiment - bat_60_HybridComm_n9_45 - my_run - INFO - Estimated time left: 1 hours, 1 minutes, 3 seconds. Time passed: 1 days, 10 hours, 10 minutes, 12 seconds
2026-09-10 22:36:54,523 - my_experiment - bat_60_HybridComm_n9_45 - my_run - INFO - Recent Stats | t_env:    4950000 | Episode:    24750
blue_team_alives_mean:   143.9000	blue_team_win_mean:        1.0000	ep_length_mean:          200.0000	episode_length_mean:     199.0000
epsilon:                   0.0500	grad_norm:                27.9787	info_nce_loss:             0.5808	loss:                      0.2260
q_loss:                    0.2055	red_team_alives_mean:     75.0440	red_team_win_mean:         0.0000	return_mean:              -0.9832
return_std:                0.1226	test_blue_team_alives_mean:139.6000	test_blue_team_win_mean:   1.0000	test_ep_length_mean:     200.0000
test_episode_length_mean:199.0000	test_red_team_alives_mean: 91.2000	test_red_team_win_mean:    0.0000	test_return_mean:         -1.0492
test_return_std:           0.0000	
2026-09-10 22:36:59,409 - my_experiment - bat_60_HybridComm_n9_45 - my_run - INFO - t_env: 4950200 / 5050000
2026-09-10 22:36:59,409 - my_experiment - bat_60_HybridComm_n9_45 - my_run - INFO - Estimated time left: 39 minutes, 56 seconds. Time passed: 1 days, 10 hours, 30 minutes, 12 seconds
2026-09-10 22:57:13,862 - my_experiment - bat_60_HybridComm_n9_45 - my_run - INFO - Recent Stats | t_env:    5000000 | Episode:    25000
blue_team_alives_mean:   143.9920	blue_team_win_mean:        0.9840	ep_length_mean:          200.0000	episode_length_mean:     199.0000
epsilon:                   0.0500	grad_norm:                26.6427	info_nce_loss:             0.3096	loss:                      0.2151
q_loss:                    0.1988	red_team_alives_mean:     80.1200	red_team_win_mean:         0.0000	return_mean:              -1.0060
return_std:                0.1302	test_blue_team_alives_mean:144.0000	test_blue_team_win_mean:   1.0000	test_ep_length_mean:     200.0000
test_episode_length_mean:199.0000	test_red_team_alives_mean: 86.6000	test_red_team_win_mean:    0.0000	test_return_mean:         -0.8476
test_return_std:           0.0000	
2026-09-10 22:57:18,598 - my_experiment - bat_60_HybridComm_n9_45 - my_run - INFO - t_env: 5000200 / 5050000
2026-09-10 22:57:18,599 - my_experiment - bat_60_HybridComm_n9_45 - my_run - INFO - Estimated time left: 20 minutes, 14 seconds. Time passed: 1 days, 10 hours, 50 minutes, 31 seconds
2026-09-10 22:57:22,403 - my_experiment - bat_60_HybridComm_n9_45 - my_run - INFO - Saving models to work_dirs/my_experiment/bat_60_HybridComm_n9_45/my_run/20260909_120607/models/5000200
2026-09-10 23:17:03,494 - my_experiment - bat_60_HybridComm_n9_45 - my_run - INFO - Recent Stats | t_env:    5050000 | Episode:    25250
blue_team_alives_mean:   143.9960	blue_team_win_mean:        1.0000	ep_length_mean:          200.0000	episode_length_mean:     199.0000
epsilon:                   0.0500	grad_norm:                31.9355	info_nce_loss:             0.3509	loss:                      0.2275
q_loss:                    0.2095	red_team_alives_mean:     72.1000	red_team_win_mean:         0.0000	return_mean:              -0.9467
return_std:                0.0934	test_blue_team_alives_mean:144.0000	test_blue_team_win_mean:   1.0000	test_ep_length_mean:     200.0000
test_episode_length_mean:199.0000	test_red_team_alives_mean: 89.2000	test_red_team_win_mean:    0.0000	test_return_mean:         -0.8681
test_return_std:           0.0000	
2026-09-10 23:17:08,206 - my_experiment - bat_60_HybridComm_n9_45 - my_run - INFO - t_env: 5050200 / 5050000
2026-09-10 23:17:08,207 - my_experiment - bat_60_HybridComm_n9_45 - my_run - INFO - Estimated time left: -. Time passed: 1 days, 11 hours, 10 minutes, 21 seconds
2026-09-10 23:17:11,968 - my_experiment - bat_60_HybridComm_n9_45 - my_run - INFO - Finished Training
