Gym has been unmaintained since 2022 and does not support NumPy 2.0 amongst other critical functionality.
Please upgrade to Gymnasium, the maintained drop-in replacement of Gym, or contact the authors of your software and request that they upgrade.
Users of this version of Gym should be able to simply replace 'import gym' with 'import gymnasium as gym' in the vast majority of cases.
See the migration guide at https://gymnasium.farama.org/introduction/migration_guide/ for additional information.
src/main.py:81: DeprecationWarning: Using or importing the ABCs from 'collections' instead of from 'collections.abc' is deprecated since Python 3.3, and in 3.10 it will stop working
  if isinstance(v, collections.Mapping):
wandb: [wandb.login()] Loaded credentials for https://api.wandb.ai from /home/pparsons/.netrc.
wandb: Currently logged in as: peterparsons02 (peterparsons02-eth-z-rich) to https://api.wandb.ai. Use `wandb login --relogin` to force relogin
wandb: setting up run 43ys83rv
wandb: Tracking run with wandb version 0.24.1
wandb: Run data is saved locally in /usr/itetnas04/data-scratch-01/pparsons/data/MyExpoComm/wandb/run-20260723_170215-43ys83rv
wandb: Run `wandb offline` to turn off syncing.
wandb: Syncing run my_run-bat_mm_HC_42-20260723_170212
wandb: ⭐️ View project at https://wandb.ai/peterparsons02-eth-z-rich/my_experiment
wandb: 🚀 View run at https://wandb.ai/peterparsons02-eth-z-rich/my_experiment/runs/43ys83rv
2026-07-23 17:02:20,710 - my_experiment - bat_mm_HC_42 - my_run - INFO - Current directory: /usr/itetnas04/data-scratch-01/pparsons/data/MyExpoComm.
2026-07-23 17:02:20,711 - my_experiment - bat_mm_HC_42 - my_run - INFO - Experiment Parameters:
2026-07-23 17:02:20,712 - my_experiment - bat_mm_HC_42 - my_run - INFO - 

{   'action_selector': 'epsilon_greedy',
    'add_value_last_step': True,
    'agent': 'ExpoComm_one_peer_cont',
    'agent_output_type': 'q',
    'attention_dim': 32,
    'aux_coef': 0.1,
    'batch_size': 32,
    'batch_size_run': 1,
    'buffer_cpu_only': True,
    'buffer_size': 2000,
    'checkpoint_path': '',
    'double_q': True,
    'env': 'MAgent_Battle',
    'env_args': {   'global_reward': True,
                    'map_name': 'battle_view7',
                    'map_size': 25,
                    'max_cycles': 200,
                    'minimap_mode': True,
                    'pretrained_ckpt': None,
                    'seed': 42},
    'epsilon_anneal_time': 1000000,
    'epsilon_finish': 0.05,
    'epsilon_start': 1.0,
    'evaluate': False,
    'evaluation_epsilon': 0.0,
    'exp_name': 'my_experiment',
    'gamma': 0.99,
    'global_reward': True,
    'grad_norm_clip': 10,
    'hidden_dim': 64,
    'hypergroup': None,
    'label': 'default_label',
    'learner': 'hybrid_comm_learner',
    'learner_log_interval': 10000,
    'load_step': 0,
    'local_results_path': 'results',
    'log_interval': 50000,
    'lr': 0.0005,
    'mac': 'ExpoComm_mac',
    'mixer': None,
    'name': 'bat_mm_HC_42',
    'neg_num': 20,
    'obs_agent_id': True,
    'obs_individual_obs': False,
    'obs_last_action': True,
    'one_peer': True,
    'optim_alpha': 0.99,
    'optim_eps': 1e-05,
    'render': False,
    'repeat_id': 1,
    'run_name': 'my_run',
    'runner': 'episode',
    'runner_log_interval': 10000,
    'save_model': True,
    'save_model_interval': 500000,
    'save_replay': False,
    'seed': 42,
    'standardise_returns': False,
    'standardise_rewards': True,
    't_max': 5050000,
    'target_update_interval_or_tau': 200,
    'temperature': 0.07,
    'test_greedy': True,
    'test_interval': 50000,
    'test_nepisode': 1,
    'topk_neighbors': 7,
    'use_cuda': True,
    'use_rnn': True,
    'use_tensorboard': True,
    'work_dir': 'work_dirs/my_experiment/bat_mm_HC_42/my_run/20260723_170212'}

/usr/itetnas04/data-scratch-01/pparsons/data/conda_envs/ExpoComm/lib/python3.8/site-packages/pettingzoo/utils/conversions.py:41: UserWarning: The `from_parallel` function is deprecated. Use the `parallel_to_aec` function instead.
  warnings.warn("The `from_parallel` function is deprecated. Use the `parallel_to_aec` function instead.")
/usr/itetnas04/data-scratch-01/pparsons/data/conda_envs/ExpoComm/lib/python3.8/site-packages/pettingzoo/utils/wrappers/base.py:44: UserWarning: The `observation_spaces` dictionary is deprecated. Use the `observation_space` function instead.
  warnings.warn("The `observation_spaces` dictionary is deprecated. Use the `observation_space` function instead.")
/usr/itetnas04/data-scratch-01/pparsons/data/conda_envs/ExpoComm/lib/python3.8/site-packages/pettingzoo/utils/conversions.py:36: UserWarning: The `to_parallel` function is deprecated. Use the `aec_to_parallel` function instead.
  warnings.warn("The `to_parallel` function is deprecated. Use the `aec_to_parallel` function instead.")
/usr/itetnas04/data-scratch-01/pparsons/data/conda_envs/ExpoComm/lib/python3.8/site-packages/pettingzoo/utils/conversions.py:80: UserWarning: The `action_spaces` dictionary is deprecated. Use the `action_space` function instead.
  warnings.warn("The `action_spaces` dictionary is deprecated. Use the `action_space` function instead.")
/usr/itetnas04/data-scratch-01/pparsons/data/conda_envs/ExpoComm/lib/python3.8/site-packages/pettingzoo/utils/wrappers/base.py:52: UserWarning: The `action_spaces` dictionary is deprecated. Use the `action_space` function instead.
  warnings.warn("The `action_spaces` dictionary is deprecated. Use the `action_space` function instead.")
/usr/itetnas04/data-scratch-01/pparsons/data/conda_envs/ExpoComm/lib/python3.8/site-packages/pettingzoo/utils/conversions.py:72: UserWarning: The `observation_spaces` dictionary is deprecated. Use the `observation_space` function instead.
  warnings.warn("The `observation_spaces` dictionary is deprecated. Use the `observation_space` function instead.")
2026-07-23 17:02:51,540 - my_experiment - bat_mm_HC_42 - my_run - INFO - Beginning training for 5050000 timesteps
/usr/itetnas04/data-scratch-01/pparsons/data/MyExpoComm/src/envs/battle_wrappers.py:258: UserWarning: To copy construct from a tensor, it is recommended to use sourceTensor.clone().detach() or sourceTensor.clone().detach().requires_grad_(True), rather than torch.tensor(sourceTensor).
  actions = torch.tensor(actions, dtype=torch.long)
2026-07-23 17:03:01,366 - my_experiment - bat_mm_HC_42 - my_run - INFO - t_env: 200 / 5050000
2026-07-23 17:03:01,367 - my_experiment - bat_mm_HC_42 - my_run - INFO - Estimated time left: 16 minutes, 28 seconds. Time passed: 9 seconds
2026-07-23 17:03:02,166 - my_experiment - bat_mm_HC_42 - my_run - INFO - Saving models to work_dirs/my_experiment/bat_mm_HC_42/my_run/20260723_170212/models/200
2026-07-23 17:09:02,080 - my_experiment - bat_mm_HC_42 - my_run - INFO - Recent Stats | t_env:      50000 | Episode:      250
blue_team_alives_mean:    19.9840	blue_team_win_mean:        0.0000	ep_length_mean:          200.0000	episode_length_mean:     199.0000
epsilon:                   0.9620	grad_norm:                 0.6077	info_nce_loss:             2.0448	loss:                      1.0704
q_loss:                    0.9730	red_team_alives_mean:     20.0000	red_team_win_mean:         0.0160	return_mean:              -8.4328
return_std:                0.1471	test_blue_team_alives_mean: 20.0000	test_blue_team_win_mean:   0.0000	test_ep_length_mean:     200.0000
test_episode_length_mean:199.0000	test_red_team_alives_mean: 20.0000	test_red_team_win_mean:    0.0000	test_return_mean:         -3.8500
test_return_std:           0.0000	
2026-07-23 17:09:03,610 - my_experiment - bat_mm_HC_42 - my_run - INFO - t_env: 50200 / 5050000
2026-07-23 17:09:03,610 - my_experiment - bat_mm_HC_42 - my_run - INFO - Estimated time left: 10 hours, 3 minutes, 42 seconds. Time passed: 6 minutes, 12 seconds
2026-07-23 17:15:30,376 - my_experiment - bat_mm_HC_42 - my_run - INFO - Recent Stats | t_env:     100000 | Episode:      500
blue_team_alives_mean:    19.9760	blue_team_win_mean:        0.0000	ep_length_mean:          200.0000	episode_length_mean:     199.0000
epsilon:                   0.9145	grad_norm:                 1.8662	info_nce_loss:             0.4836	loss:                      1.0743
q_loss:                    0.9766	red_team_alives_mean:     20.0000	red_team_win_mean:         0.0240	return_mean:              -8.0244
return_std:                0.1896	test_blue_team_alives_mean: 20.0000	test_blue_team_win_mean:   0.0000	test_ep_length_mean:     200.0000
test_episode_length_mean:199.0000	test_red_team_alives_mean: 20.0000	test_red_team_win_mean:    0.0000	test_return_mean:         -2.4250
test_return_std:           0.0000	
2026-07-23 17:15:31,988 - my_experiment - bat_mm_HC_42 - my_run - INFO - t_env: 100200 / 5050000
2026-07-23 17:15:31,989 - my_experiment - bat_mm_HC_42 - my_run - INFO - Estimated time left: 10 hours, 40 minutes, 47 seconds. Time passed: 12 minutes, 40 seconds
2026-07-23 17:21:53,502 - my_experiment - bat_mm_HC_42 - my_run - INFO - Recent Stats | t_env:     150000 | Episode:      750
blue_team_alives_mean:    16.1440	blue_team_win_mean:        0.0000	ep_length_mean:          200.0000	episode_length_mean:     199.0000
epsilon:                   0.8670	grad_norm:                 6.3999	info_nce_loss:             0.3863	loss:                      2.5201
q_loss:                    2.2910	red_team_alives_mean:     20.0000	red_team_win_mean:         0.7080	return_mean:              -6.1748
return_std:                0.5975	test_blue_team_alives_mean: 18.0000	test_blue_team_win_mean:   0.0000	test_ep_length_mean:     200.0000
test_episode_length_mean:199.0000	test_red_team_alives_mean: 20.0000	test_red_team_win_mean:    0.3333	test_return_mean:         -1.6483
test_return_std:           0.0000	
2026-07-23 17:21:55,027 - my_experiment - bat_mm_HC_42 - my_run - INFO - t_env: 150200 / 5050000
2026-07-23 17:21:55,028 - my_experiment - bat_mm_HC_42 - my_run - INFO - Estimated time left: 10 hours, 25 minutes, 36 seconds. Time passed: 19 minutes, 3 seconds
2026-07-23 17:28:21,936 - my_experiment - bat_mm_HC_42 - my_run - INFO - Recent Stats | t_env:     200000 | Episode:     1000
blue_team_alives_mean:     7.5960	blue_team_win_mean:        0.0000	ep_length_mean:          200.0000	episode_length_mean:     199.0000
epsilon:                   0.8195	grad_norm:                10.8865	info_nce_loss:             0.3260	loss:                      4.0458
q_loss:                    3.6780	red_team_alives_mean:     20.0000	red_team_win_mean:         1.0000	return_mean:              -3.6316
return_std:                0.6565	test_blue_team_alives_mean: 18.0000	test_blue_team_win_mean:   0.0000	test_ep_length_mean:     200.0000
test_episode_length_mean:199.0000	test_red_team_alives_mean: 20.0000	test_red_team_win_mean:    0.5000	test_return_mean:         -2.5288
test_return_std:           0.0000	
2026-07-23 17:28:23,367 - my_experiment - bat_mm_HC_42 - my_run - INFO - t_env: 200200 / 5050000
2026-07-23 17:28:23,368 - my_experiment - bat_mm_HC_42 - my_run - INFO - Estimated time left: 10 hours, 27 minutes, 47 seconds. Time passed: 25 minutes, 31 seconds
2026-07-23 17:34:27,166 - my_experiment - bat_mm_HC_42 - my_run - INFO - Recent Stats | t_env:     250049 | Episode:     1251
blue_team_alives_mean:     3.2346	blue_team_win_mean:        0.0000	ep_length_mean:          199.4078	episode_length_mean:     198.4078
epsilon:                   0.7716	grad_norm:                 9.4355	info_nce_loss:             0.3323	loss:                      3.9131
q_loss:                    3.5573	red_team_alives_mean:     20.0000	red_team_win_mean:         1.0000	return_mean:              -2.5435
return_std:                0.5245	test_blue_team_alives_mean: 15.6000	test_blue_team_win_mean:   0.0000	test_ep_length_mean:     200.0000
test_episode_length_mean:199.0000	test_red_team_alives_mean: 20.0000	test_red_team_win_mean:    0.6000	test_return_mean:         -3.9080
test_return_std:           0.0000	
2026-07-23 17:34:28,784 - my_experiment - bat_mm_HC_42 - my_run - INFO - t_env: 250249 / 5050000
2026-07-23 17:34:28,785 - my_experiment - bat_mm_HC_42 - my_run - INFO - Estimated time left: 9 hours, 44 minutes, 3 seconds. Time passed: 31 minutes, 37 seconds
2026-07-23 17:40:36,993 - my_experiment - bat_mm_HC_42 - my_run - INFO - Recent Stats | t_env:     300148 | Episode:     1504
blue_team_alives_mean:     2.4317	blue_team_win_mean:        0.0000	ep_length_mean:          198.4549	episode_length_mean:     197.4549
epsilon:                   0.7237	grad_norm:                 9.5379	info_nce_loss:             0.1730	loss:                      3.1701
q_loss:                    2.8819	red_team_alives_mean:     20.0000	red_team_win_mean:         1.0000	return_mean:              -1.9498
return_std:                0.5334	test_blue_team_alives_mean: 15.0000	test_blue_team_win_mean:   0.0000	test_ep_length_mean:     200.0000
test_episode_length_mean:199.0000	test_red_team_alives_mean: 20.0000	test_red_team_win_mean:    0.8000	test_return_mean:         -3.3900
test_return_std:           0.0000	
2026-07-23 17:40:38,377 - my_experiment - bat_mm_HC_42 - my_run - INFO - t_env: 300348 / 5050000
2026-07-23 17:40:38,377 - my_experiment - bat_mm_HC_42 - my_run - INFO - Estimated time left: 9 hours, 43 minutes, 59 seconds. Time passed: 37 minutes, 46 seconds
2026-07-23 17:46:45,944 - my_experiment - bat_mm_HC_42 - my_run - INFO - Recent Stats | t_env:     350271 | Episode:     1764
blue_team_alives_mean:     1.9421	blue_team_win_mean:        0.0000	ep_length_mean:          193.5170	episode_length_mean:     192.5170
epsilon:                   0.6757	grad_norm:                 5.6828	info_nce_loss:             0.0948	loss:                      2.3996
q_loss:                    2.1815	red_team_alives_mean:     20.0000	red_team_win_mean:         1.0000	return_mean:              -1.2993
return_std:                0.8316	test_blue_team_alives_mean: 12.4000	test_blue_team_win_mean:   0.0000	test_ep_length_mean:     200.0000
test_episode_length_mean:199.0000	test_red_team_alives_mean: 20.0000	test_red_team_win_mean:    1.0000	test_return_mean:         -4.1400
test_return_std:           0.0000	
2026-07-23 17:46:47,685 - my_experiment - bat_mm_HC_42 - my_run - INFO - t_env: 350471 / 5050000
2026-07-23 17:46:47,686 - my_experiment - bat_mm_HC_42 - my_run - INFO - Estimated time left: 9 hours, 37 minutes, 6 seconds. Time passed: 43 minutes, 56 seconds
2026-07-23 17:52:53,640 - my_experiment - bat_mm_HC_42 - my_run - INFO - Recent Stats | t_env:     400369 | Episode:     2024
blue_team_alives_mean:     1.6737	blue_team_win_mean:        0.0000	ep_length_mean:          192.3843	episode_length_mean:     191.3843
epsilon:                   0.6277	grad_norm:                 7.4895	info_nce_loss:             0.1428	loss:                      2.5816
q_loss:                    2.3469	red_team_alives_mean:     20.0000	red_team_win_mean:         1.0000	return_mean:              -0.7758
return_std:                0.8809	test_blue_team_alives_mean:  9.8000	test_blue_team_win_mean:   0.0000	test_ep_length_mean:     200.0000
test_episode_length_mean:199.0000	test_red_team_alives_mean: 20.0000	test_red_team_win_mean:    1.0000	test_return_mean:         -3.3970
test_return_std:           0.0000	
2026-07-23 17:52:55,031 - my_experiment - bat_mm_HC_42 - my_run - INFO - t_env: 400569 / 5050000
2026-07-23 17:52:55,032 - my_experiment - bat_mm_HC_42 - my_run - INFO - Estimated time left: 9 hours, 28 minutes, 12 seconds. Time passed: 50 minutes, 3 seconds
2026-07-23 17:58:58,647 - my_experiment - bat_mm_HC_42 - my_run - INFO - Recent Stats | t_env:     450450 | Episode:     2277
blue_team_alives_mean:     1.9177	blue_team_win_mean:        0.0000	ep_length_mean:          197.6626	episode_length_mean:     196.6626
epsilon:                   0.5796	grad_norm:                 4.1635	info_nce_loss:             0.1022	loss:                      2.2975
q_loss:                    2.0886	red_team_alives_mean:     20.0000	red_team_win_mean:         1.0000	return_mean:              -0.5453
return_std:                0.5119	test_blue_team_alives_mean:  6.8000	test_blue_team_win_mean:   0.0000	test_ep_length_mean:     200.0000
test_episode_length_mean:199.0000	test_red_team_alives_mean: 20.0000	test_red_team_win_mean:    1.0000	test_return_mean:         -1.6590
test_return_std:           0.0000	
2026-07-23 17:59:00,070 - my_experiment - bat_mm_HC_42 - my_run - INFO - t_env: 450650 / 5050000
2026-07-23 17:59:00,071 - my_experiment - bat_mm_HC_42 - my_run - INFO - Estimated time left: 9 hours, 18 minutes, 44 seconds. Time passed: 56 minutes, 8 seconds
2026-07-23 18:05:08,570 - my_experiment - bat_mm_HC_42 - my_run - INFO - Saving models to work_dirs/my_experiment/bat_mm_HC_42/my_run/20260723_170212/models/500248
2026-07-23 18:05:11,514 - my_experiment - bat_mm_HC_42 - my_run - INFO - Recent Stats | t_env:     500648 | Episode:     2529
blue_team_alives_mean:     2.2275	blue_team_win_mean:        0.0000	ep_length_mean:          198.8980	episode_length_mean:     197.8980
epsilon:                   0.5320	grad_norm:                 5.7340	info_nce_loss:             0.0848	loss:                      2.4813
q_loss:                    2.2557	red_team_alives_mean:     20.0000	red_team_win_mean:         1.0000	return_mean:              -0.2591
return_std:                0.3844	test_blue_team_alives_mean:  6.0000	test_blue_team_win_mean:   0.0000	test_ep_length_mean:     200.0000
test_episode_length_mean:199.0000	test_red_team_alives_mean: 20.0000	test_red_team_win_mean:    1.0000	test_return_mean:          0.9020
test_return_std:           0.0000	
2026-07-23 18:05:12,979 - my_experiment - bat_mm_HC_42 - my_run - INFO - t_env: 500848 / 5050000
2026-07-23 18:05:12,980 - my_experiment - bat_mm_HC_42 - my_run - INFO - Estimated time left: 9 hours, 23 minutes, 14 seconds. Time passed: 1 hours, 2 minutes, 21 seconds
2026-07-23 18:11:15,930 - my_experiment - bat_mm_HC_42 - my_run - INFO - Recent Stats | t_env:     550648 | Episode:     2779
blue_team_alives_mean:     2.5947	blue_team_win_mean:        0.0000	ep_length_mean:          199.9529	episode_length_mean:     198.9529
epsilon:                   0.4843	grad_norm:                16.3947	info_nce_loss:             0.0113	loss:                      2.4740
q_loss:                    2.2491	red_team_alives_mean:     20.0000	red_team_win_mean:         1.0000	return_mean:              -0.1199
return_std:                0.3222	test_blue_team_alives_mean:  2.8000	test_blue_team_win_mean:   0.0000	test_ep_length_mean:     200.0000
test_episode_length_mean:199.0000	test_red_team_alives_mean: 20.0000	test_red_team_win_mean:    1.0000	test_return_mean:          1.8850
test_return_std:           0.0000	
2026-07-23 18:11:17,524 - my_experiment - bat_mm_HC_42 - my_run - INFO - t_env: 550848 / 5050000
2026-07-23 18:11:17,525 - my_experiment - bat_mm_HC_42 - my_run - INFO - Estimated time left: 9 hours, 6 minutes, 42 seconds. Time passed: 1 hours, 8 minutes, 25 seconds
2026-07-23 18:17:24,872 - my_experiment - bat_mm_HC_42 - my_run - INFO - Recent Stats | t_env:     600815 | Episode:     3032
blue_team_alives_mean:     2.4762	blue_team_win_mean:        0.0000	ep_length_mean:          198.8667	episode_length_mean:     197.8667
epsilon:                   0.4365	grad_norm:                 8.0392	info_nce_loss:             0.0838	loss:                      2.2559
q_loss:                    2.0508	red_team_alives_mean:     20.0000	red_team_win_mean:         1.0000	return_mean:               0.0544
return_std:                0.4015	test_blue_team_alives_mean:  1.6000	test_blue_team_win_mean:   0.0000	test_ep_length_mean:     200.0000
test_episode_length_mean:199.0000	test_red_team_alives_mean: 20.0000	test_red_team_win_mean:    1.0000	test_return_mean:          3.4630
test_return_std:           0.0000	
2026-07-23 18:17:26,565 - my_experiment - bat_mm_HC_42 - my_run - INFO - t_env: 601015 / 5050000
2026-07-23 18:17:26,566 - my_experiment - bat_mm_HC_42 - my_run - INFO - Estimated time left: 9 hours, 5 minutes, 27 seconds. Time passed: 1 hours, 14 minutes, 35 seconds
2026-07-23 18:23:25,500 - my_experiment - bat_mm_HC_42 - my_run - INFO - Recent Stats | t_env:     650946 | Episode:     3286
blue_team_alives_mean:     2.3014	blue_team_win_mean:        0.0000	ep_length_mean:          197.5686	episode_length_mean:     196.5686
epsilon:                   0.3886	grad_norm:                 7.1482	info_nce_loss:             0.1227	loss:                      2.0641
q_loss:                    1.8764	red_team_alives_mean:     20.0000	red_team_win_mean:         1.0000	return_mean:               0.4856
return_std:                0.4952	test_blue_team_alives_mean:  2.2000	test_blue_team_win_mean:   0.0000	test_ep_length_mean:     200.0000
test_episode_length_mean:199.0000	test_red_team_alives_mean: 20.0000	test_red_team_win_mean:    1.0000	test_return_mean:          3.3800
test_return_std:           0.0000	
2026-07-23 18:23:26,869 - my_experiment - bat_mm_HC_42 - my_run - INFO - t_env: 651146 / 5050000
2026-07-23 18:23:26,870 - my_experiment - bat_mm_HC_42 - my_run - INFO - Estimated time left: 8 hours, 46 minutes, 55 seconds. Time passed: 1 hours, 20 minutes, 35 seconds
2026-07-23 18:29:23,129 - my_experiment - bat_mm_HC_42 - my_run - INFO - Recent Stats | t_env:     701006 | Episode:     3540
blue_team_alives_mean:     1.9259	blue_team_win_mean:        0.0000	ep_length_mean:          196.8235	episode_length_mean:     195.8235
epsilon:                   0.3406	grad_norm:                10.2676	info_nce_loss:             0.1054	loss:                      2.0006
q_loss:                    1.8188	red_team_alives_mean:     20.0000	red_team_win_mean:         1.0000	return_mean:               0.7198
return_std:                0.5635	test_blue_team_alives_mean:  2.2000	test_blue_team_win_mean:   0.0000	test_ep_length_mean:     200.0000
test_episode_length_mean:199.0000	test_red_team_alives_mean: 20.0000	test_red_team_win_mean:    1.0000	test_return_mean:          3.0590
test_return_std:           0.0000	
2026-07-23 18:29:24,773 - my_experiment - bat_mm_HC_42 - my_run - INFO - t_env: 701206 / 5050000
2026-07-23 18:29:24,774 - my_experiment - bat_mm_HC_42 - my_run - INFO - Estimated time left: 8 hours, 38 minutes, 11 seconds. Time passed: 1 hours, 26 minutes, 33 seconds
2026-07-23 18:35:35,564 - my_experiment - bat_mm_HC_42 - my_run - INFO - Recent Stats | t_env:     751090 | Episode:     3804
blue_team_alives_mean:     1.6040	blue_team_win_mean:        0.0000	ep_length_mean:          192.0143	episode_length_mean:     191.0143
epsilon:                   0.2926	grad_norm:                19.6474	info_nce_loss:             0.0326	loss:                      1.9252
q_loss:                    1.7502	red_team_alives_mean:     20.0000	red_team_win_mean:         1.0000	return_mean:               1.0656
return_std:                0.7707	test_blue_team_alives_mean:  2.2000	test_blue_team_win_mean:   0.0000	test_ep_length_mean:     200.0000
test_episode_length_mean:199.0000	test_red_team_alives_mean: 20.0000	test_red_team_win_mean:    1.0000	test_return_mean:          2.8100
test_return_std:           0.0000	
2026-07-23 18:35:37,023 - my_experiment - bat_mm_HC_42 - my_run - INFO - t_env: 751290 / 5050000
2026-07-23 18:35:37,023 - my_experiment - bat_mm_HC_42 - my_run - INFO - Estimated time left: 8 hours, 52 minutes, 30 seconds. Time passed: 1 hours, 32 minutes, 45 seconds
2026-07-23 18:41:48,580 - my_experiment - bat_mm_HC_42 - my_run - INFO - Recent Stats | t_env:     801164 | Episode:     4074
blue_team_alives_mean:     1.4232	blue_team_win_mean:        0.0000	ep_length_mean:          185.5632	episode_length_mean:     184.5632
epsilon:                   0.2445	grad_norm:                13.4806	info_nce_loss:             0.0917	loss:                      1.9240
q_loss:                    1.7491	red_team_alives_mean:     20.0000	red_team_win_mean:         1.0000	return_mean:               1.3385
return_std:                0.9161	test_blue_team_alives_mean:  2.2000	test_blue_team_win_mean:   0.0000	test_ep_length_mean:     200.0000
test_episode_length_mean:199.0000	test_red_team_alives_mean: 20.0000	test_red_team_win_mean:    1.0000	test_return_mean:          2.3810
test_return_std:           0.0000	
2026-07-23 18:41:50,353 - my_experiment - bat_mm_HC_42 - my_run - INFO - t_env: 801364 / 5050000
2026-07-23 18:41:50,354 - my_experiment - bat_mm_HC_42 - my_run - INFO - Estimated time left: 8 hours, 47 minutes, 55 seconds. Time passed: 1 hours, 38 minutes, 58 seconds
2026-07-23 18:48:14,649 - my_experiment - bat_mm_HC_42 - my_run - INFO - Recent Stats | t_env:     851172 | Episode:     4341
blue_team_alives_mean:     1.3877	blue_team_win_mean:        0.0000	ep_length_mean:          186.0786	episode_length_mean:     185.0786
epsilon:                   0.1965	grad_norm:                 9.4832	info_nce_loss:             0.0611	loss:                      1.7608
q_loss:                    1.6007	red_team_alives_mean:     20.0000	red_team_win_mean:         1.0000	return_mean:               1.9498
return_std:                0.7329	test_blue_team_alives_mean:  2.2000	test_blue_team_win_mean:   0.0000	test_ep_length_mean:     191.6000
test_episode_length_mean:190.6000	test_red_team_alives_mean: 20.0000	test_red_team_win_mean:    1.0000	test_return_mean:          2.5270
test_return_std:           0.0000	
2026-07-23 18:48:16,270 - my_experiment - bat_mm_HC_42 - my_run - INFO - t_env: 851372 / 5050000
2026-07-23 18:48:16,271 - my_experiment - bat_mm_HC_42 - my_run - INFO - Estimated time left: 9 hours, 1 seconds. Time passed: 1 hours, 45 minutes, 24 seconds
2026-07-23 18:54:27,035 - my_experiment - bat_mm_HC_42 - my_run - INFO - Recent Stats | t_env:     901218 | Episode:     4610
blue_team_alives_mean:     1.5459	blue_team_win_mean:        0.0000	ep_length_mean:          186.6169	episode_length_mean:     185.6169
epsilon:                   0.1487	grad_norm:                 7.5154	info_nce_loss:             0.0175	loss:                      1.7732
q_loss:                    1.6120	red_team_alives_mean:     20.0000	red_team_win_mean:         1.0000	return_mean:               2.2124
return_std:                0.7011	test_blue_team_alives_mean:  1.6000	test_blue_team_win_mean:   0.0000	test_ep_length_mean:     191.6000
test_episode_length_mean:190.6000	test_red_team_alives_mean: 20.0000	test_red_team_win_mean:    1.0000	test_return_mean:          2.3570
test_return_std:           0.0000	
2026-07-23 18:54:28,481 - my_experiment - bat_mm_HC_42 - my_run - INFO - t_env: 901418 / 5050000
2026-07-23 18:54:28,482 - my_experiment - bat_mm_HC_42 - my_run - INFO - Estimated time left: 8 hours, 34 minutes, 14 seconds. Time passed: 1 hours, 51 minutes, 36 seconds
2026-07-23 19:00:41,881 - my_experiment - bat_mm_HC_42 - my_run - INFO - Recent Stats | t_env:     951239 | Episode:     4867
blue_team_alives_mean:     1.9974	blue_team_win_mean:        0.0000	ep_length_mean:          193.6167	episode_length_mean:     192.6167
epsilon:                   0.1007	grad_norm:                 9.9211	info_nce_loss:             0.0322	loss:                      1.7530
q_loss:                    1.5936	red_team_alives_mean:     20.0000	red_team_win_mean:         1.0000	return_mean:               2.3741
return_std:                0.5725	test_blue_team_alives_mean:  1.2000	test_blue_team_win_mean:   0.0000	test_ep_length_mean:     191.6000
test_episode_length_mean:190.6000	test_red_team_alives_mean: 20.0000	test_red_team_win_mean:    1.0000	test_return_mean:          2.6780
test_return_std:           0.0000	
2026-07-23 19:00:43,482 - my_experiment - bat_mm_HC_42 - my_run - INFO - t_env: 951439 / 5050000
2026-07-23 19:00:43,483 - my_experiment - bat_mm_HC_42 - my_run - INFO - Estimated time left: 8 hours, 32 minutes, 6 seconds. Time passed: 1 hours, 57 minutes, 51 seconds
2026-07-23 19:06:34,065 - my_experiment - bat_mm_HC_42 - my_run - INFO - Saving models to work_dirs/my_experiment/bat_mm_HC_42/my_run/20260723_170212/models/1000268
2026-07-23 19:06:40,941 - my_experiment - bat_mm_HC_42 - my_run - INFO - Recent Stats | t_env:    1001268 | Episode:     5122
blue_team_alives_mean:     2.3489	blue_team_win_mean:        0.0000	ep_length_mean:          196.6900	episode_length_mean:     195.6900
epsilon:                   0.0529	grad_norm:                10.0229	info_nce_loss:             0.0031	loss:                      1.6761
q_loss:                    1.5238	red_team_alives_mean:     20.0000	red_team_win_mean:         1.0000	return_mean:               2.4292
return_std:                0.6449	test_blue_team_alives_mean:  1.0000	test_blue_team_win_mean:   0.0000	test_ep_length_mean:     191.6000
test_episode_length_mean:190.6000	test_red_team_alives_mean: 20.0000	test_red_team_win_mean:    1.0000	test_return_mean:          2.7430
test_return_std:           0.0000	
2026-07-23 19:06:42,445 - my_experiment - bat_mm_HC_42 - my_run - INFO - t_env: 1001468 / 5050000
2026-07-23 19:06:42,446 - my_experiment - bat_mm_HC_42 - my_run - INFO - Estimated time left: 8 hours, 4 minutes, 8 seconds. Time passed: 2 hours, 3 minutes, 50 seconds
2026-07-23 19:12:45,790 - my_experiment - bat_mm_HC_42 - my_run - INFO - Recent Stats | t_env:    1051404 | Episode:     5375
blue_team_alives_mean:     2.4458	blue_team_win_mean:        0.0000	ep_length_mean:          198.2033	episode_length_mean:     197.2033
epsilon:                   0.0500	grad_norm:                 6.7131	info_nce_loss:             0.0058	loss:                      1.4922
q_loss:                    1.3566	red_team_alives_mean:     20.0000	red_team_win_mean:         1.0000	return_mean:               2.6389
return_std:                0.5657	test_blue_team_alives_mean:  1.4000	test_blue_team_win_mean:   0.0000	test_ep_length_mean:     191.6000
test_episode_length_mean:190.6000	test_red_team_alives_mean: 20.0000	test_red_team_win_mean:    1.0000	test_return_mean:          2.8700
test_return_std:           0.0000	
2026-07-23 19:12:47,230 - my_experiment - bat_mm_HC_42 - my_run - INFO - t_env: 1051604 / 5050000
2026-07-23 19:12:47,231 - my_experiment - bat_mm_HC_42 - my_run - INFO - Estimated time left: 8 hours, 4 minutes, 51 seconds. Time passed: 2 hours, 9 minutes, 55 seconds
2026-07-23 19:18:54,805 - my_experiment - bat_mm_HC_42 - my_run - INFO - Recent Stats | t_env:    1101590 | Episode:     5629
blue_team_alives_mean:     2.5693	blue_team_win_mean:        0.0000	ep_length_mean:          197.1296	episode_length_mean:     196.1296
epsilon:                   0.0500	grad_norm:                 8.8389	info_nce_loss:             0.0032	loss:                      1.3899
q_loss:                    1.2635	red_team_alives_mean:     20.0000	red_team_win_mean:         1.0000	return_mean:               2.5991
return_std:                0.5826	test_blue_team_alives_mean:  1.8000	test_blue_team_win_mean:   0.0000	test_ep_length_mean:     200.0000
test_episode_length_mean:199.0000	test_red_team_alives_mean: 20.0000	test_red_team_win_mean:    1.0000	test_return_mean:          2.7000
test_return_std:           0.0000	
2026-07-23 19:18:56,183 - my_experiment - bat_mm_HC_42 - my_run - INFO - t_env: 1101790 / 5050000
2026-07-23 19:18:56,185 - my_experiment - bat_mm_HC_42 - my_run - INFO - Estimated time left: 8 hours, 3 minutes, 46 seconds. Time passed: 2 hours, 16 minutes, 4 seconds
2026-07-23 19:25:06,057 - my_experiment - bat_mm_HC_42 - my_run - INFO - Recent Stats | t_env:    1151660 | Episode:     5886
blue_team_alives_mean:     2.5320	blue_team_win_mean:        0.0000	ep_length_mean:          195.7936	episode_length_mean:     194.7936
epsilon:                   0.0500	grad_norm:                 9.7689	info_nce_loss:             0.0009	loss:                      1.2693
q_loss:                    1.1539	red_team_alives_mean:     20.0000	red_team_win_mean:         1.0000	return_mean:               2.5990
return_std:                0.7212	test_blue_team_alives_mean:  2.0000	test_blue_team_win_mean:   0.0000	test_ep_length_mean:     200.0000
test_episode_length_mean:199.0000	test_red_team_alives_mean: 20.0000	test_red_team_win_mean:    1.0000	test_return_mean:          2.8760
test_return_std:           0.0000	
2026-07-23 19:25:07,567 - my_experiment - bat_mm_HC_42 - my_run - INFO - t_env: 1151860 / 5050000
2026-07-23 19:25:07,568 - my_experiment - bat_mm_HC_42 - my_run - INFO - Estimated time left: 8 hours, 1 minutes, 53 seconds. Time passed: 2 hours, 22 minutes, 16 seconds
2026-07-23 19:31:38,075 - my_experiment - bat_mm_HC_42 - my_run - INFO - Recent Stats | t_env:    1201799 | Episode:     6148
blue_team_alives_mean:     2.4087	blue_team_win_mean:        0.0000	ep_length_mean:          191.5023	episode_length_mean:     190.5023
epsilon:                   0.0500	grad_norm:                 8.6725	info_nce_loss:             0.0005	loss:                      1.1956
q_loss:                    1.0869	red_team_alives_mean:     20.0000	red_team_win_mean:         1.0000	return_mean:               2.7369
return_std:                0.7182	test_blue_team_alives_mean:  2.4000	test_blue_team_win_mean:   0.0000	test_ep_length_mean:     200.0000
test_episode_length_mean:199.0000	test_red_team_alives_mean: 20.0000	test_red_team_win_mean:    1.0000	test_return_mean:          2.7480
test_return_std:           0.0000	
2026-07-23 19:31:39,471 - my_experiment - bat_mm_HC_42 - my_run - INFO - t_env: 1201999 / 5050000
2026-07-23 19:31:39,472 - my_experiment - bat_mm_HC_42 - my_run - INFO - Estimated time left: 8 hours, 21 minutes, 17 seconds. Time passed: 2 hours, 28 minutes, 47 seconds
2026-07-23 19:37:56,047 - my_experiment - bat_mm_HC_42 - my_run - INFO - Recent Stats | t_env:    1251982 | Episode:     6409
blue_team_alives_mean:     2.3319	blue_team_win_mean:        0.0000	ep_length_mean:          191.7705	episode_length_mean:     190.7705
epsilon:                   0.0500	grad_norm:                12.2433	info_nce_loss:             0.0018	loss:                      1.1995
q_loss:                    1.0904	red_team_alives_mean:     20.0000	red_team_win_mean:         1.0000	return_mean:               2.7460
return_std:                0.6715	test_blue_team_alives_mean:  2.6000	test_blue_team_win_mean:   0.0000	test_ep_length_mean:     200.0000
test_episode_length_mean:199.0000	test_red_team_alives_mean: 20.0000	test_red_team_win_mean:    1.0000	test_return_mean:          2.8980
test_return_std:           0.0000	
2026-07-23 19:37:57,506 - my_experiment - bat_mm_HC_42 - my_run - INFO - t_env: 1252182 / 5050000
2026-07-23 19:37:57,507 - my_experiment - bat_mm_HC_42 - my_run - INFO - Estimated time left: 7 hours, 56 minutes, 49 seconds. Time passed: 2 hours, 35 minutes, 5 seconds
2026-07-23 19:44:08,064 - my_experiment - bat_mm_HC_42 - my_run - INFO - Recent Stats | t_env:    1302042 | Episode:     6671
blue_team_alives_mean:     2.2945	blue_team_win_mean:        0.0000	ep_length_mean:          191.6674	episode_length_mean:     190.6674
epsilon:                   0.0500	grad_norm:                10.1883	info_nce_loss:             0.0025	loss:                      1.1411
q_loss:                    1.0374	red_team_alives_mean:     20.0000	red_team_win_mean:         1.0000	return_mean:               2.7392
return_std:                0.6513	test_blue_team_alives_mean:  2.4000	test_blue_team_win_mean:   0.0000	test_ep_length_mean:     200.0000
test_episode_length_mean:199.0000	test_red_team_alives_mean: 20.0000	test_red_team_win_mean:    1.0000	test_return_mean:          3.1470
test_return_std:           0.0000	
2026-07-23 19:44:09,657 - my_experiment - bat_mm_HC_42 - my_run - INFO - t_env: 1302242 / 5050000
2026-07-23 19:44:09,658 - my_experiment - bat_mm_HC_42 - my_run - INFO - Estimated time left: 7 hours, 44 minutes, 21 seconds. Time passed: 2 hours, 41 minutes, 18 seconds
2026-07-23 19:50:22,475 - my_experiment - bat_mm_HC_42 - my_run - INFO - Recent Stats | t_env:    1352044 | Episode:     6930
blue_team_alives_mean:     2.2359	blue_team_win_mean:        0.0000	ep_length_mean:          192.7494	episode_length_mean:     191.7494
epsilon:                   0.0500	grad_norm:                10.7853	info_nce_loss:             0.0008	loss:                      1.0753
q_loss:                    0.9775	red_team_alives_mean:     20.0000	red_team_win_mean:         1.0000	return_mean:               2.8864
return_std:                0.5553	test_blue_team_alives_mean:  2.2000	test_blue_team_win_mean:   0.0000	test_ep_length_mean:     200.0000
test_episode_length_mean:199.0000	test_red_team_alives_mean: 20.0000	test_red_team_win_mean:    1.0000	test_return_mean:          3.1890
test_return_std:           0.0000	
2026-07-23 19:50:23,867 - my_experiment - bat_mm_HC_42 - my_run - INFO - t_env: 1352244 / 5050000
2026-07-23 19:50:23,868 - my_experiment - bat_mm_HC_42 - my_run - INFO - Estimated time left: 7 hours, 41 minutes, 13 seconds. Time passed: 2 hours, 47 minutes, 32 seconds
2026-07-23 19:56:41,441 - my_experiment - bat_mm_HC_42 - my_run - INFO - Recent Stats | t_env:    1402065 | Episode:     7188
blue_team_alives_mean:     2.3192	blue_team_win_mean:        0.0000	ep_length_mean:          193.5183	episode_length_mean:     192.5183
epsilon:                   0.0500	grad_norm:                 9.8429	info_nce_loss:             0.0003	loss:                      1.0350
q_loss:                    0.9409	red_team_alives_mean:     20.0000	red_team_win_mean:         1.0000	return_mean:               2.7945
return_std:                0.5819	test_blue_team_alives_mean:  2.4000	test_blue_team_win_mean:   0.0000	test_ep_length_mean:     200.0000
test_episode_length_mean:199.0000	test_red_team_alives_mean: 20.0000	test_red_team_win_mean:    1.0000	test_return_mean:          3.1000
test_return_std:           0.0000	
2026-07-23 19:56:42,982 - my_experiment - bat_mm_HC_42 - my_run - INFO - t_env: 1402265 / 5050000
2026-07-23 19:56:42,983 - my_experiment - bat_mm_HC_42 - my_run - INFO - Estimated time left: 7 hours, 40 minutes, 46 seconds. Time passed: 2 hours, 53 minutes, 51 seconds
2026-07-23 20:03:01,154 - my_experiment - bat_mm_HC_42 - my_run - INFO - Recent Stats | t_env:    1452232 | Episode:     7441
blue_team_alives_mean:     2.7342	blue_team_win_mean:        0.0000	ep_length_mean:          198.3020	episode_length_mean:     197.3020
epsilon:                   0.0500	grad_norm:                10.5826	info_nce_loss:             0.0013	loss:                      1.0169
q_loss:                    0.9245	red_team_alives_mean:     20.0000	red_team_win_mean:         1.0000	return_mean:               2.6645
return_std:                0.5163	test_blue_team_alives_mean:  2.0000	test_blue_team_win_mean:   0.0000	test_ep_length_mean:     200.0000
test_episode_length_mean:199.0000	test_red_team_alives_mean: 20.0000	test_red_team_win_mean:    1.0000	test_return_mean:          3.2820
test_return_std:           0.0000	
2026-07-23 20:03:02,755 - my_experiment - bat_mm_HC_42 - my_run - INFO - t_env: 1452432 / 5050000
2026-07-23 20:03:02,756 - my_experiment - bat_mm_HC_42 - my_run - INFO - Estimated time left: 7 hours, 33 minutes, 54 seconds. Time passed: 3 hours, 11 seconds
2026-07-23 20:09:02,371 - my_experiment - bat_mm_HC_42 - my_run - INFO - Saving models to work_dirs/my_experiment/bat_mm_HC_42/my_run/20260723_170212/models/1500286
2026-07-23 20:09:17,778 - my_experiment - bat_mm_HC_42 - my_run - INFO - Recent Stats | t_env:    1502286 | Episode:     7693
blue_team_alives_mean:     2.7463	blue_team_win_mean:        0.0000	ep_length_mean:          198.6590	episode_length_mean:     197.6590
epsilon:                   0.0500	grad_norm:                10.7473	info_nce_loss:             0.0004	loss:                      1.0072
q_loss:                    0.9157	red_team_alives_mean:     20.0000	red_team_win_mean:         1.0000	return_mean:               2.5205
return_std:                0.4966	test_blue_team_alives_mean:  2.0000	test_blue_team_win_mean:   0.0000	test_ep_length_mean:     200.0000
test_episode_length_mean:199.0000	test_red_team_alives_mean: 20.0000	test_red_team_win_mean:    1.0000	test_return_mean:          3.3100
test_return_std:           0.0000	
2026-07-23 20:09:19,170 - my_experiment - bat_mm_HC_42 - my_run - INFO - t_env: 1502486 / 5050000
2026-07-23 20:09:19,171 - my_experiment - bat_mm_HC_42 - my_run - INFO - Estimated time left: 7 hours, 24 minutes, 37 seconds. Time passed: 3 hours, 6 minutes, 27 seconds
2026-07-23 20:15:45,131 - my_experiment - bat_mm_HC_42 - my_run - INFO - Recent Stats | t_env:    1552420 | Episode:     7944
blue_team_alives_mean:     2.9531	blue_team_win_mean:        0.0000	ep_length_mean:          199.7412	episode_length_mean:     198.7412
epsilon:                   0.0500	grad_norm:                 8.7007	info_nce_loss:             0.0008	loss:                      0.9751
q_loss:                    0.8865	red_team_alives_mean:     20.0000	red_team_win_mean:         1.0000	return_mean:               2.4485
return_std:                0.5071	test_blue_team_alives_mean:  2.6000	test_blue_team_win_mean:   0.0000	test_ep_length_mean:     200.0000
test_episode_length_mean:199.0000	test_red_team_alives_mean: 20.0000	test_red_team_win_mean:    1.0000	test_return_mean:          2.9960
test_return_std:           0.0000	
2026-07-23 20:15:46,772 - my_experiment - bat_mm_HC_42 - my_run - INFO - t_env: 1552620 / 5050000
2026-07-23 20:15:46,773 - my_experiment - bat_mm_HC_42 - my_run - INFO - Estimated time left: 7 hours, 30 minutes, 39 seconds. Time passed: 3 hours, 12 minutes, 55 seconds
2026-07-23 20:22:13,548 - my_experiment - bat_mm_HC_42 - my_run - INFO - Recent Stats | t_env:    1602555 | Episode:     8198
blue_team_alives_mean:     2.9343	blue_team_win_mean:        0.0000	ep_length_mean:          197.9215	episode_length_mean:     196.9215
epsilon:                   0.0500	grad_norm:                 8.0658	info_nce_loss:             0.0022	loss:                      0.9241
q_loss:                    0.8401	red_team_alives_mean:     20.0000	red_team_win_mean:         1.0000	return_mean:               2.5756
return_std:                0.5296	test_blue_team_alives_mean:  2.6000	test_blue_team_win_mean:   0.0000	test_ep_length_mean:     200.0000
test_episode_length_mean:199.0000	test_red_team_alives_mean: 20.0000	test_red_team_win_mean:    1.0000	test_return_mean:          2.9880
test_return_std:           0.0000	
2026-07-23 20:22:15,215 - my_experiment - bat_mm_HC_42 - my_run - INFO - t_env: 1602755 / 5050000
2026-07-23 20:22:15,216 - my_experiment - bat_mm_HC_42 - my_run - INFO - Estimated time left: 7 hours, 25 minutes, 9 seconds. Time passed: 3 hours, 19 minutes, 23 seconds
2026-07-23 20:28:49,439 - my_experiment - bat_mm_HC_42 - my_run - INFO - Recent Stats | t_env:    1652728 | Episode:     8450
blue_team_alives_mean:     2.9924	blue_team_win_mean:        0.0000	ep_length_mean:          198.6000	episode_length_mean:     197.6000
epsilon:                   0.0500	grad_norm:                 7.7594	info_nce_loss:             0.0002	loss:                      0.9287
q_loss:                    0.8443	red_team_alives_mean:     20.0000	red_team_win_mean:         1.0000	return_mean:               2.5591
return_std:                0.5803	test_blue_team_alives_mean:  2.2000	test_blue_team_win_mean:   0.0000	test_ep_length_mean:     200.0000
test_episode_length_mean:199.0000	test_red_team_alives_mean: 20.0000	test_red_team_win_mean:    1.0000	test_return_mean:          3.1380
test_return_std:           0.0000	
2026-07-23 20:28:50,949 - my_experiment - bat_mm_HC_42 - my_run - INFO - t_env: 1652928 / 5050000
2026-07-23 20:28:50,950 - my_experiment - bat_mm_HC_42 - my_run - INFO - Estimated time left: 7 hours, 26 minutes, 34 seconds. Time passed: 3 hours, 25 minutes, 59 seconds
2026-07-23 20:35:20,726 - my_experiment - bat_mm_HC_42 - my_run - INFO - Recent Stats | t_env:    1702832 | Episode:     8703
blue_team_alives_mean:     2.8003	blue_team_win_mean:        0.0000	ep_length_mean:          198.1283	episode_length_mean:     197.1283
epsilon:                   0.0500	grad_norm:                 7.9825	info_nce_loss:             0.0006	loss:                      0.9052
q_loss:                    0.8229	red_team_alives_mean:     20.0000	red_team_win_mean:         1.0000	return_mean:               2.6351
return_std:                0.5783	test_blue_team_alives_mean:  2.8000	test_blue_team_win_mean:   0.0000	test_ep_length_mean:     200.0000
test_episode_length_mean:199.0000	test_red_team_alives_mean: 20.0000	test_red_team_win_mean:    1.0000	test_return_mean:          2.8190
test_return_std:           0.0000	
2026-07-23 20:35:22,133 - my_experiment - bat_mm_HC_42 - my_run - INFO - t_env: 1703032 / 5050000
2026-07-23 20:35:22,134 - my_experiment - bat_mm_HC_42 - my_run - INFO - Estimated time left: 7 hours, 15 minutes, 31 seconds. Time passed: 3 hours, 32 minutes, 30 seconds
2026-07-23 20:41:45,145 - my_experiment - bat_mm_HC_42 - my_run - INFO - Recent Stats | t_env:    1752928 | Episode:     8957
blue_team_alives_mean:     2.4553	blue_team_win_mean:        0.0000	ep_length_mean:          197.2830	episode_length_mean:     196.2830
epsilon:                   0.0500	grad_norm:                 7.1096	info_nce_loss:             0.0100	loss:                      0.8880
q_loss:                    0.8073	red_team_alives_mean:     20.0000	red_team_win_mean:         1.0000	return_mean:               2.5338
return_std:                0.7990	test_blue_team_alives_mean:  3.2000	test_blue_team_win_mean:   0.0000	test_ep_length_mean:     200.0000
test_episode_length_mean:199.0000	test_red_team_alives_mean: 20.0000	test_red_team_win_mean:    1.0000	test_return_mean:          2.6840
test_return_std:           0.0000	
2026-07-23 20:41:46,610 - my_experiment - bat_mm_HC_42 - my_run - INFO - t_env: 1753128 / 5050000
2026-07-23 20:41:46,611 - my_experiment - bat_mm_HC_42 - my_run - INFO - Estimated time left: 7 hours, 1 minutes, 42 seconds. Time passed: 3 hours, 38 minutes, 55 seconds
2026-07-23 20:47:49,003 - my_experiment - bat_mm_HC_42 - my_run - INFO - Recent Stats | t_env:    1803056 | Episode:     9210
blue_team_alives_mean:     2.5282	blue_team_win_mean:        0.0000	ep_length_mean:          198.1490	episode_length_mean:     197.1490
epsilon:                   0.0500	grad_norm:                 7.9287	info_nce_loss:             0.0003	loss:                      0.8855
q_loss:                    0.8050	red_team_alives_mean:     20.0000	red_team_win_mean:         1.0000	return_mean:               2.6245
return_std:                0.6329	test_blue_team_alives_mean:  2.6000	test_blue_team_win_mean:   0.0000	test_ep_length_mean:     200.0000
test_episode_length_mean:199.0000	test_red_team_alives_mean: 20.0000	test_red_team_win_mean:    1.0000	test_return_mean:          3.0100
test_return_std:           0.0000	
2026-07-23 20:47:50,396 - my_experiment - bat_mm_HC_42 - my_run - INFO - t_env: 1803256 / 5050000
2026-07-23 20:47:50,397 - my_experiment - bat_mm_HC_42 - my_run - INFO - Estimated time left: 6 hours, 32 minutes, 42 seconds. Time passed: 3 hours, 44 minutes, 58 seconds
2026-07-23 20:53:46,046 - my_experiment - bat_mm_HC_42 - my_run - INFO - Recent Stats | t_env:    1853242 | Episode:     9462
blue_team_alives_mean:     2.4161	blue_team_win_mean:        0.0000	ep_length_mean:          199.1608	episode_length_mean:     198.1608
epsilon:                   0.0500	grad_norm:                 7.7281	info_nce_loss:             0.0002	loss:                      0.8980
q_loss:                    0.8164	red_team_alives_mean:     20.0000	red_team_win_mean:         1.0000	return_mean:               2.4683
return_std:                0.9033	test_blue_team_alives_mean:  3.2000	test_blue_team_win_mean:   0.0000	test_ep_length_mean:     200.0000
test_episode_length_mean:199.0000	test_red_team_alives_mean: 20.0000	test_red_team_win_mean:    1.0000	test_return_mean:          2.5830
test_return_std:           0.0000	
2026-07-23 20:53:47,411 - my_experiment - bat_mm_HC_42 - my_run - INFO - t_env: 1853442 / 5050000
2026-07-23 20:53:47,412 - my_experiment - bat_mm_HC_42 - my_run - INFO - Estimated time left: 6 hours, 18 minutes, 59 seconds. Time passed: 3 hours, 50 minutes, 55 seconds
2026-07-23 20:59:36,483 - my_experiment - bat_mm_HC_42 - my_run - INFO - Recent Stats | t_env:    1903425 | Episode:     9716
blue_team_alives_mean:     2.3079	blue_team_win_mean:        0.0000	ep_length_mean:          197.9363	episode_length_mean:     196.9363
epsilon:                   0.0500	grad_norm:                 5.5269	info_nce_loss:             0.0001	loss:                      0.8877
q_loss:                    0.8070	red_team_alives_mean:     20.0000	red_team_win_mean:         1.0000	return_mean:               2.7423
return_std:                0.5860	test_blue_team_alives_mean:  3.6000	test_blue_team_win_mean:   0.0000	test_ep_length_mean:     200.0000
test_episode_length_mean:199.0000	test_red_team_alives_mean: 20.0000	test_red_team_win_mean:    1.0000	test_return_mean:          2.3930
test_return_std:           0.0000	
2026-07-23 20:59:38,115 - my_experiment - bat_mm_HC_42 - my_run - INFO - t_env: 1903625 / 5050000
2026-07-23 20:59:38,116 - my_experiment - bat_mm_HC_42 - my_run - INFO - Estimated time left: 6 hours, 6 minutes, 28 seconds. Time passed: 3 hours, 56 minutes, 46 seconds
2026-07-23 21:05:34,475 - my_experiment - bat_mm_HC_42 - my_run - INFO - Recent Stats | t_env:    1953557 | Episode:     9971
blue_team_alives_mean:     2.1423	blue_team_win_mean:        0.0000	ep_length_mean:          196.3400	episode_length_mean:     195.3400
epsilon:                   0.0500	grad_norm:                 5.3709	info_nce_loss:             0.0002	loss:                      0.8712
q_loss:                    0.7920	red_team_alives_mean:     20.0000	red_team_win_mean:         1.0000	return_mean:               2.7616
return_std:                0.5803	test_blue_team_alives_mean:  3.2000	test_blue_team_win_mean:   0.0000	test_ep_length_mean:     200.0000
test_episode_length_mean:199.0000	test_red_team_alives_mean: 20.0000	test_red_team_win_mean:    1.0000	test_return_mean:          2.1600
test_return_std:           0.0000	
2026-07-23 21:05:36,131 - my_experiment - bat_mm_HC_42 - my_run - INFO - t_env: 1953757 / 5050000
2026-07-23 21:05:36,132 - my_experiment - bat_mm_HC_42 - my_run - INFO - Estimated time left: 6 hours, 8 minutes, 31 seconds. Time passed: 4 hours, 2 minutes, 44 seconds
2026-07-23 21:11:17,105 - my_experiment - bat_mm_HC_42 - my_run - INFO - Saving models to work_dirs/my_experiment/bat_mm_HC_42/my_run/20260723_170212/models/2000321
2026-07-23 21:11:42,538 - my_experiment - bat_mm_HC_42 - my_run - INFO - Recent Stats | t_env:    2003734 | Episode:    10229
blue_team_alives_mean:     1.9934	blue_team_win_mean:        0.0000	ep_length_mean:          195.5654	episode_length_mean:     194.5654
epsilon:                   0.0500	grad_norm:                 6.2312	info_nce_loss:             0.0003	loss:                      0.8846
q_loss:                    0.8042	red_team_alives_mean:     20.0000	red_team_win_mean:         1.0000	return_mean:               2.8776
return_std:                0.5485	test_blue_team_alives_mean:  2.8000	test_blue_team_win_mean:   0.0000	test_ep_length_mean:     200.0000
test_episode_length_mean:199.0000	test_red_team_alives_mean: 20.0000	test_red_team_win_mean:    1.0000	test_return_mean:          2.3460
test_return_std:           0.0000	
2026-07-23 21:11:44,058 - my_experiment - bat_mm_HC_42 - my_run - INFO - t_env: 2003934 / 5050000
2026-07-23 21:11:44,058 - my_experiment - bat_mm_HC_42 - my_run - INFO - Estimated time left: 6 hours, 12 minutes, 15 seconds. Time passed: 4 hours, 8 minutes, 52 seconds
2026-07-23 21:18:01,040 - my_experiment - bat_mm_HC_42 - my_run - INFO - Recent Stats | t_env:    2053931 | Episode:    10490
blue_team_alives_mean:     1.8942	blue_team_win_mean:        0.0000	ep_length_mean:          192.3050	episode_length_mean:     191.3050
epsilon:                   0.0500	grad_norm:                 4.6592	info_nce_loss:             0.0004	loss:                      0.8848
q_loss:                    0.8044	red_team_alives_mean:     20.0000	red_team_win_mean:         1.0000	return_mean:               2.8709
return_std:                0.5786	test_blue_team_alives_mean:  2.6000	test_blue_team_win_mean:   0.0000	test_ep_length_mean:     200.0000
test_episode_length_mean:199.0000	test_red_team_alives_mean: 20.0000	test_red_team_win_mean:    1.0000	test_return_mean:          2.3500
test_return_std:           0.0000	
2026-07-23 21:18:02,567 - my_experiment - bat_mm_HC_42 - my_run - INFO - t_env: 2054131 / 5050000
2026-07-23 21:18:02,567 - my_experiment - bat_mm_HC_42 - my_run - INFO - Estimated time left: 6 hours, 16 minutes, 30 seconds. Time passed: 4 hours, 15 minutes, 11 seconds
2026-07-23 21:24:26,760 - my_experiment - bat_mm_HC_42 - my_run - INFO - Recent Stats | t_env:    2103964 | Episode:    10766
blue_team_alives_mean:     1.6583	blue_team_win_mean:        0.0000	ep_length_mean:          183.6415	episode_length_mean:     182.6415
epsilon:                   0.0500	grad_norm:                 6.1308	info_nce_loss:             0.0067	loss:                      0.9043
q_loss:                    0.8221	red_team_alives_mean:     20.0000	red_team_win_mean:         1.0000	return_mean:               2.9149
return_std:                0.6642	test_blue_team_alives_mean:  1.8000	test_blue_team_win_mean:   0.0000	test_ep_length_mean:     200.0000
test_episode_length_mean:199.0000	test_red_team_alives_mean: 20.0000	test_red_team_win_mean:    1.0000	test_return_mean:          2.7980
test_return_std:           0.0000	
2026-07-23 21:24:28,232 - my_experiment - bat_mm_HC_42 - my_run - INFO - t_env: 2104164 / 5050000
2026-07-23 21:24:28,233 - my_experiment - bat_mm_HC_42 - my_run - INFO - Estimated time left: 6 hours, 18 minutes, 27 seconds. Time passed: 4 hours, 21 minutes, 36 seconds
2026-07-23 21:30:50,438 - my_experiment - bat_mm_HC_42 - my_run - INFO - Recent Stats | t_env:    2154127 | Episode:    11037
blue_team_alives_mean:     1.5551	blue_team_win_mean:        0.0000	ep_length_mean:          184.5089	episode_length_mean:     183.5089
epsilon:                   0.0500	grad_norm:                 8.7973	info_nce_loss:             0.0001	loss:                      0.8933
q_loss:                    0.8121	red_team_alives_mean:     20.0000	red_team_win_mean:         1.0000	return_mean:               3.0367
return_std:                0.6405	test_blue_team_alives_mean:  1.4000	test_blue_team_win_mean:   0.0000	test_ep_length_mean:     200.0000
test_episode_length_mean:199.0000	test_red_team_alives_mean: 20.0000	test_red_team_win_mean:    1.0000	test_return_mean:          2.8640
test_return_std:           0.0000	
2026-07-23 21:30:52,041 - my_experiment - bat_mm_HC_42 - my_run - INFO - t_env: 2154327 / 5050000
2026-07-23 21:30:52,042 - my_experiment - bat_mm_HC_42 - my_run - INFO - Estimated time left: 6 hours, 9 minutes, 15 seconds. Time passed: 4 hours, 28 minutes, 0 seconds
2026-07-23 21:37:14,515 - my_experiment - bat_mm_HC_42 - my_run - INFO - Recent Stats | t_env:    2204276 | Episode:    11316
blue_team_alives_mean:     1.6441	blue_team_win_mean:        0.0000	ep_length_mean:          181.9251	episode_length_mean:     180.9251
epsilon:                   0.0500	grad_norm:                 5.5348	info_nce_loss:             0.0001	loss:                      0.8974
q_loss:                    0.8158	red_team_alives_mean:     20.0000	red_team_win_mean:         1.0000	return_mean:               2.9985
return_std:                0.6670	test_blue_team_alives_mean:  1.4000	test_blue_team_win_mean:   0.0000	test_ep_length_mean:     200.0000
test_episode_length_mean:199.0000	test_red_team_alives_mean: 20.0000	test_red_team_win_mean:    1.0000	test_return_mean:          3.3440
test_return_std:           0.0000	
2026-07-23 21:37:15,947 - my_experiment - bat_mm_HC_42 - my_run - INFO - t_env: 2204476 / 5050000
2026-07-23 21:37:15,948 - my_experiment - bat_mm_HC_42 - my_run - INFO - Estimated time left: 6 hours, 3 minutes, 3 seconds. Time passed: 4 hours, 34 minutes, 24 seconds
2026-07-23 21:44:00,017 - my_experiment - bat_mm_HC_42 - my_run - INFO - Recent Stats | t_env:    2254314 | Episode:    11615
blue_team_alives_mean:     1.4867	blue_team_win_mean:        0.0000	ep_length_mean:          169.7238	episode_length_mean:     168.7238
epsilon:                   0.0500	grad_norm:                 7.1057	info_nce_loss:             0.0011	loss:                      0.9209
q_loss:                    0.8372	red_team_alives_mean:     20.0000	red_team_win_mean:         1.0000	return_mean:               3.0538
return_std:                0.7914	test_blue_team_alives_mean:  1.2000	test_blue_team_win_mean:   0.0000	test_ep_length_mean:     200.0000
test_episode_length_mean:199.0000	test_red_team_alives_mean: 20.0000	test_red_team_win_mean:    1.0000	test_return_mean:          3.2550
test_return_std:           0.0000	
2026-07-23 21:44:01,487 - my_experiment - bat_mm_HC_42 - my_run - INFO - t_env: 2254514 / 5050000
2026-07-23 21:44:01,488 - my_experiment - bat_mm_HC_42 - my_run - INFO - Estimated time left: 6 hours, 17 minutes, 36 seconds. Time passed: 4 hours, 41 minutes, 9 seconds
2026-07-23 21:50:37,840 - my_experiment - bat_mm_HC_42 - my_run - INFO - Recent Stats | t_env:    2304401 | Episode:    11905
blue_team_alives_mean:     1.4072	blue_team_win_mean:        0.0000	ep_length_mean:          173.1140	episode_length_mean:     172.1140
epsilon:                   0.0500	grad_norm:                10.0809	info_nce_loss:             0.0010	loss:                      0.8799
q_loss:                    0.7999	red_team_alives_mean:     20.0000	red_team_win_mean:         1.0000	return_mean:               3.0991
return_std:                0.7003	test_blue_team_alives_mean:  1.4000	test_blue_team_win_mean:   0.0000	test_ep_length_mean:     200.0000
test_episode_length_mean:199.0000	test_red_team_alives_mean: 20.0000	test_red_team_win_mean:    1.0000	test_return_mean:          3.0850
test_return_std:           0.0000	
2026-07-23 21:50:39,230 - my_experiment - bat_mm_HC_42 - my_run - INFO - t_env: 2304601 / 5050000
2026-07-23 21:50:39,231 - my_experiment - bat_mm_HC_42 - my_run - INFO - Estimated time left: 6 hours, 3 minutes, 21 seconds. Time passed: 4 hours, 47 minutes, 47 seconds
2026-07-23 21:57:08,371 - my_experiment - bat_mm_HC_42 - my_run - INFO - Recent Stats | t_env:    2354468 | Episode:    12200
blue_team_alives_mean:     1.4888	blue_team_win_mean:        0.0000	ep_length_mean:          168.8989	episode_length_mean:     167.8989
epsilon:                   0.0500	grad_norm:                 4.4745	info_nce_loss:             0.0000	loss:                      0.9445
q_loss:                    0.8587	red_team_alives_mean:     20.0000	red_team_win_mean:         1.0000	return_mean:               3.1183
return_std:                0.7354	test_blue_team_alives_mean:  1.4000	test_blue_team_win_mean:   0.0000	test_ep_length_mean:     173.0000
test_episode_length_mean:172.0000	test_red_team_alives_mean: 20.0000	test_red_team_win_mean:    1.0000	test_return_mean:          3.3390
test_return_std:           0.0000	
2026-07-23 21:57:09,734 - my_experiment - bat_mm_HC_42 - my_run - INFO - t_env: 2354668 / 5050000
2026-07-23 21:57:09,735 - my_experiment - bat_mm_HC_42 - my_run - INFO - Estimated time left: 5 hours, 50 minutes, 22 seconds. Time passed: 4 hours, 54 minutes, 18 seconds
2026-07-23 22:03:41,824 - my_experiment - bat_mm_HC_42 - my_run - INFO - Recent Stats | t_env:    2404624 | Episode:    12488
blue_team_alives_mean:     1.5026	blue_team_win_mean:        0.0000	ep_length_mean:          173.0497	episode_length_mean:     172.0497
epsilon:                   0.0500	grad_norm:                 6.3891	info_nce_loss:             0.0001	loss:                      0.9670
q_loss:                    0.8791	red_team_alives_mean:     20.0000	red_team_win_mean:         1.0000	return_mean:               3.2674
return_std:                0.6794	test_blue_team_alives_mean:  1.4000	test_blue_team_win_mean:   0.0000	test_ep_length_mean:     147.6000
test_episode_length_mean:146.6000	test_red_team_alives_mean: 20.0000	test_red_team_win_mean:    1.0000	test_return_mean:          3.6870
test_return_std:           0.0000	
2026-07-23 22:03:43,188 - my_experiment - bat_mm_HC_42 - my_run - INFO - t_env: 2404824 / 5050000
2026-07-23 22:03:43,189 - my_experiment - bat_mm_HC_42 - my_run - INFO - Estimated time left: 5 hours, 45 minutes, 50 seconds. Time passed: 5 hours, 51 seconds
2026-07-23 22:10:10,179 - my_experiment - bat_mm_HC_42 - my_run - INFO - Recent Stats | t_env:    2454649 | Episode:    12767
blue_team_alives_mean:     1.4944	blue_team_win_mean:        0.0000	ep_length_mean:          180.1808	episode_length_mean:     179.1808
epsilon:                   0.0500	grad_norm:                 6.6791	info_nce_loss:             0.0001	loss:                      0.9559
q_loss:                    0.8690	red_team_alives_mean:     20.0000	red_team_win_mean:         1.0000	return_mean:               3.1602
return_std:                0.6640	test_blue_team_alives_mean:  1.2000	test_blue_team_win_mean:   0.0000	test_ep_length_mean:     147.6000
test_episode_length_mean:146.6000	test_red_team_alives_mean: 20.0000	test_red_team_win_mean:    1.0000	test_return_mean:          3.7150
test_return_std:           0.0000	
2026-07-23 22:10:11,643 - my_experiment - bat_mm_HC_42 - my_run - INFO - t_env: 2454849 / 5050000
2026-07-23 22:10:11,643 - my_experiment - bat_mm_HC_42 - my_run - INFO - Estimated time left: 5 hours, 35 minutes, 51 seconds. Time passed: 5 hours, 7 minutes, 20 seconds
2026-07-23 22:15:58,780 - my_experiment - bat_mm_HC_42 - my_run - INFO - Saving models to work_dirs/my_experiment/bat_mm_HC_42/my_run/20260723_170212/models/2500460
2026-07-23 22:16:30,900 - my_experiment - bat_mm_HC_42 - my_run - INFO - Recent Stats | t_env:    2504813 | Episode:    13051
blue_team_alives_mean:     1.5657	blue_team_win_mean:        0.0000	ep_length_mean:          176.1806	episode_length_mean:     175.1806
epsilon:                   0.0500	grad_norm:                 8.8301	info_nce_loss:             0.0001	loss:                      1.0225
q_loss:                    0.9296	red_team_alives_mean:     20.0000	red_team_win_mean:         1.0000	return_mean:               3.2399
return_std:                0.6719	test_blue_team_alives_mean:  1.4000	test_blue_team_win_mean:   0.0000	test_ep_length_mean:     147.6000
test_episode_length_mean:146.6000	test_red_team_alives_mean: 20.0000	test_red_team_win_mean:    1.0000	test_return_mean:          3.7070
test_return_std:           0.0000	
2026-07-23 22:16:32,263 - my_experiment - bat_mm_HC_42 - my_run - INFO - t_env: 2505013 / 5050000
2026-07-23 22:16:32,264 - my_experiment - bat_mm_HC_42 - my_run - INFO - Estimated time left: 5 hours, 21 minutes, 50 seconds. Time passed: 5 hours, 13 minutes, 40 seconds
2026-07-23 22:22:54,246 - my_experiment - bat_mm_HC_42 - my_run - INFO - Recent Stats | t_env:    2554849 | Episode:    13338
blue_team_alives_mean:     1.4799	blue_team_win_mean:        0.0000	ep_length_mean:          176.2350	episode_length_mean:     175.2350
epsilon:                   0.0500	grad_norm:                 5.4799	info_nce_loss:             0.0001	loss:                      1.0414
q_loss:                    0.9467	red_team_alives_mean:     20.0000	red_team_win_mean:         1.0000	return_mean:               3.1530
return_std:                0.7312	test_blue_team_alives_mean:  1.2000	test_blue_team_win_mean:   0.0000	test_ep_length_mean:     127.6000
test_episode_length_mean:126.6000	test_red_team_alives_mean: 20.0000	test_red_team_win_mean:    1.0000	test_return_mean:          4.1150
test_return_std:           0.0000	
2026-07-23 22:22:56,786 - my_experiment - bat_mm_HC_42 - my_run - INFO - t_env: 2555144 / 5050000
2026-07-23 22:22:56,787 - my_experiment - bat_mm_HC_42 - my_run - INFO - Estimated time left: 5 hours, 18 minutes, 56 seconds. Time passed: 5 hours, 20 minutes, 5 seconds
2026-07-23 22:29:27,408 - my_experiment - bat_mm_HC_42 - my_run - INFO - Recent Stats | t_env:    2605026 | Episode:    13629
blue_team_alives_mean:     1.5074	blue_team_win_mean:        0.0000	ep_length_mean:          171.5877	episode_length_mean:     170.5877
epsilon:                   0.0500	grad_norm:                 8.8291	info_nce_loss:             0.0001	loss:                      1.0067
q_loss:                    0.9151	red_team_alives_mean:     20.0000	red_team_win_mean:         1.0000	return_mean:               3.2252
return_std:                0.7751	test_blue_team_alives_mean:  1.2000	test_blue_team_win_mean:   0.0000	test_ep_length_mean:     134.0000
test_episode_length_mean:133.0000	test_red_team_alives_mean: 20.0000	test_red_team_win_mean:    1.0000	test_return_mean:          4.0950
test_return_std:           0.0000	
2026-07-23 22:29:28,790 - my_experiment - bat_mm_HC_42 - my_run - INFO - t_env: 2605226 / 5050000
2026-07-23 22:29:28,791 - my_experiment - bat_mm_HC_42 - my_run - INFO - Estimated time left: 5 hours, 18 minutes, 55 seconds. Time passed: 5 hours, 26 minutes, 37 seconds
2026-07-23 22:35:29,622 - my_experiment - bat_mm_HC_42 - my_run - INFO - Recent Stats | t_env:    2655076 | Episode:    13902
blue_team_alives_mean:     1.5848	blue_team_win_mean:        0.0000	ep_length_mean:          182.5719	episode_length_mean:     181.5719
epsilon:                   0.0500	grad_norm:                 9.2908	info_nce_loss:             0.0000	loss:                      1.0400
q_loss:                    0.9454	red_team_alives_mean:     20.0000	red_team_win_mean:         1.0000	return_mean:               3.1562
return_std:                0.6988	test_blue_team_alives_mean:  1.4000	test_blue_team_win_mean:   0.0000	test_ep_length_mean:     159.4000
test_episode_length_mean:158.4000	test_red_team_alives_mean: 20.0000	test_red_team_win_mean:    1.0000	test_return_mean:          3.7320
test_return_std:           0.0000	
2026-07-23 22:35:31,617 - my_experiment - bat_mm_HC_42 - my_run - INFO - t_env: 2655247 / 5050000
2026-07-23 22:35:31,618 - my_experiment - bat_mm_HC_42 - my_run - INFO - Estimated time left: 4 hours, 49 minutes, 30 seconds. Time passed: 5 hours, 32 minutes, 40 seconds
2026-07-23 22:41:56,277 - my_experiment - bat_mm_HC_42 - my_run - INFO - Recent Stats | t_env:    2705156 | Episode:    14183
blue_team_alives_mean:     1.6110	blue_team_win_mean:        0.0000	ep_length_mean:          178.0051	episode_length_mean:     177.0051
epsilon:                   0.0500	grad_norm:                 5.2089	info_nce_loss:             0.0001	loss:                      0.9943
q_loss:                    0.9040	red_team_alives_mean:     20.0000	red_team_win_mean:         1.0000	return_mean:               3.0719
return_std:                0.7764	test_blue_team_alives_mean:  1.4000	test_blue_team_win_mean:   0.0000	test_ep_length_mean:     159.4000
test_episode_length_mean:158.4000	test_red_team_alives_mean: 20.0000	test_red_team_win_mean:    1.0000	test_return_mean:          3.6980
test_return_std:           0.0000	
2026-07-23 22:41:57,661 - my_experiment - bat_mm_HC_42 - my_run - INFO - t_env: 2705356 / 5050000
2026-07-23 22:41:57,662 - my_experiment - bat_mm_HC_42 - my_run - INFO - Estimated time left: 5 hours, 1 minutes, 3 seconds. Time passed: 5 hours, 39 minutes, 6 seconds
2026-07-23 22:48:08,889 - my_experiment - bat_mm_HC_42 - my_run - INFO - Recent Stats | t_env:    2755176 | Episode:    14453
blue_team_alives_mean:     1.5645	blue_team_win_mean:        0.0000	ep_length_mean:          185.9671	episode_length_mean:     184.9671
epsilon:                   0.0500	grad_norm:                 9.3144	info_nce_loss:             0.0001	loss:                      0.9679
q_loss:                    0.8799	red_team_alives_mean:     20.0000	red_team_win_mean:         1.0000	return_mean:               3.0843
return_std:                0.6459	test_blue_team_alives_mean:  1.4000	test_blue_team_win_mean:   0.0000	test_ep_length_mean:     159.4000
test_episode_length_mean:158.4000	test_red_team_alives_mean: 20.0000	test_red_team_win_mean:    1.0000	test_return_mean:          3.8140
test_return_std:           0.0000	
2026-07-23 22:48:10,322 - my_experiment - bat_mm_HC_42 - my_run - INFO - t_env: 2755376 / 5050000
2026-07-23 22:48:10,323 - my_experiment - bat_mm_HC_42 - my_run - INFO - Estimated time left: 4 hours, 44 minutes, 55 seconds. Time passed: 5 hours, 45 minutes, 18 seconds
2026-07-23 22:54:24,871 - my_experiment - bat_mm_HC_42 - my_run - INFO - Recent Stats | t_env:    2805177 | Episode:    14723
blue_team_alives_mean:     1.5414	blue_team_win_mean:        0.0000	ep_length_mean:          184.2334	episode_length_mean:     183.2334
epsilon:                   0.0500	grad_norm:                 9.4259	info_nce_loss:             0.0001	loss:                      1.0133
q_loss:                    0.9212	red_team_alives_mean:     20.0000	red_team_win_mean:         1.0000	return_mean:               3.1787
return_std:                0.6190	test_blue_team_alives_mean:  1.4000	test_blue_team_win_mean:   0.0000	test_ep_length_mean:     179.4000
test_episode_length_mean:178.4000	test_red_team_alives_mean: 20.0000	test_red_team_win_mean:    1.0000	test_return_mean:          3.5830
test_return_std:           0.0000	
2026-07-23 22:54:26,290 - my_experiment - bat_mm_HC_42 - my_run - INFO - t_env: 2805377 / 5050000
2026-07-23 22:54:26,290 - my_experiment - bat_mm_HC_42 - my_run - INFO - Estimated time left: 4 hours, 41 minutes, 17 seconds. Time passed: 5 hours, 51 minutes, 34 seconds
2026-07-23 23:00:27,957 - my_experiment - bat_mm_HC_42 - my_run - INFO - Recent Stats | t_env:    2855237 | Episode:    14982
blue_team_alives_mean:     1.5760	blue_team_win_mean:        0.0000	ep_length_mean:          193.3328	episode_length_mean:     192.3328
epsilon:                   0.0500	grad_norm:                 8.0191	info_nce_loss:             0.0000	loss:                      0.9847
q_loss:                    0.8952	red_team_alives_mean:     20.0000	red_team_win_mean:         1.0000	return_mean:               3.0900
return_std:                0.5037	test_blue_team_alives_mean:  1.4000	test_blue_team_win_mean:   0.0000	test_ep_length_mean:     200.0000
test_episode_length_mean:199.0000	test_red_team_alives_mean: 20.0000	test_red_team_win_mean:    1.0000	test_return_mean:          3.4320
test_return_std:           0.0000	
2026-07-23 23:00:29,335 - my_experiment - bat_mm_HC_42 - my_run - INFO - t_env: 2855437 / 5050000
2026-07-23 23:00:29,336 - my_experiment - bat_mm_HC_42 - my_run - INFO - Estimated time left: 4 hours, 25 minutes, 15 seconds. Time passed: 5 hours, 57 minutes, 37 seconds
2026-07-23 23:06:26,749 - my_experiment - bat_mm_HC_42 - my_run - INFO - Recent Stats | t_env:    2905406 | Episode:    15237
blue_team_alives_mean:     1.6431	blue_team_win_mean:        0.0000	ep_length_mean:          196.3188	episode_length_mean:     195.3188
epsilon:                   0.0500	grad_norm:                 9.7865	info_nce_loss:             0.0001	loss:                      0.9788
q_loss:                    0.8898	red_team_alives_mean:     20.0000	red_team_win_mean:         1.0000	return_mean:               3.1196
return_std:                0.4356	test_blue_team_alives_mean:  1.2000	test_blue_team_win_mean:   0.0000	test_ep_length_mean:     173.4000
test_episode_length_mean:172.4000	test_red_team_alives_mean: 20.0000	test_red_team_win_mean:    1.0000	test_return_mean:          3.7960
test_return_std:           0.0000	
2026-07-23 23:06:28,162 - my_experiment - bat_mm_HC_42 - my_run - INFO - t_env: 2905606 / 5050000
2026-07-23 23:06:28,163 - my_experiment - bat_mm_HC_42 - my_run - INFO - Estimated time left: 4 hours, 15 minutes, 37 seconds. Time passed: 6 hours, 3 minutes, 36 seconds
2026-07-23 23:12:34,317 - my_experiment - bat_mm_HC_42 - my_run - INFO - Recent Stats | t_env:    2955566 | Episode:    15490
blue_team_alives_mean:     1.5620	blue_team_win_mean:        0.0000	ep_length_mean:          198.7174	episode_length_mean:     197.7174
epsilon:                   0.0500	grad_norm:                 8.7257	info_nce_loss:             0.0002	loss:                      0.9383
q_loss:                    0.8530	red_team_alives_mean:     20.0000	red_team_win_mean:         1.0000	return_mean:               3.0838
return_std:                0.4264	test_blue_team_alives_mean:  1.4000	test_blue_team_win_mean:   0.0000	test_ep_length_mean:     173.4000
test_episode_length_mean:172.4000	test_red_team_alives_mean: 20.0000	test_red_team_win_mean:    1.0000	test_return_mean:          3.8330
test_return_std:           0.0000	
2026-07-23 23:12:35,973 - my_experiment - bat_mm_HC_42 - my_run - INFO - t_env: 2955766 / 5050000
2026-07-23 23:12:35,974 - my_experiment - bat_mm_HC_42 - my_run - INFO - Estimated time left: 4 hours, 15 minutes, 56 seconds. Time passed: 6 hours, 9 minutes, 44 seconds
2026-07-23 23:18:02,170 - my_experiment - bat_mm_HC_42 - my_run - INFO - Saving models to work_dirs/my_experiment/bat_mm_HC_42/my_run/20260723_170212/models/3000483
2026-07-23 23:18:40,134 - my_experiment - bat_mm_HC_42 - my_run - INFO - Recent Stats | t_env:    3005683 | Episode:    15746
blue_team_alives_mean:     1.8129	blue_team_win_mean:        0.0000	ep_length_mean:          195.4394	episode_length_mean:     194.4394
epsilon:                   0.0500	grad_norm:                 6.7479	info_nce_loss:             0.0002	loss:                      0.9449
q_loss:                    0.8590	red_team_alives_mean:     20.0000	red_team_win_mean:         1.0000	return_mean:               3.0233
return_std:                0.5046	test_blue_team_alives_mean:  1.2000	test_blue_team_win_mean:   0.0000	test_ep_length_mean:     173.4000
test_episode_length_mean:172.4000	test_red_team_alives_mean: 20.0000	test_red_team_win_mean:    1.0000	test_return_mean:          3.8350
test_return_std:           0.0000	
2026-07-23 23:18:41,518 - my_experiment - bat_mm_HC_42 - my_run - INFO - t_env: 3005883 / 5050000
2026-07-23 23:18:41,518 - my_experiment - bat_mm_HC_42 - my_run - INFO - Estimated time left: 4 hours, 8 minutes, 29 seconds. Time passed: 6 hours, 15 minutes, 49 seconds
2026-07-23 23:25:05,192 - my_experiment - bat_mm_HC_42 - my_run - INFO - Recent Stats | t_env:    3055780 | Episode:    16005
blue_team_alives_mean:     1.8911	blue_team_win_mean:        0.0000	ep_length_mean:          194.0446	episode_length_mean:     193.0446
epsilon:                   0.0500	grad_norm:                10.1048	info_nce_loss:             0.0001	loss:                      0.9833
q_loss:                    0.8939	red_team_alives_mean:     20.0000	red_team_win_mean:         1.0000	return_mean:               3.0942
return_std:                0.5006	test_blue_team_alives_mean:  1.6000	test_blue_team_win_mean:   0.0000	test_ep_length_mean:     173.4000
test_episode_length_mean:172.4000	test_red_team_alives_mean: 20.0000	test_red_team_win_mean:    1.0000	test_return_mean:          3.7820
test_return_std:           0.0000	
2026-07-23 23:25:06,623 - my_experiment - bat_mm_HC_42 - my_run - INFO - t_env: 3055980 / 5050000
2026-07-23 23:25:06,623 - my_experiment - bat_mm_HC_42 - my_run - INFO - Estimated time left: 4 hours, 15 minutes, 28 seconds. Time passed: 6 hours, 22 minutes, 15 seconds
2026-07-23 23:31:08,415 - my_experiment - bat_mm_HC_42 - my_run - INFO - Recent Stats | t_env:    3105782 | Episode:    16262
blue_team_alives_mean:     1.9419	blue_team_win_mean:        0.0000	ep_length_mean:          194.1204	episode_length_mean:     193.1204
epsilon:                   0.0500	grad_norm:                 7.7563	info_nce_loss:             0.0000	loss:                      0.9444
q_loss:                    0.8586	red_team_alives_mean:     20.0000	red_team_win_mean:         1.0000	return_mean:               3.0520
return_std:                0.4993	test_blue_team_alives_mean:  2.0000	test_blue_team_win_mean:   0.0000	test_ep_length_mean:     173.4000
test_episode_length_mean:172.4000	test_red_team_alives_mean: 20.0000	test_red_team_win_mean:    1.0000	test_return_mean:          3.5760
test_return_std:           0.0000	
2026-07-23 23:31:09,778 - my_experiment - bat_mm_HC_42 - my_run - INFO - t_env: 3105982 / 5050000
2026-07-23 23:31:09,779 - my_experiment - bat_mm_HC_42 - my_run - INFO - Estimated time left: 3 hours, 55 minutes, 19 seconds. Time passed: 6 hours, 28 minutes, 18 seconds
2026-07-23 23:37:11,053 - my_experiment - bat_mm_HC_42 - my_run - INFO - Recent Stats | t_env:    3155831 | Episode:    16525
blue_team_alives_mean:     1.9437	blue_team_win_mean:        0.0000	ep_length_mean:          190.8975	episode_length_mean:     189.8975
epsilon:                   0.0500	grad_norm:                 8.2227	info_nce_loss:             0.0001	loss:                      0.9510
q_loss:                    0.8645	red_team_alives_mean:     20.0000	red_team_win_mean:         1.0000	return_mean:               3.1392
return_std:                0.5859	test_blue_team_alives_mean:  2.2000	test_blue_team_win_mean:   0.0000	test_ep_length_mean:     200.0000
test_episode_length_mean:199.0000	test_red_team_alives_mean: 20.0000	test_red_team_win_mean:    1.0000	test_return_mean:          3.3350
test_return_std:           0.0000	
2026-07-23 23:37:12,440 - my_experiment - bat_mm_HC_42 - my_run - INFO - t_env: 3156031 / 5050000
2026-07-23 23:37:12,441 - my_experiment - bat_mm_HC_42 - my_run - INFO - Estimated time left: 3 hours, 48 minutes, 43 seconds. Time passed: 6 hours, 34 minutes, 20 seconds
2026-07-23 23:43:33,778 - my_experiment - bat_mm_HC_42 - my_run - INFO - Recent Stats | t_env:    3205967 | Episode:    16789
blue_team_alives_mean:     1.7128	blue_team_win_mean:        0.0000	ep_length_mean:          190.0589	episode_length_mean:     189.0589
epsilon:                   0.0500	grad_norm:                 5.9628	info_nce_loss:             0.0000	loss:                      0.9215
q_loss:                    0.8378	red_team_alives_mean:     20.0000	red_team_win_mean:         1.0000	return_mean:               3.1971
return_std:                0.5480	test_blue_team_alives_mean:  2.0000	test_blue_team_win_mean:   0.0000	test_ep_length_mean:     200.0000
test_episode_length_mean:199.0000	test_red_team_alives_mean: 20.0000	test_red_team_win_mean:    1.0000	test_return_mean:          3.3250
test_return_std:           0.0000	
2026-07-23 23:43:35,174 - my_experiment - bat_mm_HC_42 - my_run - INFO - t_env: 3206167 / 5050000
2026-07-23 23:43:35,175 - my_experiment - bat_mm_HC_42 - my_run - INFO - Estimated time left: 3 hours, 54 minutes, 35 seconds. Time passed: 6 hours, 40 minutes, 43 seconds
2026-07-23 23:50:07,505 - my_experiment - bat_mm_HC_42 - my_run - INFO - Recent Stats | t_env:    3256165 | Episode:    17067
blue_team_alives_mean:     1.5279	blue_team_win_mean:        0.0000	ep_length_mean:          181.2665	episode_length_mean:     180.2665
epsilon:                   0.0500	grad_norm:                 6.8767	info_nce_loss:             0.0002	loss:                      0.9464
q_loss:                    0.8603	red_team_alives_mean:     20.0000	red_team_win_mean:         1.0000	return_mean:               3.1778
return_std:                0.6521	test_blue_team_alives_mean:  2.0000	test_blue_team_win_mean:   0.0000	test_ep_length_mean:     200.0000
test_episode_length_mean:199.0000	test_red_team_alives_mean: 20.0000	test_red_team_win_mean:    1.0000	test_return_mean:          3.3320
test_return_std:           0.0000	
2026-07-23 23:50:08,950 - my_experiment - bat_mm_HC_42 - my_run - INFO - t_env: 3256365 / 5050000
2026-07-23 23:50:08,951 - my_experiment - bat_mm_HC_42 - my_run - INFO - Estimated time left: 3 hours, 54 minutes, 30 seconds. Time passed: 6 hours, 47 minutes, 17 seconds
2026-07-23 23:56:27,293 - my_experiment - bat_mm_HC_42 - my_run - INFO - Recent Stats | t_env:    3306292 | Episode:    17339
blue_team_alives_mean:     1.5644	blue_team_win_mean:        0.0000	ep_length_mean:          183.6408	episode_length_mean:     182.6408
epsilon:                   0.0500	grad_norm:                 7.4263	info_nce_loss:             0.0000	loss:                      0.9610
q_loss:                    0.8736	red_team_alives_mean:     20.0000	red_team_win_mean:         1.0000	return_mean:               3.2859
return_std:                0.6381	test_blue_team_alives_mean:  1.6000	test_blue_team_win_mean:   0.0000	test_ep_length_mean:     176.6000
test_episode_length_mean:175.6000	test_red_team_alives_mean: 20.0000	test_red_team_win_mean:    1.0000	test_return_mean:          3.6410
test_return_std:           0.0000	
2026-07-23 23:56:28,533 - my_experiment - bat_mm_HC_42 - my_run - INFO - t_env: 3306396 / 5050000
2026-07-23 23:56:28,534 - my_experiment - bat_mm_HC_42 - my_run - INFO - Estimated time left: 3 hours, 40 minutes, 28 seconds. Time passed: 6 hours, 53 minutes, 36 seconds
2026-07-24 00:02:43,466 - my_experiment - bat_mm_HC_42 - my_run - INFO - Recent Stats | t_env:    3356388 | Episode:    17606
blue_team_alives_mean:     1.6526	blue_team_win_mean:        0.0000	ep_length_mean:          187.7842	episode_length_mean:     186.7842
epsilon:                   0.0500	grad_norm:                 5.4999	info_nce_loss:             0.0001	loss:                      0.9408
q_loss:                    0.8553	red_team_alives_mean:     20.0000	red_team_win_mean:         1.0000	return_mean:               3.2900
return_std:                0.5221	test_blue_team_alives_mean:  1.2000	test_blue_team_win_mean:   0.0000	test_ep_length_mean:     176.6000
test_episode_length_mean:175.6000	test_red_team_alives_mean: 20.0000	test_red_team_win_mean:    1.0000	test_return_mean:          3.7550
test_return_std:           0.0000	
2026-07-24 00:02:45,057 - my_experiment - bat_mm_HC_42 - my_run - INFO - t_env: 3356588 / 5050000
2026-07-24 00:02:45,057 - my_experiment - bat_mm_HC_42 - my_run - INFO - Estimated time left: 3 hours, 31 minutes, 43 seconds. Time passed: 6 hours, 59 minutes, 53 seconds
2026-07-24 00:09:07,681 - my_experiment - bat_mm_HC_42 - my_run - INFO - Recent Stats | t_env:    3406564 | Episode:    17883
blue_team_alives_mean:     1.6349	blue_team_win_mean:        0.0000	ep_length_mean:          181.7655	episode_length_mean:     180.7655
epsilon:                   0.0500	grad_norm:                10.2876	info_nce_loss:             0.0000	loss:                      1.0029
q_loss:                    0.9117	red_team_alives_mean:     20.0000	red_team_win_mean:         1.0000	return_mean:               3.3549
return_std:                0.6059	test_blue_team_alives_mean:  1.0000	test_blue_team_win_mean:   0.0000	test_ep_length_mean:     176.6000
test_episode_length_mean:175.6000	test_red_team_alives_mean: 20.0000	test_red_team_win_mean:    1.0000	test_return_mean:          3.8320
test_return_std:           0.0000	
2026-07-24 00:09:09,387 - my_experiment - bat_mm_HC_42 - my_run - INFO - t_env: 3406764 / 5050000
2026-07-24 00:09:09,388 - my_experiment - bat_mm_HC_42 - my_run - INFO - Estimated time left: 3 hours, 29 minutes, 46 seconds. Time passed: 7 hours, 6 minutes, 17 seconds
2026-07-24 00:15:18,022 - my_experiment - bat_mm_HC_42 - my_run - INFO - Recent Stats | t_env:    3456762 | Episode:    18164
blue_team_alives_mean:     1.6053	blue_team_win_mean:        0.0000	ep_length_mean:          178.4061	episode_length_mean:     177.4061
epsilon:                   0.0500	grad_norm:                10.9285	info_nce_loss:             0.0001	loss:                      1.0145
q_loss:                    0.9222	red_team_alives_mean:     20.0000	red_team_win_mean:         1.0000	return_mean:               3.3597
return_std:                0.6291	test_blue_team_alives_mean:  1.0000	test_blue_team_win_mean:   0.0000	test_ep_length_mean:     176.6000
test_episode_length_mean:175.6000	test_red_team_alives_mean: 20.0000	test_red_team_win_mean:    1.0000	test_return_mean:          3.8270
test_return_std:           0.0000	
2026-07-24 00:15:19,470 - my_experiment - bat_mm_HC_42 - my_run - INFO - t_env: 3456962 / 5050000
2026-07-24 00:15:19,471 - my_experiment - bat_mm_HC_42 - my_run - INFO - Estimated time left: 3 hours, 15 minutes, 44 seconds. Time passed: 7 hours, 12 minutes, 27 seconds
2026-07-24 00:21:04,660 - my_experiment - bat_mm_HC_42 - my_run - INFO - Saving models to work_dirs/my_experiment/bat_mm_HC_42/my_run/20260723_170212/models/3500567
2026-07-24 00:21:53,667 - my_experiment - bat_mm_HC_42 - my_run - INFO - Recent Stats | t_env:    3506956 | Episode:    18450
blue_team_alives_mean:     1.6939	blue_team_win_mean:        0.0000	ep_length_mean:          175.7534	episode_length_mean:     174.7534
epsilon:                   0.0500	grad_norm:                 9.8282	info_nce_loss:             0.0003	loss:                      1.0163
q_loss:                    0.9239	red_team_alives_mean:     20.0000	red_team_win_mean:         1.0000	return_mean:               3.2389
return_std:                0.6893	test_blue_team_alives_mean:  1.2000	test_blue_team_win_mean:   0.0000	test_ep_length_mean:     176.6000
test_episode_length_mean:175.6000	test_red_team_alives_mean: 20.0000	test_red_team_win_mean:    1.0000	test_return_mean:          3.7330
test_return_std:           0.0000	
2026-07-24 00:21:55,159 - my_experiment - bat_mm_HC_42 - my_run - INFO - t_env: 3507156 / 5050000
2026-07-24 00:21:55,160 - my_experiment - bat_mm_HC_42 - my_run - INFO - Estimated time left: 3 hours, 22 minutes, 42 seconds. Time passed: 7 hours, 19 minutes, 3 seconds
2026-07-24 00:28:25,029 - my_experiment - bat_mm_HC_42 - my_run - INFO - Recent Stats | t_env:    3557125 | Episode:    18728
blue_team_alives_mean:     1.7573	blue_team_win_mean:        0.0000	ep_length_mean:          179.4224	episode_length_mean:     178.4224
epsilon:                   0.0500	grad_norm:                10.2346	info_nce_loss:             0.0004	loss:                      1.0497
q_loss:                    0.9543	red_team_alives_mean:     20.0000	red_team_win_mean:         1.0000	return_mean:               3.1564
return_std:                0.6760	test_blue_team_alives_mean:  2.0000	test_blue_team_win_mean:   0.0000	test_ep_length_mean:     200.0000
test_episode_length_mean:199.0000	test_red_team_alives_mean: 20.0000	test_red_team_win_mean:    1.0000	test_return_mean:          3.3000
test_return_std:           0.0000	
2026-07-24 00:28:26,454 - my_experiment - bat_mm_HC_42 - my_run - INFO - t_env: 3557325 / 5050000
2026-07-24 00:28:26,455 - my_experiment - bat_mm_HC_42 - my_run - INFO - Estimated time left: 3 hours, 14 minutes, 2 seconds. Time passed: 7 hours, 25 minutes, 34 seconds
2026-07-24 00:34:30,845 - my_experiment - bat_mm_HC_42 - my_run - INFO - Recent Stats | t_env:    3607143 | Episode:    19001
blue_team_alives_mean:     1.8525	blue_team_win_mean:        0.0000	ep_length_mean:          188.0664	episode_length_mean:     187.0664
epsilon:                   0.0500	grad_norm:                 8.5893	info_nce_loss:             0.0003	loss:                      0.9763
q_loss:                    0.8875	red_team_alives_mean:     20.0000	red_team_win_mean:         1.0000	return_mean:               2.9744
return_std:                0.6553	test_blue_team_alives_mean:  2.0000	test_blue_team_win_mean:   0.0000	test_ep_length_mean:     200.0000
test_episode_length_mean:199.0000	test_red_team_alives_mean: 20.0000	test_red_team_win_mean:    1.0000	test_return_mean:          3.2990
test_return_std:           0.0000	
2026-07-24 00:34:32,216 - my_experiment - bat_mm_HC_42 - my_run - INFO - t_env: 3607343 / 5050000
2026-07-24 00:34:32,217 - my_experiment - bat_mm_HC_42 - my_run - INFO - Estimated time left: 2 hours, 55 minutes, 49 seconds. Time passed: 7 hours, 31 minutes, 40 seconds
2026-07-24 00:40:54,460 - my_experiment - bat_mm_HC_42 - my_run - INFO - Recent Stats | t_env:    3657237 | Episode:    19274
blue_team_alives_mean:     1.6593	blue_team_win_mean:        0.0000	ep_length_mean:          178.5097	episode_length_mean:     177.5097
epsilon:                   0.0500	grad_norm:                 8.2339	info_nce_loss:             0.0001	loss:                      1.0174
q_loss:                    0.9249	red_team_alives_mean:     20.0000	red_team_win_mean:         1.0000	return_mean:               3.1460
return_std:                0.6511	test_blue_team_alives_mean:  2.4000	test_blue_team_win_mean:   0.0000	test_ep_length_mean:     200.0000
test_episode_length_mean:199.0000	test_red_team_alives_mean: 20.0000	test_red_team_win_mean:    1.0000	test_return_mean:          3.1190
test_return_std:           0.0000	
2026-07-24 00:40:56,063 - my_experiment - bat_mm_HC_42 - my_run - INFO - t_env: 3657437 / 5050000
2026-07-24 00:40:56,065 - my_experiment - bat_mm_HC_42 - my_run - INFO - Estimated time left: 2 hours, 57 minutes, 50 seconds. Time passed: 7 hours, 38 minutes, 4 seconds
2026-07-24 00:46:52,474 - my_experiment - bat_mm_HC_42 - my_run - INFO - Recent Stats | t_env:    3707364 | Episode:    19533
blue_team_alives_mean:     1.8713	blue_team_win_mean:        0.0000	ep_length_mean:          193.1448	episode_length_mean:     192.1448
epsilon:                   0.0500	grad_norm:                 5.5490	info_nce_loss:             0.0000	loss:                      1.0102
q_loss:                    0.9184	red_team_alives_mean:     20.0000	red_team_win_mean:         1.0000	return_mean:               3.0376
return_std:                0.4848	test_blue_team_alives_mean:  2.4000	test_blue_team_win_mean:   0.0000	test_ep_length_mean:     200.0000
test_episode_length_mean:199.0000	test_red_team_alives_mean: 20.0000	test_red_team_win_mean:    1.0000	test_return_mean:          3.1050
test_return_std:           0.0000	
2026-07-24 00:46:53,857 - my_experiment - bat_mm_HC_42 - my_run - INFO - t_env: 3707564 / 5050000
2026-07-24 00:46:53,858 - my_experiment - bat_mm_HC_42 - my_run - INFO - Estimated time left: 2 hours, 39 minutes, 41 seconds. Time passed: 7 hours, 44 minutes, 2 seconds
2026-07-24 00:52:57,022 - my_experiment - bat_mm_HC_42 - my_run - INFO - Recent Stats | t_env:    3757400 | Episode:    19789
blue_team_alives_mean:     1.8156	blue_team_win_mean:        0.0000	ep_length_mean:          196.0229	episode_length_mean:     195.0229
epsilon:                   0.0500	grad_norm:                 6.9018	info_nce_loss:             0.0000	loss:                      0.9713
q_loss:                    0.8830	red_team_alives_mean:     20.0000	red_team_win_mean:         1.0000	return_mean:               2.9322
return_std:                0.5226	test_blue_team_alives_mean:  2.2000	test_blue_team_win_mean:   0.0000	test_ep_length_mean:     200.0000
test_episode_length_mean:199.0000	test_red_team_alives_mean: 20.0000	test_red_team_win_mean:    1.0000	test_return_mean:          3.1920
test_return_std:           0.0000	
2026-07-24 00:52:58,394 - my_experiment - bat_mm_HC_42 - my_run - INFO - t_env: 3757600 / 5050000
2026-07-24 00:52:58,395 - my_experiment - bat_mm_HC_42 - my_run - INFO - Estimated time left: 2 hours, 36 minutes, 55 seconds. Time passed: 7 hours, 50 minutes, 6 seconds
2026-07-24 00:59:11,194 - my_experiment - bat_mm_HC_42 - my_run - INFO - Recent Stats | t_env:    3807584 | Episode:    20046
blue_team_alives_mean:     1.6963	blue_team_win_mean:        0.0000	ep_length_mean:          195.8342	episode_length_mean:     194.8342
epsilon:                   0.0500	grad_norm:                 9.4678	info_nce_loss:             0.0000	loss:                      1.0242
q_loss:                    0.9311	red_team_alives_mean:     20.0000	red_team_win_mean:         1.0000	return_mean:               3.0527
return_std:                0.4904	test_blue_team_alives_mean:  2.0000	test_blue_team_win_mean:   0.0000	test_ep_length_mean:     200.0000
test_episode_length_mean:199.0000	test_red_team_alives_mean: 20.0000	test_red_team_win_mean:    1.0000	test_return_mean:          3.2740
test_return_std:           0.0000	
2026-07-24 00:59:12,662 - my_experiment - bat_mm_HC_42 - my_run - INFO - t_env: 3807784 / 5050000
2026-07-24 00:59:12,662 - my_experiment - bat_mm_HC_42 - my_run - INFO - Estimated time left: 2 hours, 34 minutes, 24 seconds. Time passed: 7 hours, 56 minutes, 21 seconds
2026-07-24 01:05:21,281 - my_experiment - bat_mm_HC_42 - my_run - INFO - Recent Stats | t_env:    3857738 | Episode:    20302
blue_team_alives_mean:     1.9810	blue_team_win_mean:        0.0000	ep_length_mean:          194.9953	episode_length_mean:     193.9953
epsilon:                   0.0500	grad_norm:                 9.0911	info_nce_loss:             0.0001	loss:                      1.0047
q_loss:                    0.9133	red_team_alives_mean:     20.0000	red_team_win_mean:         1.0000	return_mean:               3.0586
return_std:                0.5136	test_blue_team_alives_mean:  2.0000	test_blue_team_win_mean:   0.0000	test_ep_length_mean:     200.0000
test_episode_length_mean:199.0000	test_red_team_alives_mean: 20.0000	test_red_team_win_mean:    1.0000	test_return_mean:          3.3650
test_return_std:           0.0000	
2026-07-24 01:05:22,733 - my_experiment - bat_mm_HC_42 - my_run - INFO - t_env: 3857938 / 5050000
2026-07-24 01:05:22,733 - my_experiment - bat_mm_HC_42 - my_run - INFO - Estimated time left: 2 hours, 26 minutes, 35 seconds. Time passed: 8 hours, 2 minutes, 31 seconds
2026-07-24 01:11:31,027 - my_experiment - bat_mm_HC_42 - my_run - INFO - Recent Stats | t_env:    3907876 | Episode:    20558
blue_team_alives_mean:     1.9097	blue_team_win_mean:        0.0000	ep_length_mean:          196.8660	episode_length_mean:     195.8660
epsilon:                   0.0500	grad_norm:                 8.2637	info_nce_loss:             0.0006	loss:                      0.9557
q_loss:                    0.8689	red_team_alives_mean:     20.0000	red_team_win_mean:         1.0000	return_mean:               3.0216
return_std:                0.5352	test_blue_team_alives_mean:  1.6000	test_blue_team_win_mean:   0.0000	test_ep_length_mean:     200.0000
test_episode_length_mean:199.0000	test_red_team_alives_mean: 20.0000	test_red_team_win_mean:    1.0000	test_return_mean:          3.5230
test_return_std:           0.0000	
2026-07-24 01:11:32,385 - my_experiment - bat_mm_HC_42 - my_run - INFO - t_env: 3908076 / 5050000
2026-07-24 01:11:32,386 - my_experiment - bat_mm_HC_42 - my_run - INFO - Estimated time left: 2 hours, 20 minutes, 19 seconds. Time passed: 8 hours, 8 minutes, 40 seconds
2026-07-24 01:17:35,345 - my_experiment - bat_mm_HC_42 - my_run - INFO - Recent Stats | t_env:    3957936 | Episode:    20812
blue_team_alives_mean:     1.7112	blue_team_win_mean:        0.0000	ep_length_mean:          197.2920	episode_length_mean:     196.2920
epsilon:                   0.0500	grad_norm:                 8.3949	info_nce_loss:             0.0000	loss:                      0.9947
q_loss:                    0.9043	red_team_alives_mean:     20.0000	red_team_win_mean:         1.0000	return_mean:               3.1726
return_std:                0.3450	test_blue_team_alives_mean:  1.8000	test_blue_team_win_mean:   0.0000	test_ep_length_mean:     200.0000
test_episode_length_mean:199.0000	test_red_team_alives_mean: 20.0000	test_red_team_win_mean:    1.0000	test_return_mean:          3.5120
test_return_std:           0.0000	
2026-07-24 01:17:36,936 - my_experiment - bat_mm_HC_42 - my_run - INFO - t_env: 3958136 / 5050000
2026-07-24 01:17:36,937 - my_experiment - bat_mm_HC_42 - my_run - INFO - Estimated time left: 2 hours, 12 minutes, 31 seconds. Time passed: 8 hours, 14 minutes, 45 seconds
2026-07-24 01:23:02,484 - my_experiment - bat_mm_HC_42 - my_run - INFO - Saving models to work_dirs/my_experiment/bat_mm_HC_42/my_run/20260723_170212/models/4000716
2026-07-24 01:23:54,515 - my_experiment - bat_mm_HC_42 - my_run - INFO - Recent Stats | t_env:    4007967 | Episode:    21076
blue_team_alives_mean:     1.7241	blue_team_win_mean:        0.0000	ep_length_mean:          190.7785	episode_length_mean:     189.7785
epsilon:                   0.0500	grad_norm:                10.9876	info_nce_loss:             0.0000	loss:                      0.9575
q_loss:                    0.8705	red_team_alives_mean:     20.0000	red_team_win_mean:         1.0000	return_mean:               3.1937
return_std:                0.5096	test_blue_team_alives_mean:  2.2000	test_blue_team_win_mean:   0.0000	test_ep_length_mean:     200.0000
test_episode_length_mean:199.0000	test_red_team_alives_mean: 20.0000	test_red_team_win_mean:    1.0000	test_return_mean:          3.4490
test_return_std:           0.0000	
2026-07-24 01:23:55,891 - my_experiment - bat_mm_HC_42 - my_run - INFO - t_env: 4008167 / 5050000
2026-07-24 01:23:55,892 - my_experiment - bat_mm_HC_42 - my_run - INFO - Estimated time left: 2 hours, 11 minutes, 31 seconds. Time passed: 8 hours, 21 minutes, 4 seconds
2026-07-24 01:30:05,610 - my_experiment - bat_mm_HC_42 - my_run - INFO - Recent Stats | t_env:    4058152 | Episode:    21355
blue_team_alives_mean:     1.4548	blue_team_win_mean:        0.0000	ep_length_mean:          180.3701	episode_length_mean:     179.3701
epsilon:                   0.0500	grad_norm:                11.3425	info_nce_loss:             0.0000	loss:                      0.9893
q_loss:                    0.8994	red_team_alives_mean:     20.0000	red_team_win_mean:         1.0000	return_mean:               3.3290
return_std:                0.6485	test_blue_team_alives_mean:  1.6000	test_blue_team_win_mean:   0.0000	test_ep_length_mean:     200.0000
test_episode_length_mean:199.0000	test_red_team_alives_mean: 20.0000	test_red_team_win_mean:    1.0000	test_return_mean:          3.5550
test_return_std:           0.0000	
2026-07-24 01:30:07,011 - my_experiment - bat_mm_HC_42 - my_run - INFO - t_env: 4058352 / 5050000
2026-07-24 01:30:07,013 - my_experiment - bat_mm_HC_42 - my_run - INFO - Estimated time left: 2 hours, 2 minutes, 13 seconds. Time passed: 8 hours, 27 minutes, 15 seconds
2026-07-24 01:36:40,169 - my_experiment - bat_mm_HC_42 - my_run - INFO - Recent Stats | t_env:    4108320 | Episode:    21646
blue_team_alives_mean:     1.3588	blue_team_win_mean:        0.0000	ep_length_mean:          173.4080	episode_length_mean:     172.4080
epsilon:                   0.0500	grad_norm:                 6.9570	info_nce_loss:             0.0000	loss:                      0.9764
q_loss:                    0.8876	red_team_alives_mean:     20.0000	red_team_win_mean:         1.0000	return_mean:               3.4558
return_std:                0.6400	test_blue_team_alives_mean:  1.6000	test_blue_team_win_mean:   0.0000	test_ep_length_mean:     200.0000
test_episode_length_mean:199.0000	test_red_team_alives_mean: 20.0000	test_red_team_win_mean:    1.0000	test_return_mean:          3.5660
test_return_std:           0.0000	
2026-07-24 01:36:41,251 - my_experiment - bat_mm_HC_42 - my_run - INFO - t_env: 4108417 / 5050000
2026-07-24 01:36:41,252 - my_experiment - bat_mm_HC_42 - my_run - INFO - Estimated time left: 2 hours, 3 minutes, 34 seconds. Time passed: 8 hours, 33 minutes, 49 seconds
2026-07-24 01:43:28,351 - my_experiment - bat_mm_HC_42 - my_run - INFO - Recent Stats | t_env:    4158393 | Episode:    21957
blue_team_alives_mean:     1.2232	blue_team_win_mean:        0.0000	ep_length_mean:          163.3597	episode_length_mean:     162.3597
epsilon:                   0.0500	grad_norm:                 7.9945	info_nce_loss:             0.0000	loss:                      1.0278
q_loss:                    0.9343	red_team_alives_mean:     20.0000	red_team_win_mean:         1.0000	return_mean:               3.6539
return_std:                0.6581	test_blue_team_alives_mean:  1.6000	test_blue_team_win_mean:   0.0000	test_ep_length_mean:     193.8000
test_episode_length_mean:192.8000	test_red_team_alives_mean: 20.0000	test_red_team_win_mean:    1.0000	test_return_mean:          3.6620
test_return_std:           0.0000	
2026-07-24 01:43:29,809 - my_experiment - bat_mm_HC_42 - my_run - INFO - t_env: 4158560 / 5050000
2026-07-24 01:43:29,810 - my_experiment - bat_mm_HC_42 - my_run - INFO - Estimated time left: 2 hours, 1 minutes, 3 seconds. Time passed: 8 hours, 40 minutes, 38 seconds
2026-07-24 01:50:18,032 - my_experiment - bat_mm_HC_42 - my_run - INFO - Recent Stats | t_env:    4208417 | Episode:    22274
blue_team_alives_mean:     1.2691	blue_team_win_mean:        0.0000	ep_length_mean:          158.3491	episode_length_mean:     157.3491
epsilon:                   0.0500	grad_norm:                13.1852	info_nce_loss:             0.0000	loss:                      1.0471
q_loss:                    0.9520	red_team_alives_mean:     20.0000	red_team_win_mean:         1.0000	return_mean:               3.6790
return_std:                0.7440	test_blue_team_alives_mean:  1.4000	test_blue_team_win_mean:   0.0000	test_ep_length_mean:     188.0000
test_episode_length_mean:187.0000	test_red_team_alives_mean: 20.0000	test_red_team_win_mean:    1.0000	test_return_mean:          3.8470
test_return_std:           0.0000	
2026-07-24 01:50:19,323 - my_experiment - bat_mm_HC_42 - my_run - INFO - t_env: 4208598 / 5050000
2026-07-24 01:50:19,323 - my_experiment - bat_mm_HC_42 - my_run - INFO - Estimated time left: 1 hours, 54 minutes, 46 seconds. Time passed: 8 hours, 47 minutes, 27 seconds
2026-07-24 01:57:19,478 - my_experiment - bat_mm_HC_42 - my_run - INFO - Recent Stats | t_env:    4258533 | Episode:    22607
blue_team_alives_mean:     1.2276	blue_team_win_mean:        0.0000	ep_length_mean:          152.7934	episode_length_mean:     151.7934
epsilon:                   0.0500	grad_norm:                10.0479	info_nce_loss:             0.0001	loss:                      1.1107
q_loss:                    1.0097	red_team_alives_mean:     20.0000	red_team_win_mean:         1.0000	return_mean:               3.7933
return_std:                0.6374	test_blue_team_alives_mean:  1.0000	test_blue_team_win_mean:   0.0000	test_ep_length_mean:     160.6000
test_episode_length_mean:159.6000	test_red_team_alives_mean: 20.0000	test_red_team_win_mean:    1.0000	test_return_mean:          4.1170
test_return_std:           0.0000	
2026-07-24 01:57:20,905 - my_experiment - bat_mm_HC_42 - my_run - INFO - t_env: 4258695 / 5050000
2026-07-24 01:57:20,906 - my_experiment - bat_mm_HC_42 - my_run - INFO - Estimated time left: 1 hours, 50 minutes, 59 seconds. Time passed: 8 hours, 54 minutes, 29 seconds
2026-07-24 02:04:40,840 - my_experiment - bat_mm_HC_42 - my_run - INFO - Recent Stats | t_env:    4308631 | Episode:    22961
blue_team_alives_mean:     1.1095	blue_team_win_mean:        0.0000	ep_length_mean:          141.2812	episode_length_mean:     140.2812
epsilon:                   0.0500	grad_norm:                16.4853	info_nce_loss:             0.0000	loss:                      1.1711
q_loss:                    1.0646	red_team_alives_mean:     20.0000	red_team_win_mean:         1.0000	return_mean:               3.8799
return_std:                0.6787	test_blue_team_alives_mean:  1.0000	test_blue_team_win_mean:   0.0000	test_ep_length_mean:     140.6000
test_episode_length_mean:139.6000	test_red_team_alives_mean: 20.0000	test_red_team_win_mean:    1.0000	test_return_mean:          4.3260
test_return_std:           0.0000	
2026-07-24 02:04:42,284 - my_experiment - bat_mm_HC_42 - my_run - INFO - t_env: 4308831 / 5050000
2026-07-24 02:04:42,285 - my_experiment - bat_mm_HC_42 - my_run - INFO - Estimated time left: 1 hours, 48 minutes, 44 seconds. Time passed: 9 hours, 1 minutes, 50 seconds
2026-07-24 02:12:30,112 - my_experiment - bat_mm_HC_42 - my_run - INFO - Recent Stats | t_env:    4358653 | Episode:    23352
blue_team_alives_mean:     1.0583	blue_team_win_mean:        0.0000	ep_length_mean:          128.8347	episode_length_mean:     127.8347
epsilon:                   0.0500	grad_norm:                11.8665	info_nce_loss:             0.0000	loss:                      1.3073
q_loss:                    1.1884	red_team_alives_mean:     20.0000	red_team_win_mean:         1.0000	return_mean:               3.9093
return_std:                0.7329	test_blue_team_alives_mean:  1.0000	test_blue_team_win_mean:   0.0000	test_ep_length_mean:     113.4000
test_episode_length_mean:112.4000	test_red_team_alives_mean: 20.0000	test_red_team_win_mean:    1.0000	test_return_mean:          4.5620
test_return_std:           0.0000	
2026-07-24 02:12:31,504 - my_experiment - bat_mm_HC_42 - my_run - INFO - t_env: 4358853 / 5050000
2026-07-24 02:12:31,505 - my_experiment - bat_mm_HC_42 - my_run - INFO - Estimated time left: 1 hours, 48 minutes, 3 seconds. Time passed: 9 hours, 9 minutes, 39 seconds
2026-07-24 02:19:55,589 - my_experiment - bat_mm_HC_42 - my_run - INFO - Recent Stats | t_env:    4408751 | Episode:    23717
blue_team_alives_mean:     1.1481	blue_team_win_mean:        0.0000	ep_length_mean:          138.0421	episode_length_mean:     137.0421
epsilon:                   0.0500	grad_norm:                16.6146	info_nce_loss:             0.0000	loss:                      1.4721
q_loss:                    1.3383	red_team_alives_mean:     20.0000	red_team_win_mean:         1.0000	return_mean:               3.6518
return_std:                1.1913	test_blue_team_alives_mean:  1.0000	test_blue_team_win_mean:   0.0000	test_ep_length_mean:      92.0000
test_episode_length_mean: 91.0000	test_red_team_alives_mean: 20.0000	test_red_team_win_mean:    1.0000	test_return_mean:          4.7090
test_return_std:           0.0000	
2026-07-24 02:19:57,112 - my_experiment - bat_mm_HC_42 - my_run - INFO - t_env: 4408951 / 5050000
2026-07-24 02:19:57,113 - my_experiment - bat_mm_HC_42 - my_run - INFO - Estimated time left: 1 hours, 35 minutes, 1 seconds. Time passed: 9 hours, 17 minutes, 5 seconds
2026-07-24 02:27:44,788 - my_experiment - bat_mm_HC_42 - my_run - INFO - Recent Stats | t_env:    4458845 | Episode:    24097
blue_team_alives_mean:     1.1566	blue_team_win_mean:        0.0000	ep_length_mean:          131.2907	episode_length_mean:     130.2907
epsilon:                   0.0500	grad_norm:                12.3547	info_nce_loss:             0.0000	loss:                      1.4314
q_loss:                    1.3012	red_team_alives_mean:     20.0000	red_team_win_mean:         1.0000	return_mean:               3.9114
return_std:                0.7738	test_blue_team_alives_mean:  1.0000	test_blue_team_win_mean:   0.0000	test_ep_length_mean:      97.8000
test_episode_length_mean: 96.8000	test_red_team_alives_mean: 20.0000	test_red_team_win_mean:    1.0000	test_return_mean:          4.3530
test_return_std:           0.0000	
2026-07-24 02:27:46,002 - my_experiment - bat_mm_HC_42 - my_run - INFO - t_env: 4458951 / 5050000
2026-07-24 02:27:46,003 - my_experiment - bat_mm_HC_42 - my_run - INFO - Estimated time left: 1 hours, 32 minutes, 22 seconds. Time passed: 9 hours, 24 minutes, 54 seconds
2026-07-24 02:34:04,070 - my_experiment - bat_mm_HC_42 - my_run - INFO - Saving models to work_dirs/my_experiment/bat_mm_HC_42/my_run/20260723_170212/models/4500774
2026-07-24 02:35:22,008 - my_experiment - bat_mm_HC_42 - my_run - INFO - t_env: 4509004 / 5050000
2026-07-24 02:35:22,009 - my_experiment - bat_mm_HC_42 - my_run - INFO - Estimated time left: 1 hours, 22 minutes, 8 seconds. Time passed: 9 hours, 32 minutes, 30 seconds
2026-07-24 02:35:22,294 - my_experiment - bat_mm_HC_42 - my_run - INFO - Recent Stats | t_env:    4509004 | Episode:    24480
blue_team_alives_mean:     1.0744	blue_team_win_mean:        0.0000	ep_length_mean:          132.5045	episode_length_mean:     131.5045
epsilon:                   0.0500	grad_norm:                14.6035	info_nce_loss:             0.0001	loss:                      1.4256
q_loss:                    1.2960	red_team_alives_mean:     20.0000	red_team_win_mean:         1.0000	return_mean:               3.9686
return_std:                0.6971	test_blue_team_alives_mean:  1.0000	test_blue_team_win_mean:   0.0000	test_ep_length_mean:     119.4000
test_episode_length_mean:118.4000	test_red_team_alives_mean: 20.0000	test_red_team_win_mean:    1.0000	test_return_mean:          4.2330
test_return_std:           0.0000	
2026-07-24 02:43:15,225 - my_experiment - bat_mm_HC_42 - my_run - INFO - t_env: 4559183 / 5050000
2026-07-24 02:43:15,226 - my_experiment - bat_mm_HC_42 - my_run - INFO - Estimated time left: 1 hours, 17 minutes, 8 seconds. Time passed: 9 hours, 40 minutes, 23 seconds
2026-07-24 02:43:15,976 - my_experiment - bat_mm_HC_42 - my_run - INFO - Recent Stats | t_env:    4559183 | Episode:    24878
blue_team_alives_mean:     1.1050	blue_team_win_mean:        0.0000	ep_length_mean:          126.4477	episode_length_mean:     125.4477
epsilon:                   0.0500	grad_norm:                13.5729	info_nce_loss:             0.0000	loss:                      1.4686
q_loss:                    1.3351	red_team_alives_mean:     20.0000	red_team_win_mean:         1.0000	return_mean:               4.0770
return_std:                0.7518	test_blue_team_alives_mean:  1.0000	test_blue_team_win_mean:   0.0000	test_ep_length_mean:     146.6000
test_episode_length_mean:145.6000	test_red_team_alives_mean: 20.0000	test_red_team_win_mean:    1.0000	test_return_mean:          3.8930
test_return_std:           0.0000	
2026-07-24 02:51:09,304 - my_experiment - bat_mm_HC_42 - my_run - INFO - t_env: 4609209 / 5050000
2026-07-24 02:51:09,305 - my_experiment - bat_mm_HC_42 - my_run - INFO - Estimated time left: 1 hours, 9 minutes, 37 seconds. Time passed: 9 hours, 48 minutes, 17 seconds
2026-07-24 02:51:09,655 - my_experiment - bat_mm_HC_42 - my_run - INFO - Recent Stats | t_env:    4609209 | Episode:    25286
blue_team_alives_mean:     1.0812	blue_team_win_mean:        0.0000	ep_length_mean:          122.2524	episode_length_mean:     121.2524
epsilon:                   0.0500	grad_norm:                17.7848	info_nce_loss:             0.0028	loss:                      1.6164
q_loss:                    1.4695	red_team_alives_mean:     20.0000	red_team_win_mean:         1.0000	return_mean:               4.0725
return_std:                0.6880	test_blue_team_alives_mean:  1.0000	test_blue_team_win_mean:   0.0000	test_ep_length_mean:     151.6000
test_episode_length_mean:150.6000	test_red_team_alives_mean: 20.0000	test_red_team_win_mean:    1.0000	test_return_mean:          3.8400
test_return_std:           0.0000	
2026-07-24 02:58:33,299 - my_experiment - bat_mm_HC_42 - my_run - INFO - t_env: 4659217 / 5050000
2026-07-24 02:58:33,300 - my_experiment - bat_mm_HC_42 - my_run - INFO - Estimated time left: 57 minutes, 49 seconds. Time passed: 9 hours, 55 minutes, 41 seconds
2026-07-24 02:58:33,717 - my_experiment - bat_mm_HC_42 - my_run - INFO - Recent Stats | t_env:    4659217 | Episode:    25667
blue_team_alives_mean:     1.1756	blue_team_win_mean:        0.0000	ep_length_mean:          131.4577	episode_length_mean:     130.4577
epsilon:                   0.0500	grad_norm:                16.3105	info_nce_loss:             0.0352	loss:                      1.7533
q_loss:                    1.5939	red_team_alives_mean:     20.0000	red_team_win_mean:         1.0000	return_mean:               3.8953
return_std:                0.7794	test_blue_team_alives_mean:  1.0000	test_blue_team_win_mean:   0.0000	test_ep_length_mean:     130.8000
test_episode_length_mean:129.8000	test_red_team_alives_mean: 20.0000	test_red_team_win_mean:    1.0000	test_return_mean:          4.2280
test_return_std:           0.0000	
2026-07-24 03:06:03,883 - my_experiment - bat_mm_HC_42 - my_run - INFO - t_env: 4709381 / 5050000
2026-07-24 03:06:03,884 - my_experiment - bat_mm_HC_42 - my_run - INFO - Estimated time left: 50 minutes, 59 seconds. Time passed: 10 hours, 3 minutes, 12 seconds
2026-07-24 03:06:04,642 - my_experiment - bat_mm_HC_42 - my_run - INFO - Recent Stats | t_env:    4709381 | Episode:    26048
blue_team_alives_mean:     1.2124	blue_team_win_mean:        0.0000	ep_length_mean:          131.0474	episode_length_mean:     130.0474
epsilon:                   0.0500	grad_norm:                12.9101	info_nce_loss:             0.0001	loss:                      1.6713
q_loss:                    1.5193	red_team_alives_mean:     20.0000	red_team_win_mean:         1.0000	return_mean:               3.9567
return_std:                0.7002	test_blue_team_alives_mean:  1.6000	test_blue_team_win_mean:   0.0000	test_ep_length_mean:     130.8000
test_episode_length_mean:129.8000	test_red_team_alives_mean: 20.0000	test_red_team_win_mean:    1.0000	test_return_mean:          4.0220
test_return_std:           0.0000	
2026-07-24 03:14:10,976 - my_experiment - bat_mm_HC_42 - my_run - INFO - t_env: 4759403 / 5050000
2026-07-24 03:14:10,977 - my_experiment - bat_mm_HC_42 - my_run - INFO - Estimated time left: 47 minutes, 9 seconds. Time passed: 10 hours, 11 minutes, 19 seconds
2026-07-24 03:14:11,301 - my_experiment - bat_mm_HC_42 - my_run - INFO - Recent Stats | t_env:    4759403 | Episode:    26458
blue_team_alives_mean:     1.1247	blue_team_win_mean:        0.0000	ep_length_mean:          122.9693	episode_length_mean:     121.9693
epsilon:                   0.0500	grad_norm:                12.8816	info_nce_loss:             0.0000	loss:                      1.5372
q_loss:                    1.3975	red_team_alives_mean:     20.0000	red_team_win_mean:         1.0000	return_mean:               4.0285
return_std:                0.7179	test_blue_team_alives_mean:  1.6000	test_blue_team_win_mean:   0.0000	test_ep_length_mean:     131.0000
test_episode_length_mean:130.0000	test_red_team_alives_mean: 20.0000	test_red_team_win_mean:    1.0000	test_return_mean:          3.9270
test_return_std:           0.0000	
2026-07-24 03:22:21,629 - my_experiment - bat_mm_HC_42 - my_run - INFO - t_env: 4809431 / 5050000
2026-07-24 03:22:21,630 - my_experiment - bat_mm_HC_42 - my_run - INFO - Estimated time left: 39 minutes, 19 seconds. Time passed: 10 hours, 19 minutes, 30 seconds
2026-07-24 03:22:21,932 - my_experiment - bat_mm_HC_42 - my_run - INFO - Recent Stats | t_env:    4809431 | Episode:    26875
blue_team_alives_mean:     1.0772	blue_team_win_mean:        0.0000	ep_length_mean:          120.9631	episode_length_mean:     119.9631
epsilon:                   0.0500	grad_norm:                21.2593	info_nce_loss:             0.0210	loss:                      1.6273
q_loss:                    1.4793	red_team_alives_mean:     20.0000	red_team_win_mean:         1.0000	return_mean:               4.0194
return_std:                0.7469	test_blue_team_alives_mean:  1.6000	test_blue_team_win_mean:   0.0000	test_ep_length_mean:     106.6000
test_episode_length_mean:105.6000	test_red_team_alives_mean: 20.0000	test_red_team_win_mean:    1.0000	test_return_mean:          4.2100
test_return_std:           0.0000	
2026-07-24 03:30:12,161 - my_experiment - bat_mm_HC_42 - my_run - INFO - t_env: 4859438 / 5050000
2026-07-24 03:30:12,162 - my_experiment - bat_mm_HC_42 - my_run - INFO - Estimated time left: 29 minutes, 53 seconds. Time passed: 10 hours, 27 minutes, 20 seconds
2026-07-24 03:30:12,905 - my_experiment - bat_mm_HC_42 - my_run - INFO - Recent Stats | t_env:    4859438 | Episode:    27303
blue_team_alives_mean:     1.1266	blue_team_win_mean:        0.0000	ep_length_mean:          117.3499	episode_length_mean:     116.3499
epsilon:                   0.0500	grad_norm:                12.9607	info_nce_loss:             0.0000	loss:                      1.6358
q_loss:                    1.4871	red_team_alives_mean:     20.0000	red_team_win_mean:         1.0000	return_mean:               4.1553
return_std:                0.6344	test_blue_team_alives_mean:  1.6000	test_blue_team_win_mean:   0.0000	test_ep_length_mean:     129.2000
test_episode_length_mean:128.2000	test_red_team_alives_mean: 20.0000	test_red_team_win_mean:    1.0000	test_return_mean:          4.0490
test_return_std:           0.0000	
2026-07-24 03:38:37,539 - my_experiment - bat_mm_HC_42 - my_run - INFO - t_env: 4909472 / 5050000
2026-07-24 03:38:37,540 - my_experiment - bat_mm_HC_42 - my_run - INFO - Estimated time left: 23 minutes, 39 seconds. Time passed: 10 hours, 35 minutes, 45 seconds
2026-07-24 03:38:37,864 - my_experiment - bat_mm_HC_42 - my_run - INFO - Recent Stats | t_env:    4909472 | Episode:    27759
blue_team_alives_mean:     1.0831	blue_team_win_mean:        0.0000	ep_length_mean:          110.3306	episode_length_mean:     109.3306
epsilon:                   0.0500	grad_norm:                13.8154	info_nce_loss:             0.0000	loss:                      1.7285
q_loss:                    1.5714	red_team_alives_mean:     20.0000	red_team_win_mean:         1.0000	return_mean:               4.2498
return_std:                0.6472	test_blue_team_alives_mean:  1.6000	test_blue_team_win_mean:   0.0000	test_ep_length_mean:     126.8000
test_episode_length_mean:125.8000	test_red_team_alives_mean: 20.0000	test_red_team_win_mean:    1.0000	test_return_mean:          4.1320
test_return_std:           0.0000	
2026-07-24 03:47:24,576 - my_experiment - bat_mm_HC_42 - my_run - INFO - t_env: 4959482 / 5050000
2026-07-24 03:47:24,578 - my_experiment - bat_mm_HC_42 - my_run - INFO - Estimated time left: 15 minutes, 53 seconds. Time passed: 10 hours, 44 minutes, 33 seconds
2026-07-24 03:47:25,436 - my_experiment - bat_mm_HC_42 - my_run - INFO - Recent Stats | t_env:    4959482 | Episode:    28237
blue_team_alives_mean:     1.0787	blue_team_win_mean:        0.0000	ep_length_mean:          104.5732	episode_length_mean:     103.5732
epsilon:                   0.0500	grad_norm:                19.6471	info_nce_loss:             0.0000	loss:                      1.8509
q_loss:                    1.6827	red_team_alives_mean:     20.0000	red_team_win_mean:         1.0000	return_mean:               4.3245
return_std:                0.5591	test_blue_team_alives_mean:  1.0000	test_blue_team_win_mean:   0.0000	test_ep_length_mean:     126.8000
test_episode_length_mean:125.8000	test_red_team_alives_mean: 20.0000	test_red_team_win_mean:    1.0000	test_return_mean:          4.2550
test_return_std:           0.0000	
2026-07-24 03:54:11,798 - my_experiment - bat_mm_HC_42 - my_run - INFO - Saving models to work_dirs/my_experiment/bat_mm_HC_42/my_run/20260723_170212/models/5000908
2026-07-24 03:55:38,115 - my_experiment - bat_mm_HC_42 - my_run - INFO - t_env: 5009487 / 5050000
2026-07-24 03:55:38,116 - my_experiment - bat_mm_HC_42 - my_run - INFO - Estimated time left: 6 minutes, 39 seconds. Time passed: 10 hours, 52 minutes, 46 seconds
2026-07-24 03:55:38,370 - my_experiment - bat_mm_HC_42 - my_run - INFO - Recent Stats | t_env:    5009487 | Episode:    28707
blue_team_alives_mean:     1.0750	blue_team_win_mean:        0.0000	ep_length_mean:          106.8242	episode_length_mean:     105.8242
epsilon:                   0.0500	grad_norm:                11.9343	info_nce_loss:             0.0000	loss:                      1.8955
q_loss:                    1.7232	red_team_alives_mean:     20.0000	red_team_win_mean:         1.0000	return_mean:               4.1337
return_std:                0.7788	test_blue_team_alives_mean:  1.0000	test_blue_team_win_mean:   0.0000	test_ep_length_mean:     125.6000
test_episode_length_mean:124.6000	test_red_team_alives_mean: 20.0000	test_red_team_win_mean:    1.0000	test_return_mean:          4.3340
test_return_std:           0.0000	
2026-07-24 04:02:24,291 - my_experiment - bat_mm_HC_42 - my_run - INFO - Finished Training
