Gym has been unmaintained since 2022 and does not support NumPy 2.0 amongst other critical functionality.
Please upgrade to Gymnasium, the maintained drop-in replacement of Gym, or contact the authors of your software and request that they upgrade.
Users of this version of Gym should be able to simply replace 'import gym' with 'import gymnasium as gym' in the vast majority of cases.
See the migration guide at https://gymnasium.farama.org/introduction/migration_guide/ for additional information.
src/main.py:81: DeprecationWarning: Using or importing the ABCs from 'collections' instead of from 'collections.abc' is deprecated since Python 3.3, and in 3.10 it will stop working
  if isinstance(v, collections.Mapping):
wandb: [wandb.login()] Loaded credentials for https://api.wandb.ai from /home/pparsons/.netrc.
wandb: Currently logged in as: peterparsons02 (peterparsons02-eth-z-rich) to https://api.wandb.ai. Use `wandb login --relogin` to force relogin
wandb: setting up run zzc4klxv
wandb: Tracking run with wandb version 0.24.1
wandb: Run data is saved locally in /usr/itetnas04/data-scratch-01/pparsons/data/MyExpoComm/wandb/run-20260813_200811-zzc4klxv
wandb: Run `wandb offline` to turn off syncing.
wandb: Syncing run my_run-bat_ExpoComm_static_45-20260813_200810
wandb: ⭐️ View project at https://wandb.ai/peterparsons02-eth-z-rich/my_experiment
wandb: 🚀 View run at https://wandb.ai/peterparsons02-eth-z-rich/my_experiment/runs/zzc4klxv
2026-08-13 20:08:17,037 - my_experiment - bat_ExpoComm_static_45 - my_run - INFO - Current directory: /usr/itetnas04/data-scratch-01/pparsons/data/MyExpoComm.
2026-08-13 20:08:17,038 - my_experiment - bat_ExpoComm_static_45 - my_run - INFO - Experiment Parameters:
2026-08-13 20:08:17,040 - my_experiment - bat_ExpoComm_static_45 - my_run - INFO - 

{   'action_selector': 'epsilon_greedy',
    'add_value_last_step': True,
    'agent': 'ExpoComm_one_peer_cont',
    'agent_output_type': 'q',
    'aux_coef': 0.1,
    'batch_size': 32,
    'batch_size_run': 1,
    'buffer_cpu_only': True,
    'buffer_size': 2000,
    'checkpoint_path': '',
    'double_q': True,
    'env': 'MAgent_Battle',
    'env_args': {   'global_reward': True,
                    'map_name': 'battle_view7',
                    'map_size': 25,
                    'max_cycles': 200,
                    'minimap_mode': False,
                    'pretrained_ckpt': None,
                    'seed': 45},
    'epsilon_anneal_time': 1000000,
    'epsilon_finish': 0.05,
    'epsilon_start': 1.0,
    'evaluate': False,
    'evaluation_epsilon': 0.0,
    'exp_name': 'my_experiment',
    'gamma': 0.99,
    'global_reward': True,
    'grad_norm_clip': 10,
    'hidden_dim': 64,
    'hypergroup': None,
    'hypernet_embed': 64,
    'hypernet_layers': 2,
    'label': 'default_label',
    'learner': 'cont_q_learner',
    'learner_log_interval': 10000,
    'load_step': 0,
    'local_results_path': 'results',
    'log_interval': 50000,
    'lr': 0.0005,
    'mac': 'ExpoComm_mac',
    'mixer': 'qmix',
    'mixing_embed_dim': 64,
    'name': 'bat_ExpoComm_static_45',
    'neg_num': 20,
    'obs_agent_id': True,
    'obs_individual_obs': False,
    'obs_last_action': True,
    'one_peer': True,
    'optim_alpha': 0.99,
    'optim_eps': 1e-05,
    'pos_flag': False,
    'render': False,
    'repeat_id': 1,
    'run_name': 'my_run',
    'runner': 'episode',
    'runner_log_interval': 10000,
    'save_model': True,
    'save_model_interval': 500000,
    'save_replay': False,
    'seed': 45,
    'standardise_returns': False,
    'standardise_rewards': True,
    't_max': 5050000,
    'target_update_interval_or_tau': 200,
    'temperature': 0.07,
    'test_greedy': True,
    'test_interval': 50000,
    'test_nepisode': 1,
    'topk_neighbors': 7,
    'use_cuda': True,
    'use_rnn': True,
    'use_tensorboard': True,
    'work_dir': 'work_dirs/my_experiment/bat_ExpoComm_static_45/my_run/20260813_200810'}

/usr/itetnas04/data-scratch-01/pparsons/data/conda_envs/ExpoComm/lib/python3.8/site-packages/pettingzoo/utils/conversions.py:41: UserWarning: The `from_parallel` function is deprecated. Use the `parallel_to_aec` function instead.
  warnings.warn("The `from_parallel` function is deprecated. Use the `parallel_to_aec` function instead.")
/usr/itetnas04/data-scratch-01/pparsons/data/conda_envs/ExpoComm/lib/python3.8/site-packages/pettingzoo/utils/wrappers/base.py:44: UserWarning: The `observation_spaces` dictionary is deprecated. Use the `observation_space` function instead.
  warnings.warn("The `observation_spaces` dictionary is deprecated. Use the `observation_space` function instead.")
/usr/itetnas04/data-scratch-01/pparsons/data/conda_envs/ExpoComm/lib/python3.8/site-packages/pettingzoo/utils/conversions.py:36: UserWarning: The `to_parallel` function is deprecated. Use the `aec_to_parallel` function instead.
  warnings.warn("The `to_parallel` function is deprecated. Use the `aec_to_parallel` function instead.")
/usr/itetnas04/data-scratch-01/pparsons/data/conda_envs/ExpoComm/lib/python3.8/site-packages/pettingzoo/utils/conversions.py:80: UserWarning: The `action_spaces` dictionary is deprecated. Use the `action_space` function instead.
  warnings.warn("The `action_spaces` dictionary is deprecated. Use the `action_space` function instead.")
/usr/itetnas04/data-scratch-01/pparsons/data/conda_envs/ExpoComm/lib/python3.8/site-packages/pettingzoo/utils/wrappers/base.py:52: UserWarning: The `action_spaces` dictionary is deprecated. Use the `action_space` function instead.
  warnings.warn("The `action_spaces` dictionary is deprecated. Use the `action_space` function instead.")
/usr/itetnas04/data-scratch-01/pparsons/data/conda_envs/ExpoComm/lib/python3.8/site-packages/pettingzoo/utils/conversions.py:72: UserWarning: The `observation_spaces` dictionary is deprecated. Use the `observation_space` function instead.
  warnings.warn("The `observation_spaces` dictionary is deprecated. Use the `observation_space` function instead.")
2026-08-13 20:08:30,000 - my_experiment - bat_ExpoComm_static_45 - my_run - INFO - Beginning training for 5050000 timesteps
/usr/itetnas04/data-scratch-01/pparsons/data/MyExpoComm/src/envs/battle_wrappers.py:265: UserWarning: To copy construct from a tensor, it is recommended to use sourceTensor.clone().detach() or sourceTensor.clone().detach().requires_grad_(True), rather than torch.tensor(sourceTensor).
  actions = torch.tensor(actions, dtype=torch.long)
2026-08-13 20:08:37,738 - my_experiment - bat_ExpoComm_static_45 - my_run - INFO - t_env: 200 / 5050000
2026-08-13 20:08:37,739 - my_experiment - bat_ExpoComm_static_45 - my_run - INFO - Estimated time left: 12 minutes, 58 seconds. Time passed: 7 seconds
2026-08-13 20:08:38,462 - my_experiment - bat_ExpoComm_static_45 - my_run - INFO - Saving models to work_dirs/my_experiment/bat_ExpoComm_static_45/my_run/20260813_200810/models/200
2026-08-13 20:13:54,748 - my_experiment - bat_ExpoComm_static_45 - my_run - INFO - Recent Stats | t_env:      50000 | Episode:      250
blue_team_alives_mean:    19.9920	blue_team_win_mean:        0.8960	ep_length_mean:          200.0000	episode_length_mean:     199.0000
epsilon:                   0.9620	grad_norm:               4646.1720	info_nce_loss:             2.7538	loss:                    1338.1646
q_loss:                  1216.5132	q_taken_mean:             -0.0261	red_team_alives_mean:     18.1400	red_team_win_mean:         0.0000
return_mean:              -7.9240	return_std:                0.3126	target_mean:               0.7271	td_error_abs:             21.7325
test_blue_team_alives_mean: 20.0000	test_blue_team_win_mean:   0.0000	test_ep_length_mean:     200.0000	test_episode_length_mean:199.0000
test_red_team_alives_mean: 20.0000	test_red_team_win_mean:    0.0000	test_return_mean:        -21.0000	test_return_std:           0.0000

2026-08-13 20:13:56,120 - my_experiment - bat_ExpoComm_static_45 - my_run - INFO - t_env: 50200 / 5050000
2026-08-13 20:13:56,121 - my_experiment - bat_ExpoComm_static_45 - my_run - INFO - Estimated time left: 8 hours, 50 minutes, 36 seconds. Time passed: 5 minutes, 26 seconds
2026-08-13 20:19:30,394 - my_experiment - bat_ExpoComm_static_45 - my_run - INFO - Recent Stats | t_env:     100000 | Episode:      500
blue_team_alives_mean:    20.0000	blue_team_win_mean:        0.6520	ep_length_mean:          200.0000	episode_length_mean:     199.0000
epsilon:                   0.9145	grad_norm:               6067.5826	info_nce_loss:             2.7880	loss:                    1095.8959
q_loss:                  996.2690	q_taken_mean:              4.1533	red_team_alives_mean:     18.4040	red_team_win_mean:         0.0000
return_mean:              -7.6729	return_std:                0.4997	target_mean:               4.7957	td_error_abs:             18.2461
test_blue_team_alives_mean: 20.0000	test_blue_team_win_mean:   0.0000	test_ep_length_mean:     200.0000	test_episode_length_mean:199.0000
test_red_team_alives_mean: 20.0000	test_red_team_win_mean:    0.0000	test_return_mean:        -11.0000	test_return_std:           0.0000

2026-08-13 20:19:31,752 - my_experiment - bat_ExpoComm_static_45 - my_run - INFO - t_env: 100200 / 5050000
2026-08-13 20:19:31,753 - my_experiment - bat_ExpoComm_static_45 - my_run - INFO - Estimated time left: 9 hours, 13 minutes, 46 seconds. Time passed: 11 minutes, 1 seconds
2026-08-13 20:25:06,220 - my_experiment - bat_ExpoComm_static_45 - my_run - INFO - Recent Stats | t_env:     150000 | Episode:      750
blue_team_alives_mean:    19.9960	blue_team_win_mean:        0.6680	ep_length_mean:          200.0000	episode_length_mean:     199.0000
epsilon:                   0.8670	grad_norm:               8900.8588	info_nce_loss:             1.7804	loss:                    1099.6334
q_loss:                  999.6667	q_taken_mean:              8.0654	red_team_alives_mean:     18.4800	red_team_win_mean:         0.0000
return_mean:              -7.4552	return_std:                0.3368	target_mean:               8.6230	td_error_abs:             17.8644
test_blue_team_alives_mean: 20.0000	test_blue_team_win_mean:   0.0000	test_ep_length_mean:     200.0000	test_episode_length_mean:199.0000
test_red_team_alives_mean: 20.0000	test_red_team_win_mean:    0.0000	test_return_mean:         -7.6667	test_return_std:           0.0000

2026-08-13 20:25:07,581 - my_experiment - bat_ExpoComm_static_45 - my_run - INFO - t_env: 150200 / 5050000
2026-08-13 20:25:07,582 - my_experiment - bat_ExpoComm_static_45 - my_run - INFO - Estimated time left: 9 hours, 8 minutes, 29 seconds. Time passed: 16 minutes, 37 seconds
2026-08-13 20:30:42,076 - my_experiment - bat_ExpoComm_static_45 - my_run - INFO - Recent Stats | t_env:     200000 | Episode:     1000
blue_team_alives_mean:    20.0000	blue_team_win_mean:        0.6120	ep_length_mean:          200.0000	episode_length_mean:     199.0000
epsilon:                   0.8195	grad_norm:               11329.8768	info_nce_loss:             1.1450	loss:                    1192.4861
q_loss:                  1084.0783	q_taken_mean:             11.4289	red_team_alives_mean:     18.4400	red_team_win_mean:         0.0000
return_mean:              -7.0961	return_std:                0.4260	target_mean:              12.0607	td_error_abs:             18.7030
test_blue_team_alives_mean: 20.0000	test_blue_team_win_mean:   0.0000	test_ep_length_mean:     200.0000	test_episode_length_mean:199.0000
test_red_team_alives_mean: 20.0000	test_red_team_win_mean:    0.0000	test_return_mean:         -6.0000	test_return_std:           0.0000

2026-08-13 20:30:43,491 - my_experiment - bat_ExpoComm_static_45 - my_run - INFO - t_env: 200200 / 5050000
2026-08-13 20:30:43,492 - my_experiment - bat_ExpoComm_static_45 - my_run - INFO - Estimated time left: 9 hours, 3 minutes, 1 seconds. Time passed: 22 minutes, 13 seconds
2026-08-13 20:36:17,774 - my_experiment - bat_ExpoComm_static_45 - my_run - INFO - Recent Stats | t_env:     250000 | Episode:     1250
blue_team_alives_mean:    19.9960	blue_team_win_mean:        0.7760	ep_length_mean:          200.0000	episode_length_mean:     199.0000
epsilon:                   0.7720	grad_norm:               27959.9466	info_nce_loss:             0.9385	loss:                    2309.1963
q_loss:                  2099.2693	q_taken_mean:             15.1521	red_team_alives_mean:     17.8160	red_team_win_mean:         0.0000
return_mean:              -6.7385	return_std:                0.3093	target_mean:              16.3308	td_error_abs:             31.5679
test_blue_team_alives_mean: 20.0000	test_blue_team_win_mean:   0.0000	test_ep_length_mean:     200.0000	test_episode_length_mean:199.0000
test_red_team_alives_mean: 20.0000	test_red_team_win_mean:    0.0000	test_return_mean:         -5.0000	test_return_std:           0.0000

2026-08-13 20:36:19,132 - my_experiment - bat_ExpoComm_static_45 - my_run - INFO - t_env: 250200 / 5050000
2026-08-13 20:36:19,133 - my_experiment - bat_ExpoComm_static_45 - my_run - INFO - Estimated time left: 8 hours, 57 minutes, 0 seconds. Time passed: 27 minutes, 49 seconds
2026-08-13 20:41:53,113 - my_experiment - bat_ExpoComm_static_45 - my_run - INFO - Recent Stats | t_env:     300000 | Episode:     1500
blue_team_alives_mean:    20.0000	blue_team_win_mean:        0.6400	ep_length_mean:          200.0000	episode_length_mean:     199.0000
epsilon:                   0.7245	grad_norm:               21939.5736	info_nce_loss:             1.3126	loss:                    1565.2702
q_loss:                  1422.9729	q_taken_mean:             19.4648	red_team_alives_mean:     18.6920	red_team_win_mean:         0.0000
return_mean:              -6.5064	return_std:                0.2732	target_mean:              19.9113	td_error_abs:             20.9146
test_blue_team_alives_mean: 20.0000	test_blue_team_win_mean:   0.0000	test_ep_length_mean:     200.0000	test_episode_length_mean:199.0000
test_red_team_alives_mean: 20.0000	test_red_team_win_mean:    0.0000	test_return_mean:         -1.0000	test_return_std:           0.0000

2026-08-13 20:41:54,468 - my_experiment - bat_ExpoComm_static_45 - my_run - INFO - t_env: 300200 / 5050000
2026-08-13 20:41:54,469 - my_experiment - bat_ExpoComm_static_45 - my_run - INFO - Estimated time left: 8 hours, 50 minutes, 55 seconds. Time passed: 33 minutes, 24 seconds
2026-08-13 20:47:28,874 - my_experiment - bat_ExpoComm_static_45 - my_run - INFO - Recent Stats | t_env:     350000 | Episode:     1750
blue_team_alives_mean:    19.9960	blue_team_win_mean:        0.6920	ep_length_mean:          200.0000	episode_length_mean:     199.0000
epsilon:                   0.6770	grad_norm:               37399.9809	info_nce_loss:             1.1084	loss:                    1681.5343
q_loss:                  1528.6675	q_taken_mean:             22.8731	red_team_alives_mean:     18.4840	red_team_win_mean:         0.0000
return_mean:              -6.1174	return_std:                0.2713	target_mean:              23.1625	td_error_abs:             21.8596
test_blue_team_alives_mean: 20.0000	test_blue_team_win_mean:   0.2000	test_ep_length_mean:     200.0000	test_episode_length_mean:199.0000
test_red_team_alives_mean: 19.4000	test_red_team_win_mean:    0.0000	test_return_mean:         -0.9997	test_return_std:           0.0000

2026-08-13 20:47:30,209 - my_experiment - bat_ExpoComm_static_45 - my_run - INFO - t_env: 350200 / 5050000
2026-08-13 20:47:30,210 - my_experiment - bat_ExpoComm_static_45 - my_run - INFO - Estimated time left: 8 hours, 45 minutes, 58 seconds. Time passed: 39 minutes, 0 seconds
2026-08-13 20:53:04,320 - my_experiment - bat_ExpoComm_static_45 - my_run - INFO - Recent Stats | t_env:     400000 | Episode:     2000
blue_team_alives_mean:    19.9840	blue_team_win_mean:        0.7520	ep_length_mean:          200.0000	episode_length_mean:     199.0000
epsilon:                   0.6295	grad_norm:               47891.8699	info_nce_loss:             1.0775	loss:                    1554.6156
q_loss:                  1413.2869	q_taken_mean:             25.8261	red_team_alives_mean:     18.0960	red_team_win_mean:         0.0000
return_mean:              -5.6826	return_std:                0.2217	target_mean:              26.4466	td_error_abs:             21.5136
test_blue_team_alives_mean: 20.0000	test_blue_team_win_mean:   0.4000	test_ep_length_mean:     200.0000	test_episode_length_mean:199.0000
test_red_team_alives_mean: 19.2000	test_red_team_win_mean:    0.0000	test_return_mean:         -0.9984	test_return_std:           0.0000

2026-08-13 20:53:05,680 - my_experiment - bat_ExpoComm_static_45 - my_run - INFO - t_env: 400200 / 5050000
2026-08-13 20:53:05,681 - my_experiment - bat_ExpoComm_static_45 - my_run - INFO - Estimated time left: 8 hours, 39 minutes, 57 seconds. Time passed: 44 minutes, 35 seconds
2026-08-13 20:58:40,035 - my_experiment - bat_ExpoComm_static_45 - my_run - INFO - Recent Stats | t_env:     450000 | Episode:     2250
blue_team_alives_mean:    19.9840	blue_team_win_mean:        0.8000	ep_length_mean:          200.0000	episode_length_mean:     199.0000
epsilon:                   0.5820	grad_norm:               109227.2641	info_nce_loss:             0.7100	loss:                    2105.4290
q_loss:                  1914.0264	q_taken_mean:             29.3318	red_team_alives_mean:     18.2920	red_team_win_mean:         0.0000
return_mean:              -5.3862	return_std:                0.1901	target_mean:              30.3191	td_error_abs:             31.3950
test_blue_team_alives_mean: 20.0000	test_blue_team_win_mean:   0.6000	test_ep_length_mean:     200.0000	test_episode_length_mean:199.0000
test_red_team_alives_mean: 18.8000	test_red_team_win_mean:    0.0000	test_return_mean:         -0.9904	test_return_std:           0.0000

2026-08-13 20:58:41,398 - my_experiment - bat_ExpoComm_static_45 - my_run - INFO - t_env: 450200 / 5050000
2026-08-13 20:58:41,399 - my_experiment - bat_ExpoComm_static_45 - my_run - INFO - Estimated time left: 8 hours, 34 minutes, 44 seconds. Time passed: 50 minutes, 11 seconds
2026-08-13 21:04:14,785 - my_experiment - bat_ExpoComm_static_45 - my_run - INFO - Recent Stats | t_env:     500000 | Episode:     2500
blue_team_alives_mean:    19.9800	blue_team_win_mean:        0.8120	ep_length_mean:          200.0000	episode_length_mean:     199.0000
epsilon:                   0.5345	grad_norm:               138477.7047	info_nce_loss:             0.8552	loss:                    1355.9849
q_loss:                  1232.7136	q_taken_mean:             33.0157	red_team_alives_mean:     17.4000	red_team_win_mean:         0.0040
return_mean:              -5.0127	return_std:                0.1935	target_mean:              33.3794	td_error_abs:             22.6385
test_blue_team_alives_mean: 20.0000	test_blue_team_win_mean:   0.8000	test_ep_length_mean:     200.0000	test_episode_length_mean:199.0000
test_red_team_alives_mean: 18.6000	test_red_team_win_mean:    0.0000	test_return_mean:         -0.9885	test_return_std:           0.0000

2026-08-13 21:04:16,117 - my_experiment - bat_ExpoComm_static_45 - my_run - INFO - t_env: 500200 / 5050000
2026-08-13 21:04:16,118 - my_experiment - bat_ExpoComm_static_45 - my_run - INFO - Estimated time left: 8 hours, 27 minutes, 38 seconds. Time passed: 55 minutes, 46 seconds
2026-08-13 21:04:16,847 - my_experiment - bat_ExpoComm_static_45 - my_run - INFO - Saving models to work_dirs/my_experiment/bat_ExpoComm_static_45/my_run/20260813_200810/models/500200
2026-08-13 21:09:49,579 - my_experiment - bat_ExpoComm_static_45 - my_run - INFO - Recent Stats | t_env:     550000 | Episode:     2750
blue_team_alives_mean:    19.9840	blue_team_win_mean:        0.4800	ep_length_mean:          200.0000	episode_length_mean:     199.0000
epsilon:                   0.4870	grad_norm:               163088.1641	info_nce_loss:             1.0232	loss:                    1653.7833
q_loss:                  1503.4394	q_taken_mean:             36.0633	red_team_alives_mean:     18.9560	red_team_win_mean:         0.0000
return_mean:              -4.7942	return_std:                0.1762	target_mean:              36.7156	td_error_abs:             23.8896
test_blue_team_alives_mean: 20.0000	test_blue_team_win_mean:   0.8000	test_ep_length_mean:     200.0000	test_episode_length_mean:199.0000
test_red_team_alives_mean: 18.6000	test_red_team_win_mean:    0.0000	test_return_mean:         -0.9885	test_return_std:           0.0000

2026-08-13 21:09:50,948 - my_experiment - bat_ExpoComm_static_45 - my_run - INFO - t_env: 550200 / 5050000
2026-08-13 21:09:50,949 - my_experiment - bat_ExpoComm_static_45 - my_run - INFO - Estimated time left: 8 hours, 22 minutes, 13 seconds. Time passed: 1 hours, 1 minutes, 20 seconds
2026-08-13 21:15:24,490 - my_experiment - bat_ExpoComm_static_45 - my_run - INFO - Recent Stats | t_env:     600000 | Episode:     3000
blue_team_alives_mean:    20.0000	blue_team_win_mean:        0.3680	ep_length_mean:          200.0000	episode_length_mean:     199.0000
epsilon:                   0.4395	grad_norm:               328994.9453	info_nce_loss:             0.9297	loss:                    3548.7406
q_loss:                  3226.1278	q_taken_mean:             39.4791	red_team_alives_mean:     19.4360	red_team_win_mean:         0.0000
return_mean:              -4.4779	return_std:                0.1447	target_mean:              40.1066	td_error_abs:             27.8746
test_blue_team_alives_mean: 20.0000	test_blue_team_win_mean:   0.6000	test_ep_length_mean:     200.0000	test_episode_length_mean:199.0000
test_red_team_alives_mean: 19.2000	test_red_team_win_mean:    0.0000	test_return_mean:         -0.9888	test_return_std:           0.0000

2026-08-13 21:15:25,848 - my_experiment - bat_ExpoComm_static_45 - my_run - INFO - t_env: 600200 / 5050000
2026-08-13 21:15:25,849 - my_experiment - bat_ExpoComm_static_45 - my_run - INFO - Estimated time left: 8 hours, 16 minutes, 44 seconds. Time passed: 1 hours, 6 minutes, 55 seconds
2026-08-13 21:20:58,964 - my_experiment - bat_ExpoComm_static_45 - my_run - INFO - Recent Stats | t_env:     650000 | Episode:     3250
blue_team_alives_mean:    19.9720	blue_team_win_mean:        0.4760	ep_length_mean:          200.0000	episode_length_mean:     199.0000
epsilon:                   0.3920	grad_norm:               206302.4922	info_nce_loss:             1.1219	loss:                    2424.2975
q_loss:                  2203.9069	q_taken_mean:             42.0612	red_team_alives_mean:     19.1840	red_team_win_mean:         0.0120
return_mean:              -4.0940	return_std:                0.1362	target_mean:              43.0034	td_error_abs:             30.1856
test_blue_team_alives_mean: 20.0000	test_blue_team_win_mean:   0.4000	test_ep_length_mean:     200.0000	test_episode_length_mean:199.0000
test_red_team_alives_mean: 19.4000	test_red_team_win_mean:    0.0000	test_return_mean:         -0.9901	test_return_std:           0.0000

2026-08-13 21:21:00,360 - my_experiment - bat_ExpoComm_static_45 - my_run - INFO - t_env: 650200 / 5050000
2026-08-13 21:21:00,361 - my_experiment - bat_ExpoComm_static_45 - my_run - INFO - Estimated time left: 8 hours, 10 minutes, 35 seconds. Time passed: 1 hours, 12 minutes, 30 seconds
2026-08-13 21:26:32,648 - my_experiment - bat_ExpoComm_static_45 - my_run - INFO - Recent Stats | t_env:     700000 | Episode:     3500
blue_team_alives_mean:    19.9720	blue_team_win_mean:        0.7480	ep_length_mean:          200.0000	episode_length_mean:     199.0000
epsilon:                   0.3445	grad_norm:               191907.2484	info_nce_loss:             0.9873	loss:                    1841.6170
q_loss:                  1674.1973	q_taken_mean:             45.6074	red_team_alives_mean:     17.2160	red_team_win_mean:         0.0000
return_mean:              -3.4640	return_std:                0.3133	target_mean:              45.9557	td_error_abs:             22.1936
test_blue_team_alives_mean: 20.0000	test_blue_team_win_mean:   0.2000	test_ep_length_mean:     200.0000	test_episode_length_mean:199.0000
test_red_team_alives_mean: 19.8000	test_red_team_win_mean:    0.0000	test_return_mean:         -0.9981	test_return_std:           0.0000

2026-08-13 21:26:34,002 - my_experiment - bat_ExpoComm_static_45 - my_run - INFO - t_env: 700200 / 5050000
2026-08-13 21:26:34,003 - my_experiment - bat_ExpoComm_static_45 - my_run - INFO - Estimated time left: 8 hours, 3 minutes, 45 seconds. Time passed: 1 hours, 18 minutes, 4 seconds
2026-08-13 21:32:07,175 - my_experiment - bat_ExpoComm_static_45 - my_run - INFO - Recent Stats | t_env:     750000 | Episode:     3750
blue_team_alives_mean:    19.9640	blue_team_win_mean:        0.8160	ep_length_mean:          200.0000	episode_length_mean:     199.0000
epsilon:                   0.2970	grad_norm:               282457.5062	info_nce_loss:             1.0857	loss:                    1965.1821
q_loss:                  1786.5292	q_taken_mean:             47.6963	red_team_alives_mean:     16.1720	red_team_win_mean:         0.0080
return_mean:              -3.0484	return_std:                0.2937	target_mean:              48.1295	td_error_abs:             23.3755
test_blue_team_alives_mean: 20.0000	test_blue_team_win_mean:   0.0000	test_ep_length_mean:     200.0000	test_episode_length_mean:199.0000
test_red_team_alives_mean: 20.0000	test_red_team_win_mean:    0.0000	test_return_mean:         -1.0000	test_return_std:           0.0000

2026-08-13 21:32:08,537 - my_experiment - bat_ExpoComm_static_45 - my_run - INFO - t_env: 750200 / 5050000
2026-08-13 21:32:08,538 - my_experiment - bat_ExpoComm_static_45 - my_run - INFO - Estimated time left: 7 hours, 59 minutes, 28 seconds. Time passed: 1 hours, 23 minutes, 38 seconds
2026-08-13 21:37:42,518 - my_experiment - bat_ExpoComm_static_45 - my_run - INFO - Recent Stats | t_env:     800000 | Episode:     4000
blue_team_alives_mean:    19.9800	blue_team_win_mean:        0.7120	ep_length_mean:          200.0000	episode_length_mean:     199.0000
epsilon:                   0.2495	grad_norm:               186121.6141	info_nce_loss:             1.2592	loss:                    1330.9488
q_loss:                  1209.9535	q_taken_mean:             49.9771	red_team_alives_mean:     18.2920	red_team_win_mean:         0.0000
return_mean:              -2.9835	return_std:                0.1441	target_mean:              50.4889	td_error_abs:             20.5870
test_blue_team_alives_mean: 20.0000	test_blue_team_win_mean:   0.0000	test_ep_length_mean:     200.0000	test_episode_length_mean:199.0000
test_red_team_alives_mean: 20.0000	test_red_team_win_mean:    0.0000	test_return_mean:         -1.0000	test_return_std:           0.0000

2026-08-13 21:37:43,847 - my_experiment - bat_ExpoComm_static_45 - my_run - INFO - t_env: 800200 / 5050000
2026-08-13 21:37:43,848 - my_experiment - bat_ExpoComm_static_45 - my_run - INFO - Estimated time left: 7 hours, 55 minutes, 0 seconds. Time passed: 1 hours, 29 minutes, 13 seconds
2026-08-13 21:43:18,023 - my_experiment - bat_ExpoComm_static_45 - my_run - INFO - Recent Stats | t_env:     850000 | Episode:     4250
blue_team_alives_mean:    19.9560	blue_team_win_mean:        0.7000	ep_length_mean:          200.0000	episode_length_mean:     199.0000
epsilon:                   0.2020	grad_norm:               326094.4953	info_nce_loss:             0.9152	loss:                    2448.6019
q_loss:                  2226.0017	q_taken_mean:             52.7716	red_team_alives_mean:     18.2200	red_team_win_mean:         0.0240
return_mean:              -2.5809	return_std:                0.1894	target_mean:              53.4483	td_error_abs:             29.2659
test_blue_team_alives_mean: 20.0000	test_blue_team_win_mean:   0.2000	test_ep_length_mean:     200.0000	test_episode_length_mean:199.0000
test_red_team_alives_mean: 19.8000	test_red_team_win_mean:    0.0000	test_return_mean:         -1.0068	test_return_std:           0.0000

2026-08-13 21:43:19,391 - my_experiment - bat_ExpoComm_static_45 - my_run - INFO - t_env: 850200 / 5050000
2026-08-13 21:43:19,391 - my_experiment - bat_ExpoComm_static_45 - my_run - INFO - Estimated time left: 7 hours, 49 minutes, 44 seconds. Time passed: 1 hours, 34 minutes, 49 seconds
2026-08-13 21:48:53,242 - my_experiment - bat_ExpoComm_static_45 - my_run - INFO - Recent Stats | t_env:     900000 | Episode:     4500
blue_team_alives_mean:    19.9720	blue_team_win_mean:        0.6760	ep_length_mean:          200.0000	episode_length_mean:     199.0000
epsilon:                   0.1545	grad_norm:               179455.4578	info_nce_loss:             0.7014	loss:                    1124.8306
q_loss:                  1022.5733	q_taken_mean:             54.8663	red_team_alives_mean:     17.4880	red_team_win_mean:         0.0040
return_mean:              -2.1846	return_std:                0.1996	target_mean:              54.9718	td_error_abs:             19.7356
test_blue_team_alives_mean: 20.0000	test_blue_team_win_mean:   0.2000	test_ep_length_mean:     200.0000	test_episode_length_mean:199.0000
test_red_team_alives_mean: 19.8000	test_red_team_win_mean:    0.0000	test_return_mean:         -1.0068	test_return_std:           0.0000

2026-08-13 21:48:54,577 - my_experiment - bat_ExpoComm_static_45 - my_run - INFO - t_env: 900200 / 5050000
2026-08-13 21:48:54,578 - my_experiment - bat_ExpoComm_static_45 - my_run - INFO - Estimated time left: 7 hours, 43 minutes, 39 seconds. Time passed: 1 hours, 40 minutes, 24 seconds
2026-08-13 21:54:28,046 - my_experiment - bat_ExpoComm_static_45 - my_run - INFO - Recent Stats | t_env:     950000 | Episode:     4750
blue_team_alives_mean:    19.9880	blue_team_win_mean:        0.7560	ep_length_mean:          200.0000	episode_length_mean:     199.0000
epsilon:                   0.1070	grad_norm:               410485.8797	info_nce_loss:             1.0895	loss:                    2413.7898
q_loss:                  2194.3543	q_taken_mean:             56.4040	red_team_alives_mean:     17.0480	red_team_win_mean:         0.0000
return_mean:              -1.8057	return_std:                0.1981	target_mean:              56.7395	td_error_abs:             23.6738
test_blue_team_alives_mean: 20.0000	test_blue_team_win_mean:   0.4000	test_ep_length_mean:     200.0000	test_episode_length_mean:199.0000
test_red_team_alives_mean: 19.6000	test_red_team_win_mean:    0.0000	test_return_mean:         -1.0063	test_return_std:           0.0000

2026-08-13 21:54:29,414 - my_experiment - bat_ExpoComm_static_45 - my_run - INFO - t_env: 950200 / 5050000
2026-08-13 21:54:29,415 - my_experiment - bat_ExpoComm_static_45 - my_run - INFO - Estimated time left: 7 hours, 37 minutes, 35 seconds. Time passed: 1 hours, 45 minutes, 59 seconds
2026-08-13 22:00:03,337 - my_experiment - bat_ExpoComm_static_45 - my_run - INFO - Recent Stats | t_env:    1000000 | Episode:     5000
blue_team_alives_mean:    19.9680	blue_team_win_mean:        0.7920	ep_length_mean:          200.0000	episode_length_mean:     199.0000
epsilon:                   0.0595	grad_norm:               550590.5375	info_nce_loss:             0.8670	loss:                    4501.0502
q_loss:                  4091.8638	q_taken_mean:             57.7539	red_team_alives_mean:     17.9040	red_team_win_mean:         0.0080
return_mean:              -1.5430	return_std:                0.1131	target_mean:              57.6949	td_error_abs:             32.6257
test_blue_team_alives_mean: 20.0000	test_blue_team_win_mean:   0.6000	test_ep_length_mean:     200.0000	test_episode_length_mean:199.0000
test_red_team_alives_mean: 19.2000	test_red_team_win_mean:    0.0000	test_return_mean:         -1.0048	test_return_std:           0.0000

2026-08-13 22:00:04,696 - my_experiment - bat_ExpoComm_static_45 - my_run - INFO - t_env: 1000200 / 5050000
2026-08-13 22:00:04,697 - my_experiment - bat_ExpoComm_static_45 - my_run - INFO - Estimated time left: 7 hours, 32 minutes, 36 seconds. Time passed: 1 hours, 51 minutes, 34 seconds
2026-08-13 22:00:05,477 - my_experiment - bat_ExpoComm_static_45 - my_run - INFO - Saving models to work_dirs/my_experiment/bat_ExpoComm_static_45/my_run/20260813_200810/models/1000200
2026-08-13 22:05:38,074 - my_experiment - bat_ExpoComm_static_45 - my_run - INFO - Recent Stats | t_env:    1050000 | Episode:     5250
blue_team_alives_mean:    19.9360	blue_team_win_mean:        0.4600	ep_length_mean:          200.0000	episode_length_mean:     199.0000
epsilon:                   0.0500	grad_norm:               435954.9688	info_nce_loss:             0.8150	loss:                    3816.7559
q_loss:                  3469.7781	q_taken_mean:             58.5539	red_team_alives_mean:     18.1040	red_team_win_mean:         0.0040
return_mean:              -1.3678	return_std:                0.1869	target_mean:              59.2457	td_error_abs:             35.2385
test_blue_team_alives_mean: 20.0000	test_blue_team_win_mean:   0.8000	test_ep_length_mean:     200.0000	test_episode_length_mean:199.0000
test_red_team_alives_mean: 19.0000	test_red_team_win_mean:    0.0000	test_return_mean:         -1.0022	test_return_std:           0.0000

2026-08-13 22:05:39,418 - my_experiment - bat_ExpoComm_static_45 - my_run - INFO - t_env: 1050200 / 5050000
2026-08-13 22:05:39,419 - my_experiment - bat_ExpoComm_static_45 - my_run - INFO - Estimated time left: 7 hours, 26 minutes, 16 seconds. Time passed: 1 hours, 57 minutes, 9 seconds
2026-08-13 22:11:12,527 - my_experiment - bat_ExpoComm_static_45 - my_run - INFO - Recent Stats | t_env:    1100000 | Episode:     5500
blue_team_alives_mean:    19.9920	blue_team_win_mean:        0.5640	ep_length_mean:          200.0000	episode_length_mean:     199.0000
epsilon:                   0.0500	grad_norm:               312749.8312	info_nce_loss:             0.7456	loss:                    2480.3318
q_loss:                  2254.8471	q_taken_mean:             60.2326	red_team_alives_mean:     17.4160	red_team_win_mean:         0.0000
return_mean:              -1.2973	return_std:                0.1628	target_mean:              59.8340	td_error_abs:             30.3584
test_blue_team_alives_mean: 20.0000	test_blue_team_win_mean:   0.8000	test_ep_length_mean:     200.0000	test_episode_length_mean:199.0000
test_red_team_alives_mean: 18.2000	test_red_team_win_mean:    0.0000	test_return_mean:         -1.0412	test_return_std:           0.0000

2026-08-13 22:11:13,932 - my_experiment - bat_ExpoComm_static_45 - my_run - INFO - t_env: 1100200 / 5050000
2026-08-13 22:11:13,932 - my_experiment - bat_ExpoComm_static_45 - my_run - INFO - Estimated time left: 7 hours, 20 minutes, 25 seconds. Time passed: 2 hours, 2 minutes, 43 seconds
2026-08-13 22:16:47,464 - my_experiment - bat_ExpoComm_static_45 - my_run - INFO - Recent Stats | t_env:    1150000 | Episode:     5750
blue_team_alives_mean:    19.9560	blue_team_win_mean:        0.6400	ep_length_mean:          200.0000	episode_length_mean:     199.0000
epsilon:                   0.0500	grad_norm:               316651.9281	info_nce_loss:             0.9824	loss:                    2717.3509
q_loss:                  2470.3189	q_taken_mean:             61.7206	red_team_alives_mean:     17.8480	red_team_win_mean:         0.0080
return_mean:              -1.3292	return_std:                0.1018	target_mean:              62.0522	td_error_abs:             28.5053
test_blue_team_alives_mean: 20.0000	test_blue_team_win_mean:   1.0000	test_ep_length_mean:     200.0000	test_episode_length_mean:199.0000
test_red_team_alives_mean: 17.0000	test_red_team_win_mean:    0.0000	test_return_mean:         -1.0432	test_return_std:           0.0000

2026-08-13 22:16:48,814 - my_experiment - bat_ExpoComm_static_45 - my_run - INFO - t_env: 1150200 / 5050000
2026-08-13 22:16:48,815 - my_experiment - bat_ExpoComm_static_45 - my_run - INFO - Estimated time left: 7 hours, 15 minutes, 19 seconds. Time passed: 2 hours, 8 minutes, 18 seconds
2026-08-13 22:22:22,200 - my_experiment - bat_ExpoComm_static_45 - my_run - INFO - Recent Stats | t_env:    1200000 | Episode:     6000
blue_team_alives_mean:    19.9800	blue_team_win_mean:        0.5920	ep_length_mean:          200.0000	episode_length_mean:     199.0000
epsilon:                   0.0500	grad_norm:               191777.8625	info_nce_loss:             0.5943	loss:                    1646.8693
q_loss:                  1497.1539	q_taken_mean:             63.7892	red_team_alives_mean:     17.4680	red_team_win_mean:         0.0000
return_mean:              -1.3188	return_std:                0.1395	target_mean:              63.7394	td_error_abs:             25.6323
test_blue_team_alives_mean: 20.0000	test_blue_team_win_mean:   1.0000	test_ep_length_mean:     200.0000	test_episode_length_mean:199.0000
test_red_team_alives_mean: 17.0000	test_red_team_win_mean:    0.0000	test_return_mean:         -1.0531	test_return_std:           0.0000

2026-08-13 22:22:23,569 - my_experiment - bat_ExpoComm_static_45 - my_run - INFO - t_env: 1200200 / 5050000
2026-08-13 22:22:23,570 - my_experiment - bat_ExpoComm_static_45 - my_run - INFO - Estimated time left: 7 hours, 9 minutes, 34 seconds. Time passed: 2 hours, 13 minutes, 53 seconds
2026-08-13 22:27:57,051 - my_experiment - bat_ExpoComm_static_45 - my_run - INFO - Recent Stats | t_env:    1250000 | Episode:     6250
blue_team_alives_mean:    19.9960	blue_team_win_mean:        0.8080	ep_length_mean:          200.0000	episode_length_mean:     199.0000
epsilon:                   0.0500	grad_norm:               237109.7812	info_nce_loss:             0.5736	loss:                    1747.4564
q_loss:                  1588.6273	q_taken_mean:             63.6784	red_team_alives_mean:     16.7480	red_team_win_mean:         0.0000
return_mean:              -1.2794	return_std:                0.1204	target_mean:              63.8761	td_error_abs:             23.4496
test_blue_team_alives_mean: 20.0000	test_blue_team_win_mean:   0.8000	test_ep_length_mean:     200.0000	test_episode_length_mean:199.0000
test_red_team_alives_mean: 17.4000	test_red_team_win_mean:    0.0000	test_return_mean:         -1.0546	test_return_std:           0.0000

2026-08-13 22:27:58,410 - my_experiment - bat_ExpoComm_static_45 - my_run - INFO - t_env: 1250200 / 5050000
2026-08-13 22:27:58,411 - my_experiment - bat_ExpoComm_static_45 - my_run - INFO - Estimated time left: 7 hours, 4 minutes, 6 seconds. Time passed: 2 hours, 19 minutes, 28 seconds
2026-08-13 22:33:31,905 - my_experiment - bat_ExpoComm_static_45 - my_run - INFO - Recent Stats | t_env:    1300000 | Episode:     6500
blue_team_alives_mean:    19.9840	blue_team_win_mean:        0.7040	ep_length_mean:          200.0000	episode_length_mean:     199.0000
epsilon:                   0.0500	grad_norm:               176063.7687	info_nce_loss:             0.8536	loss:                    1136.2077
q_loss:                  1032.9161	q_taken_mean:             64.2688	red_team_alives_mean:     17.1960	red_team_win_mean:         0.0000
return_mean:              -1.2970	return_std:                0.1047	target_mean:              64.3523	td_error_abs:             20.7064
test_blue_team_alives_mean: 20.0000	test_blue_team_win_mean:   0.8000	test_ep_length_mean:     200.0000	test_episode_length_mean:199.0000
test_red_team_alives_mean: 17.4000	test_red_team_win_mean:    0.0000	test_return_mean:         -1.0570	test_return_std:           0.0000

2026-08-13 22:33:33,258 - my_experiment - bat_ExpoComm_static_45 - my_run - INFO - t_env: 1300200 / 5050000
2026-08-13 22:33:33,259 - my_experiment - bat_ExpoComm_static_45 - my_run - INFO - Estimated time left: 6 hours, 58 minutes, 32 seconds. Time passed: 2 hours, 25 minutes, 3 seconds
2026-08-13 22:39:06,638 - my_experiment - bat_ExpoComm_static_45 - my_run - INFO - Recent Stats | t_env:    1350000 | Episode:     6750
blue_team_alives_mean:    19.9960	blue_team_win_mean:        0.7280	ep_length_mean:          200.0000	episode_length_mean:     199.0000
epsilon:                   0.0500	grad_norm:               202741.4500	info_nce_loss:             0.7956	loss:                    1591.7278
q_loss:                  1447.0253	q_taken_mean:             65.4055	red_team_alives_mean:     17.2000	red_team_win_mean:         0.0000
return_mean:              -1.2912	return_std:                0.1172	target_mean:              66.0123	td_error_abs:             20.2375
test_blue_team_alives_mean: 20.0000	test_blue_team_win_mean:   0.8000	test_ep_length_mean:     200.0000	test_episode_length_mean:199.0000
test_red_team_alives_mean: 17.2000	test_red_team_win_mean:    0.0000	test_return_mean:         -1.0038	test_return_std:           0.0000

2026-08-13 22:39:07,980 - my_experiment - bat_ExpoComm_static_45 - my_run - INFO - t_env: 1350200 / 5050000
2026-08-13 22:39:07,981 - my_experiment - bat_ExpoComm_static_45 - my_run - INFO - Estimated time left: 6 hours, 52 minutes, 48 seconds. Time passed: 2 hours, 30 minutes, 37 seconds
2026-08-13 22:44:41,325 - my_experiment - bat_ExpoComm_static_45 - my_run - INFO - Recent Stats | t_env:    1400000 | Episode:     7000
blue_team_alives_mean:    19.9760	blue_team_win_mean:        0.8880	ep_length_mean:          200.0000	episode_length_mean:     199.0000
epsilon:                   0.0500	grad_norm:               271912.7609	info_nce_loss:             0.8787	loss:                    1594.5088
q_loss:                  1449.5534	q_taken_mean:             67.7948	red_team_alives_mean:     16.1560	red_team_win_mean:         0.0000
return_mean:              -1.2554	return_std:                0.1350	target_mean:              68.1205	td_error_abs:             21.3272
test_blue_team_alives_mean: 20.0000	test_blue_team_win_mean:   0.8000	test_ep_length_mean:     200.0000	test_episode_length_mean:199.0000
test_red_team_alives_mean: 18.2000	test_red_team_win_mean:    0.0000	test_return_mean:         -1.0011	test_return_std:           0.0000

2026-08-13 22:44:42,680 - my_experiment - bat_ExpoComm_static_45 - my_run - INFO - t_env: 1400200 / 5050000
2026-08-13 22:44:42,681 - my_experiment - bat_ExpoComm_static_45 - my_run - INFO - Estimated time left: 6 hours, 47 minutes, 11 seconds. Time passed: 2 hours, 36 minutes, 12 seconds
2026-08-13 22:50:16,197 - my_experiment - bat_ExpoComm_static_45 - my_run - INFO - Recent Stats | t_env:    1450000 | Episode:     7250
blue_team_alives_mean:    19.9960	blue_team_win_mean:        0.9520	ep_length_mean:          200.0000	episode_length_mean:     199.0000
epsilon:                   0.0500	grad_norm:               193724.0438	info_nce_loss:             0.7039	loss:                    1193.7798
q_loss:                  1085.2544	q_taken_mean:             68.7943	red_team_alives_mean:     15.9400	red_team_win_mean:         0.0000
return_mean:              -1.2533	return_std:                0.1104	target_mean:              68.9731	td_error_abs:             17.0661
test_blue_team_alives_mean: 20.0000	test_blue_team_win_mean:   0.8000	test_ep_length_mean:     200.0000	test_episode_length_mean:199.0000
test_red_team_alives_mean: 17.6000	test_red_team_win_mean:    0.0000	test_return_mean:         -0.9855	test_return_std:           0.0000

2026-08-13 22:50:17,561 - my_experiment - bat_ExpoComm_static_45 - my_run - INFO - t_env: 1450200 / 5050000
2026-08-13 22:50:17,562 - my_experiment - bat_ExpoComm_static_45 - my_run - INFO - Estimated time left: 6 hours, 41 minutes, 50 seconds. Time passed: 2 hours, 41 minutes, 47 seconds
2026-08-13 22:55:50,639 - my_experiment - bat_ExpoComm_static_45 - my_run - INFO - Recent Stats | t_env:    1500000 | Episode:     7500
blue_team_alives_mean:    19.9840	blue_team_win_mean:        0.8800	ep_length_mean:          200.0000	episode_length_mean:     199.0000
epsilon:                   0.0500	grad_norm:               205375.5969	info_nce_loss:             0.7276	loss:                    1419.8118
q_loss:                  1290.7380	q_taken_mean:             69.9777	red_team_alives_mean:     16.3440	red_team_win_mean:         0.0000
return_mean:              -1.2459	return_std:                0.1107	target_mean:              69.9567	td_error_abs:             19.3016
test_blue_team_alives_mean: 20.0000	test_blue_team_win_mean:   0.8000	test_ep_length_mean:     200.0000	test_episode_length_mean:199.0000
test_red_team_alives_mean: 17.6000	test_red_team_win_mean:    0.0000	test_return_mean:         -0.9855	test_return_std:           0.0000

2026-08-13 22:55:51,997 - my_experiment - bat_ExpoComm_static_45 - my_run - INFO - t_env: 1500200 / 5050000
2026-08-13 22:55:51,998 - my_experiment - bat_ExpoComm_static_45 - my_run - INFO - Estimated time left: 6 hours, 35 minutes, 43 seconds. Time passed: 2 hours, 47 minutes, 21 seconds
2026-08-13 22:55:52,773 - my_experiment - bat_ExpoComm_static_45 - my_run - INFO - Saving models to work_dirs/my_experiment/bat_ExpoComm_static_45/my_run/20260813_200810/models/1500200
2026-08-13 23:01:25,109 - my_experiment - bat_ExpoComm_static_45 - my_run - INFO - Recent Stats | t_env:    1550000 | Episode:     7750
blue_team_alives_mean:    19.9960	blue_team_win_mean:        0.7480	ep_length_mean:          200.0000	episode_length_mean:     199.0000
epsilon:                   0.0500	grad_norm:               260216.9516	info_nce_loss:             0.8053	loss:                    1506.7188
q_loss:                  1369.7443	q_taken_mean:             69.2771	red_team_alives_mean:     16.8960	red_team_win_mean:         0.0000
return_mean:              -1.2545	return_std:                0.1287	target_mean:              69.4798	td_error_abs:             23.1865
test_blue_team_alives_mean: 20.0000	test_blue_team_win_mean:   0.6000	test_ep_length_mean:     200.0000	test_episode_length_mean:199.0000
test_red_team_alives_mean: 17.8000	test_red_team_win_mean:    0.0000	test_return_mean:         -0.9857	test_return_std:           0.0000

2026-08-13 23:01:26,474 - my_experiment - bat_ExpoComm_static_45 - my_run - INFO - t_env: 1550200 / 5050000
2026-08-13 23:01:26,474 - my_experiment - bat_ExpoComm_static_45 - my_run - INFO - Estimated time left: 6 hours, 30 minutes, 12 seconds. Time passed: 2 hours, 52 minutes, 56 seconds
2026-08-13 23:06:59,074 - my_experiment - bat_ExpoComm_static_45 - my_run - INFO - Recent Stats | t_env:    1600000 | Episode:     8000
blue_team_alives_mean:    19.9720	blue_team_win_mean:        0.8080	ep_length_mean:          200.0000	episode_length_mean:     199.0000
epsilon:                   0.0500	grad_norm:               137979.7445	info_nce_loss:             0.7621	loss:                    753.9562
q_loss:                  692.6487	q_taken_mean:             69.7637	red_team_alives_mean:     15.9080	red_team_win_mean:         0.0000
return_mean:              -1.2141	return_std:                0.1683	target_mean:              69.9985	td_error_abs:             16.7517
test_blue_team_alives_mean: 20.0000	test_blue_team_win_mean:   0.6000	test_ep_length_mean:     200.0000	test_episode_length_mean:199.0000
test_red_team_alives_mean: 18.4000	test_red_team_win_mean:    0.0000	test_return_mean:         -1.0855	test_return_std:           0.0000

2026-08-13 23:07:00,400 - my_experiment - bat_ExpoComm_static_45 - my_run - INFO - t_env: 1600200 / 5050000
2026-08-13 23:07:00,401 - my_experiment - bat_ExpoComm_static_45 - my_run - INFO - Estimated time left: 6 hours, 23 minutes, 59 seconds. Time passed: 2 hours, 58 minutes, 30 seconds
2026-08-13 23:12:33,025 - my_experiment - bat_ExpoComm_static_45 - my_run - INFO - Recent Stats | t_env:    1650000 | Episode:     8250
blue_team_alives_mean:    19.9680	blue_team_win_mean:        0.9760	ep_length_mean:          200.0000	episode_length_mean:     199.0000
epsilon:                   0.0500	grad_norm:               123216.5063	info_nce_loss:             0.3466	loss:                    427.9946
q_loss:                  389.0860	q_taken_mean:             70.7416	red_team_alives_mean:     14.9280	red_team_win_mean:         0.0000
return_mean:              -1.1522	return_std:                0.1501	target_mean:              70.9442	td_error_abs:             12.1279
test_blue_team_alives_mean: 20.0000	test_blue_team_win_mean:   0.6000	test_ep_length_mean:     200.0000	test_episode_length_mean:199.0000
test_red_team_alives_mean: 18.2000	test_red_team_win_mean:    0.0000	test_return_mean:         -1.0884	test_return_std:           0.0000

2026-08-13 23:12:34,361 - my_experiment - bat_ExpoComm_static_45 - my_run - INFO - t_env: 1650200 / 5050000
2026-08-13 23:12:34,362 - my_experiment - bat_ExpoComm_static_45 - my_run - INFO - Estimated time left: 6 hours, 18 minutes, 28 seconds. Time passed: 3 hours, 4 minutes, 4 seconds
2026-08-13 23:18:06,930 - my_experiment - bat_ExpoComm_static_45 - my_run - INFO - Recent Stats | t_env:    1700000 | Episode:     8500
blue_team_alives_mean:    19.9880	blue_team_win_mean:        0.9960	ep_length_mean:          200.0000	episode_length_mean:     199.0000
epsilon:                   0.0500	grad_norm:               126181.1547	info_nce_loss:             1.0711	loss:                    424.4726
q_loss:                  385.8842	q_taken_mean:             71.5226	red_team_alives_mean:     14.6720	red_team_win_mean:         0.0000
return_mean:              -1.1455	return_std:                0.1427	target_mean:              71.7328	td_error_abs:             11.5530
test_blue_team_alives_mean: 20.0000	test_blue_team_win_mean:   0.6000	test_ep_length_mean:     200.0000	test_episode_length_mean:199.0000
test_red_team_alives_mean: 18.4000	test_red_team_win_mean:    0.0000	test_return_mean:         -1.0825	test_return_std:           0.0000

2026-08-13 23:18:08,284 - my_experiment - bat_ExpoComm_static_45 - my_run - INFO - t_env: 1700200 / 5050000
2026-08-13 23:18:08,285 - my_experiment - bat_ExpoComm_static_45 - my_run - INFO - Estimated time left: 6 hours, 12 minutes, 51 seconds. Time passed: 3 hours, 9 minutes, 38 seconds
2026-08-13 23:23:40,162 - my_experiment - bat_ExpoComm_static_45 - my_run - INFO - Recent Stats | t_env:    1750000 | Episode:     8750
blue_team_alives_mean:    19.9880	blue_team_win_mean:        0.9880	ep_length_mean:          200.0000	episode_length_mean:     199.0000
epsilon:                   0.0500	grad_norm:               312124.3937	info_nce_loss:             0.3918	loss:                    1528.9623
q_loss:                  1389.9658	q_taken_mean:             72.6981	red_team_alives_mean:     13.6760	red_team_win_mean:         0.0000
return_mean:              -1.1050	return_std:                0.1628	target_mean:              73.1242	td_error_abs:             20.3796
test_blue_team_alives_mean: 20.0000	test_blue_team_win_mean:   0.8000	test_ep_length_mean:     200.0000	test_episode_length_mean:199.0000
test_red_team_alives_mean: 17.6000	test_red_team_win_mean:    0.0000	test_return_mean:         -1.0638	test_return_std:           0.0000

2026-08-13 23:23:41,505 - my_experiment - bat_ExpoComm_static_45 - my_run - INFO - t_env: 1750200 / 5050000
2026-08-13 23:23:41,506 - my_experiment - bat_ExpoComm_static_45 - my_run - INFO - Estimated time left: 6 hours, 6 minutes, 31 seconds. Time passed: 3 hours, 15 minutes, 11 seconds
2026-08-13 23:29:12,663 - my_experiment - bat_ExpoComm_static_45 - my_run - INFO - Recent Stats | t_env:    1800000 | Episode:     9000
blue_team_alives_mean:    19.9800	blue_team_win_mean:        0.9800	ep_length_mean:          200.0000	episode_length_mean:     199.0000
epsilon:                   0.0500	grad_norm:               147377.8484	info_nce_loss:             0.8960	loss:                    755.4613
q_loss:                  686.7830	q_taken_mean:             73.9488	red_team_alives_mean:     13.1400	red_team_win_mean:         0.0000
return_mean:              -1.0695	return_std:                0.1650	target_mean:              74.2564	td_error_abs:             16.2900
test_blue_team_alives_mean: 20.0000	test_blue_team_win_mean:   1.0000	test_ep_length_mean:     200.0000	test_episode_length_mean:199.0000
test_red_team_alives_mean: 16.0000	test_red_team_win_mean:    0.0000	test_return_mean:         -1.0633	test_return_std:           0.0000

2026-08-13 23:29:14,053 - my_experiment - bat_ExpoComm_static_45 - my_run - INFO - t_env: 1800200 / 5050000
2026-08-13 23:29:14,054 - my_experiment - bat_ExpoComm_static_45 - my_run - INFO - Estimated time left: 6 hours, 14 seconds. Time passed: 3 hours, 20 minutes, 44 seconds
2026-08-13 23:34:44,366 - my_experiment - bat_ExpoComm_static_45 - my_run - INFO - Recent Stats | t_env:    1850000 | Episode:     9250
blue_team_alives_mean:    19.9840	blue_team_win_mean:        0.9440	ep_length_mean:          200.0000	episode_length_mean:     199.0000
epsilon:                   0.0500	grad_norm:               238880.5047	info_nce_loss:             0.7260	loss:                    1536.0233
q_loss:                  1404.9410	q_taken_mean:             75.4804	red_team_alives_mean:     13.3520	red_team_win_mean:         0.0000
return_mean:              -1.0615	return_std:                0.1662	target_mean:              75.4819	td_error_abs:             19.1568
test_blue_team_alives_mean: 20.0000	test_blue_team_win_mean:   1.0000	test_ep_length_mean:     200.0000	test_episode_length_mean:199.0000
test_red_team_alives_mean: 15.0000	test_red_team_win_mean:    0.0000	test_return_mean:         -0.9213	test_return_std:           0.0000

2026-08-13 23:34:45,714 - my_experiment - bat_ExpoComm_static_45 - my_run - INFO - t_env: 1850200 / 5050000
2026-08-13 23:34:45,715 - my_experiment - bat_ExpoComm_static_45 - my_run - INFO - Estimated time left: 5 hours, 53 minutes, 44 seconds. Time passed: 3 hours, 26 minutes, 15 seconds
2026-08-13 23:40:15,938 - my_experiment - bat_ExpoComm_static_45 - my_run - INFO - Recent Stats | t_env:    1900000 | Episode:     9500
blue_team_alives_mean:    19.9840	blue_team_win_mean:        0.9680	ep_length_mean:          200.0000	episode_length_mean:     199.0000
epsilon:                   0.0500	grad_norm:               203630.8438	info_nce_loss:             0.6539	loss:                    1231.1521
q_loss:                  1119.2292	q_taken_mean:             77.3495	red_team_alives_mean:     12.7440	red_team_win_mean:         0.0000
return_mean:              -1.0240	return_std:                0.1588	target_mean:              77.3663	td_error_abs:             18.0345
test_blue_team_alives_mean: 20.0000	test_blue_team_win_mean:   1.0000	test_ep_length_mean:     200.0000	test_episode_length_mean:199.0000
test_red_team_alives_mean: 14.8000	test_red_team_win_mean:    0.0000	test_return_mean:         -0.9112	test_return_std:           0.0000

2026-08-13 23:40:17,260 - my_experiment - bat_ExpoComm_static_45 - my_run - INFO - t_env: 1900200 / 5050000
2026-08-13 23:40:17,261 - my_experiment - bat_ExpoComm_static_45 - my_run - INFO - Estimated time left: 5 hours, 48 minutes, 6 seconds. Time passed: 3 hours, 31 minutes, 47 seconds
2026-08-13 23:45:47,337 - my_experiment - bat_ExpoComm_static_45 - my_run - INFO - Recent Stats | t_env:    1950000 | Episode:     9750
blue_team_alives_mean:    19.9880	blue_team_win_mean:        0.9720	ep_length_mean:          200.0000	episode_length_mean:     199.0000
epsilon:                   0.0500	grad_norm:               355659.4000	info_nce_loss:             0.8756	loss:                    2162.7603
q_loss:                  1966.1456	q_taken_mean:             78.4898	red_team_alives_mean:     13.0240	red_team_win_mean:         0.0000
return_mean:              -1.0365	return_std:                0.1732	target_mean:              78.7262	td_error_abs:             21.1438
test_blue_team_alives_mean: 20.0000	test_blue_team_win_mean:   1.0000	test_ep_length_mean:     200.0000	test_episode_length_mean:199.0000
test_red_team_alives_mean: 13.8000	test_red_team_win_mean:    0.0000	test_return_mean:         -0.8816	test_return_std:           0.0000

2026-08-13 23:45:48,672 - my_experiment - bat_ExpoComm_static_45 - my_run - INFO - t_env: 1950200 / 5050000
2026-08-13 23:45:48,672 - my_experiment - bat_ExpoComm_static_45 - my_run - INFO - Estimated time left: 5 hours, 42 minutes, 26 seconds. Time passed: 3 hours, 37 minutes, 18 seconds
2026-08-13 23:51:18,539 - my_experiment - bat_ExpoComm_static_45 - my_run - INFO - Recent Stats | t_env:    2000000 | Episode:    10000
blue_team_alives_mean:    19.9840	blue_team_win_mean:        0.8920	ep_length_mean:          200.0000	episode_length_mean:     199.0000
epsilon:                   0.0500	grad_norm:               241848.1109	info_nce_loss:             0.6269	loss:                    1498.8448
q_loss:                  1362.5861	q_taken_mean:             80.2280	red_team_alives_mean:     14.0520	red_team_win_mean:         0.0000
return_mean:              -1.0932	return_std:                0.1637	target_mean:              80.5003	td_error_abs:             21.0624
test_blue_team_alives_mean: 20.0000	test_blue_team_win_mean:   1.0000	test_ep_length_mean:     200.0000	test_episode_length_mean:199.0000
test_red_team_alives_mean: 13.6000	test_red_team_win_mean:    0.0000	test_return_mean:         -0.8966	test_return_std:           0.0000

2026-08-13 23:51:19,880 - my_experiment - bat_ExpoComm_static_45 - my_run - INFO - t_env: 2000200 / 5050000
2026-08-13 23:51:19,881 - my_experiment - bat_ExpoComm_static_45 - my_run - INFO - Estimated time left: 5 hours, 36 minutes, 42 seconds. Time passed: 3 hours, 42 minutes, 49 seconds
2026-08-13 23:51:20,594 - my_experiment - bat_ExpoComm_static_45 - my_run - INFO - Saving models to work_dirs/my_experiment/bat_ExpoComm_static_45/my_run/20260813_200810/models/2000200
2026-08-13 23:56:49,566 - my_experiment - bat_ExpoComm_static_45 - my_run - INFO - Recent Stats | t_env:    2050000 | Episode:    10250
blue_team_alives_mean:    19.9920	blue_team_win_mean:        0.8720	ep_length_mean:          200.0000	episode_length_mean:     199.0000
epsilon:                   0.0500	grad_norm:               209253.3211	info_nce_loss:             0.7808	loss:                    1463.5159
q_loss:                  1330.4690	q_taken_mean:             82.9651	red_team_alives_mean:     13.2640	red_team_win_mean:         0.0000
return_mean:              -1.0372	return_std:                0.1539	target_mean:              82.5410	td_error_abs:             18.7800
test_blue_team_alives_mean: 20.0000	test_blue_team_win_mean:   1.0000	test_ep_length_mean:     200.0000	test_episode_length_mean:199.0000
test_red_team_alives_mean: 13.8000	test_red_team_win_mean:    0.0000	test_return_mean:         -0.8539	test_return_std:           0.0000

2026-08-13 23:56:50,924 - my_experiment - bat_ExpoComm_static_45 - my_run - INFO - t_env: 2050200 / 5050000
2026-08-13 23:56:50,925 - my_experiment - bat_ExpoComm_static_45 - my_run - INFO - Estimated time left: 5 hours, 31 minutes, 1 seconds. Time passed: 3 hours, 48 minutes, 20 seconds
2026-08-14 00:02:22,006 - my_experiment - bat_ExpoComm_static_45 - my_run - INFO - Recent Stats | t_env:    2100000 | Episode:    10500
blue_team_alives_mean:    19.9840	blue_team_win_mean:        0.9200	ep_length_mean:          200.0000	episode_length_mean:     199.0000
epsilon:                   0.0500	grad_norm:               153211.9082	info_nce_loss:             1.2800	loss:                    618.1039
q_loss:                  561.9127	q_taken_mean:             81.9088	red_team_alives_mean:     13.3880	red_team_win_mean:         0.0000
return_mean:              -1.0558	return_std:                0.1480	target_mean:              81.9195	td_error_abs:             13.2116
test_blue_team_alives_mean: 20.0000	test_blue_team_win_mean:   1.0000	test_ep_length_mean:     200.0000	test_episode_length_mean:199.0000
test_red_team_alives_mean: 13.6000	test_red_team_win_mean:    0.0000	test_return_mean:         -0.8870	test_return_std:           0.0000

2026-08-14 00:02:23,359 - my_experiment - bat_ExpoComm_static_45 - my_run - INFO - t_env: 2100200 / 5050000
2026-08-14 00:02:23,359 - my_experiment - bat_ExpoComm_static_45 - my_run - INFO - Estimated time left: 5 hours, 26 minutes, 52 seconds. Time passed: 3 hours, 53 minutes, 53 seconds
2026-08-14 00:07:51,972 - my_experiment - bat_ExpoComm_static_45 - my_run - INFO - Recent Stats | t_env:    2150000 | Episode:    10750
blue_team_alives_mean:    19.9920	blue_team_win_mean:        1.0000	ep_length_mean:          200.0000	episode_length_mean:     199.0000
epsilon:                   0.0500	grad_norm:               356187.0750	info_nce_loss:             0.6399	loss:                    1760.5003
q_loss:                  1600.4548	q_taken_mean:             81.9822	red_team_alives_mean:     11.2840	red_team_win_mean:         0.0000
return_mean:              -0.9219	return_std:                0.1254	target_mean:              81.9217	td_error_abs:             19.0363
test_blue_team_alives_mean: 20.0000	test_blue_team_win_mean:   1.0000	test_ep_length_mean:     200.0000	test_episode_length_mean:199.0000
test_red_team_alives_mean: 12.4000	test_red_team_win_mean:    0.0000	test_return_mean:         -0.8285	test_return_std:           0.0000

2026-08-14 00:07:53,299 - my_experiment - bat_ExpoComm_static_45 - my_run - INFO - t_env: 2150200 / 5050000
2026-08-14 00:07:53,299 - my_experiment - bat_ExpoComm_static_45 - my_run - INFO - Estimated time left: 5 hours, 18 minutes, 55 seconds. Time passed: 3 hours, 59 minutes, 23 seconds
2026-08-14 00:13:23,744 - my_experiment - bat_ExpoComm_static_45 - my_run - INFO - Recent Stats | t_env:    2200000 | Episode:    11000
blue_team_alives_mean:    19.9520	blue_team_win_mean:        0.9840	ep_length_mean:          200.0000	episode_length_mean:     199.0000
epsilon:                   0.0500	grad_norm:               320620.7328	info_nce_loss:             0.9897	loss:                    2094.1289
q_loss:                  1903.7535	q_taken_mean:             82.6219	red_team_alives_mean:     12.1520	red_team_win_mean:         0.0000
return_mean:              -1.0237	return_std:                0.1762	target_mean:              82.5187	td_error_abs:             24.7870
test_blue_team_alives_mean: 20.0000	test_blue_team_win_mean:   1.0000	test_ep_length_mean:     200.0000	test_episode_length_mean:199.0000
test_red_team_alives_mean: 12.6000	test_red_team_win_mean:    0.0000	test_return_mean:         -0.8608	test_return_std:           0.0000

2026-08-14 00:13:25,112 - my_experiment - bat_ExpoComm_static_45 - my_run - INFO - t_env: 2200200 / 5050000
2026-08-14 00:13:25,113 - my_experiment - bat_ExpoComm_static_45 - my_run - INFO - Estimated time left: 5 hours, 15 minutes, 12 seconds. Time passed: 4 hours, 4 minutes, 55 seconds
2026-08-14 00:18:56,274 - my_experiment - bat_ExpoComm_static_45 - my_run - INFO - Recent Stats | t_env:    2250000 | Episode:    11250
blue_team_alives_mean:    19.9920	blue_team_win_mean:        0.8960	ep_length_mean:          200.0000	episode_length_mean:     199.0000
epsilon:                   0.0500	grad_norm:               313139.4387	info_nce_loss:             0.8308	loss:                    1872.0085
q_loss:                  1701.8259	q_taken_mean:             81.0619	red_team_alives_mean:     14.0080	red_team_win_mean:         0.0000
return_mean:              -1.0849	return_std:                0.1755	target_mean:              81.2100	td_error_abs:             22.0508
test_blue_team_alives_mean: 20.0000	test_blue_team_win_mean:   1.0000	test_ep_length_mean:     200.0000	test_episode_length_mean:199.0000
test_red_team_alives_mean: 12.2000	test_red_team_win_mean:    0.0000	test_return_mean:         -0.8386	test_return_std:           0.0000

2026-08-14 00:18:57,632 - my_experiment - bat_ExpoComm_static_45 - my_run - INFO - t_env: 2250200 / 5050000
2026-08-14 00:18:57,633 - my_experiment - bat_ExpoComm_static_45 - my_run - INFO - Estimated time left: 5 hours, 10 minutes, 19 seconds. Time passed: 4 hours, 10 minutes, 27 seconds
2026-08-14 00:24:29,111 - my_experiment - bat_ExpoComm_static_45 - my_run - INFO - Recent Stats | t_env:    2300000 | Episode:    11500
blue_team_alives_mean:    19.9960	blue_team_win_mean:        0.9000	ep_length_mean:          200.0000	episode_length_mean:     199.0000
epsilon:                   0.0500	grad_norm:               211111.4273	info_nce_loss:             0.9550	loss:                    1227.8642
q_loss:                  1116.2401	q_taken_mean:             80.9788	red_team_alives_mean:     13.7960	red_team_win_mean:         0.0000
return_mean:              -1.0934	return_std:                0.1780	target_mean:              80.7474	td_error_abs:             20.3695
test_blue_team_alives_mean: 20.0000	test_blue_team_win_mean:   1.0000	test_ep_length_mean:     200.0000	test_episode_length_mean:199.0000
test_red_team_alives_mean: 13.4000	test_red_team_win_mean:    0.0000	test_return_mean:         -0.8833	test_return_std:           0.0000

2026-08-14 00:24:30,453 - my_experiment - bat_ExpoComm_static_45 - my_run - INFO - t_env: 2300200 / 5050000
2026-08-14 00:24:30,454 - my_experiment - bat_ExpoComm_static_45 - my_run - INFO - Estimated time left: 5 hours, 5 minutes, 3 seconds. Time passed: 4 hours, 16 minutes, 0 seconds
2026-08-14 00:30:01,121 - my_experiment - bat_ExpoComm_static_45 - my_run - INFO - Recent Stats | t_env:    2350000 | Episode:    11750
blue_team_alives_mean:    19.9960	blue_team_win_mean:        0.9920	ep_length_mean:          200.0000	episode_length_mean:     199.0000
epsilon:                   0.0500	grad_norm:               141980.9922	info_nce_loss:             0.6786	loss:                    432.0346
q_loss:                  392.7587	q_taken_mean:             81.1066	red_team_alives_mean:     13.2360	red_team_win_mean:         0.0000
return_mean:              -1.0359	return_std:                0.1559	target_mean:              81.1045	td_error_abs:             11.9158
test_blue_team_alives_mean: 20.0000	test_blue_team_win_mean:   1.0000	test_ep_length_mean:     200.0000	test_episode_length_mean:199.0000
test_red_team_alives_mean: 13.0000	test_red_team_win_mean:    0.0000	test_return_mean:         -0.8402	test_return_std:           0.0000

2026-08-14 00:30:02,476 - my_experiment - bat_ExpoComm_static_45 - my_run - INFO - t_env: 2350200 / 5050000
2026-08-14 00:30:02,477 - my_experiment - bat_ExpoComm_static_45 - my_run - INFO - Estimated time left: 4 hours, 58 minutes, 47 seconds. Time passed: 4 hours, 21 minutes, 32 seconds
2026-08-14 00:35:33,091 - my_experiment - bat_ExpoComm_static_45 - my_run - INFO - Recent Stats | t_env:    2400000 | Episode:    12000
blue_team_alives_mean:    19.9960	blue_team_win_mean:        0.9480	ep_length_mean:          200.0000	episode_length_mean:     199.0000
epsilon:                   0.0500	grad_norm:               141192.6250	info_nce_loss:             0.7284	loss:                    411.9627
q_loss:                  374.5116	q_taken_mean:             80.5845	red_team_alives_mean:     13.4880	red_team_win_mean:         0.0000
return_mean:              -1.0317	return_std:                0.1580	target_mean:              80.7234	td_error_abs:             11.8080
test_blue_team_alives_mean: 20.0000	test_blue_team_win_mean:   0.8000	test_ep_length_mean:     200.0000	test_episode_length_mean:199.0000
test_red_team_alives_mean: 14.8000	test_red_team_win_mean:    0.0000	test_return_mean:         -0.9067	test_return_std:           0.0000

2026-08-14 00:35:34,488 - my_experiment - bat_ExpoComm_static_45 - my_run - INFO - t_env: 2400200 / 5050000
2026-08-14 00:35:34,489 - my_experiment - bat_ExpoComm_static_45 - my_run - INFO - Estimated time left: 4 hours, 53 minutes, 15 seconds. Time passed: 4 hours, 27 minutes, 4 seconds
2026-08-14 00:41:04,957 - my_experiment - bat_ExpoComm_static_45 - my_run - INFO - Recent Stats | t_env:    2450000 | Episode:    12250
blue_team_alives_mean:    19.9920	blue_team_win_mean:        0.9840	ep_length_mean:          200.0000	episode_length_mean:     199.0000
epsilon:                   0.0500	grad_norm:               133728.4719	info_nce_loss:             0.9295	loss:                    365.7907
q_loss:                  332.5370	q_taken_mean:             81.3516	red_team_alives_mean:     13.1680	red_team_win_mean:         0.0000
return_mean:              -1.0253	return_std:                0.1334	target_mean:              81.3767	td_error_abs:             10.9543
test_blue_team_alives_mean: 20.0000	test_blue_team_win_mean:   0.8000	test_ep_length_mean:     200.0000	test_episode_length_mean:199.0000
test_red_team_alives_mean: 14.8000	test_red_team_win_mean:    0.0000	test_return_mean:         -0.8861	test_return_std:           0.0000

2026-08-14 00:41:06,302 - my_experiment - bat_ExpoComm_static_45 - my_run - INFO - t_env: 2450200 / 5050000
2026-08-14 00:41:06,303 - my_experiment - bat_ExpoComm_static_45 - my_run - INFO - Estimated time left: 4 hours, 47 minutes, 32 seconds. Time passed: 4 hours, 32 minutes, 36 seconds
2026-08-14 00:46:37,582 - my_experiment - bat_ExpoComm_static_45 - my_run - INFO - Recent Stats | t_env:    2500000 | Episode:    12500
blue_team_alives_mean:    19.9960	blue_team_win_mean:        0.9440	ep_length_mean:          200.0000	episode_length_mean:     199.0000
epsilon:                   0.0500	grad_norm:               154581.8563	info_nce_loss:             0.8132	loss:                    444.7098
q_loss:                  404.2816	q_taken_mean:             81.7354	red_team_alives_mean:     13.9760	red_team_win_mean:         0.0000
return_mean:              -1.0754	return_std:                0.1709	target_mean:              81.9284	td_error_abs:             13.0964
test_blue_team_alives_mean: 20.0000	test_blue_team_win_mean:   0.8000	test_ep_length_mean:     200.0000	test_episode_length_mean:199.0000
test_red_team_alives_mean: 13.6000	test_red_team_win_mean:    0.0000	test_return_mean:         -0.8701	test_return_std:           0.0000

2026-08-14 00:46:38,942 - my_experiment - bat_ExpoComm_static_45 - my_run - INFO - t_env: 2500200 / 5050000
2026-08-14 00:46:38,943 - my_experiment - bat_ExpoComm_static_45 - my_run - INFO - Estimated time left: 4 hours, 42 minutes, 43 seconds. Time passed: 4 hours, 38 minutes, 8 seconds
2026-08-14 00:46:39,670 - my_experiment - bat_ExpoComm_static_45 - my_run - INFO - Saving models to work_dirs/my_experiment/bat_ExpoComm_static_45/my_run/20260813_200810/models/2500200
2026-08-14 00:52:11,205 - my_experiment - bat_ExpoComm_static_45 - my_run - INFO - Recent Stats | t_env:    2550000 | Episode:    12750
blue_team_alives_mean:    19.9680	blue_team_win_mean:        0.8840	ep_length_mean:          200.0000	episode_length_mean:     199.0000
epsilon:                   0.0500	grad_norm:               147759.7406	info_nce_loss:             0.6564	loss:                    393.7047
q_loss:                  363.3306	q_taken_mean:             81.9555	red_team_alives_mean:     15.4600	red_team_win_mean:         0.0000
return_mean:              -1.1572	return_std:                0.1884	target_mean:              81.9348	td_error_abs:             11.9448
test_blue_team_alives_mean: 20.0000	test_blue_team_win_mean:   0.8000	test_ep_length_mean:     200.0000	test_episode_length_mean:199.0000
test_red_team_alives_mean: 12.6000	test_red_team_win_mean:    0.0000	test_return_mean:         -0.8450	test_return_std:           0.0000

2026-08-14 00:52:12,547 - my_experiment - bat_ExpoComm_static_45 - my_run - INFO - t_env: 2550200 / 5050000
2026-08-14 00:52:12,548 - my_experiment - bat_ExpoComm_static_45 - my_run - INFO - Estimated time left: 4 hours, 37 minutes, 58 seconds. Time passed: 4 hours, 43 minutes, 42 seconds
2026-08-14 00:57:44,214 - my_experiment - bat_ExpoComm_static_45 - my_run - INFO - Recent Stats | t_env:    2600000 | Episode:    13000
blue_team_alives_mean:    19.9560	blue_team_win_mean:        0.8800	ep_length_mean:          200.0000	episode_length_mean:     199.0000
epsilon:                   0.0500	grad_norm:               142598.2875	info_nce_loss:             0.7030	loss:                    393.3452
q_loss:                  357.5865	q_taken_mean:             81.8793	red_team_alives_mean:     14.7520	red_team_win_mean:         0.0000
return_mean:              -1.1159	return_std:                0.2072	target_mean:              82.0462	td_error_abs:             12.1711
test_blue_team_alives_mean: 19.8000	test_blue_team_win_mean:   0.8000	test_ep_length_mean:     200.0000	test_episode_length_mean:199.0000
test_red_team_alives_mean: 13.0000	test_red_team_win_mean:    0.0000	test_return_mean:         -0.8551	test_return_std:           0.0000

2026-08-14 00:57:45,558 - my_experiment - bat_ExpoComm_static_45 - my_run - INFO - t_env: 2600200 / 5050000
2026-08-14 00:57:45,559 - my_experiment - bat_ExpoComm_static_45 - my_run - INFO - Estimated time left: 4 hours, 31 minutes, 56 seconds. Time passed: 4 hours, 49 minutes, 15 seconds
2026-08-14 01:03:18,352 - my_experiment - bat_ExpoComm_static_45 - my_run - INFO - Recent Stats | t_env:    2650000 | Episode:    13250
blue_team_alives_mean:    19.9560	blue_team_win_mean:        0.6760	ep_length_mean:          200.0000	episode_length_mean:     199.0000
epsilon:                   0.0500	grad_norm:               160004.2984	info_nce_loss:             0.6457	loss:                    1719.5276
q_loss:                  1563.2069	q_taken_mean:             81.7232	red_team_alives_mean:     16.0800	red_team_win_mean:         0.0000
return_mean:              -1.2088	return_std:                0.1886	target_mean:              81.3012	td_error_abs:             20.3948
test_blue_team_alives_mean: 19.8000	test_blue_team_win_mean:   1.0000	test_ep_length_mean:     200.0000	test_episode_length_mean:199.0000
test_red_team_alives_mean: 10.8000	test_red_team_win_mean:    0.0000	test_return_mean:         -0.8110	test_return_std:           0.0000

2026-08-14 01:03:19,706 - my_experiment - bat_ExpoComm_static_45 - my_run - INFO - t_env: 2650200 / 5050000
2026-08-14 01:03:19,707 - my_experiment - bat_ExpoComm_static_45 - my_run - INFO - Estimated time left: 4 hours, 27 minutes, 17 seconds. Time passed: 4 hours, 54 minutes, 49 seconds
2026-08-14 01:08:53,121 - my_experiment - bat_ExpoComm_static_45 - my_run - INFO - Recent Stats | t_env:    2700000 | Episode:    13500
blue_team_alives_mean:    19.9760	blue_team_win_mean:        0.4720	ep_length_mean:          200.0000	episode_length_mean:     199.0000
epsilon:                   0.0500	grad_norm:               186057.4297	info_nce_loss:             1.2290	loss:                    819.0377
q_loss:                  744.5797	q_taken_mean:             80.4975	red_team_alives_mean:     17.8200	red_team_win_mean:         0.0040
return_mean:              -1.3016	return_std:                0.1349	target_mean:              79.9100	td_error_abs:             19.7143
test_blue_team_alives_mean: 19.8000	test_blue_team_win_mean:   0.8000	test_ep_length_mean:     200.0000	test_episode_length_mean:199.0000
test_red_team_alives_mean: 12.2000	test_red_team_win_mean:    0.0000	test_return_mean:         -0.8409	test_return_std:           0.0000

2026-08-14 01:08:54,474 - my_experiment - bat_ExpoComm_static_45 - my_run - INFO - t_env: 2700200 / 5050000
2026-08-14 01:08:54,475 - my_experiment - bat_ExpoComm_static_45 - my_run - INFO - Estimated time left: 4 hours, 22 minutes, 12 seconds. Time passed: 5 hours, 24 seconds
2026-08-14 01:14:24,747 - my_experiment - bat_ExpoComm_static_45 - my_run - INFO - Recent Stats | t_env:    2750000 | Episode:    13750
blue_team_alives_mean:    19.9880	blue_team_win_mean:        0.8560	ep_length_mean:          200.0000	episode_length_mean:     199.0000
epsilon:                   0.0500	grad_norm:               214729.9117	info_nce_loss:             0.8919	loss:                    802.3767
q_loss:                  729.4333	q_taken_mean:             79.6922	red_team_alives_mean:     14.4520	red_team_win_mean:         0.0000
return_mean:              -1.1019	return_std:                0.1768	target_mean:              79.7647	td_error_abs:             14.5495
test_blue_team_alives_mean: 19.8000	test_blue_team_win_mean:   0.8000	test_ep_length_mean:     200.0000	test_episode_length_mean:199.0000
test_red_team_alives_mean: 13.6000	test_red_team_win_mean:    0.0000	test_return_mean:         -0.8475	test_return_std:           0.0000

2026-08-14 01:14:26,077 - my_experiment - bat_ExpoComm_static_45 - my_run - INFO - t_env: 2750200 / 5050000
2026-08-14 01:14:26,078 - my_experiment - bat_ExpoComm_static_45 - my_run - INFO - Estimated time left: 4 hours, 14 minutes, 12 seconds. Time passed: 5 hours, 5 minutes, 56 seconds
2026-08-14 01:19:57,375 - my_experiment - bat_ExpoComm_static_45 - my_run - INFO - Recent Stats | t_env:    2800000 | Episode:    14000
blue_team_alives_mean:    19.9520	blue_team_win_mean:        0.8560	ep_length_mean:          200.0000	episode_length_mean:     199.0000
epsilon:                   0.0500	grad_norm:               143821.2422	info_nce_loss:             0.1646	loss:                    411.0006
q_loss:                  373.6517	q_taken_mean:             78.6163	red_team_alives_mean:     14.0000	red_team_win_mean:         0.0120
return_mean:              -1.0787	return_std:                0.1786	target_mean:              78.6786	td_error_abs:             11.8322
test_blue_team_alives_mean: 19.8000	test_blue_team_win_mean:   0.8000	test_ep_length_mean:     200.0000	test_episode_length_mean:199.0000
test_red_team_alives_mean: 13.4000	test_red_team_win_mean:    0.0000	test_return_mean:         -0.8254	test_return_std:           0.0000

2026-08-14 01:19:58,755 - my_experiment - bat_ExpoComm_static_45 - my_run - INFO - t_env: 2800200 / 5050000
2026-08-14 01:19:58,756 - my_experiment - bat_ExpoComm_static_45 - my_run - INFO - Estimated time left: 4 hours, 9 minutes, 29 seconds. Time passed: 5 hours, 11 minutes, 28 seconds
2026-08-14 01:25:29,118 - my_experiment - bat_ExpoComm_static_45 - my_run - INFO - Recent Stats | t_env:    2850000 | Episode:    14250
blue_team_alives_mean:    19.9720	blue_team_win_mean:        0.9920	ep_length_mean:          200.0000	episode_length_mean:     199.0000
epsilon:                   0.0500	grad_norm:               120197.8484	info_nce_loss:             0.7794	loss:                    323.2938
q_loss:                  293.9089	q_taken_mean:             78.8821	red_team_alives_mean:     12.5080	red_team_win_mean:         0.0000
return_mean:              -1.0110	return_std:                0.1828	target_mean:              78.8435	td_error_abs:             10.2674
test_blue_team_alives_mean: 20.0000	test_blue_team_win_mean:   0.8000	test_ep_length_mean:     200.0000	test_episode_length_mean:199.0000
test_red_team_alives_mean: 13.6000	test_red_team_win_mean:    0.0000	test_return_mean:         -0.8148	test_return_std:           0.0000

2026-08-14 01:25:30,484 - my_experiment - bat_ExpoComm_static_45 - my_run - INFO - t_env: 2850200 / 5050000
2026-08-14 01:25:30,485 - my_experiment - bat_ExpoComm_static_45 - my_run - INFO - Estimated time left: 4 hours, 3 minutes, 14 seconds. Time passed: 5 hours, 17 minutes, 0 seconds
2026-08-14 01:31:01,380 - my_experiment - bat_ExpoComm_static_45 - my_run - INFO - Recent Stats | t_env:    2900000 | Episode:    14500
blue_team_alives_mean:    19.9280	blue_team_win_mean:        0.9480	ep_length_mean:          200.0000	episode_length_mean:     199.0000
epsilon:                   0.0500	grad_norm:               135134.8937	info_nce_loss:             0.7715	loss:                    353.0973
q_loss:                  320.9975	q_taken_mean:             78.5587	red_team_alives_mean:     13.1720	red_team_win_mean:         0.0040
return_mean:              -1.0342	return_std:                0.1964	target_mean:              78.5884	td_error_abs:             10.7068
test_blue_team_alives_mean: 20.0000	test_blue_team_win_mean:   0.8000	test_ep_length_mean:     200.0000	test_episode_length_mean:199.0000
test_red_team_alives_mean: 15.6000	test_red_team_win_mean:    0.0000	test_return_mean:         -0.8533	test_return_std:           0.0000

2026-08-14 01:31:02,731 - my_experiment - bat_ExpoComm_static_45 - my_run - INFO - t_env: 2900200 / 5050000
2026-08-14 01:31:02,732 - my_experiment - bat_ExpoComm_static_45 - my_run - INFO - Estimated time left: 3 hours, 58 minutes, 5 seconds. Time passed: 5 hours, 22 minutes, 32 seconds
2026-08-14 01:36:33,966 - my_experiment - bat_ExpoComm_static_45 - my_run - INFO - Recent Stats | t_env:    2950000 | Episode:    14750
blue_team_alives_mean:    19.9680	blue_team_win_mean:        0.7320	ep_length_mean:          200.0000	episode_length_mean:     199.0000
epsilon:                   0.0500	grad_norm:               162398.8578	info_nce_loss:             0.6959	loss:                    827.4848
q_loss:                  752.2589	q_taken_mean:             78.8628	red_team_alives_mean:     15.1480	red_team_win_mean:         0.0040
return_mean:              -1.1317	return_std:                0.1604	target_mean:              78.9886	td_error_abs:             18.9020
test_blue_team_alives_mean: 20.0000	test_blue_team_win_mean:   1.0000	test_ep_length_mean:     200.0000	test_episode_length_mean:199.0000
test_red_team_alives_mean: 15.2000	test_red_team_win_mean:    0.0000	test_return_mean:         -0.8502	test_return_std:           0.0000

2026-08-14 01:36:35,286 - my_experiment - bat_ExpoComm_static_45 - my_run - INFO - t_env: 2950200 / 5050000
2026-08-14 01:36:35,287 - my_experiment - bat_ExpoComm_static_45 - my_run - INFO - Estimated time left: 3 hours, 52 minutes, 45 seconds. Time passed: 5 hours, 28 minutes, 5 seconds
2026-08-14 01:42:05,834 - my_experiment - bat_ExpoComm_static_45 - my_run - INFO - Recent Stats | t_env:    3000000 | Episode:    15000
blue_team_alives_mean:    19.9600	blue_team_win_mean:        0.8480	ep_length_mean:          200.0000	episode_length_mean:     199.0000
epsilon:                   0.0500	grad_norm:               158353.5187	info_nce_loss:             1.0945	loss:                    758.1967
q_loss:                  689.2697	q_taken_mean:             78.2202	red_team_alives_mean:     13.0600	red_team_win_mean:         0.0000
return_mean:              -1.0235	return_std:                0.2016	target_mean:              78.5466	td_error_abs:             16.5844
test_blue_team_alives_mean: 20.0000	test_blue_team_win_mean:   1.0000	test_ep_length_mean:     200.0000	test_episode_length_mean:199.0000
test_red_team_alives_mean: 14.8000	test_red_team_win_mean:    0.0000	test_return_mean:         -0.8276	test_return_std:           0.0000

2026-08-14 01:42:07,192 - my_experiment - bat_ExpoComm_static_45 - my_run - INFO - t_env: 3000200 / 5050000
2026-08-14 01:42:07,193 - my_experiment - bat_ExpoComm_static_45 - my_run - INFO - Estimated time left: 3 hours, 46 minutes, 46 seconds. Time passed: 5 hours, 33 minutes, 37 seconds
2026-08-14 01:42:07,922 - my_experiment - bat_ExpoComm_static_45 - my_run - INFO - Saving models to work_dirs/my_experiment/bat_ExpoComm_static_45/my_run/20260813_200810/models/3000200
2026-08-14 01:47:37,164 - my_experiment - bat_ExpoComm_static_45 - my_run - INFO - Recent Stats | t_env:    3050000 | Episode:    15250
blue_team_alives_mean:    19.9400	blue_team_win_mean:        0.9560	ep_length_mean:          200.0000	episode_length_mean:     199.0000
epsilon:                   0.0500	grad_norm:               159323.1734	info_nce_loss:             0.6408	loss:                    629.2569
q_loss:                  572.0517	q_taken_mean:             78.7719	red_team_alives_mean:     12.5600	red_team_win_mean:         0.0000
return_mean:              -1.0150	return_std:                0.1907	target_mean:              78.7400	td_error_abs:             13.2934
test_blue_team_alives_mean: 20.0000	test_blue_team_win_mean:   1.0000	test_ep_length_mean:     200.0000	test_episode_length_mean:199.0000
test_red_team_alives_mean: 15.4000	test_red_team_win_mean:    0.0000	test_return_mean:         -0.8494	test_return_std:           0.0000

2026-08-14 01:47:38,511 - my_experiment - bat_ExpoComm_static_45 - my_run - INFO - t_env: 3050200 / 5050000
2026-08-14 01:47:38,512 - my_experiment - bat_ExpoComm_static_45 - my_run - INFO - Estimated time left: 3 hours, 40 minutes, 51 seconds. Time passed: 5 hours, 39 minutes, 8 seconds
2026-08-14 01:53:09,802 - my_experiment - bat_ExpoComm_static_45 - my_run - INFO - Recent Stats | t_env:    3100000 | Episode:    15500
blue_team_alives_mean:    19.9680	blue_team_win_mean:        0.8520	ep_length_mean:          200.0000	episode_length_mean:     199.0000
epsilon:                   0.0500	grad_norm:               182332.2875	info_nce_loss:             0.7367	loss:                    676.9460
q_loss:                  615.4055	q_taken_mean:             78.7245	red_team_alives_mean:     13.5000	red_team_win_mean:         0.0000
return_mean:              -1.0483	return_std:                0.1977	target_mean:              78.7699	td_error_abs:             15.6694
test_blue_team_alives_mean: 20.0000	test_blue_team_win_mean:   1.0000	test_ep_length_mean:     200.0000	test_episode_length_mean:199.0000
test_red_team_alives_mean: 14.6000	test_red_team_win_mean:    0.0000	test_return_mean:         -0.8591	test_return_std:           0.0000

2026-08-14 01:53:11,203 - my_experiment - bat_ExpoComm_static_45 - my_run - INFO - t_env: 3100200 / 5050000
2026-08-14 01:53:11,204 - my_experiment - bat_ExpoComm_static_45 - my_run - INFO - Estimated time left: 3 hours, 36 minutes, 13 seconds. Time passed: 5 hours, 44 minutes, 41 seconds
2026-08-14 01:58:43,290 - my_experiment - bat_ExpoComm_static_45 - my_run - INFO - Recent Stats | t_env:    3150000 | Episode:    15750
blue_team_alives_mean:    19.9400	blue_team_win_mean:        0.6240	ep_length_mean:          200.0000	episode_length_mean:     199.0000
epsilon:                   0.0500	grad_norm:               63478.2270	info_nce_loss:             1.0962	loss:                    428.5957
q_loss:                  389.6324	q_taken_mean:             77.6017	red_team_alives_mean:     16.1360	red_team_win_mean:         0.0040
return_mean:              -1.2040	return_std:                0.1976	target_mean:              77.6295	td_error_abs:             14.4105
test_blue_team_alives_mean: 20.0000	test_blue_team_win_mean:   0.8000	test_ep_length_mean:     200.0000	test_episode_length_mean:199.0000
test_red_team_alives_mean: 14.8000	test_red_team_win_mean:    0.0000	test_return_mean:         -0.8687	test_return_std:           0.0000

2026-08-14 01:58:44,617 - my_experiment - bat_ExpoComm_static_45 - my_run - INFO - t_env: 3150200 / 5050000
2026-08-14 01:58:44,618 - my_experiment - bat_ExpoComm_static_45 - my_run - INFO - Estimated time left: 3 hours, 31 minutes, 8 seconds. Time passed: 5 hours, 50 minutes, 14 seconds
2026-08-14 02:04:16,584 - my_experiment - bat_ExpoComm_static_45 - my_run - INFO - Recent Stats | t_env:    3200000 | Episode:    16000
blue_team_alives_mean:    19.9600	blue_team_win_mean:        0.7040	ep_length_mean:          200.0000	episode_length_mean:     199.0000
epsilon:                   0.0500	grad_norm:               188880.3578	info_nce_loss:             0.6228	loss:                    838.4122
q_loss:                  762.1929	q_taken_mean:             76.9650	red_team_alives_mean:     16.4400	red_team_win_mean:         0.0120
return_mean:              -1.2301	return_std:                0.1687	target_mean:              77.0805	td_error_abs:             17.9410
test_blue_team_alives_mean: 20.0000	test_blue_team_win_mean:   0.8000	test_ep_length_mean:     200.0000	test_episode_length_mean:199.0000
test_red_team_alives_mean: 14.6000	test_red_team_win_mean:    0.0000	test_return_mean:         -0.9014	test_return_std:           0.0000

2026-08-14 02:04:17,956 - my_experiment - bat_ExpoComm_static_45 - my_run - INFO - t_env: 3200200 / 5050000
2026-08-14 02:04:17,957 - my_experiment - bat_ExpoComm_static_45 - my_run - INFO - Estimated time left: 3 hours, 25 minutes, 32 seconds. Time passed: 5 hours, 55 minutes, 47 seconds
2026-08-14 02:09:50,822 - my_experiment - bat_ExpoComm_static_45 - my_run - INFO - Recent Stats | t_env:    3250000 | Episode:    16250
blue_team_alives_mean:    19.9520	blue_team_win_mean:        0.6520	ep_length_mean:          200.0000	episode_length_mean:     199.0000
epsilon:                   0.0500	grad_norm:               147235.1266	info_nce_loss:             0.5962	loss:                    716.9893
q_loss:                  651.8085	q_taken_mean:             76.9396	red_team_alives_mean:     17.0400	red_team_win_mean:         0.0040
return_mean:              -1.2573	return_std:                0.1584	target_mean:              76.4654	td_error_abs:             17.4899
test_blue_team_alives_mean: 20.0000	test_blue_team_win_mean:   0.6000	test_ep_length_mean:     200.0000	test_episode_length_mean:199.0000
test_red_team_alives_mean: 16.2000	test_red_team_win_mean:    0.0000	test_return_mean:         -0.9575	test_return_std:           0.0000

2026-08-14 02:09:52,182 - my_experiment - bat_ExpoComm_static_45 - my_run - INFO - t_env: 3250200 / 5050000
2026-08-14 02:09:52,183 - my_experiment - bat_ExpoComm_static_45 - my_run - INFO - Estimated time left: 3 hours, 20 minutes, 30 seconds. Time passed: 6 hours, 1 minutes, 22 seconds
2026-08-14 02:15:24,125 - my_experiment - bat_ExpoComm_static_45 - my_run - INFO - Recent Stats | t_env:    3300000 | Episode:    16500
blue_team_alives_mean:    19.9760	blue_team_win_mean:        0.8280	ep_length_mean:          200.0000	episode_length_mean:     199.0000
epsilon:                   0.0500	grad_norm:               102643.7109	info_nce_loss:             0.9714	loss:                    294.1310
q_loss:                  267.3918	q_taken_mean:             76.5336	red_team_alives_mean:     15.2680	red_team_win_mean:         0.0040
return_mean:              -1.1665	return_std:                0.1789	target_mean:              76.5328	td_error_abs:             10.2338
test_blue_team_alives_mean: 20.0000	test_blue_team_win_mean:   0.6000	test_ep_length_mean:     200.0000	test_episode_length_mean:199.0000
test_red_team_alives_mean: 16.8000	test_red_team_win_mean:    0.0000	test_return_mean:         -1.0021	test_return_std:           0.0000

2026-08-14 02:15:25,464 - my_experiment - bat_ExpoComm_static_45 - my_run - INFO - t_env: 3300200 / 5050000
2026-08-14 02:15:25,464 - my_experiment - bat_ExpoComm_static_45 - my_run - INFO - Estimated time left: 3 hours, 14 minutes, 23 seconds. Time passed: 6 hours, 6 minutes, 55 seconds
2026-08-14 02:20:57,581 - my_experiment - bat_ExpoComm_static_45 - my_run - INFO - Recent Stats | t_env:    3350000 | Episode:    16750
blue_team_alives_mean:    19.9760	blue_team_win_mean:        0.7560	ep_length_mean:          200.0000	episode_length_mean:     199.0000
epsilon:                   0.0500	grad_norm:               107252.9922	info_nce_loss:             0.6697	loss:                    361.3705
q_loss:                  328.5186	q_taken_mean:             76.4417	red_team_alives_mean:     16.2160	red_team_win_mean:         0.0040
return_mean:              -1.2081	return_std:                0.1715	target_mean:              76.4535	td_error_abs:             11.9883
test_blue_team_alives_mean: 20.0000	test_blue_team_win_mean:   0.6000	test_ep_length_mean:     200.0000	test_episode_length_mean:199.0000
test_red_team_alives_mean: 18.2000	test_red_team_win_mean:    0.0000	test_return_mean:         -1.0546	test_return_std:           0.0000

2026-08-14 02:20:58,931 - my_experiment - bat_ExpoComm_static_45 - my_run - INFO - t_env: 3350200 / 5050000
2026-08-14 02:20:58,932 - my_experiment - bat_ExpoComm_static_45 - my_run - INFO - Estimated time left: 3 hours, 8 minutes, 56 seconds. Time passed: 6 hours, 12 minutes, 28 seconds
2026-08-14 02:26:30,714 - my_experiment - bat_ExpoComm_static_45 - my_run - INFO - Recent Stats | t_env:    3400000 | Episode:    17000
blue_team_alives_mean:    19.9840	blue_team_win_mean:        0.5920	ep_length_mean:          200.0000	episode_length_mean:     199.0000
epsilon:                   0.0500	grad_norm:               97387.4891	info_nce_loss:             0.6449	loss:                    382.0392
q_loss:                  347.3084	q_taken_mean:             75.4011	red_team_alives_mean:     17.4600	red_team_win_mean:         0.0080
return_mean:              -1.2722	return_std:                0.1465	target_mean:              75.4243	td_error_abs:             12.7641
test_blue_team_alives_mean: 20.0000	test_blue_team_win_mean:   0.8000	test_ep_length_mean:     200.0000	test_episode_length_mean:199.0000
test_red_team_alives_mean: 17.6000	test_red_team_win_mean:    0.0000	test_return_mean:         -1.0361	test_return_std:           0.0000

2026-08-14 02:26:32,064 - my_experiment - bat_ExpoComm_static_45 - my_run - INFO - t_env: 3400200 / 5050000
2026-08-14 02:26:32,065 - my_experiment - bat_ExpoComm_static_45 - my_run - INFO - Estimated time left: 3 hours, 3 minutes, 12 seconds. Time passed: 6 hours, 18 minutes, 2 seconds
2026-08-14 02:32:04,109 - my_experiment - bat_ExpoComm_static_45 - my_run - INFO - Recent Stats | t_env:    3450000 | Episode:    17250
blue_team_alives_mean:    19.9880	blue_team_win_mean:        0.7920	ep_length_mean:          200.0000	episode_length_mean:     199.0000
epsilon:                   0.0500	grad_norm:               128693.4812	info_nce_loss:             1.1524	loss:                    416.5340
q_loss:                  378.6672	q_taken_mean:             74.9539	red_team_alives_mean:     15.9880	red_team_win_mean:         0.0040
return_mean:              -1.1926	return_std:                0.1826	target_mean:              74.8556	td_error_abs:             11.9206
test_blue_team_alives_mean: 20.0000	test_blue_team_win_mean:   0.6000	test_ep_length_mean:     200.0000	test_episode_length_mean:199.0000
test_red_team_alives_mean: 18.2000	test_red_team_win_mean:    0.0000	test_return_mean:         -1.0065	test_return_std:           0.0000

2026-08-14 02:32:05,454 - my_experiment - bat_ExpoComm_static_45 - my_run - INFO - t_env: 3450200 / 5050000
2026-08-14 02:32:05,455 - my_experiment - bat_ExpoComm_static_45 - my_run - INFO - Estimated time left: 2 hours, 57 minutes, 47 seconds. Time passed: 6 hours, 23 minutes, 35 seconds
2026-08-14 02:37:38,118 - my_experiment - bat_ExpoComm_static_45 - my_run - INFO - Recent Stats | t_env:    3500000 | Episode:    17500
blue_team_alives_mean:    19.9840	blue_team_win_mean:        0.6480	ep_length_mean:          200.0000	episode_length_mean:     199.0000
epsilon:                   0.0500	grad_norm:               90515.9293	info_nce_loss:             1.1455	loss:                    332.1888
q_loss:                  301.9898	q_taken_mean:             73.8911	red_team_alives_mean:     16.8880	red_team_win_mean:         0.0000
return_mean:              -1.2412	return_std:                0.1650	target_mean:              73.6279	td_error_abs:             11.6511
test_blue_team_alives_mean: 20.0000	test_blue_team_win_mean:   0.6000	test_ep_length_mean:     200.0000	test_episode_length_mean:199.0000
test_red_team_alives_mean: 18.2000	test_red_team_win_mean:    0.0000	test_return_mean:         -1.0085	test_return_std:           0.0000

2026-08-14 02:37:39,449 - my_experiment - bat_ExpoComm_static_45 - my_run - INFO - t_env: 3500200 / 5050000
2026-08-14 02:37:39,450 - my_experiment - bat_ExpoComm_static_45 - my_run - INFO - Estimated time left: 2 hours, 52 minutes, 32 seconds. Time passed: 6 hours, 29 minutes, 9 seconds
2026-08-14 02:37:40,182 - my_experiment - bat_ExpoComm_static_45 - my_run - INFO - Saving models to work_dirs/my_experiment/bat_ExpoComm_static_45/my_run/20260813_200810/models/3500200
2026-08-14 02:43:11,912 - my_experiment - bat_ExpoComm_static_45 - my_run - INFO - Recent Stats | t_env:    3550000 | Episode:    17750
blue_team_alives_mean:    19.9720	blue_team_win_mean:        0.8640	ep_length_mean:          200.0000	episode_length_mean:     199.0000
epsilon:                   0.0500	grad_norm:               95446.7563	info_nce_loss:             0.5985	loss:                    598.8695
q_loss:                  544.4268	q_taken_mean:             73.2385	red_team_alives_mean:     15.0560	red_team_win_mean:         0.0080
return_mean:              -1.1543	return_std:                0.1684	target_mean:              73.5646	td_error_abs:             16.7019
test_blue_team_alives_mean: 20.0000	test_blue_team_win_mean:   0.6000	test_ep_length_mean:     200.0000	test_episode_length_mean:199.0000
test_red_team_alives_mean: 17.6000	test_red_team_win_mean:    0.0000	test_return_mean:         -0.9732	test_return_std:           0.0000

2026-08-14 02:43:13,249 - my_experiment - bat_ExpoComm_static_45 - my_run - INFO - t_env: 3550200 / 5050000
2026-08-14 02:43:13,249 - my_experiment - bat_ExpoComm_static_45 - my_run - INFO - Estimated time left: 2 hours, 46 minutes, 52 seconds. Time passed: 6 hours, 34 minutes, 43 seconds
2026-08-14 02:48:44,629 - my_experiment - bat_ExpoComm_static_45 - my_run - INFO - Recent Stats | t_env:    3600000 | Episode:    18000
blue_team_alives_mean:    19.9800	blue_team_win_mean:        0.6880	ep_length_mean:          200.0000	episode_length_mean:     199.0000
epsilon:                   0.0500	grad_norm:               130369.8539	info_nce_loss:             0.9185	loss:                    556.5800
q_loss:                  505.9818	q_taken_mean:             72.7951	red_team_alives_mean:     15.6040	red_team_win_mean:         0.0040
return_mean:              -1.1644	return_std:                0.1924	target_mean:              72.7345	td_error_abs:             14.5692
test_blue_team_alives_mean: 20.0000	test_blue_team_win_mean:   0.6000	test_ep_length_mean:     200.0000	test_episode_length_mean:199.0000
test_red_team_alives_mean: 18.4000	test_red_team_win_mean:    0.0000	test_return_mean:         -0.9628	test_return_std:           0.0000

2026-08-14 02:48:45,989 - my_experiment - bat_ExpoComm_static_45 - my_run - INFO - t_env: 3600200 / 5050000
2026-08-14 02:48:45,991 - my_experiment - bat_ExpoComm_static_45 - my_run - INFO - Estimated time left: 2 hours, 40 minutes, 48 seconds. Time passed: 6 hours, 40 minutes, 15 seconds
2026-08-14 02:54:16,914 - my_experiment - bat_ExpoComm_static_45 - my_run - INFO - Recent Stats | t_env:    3650000 | Episode:    18250
blue_team_alives_mean:    19.9600	blue_team_win_mean:        0.9120	ep_length_mean:          200.0000	episode_length_mean:     199.0000
epsilon:                   0.0500	grad_norm:               78681.2578	info_nce_loss:             0.4152	loss:                    280.1973
q_loss:                  254.7248	q_taken_mean:             71.9898	red_team_alives_mean:     13.8200	red_team_win_mean:         0.0000
return_mean:              -1.0726	return_std:                0.1771	target_mean:              72.0220	td_error_abs:             11.0915
test_blue_team_alives_mean: 20.0000	test_blue_team_win_mean:   0.6000	test_ep_length_mean:     200.0000	test_episode_length_mean:199.0000
test_red_team_alives_mean: 17.6000	test_red_team_win_mean:    0.0000	test_return_mean:         -0.9277	test_return_std:           0.0000

2026-08-14 02:54:18,278 - my_experiment - bat_ExpoComm_static_45 - my_run - INFO - t_env: 3650200 / 5050000
2026-08-14 02:54:18,279 - my_experiment - bat_ExpoComm_static_45 - my_run - INFO - Estimated time left: 2 hours, 35 minutes, 2 seconds. Time passed: 6 hours, 45 minutes, 48 seconds
2026-08-14 02:59:50,225 - my_experiment - bat_ExpoComm_static_45 - my_run - INFO - Recent Stats | t_env:    3700000 | Episode:    18500
blue_team_alives_mean:    19.9840	blue_team_win_mean:        0.7480	ep_length_mean:          200.0000	episode_length_mean:     199.0000
epsilon:                   0.0500	grad_norm:               101628.2094	info_nce_loss:             0.5228	loss:                    436.7574
q_loss:                  397.0522	q_taken_mean:             71.7440	red_team_alives_mean:     15.3640	red_team_win_mean:         0.0040
return_mean:              -1.1469	return_std:                0.1806	target_mean:              71.5649	td_error_abs:             13.9542
test_blue_team_alives_mean: 20.0000	test_blue_team_win_mean:   0.8000	test_ep_length_mean:     200.0000	test_episode_length_mean:199.0000
test_red_team_alives_mean: 16.4000	test_red_team_win_mean:    0.0000	test_return_mean:         -0.9268	test_return_std:           0.0000

2026-08-14 02:59:51,589 - my_experiment - bat_ExpoComm_static_45 - my_run - INFO - t_env: 3700200 / 5050000
2026-08-14 02:59:51,590 - my_experiment - bat_ExpoComm_static_45 - my_run - INFO - Estimated time left: 2 hours, 29 minutes, 58 seconds. Time passed: 6 hours, 51 minutes, 21 seconds
2026-08-14 03:05:22,479 - my_experiment - bat_ExpoComm_static_45 - my_run - INFO - Recent Stats | t_env:    3750000 | Episode:    18750
blue_team_alives_mean:    19.9560	blue_team_win_mean:        0.9600	ep_length_mean:          200.0000	episode_length_mean:     199.0000
epsilon:                   0.0500	grad_norm:               107034.4141	info_nce_loss:             1.1502	loss:                    350.6426
q_loss:                  318.7660	q_taken_mean:             71.5299	red_team_alives_mean:     12.9800	red_team_win_mean:         0.0000
return_mean:              -1.0137	return_std:                0.1621	target_mean:              71.7544	td_error_abs:             12.1587
test_blue_team_alives_mean: 20.0000	test_blue_team_win_mean:   1.0000	test_ep_length_mean:     200.0000	test_episode_length_mean:199.0000
test_red_team_alives_mean: 16.2000	test_red_team_win_mean:    0.0000	test_return_mean:         -0.9276	test_return_std:           0.0000

2026-08-14 03:05:23,788 - my_experiment - bat_ExpoComm_static_45 - my_run - INFO - t_env: 3750200 / 5050000
2026-08-14 03:05:23,789 - my_experiment - bat_ExpoComm_static_45 - my_run - INFO - Estimated time left: 2 hours, 23 minutes, 55 seconds. Time passed: 6 hours, 56 minutes, 53 seconds
2026-08-14 03:10:55,165 - my_experiment - bat_ExpoComm_static_45 - my_run - INFO - Recent Stats | t_env:    3800000 | Episode:    19000
blue_team_alives_mean:    19.9720	blue_team_win_mean:        0.9480	ep_length_mean:          200.0000	episode_length_mean:     199.0000
epsilon:                   0.0500	grad_norm:               131331.7203	info_nce_loss:             1.1123	loss:                    417.2923
q_loss:                  379.3567	q_taken_mean:             72.7595	red_team_alives_mean:     14.2120	red_team_win_mean:         0.0000
return_mean:              -1.1105	return_std:                0.1873	target_mean:              72.7909	td_error_abs:             12.3865
test_blue_team_alives_mean: 20.0000	test_blue_team_win_mean:   1.0000	test_ep_length_mean:     200.0000	test_episode_length_mean:199.0000
test_red_team_alives_mean: 15.6000	test_red_team_win_mean:    0.0000	test_return_mean:         -0.9021	test_return_std:           0.0000

2026-08-14 03:10:56,508 - my_experiment - bat_ExpoComm_static_45 - my_run - INFO - t_env: 3800200 / 5050000
2026-08-14 03:10:56,509 - my_experiment - bat_ExpoComm_static_45 - my_run - INFO - Estimated time left: 2 hours, 18 minutes, 36 seconds. Time passed: 7 hours, 2 minutes, 26 seconds
2026-08-14 03:16:26,409 - my_experiment - bat_ExpoComm_static_45 - my_run - INFO - Recent Stats | t_env:    3850000 | Episode:    19250
blue_team_alives_mean:    19.9600	blue_team_win_mean:        0.9880	ep_length_mean:          200.0000	episode_length_mean:     199.0000
epsilon:                   0.0500	grad_norm:               132971.7359	info_nce_loss:             0.3554	loss:                    425.1446
q_loss:                  386.4952	q_taken_mean:             72.9561	red_team_alives_mean:     12.2960	red_team_win_mean:         0.0000
return_mean:              -0.9955	return_std:                0.1716	target_mean:              72.8011	td_error_abs:             12.3992
test_blue_team_alives_mean: 20.0000	test_blue_team_win_mean:   1.0000	test_ep_length_mean:     200.0000	test_episode_length_mean:199.0000
test_red_team_alives_mean: 14.2000	test_red_team_win_mean:    0.0000	test_return_mean:         -0.8549	test_return_std:           0.0000

2026-08-14 03:16:27,774 - my_experiment - bat_ExpoComm_static_45 - my_run - INFO - t_env: 3850200 / 5050000
2026-08-14 03:16:27,775 - my_experiment - bat_ExpoComm_static_45 - my_run - INFO - Estimated time left: 2 hours, 12 minutes, 29 seconds. Time passed: 7 hours, 7 minutes, 57 seconds
2026-08-14 03:21:59,073 - my_experiment - bat_ExpoComm_static_45 - my_run - INFO - Recent Stats | t_env:    3900000 | Episode:    19500
blue_team_alives_mean:    19.9680	blue_team_win_mean:        0.9360	ep_length_mean:          200.0000	episode_length_mean:     199.0000
epsilon:                   0.0500	grad_norm:               101355.1113	info_nce_loss:             0.9418	loss:                    574.0366
q_loss:                  521.8515	q_taken_mean:             73.6444	red_team_alives_mean:     13.3920	red_team_win_mean:         0.0000
return_mean:              -1.0451	return_std:                0.1771	target_mean:              73.3139	td_error_abs:             16.4771
test_blue_team_alives_mean: 20.0000	test_blue_team_win_mean:   1.0000	test_ep_length_mean:     200.0000	test_episode_length_mean:199.0000
test_red_team_alives_mean: 14.6000	test_red_team_win_mean:    0.0000	test_return_mean:         -0.8647	test_return_std:           0.0000

2026-08-14 03:22:00,416 - my_experiment - bat_ExpoComm_static_45 - my_run - INFO - t_env: 3900200 / 5050000
2026-08-14 03:22:00,418 - my_experiment - bat_ExpoComm_static_45 - my_run - INFO - Estimated time left: 2 hours, 7 minutes, 29 seconds. Time passed: 7 hours, 13 minutes, 30 seconds
2026-08-14 03:27:32,437 - my_experiment - bat_ExpoComm_static_45 - my_run - INFO - Recent Stats | t_env:    3950000 | Episode:    19750
blue_team_alives_mean:    19.9040	blue_team_win_mean:        0.8600	ep_length_mean:          200.0000	episode_length_mean:     199.0000
epsilon:                   0.0500	grad_norm:               93676.9477	info_nce_loss:             0.8437	loss:                    466.7232
q_loss:                  424.2938	q_taken_mean:             73.2655	red_team_alives_mean:     14.8640	red_team_win_mean:         0.0040
return_mean:              -1.1434	return_std:                0.2179	target_mean:              73.3811	td_error_abs:             14.3980
test_blue_team_alives_mean: 20.0000	test_blue_team_win_mean:   1.0000	test_ep_length_mean:     200.0000	test_episode_length_mean:199.0000
test_red_team_alives_mean: 15.2000	test_red_team_win_mean:    0.0000	test_return_mean:         -0.8801	test_return_std:           0.0000

2026-08-14 03:27:33,834 - my_experiment - bat_ExpoComm_static_45 - my_run - INFO - t_env: 3950200 / 5050000
2026-08-14 03:27:33,835 - my_experiment - bat_ExpoComm_static_45 - my_run - INFO - Estimated time left: 2 hours, 2 minutes, 13 seconds. Time passed: 7 hours, 19 minutes, 3 seconds
2026-08-14 03:33:05,090 - my_experiment - bat_ExpoComm_static_45 - my_run - INFO - Recent Stats | t_env:    4000000 | Episode:    20000
blue_team_alives_mean:    19.9560	blue_team_win_mean:        0.9160	ep_length_mean:          200.0000	episode_length_mean:     199.0000
epsilon:                   0.0500	grad_norm:               76386.3000	info_nce_loss:             0.5302	loss:                    252.7965
q_loss:                  229.8150	q_taken_mean:             73.2082	red_team_alives_mean:     14.4720	red_team_win_mean:         0.0000
return_mean:              -1.1204	return_std:                0.2033	target_mean:              73.2021	td_error_abs:              9.8245
test_blue_team_alives_mean: 20.0000	test_blue_team_win_mean:   1.0000	test_ep_length_mean:     200.0000	test_episode_length_mean:199.0000
test_red_team_alives_mean: 15.2000	test_red_team_win_mean:    0.0000	test_return_mean:         -0.8711	test_return_std:           0.0000

2026-08-14 03:33:06,436 - my_experiment - bat_ExpoComm_static_45 - my_run - INFO - t_env: 4000200 / 5050000
2026-08-14 03:33:06,437 - my_experiment - bat_ExpoComm_static_45 - my_run - INFO - Estimated time left: 1 hours, 56 minutes, 23 seconds. Time passed: 7 hours, 24 minutes, 36 seconds
2026-08-14 03:33:07,162 - my_experiment - bat_ExpoComm_static_45 - my_run - INFO - Saving models to work_dirs/my_experiment/bat_ExpoComm_static_45/my_run/20260813_200810/models/4000200
2026-08-14 03:38:37,725 - my_experiment - bat_ExpoComm_static_45 - my_run - INFO - Recent Stats | t_env:    4050000 | Episode:    20250
blue_team_alives_mean:    19.9120	blue_team_win_mean:        0.8080	ep_length_mean:          200.0000	episode_length_mean:     199.0000
epsilon:                   0.0500	grad_norm:               118859.5688	info_nce_loss:             1.0052	loss:                    546.4561
q_loss:                  496.7783	q_taken_mean:             71.4750	red_team_alives_mean:     14.4440	red_team_win_mean:         0.0080
return_mean:              -1.1163	return_std:                0.2199	target_mean:              71.7443	td_error_abs:             14.4969
test_blue_team_alives_mean: 20.0000	test_blue_team_win_mean:   1.0000	test_ep_length_mean:     200.0000	test_episode_length_mean:199.0000
test_red_team_alives_mean: 15.0000	test_red_team_win_mean:    0.0000	test_return_mean:         -0.8832	test_return_std:           0.0000

2026-08-14 03:38:39,078 - my_experiment - bat_ExpoComm_static_45 - my_run - INFO - t_env: 4050200 / 5050000
2026-08-14 03:38:39,079 - my_experiment - bat_ExpoComm_static_45 - my_run - INFO - Estimated time left: 1 hours, 50 minutes, 51 seconds. Time passed: 7 hours, 30 minutes, 9 seconds
2026-08-14 03:44:10,309 - my_experiment - bat_ExpoComm_static_45 - my_run - INFO - Recent Stats | t_env:    4100000 | Episode:    20500
blue_team_alives_mean:    19.9040	blue_team_win_mean:        0.9160	ep_length_mean:          200.0000	episode_length_mean:     199.0000
epsilon:                   0.0500	grad_norm:               83186.6391	info_nce_loss:             0.7182	loss:                    463.1169
q_loss:                  421.0154	q_taken_mean:             70.4707	red_team_alives_mean:     13.8400	red_team_win_mean:         0.0080
return_mean:              -1.1113	return_std:                0.2193	target_mean:              70.3914	td_error_abs:             14.6321
test_blue_team_alives_mean: 20.0000	test_blue_team_win_mean:   1.0000	test_ep_length_mean:     200.0000	test_episode_length_mean:199.0000
test_red_team_alives_mean: 16.4000	test_red_team_win_mean:    0.0000	test_return_mean:         -0.9314	test_return_std:           0.0000

2026-08-14 03:44:11,670 - my_experiment - bat_ExpoComm_static_45 - my_run - INFO - t_env: 4100200 / 5050000
2026-08-14 03:44:11,671 - my_experiment - bat_ExpoComm_static_45 - my_run - INFO - Estimated time left: 1 hours, 45 minutes, 17 seconds. Time passed: 7 hours, 35 minutes, 41 seconds
2026-08-14 03:49:41,223 - my_experiment - bat_ExpoComm_static_45 - my_run - INFO - Recent Stats | t_env:    4150000 | Episode:    20750
blue_team_alives_mean:    19.8880	blue_team_win_mean:        0.9640	ep_length_mean:          200.0000	episode_length_mean:     199.0000
epsilon:                   0.0500	grad_norm:               57566.7285	info_nce_loss:             0.5555	loss:                    348.0458
q_loss:                  316.4053	q_taken_mean:             69.6560	red_team_alives_mean:     12.3920	red_team_win_mean:         0.0000
return_mean:              -1.0236	return_std:                0.1947	target_mean:              69.8959	td_error_abs:             12.3427
test_blue_team_alives_mean: 20.0000	test_blue_team_win_mean:   1.0000	test_ep_length_mean:     200.0000	test_episode_length_mean:199.0000
test_red_team_alives_mean: 15.8000	test_red_team_win_mean:    0.0000	test_return_mean:         -0.9689	test_return_std:           0.0000

2026-08-14 03:49:42,550 - my_experiment - bat_ExpoComm_static_45 - my_run - INFO - t_env: 4150200 / 5050000
2026-08-14 03:49:42,551 - my_experiment - bat_ExpoComm_static_45 - my_run - INFO - Estimated time left: 1 hours, 39 minutes, 14 seconds. Time passed: 7 hours, 41 minutes, 12 seconds
2026-08-14 03:55:11,306 - my_experiment - bat_ExpoComm_static_45 - my_run - INFO - Recent Stats | t_env:    4200000 | Episode:    21000
blue_team_alives_mean:    19.9200	blue_team_win_mean:        0.9800	ep_length_mean:          200.0000	episode_length_mean:     199.0000
epsilon:                   0.0500	grad_norm:               119050.6750	info_nce_loss:             0.6388	loss:                    526.8017
q_loss:                  478.9106	q_taken_mean:             69.7429	red_team_alives_mean:     11.4000	red_team_win_mean:         0.0000
return_mean:              -0.9484	return_std:                0.1699	target_mean:              69.6497	td_error_abs:             14.0247
test_blue_team_alives_mean: 20.0000	test_blue_team_win_mean:   1.0000	test_ep_length_mean:     200.0000	test_episode_length_mean:199.0000
test_red_team_alives_mean: 14.4000	test_red_team_win_mean:    0.0000	test_return_mean:         -0.8981	test_return_std:           0.0000

2026-08-14 03:55:12,630 - my_experiment - bat_ExpoComm_static_45 - my_run - INFO - t_env: 4200200 / 5050000
2026-08-14 03:55:12,631 - my_experiment - bat_ExpoComm_static_45 - my_run - INFO - Estimated time left: 1 hours, 33 minutes, 30 seconds. Time passed: 7 hours, 46 minutes, 42 seconds
2026-08-14 04:00:43,529 - my_experiment - bat_ExpoComm_static_45 - my_run - INFO - Recent Stats | t_env:    4250000 | Episode:    21250
blue_team_alives_mean:    19.9960	blue_team_win_mean:        0.9360	ep_length_mean:          200.0000	episode_length_mean:     199.0000
epsilon:                   0.0500	grad_norm:               63203.0500	info_nce_loss:             0.4985	loss:                    339.5771
q_loss:                  308.7065	q_taken_mean:             69.1036	red_team_alives_mean:     12.9760	red_team_win_mean:         0.0000
return_mean:              -1.0529	return_std:                0.1821	target_mean:              69.0605	td_error_abs:             11.8324
test_blue_team_alives_mean: 20.0000	test_blue_team_win_mean:   1.0000	test_ep_length_mean:     200.0000	test_episode_length_mean:199.0000
test_red_team_alives_mean: 13.6000	test_red_team_win_mean:    0.0000	test_return_mean:         -0.8796	test_return_std:           0.0000

2026-08-14 04:00:44,852 - my_experiment - bat_ExpoComm_static_45 - my_run - INFO - t_env: 4250200 / 5050000
2026-08-14 04:00:44,853 - my_experiment - bat_ExpoComm_static_45 - my_run - INFO - Estimated time left: 1 hours, 28 minutes, 34 seconds. Time passed: 7 hours, 52 minutes, 14 seconds
2026-08-14 04:06:15,099 - my_experiment - bat_ExpoComm_static_45 - my_run - INFO - Recent Stats | t_env:    4300000 | Episode:    21500
blue_team_alives_mean:    19.9320	blue_team_win_mean:        0.9360	ep_length_mean:          200.0000	episode_length_mean:     199.0000
epsilon:                   0.0500	grad_norm:               113068.5016	info_nce_loss:             0.5934	loss:                    653.2869
q_loss:                  593.8972	q_taken_mean:             67.3498	red_team_alives_mean:     13.3480	red_team_win_mean:         0.0000
return_mean:              -1.0576	return_std:                0.1972	target_mean:              67.7681	td_error_abs:             16.7855
test_blue_team_alives_mean: 20.0000	test_blue_team_win_mean:   1.0000	test_ep_length_mean:     200.0000	test_episode_length_mean:199.0000
test_red_team_alives_mean: 13.6000	test_red_team_win_mean:    0.0000	test_return_mean:         -0.8681	test_return_std:           0.0000

2026-08-14 04:06:16,441 - my_experiment - bat_ExpoComm_static_45 - my_run - INFO - t_env: 4300200 / 5050000
2026-08-14 04:06:16,442 - my_experiment - bat_ExpoComm_static_45 - my_run - INFO - Estimated time left: 1 hours, 22 minutes, 52 seconds. Time passed: 7 hours, 57 minutes, 46 seconds
2026-08-14 04:11:45,898 - my_experiment - bat_ExpoComm_static_45 - my_run - INFO - Recent Stats | t_env:    4350000 | Episode:    21750
blue_team_alives_mean:    19.9400	blue_team_win_mean:        0.9600	ep_length_mean:          200.0000	episode_length_mean:     199.0000
epsilon:                   0.0500	grad_norm:               104499.4242	info_nce_loss:             0.6780	loss:                    463.2987
q_loss:                  421.1806	q_taken_mean:             67.5141	red_team_alives_mean:     12.6720	red_team_win_mean:         0.0000
return_mean:              -1.0142	return_std:                0.2033	target_mean:              67.5559	td_error_abs:             13.5552
test_blue_team_alives_mean: 20.0000	test_blue_team_win_mean:   1.0000	test_ep_length_mean:     200.0000	test_episode_length_mean:199.0000
test_red_team_alives_mean: 11.6000	test_red_team_win_mean:    0.0000	test_return_mean:         -0.8034	test_return_std:           0.0000

2026-08-14 04:11:47,224 - my_experiment - bat_ExpoComm_static_45 - my_run - INFO - t_env: 4350200 / 5050000
2026-08-14 04:11:47,225 - my_experiment - bat_ExpoComm_static_45 - my_run - INFO - Estimated time left: 1 hours, 17 minutes, 9 seconds. Time passed: 8 hours, 3 minutes, 17 seconds
2026-08-14 04:17:15,667 - my_experiment - bat_ExpoComm_static_45 - my_run - INFO - Recent Stats | t_env:    4400000 | Episode:    22000
blue_team_alives_mean:    19.9640	blue_team_win_mean:        1.0000	ep_length_mean:          200.0000	episode_length_mean:     199.0000
epsilon:                   0.0500	grad_norm:               93028.2258	info_nce_loss:             0.3346	loss:                    380.8252
q_loss:                  346.2047	q_taken_mean:             69.2706	red_team_alives_mean:     11.4520	red_team_win_mean:         0.0000
return_mean:              -0.9746	return_std:                0.1751	target_mean:              69.0898	td_error_abs:             12.8570
test_blue_team_alives_mean: 20.0000	test_blue_team_win_mean:   1.0000	test_ep_length_mean:     200.0000	test_episode_length_mean:199.0000
test_red_team_alives_mean: 12.0000	test_red_team_win_mean:    0.0000	test_return_mean:         -0.8029	test_return_std:           0.0000

2026-08-14 04:17:16,970 - my_experiment - bat_ExpoComm_static_45 - my_run - INFO - t_env: 4400200 / 5050000
2026-08-14 04:17:16,971 - my_experiment - bat_ExpoComm_static_45 - my_run - INFO - Estimated time left: 1 hours, 11 minutes, 25 seconds. Time passed: 8 hours, 8 minutes, 46 seconds
2026-08-14 04:22:47,915 - my_experiment - bat_ExpoComm_static_45 - my_run - INFO - Recent Stats | t_env:    4450000 | Episode:    22250
blue_team_alives_mean:    19.9560	blue_team_win_mean:        0.8040	ep_length_mean:          200.0000	episode_length_mean:     199.0000
epsilon:                   0.0500	grad_norm:               56695.8355	info_nce_loss:             0.9951	loss:                    322.2923
q_loss:                  292.9930	q_taken_mean:             66.7301	red_team_alives_mean:     14.2560	red_team_win_mean:         0.0040
return_mean:              -1.1122	return_std:                0.1908	target_mean:              66.8623	td_error_abs:             11.3963
test_blue_team_alives_mean: 20.0000	test_blue_team_win_mean:   0.8000	test_ep_length_mean:     200.0000	test_episode_length_mean:199.0000
test_red_team_alives_mean: 14.0000	test_red_team_win_mean:    0.0000	test_return_mean:         -0.8592	test_return_std:           0.0000

2026-08-14 04:22:49,233 - my_experiment - bat_ExpoComm_static_45 - my_run - INFO - t_env: 4450200 / 5050000
2026-08-14 04:22:49,234 - my_experiment - bat_ExpoComm_static_45 - my_run - INFO - Estimated time left: 1 hours, 6 minutes, 25 seconds. Time passed: 8 hours, 14 minutes, 19 seconds
2026-08-14 04:28:18,651 - my_experiment - bat_ExpoComm_static_45 - my_run - INFO - Recent Stats | t_env:    4500000 | Episode:    22500
blue_team_alives_mean:    19.9520	blue_team_win_mean:        0.9640	ep_length_mean:          200.0000	episode_length_mean:     199.0000
epsilon:                   0.0500	grad_norm:               67490.2445	info_nce_loss:             0.7540	loss:                    303.4849
q_loss:                  275.8953	q_taken_mean:             66.7263	red_team_alives_mean:     13.0320	red_team_win_mean:         0.0000
return_mean:              -1.0662	return_std:                0.2016	target_mean:              66.5834	td_error_abs:             11.0598
test_blue_team_alives_mean: 20.0000	test_blue_team_win_mean:   0.8000	test_ep_length_mean:     200.0000	test_episode_length_mean:199.0000
test_red_team_alives_mean: 14.8000	test_red_team_win_mean:    0.0000	test_return_mean:         -0.8885	test_return_std:           0.0000

2026-08-14 04:28:20,001 - my_experiment - bat_ExpoComm_static_45 - my_run - INFO - t_env: 4500200 / 5050000
2026-08-14 04:28:20,002 - my_experiment - bat_ExpoComm_static_45 - my_run - INFO - Estimated time left: 1 hours, 37 seconds. Time passed: 8 hours, 19 minutes, 50 seconds
2026-08-14 04:28:20,729 - my_experiment - bat_ExpoComm_static_45 - my_run - INFO - Saving models to work_dirs/my_experiment/bat_ExpoComm_static_45/my_run/20260813_200810/models/4500200
2026-08-14 04:33:47,861 - my_experiment - bat_ExpoComm_static_45 - my_run - INFO - Recent Stats | t_env:    4550000 | Episode:    22750
blue_team_alives_mean:    19.9200	blue_team_win_mean:        0.9680	ep_length_mean:          200.0000	episode_length_mean:     199.0000
epsilon:                   0.0500	grad_norm:               66227.0594	info_nce_loss:             0.4842	loss:                    310.6976
q_loss:                  282.4524	q_taken_mean:             67.2277	red_team_alives_mean:     11.5280	red_team_win_mean:         0.0000
return_mean:              -0.9636	return_std:                0.1733	target_mean:              67.3107	td_error_abs:             11.4446
test_blue_team_alives_mean: 20.0000	test_blue_team_win_mean:   0.8000	test_ep_length_mean:     200.0000	test_episode_length_mean:199.0000
test_red_team_alives_mean: 15.0000	test_red_team_win_mean:    0.0000	test_return_mean:         -0.9021	test_return_std:           0.0000

2026-08-14 04:33:49,181 - my_experiment - bat_ExpoComm_static_45 - my_run - INFO - t_env: 4550200 / 5050000
2026-08-14 04:33:49,182 - my_experiment - bat_ExpoComm_static_45 - my_run - INFO - Estimated time left: 54 minutes, 50 seconds. Time passed: 8 hours, 25 minutes, 19 seconds
2026-08-14 04:39:17,661 - my_experiment - bat_ExpoComm_static_45 - my_run - INFO - Recent Stats | t_env:    4600000 | Episode:    23000
blue_team_alives_mean:    19.9200	blue_team_win_mean:        0.8560	ep_length_mean:          200.0000	episode_length_mean:     199.0000
epsilon:                   0.0500	grad_norm:               85009.3414	info_nce_loss:             0.5552	loss:                    443.7415
q_loss:                  403.4014	q_taken_mean:             66.3838	red_team_alives_mean:     14.8240	red_team_win_mean:         0.0040
return_mean:              -1.1334	return_std:                0.2139	target_mean:              65.9936	td_error_abs:             14.1439
test_blue_team_alives_mean: 20.0000	test_blue_team_win_mean:   0.8000	test_ep_length_mean:     200.0000	test_episode_length_mean:199.0000
test_red_team_alives_mean: 15.0000	test_red_team_win_mean:    0.0000	test_return_mean:         -0.9112	test_return_std:           0.0000

2026-08-14 04:39:19,006 - my_experiment - bat_ExpoComm_static_45 - my_run - INFO - t_env: 4600200 / 5050000
2026-08-14 04:39:19,007 - my_experiment - bat_ExpoComm_static_45 - my_run - INFO - Estimated time left: 49 minutes, 27 seconds. Time passed: 8 hours, 30 minutes, 49 seconds
2026-08-14 04:44:47,233 - my_experiment - bat_ExpoComm_static_45 - my_run - INFO - Recent Stats | t_env:    4650000 | Episode:    23250
blue_team_alives_mean:    19.9240	blue_team_win_mean:        0.8440	ep_length_mean:          200.0000	episode_length_mean:     199.0000
epsilon:                   0.0500	grad_norm:               73940.7164	info_nce_loss:             0.9086	loss:                    375.0583
q_loss:                  340.9621	q_taken_mean:             65.2964	red_team_alives_mean:     14.0680	red_team_win_mean:         0.0000
return_mean:              -1.0975	return_std:                0.2256	target_mean:              65.1084	td_error_abs:             13.6404
test_blue_team_alives_mean: 20.0000	test_blue_team_win_mean:   0.8000	test_ep_length_mean:     200.0000	test_episode_length_mean:199.0000
test_red_team_alives_mean: 14.0000	test_red_team_win_mean:    0.0000	test_return_mean:         -0.8425	test_return_std:           0.0000

2026-08-14 04:44:48,578 - my_experiment - bat_ExpoComm_static_45 - my_run - INFO - t_env: 4650200 / 5050000
2026-08-14 04:44:48,579 - my_experiment - bat_ExpoComm_static_45 - my_run - INFO - Estimated time left: 43 minutes, 55 seconds. Time passed: 8 hours, 36 minutes, 18 seconds
2026-08-14 04:50:17,060 - my_experiment - bat_ExpoComm_static_45 - my_run - INFO - Recent Stats | t_env:    4700000 | Episode:    23500
blue_team_alives_mean:    19.9440	blue_team_win_mean:        0.7960	ep_length_mean:          200.0000	episode_length_mean:     199.0000
epsilon:                   0.0500	grad_norm:               60292.9344	info_nce_loss:             0.5816	loss:                    296.4935
q_loss:                  269.5396	q_taken_mean:             64.1268	red_team_alives_mean:     15.0040	red_team_win_mean:         0.0080
return_mean:              -1.1458	return_std:                0.2124	target_mean:              64.3664	td_error_abs:             11.2512
test_blue_team_alives_mean: 20.0000	test_blue_team_win_mean:   0.8000	test_ep_length_mean:     200.0000	test_episode_length_mean:199.0000
test_red_team_alives_mean: 14.0000	test_red_team_win_mean:    0.0000	test_return_mean:         -0.8425	test_return_std:           0.0000

2026-08-14 04:50:18,378 - my_experiment - bat_ExpoComm_static_45 - my_run - INFO - t_env: 4700200 / 5050000
2026-08-14 04:50:18,379 - my_experiment - bat_ExpoComm_static_45 - my_run - INFO - Estimated time left: 38 minutes, 27 seconds. Time passed: 8 hours, 41 minutes, 48 seconds
2026-08-14 04:55:41,277 - my_experiment - bat_ExpoComm_static_45 - my_run - INFO - Recent Stats | t_env:    4750000 | Episode:    23750
blue_team_alives_mean:    19.9360	blue_team_win_mean:        0.9440	ep_length_mean:          200.0000	episode_length_mean:     199.0000
epsilon:                   0.0500	grad_norm:               76819.6652	info_nce_loss:             0.4563	loss:                    345.0996
q_loss:                  313.7269	q_taken_mean:             64.6199	red_team_alives_mean:     12.4280	red_team_win_mean:         0.0000
return_mean:              -1.0241	return_std:                0.1961	target_mean:              64.4041	td_error_abs:             12.5273
test_blue_team_alives_mean: 20.0000	test_blue_team_win_mean:   0.8000	test_ep_length_mean:     200.0000	test_episode_length_mean:199.0000
test_red_team_alives_mean: 12.0000	test_red_team_win_mean:    0.0000	test_return_mean:         -0.7792	test_return_std:           0.0000

2026-08-14 04:55:42,588 - my_experiment - bat_ExpoComm_static_45 - my_run - INFO - t_env: 4750200 / 5050000
2026-08-14 04:55:42,589 - my_experiment - bat_ExpoComm_static_45 - my_run - INFO - Estimated time left: 32 minutes, 23 seconds. Time passed: 8 hours, 47 minutes, 12 seconds
2026-08-14 05:01:07,060 - my_experiment - bat_ExpoComm_static_45 - my_run - INFO - Recent Stats | t_env:    4800000 | Episode:    24000
blue_team_alives_mean:    19.8840	blue_team_win_mean:        0.8280	ep_length_mean:          200.0000	episode_length_mean:     199.0000
epsilon:                   0.0500	grad_norm:               65230.3883	info_nce_loss:             0.4429	loss:                    375.8678
q_loss:                  341.6980	q_taken_mean:             63.8951	red_team_alives_mean:     15.1440	red_team_win_mean:         0.0080
return_mean:              -1.1481	return_std:                0.2305	target_mean:              64.1344	td_error_abs:             12.8722
test_blue_team_alives_mean: 20.0000	test_blue_team_win_mean:   0.8000	test_ep_length_mean:     200.0000	test_episode_length_mean:199.0000
test_red_team_alives_mean: 11.4000	test_red_team_win_mean:    0.0000	test_return_mean:         -0.7863	test_return_std:           0.0000

2026-08-14 05:01:08,370 - my_experiment - bat_ExpoComm_static_45 - my_run - INFO - t_env: 4800200 / 5050000
2026-08-14 05:01:08,371 - my_experiment - bat_ExpoComm_static_45 - my_run - INFO - Estimated time left: 27 minutes, 7 seconds. Time passed: 8 hours, 52 minutes, 38 seconds
2026-08-14 05:06:32,084 - my_experiment - bat_ExpoComm_static_45 - my_run - INFO - Recent Stats | t_env:    4850000 | Episode:    24250
blue_team_alives_mean:    19.8680	blue_team_win_mean:        0.8880	ep_length_mean:          200.0000	episode_length_mean:     199.0000
epsilon:                   0.0500	grad_norm:               40860.9215	info_nce_loss:             0.5284	loss:                    286.7864
q_loss:                  260.7149	q_taken_mean:             62.2385	red_team_alives_mean:     12.8120	red_team_win_mean:         0.0080
return_mean:              -1.0181	return_std:                0.2328	target_mean:              62.1959	td_error_abs:             10.5325
test_blue_team_alives_mean: 20.0000	test_blue_team_win_mean:   0.8000	test_ep_length_mean:     200.0000	test_episode_length_mean:199.0000
test_red_team_alives_mean: 12.0000	test_red_team_win_mean:    0.0000	test_return_mean:         -0.8310	test_return_std:           0.0000

2026-08-14 05:06:33,417 - my_experiment - bat_ExpoComm_static_45 - my_run - INFO - t_env: 4850200 / 5050000
2026-08-14 05:06:33,418 - my_experiment - bat_ExpoComm_static_45 - my_run - INFO - Estimated time left: 21 minutes, 38 seconds. Time passed: 8 hours, 58 minutes, 3 seconds
2026-08-14 05:11:58,264 - my_experiment - bat_ExpoComm_static_45 - my_run - INFO - Recent Stats | t_env:    4900000 | Episode:    24500
blue_team_alives_mean:    19.8640	blue_team_win_mean:        0.8400	ep_length_mean:          200.0000	episode_length_mean:     199.0000
epsilon:                   0.0500	grad_norm:               49070.5367	info_nce_loss:             0.4544	loss:                    406.1565
q_loss:                  369.2332	q_taken_mean:             61.1451	red_team_alives_mean:     14.6920	red_team_win_mean:         0.0080
return_mean:              -1.1304	return_std:                0.2379	target_mean:              61.1266	td_error_abs:             11.3263
test_blue_team_alives_mean: 20.0000	test_blue_team_win_mean:   0.6000	test_ep_length_mean:     200.0000	test_episode_length_mean:199.0000
test_red_team_alives_mean: 14.2000	test_red_team_win_mean:    0.0000	test_return_mean:         -0.9025	test_return_std:           0.0000

2026-08-14 05:11:59,566 - my_experiment - bat_ExpoComm_static_45 - my_run - INFO - t_env: 4900200 / 5050000
2026-08-14 05:11:59,567 - my_experiment - bat_ExpoComm_static_45 - my_run - INFO - Estimated time left: 16 minutes, 17 seconds. Time passed: 9 hours, 3 minutes, 29 seconds
2026-08-14 05:17:21,511 - my_experiment - bat_ExpoComm_static_45 - my_run - INFO - Recent Stats | t_env:    4950000 | Episode:    24750
blue_team_alives_mean:    19.8200	blue_team_win_mean:        0.9000	ep_length_mean:          200.0000	episode_length_mean:     199.0000
epsilon:                   0.0500	grad_norm:               60282.8063	info_nce_loss:             0.4847	loss:                    288.8140
q_loss:                  262.5598	q_taken_mean:             59.7202	red_team_alives_mean:     12.3840	red_team_win_mean:         0.0120
return_mean:              -1.0019	return_std:                0.2267	target_mean:              59.8102	td_error_abs:             11.4360
test_blue_team_alives_mean: 19.8000	test_blue_team_win_mean:   0.8000	test_ep_length_mean:     200.0000	test_episode_length_mean:199.0000
test_red_team_alives_mean: 13.8000	test_red_team_win_mean:    0.0000	test_return_mean:         -0.8545	test_return_std:           0.0000

2026-08-14 05:17:22,795 - my_experiment - bat_ExpoComm_static_45 - my_run - INFO - t_env: 4950200 / 5050000
2026-08-14 05:17:22,796 - my_experiment - bat_ExpoComm_static_45 - my_run - INFO - Estimated time left: 10 minutes, 45 seconds. Time passed: 9 hours, 8 minutes, 52 seconds
2026-08-14 05:22:45,694 - my_experiment - bat_ExpoComm_static_45 - my_run - INFO - Recent Stats | t_env:    5000000 | Episode:    25000
blue_team_alives_mean:    19.8480	blue_team_win_mean:        0.9840	ep_length_mean:          200.0000	episode_length_mean:     199.0000
epsilon:                   0.0500	grad_norm:               68414.1797	info_nce_loss:             0.7417	loss:                    447.9341
q_loss:                  407.2129	q_taken_mean:             60.6083	red_team_alives_mean:     11.0200	red_team_win_mean:         0.0080
return_mean:              -0.9486	return_std:                0.2129	target_mean:              60.2424	td_error_abs:             12.8599
test_blue_team_alives_mean: 19.8000	test_blue_team_win_mean:   0.8000	test_ep_length_mean:     200.0000	test_episode_length_mean:199.0000
test_red_team_alives_mean: 14.2000	test_red_team_win_mean:    0.0000	test_return_mean:         -0.8658	test_return_std:           0.0000

2026-08-14 05:22:47,032 - my_experiment - bat_ExpoComm_static_45 - my_run - INFO - t_env: 5000200 / 5050000
2026-08-14 05:22:47,033 - my_experiment - bat_ExpoComm_static_45 - my_run - INFO - Estimated time left: 5 minutes, 22 seconds. Time passed: 9 hours, 14 minutes, 17 seconds
2026-08-14 05:22:47,750 - my_experiment - bat_ExpoComm_static_45 - my_run - INFO - Saving models to work_dirs/my_experiment/bat_ExpoComm_static_45/my_run/20260813_200810/models/5000200
2026-08-14 05:28:10,463 - my_experiment - bat_ExpoComm_static_45 - my_run - INFO - Recent Stats | t_env:    5050000 | Episode:    25250
blue_team_alives_mean:    19.7840	blue_team_win_mean:        0.9200	ep_length_mean:          200.0000	episode_length_mean:     199.0000
epsilon:                   0.0500	grad_norm:               45828.3938	info_nce_loss:             0.6707	loss:                    312.4873
q_loss:                  284.0793	q_taken_mean:             59.8161	red_team_alives_mean:     13.2320	red_team_win_mean:         0.0080
return_mean:              -1.0541	return_std:                0.2297	target_mean:              59.7800	td_error_abs:             10.6839
test_blue_team_alives_mean: 19.8000	test_blue_team_win_mean:   0.8000	test_ep_length_mean:     200.0000	test_episode_length_mean:199.0000
test_red_team_alives_mean: 15.2000	test_red_team_win_mean:    0.0000	test_return_mean:         -0.8684	test_return_std:           0.0000

2026-08-14 05:28:11,781 - my_experiment - bat_ExpoComm_static_45 - my_run - INFO - t_env: 5050200 / 5050000
2026-08-14 05:28:11,782 - my_experiment - bat_ExpoComm_static_45 - my_run - INFO - Estimated time left: -. Time passed: 9 hours, 19 minutes, 41 seconds
2026-08-14 05:28:12,500 - my_experiment - bat_ExpoComm_static_45 - my_run - INFO - Finished Training
