Gym has been unmaintained since 2022 and does not support NumPy 2.0 amongst other critical functionality.
Please upgrade to Gymnasium, the maintained drop-in replacement of Gym, or contact the authors of your software and request that they upgrade.
Users of this version of Gym should be able to simply replace 'import gym' with 'import gymnasium as gym' in the vast majority of cases.
See the migration guide at https://gymnasium.farama.org/introduction/migration_guide/ for additional information.
src/main.py:81: DeprecationWarning: Using or importing the ABCs from 'collections' instead of from 'collections.abc' is deprecated since Python 3.3, and in 3.10 it will stop working
  if isinstance(v, collections.Mapping):
wandb: [wandb.login()] Loaded credentials for https://api.wandb.ai from /home/pparsons/.netrc.
wandb: Currently logged in as: peterparsons02 (peterparsons02-eth-z-rich) to https://api.wandb.ai. Use `wandb login --relogin` to force relogin
wandb: setting up run z8deo1tj
wandb: Tracking run with wandb version 0.24.1
wandb: Run data is saved locally in /usr/itetnas04/data-scratch-01/pparsons/data/MyExpoComm/wandb/run-20260413_212759-z8deo1tj
wandb: Run `wandb offline` to turn off syncing.
wandb: Syncing run my_run-bat_IQL_RNN_5M_45-20260413_212758
wandb: ⭐️ View project at https://wandb.ai/peterparsons02-eth-z-rich/my_experiment
wandb: 🚀 View run at https://wandb.ai/peterparsons02-eth-z-rich/my_experiment/runs/z8deo1tj
2026-04-13 21:28:01,178 - my_experiment - bat_IQL_RNN_5M_45 - my_run - INFO - Current directory: /usr/itetnas04/data-scratch-01/pparsons/data/MyExpoComm.
2026-04-13 21:28:01,179 - my_experiment - bat_IQL_RNN_5M_45 - my_run - INFO - Experiment Parameters:
2026-04-13 21:28:01,180 - my_experiment - bat_IQL_RNN_5M_45 - my_run - INFO - 

{   'action_selector': 'epsilon_greedy',
    'add_value_last_step': True,
    'agent': 'rnn',
    'agent_output_type': 'q',
    'batch_size': 32,
    'batch_size_run': 1,
    'buffer_cpu_only': True,
    'buffer_size': 2000,
    'checkpoint_path': '',
    'double_q': True,
    'env': 'MAgent_Battle',
    'env_args': {   'global_reward': True,
                    'map_name': 'battle_view7',
                    'map_size': 25,
                    'max_cycles': 200,
                    'minimap_mode': False,
                    'pretrained_ckpt': None,
                    'seed': 45},
    'epsilon_anneal_time': 1000000,
    'epsilon_finish': 0.05,
    'epsilon_start': 1.0,
    'evaluate': False,
    'evaluation_epsilon': 0.0,
    'exp_name': 'my_experiment',
    'gamma': 0.99,
    'global_reward': True,
    'grad_norm_clip': 10,
    'hidden_dim': 64,
    'hypergroup': None,
    'label': 'default_label',
    'learner': 'q_learner',
    'learner_log_interval': 10000,
    'load_step': 0,
    'local_results_path': 'results',
    'log_interval': 50000,
    'lr': 0.0005,
    'mac': 'basic_mac',
    'mixer': None,
    'name': 'bat_IQL_RNN_5M_45',
    'obs_agent_id': True,
    'obs_individual_obs': False,
    'obs_last_action': True,
    'optim_alpha': 0.99,
    'optim_eps': 1e-05,
    'render': False,
    'repeat_id': 1,
    'run_name': 'my_run',
    'runner': 'episode',
    'runner_log_interval': 10000,
    'save_model': True,
    'save_model_interval': 500000,
    'save_replay': False,
    'seed': 45,
    'standardise_returns': False,
    'standardise_rewards': True,
    't_max': 5050000,
    'target_update_interval_or_tau': 200,
    'test_greedy': True,
    'test_interval': 50000,
    'test_nepisode': 1,
    'use_cuda': True,
    'use_rnn': True,
    'use_tensorboard': True,
    'work_dir': 'work_dirs/my_experiment/bat_IQL_RNN_5M_45/my_run/20260413_212758'}

/usr/itetnas04/data-scratch-01/pparsons/data/conda_envs/ExpoComm/lib/python3.8/site-packages/pettingzoo/utils/conversions.py:41: UserWarning: The `from_parallel` function is deprecated. Use the `parallel_to_aec` function instead.
  warnings.warn("The `from_parallel` function is deprecated. Use the `parallel_to_aec` function instead.")
/usr/itetnas04/data-scratch-01/pparsons/data/conda_envs/ExpoComm/lib/python3.8/site-packages/pettingzoo/utils/wrappers/base.py:44: UserWarning: The `observation_spaces` dictionary is deprecated. Use the `observation_space` function instead.
  warnings.warn("The `observation_spaces` dictionary is deprecated. Use the `observation_space` function instead.")
/usr/itetnas04/data-scratch-01/pparsons/data/conda_envs/ExpoComm/lib/python3.8/site-packages/pettingzoo/utils/conversions.py:36: UserWarning: The `to_parallel` function is deprecated. Use the `aec_to_parallel` function instead.
  warnings.warn("The `to_parallel` function is deprecated. Use the `aec_to_parallel` function instead.")
/usr/itetnas04/data-scratch-01/pparsons/data/conda_envs/ExpoComm/lib/python3.8/site-packages/pettingzoo/utils/conversions.py:80: UserWarning: The `action_spaces` dictionary is deprecated. Use the `action_space` function instead.
  warnings.warn("The `action_spaces` dictionary is deprecated. Use the `action_space` function instead.")
/usr/itetnas04/data-scratch-01/pparsons/data/conda_envs/ExpoComm/lib/python3.8/site-packages/pettingzoo/utils/wrappers/base.py:52: UserWarning: The `action_spaces` dictionary is deprecated. Use the `action_space` function instead.
  warnings.warn("The `action_spaces` dictionary is deprecated. Use the `action_space` function instead.")
/usr/itetnas04/data-scratch-01/pparsons/data/conda_envs/ExpoComm/lib/python3.8/site-packages/pettingzoo/utils/conversions.py:72: UserWarning: The `observation_spaces` dictionary is deprecated. Use the `observation_space` function instead.
  warnings.warn("The `observation_spaces` dictionary is deprecated. Use the `observation_space` function instead.")
2026-04-13 21:28:05,924 - my_experiment - bat_IQL_RNN_5M_45 - my_run - INFO - Beginning training for 5050000 timesteps
/usr/itetnas04/data-scratch-01/pparsons/data/MyExpoComm/src/envs/battle_wrappers.py:258: UserWarning: To copy construct from a tensor, it is recommended to use sourceTensor.clone().detach() or sourceTensor.clone().detach().requires_grad_(True), rather than torch.tensor(sourceTensor).
  actions = torch.tensor(actions, dtype=torch.long)
2026-04-13 21:28:07,236 - my_experiment - bat_IQL_RNN_5M_45 - my_run - INFO - t_env: 200 / 5050000
2026-04-13 21:28:07,237 - my_experiment - bat_IQL_RNN_5M_45 - my_run - INFO - Estimated time left: 2 minutes, 12 seconds. Time passed: 1 seconds
2026-04-13 21:28:08,268 - my_experiment - bat_IQL_RNN_5M_45 - my_run - INFO - Saving models to work_dirs/my_experiment/bat_IQL_RNN_5M_45/my_run/20260413_212758/models/200
2026-04-13 21:33:18,131 - my_experiment - bat_IQL_RNN_5M_45 - my_run - INFO - Recent Stats | t_env:      50000 | Episode:      250
blue_team_alives_mean:    20.0000	blue_team_win_mean:        0.9280	ep_length_mean:          200.0000	episode_length_mean:     199.0000
epsilon:                   0.9620	grad_norm:                 0.5730	loss:                      0.9595	q_taken_mean:              0.0002
red_team_alives_mean:     17.8440	red_team_win_mean:         0.0000	return_mean:              -7.8327	return_std:                0.3525
target_mean:               0.0038	td_error_abs:              0.7857	test_blue_team_alives_mean: 20.0000	test_blue_team_win_mean:   0.0000
test_ep_length_mean:     200.0000	test_episode_length_mean:199.0000	test_red_team_alives_mean: 20.0000	test_red_team_win_mean:    0.0000
test_return_mean:         -4.9100	test_return_std:           0.0000	
2026-04-13 21:33:19,421 - my_experiment - bat_IQL_RNN_5M_45 - my_run - INFO - t_env: 50200 / 5050000
2026-04-13 21:33:19,422 - my_experiment - bat_IQL_RNN_5M_45 - my_run - INFO - Estimated time left: 8 hours, 40 minutes, 17 seconds. Time passed: 5 minutes, 13 seconds
2026-04-13 21:38:42,650 - my_experiment - bat_IQL_RNN_5M_45 - my_run - INFO - Recent Stats | t_env:     100000 | Episode:      500
blue_team_alives_mean:    19.9920	blue_team_win_mean:        0.9080	ep_length_mean:          200.0000	episode_length_mean:     199.0000
epsilon:                   0.9145	grad_norm:                 1.2059	loss:                      0.9437	q_taken_mean:              0.0137
red_team_alives_mean:     17.8240	red_team_win_mean:         0.0000	return_mean:              -7.4870	return_std:                0.4529
target_mean:               0.0165	td_error_abs:              0.7711	test_blue_team_alives_mean: 20.0000	test_blue_team_win_mean:   0.5000
test_ep_length_mean:     200.0000	test_episode_length_mean:199.0000	test_red_team_alives_mean: 19.5000	test_red_team_win_mean:    0.0000
test_return_mean:         -2.9419	test_return_std:           0.0000	
2026-04-13 21:38:43,937 - my_experiment - bat_IQL_RNN_5M_45 - my_run - INFO - t_env: 100200 / 5050000
2026-04-13 21:38:43,937 - my_experiment - bat_IQL_RNN_5M_45 - my_run - INFO - Estimated time left: 8 hours, 55 minutes, 25 seconds. Time passed: 10 minutes, 38 seconds
2026-04-13 21:44:17,011 - my_experiment - bat_IQL_RNN_5M_45 - my_run - INFO - Recent Stats | t_env:     150000 | Episode:      750
blue_team_alives_mean:    19.9880	blue_team_win_mean:        0.9600	ep_length_mean:          200.0000	episode_length_mean:     199.0000
epsilon:                   0.8670	grad_norm:                 1.7778	loss:                      0.9604	q_taken_mean:              0.0311
red_team_alives_mean:     16.9040	red_team_win_mean:         0.0040	return_mean:              -6.9852	return_std:                0.4242
target_mean:               0.0357	td_error_abs:              0.7759	test_blue_team_alives_mean: 20.0000	test_blue_team_win_mean:   0.6667
test_ep_length_mean:     200.0000	test_episode_length_mean:199.0000	test_red_team_alives_mean: 19.0000	test_red_team_win_mean:    0.0000
test_return_mean:         -2.2795	test_return_std:           0.0000	
2026-04-13 21:44:18,265 - my_experiment - bat_IQL_RNN_5M_45 - my_run - INFO - t_env: 150200 / 5050000
2026-04-13 21:44:18,266 - my_experiment - bat_IQL_RNN_5M_45 - my_run - INFO - Estimated time left: 9 hours, 6 minutes, 2 seconds. Time passed: 16 minutes, 12 seconds
2026-04-13 21:49:44,144 - my_experiment - bat_IQL_RNN_5M_45 - my_run - INFO - Recent Stats | t_env:     200000 | Episode:     1000
blue_team_alives_mean:    19.9800	blue_team_win_mean:        1.0000	ep_length_mean:          200.0000	episode_length_mean:     199.0000
epsilon:                   0.8195	grad_norm:                 2.0480	loss:                      0.9441	q_taken_mean:              0.0570
red_team_alives_mean:     15.2080	red_team_win_mean:         0.0000	return_mean:              -6.4070	return_std:                0.3749
target_mean:               0.0592	td_error_abs:              0.7748	test_blue_team_alives_mean: 20.0000	test_blue_team_win_mean:   0.7500
test_ep_length_mean:     200.0000	test_episode_length_mean:199.0000	test_red_team_alives_mean: 18.0000	test_red_team_win_mean:    0.0000
test_return_mean:         -1.9356	test_return_std:           0.0000	
2026-04-13 21:49:45,438 - my_experiment - bat_IQL_RNN_5M_45 - my_run - INFO - t_env: 200200 / 5050000
2026-04-13 21:49:45,439 - my_experiment - bat_IQL_RNN_5M_45 - my_run - INFO - Estimated time left: 8 hours, 48 minutes, 54 seconds. Time passed: 21 minutes, 39 seconds
2026-04-13 21:55:07,043 - my_experiment - bat_IQL_RNN_5M_45 - my_run - INFO - Recent Stats | t_env:     250000 | Episode:     1250
blue_team_alives_mean:    19.9960	blue_team_win_mean:        1.0000	ep_length_mean:          200.0000	episode_length_mean:     199.0000
epsilon:                   0.7720	grad_norm:                 4.6789	loss:                      1.0727	q_taken_mean:              0.0867
red_team_alives_mean:     15.5520	red_team_win_mean:         0.0000	return_mean:              -6.1864	return_std:                0.3482
target_mean:               0.0956	td_error_abs:              0.8056	test_blue_team_alives_mean: 20.0000	test_blue_team_win_mean:   0.8000
test_ep_length_mean:     200.0000	test_episode_length_mean:199.0000	test_red_team_alives_mean: 18.2000	test_red_team_win_mean:    0.0000
test_return_mean:         -1.7450	test_return_std:           0.0000	
2026-04-13 21:55:08,334 - my_experiment - bat_IQL_RNN_5M_45 - my_run - INFO - t_env: 250200 / 5050000
2026-04-13 21:55:08,334 - my_experiment - bat_IQL_RNN_5M_45 - my_run - INFO - Estimated time left: 8 hours, 36 minutes, 36 seconds. Time passed: 27 minutes, 2 seconds
2026-04-13 22:00:30,098 - my_experiment - bat_IQL_RNN_5M_45 - my_run - INFO - Recent Stats | t_env:     300000 | Episode:     1500
blue_team_alives_mean:    20.0000	blue_team_win_mean:        0.9840	ep_length_mean:          200.0000	episode_length_mean:     199.0000
epsilon:                   0.7245	grad_norm:                 4.6181	loss:                      1.0094	q_taken_mean:              0.1250
red_team_alives_mean:     16.1640	red_team_win_mean:         0.0000	return_mean:              -5.9361	return_std:                0.3847
target_mean:               0.1298	td_error_abs:              0.7814	test_blue_team_alives_mean: 20.0000	test_blue_team_win_mean:   0.8000
test_ep_length_mean:     200.0000	test_episode_length_mean:199.0000	test_red_team_alives_mean: 18.2000	test_red_team_win_mean:    0.0000
test_return_mean:         -0.9629	test_return_std:           0.0000	
2026-04-13 22:00:31,599 - my_experiment - bat_IQL_RNN_5M_45 - my_run - INFO - t_env: 300200 / 5050000
2026-04-13 22:00:31,600 - my_experiment - bat_IQL_RNN_5M_45 - my_run - INFO - Estimated time left: 8 hours, 31 minutes, 48 seconds. Time passed: 32 minutes, 25 seconds
2026-04-13 22:05:56,212 - my_experiment - bat_IQL_RNN_5M_45 - my_run - INFO - Recent Stats | t_env:     350000 | Episode:     1750
blue_team_alives_mean:    19.9880	blue_team_win_mean:        0.9600	ep_length_mean:          200.0000	episode_length_mean:     199.0000
epsilon:                   0.6770	grad_norm:                 5.5331	loss:                      1.0644	q_taken_mean:              0.1661
red_team_alives_mean:     17.0640	red_team_win_mean:         0.0000	return_mean:              -5.7128	return_std:                0.3639
target_mean:               0.1723	td_error_abs:              0.7756	test_blue_team_alives_mean: 20.0000	test_blue_team_win_mean:   0.6000
test_ep_length_mean:     200.0000	test_episode_length_mean:199.0000	test_red_team_alives_mean: 18.4000	test_red_team_win_mean:    0.0000
test_return_mean:         -0.9682	test_return_std:           0.0000	
2026-04-13 22:05:57,475 - my_experiment - bat_IQL_RNN_5M_45 - my_run - INFO - t_env: 350200 / 5050000
2026-04-13 22:05:57,476 - my_experiment - bat_IQL_RNN_5M_45 - my_run - INFO - Estimated time left: 8 hours, 30 minutes, 31 seconds. Time passed: 37 minutes, 51 seconds
2026-04-13 22:11:21,539 - my_experiment - bat_IQL_RNN_5M_45 - my_run - INFO - Recent Stats | t_env:     400000 | Episode:     2000
blue_team_alives_mean:    19.9960	blue_team_win_mean:        0.9240	ep_length_mean:          200.0000	episode_length_mean:     199.0000
epsilon:                   0.6295	grad_norm:                 4.8255	loss:                      1.1054	q_taken_mean:              0.2059
red_team_alives_mean:     17.3480	red_team_win_mean:         0.0000	return_mean:              -5.3887	return_std:                0.3435
target_mean:               0.2125	td_error_abs:              0.7714	test_blue_team_alives_mean: 20.0000	test_blue_team_win_mean:   0.6000
test_ep_length_mean:     200.0000	test_episode_length_mean:199.0000	test_red_team_alives_mean: 18.6000	test_red_team_win_mean:    0.0000
test_return_mean:         -0.9751	test_return_std:           0.0000	
2026-04-13 22:11:22,807 - my_experiment - bat_IQL_RNN_5M_45 - my_run - INFO - t_env: 400200 / 5050000
2026-04-13 22:11:22,808 - my_experiment - bat_IQL_RNN_5M_45 - my_run - INFO - Estimated time left: 8 hours, 24 minutes, 14 seconds. Time passed: 43 minutes, 16 seconds
2026-04-13 22:16:50,746 - my_experiment - bat_IQL_RNN_5M_45 - my_run - INFO - Recent Stats | t_env:     450000 | Episode:     2250
blue_team_alives_mean:    20.0000	blue_team_win_mean:        0.8880	ep_length_mean:          200.0000	episode_length_mean:     199.0000
epsilon:                   0.5820	grad_norm:                 9.0071	loss:                      1.3028	q_taken_mean:              0.2605
red_team_alives_mean:     17.7640	red_team_win_mean:         0.0000	return_mean:              -5.1393	return_std:                0.3199
target_mean:               0.2731	td_error_abs:              0.8266	test_blue_team_alives_mean: 20.0000	test_blue_team_win_mean:   0.6000
test_ep_length_mean:     200.0000	test_episode_length_mean:199.0000	test_red_team_alives_mean: 19.4000	test_red_team_win_mean:    0.0000
test_return_mean:         -0.9922	test_return_std:           0.0000	
2026-04-13 22:16:52,156 - my_experiment - bat_IQL_RNN_5M_45 - my_run - INFO - t_env: 450200 / 5050000
2026-04-13 22:16:52,157 - my_experiment - bat_IQL_RNN_5M_45 - my_run - INFO - Estimated time left: 8 hours, 24 minutes, 58 seconds. Time passed: 48 minutes, 46 seconds
2026-04-13 22:22:32,913 - my_experiment - bat_IQL_RNN_5M_45 - my_run - INFO - Recent Stats | t_env:     500000 | Episode:     2500
blue_team_alives_mean:    19.9960	blue_team_win_mean:        0.8360	ep_length_mean:          200.0000	episode_length_mean:     199.0000
epsilon:                   0.5345	grad_norm:                 6.4324	loss:                      1.2589	q_taken_mean:              0.3188
red_team_alives_mean:     18.1640	red_team_win_mean:         0.0000	return_mean:              -4.8513	return_std:                0.2936
target_mean:               0.3257	td_error_abs:              0.7744	test_blue_team_alives_mean: 20.0000	test_blue_team_win_mean:   0.4000
test_ep_length_mean:     200.0000	test_episode_length_mean:199.0000	test_red_team_alives_mean: 19.6000	test_red_team_win_mean:    0.0000
test_return_mean:         -0.9957	test_return_std:           0.0000	
2026-04-13 22:22:34,321 - my_experiment - bat_IQL_RNN_5M_45 - my_run - INFO - t_env: 500200 / 5050000
2026-04-13 22:22:34,321 - my_experiment - bat_IQL_RNN_5M_45 - my_run - INFO - Estimated time left: 8 hours, 38 minutes, 55 seconds. Time passed: 54 minutes, 28 seconds
2026-04-13 22:22:35,352 - my_experiment - bat_IQL_RNN_5M_45 - my_run - INFO - Saving models to work_dirs/my_experiment/bat_IQL_RNN_5M_45/my_run/20260413_212758/models/500200
2026-04-13 22:27:50,905 - my_experiment - bat_IQL_RNN_5M_45 - my_run - INFO - Recent Stats | t_env:     550000 | Episode:     2750
blue_team_alives_mean:    19.9960	blue_team_win_mean:        0.8240	ep_length_mean:          200.0000	episode_length_mean:     199.0000
epsilon:                   0.4870	grad_norm:                 6.8352	loss:                      1.3819	q_taken_mean:              0.3913
red_team_alives_mean:     18.3680	red_team_win_mean:         0.0000	return_mean:              -4.5368	return_std:                0.2779
target_mean:               0.3985	td_error_abs:              0.7769	test_blue_team_alives_mean: 20.0000	test_blue_team_win_mean:   0.4000
test_ep_length_mean:     200.0000	test_episode_length_mean:199.0000	test_red_team_alives_mean: 19.6000	test_red_team_win_mean:    0.0000
test_return_mean:         -0.9957	test_return_std:           0.0000	
2026-04-13 22:27:52,309 - my_experiment - bat_IQL_RNN_5M_45 - my_run - INFO - t_env: 550200 / 5050000
2026-04-13 22:27:52,309 - my_experiment - bat_IQL_RNN_5M_45 - my_run - INFO - Estimated time left: 7 hours, 56 minutes, 57 seconds. Time passed: 59 minutes, 46 seconds
2026-04-13 22:33:22,952 - my_experiment - bat_IQL_RNN_5M_45 - my_run - INFO - Recent Stats | t_env:     600000 | Episode:     3000
blue_team_alives_mean:    19.9920	blue_team_win_mean:        0.8240	ep_length_mean:          200.0000	episode_length_mean:     199.0000
epsilon:                   0.4395	grad_norm:                 6.8617	loss:                      1.4319	q_taken_mean:              0.4541
red_team_alives_mean:     18.4600	red_team_win_mean:         0.0000	return_mean:              -4.2174	return_std:                0.2466
target_mean:               0.4600	td_error_abs:              0.7620	test_blue_team_alives_mean: 20.0000	test_blue_team_win_mean:   0.4000
test_ep_length_mean:     200.0000	test_episode_length_mean:199.0000	test_red_team_alives_mean: 19.6000	test_red_team_win_mean:    0.0000
test_return_mean:         -0.9957	test_return_std:           0.0000	
2026-04-13 22:33:24,384 - my_experiment - bat_IQL_RNN_5M_45 - my_run - INFO - t_env: 600200 / 5050000
2026-04-13 22:33:24,385 - my_experiment - bat_IQL_RNN_5M_45 - my_run - INFO - Estimated time left: 8 hours, 12 minutes, 33 seconds. Time passed: 1 hours, 5 minutes, 18 seconds
2026-04-13 22:38:48,327 - my_experiment - bat_IQL_RNN_5M_45 - my_run - INFO - Recent Stats | t_env:     650000 | Episode:     3250
blue_team_alives_mean:    20.0000	blue_team_win_mean:        0.7880	ep_length_mean:          200.0000	episode_length_mean:     199.0000
epsilon:                   0.3920	grad_norm:                10.3836	loss:                      1.6577	q_taken_mean:              0.5237
red_team_alives_mean:     18.5120	red_team_win_mean:         0.0000	return_mean:              -3.9065	return_std:                0.2113
target_mean:               0.5405	td_error_abs:              0.8350	test_blue_team_alives_mean: 20.0000	test_blue_team_win_mean:   0.2000
test_ep_length_mean:     200.0000	test_episode_length_mean:199.0000	test_red_team_alives_mean: 19.8000	test_red_team_win_mean:    0.0000
test_return_mean:         -0.9979	test_return_std:           0.0000	
2026-04-13 22:38:49,600 - my_experiment - bat_IQL_RNN_5M_45 - my_run - INFO - t_env: 650200 / 5050000
2026-04-13 22:38:49,601 - my_experiment - bat_IQL_RNN_5M_45 - my_run - INFO - Estimated time left: 7 hours, 56 minutes, 57 seconds. Time passed: 1 hours, 10 minutes, 43 seconds
2026-04-13 22:44:09,430 - my_experiment - bat_IQL_RNN_5M_45 - my_run - INFO - Recent Stats | t_env:     700000 | Episode:     3500
blue_team_alives_mean:    20.0000	blue_team_win_mean:        0.7760	ep_length_mean:          200.0000	episode_length_mean:     199.0000
epsilon:                   0.3445	grad_norm:                 8.7316	loss:                      1.6197	q_taken_mean:              0.5989
red_team_alives_mean:     18.4640	red_team_win_mean:         0.0000	return_mean:              -3.5795	return_std:                0.2077
target_mean:               0.6042	td_error_abs:              0.7568	test_blue_team_alives_mean: 20.0000	test_blue_team_win_mean:   0.0000
test_ep_length_mean:     200.0000	test_episode_length_mean:199.0000	test_red_team_alives_mean: 20.0000	test_red_team_win_mean:    0.0000
test_return_mean:         -1.0000	test_return_std:           0.0000	
2026-04-13 22:44:10,708 - my_experiment - bat_IQL_RNN_5M_45 - my_run - INFO - t_env: 700200 / 5050000
2026-04-13 22:44:10,709 - my_experiment - bat_IQL_RNN_5M_45 - my_run - INFO - Estimated time left: 7 hours, 45 minutes, 35 seconds. Time passed: 1 hours, 16 minutes, 4 seconds
2026-04-13 22:49:30,022 - my_experiment - bat_IQL_RNN_5M_45 - my_run - INFO - Recent Stats | t_env:     750000 | Episode:     3750
blue_team_alives_mean:    20.0000	blue_team_win_mean:        0.6960	ep_length_mean:          200.0000	episode_length_mean:     199.0000
epsilon:                   0.2970	grad_norm:                 7.2564	loss:                      1.6877	q_taken_mean:              0.6761
red_team_alives_mean:     18.6080	red_team_win_mean:         0.0000	return_mean:              -3.2483	return_std:                0.1858
target_mean:               0.6857	td_error_abs:              0.7466	test_blue_team_alives_mean: 20.0000	test_blue_team_win_mean:   0.0000
test_ep_length_mean:     200.0000	test_episode_length_mean:199.0000	test_red_team_alives_mean: 20.0000	test_red_team_win_mean:    0.0000
test_return_mean:         -1.0000	test_return_std:           0.0000	
2026-04-13 22:49:31,372 - my_experiment - bat_IQL_RNN_5M_45 - my_run - INFO - t_env: 750200 / 5050000
2026-04-13 22:49:31,372 - my_experiment - bat_IQL_RNN_5M_45 - my_run - INFO - Estimated time left: 7 hours, 39 minutes, 35 seconds. Time passed: 1 hours, 21 minutes, 25 seconds
2026-04-13 22:54:51,807 - my_experiment - bat_IQL_RNN_5M_45 - my_run - INFO - Recent Stats | t_env:     800000 | Episode:     4000
blue_team_alives_mean:    20.0000	blue_team_win_mean:        0.6160	ep_length_mean:          200.0000	episode_length_mean:     199.0000
epsilon:                   0.2495	grad_norm:                 6.8578	loss:                      1.7613	q_taken_mean:              0.7420
red_team_alives_mean:     19.0040	red_team_win_mean:         0.0000	return_mean:              -2.9464	return_std:                0.1666
target_mean:               0.7506	td_error_abs:              0.7201	test_blue_team_alives_mean: 20.0000	test_blue_team_win_mean:   0.0000
test_ep_length_mean:     200.0000	test_episode_length_mean:199.0000	test_red_team_alives_mean: 20.0000	test_red_team_win_mean:    0.0000
test_return_mean:         -1.0000	test_return_std:           0.0000	
2026-04-13 22:54:53,075 - my_experiment - bat_IQL_RNN_5M_45 - my_run - INFO - t_env: 800200 / 5050000
2026-04-13 22:54:53,076 - my_experiment - bat_IQL_RNN_5M_45 - my_run - INFO - Estimated time left: 7 hours, 35 minutes, 43 seconds. Time passed: 1 hours, 26 minutes, 47 seconds
2026-04-13 23:00:10,905 - my_experiment - bat_IQL_RNN_5M_45 - my_run - INFO - Recent Stats | t_env:     850000 | Episode:     4250
blue_team_alives_mean:    20.0000	blue_team_win_mean:        0.4520	ep_length_mean:          200.0000	episode_length_mean:     199.0000
epsilon:                   0.2020	grad_norm:                12.6363	loss:                      2.1024	q_taken_mean:              0.8112
red_team_alives_mean:     19.3600	red_team_win_mean:         0.0000	return_mean:              -2.6249	return_std:                0.1373
target_mean:               0.8289	td_error_abs:              0.8165	test_blue_team_alives_mean: 20.0000	test_blue_team_win_mean:   0.0000
test_ep_length_mean:     200.0000	test_episode_length_mean:199.0000	test_red_team_alives_mean: 20.0000	test_red_team_win_mean:    0.0000
test_return_mean:         -1.0000	test_return_std:           0.0000	
2026-04-13 23:00:12,374 - my_experiment - bat_IQL_RNN_5M_45 - my_run - INFO - t_env: 850200 / 5050000
2026-04-13 23:00:12,375 - my_experiment - bat_IQL_RNN_5M_45 - my_run - INFO - Estimated time left: 7 hours, 26 minutes, 59 seconds. Time passed: 1 hours, 32 minutes, 6 seconds
2026-04-13 23:05:28,567 - my_experiment - bat_IQL_RNN_5M_45 - my_run - INFO - Recent Stats | t_env:     900000 | Episode:     4500
blue_team_alives_mean:    20.0000	blue_team_win_mean:        0.3440	ep_length_mean:          200.0000	episode_length_mean:     199.0000
epsilon:                   0.1545	grad_norm:                 8.5583	loss:                      2.1455	q_taken_mean:              0.9135
red_team_alives_mean:     19.5880	red_team_win_mean:         0.0000	return_mean:              -2.3058	return_std:                0.1072
target_mean:               0.9222	td_error_abs:              0.7109	test_blue_team_alives_mean: 20.0000	test_blue_team_win_mean:   0.0000
test_ep_length_mean:     200.0000	test_episode_length_mean:199.0000	test_red_team_alives_mean: 20.0000	test_red_team_win_mean:    0.0000
test_return_mean:         -1.0000	test_return_std:           0.0000	
2026-04-13 23:05:29,801 - my_experiment - bat_IQL_RNN_5M_45 - my_run - INFO - t_env: 900200 / 5050000
2026-04-13 23:05:29,801 - my_experiment - bat_IQL_RNN_5M_45 - my_run - INFO - Estimated time left: 7 hours, 19 minutes, 5 seconds. Time passed: 1 hours, 37 minutes, 23 seconds
2026-04-13 23:10:52,798 - my_experiment - bat_IQL_RNN_5M_45 - my_run - INFO - Recent Stats | t_env:     950000 | Episode:     4750
blue_team_alives_mean:    20.0000	blue_team_win_mean:        0.3440	ep_length_mean:          200.0000	episode_length_mean:     199.0000
epsilon:                   0.1070	grad_norm:                 7.8521	loss:                      2.2136	q_taken_mean:              0.9878
red_team_alives_mean:     19.6160	red_team_win_mean:         0.0000	return_mean:              -1.9422	return_std:                0.0912
target_mean:               0.9991	td_error_abs:              0.6901	test_blue_team_alives_mean: 20.0000	test_blue_team_win_mean:   0.2000
test_ep_length_mean:     200.0000	test_episode_length_mean:199.0000	test_red_team_alives_mean: 19.8000	test_red_team_win_mean:    0.0000
test_return_mean:         -0.9949	test_return_std:           0.0000	
2026-04-13 23:10:54,203 - my_experiment - bat_IQL_RNN_5M_45 - my_run - INFO - t_env: 950200 / 5050000
2026-04-13 23:10:54,204 - my_experiment - bat_IQL_RNN_5M_45 - my_run - INFO - Estimated time left: 7 hours, 23 minutes, 19 seconds. Time passed: 1 hours, 42 minutes, 48 seconds
2026-04-13 23:16:15,956 - my_experiment - bat_IQL_RNN_5M_45 - my_run - INFO - Recent Stats | t_env:    1000000 | Episode:     5000
blue_team_alives_mean:    20.0000	blue_team_win_mean:        0.2280	ep_length_mean:          200.0000	episode_length_mean:     199.0000
epsilon:                   0.0595	grad_norm:                 8.3761	loss:                      2.2853	q_taken_mean:              1.0466
red_team_alives_mean:     19.7480	red_team_win_mean:         0.0000	return_mean:              -1.6082	return_std:                0.0680
target_mean:               1.0553	td_error_abs:              0.6830	test_blue_team_alives_mean: 20.0000	test_blue_team_win_mean:   0.4000
test_ep_length_mean:     200.0000	test_episode_length_mean:199.0000	test_red_team_alives_mean: 19.6000	test_red_team_win_mean:    0.0000
test_return_mean:         -0.9900	test_return_std:           0.0000	
2026-04-13 23:16:17,334 - my_experiment - bat_IQL_RNN_5M_45 - my_run - INFO - t_env: 1000200 / 5050000
2026-04-13 23:16:17,335 - my_experiment - bat_IQL_RNN_5M_45 - my_run - INFO - Estimated time left: 7 hours, 16 minutes, 12 seconds. Time passed: 1 hours, 48 minutes, 11 seconds
2026-04-13 23:16:18,223 - my_experiment - bat_IQL_RNN_5M_45 - my_run - INFO - Saving models to work_dirs/my_experiment/bat_IQL_RNN_5M_45/my_run/20260413_212758/models/1000200
2026-04-13 23:21:35,568 - my_experiment - bat_IQL_RNN_5M_45 - my_run - INFO - Recent Stats | t_env:    1050000 | Episode:     5250
blue_team_alives_mean:    20.0000	blue_team_win_mean:        0.2160	ep_length_mean:          200.0000	episode_length_mean:     199.0000
epsilon:                   0.0500	grad_norm:                16.1192	loss:                      2.6164	q_taken_mean:              1.1438
red_team_alives_mean:     19.7640	red_team_win_mean:         0.0000	return_mean:              -1.3712	return_std:                0.0568
target_mean:               1.1634	td_error_abs:              0.7891	test_blue_team_alives_mean: 20.0000	test_blue_team_win_mean:   0.4000
test_ep_length_mean:     200.0000	test_episode_length_mean:199.0000	test_red_team_alives_mean: 19.6000	test_red_team_win_mean:    0.0000
test_return_mean:         -0.9900	test_return_std:           0.0000	
2026-04-13 23:21:36,798 - my_experiment - bat_IQL_RNN_5M_45 - my_run - INFO - t_env: 1050200 / 5050000
2026-04-13 23:21:36,799 - my_experiment - bat_IQL_RNN_5M_45 - my_run - INFO - Estimated time left: 7 hours, 5 minutes, 55 seconds. Time passed: 1 hours, 53 minutes, 30 seconds
2026-04-13 23:26:56,344 - my_experiment - bat_IQL_RNN_5M_45 - my_run - INFO - Recent Stats | t_env:    1100000 | Episode:     5500
blue_team_alives_mean:    20.0000	blue_team_win_mean:        0.2360	ep_length_mean:          200.0000	episode_length_mean:     199.0000
epsilon:                   0.0500	grad_norm:                16.0960	loss:                      2.3611	q_taken_mean:              1.2435
red_team_alives_mean:     19.7360	red_team_win_mean:         0.0000	return_mean:              -1.3635	return_std:                0.0518
target_mean:               1.2513	td_error_abs:              0.6286	test_blue_team_alives_mean: 20.0000	test_blue_team_win_mean:   0.4000
test_ep_length_mean:     200.0000	test_episode_length_mean:199.0000	test_red_team_alives_mean: 19.6000	test_red_team_win_mean:    0.0000
test_return_mean:         -0.9900	test_return_std:           0.0000	
2026-04-13 23:26:57,767 - my_experiment - bat_IQL_RNN_5M_45 - my_run - INFO - t_env: 1100200 / 5050000
2026-04-13 23:26:57,768 - my_experiment - bat_IQL_RNN_5M_45 - my_run - INFO - Estimated time left: 7 hours, 2 minutes, 35 seconds. Time passed: 1 hours, 58 minutes, 51 seconds
2026-04-13 23:32:12,709 - my_experiment - bat_IQL_RNN_5M_45 - my_run - INFO - Recent Stats | t_env:    1150000 | Episode:     5750
blue_team_alives_mean:    20.0000	blue_team_win_mean:        0.1920	ep_length_mean:          200.0000	episode_length_mean:     199.0000
epsilon:                   0.0500	grad_norm:                68.1993	loss:                      2.3550	q_taken_mean:              1.3229
red_team_alives_mean:     19.7760	red_team_win_mean:         0.0000	return_mean:              -1.3642	return_std:                0.0515
target_mean:               1.3325	td_error_abs:              0.6560	test_blue_team_alives_mean: 20.0000	test_blue_team_win_mean:   0.4000
test_ep_length_mean:     200.0000	test_episode_length_mean:199.0000	test_red_team_alives_mean: 19.6000	test_red_team_win_mean:    0.0000
test_return_mean:         -0.9900	test_return_std:           0.0000	
2026-04-13 23:32:14,082 - my_experiment - bat_IQL_RNN_5M_45 - my_run - INFO - t_env: 1150200 / 5050000
2026-04-13 23:32:14,083 - my_experiment - bat_IQL_RNN_5M_45 - my_run - INFO - Estimated time left: 6 hours, 51 minutes, 11 seconds. Time passed: 2 hours, 4 minutes, 8 seconds
2026-04-13 23:37:28,091 - my_experiment - bat_IQL_RNN_5M_45 - my_run - INFO - Recent Stats | t_env:    1200000 | Episode:     6000
blue_team_alives_mean:    20.0000	blue_team_win_mean:        0.2040	ep_length_mean:          200.0000	episode_length_mean:     199.0000
epsilon:                   0.0500	grad_norm:               105.8125	loss:                      2.0605	q_taken_mean:              1.4049
red_team_alives_mean:     19.7720	red_team_win_mean:         0.0000	return_mean:              -1.3692	return_std:                0.0512
target_mean:               1.4139	td_error_abs:              0.5784	test_blue_team_alives_mean: 20.0000	test_blue_team_win_mean:   0.2000
test_ep_length_mean:     200.0000	test_episode_length_mean:199.0000	test_red_team_alives_mean: 19.8000	test_red_team_win_mean:    0.0000
test_return_mean:         -0.9950	test_return_std:           0.0000	
2026-04-13 23:37:29,379 - my_experiment - bat_IQL_RNN_5M_45 - my_run - INFO - t_env: 1200200 / 5050000
2026-04-13 23:37:29,380 - my_experiment - bat_IQL_RNN_5M_45 - my_run - INFO - Estimated time left: 6 hours, 44 minutes, 36 seconds. Time passed: 2 hours, 9 minutes, 23 seconds
2026-04-13 23:42:51,773 - my_experiment - bat_IQL_RNN_5M_45 - my_run - INFO - Recent Stats | t_env:    1250000 | Episode:     6250
blue_team_alives_mean:    20.0000	blue_team_win_mean:        0.2040	ep_length_mean:          200.0000	episode_length_mean:     199.0000
epsilon:                   0.0500	grad_norm:               162.5044	loss:                      1.3292	q_taken_mean:              1.4552
red_team_alives_mean:     19.7720	red_team_win_mean:         0.0000	return_mean:              -1.3647	return_std:                0.0544
target_mean:               1.4758	td_error_abs:              0.6701	test_blue_team_alives_mean: 20.0000	test_blue_team_win_mean:   0.0000
test_ep_length_mean:     200.0000	test_episode_length_mean:199.0000	test_red_team_alives_mean: 20.0000	test_red_team_win_mean:    0.0000
test_return_mean:         -1.0000	test_return_std:           0.0000	
2026-04-13 23:42:53,036 - my_experiment - bat_IQL_RNN_5M_45 - my_run - INFO - t_env: 1250200 / 5050000
2026-04-13 23:42:53,037 - my_experiment - bat_IQL_RNN_5M_45 - my_run - INFO - Estimated time left: 6 hours, 49 minutes, 56 seconds. Time passed: 2 hours, 14 minutes, 47 seconds
2026-04-13 23:48:24,774 - my_experiment - bat_IQL_RNN_5M_45 - my_run - INFO - Recent Stats | t_env:    1300000 | Episode:     6500
blue_team_alives_mean:    20.0000	blue_team_win_mean:        0.1920	ep_length_mean:          200.0000	episode_length_mean:     199.0000
epsilon:                   0.0500	grad_norm:               563.6518	loss:                      1.8206	q_taken_mean:              1.5108
red_team_alives_mean:     19.7960	red_team_win_mean:         0.0000	return_mean:              -1.3636	return_std:                0.0501
target_mean:               1.5282	td_error_abs:              0.6662	test_blue_team_alives_mean: 20.0000	test_blue_team_win_mean:   0.0000
test_ep_length_mean:     200.0000	test_episode_length_mean:199.0000	test_red_team_alives_mean: 20.0000	test_red_team_win_mean:    0.0000
test_return_mean:         -1.0000	test_return_std:           0.0000	
2026-04-13 23:48:26,149 - my_experiment - bat_IQL_RNN_5M_45 - my_run - INFO - t_env: 1300200 / 5050000
2026-04-13 23:48:26,149 - my_experiment - bat_IQL_RNN_5M_45 - my_run - INFO - Estimated time left: 6 hours, 56 minutes, 22 seconds. Time passed: 2 hours, 20 minutes, 20 seconds
2026-04-13 23:53:46,086 - my_experiment - bat_IQL_RNN_5M_45 - my_run - INFO - Recent Stats | t_env:    1350000 | Episode:     6750
blue_team_alives_mean:    20.0000	blue_team_win_mean:        0.2280	ep_length_mean:          200.0000	episode_length_mean:     199.0000
epsilon:                   0.0500	grad_norm:               480.1259	loss:                      1.4223	q_taken_mean:              1.5608
red_team_alives_mean:     19.7400	red_team_win_mean:         0.0000	return_mean:              -1.3603	return_std:                0.0538
target_mean:               1.5617	td_error_abs:              0.6008	test_blue_team_alives_mean: 20.0000	test_blue_team_win_mean:   0.0000
test_ep_length_mean:     200.0000	test_episode_length_mean:199.0000	test_red_team_alives_mean: 20.0000	test_red_team_win_mean:    0.0000
test_return_mean:         -1.0000	test_return_std:           0.0000	
2026-04-13 23:53:47,350 - my_experiment - bat_IQL_RNN_5M_45 - my_run - INFO - t_env: 1350200 / 5050000
2026-04-13 23:53:47,351 - my_experiment - bat_IQL_RNN_5M_45 - my_run - INFO - Estimated time left: 6 hours, 36 minutes, 7 seconds. Time passed: 2 hours, 25 minutes, 41 seconds
2026-04-13 23:59:08,894 - my_experiment - bat_IQL_RNN_5M_45 - my_run - INFO - Recent Stats | t_env:    1400000 | Episode:     7000
blue_team_alives_mean:    20.0000	blue_team_win_mean:        0.2720	ep_length_mean:          200.0000	episode_length_mean:     199.0000
epsilon:                   0.0500	grad_norm:               494.4935	loss:                      1.3110	q_taken_mean:              1.6085
red_team_alives_mean:     19.6960	red_team_win_mean:         0.0000	return_mean:              -1.3588	return_std:                0.0555
target_mean:               1.6149	td_error_abs:              0.5724	test_blue_team_alives_mean: 20.0000	test_blue_team_win_mean:   0.0000
test_ep_length_mean:     200.0000	test_episode_length_mean:199.0000	test_red_team_alives_mean: 20.0000	test_red_team_win_mean:    0.0000
test_return_mean:         -1.0000	test_return_std:           0.0000	
2026-04-13 23:59:10,177 - my_experiment - bat_IQL_RNN_5M_45 - my_run - INFO - t_env: 1400200 / 5050000
2026-04-13 23:59:10,178 - my_experiment - bat_IQL_RNN_5M_45 - my_run - INFO - Estimated time left: 6 hours, 32 minutes, 45 seconds. Time passed: 2 hours, 31 minutes, 4 seconds
2026-04-14 00:04:35,654 - my_experiment - bat_IQL_RNN_5M_45 - my_run - INFO - Recent Stats | t_env:    1450000 | Episode:     7250
blue_team_alives_mean:    20.0000	blue_team_win_mean:        0.2160	ep_length_mean:          200.0000	episode_length_mean:     199.0000
epsilon:                   0.0500	grad_norm:               187.1867	loss:                      0.6301	q_taken_mean:              1.6463
red_team_alives_mean:     19.7760	red_team_win_mean:         0.0000	return_mean:              -1.3676	return_std:                0.0481
target_mean:               1.6619	td_error_abs:              0.5172	test_blue_team_alives_mean: 20.0000	test_blue_team_win_mean:   0.0000
test_ep_length_mean:     200.0000	test_episode_length_mean:199.0000	test_red_team_alives_mean: 20.0000	test_red_team_win_mean:    0.0000
test_return_mean:         -1.0000	test_return_std:           0.0000	
2026-04-14 00:04:36,943 - my_experiment - bat_IQL_RNN_5M_45 - my_run - INFO - t_env: 1450200 / 5050000
2026-04-14 00:04:36,944 - my_experiment - bat_IQL_RNN_5M_45 - my_run - INFO - Estimated time left: 6 hours, 32 minutes, 5 seconds. Time passed: 2 hours, 36 minutes, 31 seconds
2026-04-14 00:10:02,730 - my_experiment - bat_IQL_RNN_5M_45 - my_run - INFO - Recent Stats | t_env:    1500000 | Episode:     7500
blue_team_alives_mean:    20.0000	blue_team_win_mean:        0.2280	ep_length_mean:          200.0000	episode_length_mean:     199.0000
epsilon:                   0.0500	grad_norm:               305.3094	loss:                      0.6340	q_taken_mean:              1.6955
red_team_alives_mean:     19.7560	red_team_win_mean:         0.0000	return_mean:              -1.3643	return_std:                0.0517
target_mean:               1.7065	td_error_abs:              0.4427	test_blue_team_alives_mean: 20.0000	test_blue_team_win_mean:   0.0000
test_ep_length_mean:     200.0000	test_episode_length_mean:199.0000	test_red_team_alives_mean: 20.0000	test_red_team_win_mean:    0.0000
test_return_mean:         -1.0000	test_return_std:           0.0000	
2026-04-14 00:10:04,124 - my_experiment - bat_IQL_RNN_5M_45 - my_run - INFO - t_env: 1500200 / 5050000
2026-04-14 00:10:04,125 - my_experiment - bat_IQL_RNN_5M_45 - my_run - INFO - Estimated time left: 6 hours, 27 minutes, 8 seconds. Time passed: 2 hours, 41 minutes, 58 seconds
2026-04-14 00:10:05,154 - my_experiment - bat_IQL_RNN_5M_45 - my_run - INFO - Saving models to work_dirs/my_experiment/bat_IQL_RNN_5M_45/my_run/20260413_212758/models/1500200
2026-04-14 00:15:44,656 - my_experiment - bat_IQL_RNN_5M_45 - my_run - INFO - Recent Stats | t_env:    1550000 | Episode:     7750
blue_team_alives_mean:    20.0000	blue_team_win_mean:        0.3160	ep_length_mean:          200.0000	episode_length_mean:     199.0000
epsilon:                   0.0500	grad_norm:               607.7646	loss:                      1.4920	q_taken_mean:              1.7416
red_team_alives_mean:     19.6480	red_team_win_mean:         0.0000	return_mean:              -1.3589	return_std:                0.0513
target_mean:               1.7391	td_error_abs:              0.5646	test_blue_team_alives_mean: 20.0000	test_blue_team_win_mean:   0.0000
test_ep_length_mean:     200.0000	test_episode_length_mean:199.0000	test_red_team_alives_mean: 20.0000	test_red_team_win_mean:    0.0000
test_return_mean:         -1.0000	test_return_std:           0.0000	
2026-04-14 00:15:45,888 - my_experiment - bat_IQL_RNN_5M_45 - my_run - INFO - t_env: 1550200 / 5050000
2026-04-14 00:15:45,889 - my_experiment - bat_IQL_RNN_5M_45 - my_run - INFO - Estimated time left: 6 hours, 38 minutes, 42 seconds. Time passed: 2 hours, 47 minutes, 39 seconds
2026-04-14 00:21:09,807 - my_experiment - bat_IQL_RNN_5M_45 - my_run - INFO - Recent Stats | t_env:    1600000 | Episode:     8000
blue_team_alives_mean:    20.0000	blue_team_win_mean:        0.3360	ep_length_mean:          200.0000	episode_length_mean:     199.0000
epsilon:                   0.0500	grad_norm:               339.8712	loss:                      0.9453	q_taken_mean:              1.7662
red_team_alives_mean:     19.6200	red_team_win_mean:         0.0000	return_mean:              -1.3613	return_std:                0.0484
target_mean:               1.7803	td_error_abs:              0.4842	test_blue_team_alives_mean: 20.0000	test_blue_team_win_mean:   0.0000
test_ep_length_mean:     200.0000	test_episode_length_mean:199.0000	test_red_team_alives_mean: 20.0000	test_red_team_win_mean:    0.0000
test_return_mean:         -1.0000	test_return_std:           0.0000	
2026-04-14 00:21:11,057 - my_experiment - bat_IQL_RNN_5M_45 - my_run - INFO - t_env: 1600200 / 5050000
2026-04-14 00:21:11,058 - my_experiment - bat_IQL_RNN_5M_45 - my_run - INFO - Estimated time left: 6 hours, 13 minutes, 55 seconds. Time passed: 2 hours, 53 minutes, 5 seconds
2026-04-14 00:26:31,671 - my_experiment - bat_IQL_RNN_5M_45 - my_run - INFO - Recent Stats | t_env:    1650000 | Episode:     8250
blue_team_alives_mean:    20.0000	blue_team_win_mean:        0.3080	ep_length_mean:          200.0000	episode_length_mean:     199.0000
epsilon:                   0.0500	grad_norm:               322.0500	loss:                      1.2639	q_taken_mean:              1.8274
red_team_alives_mean:     19.6440	red_team_win_mean:         0.0000	return_mean:              -1.3627	return_std:                0.0470
target_mean:               1.8306	td_error_abs:              0.5027	test_blue_team_alives_mean: 20.0000	test_blue_team_win_mean:   0.0000
test_ep_length_mean:     200.0000	test_episode_length_mean:199.0000	test_red_team_alives_mean: 20.0000	test_red_team_win_mean:    0.0000
test_return_mean:         -1.0000	test_return_std:           0.0000	
2026-04-14 00:26:32,940 - my_experiment - bat_IQL_RNN_5M_45 - my_run - INFO - t_env: 1650200 / 5050000
2026-04-14 00:26:32,941 - my_experiment - bat_IQL_RNN_5M_45 - my_run - INFO - Estimated time left: 6 hours, 4 minutes, 46 seconds. Time passed: 2 hours, 58 minutes, 27 seconds
2026-04-14 00:31:45,347 - my_experiment - bat_IQL_RNN_5M_45 - my_run - INFO - Recent Stats | t_env:    1700000 | Episode:     8500
blue_team_alives_mean:    20.0000	blue_team_win_mean:        0.3400	ep_length_mean:          200.0000	episode_length_mean:     199.0000
epsilon:                   0.0500	grad_norm:               669.6653	loss:                      2.2361	q_taken_mean:              1.8534
red_team_alives_mean:     19.6120	red_team_win_mean:         0.0000	return_mean:              -1.3691	return_std:                0.0482
target_mean:               1.8676	td_error_abs:              0.6395	test_blue_team_alives_mean: 20.0000	test_blue_team_win_mean:   0.0000
test_ep_length_mean:     200.0000	test_episode_length_mean:199.0000	test_red_team_alives_mean: 20.0000	test_red_team_win_mean:    0.0000
test_return_mean:         -1.0000	test_return_std:           0.0000	
2026-04-14 00:31:46,692 - my_experiment - bat_IQL_RNN_5M_45 - my_run - INFO - t_env: 1700200 / 5050000
2026-04-14 00:31:46,693 - my_experiment - bat_IQL_RNN_5M_45 - my_run - INFO - Estimated time left: 5 hours, 50 minutes, 20 seconds. Time passed: 3 hours, 3 minutes, 40 seconds
2026-04-14 00:37:16,152 - my_experiment - bat_IQL_RNN_5M_45 - my_run - INFO - Recent Stats | t_env:    1750000 | Episode:     8750
blue_team_alives_mean:    20.0000	blue_team_win_mean:        0.4200	ep_length_mean:          200.0000	episode_length_mean:     199.0000
epsilon:                   0.0500	grad_norm:               546.5624	loss:                      2.1500	q_taken_mean:              1.8932
red_team_alives_mean:     19.5240	red_team_win_mean:         0.0000	return_mean:              -1.3679	return_std:                0.0537
target_mean:               1.9034	td_error_abs:              0.5699	test_blue_team_alives_mean: 20.0000	test_blue_team_win_mean:   0.0000
test_ep_length_mean:     200.0000	test_episode_length_mean:199.0000	test_red_team_alives_mean: 20.0000	test_red_team_win_mean:    0.0000
test_return_mean:         -1.0000	test_return_std:           0.0000	
2026-04-14 00:37:17,424 - my_experiment - bat_IQL_RNN_5M_45 - my_run - INFO - t_env: 1750200 / 5050000
2026-04-14 00:37:17,424 - my_experiment - bat_IQL_RNN_5M_45 - my_run - INFO - Estimated time left: 6 hours, 3 minutes, 46 seconds. Time passed: 3 hours, 9 minutes, 11 seconds
2026-04-14 00:42:33,503 - my_experiment - bat_IQL_RNN_5M_45 - my_run - INFO - Recent Stats | t_env:    1800000 | Episode:     9000
blue_team_alives_mean:    20.0000	blue_team_win_mean:        0.3080	ep_length_mean:          200.0000	episode_length_mean:     199.0000
epsilon:                   0.0500	grad_norm:               609.6205	loss:                      2.5367	q_taken_mean:              1.9330
red_team_alives_mean:     19.6320	red_team_win_mean:         0.0000	return_mean:              -1.3717	return_std:                0.0477
target_mean:               1.9369	td_error_abs:              0.5750	test_blue_team_alives_mean: 20.0000	test_blue_team_win_mean:   0.0000
test_ep_length_mean:     200.0000	test_episode_length_mean:199.0000	test_red_team_alives_mean: 20.0000	test_red_team_win_mean:    0.0000
test_return_mean:         -1.0000	test_return_std:           0.0000	
2026-04-14 00:42:34,761 - my_experiment - bat_IQL_RNN_5M_45 - my_run - INFO - t_env: 1800200 / 5050000
2026-04-14 00:42:34,762 - my_experiment - bat_IQL_RNN_5M_45 - my_run - INFO - Estimated time left: 5 hours, 43 minutes, 45 seconds. Time passed: 3 hours, 14 minutes, 28 seconds
2026-04-14 00:48:01,071 - my_experiment - bat_IQL_RNN_5M_45 - my_run - INFO - Recent Stats | t_env:    1850000 | Episode:     9250
blue_team_alives_mean:    20.0000	blue_team_win_mean:        0.3480	ep_length_mean:          200.0000	episode_length_mean:     199.0000
epsilon:                   0.0500	grad_norm:               578.8908	loss:                      2.6194	q_taken_mean:              1.9592
red_team_alives_mean:     19.6040	red_team_win_mean:         0.0000	return_mean:              -1.3693	return_std:                0.0437
target_mean:               1.9699	td_error_abs:              0.5991	test_blue_team_alives_mean: 20.0000	test_blue_team_win_mean:   0.0000
test_ep_length_mean:     200.0000	test_episode_length_mean:199.0000	test_red_team_alives_mean: 20.0000	test_red_team_win_mean:    0.0000
test_return_mean:         -1.0000	test_return_std:           0.0000	
2026-04-14 00:48:02,353 - my_experiment - bat_IQL_RNN_5M_45 - my_run - INFO - t_env: 1850200 / 5050000
2026-04-14 00:48:02,354 - my_experiment - bat_IQL_RNN_5M_45 - my_run - INFO - Estimated time left: 5 hours, 49 minutes, 24 seconds. Time passed: 3 hours, 19 minutes, 56 seconds
2026-04-14 00:53:26,020 - my_experiment - bat_IQL_RNN_5M_45 - my_run - INFO - Recent Stats | t_env:    1900000 | Episode:     9500
blue_team_alives_mean:    20.0000	blue_team_win_mean:        0.3160	ep_length_mean:          200.0000	episode_length_mean:     199.0000
epsilon:                   0.0500	grad_norm:               743.4015	loss:                      2.9624	q_taken_mean:              1.9821
red_team_alives_mean:     19.6200	red_team_win_mean:         0.0000	return_mean:              -1.3787	return_std:                0.0452
target_mean:               1.9954	td_error_abs:              0.6296	test_blue_team_alives_mean: 20.0000	test_blue_team_win_mean:   0.0000
test_ep_length_mean:     200.0000	test_episode_length_mean:199.0000	test_red_team_alives_mean: 20.0000	test_red_team_win_mean:    0.0000
test_return_mean:         -1.0000	test_return_std:           0.0000	
2026-04-14 00:53:27,287 - my_experiment - bat_IQL_RNN_5M_45 - my_run - INFO - t_env: 1900200 / 5050000
2026-04-14 00:53:27,288 - my_experiment - bat_IQL_RNN_5M_45 - my_run - INFO - Estimated time left: 5 hours, 41 minutes, 9 seconds. Time passed: 3 hours, 25 minutes, 21 seconds
2026-04-14 00:58:54,652 - my_experiment - bat_IQL_RNN_5M_45 - my_run - INFO - Recent Stats | t_env:    1950000 | Episode:     9750
blue_team_alives_mean:    20.0000	blue_team_win_mean:        0.1480	ep_length_mean:          200.0000	episode_length_mean:     199.0000
epsilon:                   0.0500	grad_norm:               598.6702	loss:                      2.8028	q_taken_mean:              2.0095
red_team_alives_mean:     19.8160	red_team_win_mean:         0.0000	return_mean:              -1.3792	return_std:                0.0459
target_mean:               2.0197	td_error_abs:              0.5670	test_blue_team_alives_mean: 20.0000	test_blue_team_win_mean:   0.0000
test_ep_length_mean:     200.0000	test_episode_length_mean:199.0000	test_red_team_alives_mean: 20.0000	test_red_team_win_mean:    0.0000
test_return_mean:         -1.0000	test_return_std:           0.0000	
2026-04-14 00:58:55,895 - my_experiment - bat_IQL_RNN_5M_45 - my_run - INFO - t_env: 1950200 / 5050000
2026-04-14 00:58:55,895 - my_experiment - bat_IQL_RNN_5M_45 - my_run - INFO - Estimated time left: 5 hours, 39 minutes, 32 seconds. Time passed: 3 hours, 30 minutes, 49 seconds
2026-04-14 01:04:12,899 - my_experiment - bat_IQL_RNN_5M_45 - my_run - INFO - Recent Stats | t_env:    2000000 | Episode:    10000
blue_team_alives_mean:    20.0000	blue_team_win_mean:        0.1080	ep_length_mean:          200.0000	episode_length_mean:     199.0000
epsilon:                   0.0500	grad_norm:               611.0484	loss:                      3.0854	q_taken_mean:              2.0377
red_team_alives_mean:     19.8720	red_team_win_mean:         0.0000	return_mean:              -1.3798	return_std:                0.0448
target_mean:               2.0411	td_error_abs:              0.5576	test_blue_team_alives_mean: 20.0000	test_blue_team_win_mean:   0.0000
test_ep_length_mean:     200.0000	test_episode_length_mean:199.0000	test_red_team_alives_mean: 20.0000	test_red_team_win_mean:    0.0000
test_return_mean:         -1.0000	test_return_std:           0.0000	
2026-04-14 01:04:14,251 - my_experiment - bat_IQL_RNN_5M_45 - my_run - INFO - t_env: 2000200 / 5050000
2026-04-14 01:04:14,252 - my_experiment - bat_IQL_RNN_5M_45 - my_run - INFO - Estimated time left: 5 hours, 23 minutes, 38 seconds. Time passed: 3 hours, 36 minutes, 8 seconds
2026-04-14 01:04:15,156 - my_experiment - bat_IQL_RNN_5M_45 - my_run - INFO - Saving models to work_dirs/my_experiment/bat_IQL_RNN_5M_45/my_run/20260413_212758/models/2000200
2026-04-14 01:09:32,084 - my_experiment - bat_IQL_RNN_5M_45 - my_run - INFO - Recent Stats | t_env:    2050000 | Episode:    10250
blue_team_alives_mean:    20.0000	blue_team_win_mean:        0.0800	ep_length_mean:          200.0000	episode_length_mean:     199.0000
epsilon:                   0.0500	grad_norm:               604.3141	loss:                      2.9640	q_taken_mean:              2.0547
red_team_alives_mean:     19.9120	red_team_win_mean:         0.0000	return_mean:              -1.3766	return_std:                0.0444
target_mean:               2.0649	td_error_abs:              0.5829	test_blue_team_alives_mean: 20.0000	test_blue_team_win_mean:   0.0000
test_ep_length_mean:     200.0000	test_episode_length_mean:199.0000	test_red_team_alives_mean: 20.0000	test_red_team_win_mean:    0.0000
test_return_mean:         -1.0000	test_return_std:           0.0000	
2026-04-14 01:09:33,361 - my_experiment - bat_IQL_RNN_5M_45 - my_run - INFO - t_env: 2050200 / 5050000
2026-04-14 01:09:33,362 - my_experiment - bat_IQL_RNN_5M_45 - my_run - INFO - Estimated time left: 5 hours, 19 minutes, 5 seconds. Time passed: 3 hours, 41 minutes, 27 seconds
2026-04-14 01:14:57,234 - my_experiment - bat_IQL_RNN_5M_45 - my_run - INFO - Recent Stats | t_env:    2100000 | Episode:    10500
blue_team_alives_mean:    20.0000	blue_team_win_mean:        0.0560	ep_length_mean:          200.0000	episode_length_mean:     199.0000
epsilon:                   0.0500	grad_norm:               718.2283	loss:                      3.1587	q_taken_mean:              2.0741
red_team_alives_mean:     19.9440	red_team_win_mean:         0.0000	return_mean:              -1.3788	return_std:                0.0431
target_mean:               2.0860	td_error_abs:              0.6125	test_blue_team_alives_mean: 20.0000	test_blue_team_win_mean:   0.0000
test_ep_length_mean:     200.0000	test_episode_length_mean:199.0000	test_red_team_alives_mean: 20.0000	test_red_team_win_mean:    0.0000
test_return_mean:         -1.0000	test_return_std:           0.0000	
2026-04-14 01:14:58,667 - my_experiment - bat_IQL_RNN_5M_45 - my_run - INFO - t_env: 2100200 / 5050000
2026-04-14 01:14:58,667 - my_experiment - bat_IQL_RNN_5M_45 - my_run - INFO - Estimated time left: 5 hours, 19 minutes, 51 seconds. Time passed: 3 hours, 46 minutes, 52 seconds
2026-04-14 01:20:25,132 - my_experiment - bat_IQL_RNN_5M_45 - my_run - INFO - Recent Stats | t_env:    2150000 | Episode:    10750
blue_team_alives_mean:    20.0000	blue_team_win_mean:        0.0160	ep_length_mean:          200.0000	episode_length_mean:     199.0000
epsilon:                   0.0500	grad_norm:               597.0749	loss:                      2.8304	q_taken_mean:              2.0969
red_team_alives_mean:     19.9840	red_team_win_mean:         0.0000	return_mean:              -1.3837	return_std:                0.0432
target_mean:               2.1046	td_error_abs:              0.5596	test_blue_team_alives_mean: 20.0000	test_blue_team_win_mean:   0.0000
test_ep_length_mean:     200.0000	test_episode_length_mean:199.0000	test_red_team_alives_mean: 20.0000	test_red_team_win_mean:    0.0000
test_return_mean:         -1.0000	test_return_std:           0.0000	
2026-04-14 01:20:26,396 - my_experiment - bat_IQL_RNN_5M_45 - my_run - INFO - t_env: 2150200 / 5050000
2026-04-14 01:20:26,397 - my_experiment - bat_IQL_RNN_5M_45 - my_run - INFO - Estimated time left: 5 hours, 16 minutes, 46 seconds. Time passed: 3 hours, 52 minutes, 20 seconds
2026-04-14 01:25:50,230 - my_experiment - bat_IQL_RNN_5M_45 - my_run - INFO - Recent Stats | t_env:    2200000 | Episode:    11000
blue_team_alives_mean:    20.0000	blue_team_win_mean:        0.0200	ep_length_mean:          200.0000	episode_length_mean:     199.0000
epsilon:                   0.0500	grad_norm:               726.0781	loss:                      2.9892	q_taken_mean:              2.1205
red_team_alives_mean:     19.9800	red_team_win_mean:         0.0000	return_mean:              -1.3825	return_std:                0.0433
target_mean:               2.1211	td_error_abs:              0.5581	test_blue_team_alives_mean: 20.0000	test_blue_team_win_mean:   0.0000
test_ep_length_mean:     200.0000	test_episode_length_mean:199.0000	test_red_team_alives_mean: 20.0000	test_red_team_win_mean:    0.0000
test_return_mean:         -1.0000	test_return_std:           0.0000	
2026-04-14 01:25:51,565 - my_experiment - bat_IQL_RNN_5M_45 - my_run - INFO - t_env: 2200200 / 5050000
2026-04-14 01:25:51,565 - my_experiment - bat_IQL_RNN_5M_45 - my_run - INFO - Estimated time left: 5 hours, 8 minutes, 53 seconds. Time passed: 3 hours, 57 minutes, 45 seconds
2026-04-14 01:31:11,093 - my_experiment - bat_IQL_RNN_5M_45 - my_run - INFO - Recent Stats | t_env:    2250000 | Episode:    11250
blue_team_alives_mean:    20.0000	blue_team_win_mean:        0.0240	ep_length_mean:          200.0000	episode_length_mean:     199.0000
epsilon:                   0.0500	grad_norm:               640.2274	loss:                      2.6717	q_taken_mean:              2.1379
red_team_alives_mean:     19.9760	red_team_win_mean:         0.0000	return_mean:              -1.3823	return_std:                0.0455
target_mean:               2.1427	td_error_abs:              0.5389	test_blue_team_alives_mean: 20.0000	test_blue_team_win_mean:   0.0000
test_ep_length_mean:     200.0000	test_episode_length_mean:199.0000	test_red_team_alives_mean: 20.0000	test_red_team_win_mean:    0.0000
test_return_mean:         -1.0000	test_return_std:           0.0000	
2026-04-14 01:31:12,368 - my_experiment - bat_IQL_RNN_5M_45 - my_run - INFO - t_env: 2250200 / 5050000
2026-04-14 01:31:12,368 - my_experiment - bat_IQL_RNN_5M_45 - my_run - INFO - Estimated time left: 4 hours, 59 minutes, 23 seconds. Time passed: 4 hours, 3 minutes, 6 seconds
2026-04-14 01:36:44,051 - my_experiment - bat_IQL_RNN_5M_45 - my_run - INFO - Recent Stats | t_env:    2300000 | Episode:    11500
blue_team_alives_mean:    20.0000	blue_team_win_mean:        0.0360	ep_length_mean:          200.0000	episode_length_mean:     199.0000
epsilon:                   0.0500	grad_norm:               815.3251	loss:                      2.8596	q_taken_mean:              2.1552
red_team_alives_mean:     19.9640	red_team_win_mean:         0.0000	return_mean:              -1.3796	return_std:                0.0408
target_mean:               2.1631	td_error_abs:              0.5773	test_blue_team_alives_mean: 20.0000	test_blue_team_win_mean:   0.0000
test_ep_length_mean:     200.0000	test_episode_length_mean:199.0000	test_red_team_alives_mean: 20.0000	test_red_team_win_mean:    0.0000
test_return_mean:         -1.0000	test_return_std:           0.0000	
2026-04-14 01:36:45,511 - my_experiment - bat_IQL_RNN_5M_45 - my_run - INFO - t_env: 2300200 / 5050000
2026-04-14 01:36:45,511 - my_experiment - bat_IQL_RNN_5M_45 - my_run - INFO - Estimated time left: 5 hours, 5 minutes, 21 seconds. Time passed: 4 hours, 8 minutes, 39 seconds
2026-04-14 01:42:16,431 - my_experiment - bat_IQL_RNN_5M_45 - my_run - INFO - Recent Stats | t_env:    2350000 | Episode:    11750
blue_team_alives_mean:    20.0000	blue_team_win_mean:        0.0280	ep_length_mean:          200.0000	episode_length_mean:     199.0000
epsilon:                   0.0500	grad_norm:               666.8277	loss:                      2.4181	q_taken_mean:              2.1749
red_team_alives_mean:     19.9720	red_team_win_mean:         0.0000	return_mean:              -1.3806	return_std:                0.0431
target_mean:               2.1783	td_error_abs:              0.5070	test_blue_team_alives_mean: 20.0000	test_blue_team_win_mean:   0.0000
test_ep_length_mean:     200.0000	test_episode_length_mean:199.0000	test_red_team_alives_mean: 20.0000	test_red_team_win_mean:    0.0000
test_return_mean:         -1.0000	test_return_std:           0.0000	
2026-04-14 01:42:17,685 - my_experiment - bat_IQL_RNN_5M_45 - my_run - INFO - t_env: 2350200 / 5050000
2026-04-14 01:42:17,686 - my_experiment - bat_IQL_RNN_5M_45 - my_run - INFO - Estimated time left: 4 hours, 58 minutes, 56 seconds. Time passed: 4 hours, 14 minutes, 11 seconds
2026-04-14 01:47:41,660 - my_experiment - bat_IQL_RNN_5M_45 - my_run - INFO - Recent Stats | t_env:    2400000 | Episode:    12000
blue_team_alives_mean:    20.0000	blue_team_win_mean:        0.0040	ep_length_mean:          200.0000	episode_length_mean:     199.0000
epsilon:                   0.0500	grad_norm:               881.9728	loss:                      2.9270	q_taken_mean:              2.1958
red_team_alives_mean:     19.9960	red_team_win_mean:         0.0000	return_mean:              -1.3825	return_std:                0.0446
target_mean:               2.1935	td_error_abs:              0.5419	test_blue_team_alives_mean: 20.0000	test_blue_team_win_mean:   0.0000
test_ep_length_mean:     200.0000	test_episode_length_mean:199.0000	test_red_team_alives_mean: 20.0000	test_red_team_win_mean:    0.0000
test_return_mean:         -1.0000	test_return_std:           0.0000	
2026-04-14 01:47:42,916 - my_experiment - bat_IQL_RNN_5M_45 - my_run - INFO - t_env: 2400200 / 5050000
2026-04-14 01:47:42,916 - my_experiment - bat_IQL_RNN_5M_45 - my_run - INFO - Estimated time left: 4 hours, 47 minutes, 15 seconds. Time passed: 4 hours, 19 minutes, 36 seconds
2026-04-14 01:53:07,162 - my_experiment - bat_IQL_RNN_5M_45 - my_run - INFO - Recent Stats | t_env:    2450000 | Episode:    12250
blue_team_alives_mean:    20.0000	blue_team_win_mean:        0.0120	ep_length_mean:          200.0000	episode_length_mean:     199.0000
epsilon:                   0.0500	grad_norm:               791.2545	loss:                      2.4929	q_taken_mean:              2.2112
red_team_alives_mean:     19.9880	red_team_win_mean:         0.0000	return_mean:              -1.3817	return_std:                0.0415
target_mean:               2.2131	td_error_abs:              0.5055	test_blue_team_alives_mean: 20.0000	test_blue_team_win_mean:   0.0000
test_ep_length_mean:     200.0000	test_episode_length_mean:199.0000	test_red_team_alives_mean: 20.0000	test_red_team_win_mean:    0.0000
test_return_mean:         -1.0000	test_return_std:           0.0000	
2026-04-14 01:53:08,462 - my_experiment - bat_IQL_RNN_5M_45 - my_run - INFO - t_env: 2450200 / 5050000
2026-04-14 01:53:08,463 - my_experiment - bat_IQL_RNN_5M_45 - my_run - INFO - Estimated time left: 4 hours, 42 minutes, 7 seconds. Time passed: 4 hours, 25 minutes, 2 seconds
2026-04-14 01:58:39,483 - my_experiment - bat_IQL_RNN_5M_45 - my_run - INFO - Recent Stats | t_env:    2500000 | Episode:    12500
blue_team_alives_mean:    20.0000	blue_team_win_mean:        0.0120	ep_length_mean:          200.0000	episode_length_mean:     199.0000
epsilon:                   0.0500	grad_norm:               1007.1980	loss:                      2.8719	q_taken_mean:              2.2235
red_team_alives_mean:     19.9880	red_team_win_mean:         0.0000	return_mean:              -1.3777	return_std:                0.0421
target_mean:               2.2293	td_error_abs:              0.5529	test_blue_team_alives_mean: 20.0000	test_blue_team_win_mean:   0.0000
test_ep_length_mean:     200.0000	test_episode_length_mean:199.0000	test_red_team_alives_mean: 20.0000	test_red_team_win_mean:    0.0000
test_return_mean:         -1.0000	test_return_std:           0.0000	
2026-04-14 01:58:40,753 - my_experiment - bat_IQL_RNN_5M_45 - my_run - INFO - t_env: 2500200 / 5050000
2026-04-14 01:58:40,753 - my_experiment - bat_IQL_RNN_5M_45 - my_run - INFO - Estimated time left: 4 hours, 42 minutes, 25 seconds. Time passed: 4 hours, 30 minutes, 34 seconds
2026-04-14 01:58:41,662 - my_experiment - bat_IQL_RNN_5M_45 - my_run - INFO - Saving models to work_dirs/my_experiment/bat_IQL_RNN_5M_45/my_run/20260413_212758/models/2500200
2026-04-14 02:04:03,343 - my_experiment - bat_IQL_RNN_5M_45 - my_run - INFO - Recent Stats | t_env:    2550000 | Episode:    12750
blue_team_alives_mean:    20.0000	blue_team_win_mean:        0.0040	ep_length_mean:          200.0000	episode_length_mean:     199.0000
epsilon:                   0.0500	grad_norm:               798.0308	loss:                      2.4368	q_taken_mean:              2.2413
red_team_alives_mean:     19.9960	red_team_win_mean:         0.0000	return_mean:              -1.3755	return_std:                0.0409
target_mean:               2.2436	td_error_abs:              0.4913	test_blue_team_alives_mean: 20.0000	test_blue_team_win_mean:   0.0000
test_ep_length_mean:     200.0000	test_episode_length_mean:199.0000	test_red_team_alives_mean: 20.0000	test_red_team_win_mean:    0.0000
test_return_mean:         -1.0000	test_return_std:           0.0000	
2026-04-14 02:04:04,637 - my_experiment - bat_IQL_RNN_5M_45 - my_run - INFO - t_env: 2550200 / 5050000
2026-04-14 02:04:04,638 - my_experiment - bat_IQL_RNN_5M_45 - my_run - INFO - Estimated time left: 4 hours, 29 minutes, 52 seconds. Time passed: 4 hours, 35 minutes, 58 seconds
2026-04-14 02:09:26,793 - my_experiment - bat_IQL_RNN_5M_45 - my_run - INFO - Recent Stats | t_env:    2600000 | Episode:    13000
blue_team_alives_mean:    20.0000	blue_team_win_mean:        0.0040	ep_length_mean:          200.0000	episode_length_mean:     199.0000
epsilon:                   0.0500	grad_norm:               1039.2548	loss:                      2.9345	q_taken_mean:              2.2570
red_team_alives_mean:     19.9960	red_team_win_mean:         0.0000	return_mean:              -1.3729	return_std:                0.0443
target_mean:               2.2534	td_error_abs:              0.5251	test_blue_team_alives_mean: 20.0000	test_blue_team_win_mean:   0.0000
test_ep_length_mean:     200.0000	test_episode_length_mean:199.0000	test_red_team_alives_mean: 20.0000	test_red_team_win_mean:    0.0000
test_return_mean:         -1.0000	test_return_std:           0.0000	
2026-04-14 02:09:28,046 - my_experiment - bat_IQL_RNN_5M_45 - my_run - INFO - t_env: 2600200 / 5050000
2026-04-14 02:09:28,047 - my_experiment - bat_IQL_RNN_5M_45 - my_run - INFO - Estimated time left: 4 hours, 24 minutes, 5 seconds. Time passed: 4 hours, 41 minutes, 22 seconds
2026-04-14 02:14:48,048 - my_experiment - bat_IQL_RNN_5M_45 - my_run - INFO - Recent Stats | t_env:    2650000 | Episode:    13250
blue_team_alives_mean:    20.0000	blue_team_win_mean:        0.0080	ep_length_mean:          200.0000	episode_length_mean:     199.0000
epsilon:                   0.0500	grad_norm:               984.2766	loss:                      2.5021	q_taken_mean:              2.2669
red_team_alives_mean:     19.9920	red_team_win_mean:         0.0000	return_mean:              -1.3815	return_std:                0.0446
target_mean:               2.2675	td_error_abs:              0.5048	test_blue_team_alives_mean: 20.0000	test_blue_team_win_mean:   0.0000
test_ep_length_mean:     200.0000	test_episode_length_mean:199.0000	test_red_team_alives_mean: 20.0000	test_red_team_win_mean:    0.0000
test_return_mean:         -1.0000	test_return_std:           0.0000	
2026-04-14 02:14:49,318 - my_experiment - bat_IQL_RNN_5M_45 - my_run - INFO - t_env: 2650200 / 5050000
2026-04-14 02:14:49,318 - my_experiment - bat_IQL_RNN_5M_45 - my_run - INFO - Estimated time left: 4 hours, 16 minutes, 59 seconds. Time passed: 4 hours, 46 minutes, 43 seconds
2026-04-14 02:20:24,437 - my_experiment - bat_IQL_RNN_5M_45 - my_run - INFO - Recent Stats | t_env:    2700000 | Episode:    13500
blue_team_alives_mean:    20.0000	blue_team_win_mean:        0.0200	ep_length_mean:          200.0000	episode_length_mean:     199.0000
epsilon:                   0.0500	grad_norm:               1124.6577	loss:                      2.5566	q_taken_mean:              2.2717
red_team_alives_mean:     19.9800	red_team_win_mean:         0.0000	return_mean:              -1.3872	return_std:                0.0434
target_mean:               2.2761	td_error_abs:              0.5290	test_blue_team_alives_mean: 20.0000	test_blue_team_win_mean:   0.0000
test_ep_length_mean:     200.0000	test_episode_length_mean:199.0000	test_red_team_alives_mean: 20.0000	test_red_team_win_mean:    0.0000
test_return_mean:         -1.0000	test_return_std:           0.0000	
2026-04-14 02:20:25,710 - my_experiment - bat_IQL_RNN_5M_45 - my_run - INFO - t_env: 2700200 / 5050000
2026-04-14 02:20:25,710 - my_experiment - bat_IQL_RNN_5M_45 - my_run - INFO - Estimated time left: 4 hours, 23 minutes, 29 seconds. Time passed: 4 hours, 52 minutes, 19 seconds
2026-04-14 02:25:41,506 - my_experiment - bat_IQL_RNN_5M_45 - my_run - INFO - Recent Stats | t_env:    2750000 | Episode:    13750
blue_team_alives_mean:    20.0000	blue_team_win_mean:        0.0040	ep_length_mean:          200.0000	episode_length_mean:     199.0000
epsilon:                   0.0500	grad_norm:               888.0017	loss:                      2.1673	q_taken_mean:              2.2837
red_team_alives_mean:     19.9960	red_team_win_mean:         0.0000	return_mean:              -1.3811	return_std:                0.0402
target_mean:               2.2845	td_error_abs:              0.4787	test_blue_team_alives_mean: 20.0000	test_blue_team_win_mean:   0.0000
test_ep_length_mean:     200.0000	test_episode_length_mean:199.0000	test_red_team_alives_mean: 20.0000	test_red_team_win_mean:    0.0000
test_return_mean:         -1.0000	test_return_std:           0.0000	
2026-04-14 02:25:42,754 - my_experiment - bat_IQL_RNN_5M_45 - my_run - INFO - t_env: 2750200 / 5050000
2026-04-14 02:25:42,755 - my_experiment - bat_IQL_RNN_5M_45 - my_run - INFO - Estimated time left: 4 hours, 3 minutes, 2 seconds. Time passed: 4 hours, 57 minutes, 36 seconds
2026-04-14 02:31:04,812 - my_experiment - bat_IQL_RNN_5M_45 - my_run - INFO - Recent Stats | t_env:    2800000 | Episode:    14000
blue_team_alives_mean:    20.0000	blue_team_win_mean:        0.0120	ep_length_mean:          200.0000	episode_length_mean:     199.0000
epsilon:                   0.0500	grad_norm:               1145.6075	loss:                      2.8408	q_taken_mean:              2.2992
red_team_alives_mean:     19.9880	red_team_win_mean:         0.0000	return_mean:              -1.3791	return_std:                0.0408
target_mean:               2.2945	td_error_abs:              0.5272	test_blue_team_alives_mean: 20.0000	test_blue_team_win_mean:   0.0000
test_ep_length_mean:     200.0000	test_episode_length_mean:199.0000	test_red_team_alives_mean: 20.0000	test_red_team_win_mean:    0.0000
test_return_mean:         -1.0000	test_return_std:           0.0000	
2026-04-14 02:31:06,067 - my_experiment - bat_IQL_RNN_5M_45 - my_run - INFO - t_env: 2800200 / 5050000
2026-04-14 02:31:06,068 - my_experiment - bat_IQL_RNN_5M_45 - my_run - INFO - Estimated time left: 4 hours, 2 minutes, 27 seconds. Time passed: 5 hours, 3 minutes, 0 seconds
2026-04-14 02:36:35,151 - my_experiment - bat_IQL_RNN_5M_45 - my_run - INFO - Recent Stats | t_env:    2850000 | Episode:    14250
blue_team_alives_mean:    20.0000	blue_team_win_mean:        0.0200	ep_length_mean:          200.0000	episode_length_mean:     199.0000
epsilon:                   0.0500	grad_norm:               1017.1331	loss:                      2.3767	q_taken_mean:              2.3084
red_team_alives_mean:     19.9800	red_team_win_mean:         0.0000	return_mean:              -1.3869	return_std:                0.0412
target_mean:               2.3082	td_error_abs:              0.4823	test_blue_team_alives_mean: 20.0000	test_blue_team_win_mean:   0.0000
test_ep_length_mean:     200.0000	test_episode_length_mean:199.0000	test_red_team_alives_mean: 20.0000	test_red_team_win_mean:    0.0000
test_return_mean:         -1.0000	test_return_std:           0.0000	
2026-04-14 02:36:36,444 - my_experiment - bat_IQL_RNN_5M_45 - my_run - INFO - t_env: 2850200 / 5050000
2026-04-14 02:36:36,445 - my_experiment - bat_IQL_RNN_5M_45 - my_run - INFO - Estimated time left: 4 hours, 2 minutes, 15 seconds. Time passed: 5 hours, 8 minutes, 30 seconds
2026-04-14 02:41:57,122 - my_experiment - bat_IQL_RNN_5M_45 - my_run - INFO - Recent Stats | t_env:    2900000 | Episode:    14500
blue_team_alives_mean:    20.0000	blue_team_win_mean:        0.0280	ep_length_mean:          200.0000	episode_length_mean:     199.0000
epsilon:                   0.0500	grad_norm:               1187.6502	loss:                      2.5980	q_taken_mean:              2.3123
red_team_alives_mean:     19.9720	red_team_win_mean:         0.0000	return_mean:              -1.3782	return_std:                0.0420
target_mean:               2.3182	td_error_abs:              0.5223	test_blue_team_alives_mean: 20.0000	test_blue_team_win_mean:   0.0000
test_ep_length_mean:     200.0000	test_episode_length_mean:199.0000	test_red_team_alives_mean: 20.0000	test_red_team_win_mean:    0.0000
test_return_mean:         -1.0000	test_return_std:           0.0000	
2026-04-14 02:41:58,377 - my_experiment - bat_IQL_RNN_5M_45 - my_run - INFO - t_env: 2900200 / 5050000
2026-04-14 02:41:58,378 - my_experiment - bat_IQL_RNN_5M_45 - my_run - INFO - Estimated time left: 3 hours, 50 minutes, 41 seconds. Time passed: 5 hours, 13 minutes, 52 seconds
2026-04-14 02:47:19,542 - my_experiment - bat_IQL_RNN_5M_45 - my_run - INFO - Recent Stats | t_env:    2950000 | Episode:    14750
blue_team_alives_mean:    20.0000	blue_team_win_mean:        0.0120	ep_length_mean:          200.0000	episode_length_mean:     199.0000
epsilon:                   0.0500	grad_norm:               919.6842	loss:                      2.2676	q_taken_mean:              2.3240
red_team_alives_mean:     19.9880	red_team_win_mean:         0.0000	return_mean:              -1.3817	return_std:                0.0410
target_mean:               2.3247	td_error_abs:              0.4725	test_blue_team_alives_mean: 20.0000	test_blue_team_win_mean:   0.0000
test_ep_length_mean:     200.0000	test_episode_length_mean:199.0000	test_red_team_alives_mean: 20.0000	test_red_team_win_mean:    0.0000
test_return_mean:         -1.0000	test_return_std:           0.0000	
2026-04-14 02:47:20,842 - my_experiment - bat_IQL_RNN_5M_45 - my_run - INFO - t_env: 2950200 / 5050000
2026-04-14 02:47:20,843 - my_experiment - bat_IQL_RNN_5M_45 - my_run - INFO - Estimated time left: 3 hours, 45 minutes, 42 seconds. Time passed: 5 hours, 19 minutes, 14 seconds
2026-04-14 02:52:49,943 - my_experiment - bat_IQL_RNN_5M_45 - my_run - INFO - Recent Stats | t_env:    3000000 | Episode:    15000
blue_team_alives_mean:    20.0000	blue_team_win_mean:        0.0040	ep_length_mean:          200.0000	episode_length_mean:     199.0000
epsilon:                   0.0500	grad_norm:               1174.5128	loss:                      2.8600	q_taken_mean:              2.3375
red_team_alives_mean:     19.9960	red_team_win_mean:         0.0000	return_mean:              -1.3819	return_std:                0.0436
target_mean:               2.3332	td_error_abs:              0.5031	test_blue_team_alives_mean: 20.0000	test_blue_team_win_mean:   0.0000
test_ep_length_mean:     200.0000	test_episode_length_mean:199.0000	test_red_team_alives_mean: 20.0000	test_red_team_win_mean:    0.0000
test_return_mean:         -1.0000	test_return_std:           0.0000	
2026-04-14 02:52:51,207 - my_experiment - bat_IQL_RNN_5M_45 - my_run - INFO - t_env: 3000200 / 5050000
2026-04-14 02:52:51,207 - my_experiment - bat_IQL_RNN_5M_45 - my_run - INFO - Estimated time left: 3 hours, 45 minutes, 43 seconds. Time passed: 5 hours, 24 minutes, 45 seconds
2026-04-14 02:52:52,116 - my_experiment - bat_IQL_RNN_5M_45 - my_run - INFO - Saving models to work_dirs/my_experiment/bat_IQL_RNN_5M_45/my_run/20260413_212758/models/3000200
2026-04-14 02:58:20,390 - my_experiment - bat_IQL_RNN_5M_45 - my_run - INFO - Recent Stats | t_env:    3050000 | Episode:    15250
blue_team_alives_mean:    20.0000	blue_team_win_mean:        0.0160	ep_length_mean:          200.0000	episode_length_mean:     199.0000
epsilon:                   0.0500	grad_norm:               1079.6636	loss:                      2.4073	q_taken_mean:              2.3414
red_team_alives_mean:     19.9840	red_team_win_mean:         0.0000	return_mean:              -1.3795	return_std:                0.0407
target_mean:               2.3400	td_error_abs:              0.4733	test_blue_team_alives_mean: 20.0000	test_blue_team_win_mean:   0.0000
test_ep_length_mean:     200.0000	test_episode_length_mean:199.0000	test_red_team_alives_mean: 20.0000	test_red_team_win_mean:    0.0000
test_return_mean:         -1.0000	test_return_std:           0.0000	
2026-04-14 02:58:21,691 - my_experiment - bat_IQL_RNN_5M_45 - my_run - INFO - t_env: 3050200 / 5050000
2026-04-14 02:58:21,692 - my_experiment - bat_IQL_RNN_5M_45 - my_run - INFO - Estimated time left: 3 hours, 40 minutes, 18 seconds. Time passed: 5 hours, 30 minutes, 15 seconds
2026-04-14 03:03:47,078 - my_experiment - bat_IQL_RNN_5M_45 - my_run - INFO - Recent Stats | t_env:    3100000 | Episode:    15500
blue_team_alives_mean:    20.0000	blue_team_win_mean:        0.0160	ep_length_mean:          200.0000	episode_length_mean:     199.0000
epsilon:                   0.0500	grad_norm:               1232.8121	loss:                      2.5272	q_taken_mean:              2.3434
red_team_alives_mean:     19.9840	red_team_win_mean:         0.0000	return_mean:              -1.3818	return_std:                0.0431
target_mean:               2.3461	td_error_abs:              0.5071	test_blue_team_alives_mean: 20.0000	test_blue_team_win_mean:   0.0000
test_ep_length_mean:     200.0000	test_episode_length_mean:199.0000	test_red_team_alives_mean: 20.0000	test_red_team_win_mean:    0.0000
test_return_mean:         -1.0000	test_return_std:           0.0000	
2026-04-14 03:03:48,346 - my_experiment - bat_IQL_RNN_5M_45 - my_run - INFO - t_env: 3100200 / 5050000
2026-04-14 03:03:48,346 - my_experiment - bat_IQL_RNN_5M_45 - my_run - INFO - Estimated time left: 3 hours, 32 minutes, 18 seconds. Time passed: 5 hours, 35 minutes, 42 seconds
2026-04-14 03:09:13,775 - my_experiment - bat_IQL_RNN_5M_45 - my_run - INFO - Recent Stats | t_env:    3150000 | Episode:    15750
blue_team_alives_mean:    20.0000	blue_team_win_mean:        0.0080	ep_length_mean:          200.0000	episode_length_mean:     199.0000
epsilon:                   0.0500	grad_norm:               922.1846	loss:                      2.0758	q_taken_mean:              2.3509
red_team_alives_mean:     19.9920	red_team_win_mean:         0.0000	return_mean:              -1.3833	return_std:                0.0423
target_mean:               2.3504	td_error_abs:              0.4540	test_blue_team_alives_mean: 20.0000	test_blue_team_win_mean:   0.0000
test_ep_length_mean:     200.0000	test_episode_length_mean:199.0000	test_red_team_alives_mean: 20.0000	test_red_team_win_mean:    0.0000
test_return_mean:         -1.0000	test_return_std:           0.0000	
2026-04-14 03:09:15,043 - my_experiment - bat_IQL_RNN_5M_45 - my_run - INFO - t_env: 3150200 / 5050000
2026-04-14 03:09:15,043 - my_experiment - bat_IQL_RNN_5M_45 - my_run - INFO - Estimated time left: 3 hours, 26 minutes, 53 seconds. Time passed: 5 hours, 41 minutes, 9 seconds
2026-04-14 03:14:39,995 - my_experiment - bat_IQL_RNN_5M_45 - my_run - INFO - Recent Stats | t_env:    3200000 | Episode:    16000
blue_team_alives_mean:    20.0000	blue_team_win_mean:        0.0360	ep_length_mean:          200.0000	episode_length_mean:     199.0000
epsilon:                   0.0500	grad_norm:               1126.2384	loss:                      2.4894	q_taken_mean:              2.3613
red_team_alives_mean:     19.9640	red_team_win_mean:         0.0000	return_mean:              -1.3770	return_std:                0.0434
target_mean:               2.3561	td_error_abs:              0.4855	test_blue_team_alives_mean: 20.0000	test_blue_team_win_mean:   0.2000
test_ep_length_mean:     200.0000	test_episode_length_mean:199.0000	test_red_team_alives_mean: 19.8000	test_red_team_win_mean:    0.0000
test_return_mean:         -0.9979	test_return_std:           0.0000	
2026-04-14 03:14:41,307 - my_experiment - bat_IQL_RNN_5M_45 - my_run - INFO - t_env: 3200200 / 5050000
2026-04-14 03:14:41,308 - my_experiment - bat_IQL_RNN_5M_45 - my_run - INFO - Estimated time left: 3 hours, 21 minutes, 10 seconds. Time passed: 5 hours, 46 minutes, 35 seconds
2026-04-14 03:20:09,303 - my_experiment - bat_IQL_RNN_5M_45 - my_run - INFO - Recent Stats | t_env:    3250000 | Episode:    16250
blue_team_alives_mean:    20.0000	blue_team_win_mean:        0.2120	ep_length_mean:          200.0000	episode_length_mean:     199.0000
epsilon:                   0.0500	grad_norm:               975.2801	loss:                      2.0275	q_taken_mean:              2.3638
red_team_alives_mean:     19.5880	red_team_win_mean:         0.0000	return_mean:              -1.3690	return_std:                0.0503
target_mean:               2.3621	td_error_abs:              0.4545	test_blue_team_alives_mean: 20.0000	test_blue_team_win_mean:   0.2000
test_ep_length_mean:     200.0000	test_episode_length_mean:199.0000	test_red_team_alives_mean: 19.8000	test_red_team_win_mean:    0.0000
test_return_mean:         -0.9979	test_return_std:           0.0000	
2026-04-14 03:20:10,607 - my_experiment - bat_IQL_RNN_5M_45 - my_run - INFO - t_env: 3250200 / 5050000
2026-04-14 03:20:10,607 - my_experiment - bat_IQL_RNN_5M_45 - my_run - INFO - Estimated time left: 3 hours, 17 minutes, 33 seconds. Time passed: 5 hours, 52 minutes, 4 seconds
2026-04-14 03:25:40,260 - my_experiment - bat_IQL_RNN_5M_45 - my_run - INFO - Recent Stats | t_env:    3300000 | Episode:    16500
blue_team_alives_mean:    20.0000	blue_team_win_mean:        0.1960	ep_length_mean:          200.0000	episode_length_mean:     199.0000
epsilon:                   0.0500	grad_norm:               1046.8522	loss:                      2.0144	q_taken_mean:              2.3616
red_team_alives_mean:     19.7120	red_team_win_mean:         0.0000	return_mean:              -1.3730	return_std:                0.0461
target_mean:               2.3648	td_error_abs:              0.4804	test_blue_team_alives_mean: 20.0000	test_blue_team_win_mean:   0.2000
test_ep_length_mean:     200.0000	test_episode_length_mean:199.0000	test_red_team_alives_mean: 19.8000	test_red_team_win_mean:    0.0000
test_return_mean:         -0.9979	test_return_std:           0.0000	
2026-04-14 03:25:41,561 - my_experiment - bat_IQL_RNN_5M_45 - my_run - INFO - t_env: 3300200 / 5050000
2026-04-14 03:25:41,562 - my_experiment - bat_IQL_RNN_5M_45 - my_run - INFO - Estimated time left: 3 hours, 13 minutes, 2 seconds. Time passed: 5 hours, 57 minutes, 35 seconds
2026-04-14 03:31:12,430 - my_experiment - bat_IQL_RNN_5M_45 - my_run - INFO - Recent Stats | t_env:    3350000 | Episode:    16750
blue_team_alives_mean:    20.0000	blue_team_win_mean:        0.1800	ep_length_mean:          200.0000	episode_length_mean:     199.0000
epsilon:                   0.0500	grad_norm:               616.8352	loss:                      1.4219	q_taken_mean:              2.3711
red_team_alives_mean:     19.7000	red_team_win_mean:         0.0000	return_mean:              -1.3731	return_std:                0.0471
target_mean:               2.3687	td_error_abs:              0.4007	test_blue_team_alives_mean: 20.0000	test_blue_team_win_mean:   0.2000
test_ep_length_mean:     200.0000	test_episode_length_mean:199.0000	test_red_team_alives_mean: 19.8000	test_red_team_win_mean:    0.0000
test_return_mean:         -0.9979	test_return_std:           0.0000	
2026-04-14 03:31:13,758 - my_experiment - bat_IQL_RNN_5M_45 - my_run - INFO - t_env: 3350200 / 5050000
2026-04-14 03:31:13,759 - my_experiment - bat_IQL_RNN_5M_45 - my_run - INFO - Estimated time left: 3 hours, 8 minutes, 13 seconds. Time passed: 6 hours, 3 minutes, 7 seconds
2026-04-14 03:36:44,310 - my_experiment - bat_IQL_RNN_5M_45 - my_run - INFO - Recent Stats | t_env:    3400000 | Episode:    17000
blue_team_alives_mean:    20.0000	blue_team_win_mean:        0.1440	ep_length_mean:          200.0000	episode_length_mean:     199.0000
epsilon:                   0.0500	grad_norm:               957.0143	loss:                      1.3282	q_taken_mean:              2.3593
red_team_alives_mean:     19.7840	red_team_win_mean:         0.0000	return_mean:              -1.3745	return_std:                0.0474
target_mean:               2.3543	td_error_abs:              0.4206	test_blue_team_alives_mean: 20.0000	test_blue_team_win_mean:   0.2000
test_ep_length_mean:     200.0000	test_episode_length_mean:199.0000	test_red_team_alives_mean: 19.8000	test_red_team_win_mean:    0.0000
test_return_mean:         -0.9979	test_return_std:           0.0000	
2026-04-14 03:36:45,612 - my_experiment - bat_IQL_RNN_5M_45 - my_run - INFO - t_env: 3400200 / 5050000
2026-04-14 03:36:45,613 - my_experiment - bat_IQL_RNN_5M_45 - my_run - INFO - Estimated time left: 3 hours, 2 minutes, 29 seconds. Time passed: 6 hours, 8 minutes, 39 seconds
2026-04-14 03:42:09,985 - my_experiment - bat_IQL_RNN_5M_45 - my_run - INFO - Recent Stats | t_env:    3450000 | Episode:    17250
blue_team_alives_mean:    20.0000	blue_team_win_mean:        0.1520	ep_length_mean:          200.0000	episode_length_mean:     199.0000
epsilon:                   0.0500	grad_norm:               555.3080	loss:                      0.5474	q_taken_mean:              2.3378
red_team_alives_mean:     19.7880	red_team_win_mean:         0.0000	return_mean:              -1.3756	return_std:                0.0444
target_mean:               2.3362	td_error_abs:              0.3466	test_blue_team_alives_mean: 20.0000	test_blue_team_win_mean:   0.0000
test_ep_length_mean:     200.0000	test_episode_length_mean:199.0000	test_red_team_alives_mean: 20.0000	test_red_team_win_mean:    0.0000
test_return_mean:         -1.0000	test_return_std:           0.0000	
2026-04-14 03:42:11,285 - my_experiment - bat_IQL_RNN_5M_45 - my_run - INFO - t_env: 3450200 / 5050000
2026-04-14 03:42:11,286 - my_experiment - bat_IQL_RNN_5M_45 - my_run - INFO - Estimated time left: 2 hours, 53 minutes, 40 seconds. Time passed: 6 hours, 14 minutes, 5 seconds
2026-04-14 03:47:37,715 - my_experiment - bat_IQL_RNN_5M_45 - my_run - INFO - Recent Stats | t_env:    3500000 | Episode:    17500
blue_team_alives_mean:    20.0000	blue_team_win_mean:        0.1040	ep_length_mean:          200.0000	episode_length_mean:     199.0000
epsilon:                   0.0500	grad_norm:               523.0055	loss:                      0.5417	q_taken_mean:              2.3251
red_team_alives_mean:     19.8520	red_team_win_mean:         0.0000	return_mean:              -1.3789	return_std:                0.0447
target_mean:               2.3252	td_error_abs:              0.3330	test_blue_team_alives_mean: 20.0000	test_blue_team_win_mean:   0.0000
test_ep_length_mean:     200.0000	test_episode_length_mean:199.0000	test_red_team_alives_mean: 20.0000	test_red_team_win_mean:    0.0000
test_return_mean:         -1.0000	test_return_std:           0.0000	
2026-04-14 03:47:39,161 - my_experiment - bat_IQL_RNN_5M_45 - my_run - INFO - t_env: 3500200 / 5050000
2026-04-14 03:47:39,162 - my_experiment - bat_IQL_RNN_5M_45 - my_run - INFO - Estimated time left: 2 hours, 49 minutes, 22 seconds. Time passed: 6 hours, 19 minutes, 33 seconds
2026-04-14 03:47:40,192 - my_experiment - bat_IQL_RNN_5M_45 - my_run - INFO - Saving models to work_dirs/my_experiment/bat_IQL_RNN_5M_45/my_run/20260413_212758/models/3500200
2026-04-14 03:53:02,574 - my_experiment - bat_IQL_RNN_5M_45 - my_run - INFO - Recent Stats | t_env:    3550000 | Episode:    17750
blue_team_alives_mean:    20.0000	blue_team_win_mean:        0.2480	ep_length_mean:          200.0000	episode_length_mean:     199.0000
epsilon:                   0.0500	grad_norm:               663.1376	loss:                      0.5414	q_taken_mean:              2.3259
red_team_alives_mean:     19.6800	red_team_win_mean:         0.0000	return_mean:              -1.3740	return_std:                0.0452
target_mean:               2.3228	td_error_abs:              0.3571	test_blue_team_alives_mean: 20.0000	test_blue_team_win_mean:   0.0000
test_ep_length_mean:     200.0000	test_episode_length_mean:199.0000	test_red_team_alives_mean: 20.0000	test_red_team_win_mean:    0.0000
test_return_mean:         -1.0000	test_return_std:           0.0000	
2026-04-14 03:53:03,841 - my_experiment - bat_IQL_RNN_5M_45 - my_run - INFO - t_env: 3550200 / 5050000
2026-04-14 03:53:03,842 - my_experiment - bat_IQL_RNN_5M_45 - my_run - INFO - Estimated time left: 2 hours, 42 minutes, 19 seconds. Time passed: 6 hours, 24 minutes, 57 seconds
2026-04-14 03:58:31,674 - my_experiment - bat_IQL_RNN_5M_45 - my_run - INFO - Recent Stats | t_env:    3600000 | Episode:    18000
blue_team_alives_mean:    20.0000	blue_team_win_mean:        0.2280	ep_length_mean:          200.0000	episode_length_mean:     199.0000
epsilon:                   0.0500	grad_norm:               1312.8931	loss:                      2.1725	q_taken_mean:              2.3273
red_team_alives_mean:     19.6560	red_team_win_mean:         0.0000	return_mean:              -1.3689	return_std:                0.0463
target_mean:               2.3138	td_error_abs:              0.5292	test_blue_team_alives_mean: 20.0000	test_blue_team_win_mean:   0.0000
test_ep_length_mean:     200.0000	test_episode_length_mean:199.0000	test_red_team_alives_mean: 20.0000	test_red_team_win_mean:    0.0000
test_return_mean:         -1.0000	test_return_std:           0.0000	
2026-04-14 03:58:33,072 - my_experiment - bat_IQL_RNN_5M_45 - my_run - INFO - t_env: 3600200 / 5050000
2026-04-14 03:58:33,073 - my_experiment - bat_IQL_RNN_5M_45 - my_run - INFO - Estimated time left: 2 hours, 39 minutes, 6 seconds. Time passed: 6 hours, 30 minutes, 27 seconds
2026-04-14 04:04:00,045 - my_experiment - bat_IQL_RNN_5M_45 - my_run - INFO - Recent Stats | t_env:    3650000 | Episode:    18250
blue_team_alives_mean:    20.0000	blue_team_win_mean:        0.2920	ep_length_mean:          200.0000	episode_length_mean:     199.0000
epsilon:                   0.0500	grad_norm:               1080.1127	loss:                      1.6550	q_taken_mean:              2.2751
red_team_alives_mean:     19.4920	red_team_win_mean:         0.0000	return_mean:              -1.3683	return_std:                0.0497
target_mean:               2.2815	td_error_abs:              0.5213	test_blue_team_alives_mean: 20.0000	test_blue_team_win_mean:   0.0000
test_ep_length_mean:     200.0000	test_episode_length_mean:199.0000	test_red_team_alives_mean: 20.0000	test_red_team_win_mean:    0.0000
test_return_mean:         -1.0000	test_return_std:           0.0000	
2026-04-14 04:04:01,473 - my_experiment - bat_IQL_RNN_5M_45 - my_run - INFO - t_env: 3650200 / 5050000
2026-04-14 04:04:01,474 - my_experiment - bat_IQL_RNN_5M_45 - my_run - INFO - Estimated time left: 2 hours, 33 minutes, 13 seconds. Time passed: 6 hours, 35 minutes, 55 seconds
2026-04-14 04:09:40,067 - my_experiment - bat_IQL_RNN_5M_45 - my_run - INFO - Recent Stats | t_env:    3700000 | Episode:    18500
blue_team_alives_mean:    20.0000	blue_team_win_mean:        0.4360	ep_length_mean:          200.0000	episode_length_mean:     199.0000
epsilon:                   0.0500	grad_norm:               610.9387	loss:                      0.7230	q_taken_mean:              2.2720
red_team_alives_mean:     19.1560	red_team_win_mean:         0.0000	return_mean:              -1.3579	return_std:                0.0464
target_mean:               2.2629	td_error_abs:              0.4056	test_blue_team_alives_mean: 20.0000	test_blue_team_win_mean:   0.0000
test_ep_length_mean:     200.0000	test_episode_length_mean:199.0000	test_red_team_alives_mean: 20.0000	test_red_team_win_mean:    0.0000
test_return_mean:         -1.0000	test_return_std:           0.0000	
2026-04-14 04:09:41,482 - my_experiment - bat_IQL_RNN_5M_45 - my_run - INFO - t_env: 3700200 / 5050000
2026-04-14 04:09:41,483 - my_experiment - bat_IQL_RNN_5M_45 - my_run - INFO - Estimated time left: 2 hours, 32 minutes, 58 seconds. Time passed: 6 hours, 41 minutes, 35 seconds
2026-04-14 04:15:09,530 - my_experiment - bat_IQL_RNN_5M_45 - my_run - INFO - Recent Stats | t_env:    3750000 | Episode:    18750
blue_team_alives_mean:    20.0000	blue_team_win_mean:        0.5800	ep_length_mean:          200.0000	episode_length_mean:     199.0000
epsilon:                   0.0500	grad_norm:               409.3492	loss:                      0.3742	q_taken_mean:              2.2616
red_team_alives_mean:     19.0440	red_team_win_mean:         0.0000	return_mean:              -1.3513	return_std:                0.0491
target_mean:               2.2586	td_error_abs:              0.3278	test_blue_team_alives_mean: 20.0000	test_blue_team_win_mean:   0.2000
test_ep_length_mean:     200.0000	test_episode_length_mean:199.0000	test_red_team_alives_mean: 19.8000	test_red_team_win_mean:    0.0000
test_return_mean:         -0.9987	test_return_std:           0.0000	
2026-04-14 04:15:10,804 - my_experiment - bat_IQL_RNN_5M_45 - my_run - INFO - t_env: 3750200 / 5050000
2026-04-14 04:15:10,804 - my_experiment - bat_IQL_RNN_5M_45 - my_run - INFO - Estimated time left: 2 hours, 22 minutes, 41 seconds. Time passed: 6 hours, 47 minutes, 4 seconds
2026-04-14 04:20:26,111 - my_experiment - bat_IQL_RNN_5M_45 - my_run - INFO - Recent Stats | t_env:    3800000 | Episode:    19000
blue_team_alives_mean:    20.0000	blue_team_win_mean:        0.5280	ep_length_mean:          200.0000	episode_length_mean:     199.0000
epsilon:                   0.0500	grad_norm:               337.4716	loss:                      0.3749	q_taken_mean:              2.2615
red_team_alives_mean:     19.0360	red_team_win_mean:         0.0000	return_mean:              -1.3551	return_std:                0.0507
target_mean:               2.2600	td_error_abs:              0.3159	test_blue_team_alives_mean: 20.0000	test_blue_team_win_mean:   0.4000
test_ep_length_mean:     200.0000	test_episode_length_mean:199.0000	test_red_team_alives_mean: 19.6000	test_red_team_win_mean:    0.0000
test_return_mean:         -0.9969	test_return_std:           0.0000	
2026-04-14 04:20:27,378 - my_experiment - bat_IQL_RNN_5M_45 - my_run - INFO - t_env: 3800200 / 5050000
2026-04-14 04:20:27,378 - my_experiment - bat_IQL_RNN_5M_45 - my_run - INFO - Estimated time left: 2 hours, 11 minutes, 53 seconds. Time passed: 6 hours, 52 minutes, 21 seconds
2026-04-14 04:25:59,935 - my_experiment - bat_IQL_RNN_5M_45 - my_run - INFO - Recent Stats | t_env:    3850000 | Episode:    19250
blue_team_alives_mean:    20.0000	blue_team_win_mean:        0.5000	ep_length_mean:          200.0000	episode_length_mean:     199.0000
epsilon:                   0.0500	grad_norm:               406.9464	loss:                      0.3955	q_taken_mean:              2.2618
red_team_alives_mean:     18.9880	red_team_win_mean:         0.0000	return_mean:              -1.3432	return_std:                0.0542
target_mean:               2.2578	td_error_abs:              0.3331	test_blue_team_alives_mean: 20.0000	test_blue_team_win_mean:   0.6000
test_ep_length_mean:     200.0000	test_episode_length_mean:199.0000	test_red_team_alives_mean: 19.2000	test_red_team_win_mean:    0.0000
test_return_mean:         -0.9923	test_return_std:           0.0000	
2026-04-14 04:26:01,243 - my_experiment - bat_IQL_RNN_5M_45 - my_run - INFO - t_env: 3850200 / 5050000
2026-04-14 04:26:01,244 - my_experiment - bat_IQL_RNN_5M_45 - my_run - INFO - Estimated time left: 2 hours, 13 minutes, 31 seconds. Time passed: 6 hours, 57 minutes, 55 seconds
2026-04-14 04:31:25,686 - my_experiment - bat_IQL_RNN_5M_45 - my_run - INFO - Recent Stats | t_env:    3900000 | Episode:    19500
blue_team_alives_mean:    20.0000	blue_team_win_mean:        0.5560	ep_length_mean:          200.0000	episode_length_mean:     199.0000
epsilon:                   0.0500	grad_norm:               306.4423	loss:                      0.3460	q_taken_mean:              2.2558
red_team_alives_mean:     18.7960	red_team_win_mean:         0.0000	return_mean:              -1.3446	return_std:                0.0615
target_mean:               2.2541	td_error_abs:              0.3146	test_blue_team_alives_mean: 20.0000	test_blue_team_win_mean:   0.8000
test_ep_length_mean:     200.0000	test_episode_length_mean:199.0000	test_red_team_alives_mean: 18.8000	test_red_team_win_mean:    0.0000
test_return_mean:         -0.9847	test_return_std:           0.0000	
2026-04-14 04:31:26,954 - my_experiment - bat_IQL_RNN_5M_45 - my_run - INFO - t_env: 3900200 / 5050000
2026-04-14 04:31:26,955 - my_experiment - bat_IQL_RNN_5M_45 - my_run - INFO - Estimated time left: 2 hours, 4 minutes, 50 seconds. Time passed: 7 hours, 3 minutes, 21 seconds
2026-04-14 04:36:44,310 - my_experiment - bat_IQL_RNN_5M_45 - my_run - INFO - Recent Stats | t_env:    3950000 | Episode:    19750
blue_team_alives_mean:    20.0000	blue_team_win_mean:        0.6840	ep_length_mean:          200.0000	episode_length_mean:     199.0000
epsilon:                   0.0500	grad_norm:               364.0469	loss:                      0.3914	q_taken_mean:              2.2555
red_team_alives_mean:     18.5000	red_team_win_mean:         0.0000	return_mean:              -1.3396	return_std:                0.0641
target_mean:               2.2522	td_error_abs:              0.3319	test_blue_team_alives_mean: 20.0000	test_blue_team_win_mean:   0.8000
test_ep_length_mean:     200.0000	test_episode_length_mean:199.0000	test_red_team_alives_mean: 18.8000	test_red_team_win_mean:    0.0000
test_return_mean:         -0.9847	test_return_std:           0.0000	
2026-04-14 04:36:45,599 - my_experiment - bat_IQL_RNN_5M_45 - my_run - INFO - t_env: 3950200 / 5050000
2026-04-14 04:36:45,600 - my_experiment - bat_IQL_RNN_5M_45 - my_run - INFO - Estimated time left: 1 hours, 56 minutes, 48 seconds. Time passed: 7 hours, 8 minutes, 39 seconds
2026-04-14 04:42:04,768 - my_experiment - bat_IQL_RNN_5M_45 - my_run - INFO - Recent Stats | t_env:    4000000 | Episode:    20000
blue_team_alives_mean:    20.0000	blue_team_win_mean:        0.6000	ep_length_mean:          200.0000	episode_length_mean:     199.0000
epsilon:                   0.0500	grad_norm:               309.1314	loss:                      0.3246	q_taken_mean:              2.2527
red_team_alives_mean:     18.4800	red_team_win_mean:         0.0000	return_mean:              -1.3377	return_std:                0.0623
target_mean:               2.2517	td_error_abs:              0.3196	test_blue_team_alives_mean: 20.0000	test_blue_team_win_mean:   0.8000
test_ep_length_mean:     200.0000	test_episode_length_mean:199.0000	test_red_team_alives_mean: 18.8000	test_red_team_win_mean:    0.0000
test_return_mean:         -0.9865	test_return_std:           0.0000	
2026-04-14 04:42:06,081 - my_experiment - bat_IQL_RNN_5M_45 - my_run - INFO - t_env: 4000200 / 5050000
2026-04-14 04:42:06,082 - my_experiment - bat_IQL_RNN_5M_45 - my_run - INFO - Estimated time left: 1 hours, 52 minutes, 8 seconds. Time passed: 7 hours, 14 minutes, 0 seconds
2026-04-14 04:42:07,143 - my_experiment - bat_IQL_RNN_5M_45 - my_run - INFO - Saving models to work_dirs/my_experiment/bat_IQL_RNN_5M_45/my_run/20260413_212758/models/4000200
2026-04-14 04:47:33,818 - my_experiment - bat_IQL_RNN_5M_45 - my_run - INFO - Recent Stats | t_env:    4050000 | Episode:    20250
blue_team_alives_mean:    19.9960	blue_team_win_mean:        0.5680	ep_length_mean:          200.0000	episode_length_mean:     199.0000
epsilon:                   0.0500	grad_norm:               361.9942	loss:                      0.3562	q_taken_mean:              2.2533
red_team_alives_mean:     18.6080	red_team_win_mean:         0.0000	return_mean:              -1.3395	return_std:                0.0647
target_mean:               2.2498	td_error_abs:              0.3312	test_blue_team_alives_mean: 20.0000	test_blue_team_win_mean:   0.6000
test_ep_length_mean:     200.0000	test_episode_length_mean:199.0000	test_red_team_alives_mean: 19.0000	test_red_team_win_mean:    0.0000
test_return_mean:         -0.9882	test_return_std:           0.0000	
2026-04-14 04:47:35,254 - my_experiment - bat_IQL_RNN_5M_45 - my_run - INFO - t_env: 4050200 / 5050000
2026-04-14 04:47:35,255 - my_experiment - bat_IQL_RNN_5M_45 - my_run - INFO - Estimated time left: 1 hours, 49 minutes, 42 seconds. Time passed: 7 hours, 19 minutes, 29 seconds
2026-04-14 04:52:56,676 - my_experiment - bat_IQL_RNN_5M_45 - my_run - INFO - Recent Stats | t_env:    4100000 | Episode:    20500
blue_team_alives_mean:    19.9840	blue_team_win_mean:        0.5160	ep_length_mean:          200.0000	episode_length_mean:     199.0000
epsilon:                   0.0500	grad_norm:               802.3827	loss:                      1.4027	q_taken_mean:              2.2530
red_team_alives_mean:     18.5920	red_team_win_mean:         0.0080	return_mean:              -1.3459	return_std:                0.0879
target_mean:               2.2445	td_error_abs:              0.5446	test_blue_team_alives_mean: 20.0000	test_blue_team_win_mean:   0.6000
test_ep_length_mean:     200.0000	test_episode_length_mean:199.0000	test_red_team_alives_mean: 19.2000	test_red_team_win_mean:    0.0000
test_return_mean:         -0.9936	test_return_std:           0.0000	
2026-04-14 04:52:57,943 - my_experiment - bat_IQL_RNN_5M_45 - my_run - INFO - t_env: 4100200 / 5050000
2026-04-14 04:52:57,944 - my_experiment - bat_IQL_RNN_5M_45 - my_run - INFO - Estimated time left: 1 hours, 42 minutes, 9 seconds. Time passed: 7 hours, 24 minutes, 52 seconds
2026-04-14 04:58:31,919 - my_experiment - bat_IQL_RNN_5M_45 - my_run - INFO - Recent Stats | t_env:    4150000 | Episode:    20750
blue_team_alives_mean:    20.0000	blue_team_win_mean:        0.6400	ep_length_mean:          200.0000	episode_length_mean:     199.0000
epsilon:                   0.0500	grad_norm:               572.2747	loss:                      0.8709	q_taken_mean:              2.2465
red_team_alives_mean:     17.6520	red_team_win_mean:         0.0000	return_mean:              -1.3170	return_std:                0.0896
target_mean:               2.2442	td_error_abs:              0.4431	test_blue_team_alives_mean: 20.0000	test_blue_team_win_mean:   0.4000
test_ep_length_mean:     200.0000	test_episode_length_mean:199.0000	test_red_team_alives_mean: 19.6000	test_red_team_win_mean:    0.0000
test_return_mean:         -1.0013	test_return_std:           0.0000	
2026-04-14 04:58:33,186 - my_experiment - bat_IQL_RNN_5M_45 - my_run - INFO - t_env: 4150200 / 5050000
2026-04-14 04:58:33,187 - my_experiment - bat_IQL_RNN_5M_45 - my_run - INFO - Estimated time left: 1 hours, 40 minutes, 33 seconds. Time passed: 7 hours, 30 minutes, 27 seconds
2026-04-14 05:03:49,079 - my_experiment - bat_IQL_RNN_5M_45 - my_run - INFO - Recent Stats | t_env:    4200000 | Episode:    21000
blue_team_alives_mean:    20.0000	blue_team_win_mean:        0.8480	ep_length_mean:          200.0000	episode_length_mean:     199.0000
epsilon:                   0.0500	grad_norm:               742.2032	loss:                      1.2141	q_taken_mean:              2.2568
red_team_alives_mean:     17.1280	red_team_win_mean:         0.0000	return_mean:              -1.2881	return_std:                0.0754
target_mean:               2.2478	td_error_abs:              0.5098	test_blue_team_alives_mean: 20.0000	test_blue_team_win_mean:   0.6000
test_ep_length_mean:     200.0000	test_episode_length_mean:199.0000	test_red_team_alives_mean: 19.4000	test_red_team_win_mean:    0.0000
test_return_mean:         -0.9990	test_return_std:           0.0000	
2026-04-14 05:03:50,393 - my_experiment - bat_IQL_RNN_5M_45 - my_run - INFO - t_env: 4200200 / 5050000
2026-04-14 05:03:50,394 - my_experiment - bat_IQL_RNN_5M_45 - my_run - INFO - Estimated time left: 1 hours, 29 minutes, 51 seconds. Time passed: 7 hours, 35 minutes, 44 seconds
2026-04-14 05:09:12,232 - my_experiment - bat_IQL_RNN_5M_45 - my_run - INFO - Recent Stats | t_env:    4250000 | Episode:    21250
blue_team_alives_mean:    20.0000	blue_team_win_mean:        0.5880	ep_length_mean:          200.0000	episode_length_mean:     199.0000
epsilon:                   0.0500	grad_norm:               543.5049	loss:                      0.8434	q_taken_mean:              2.2520
red_team_alives_mean:     18.4000	red_team_win_mean:         0.0000	return_mean:              -1.3315	return_std:                0.0741
target_mean:               2.2469	td_error_abs:              0.4438	test_blue_team_alives_mean: 20.0000	test_blue_team_win_mean:   0.4000
test_ep_length_mean:     200.0000	test_episode_length_mean:199.0000	test_red_team_alives_mean: 19.6000	test_red_team_win_mean:    0.0000
test_return_mean:         -0.9985	test_return_std:           0.0000	
2026-04-14 05:09:13,547 - my_experiment - bat_IQL_RNN_5M_45 - my_run - INFO - t_env: 4250200 / 5050000
2026-04-14 05:09:13,547 - my_experiment - bat_IQL_RNN_5M_45 - my_run - INFO - Estimated time left: 1 hours, 26 minutes, 9 seconds. Time passed: 7 hours, 41 minutes, 7 seconds
2026-04-14 05:14:41,263 - my_experiment - bat_IQL_RNN_5M_45 - my_run - INFO - Recent Stats | t_env:    4300000 | Episode:    21500
blue_team_alives_mean:    20.0000	blue_team_win_mean:        0.5760	ep_length_mean:          200.0000	episode_length_mean:     199.0000
epsilon:                   0.0500	grad_norm:               634.0285	loss:                      0.9785	q_taken_mean:              2.2495
red_team_alives_mean:     18.2240	red_team_win_mean:         0.0000	return_mean:              -1.3268	return_std:                0.0752
target_mean:               2.2501	td_error_abs:              0.4984	test_blue_team_alives_mean: 20.0000	test_blue_team_win_mean:   0.4000
test_ep_length_mean:     200.0000	test_episode_length_mean:199.0000	test_red_team_alives_mean: 19.6000	test_red_team_win_mean:    0.0000
test_return_mean:         -0.9985	test_return_std:           0.0000	
2026-04-14 05:14:42,528 - my_experiment - bat_IQL_RNN_5M_45 - my_run - INFO - t_env: 4300200 / 5050000
2026-04-14 05:14:42,529 - my_experiment - bat_IQL_RNN_5M_45 - my_run - INFO - Estimated time left: 1 hours, 22 minutes, 13 seconds. Time passed: 7 hours, 46 minutes, 36 seconds
2026-04-14 05:20:08,888 - my_experiment - bat_IQL_RNN_5M_45 - my_run - INFO - Recent Stats | t_env:    4350000 | Episode:    21750
blue_team_alives_mean:    20.0000	blue_team_win_mean:        0.7440	ep_length_mean:          200.0000	episode_length_mean:     199.0000
epsilon:                   0.0500	grad_norm:               509.9201	loss:                      0.8228	q_taken_mean:              2.2506
red_team_alives_mean:     17.6480	red_team_win_mean:         0.0000	return_mean:              -1.2924	return_std:                0.0853
target_mean:               2.2490	td_error_abs:              0.4483	test_blue_team_alives_mean: 20.0000	test_blue_team_win_mean:   0.4000
test_ep_length_mean:     200.0000	test_episode_length_mean:199.0000	test_red_team_alives_mean: 19.6000	test_red_team_win_mean:    0.0000
test_return_mean:         -0.9944	test_return_std:           0.0000	
2026-04-14 05:20:10,156 - my_experiment - bat_IQL_RNN_5M_45 - my_run - INFO - t_env: 4350200 / 5050000
2026-04-14 05:20:10,157 - my_experiment - bat_IQL_RNN_5M_45 - my_run - INFO - Estimated time left: 1 hours, 16 minutes, 25 seconds. Time passed: 7 hours, 52 minutes, 4 seconds
2026-04-14 05:25:34,391 - my_experiment - bat_IQL_RNN_5M_45 - my_run - INFO - Recent Stats | t_env:    4400000 | Episode:    22000
blue_team_alives_mean:    20.0000	blue_team_win_mean:        0.4480	ep_length_mean:          200.0000	episode_length_mean:     199.0000
epsilon:                   0.0500	grad_norm:               646.0192	loss:                      1.0821	q_taken_mean:              2.2569
red_team_alives_mean:     18.6720	red_team_win_mean:         0.0000	return_mean:              -1.3329	return_std:                0.0769
target_mean:               2.2480	td_error_abs:              0.5041	test_blue_team_alives_mean: 20.0000	test_blue_team_win_mean:   0.4000
test_ep_length_mean:     200.0000	test_episode_length_mean:199.0000	test_red_team_alives_mean: 19.6000	test_red_team_win_mean:    0.0000
test_return_mean:         -0.9944	test_return_std:           0.0000	
2026-04-14 05:25:35,658 - my_experiment - bat_IQL_RNN_5M_45 - my_run - INFO - t_env: 4400200 / 5050000
2026-04-14 05:25:35,659 - my_experiment - bat_IQL_RNN_5M_45 - my_run - INFO - Estimated time left: 1 hours, 10 minutes, 30 seconds. Time passed: 7 hours, 57 minutes, 29 seconds
2026-04-14 05:30:57,961 - my_experiment - bat_IQL_RNN_5M_45 - my_run - INFO - Recent Stats | t_env:    4450000 | Episode:    22250
blue_team_alives_mean:    20.0000	blue_team_win_mean:        0.6480	ep_length_mean:          200.0000	episode_length_mean:     199.0000
epsilon:                   0.0500	grad_norm:               511.3215	loss:                      0.7822	q_taken_mean:              2.2537
red_team_alives_mean:     18.2240	red_team_win_mean:         0.0000	return_mean:              -1.3073	return_std:                0.0828
target_mean:               2.2486	td_error_abs:              0.4513	test_blue_team_alives_mean: 20.0000	test_blue_team_win_mean:   0.2000
test_ep_length_mean:     200.0000	test_episode_length_mean:199.0000	test_red_team_alives_mean: 19.8000	test_red_team_win_mean:    0.0000
test_return_mean:         -0.9967	test_return_std:           0.0000	
2026-04-14 05:30:59,246 - my_experiment - bat_IQL_RNN_5M_45 - my_run - INFO - t_env: 4450200 / 5050000
2026-04-14 05:30:59,246 - my_experiment - bat_IQL_RNN_5M_45 - my_run - INFO - Estimated time left: 1 hours, 4 minutes, 41 seconds. Time passed: 8 hours, 2 minutes, 53 seconds
2026-04-14 05:36:13,677 - my_experiment - bat_IQL_RNN_5M_45 - my_run - INFO - Recent Stats | t_env:    4500000 | Episode:    22500
blue_team_alives_mean:    20.0000	blue_team_win_mean:        0.4600	ep_length_mean:          200.0000	episode_length_mean:     199.0000
epsilon:                   0.0500	grad_norm:               529.0300	loss:                      0.8174	q_taken_mean:              2.2444
red_team_alives_mean:     18.6360	red_team_win_mean:         0.0000	return_mean:              -1.3285	return_std:                0.0908
target_mean:               2.2444	td_error_abs:              0.4752	test_blue_team_alives_mean: 20.0000	test_blue_team_win_mean:   0.4000
test_ep_length_mean:     200.0000	test_episode_length_mean:199.0000	test_red_team_alives_mean: 19.6000	test_red_team_win_mean:    0.0000
test_return_mean:         -0.9976	test_return_std:           0.0000	
2026-04-14 05:36:15,107 - my_experiment - bat_IQL_RNN_5M_45 - my_run - INFO - t_env: 4500200 / 5050000
2026-04-14 05:36:15,108 - my_experiment - bat_IQL_RNN_5M_45 - my_run - INFO - Estimated time left: 57 minutes, 53 seconds. Time passed: 8 hours, 8 minutes, 9 seconds
2026-04-14 05:36:16,138 - my_experiment - bat_IQL_RNN_5M_45 - my_run - INFO - Saving models to work_dirs/my_experiment/bat_IQL_RNN_5M_45/my_run/20260413_212758/models/4500200
2026-04-14 05:41:39,900 - my_experiment - bat_IQL_RNN_5M_45 - my_run - INFO - Recent Stats | t_env:    4550000 | Episode:    22750
blue_team_alives_mean:    19.9920	blue_team_win_mean:        0.3440	ep_length_mean:          200.0000	episode_length_mean:     199.0000
epsilon:                   0.0500	grad_norm:               407.9491	loss:                      0.6246	q_taken_mean:              2.2503
red_team_alives_mean:     19.3440	red_team_win_mean:         0.0000	return_mean:              -1.3458	return_std:                0.0712
target_mean:               2.2481	td_error_abs:              0.4152	test_blue_team_alives_mean: 20.0000	test_blue_team_win_mean:   0.4000
test_ep_length_mean:     200.0000	test_episode_length_mean:199.0000	test_red_team_alives_mean: 19.6000	test_red_team_win_mean:    0.0000
test_return_mean:         -0.9976	test_return_std:           0.0000	
2026-04-14 05:41:41,219 - my_experiment - bat_IQL_RNN_5M_45 - my_run - INFO - t_env: 4550200 / 5050000
2026-04-14 05:41:41,220 - my_experiment - bat_IQL_RNN_5M_45 - my_run - INFO - Estimated time left: 54 minutes, 19 seconds. Time passed: 8 hours, 13 minutes, 35 seconds
2026-04-14 05:47:02,917 - my_experiment - bat_IQL_RNN_5M_45 - my_run - INFO - Recent Stats | t_env:    4600000 | Episode:    23000
blue_team_alives_mean:    20.0000	blue_team_win_mean:        0.4080	ep_length_mean:          200.0000	episode_length_mean:     199.0000
epsilon:                   0.0500	grad_norm:               613.0185	loss:                      1.0140	q_taken_mean:              2.2650
red_team_alives_mean:     18.8960	red_team_win_mean:         0.0000	return_mean:              -1.3345	return_std:                0.0803
target_mean:               2.2563	td_error_abs:              0.5074	test_blue_team_alives_mean: 20.0000	test_blue_team_win_mean:   0.4000
test_ep_length_mean:     200.0000	test_episode_length_mean:199.0000	test_red_team_alives_mean: 19.6000	test_red_team_win_mean:    0.0000
test_return_mean:         -0.9972	test_return_std:           0.0000	
2026-04-14 05:47:04,198 - my_experiment - bat_IQL_RNN_5M_45 - my_run - INFO - t_env: 4600200 / 5050000
2026-04-14 05:47:04,199 - my_experiment - bat_IQL_RNN_5M_45 - my_run - INFO - Estimated time left: 48 minutes, 25 seconds. Time passed: 8 hours, 18 minutes, 58 seconds
2026-04-14 05:52:32,833 - my_experiment - bat_IQL_RNN_5M_45 - my_run - INFO - Recent Stats | t_env:    4650000 | Episode:    23250
blue_team_alives_mean:    19.9960	blue_team_win_mean:        0.4040	ep_length_mean:          200.0000	episode_length_mean:     199.0000
epsilon:                   0.0500	grad_norm:               478.7841	loss:                      0.7359	q_taken_mean:              2.2639
red_team_alives_mean:     19.0640	red_team_win_mean:         0.0000	return_mean:              -1.3369	return_std:                0.0816
target_mean:               2.2582	td_error_abs:              0.4434	test_blue_team_alives_mean: 20.0000	test_blue_team_win_mean:   0.4000
test_ep_length_mean:     200.0000	test_episode_length_mean:199.0000	test_red_team_alives_mean: 19.6000	test_red_team_win_mean:    0.0000
test_return_mean:         -0.9972	test_return_std:           0.0000	
2026-04-14 05:52:34,138 - my_experiment - bat_IQL_RNN_5M_45 - my_run - INFO - t_env: 4650200 / 5050000
2026-04-14 05:52:34,138 - my_experiment - bat_IQL_RNN_5M_45 - my_run - INFO - Estimated time left: 43 minutes, 58 seconds. Time passed: 8 hours, 24 minutes, 28 seconds
2026-04-14 05:58:08,564 - my_experiment - bat_IQL_RNN_5M_45 - my_run - INFO - Recent Stats | t_env:    4700000 | Episode:    23500
blue_team_alives_mean:    20.0000	blue_team_win_mean:        0.4480	ep_length_mean:          200.0000	episode_length_mean:     199.0000
epsilon:                   0.0500	grad_norm:               520.9753	loss:                      0.8235	q_taken_mean:              2.2589
red_team_alives_mean:     18.8120	red_team_win_mean:         0.0000	return_mean:              -1.3298	return_std:                0.0918
target_mean:               2.2585	td_error_abs:              0.4737	test_blue_team_alives_mean: 20.0000	test_blue_team_win_mean:   0.4000
test_ep_length_mean:     200.0000	test_episode_length_mean:199.0000	test_red_team_alives_mean: 19.6000	test_red_team_win_mean:    0.0000
test_return_mean:         -0.9962	test_return_std:           0.0000	
2026-04-14 05:58:09,880 - my_experiment - bat_IQL_RNN_5M_45 - my_run - INFO - t_env: 4700200 / 5050000
2026-04-14 05:58:09,881 - my_experiment - bat_IQL_RNN_5M_45 - my_run - INFO - Estimated time left: 39 minutes, 8 seconds. Time passed: 8 hours, 30 minutes, 3 seconds
2026-04-14 06:03:39,931 - my_experiment - bat_IQL_RNN_5M_45 - my_run - INFO - Recent Stats | t_env:    4750000 | Episode:    23750
blue_team_alives_mean:    19.9960	blue_team_win_mean:        0.3040	ep_length_mean:          200.0000	episode_length_mean:     199.0000
epsilon:                   0.0500	grad_norm:               397.7831	loss:                      0.6683	q_taken_mean:              2.2619
red_team_alives_mean:     19.2280	red_team_win_mean:         0.0000	return_mean:              -1.3502	return_std:                0.0698
target_mean:               2.2578	td_error_abs:              0.4195	test_blue_team_alives_mean: 20.0000	test_blue_team_win_mean:   0.2000
test_ep_length_mean:     200.0000	test_episode_length_mean:199.0000	test_red_team_alives_mean: 19.8000	test_red_team_win_mean:    0.0000
test_return_mean:         -0.9953	test_return_std:           0.0000	
2026-04-14 06:03:41,238 - my_experiment - bat_IQL_RNN_5M_45 - my_run - INFO - t_env: 4750200 / 5050000
2026-04-14 06:03:41,238 - my_experiment - bat_IQL_RNN_5M_45 - my_run - INFO - Estimated time left: 33 minutes, 6 seconds. Time passed: 8 hours, 35 minutes, 35 seconds
2026-04-14 06:09:03,906 - my_experiment - bat_IQL_RNN_5M_45 - my_run - INFO - Recent Stats | t_env:    4800000 | Episode:    24000
blue_team_alives_mean:    19.9680	blue_team_win_mean:        0.4880	ep_length_mean:          200.0000	episode_length_mean:     199.0000
epsilon:                   0.0500	grad_norm:               538.6500	loss:                      0.9544	q_taken_mean:              2.2641
red_team_alives_mean:     18.5480	red_team_win_mean:         0.0080	return_mean:              -1.3259	return_std:                0.1019
target_mean:               2.2559	td_error_abs:              0.4886	test_blue_team_alives_mean: 20.0000	test_blue_team_win_mean:   0.4000
test_ep_length_mean:     200.0000	test_episode_length_mean:199.0000	test_red_team_alives_mean: 19.2000	test_red_team_win_mean:    0.0000
test_return_mean:         -0.9819	test_return_std:           0.0000	
2026-04-14 06:09:05,188 - my_experiment - bat_IQL_RNN_5M_45 - my_run - INFO - t_env: 4800200 / 5050000
2026-04-14 06:09:05,189 - my_experiment - bat_IQL_RNN_5M_45 - my_run - INFO - Estimated time left: 26 minutes, 58 seconds. Time passed: 8 hours, 40 minutes, 59 seconds
2026-04-14 06:14:38,173 - my_experiment - bat_IQL_RNN_5M_45 - my_run - INFO - Recent Stats | t_env:    4850000 | Episode:    24250
blue_team_alives_mean:    19.9680	blue_team_win_mean:        0.2800	ep_length_mean:          200.0000	episode_length_mean:     199.0000
epsilon:                   0.0500	grad_norm:               429.8299	loss:                      0.6886	q_taken_mean:              2.2614
red_team_alives_mean:     19.2360	red_team_win_mean:         0.0040	return_mean:              -1.3475	return_std:                0.0765
target_mean:               2.2564	td_error_abs:              0.4321	test_blue_team_alives_mean: 20.0000	test_blue_team_win_mean:   0.4000
test_ep_length_mean:     200.0000	test_episode_length_mean:199.0000	test_red_team_alives_mean: 18.8000	test_red_team_win_mean:    0.0000
test_return_mean:         -0.9794	test_return_std:           0.0000	
2026-04-14 06:14:39,436 - my_experiment - bat_IQL_RNN_5M_45 - my_run - INFO - t_env: 4850200 / 5050000
2026-04-14 06:14:39,437 - my_experiment - bat_IQL_RNN_5M_45 - my_run - INFO - Estimated time left: 22 minutes, 15 seconds. Time passed: 8 hours, 46 minutes, 33 seconds
2026-04-14 06:19:59,511 - my_experiment - bat_IQL_RNN_5M_45 - my_run - INFO - Recent Stats | t_env:    4900000 | Episode:    24500
blue_team_alives_mean:    19.9800	blue_team_win_mean:        0.2080	ep_length_mean:          200.0000	episode_length_mean:     199.0000
epsilon:                   0.0500	grad_norm:               467.5363	loss:                      0.9026	q_taken_mean:              2.2533
red_team_alives_mean:     19.5600	red_team_win_mean:         0.0120	return_mean:              -1.3605	return_std:                0.0597
target_mean:               2.2538	td_error_abs:              0.4679	test_blue_team_alives_mean: 20.0000	test_blue_team_win_mean:   0.4000
test_ep_length_mean:     200.0000	test_episode_length_mean:199.0000	test_red_team_alives_mean: 18.8000	test_red_team_win_mean:    0.0000
test_return_mean:         -0.9794	test_return_std:           0.0000	
2026-04-14 06:20:00,805 - my_experiment - bat_IQL_RNN_5M_45 - my_run - INFO - t_env: 4900200 / 5050000
2026-04-14 06:20:00,806 - my_experiment - bat_IQL_RNN_5M_45 - my_run - INFO - Estimated time left: 16 minutes, 2 seconds. Time passed: 8 hours, 51 minutes, 54 seconds
2026-04-14 06:25:27,123 - my_experiment - bat_IQL_RNN_5M_45 - my_run - INFO - Recent Stats | t_env:    4950000 | Episode:    24750
blue_team_alives_mean:    19.9840	blue_team_win_mean:        0.2160	ep_length_mean:          200.0000	episode_length_mean:     199.0000
epsilon:                   0.0500	grad_norm:               328.5102	loss:                      0.6553	q_taken_mean:              2.2549
red_team_alives_mean:     19.5240	red_team_win_mean:         0.0120	return_mean:              -1.3604	return_std:                0.0645
target_mean:               2.2518	td_error_abs:              0.4060	test_blue_team_alives_mean: 20.0000	test_blue_team_win_mean:   0.4000
test_ep_length_mean:     200.0000	test_episode_length_mean:199.0000	test_red_team_alives_mean: 18.8000	test_red_team_win_mean:    0.0000
test_return_mean:         -0.9784	test_return_std:           0.0000	
2026-04-14 06:25:28,404 - my_experiment - bat_IQL_RNN_5M_45 - my_run - INFO - t_env: 4950200 / 5050000
2026-04-14 06:25:28,404 - my_experiment - bat_IQL_RNN_5M_45 - my_run - INFO - Estimated time left: 10 minutes, 53 seconds. Time passed: 8 hours, 57 minutes, 22 seconds
2026-04-14 06:30:44,095 - my_experiment - bat_IQL_RNN_5M_45 - my_run - INFO - Recent Stats | t_env:    5000000 | Episode:    25000
blue_team_alives_mean:    19.9320	blue_team_win_mean:        0.5120	ep_length_mean:          200.0000	episode_length_mean:     199.0000
epsilon:                   0.0500	grad_norm:               474.9106	loss:                      0.8552	q_taken_mean:              2.2492
red_team_alives_mean:     17.3960	red_team_win_mean:         0.0280	return_mean:              -1.2815	return_std:                0.1385
target_mean:               2.2449	td_error_abs:              0.4813	test_blue_team_alives_mean: 20.0000	test_blue_team_win_mean:   0.6000
test_ep_length_mean:     200.0000	test_episode_length_mean:199.0000	test_red_team_alives_mean: 18.0000	test_red_team_win_mean:    0.0000
test_return_mean:         -0.9682	test_return_std:           0.0000	
2026-04-14 06:30:45,355 - my_experiment - bat_IQL_RNN_5M_45 - my_run - INFO - t_env: 5000200 / 5050000
2026-04-14 06:30:45,356 - my_experiment - bat_IQL_RNN_5M_45 - my_run - INFO - Estimated time left: 5 minutes, 15 seconds. Time passed: 9 hours, 2 minutes, 39 seconds
2026-04-14 06:30:46,409 - my_experiment - bat_IQL_RNN_5M_45 - my_run - INFO - Saving models to work_dirs/my_experiment/bat_IQL_RNN_5M_45/my_run/20260413_212758/models/5000200
2026-04-14 06:36:08,036 - my_experiment - bat_IQL_RNN_5M_45 - my_run - INFO - Recent Stats | t_env:    5050000 | Episode:    25250
blue_team_alives_mean:    19.9480	blue_team_win_mean:        0.4880	ep_length_mean:          200.0000	episode_length_mean:     199.0000
epsilon:                   0.0500	grad_norm:               209.9635	loss:                      0.4697	q_taken_mean:              2.2307
red_team_alives_mean:     17.7280	red_team_win_mean:         0.0120	return_mean:              -1.3019	return_std:                0.1170
target_mean:               2.2288	td_error_abs:              0.3666	test_blue_team_alives_mean: 20.0000	test_blue_team_win_mean:   0.6000
test_ep_length_mean:     200.0000	test_episode_length_mean:199.0000	test_red_team_alives_mean: 18.4000	test_red_team_win_mean:    0.0000
test_return_mean:         -0.9777	test_return_std:           0.0000	
2026-04-14 06:36:09,348 - my_experiment - bat_IQL_RNN_5M_45 - my_run - INFO - t_env: 5050200 / 5050000
2026-04-14 06:36:09,349 - my_experiment - bat_IQL_RNN_5M_45 - my_run - INFO - Estimated time left: -. Time passed: 9 hours, 8 minutes, 3 seconds
2026-04-14 06:36:10,384 - my_experiment - bat_IQL_RNN_5M_45 - my_run - INFO - Finished Training
